:020000040800F2
:1000000000500020C9930008495800084B580008C8
:100010004D5800084F5800085158000800000000D3
:100020000000000000000000000000003191000806
:100030005358000800000000D191000815920008F4
:1000400011940008119400081194000811940008FC
:1000500011940008119400081194000811940008EC
:1000600011940008119400081194000811940008DC
:1000700011940008119400081194000811940008CC
:1000800011940008119400081194000811940008BC
:1000900011940008119400081194000811940008AC
:1000A000119400081194000811940008119400089C
:1000B000555800086558000811940008119400086C
:1000C000119400081194000811940008119400087C
:1000D000119400081194000811940008119400086C
:1000E0001194000811940008119400080000000009
:1000F0000000000000000000000000000000000000
:0C01000000000000000000005FF808F1A3
:100110000348044B834202D0034B03B11847704796
:10012000D8010020D8010020000000000548064B3F
:100130001B1AD90F01EBA301491002D0034B03B1E5
:1001400018477047D8010020D801002000000000A7
:1001500010B5064C237843B9FFF7DAFF044B13B10F
:100160000448AFF300800123237010BDD8010020A4
:10017000000000001494000808B5044B1BB10449AA
:100180000448AFF30080BDE80840CFE7000000005E
:10019000DC0100201494000820F0030110F003009B
:1001A000C0F1000051F8043B00F1040C4FEACC0C04
:1001B0006FF000021CBF22FA0CF213434FF0010C47
:1001C0004CEA0C2C4CEA0C4CA3EB0C0222EA030286
:1001D00012EACC1204BF51F8043B0430F4D0C2F14F
:1001E000000102EA0102B2FA82F2C2F11F0200EB40
:1001F000D200704770B50F4B0F4DAB42A3EB050615
:1002000007D00024B61055F8043B01349847A642A5
:10021000F9D809F0FFF8094D094B5E1BAB424FEAD4
:10022000A60606D0002455F8043B01349847A642A0
:10023000F9D870BD049900080499000804990008D1
:1002400008990008036A70B506460D468468002BBD
:1002500038D0A3891B0714D5236993B1013DA36846
:1002600015F8011F013BA360D9B1002B04DAA26984
:100270009A420FDC0A290DD023685A1C226019709B
:10028000EDE72146304601F0F7FE0028E6D04FF0BA
:10029000FF3070BD2246304602F02EFC0130DED128
:1002A000F5E7002B08DA22460A21304602F024FC4A
:1002B0000130ECD00A2070BD0A222368591C21604D
:1002C0001A70F7E700F0F4F8C3E700BF024B0146ED
:1002D0001868FFF7B7BF00BF0C0000200020704770
:1002E000024A0349034801F0A5BE00BF00000020F8
:1002F000B5060008100000200C4B416810B599426B
:10030000044601D000F0D6F9A168094B994202D009
:10031000204600F0CFF9E168064B994204D0204610
:10032000BDE8104000F0C6B910BD00BFF4010020C8
:100330005C020020C4020020002070472DE9F84331
:1003400000250423294C2A490822C4F8381104F155
:100350005C002946DFF89C90DFF89C80274F284EF0
:10036000C4E90335C4E90055C4E90555A5606566CF
:1003700000F0C6F8234B0822294604F1C400636745
:10038000C4E90849C4E90A87C4E91A55C4E91E55F5
:1003900026632567C4F8CC50C4F8805000F0B0F84C
:1003A000194B2946C4F8DC30082204F1680304F52F
:1003B0009670C4F88830C4E92398C4E92576C4E966
:1003C0003455C4E93855C4F8D850C4F83451C4F889
:1003D000E85000F095F804F1D003C4E93D98C4E971
:1003E0003F76C4F8F030BDE8F88300BFF401002088
:1003F000E1020008D5360008FD3600083D37000848
:10040000613700080900010012000200F8B5254B11
:100410000646D3F83831002B3CD0234FD7E90134BE
:10042000013B04D51DE05A1C04F1680419D0B4F94D
:100430000C50013B002DF6D11C4B08222946C4E983
:100440000155C4E90455E36065662560A56104F1C2
:100450005C0000F055F8C4E90D55C4E9125520467A
:10046000F8BD3D680DB12F46D8E74FF4D671304640
:1004700000F008FD044680B10423056029462546A6
:100480000C304FF4D072A060636000F039F83C602B
:100490002F46C3E7FFF752FFBFE70C2338603360F6
:1004A000DDE700BFF4010020000000200100FFFF95
:1004B000036A03B17047044B044AD3F8383102622F
:1004C000002BF7D13AE700BFF4010020F902000841
:1004D000704700BF704700BF0020024A024901F088
:1004E000A9BD00BF00000020DD0200080020024A74
:1004F000024901F09FBD00BF000000203903000841
:1005000070B5860747D0541E002A3ED00346CAB2B3
:1005100001E0013C39D303F8012B9D07F9D1032CED
:100520002CD9CDB205EB05250F2C1A4605EB054558
:1005300034D9A4F1100C2CF00F0603F1100EB644C0
:100540004FEA1C1CC2E90055C2E90255103272453F
:10055000F8D10CF1010214F00C0F03EB021204F0BD
:100560000F0C13D0ACF1040323F003030433134442
:1005700042F8045B9342FBD10CF003042CB1C9B2E6
:100580001C4403F8011BA342FBD170BD6446134613
:10059000002CF4D1F9E703461446C0E7A446E1E78E
:1005A000F8B5B1F90C300C461E07074639D44A6835
:1005B000002A53DDE56A002D31D000223E683A6002
:1005C00013F48052216A55D101233846A847451CAF
:1005D000024663D0B4F90C30E56A216A580705D5A4
:1005E0006368D21A636B0BB1236CD21A00233846AE
:1005F000A847421C40D00022236962602360A3897F
:10060000DB0400D56065616B3E6041B104F14403D9
:10061000994202D0384601F0AFFC0023636300200A
:10062000F8BD0E69002EFAD09B0718BF00230D6895
:1006300008BF4B690E60AD1B8B600CE02B46324649
:10064000D4F828C03846216AE047B0F1000CA5EB89
:100650000C05664406DD002DF0DCE0E70A6C002A9C
:10066000A8DCDCE7B4F90C3043F040034FF0FF3076
:10067000A381F8BD626DB1E73968B4F90C301D296A
:10068000F2D80B4ACA40D507EED500226260226933
:100690002260DA04B7D50029B4D0B4E73B68002B58
:1006A00098D01D2B01D0162BDCD13E60B7E700BFE0
:1006B000010040200B69B3B110B5044682B008B107
:1006C000036A5BB1B1F90C3013B9002002B010BD60
:1006D000204602B0BDE81040FFF762BF0191FFF76E
:1006E000E7FE0199EEE70020704700BFB8B138B5CA
:1006F0000D4A0369044615682BB10DB12B6A53B13D
:10070000B4F90C300BB9002038BD21462846BDE8AD
:100710003840FFF745BF2846FFF7CAFEF0E7034A17
:100720000349044801F086BC0C00002000000020B2
:10073000B506000810000020014B1868704700BF84
:100740000C0000202DE9F04D002B88B014461D460A
:10075000109E1299DDF8508041DB0022B8F1650F40
:100760000A7039D040DCB8F1450F35D0B8F1460FEA
:100770005FD103230093139B2246CDE9016307ABAE
:10078000049306AB03932B4600F09CFC074628F02D
:100790002003462B07EB060805D13B78302B3CD0D5
:1007A000139B1E68B044204629460022002304F013
:1007B000E5F800283BD1079B984506D930215A1C03
:1007C00007921970079B4345F9D33846159ADB1BEE
:1007D000136008B0BDE8F08D02230136CAE703F1CB
:1007E000004B2D225D46B9E7B8F1660FC1D0139BCF
:1007F0002246CDE901630223009307AB049306ABC5
:1008000003932B4600F05EFCB8F1670F0746BED19C
:10081000119BDB0721D4079BD7E70022002320464A
:10082000294604F0ABF8D8B1139B1B6898444346A3
:10083000CBE7139B2246CDE901630223009307AB6C
:10084000049306AB03932B4600F03CFCB8F1470F32
:1008500007469CD1119BDB07DDD507EB0608A2E715
:10086000139BC6F101061E609CE700BF0029B4BFC0
:100870002D232B2330B5B8BF4942092983B002701C
:1008800043702CDD0DF107042346194D8C461A46A2
:10089000A5FB01E3DB0803EB830EA1EB4E0101F1A5
:1008A000300EBCF1630F194602F801EC02F1FF3380
:1008B000ECDC303103F8011C931EA34200F1020569
:1008C0000AD2411C13F801CBA34201F801CFF9D1A0
:1008D0000DF109039B1A1D44281A03B030BD3023C3
:1008E000051D1944C1708370281A03B030BD00BFC4
:1008F000CDCCCCCC2DE9F04F91B00C46DDF8688022
:1009000016461F46054602F031FF036818460A9353
:10091000FFF742FC00230E93D8F800300B9007330A
:1009200023F0070303F10802D4F800A094F818B0EC
:10093000C8F80020D3E9008929F000430993CDF8D5
:1009400020804FF0FF32DDE90801C4E91289A04B95
:1009500004F046F840B9DDE908014FF0FF329C4B46
:1009600004F020F8002877D042464B4640464946DE
:1009700004F036F8002840F03B8263684AF4806156
:100980005A1C0BF0DF0A35D0BAF1470F00F028816E
:10099000009321600191002106910EA905910DA9F6
:1009A00003910DF1330142464B462846CDF810B075
:1009B0000291FFF7C7FE8046BBF1650F0D993AD94A
:1009C000BBF1660F00F02E810E9B8B4240F3358108
:1009D0000029CCBF0122C1F10202134423614FF070
:1009E000000AA1659DF83330002B4DD02D2384F8EB
:1009F000433049E0216001910021062006910EA9B3
:100A0000CDF810B0606005910DA903910DF133018F
:100A1000424600904B4628460291FFF793FEBAF1FA
:100A2000470F8046C8D10D99C81C80F2F480ABF105
:100A3000020B5FFA8BFB5A46013904F150000D910D
:100A4000FFF714FF0E9A82461318012A236140F320
:100A5000428101332361C5E7404649460022002315
:100A600003F096FF10B12D2384F843302AF00403DD
:100A700023600323574A2361574B4FF0000ABBF111
:100A8000470F8CBF9046984633462146284600972C
:100A90000FAA01F0D9FB013023D0236858052BD4CD
:100AA0004246314628462369B847013019D02268AA
:100AB0009207E0680F9B19D5984217DD4FF00008A8
:100AC00004F1190904E0E0680F9BC21A42450DDDEC
:100AD00001234A4631462846B847013008F101084B
:100AE000F1D14FF0FF3011B0BDE8F08F9842B8BFA0
:100AF000184611B0BDE8F08FBBF1650F33D9D4E9CA
:100B000012010022002303F039FF002800F09D802D
:100B1000012331462846314AB8470130E1D0DDE9AA
:100B20000D3A534502DB2268D107C1D5DDE90A231E
:100B300031462846B8470130D3D0BAF1010FB6DDAF
:100B40004FF000080AF1FF3A04F11A0901E0D0451C
:100B5000ADD001234A4631462846B847013008F156
:100B60000108F4D1BDE7DDF83890B9F1010F40F389
:100B70009D800123424631462846B8470130B0D017
:100B8000DDE90A2331462846B8470130A9D0D4E927
:100B900012010022002309F1FF3B03F0EFFE0028C1
:100BA00000F09E80B9F1010F40F38B804FF00008F8
:100BB00004F11A0902E0D84500F0838001234A4677
:100BC00031462846B847013008F10108F3D188E7DB
:100BD000FFFFEF7F8897000884970008949700082C
:100BE0000BB90123636000932160019100210691FC
:100BF0000EA905910DA903910DF133014246029111
:100C00004B462846CDF810B0FFF79CFD0D99804665
:100C1000C81CFFF60CAF636899423FF708AF4FF06E
:100C2000670BD1E6002963685EDD2161002B00F0CF
:100C30008D8001330B442361D1E623682161DB07FA
:100C40007FF5CDAE4B1C2361C9E60D9B002B52DD19
:100C50000E9BD4F858B099465B45A8BFD946B9F168
:100C6000000F089309DD4B46424631462846B847F7
:100C700001303FF436AFD4F858B029EAE972934511
:100C800071DD4FF0000A934604F11A0904E0A36DE8
:100C9000A3EB0B02524565DD01234A463146284647
:100CA000B84701300AF1010AF1D11AE7D9073FF537
:100CB00060AF4246012331462846B84701303FF431
:100CC00010AF53463146284604F15002B847013070
:100CD0007FF4EDAE05E72268D2077FF583AEB8E674
:100CE0005B4608F10102E6E7002B34D12268D20707
:100CF00031D4012372E60123314628464B4AB847D6
:100D000001303FF4EEAEDDE90D3A5AEA030324D098
:100D1000DDE90A2331462846B84701303FF4E1AE09
:100D20000D9B002B79DA4FF0000B04F11A0903E058
:100D30000D9B5B425B4570DD01234A4631462846E8
:100D4000B84701300BF1010BF2D1CAE62268D00797
:100D50007FF545AE6DE7023340E62268D3077FF5A5
:100D6000A7AED5E79B460D9B089A9A4202DC226803
:100D7000D00708D5DDE90A2331462846B8470130B7
:100D80003FF4AFAE0D9B089AA2EB0B0AD31A9A451B
:100D9000A8BF9A46BAF1000F91460BDD5346314683
:100DA000284608EB0B02B84701303FF49AAE4A469A
:100DB0000D9BD31A2AEAEA7A53457FF778AE4FF0B3
:100DC0000008DDF820B004F11A0907E00D9BABEB39
:100DD0000303A3EB0A0343457FF769AE01234A46A9
:100DE00031462846B847013008F10108EED178E6CF
:100DF0004B46002BBCBF2D2384F843302AF004035C
:100E0000236003230A4A23610A4B4FF0000ABBF117
:100E1000470F8CBF9046984636E6534642463146C9
:100E20002846B84701307FF442AE5AE6949700084E
:100E3000909700088C97000870B5114E05463368EE
:100E40000C46BBB12146284602F032FC431C014649
:100E50000CD0C41C24F00304A04205D02846611A1B
:100E600002F026FC013001D0204670BD4FF0FF3467
:100E7000204670BD194602F01BFC3060E2E700BF5F
:100E8000300300202DE9F843CD1C25F0030508357B
:100E90000C2D38BF0C25002D064618DBA94216D8AC
:100EA000DFF8DC8001F0A4FBD8F80420A2B11446DE
:100EB00003E0636822467BB11C4623685B1BF8D4C1
:100EC0000B2B1FD89442636854D053600CE00C2362
:100ED00033600020BDE8F88329463046FFF7ACFFB9
:100EE000431C044619D00560304601F083FB04F131
:100EF0000B00231D20F00700C21A1CBF1B1AA350B1
:100F0000BDE8F88361199442256014BF5160C8F8A8
:100F10000410635163684B60E6E7D8F804701FB3B0
:100F20003C467F68002FFBD123683946304604EBEE
:100F3000030902F0BDFB814516D123683046ED1A46
:100F40002946FFF779FF01300ED02368D8F8042036
:100F50002B442360536883B1A34203D01A465B68D5
:100F60009C42FBD10023B0E70C233046336001F0F4
:100F700041FBAEE7C8F80430B6E7C8F80470B3E741
:100F800030030020000000002DE9F04F03690C69D8
:100F900085B0A342C0F291808146013C01F1140565
:100FA00009F1140855F8243058F824C001339C4541
:100FB000BCFBF3F64FEA840005EB840708EB8402E0
:100FC00043D34FF0000CAA46CDE90105C64663465F
:100FD00065469346CDF80C805AF8040BDEF80020E5
:100FE0001FFA80FC06FB0C554FEA10484FEA154CDF
:100FF00006FB08CCADB290B2401B18441FFA8CF32C
:10100000C3EB204303EB124380B240EA0340574551
:101010004EF8040B4FEA1C454FEA2343DCD2DDE9CE
:101020000105DDF80C8058F8003073B9ABF104020B
:10103000904504D307E0904504F1FF3403D252F801
:101040000439002BF7D0C9F81040484602F0CEF81A
:1010500000282EDB4146002255F8040BD1F800C0D1
:101060001FFA80FE1FFA8CF3A3EB0E031344020C4D
:10107000C2EB234202EB1C429BB243EA0243AF4263
:1010800041F8043B4FEA2242E6D258F8242008EB0C
:1010900084036AB9043B434504D807E0984504F14A
:1010A000FF3403D253F80429002AF7D0C9F81040BE
:1010B0000136304605B0BDE8F08F002005B0BDE830
:1010C000F08F00BF2DE9F04F16461F46C5699DB051
:1010D000CDE90667299C0390002D00F0B2832968B2
:1010E00051B101236A6893404A608B6001F0B8FDFA
:1010F0000022039BDB691A60B7F10009B4BF01232A
:1011000000232360784BBCBF29F00049CDF81C9028
:1011100033EA090300F0AE80DDE9063418462146C3
:1011200000220023CDE9040103F028FC804668B1C9
:101130000123289A13602A9B13B16C4B2A9A1360DF
:101140006B4B089308981DB0BDE8F08F1AAB019364
:101150001BAB00930398DDE9042302F0A5F95FEAD5
:101160001955824640F09C80DDE91A85454405F218
:101170003243202B40F39983C3F1400309FA03F96A
:1011800005F2124326FA03F349EA030003F014F9C7
:101190000123013D1193A1F1F8710022554B02F09A
:1011A000CDFF4BA3D3E9002303F080F94AA3D3E991
:1011B000002302F0C5FF064628460F4603F00CF94F
:1011C00047A3D3E9002303F071F902460B463046EA
:1011D000394602F0B5FF06460F4603F017FC002221
:1011E0000446099000233046394603F0D1FB00281D
:1011F00040F03483099CA8EB0508162C08F1FF3B4E
:1012000000F21383DDE904013B4B03EBC403D3E994
:10121000002303F0BDFB002874D0631E0993002354
:10122000BBF1000F1093C0F2068300230B93099BC0
:10123000002B6DDA099B0B9A0E93D21A5B420F9327
:1012400000230993269B0B92092B69D8052BC4BF59
:10125000043B2693269BC8BF0025A3F10203D8BFF9
:101260000125032B00F24C86DFE813F07A047704A3
:101270006E04500442F20F73289AC9F3130959EA15
:10128000060913601CD12A9B002B00F02F861B4BF4
:10129000089308332A9A089813601DB0BDE8F08FB0
:1012A000DDE90412C2F31303084643F07F51CDF881
:1012B0004480A5F2FF35DDF8688041F440116CE709
:1012C0002A9B002B40F0FE830D4B08933AE700BFAA
:1012D00061436F63A787D23FB3C8608B288AC63F3C
:1012E000FB799F501344D33F0000F07F959700088F
:1012F000949700080000F83FB09400089897000801
:10130000A4970008B8F1000F40F3AF8410900B9041
:10131000099B9B440E9300230F93269B092B95D981
:10132000002326934FF0FF3301250A9300230C95E9
:1013300027930021039BDB6959600A9B189303984C
:1013400001F04EFC0890002800F0E385039B089A0A
:10135000DB691A600A9B0E2B00F20D81002D00F054
:101360000A810E99002940F34E84AE4B01F00F0222
:1013700003EBC2030A46D3E90067D2054FEA211501
:1013800040F11084DDE90401A74B4FF00309D3E9D4
:10139000082303F0B5F9CDE9120105F00F058DB171
:1013A000DFF88482EB0709D5D8E9002330463946B7
:1013B00003F07CF806460F4609F101096D1008F1AB
:1013C0000808EFD1DDE912013B46324603F098F9F7
:1013D00007468846109B43B1002238464146934B4E
:1013E00003F0D6FA002840F01285484602F0F4FFD8
:1013F0003A46434603F05AF88D4B002202F0A0FE15
:101400000A9B0446A1F15075002B00F09D800E9BB5
:1014100019930A9B12934146384603F0F7FA129942
:10142000804BCDE9144503EBC10353E90234054673
:10143000CDE9163402F0D0FF0B460246414638464D
:1014400002F07CFE089F0C9B30357E1CECB280467F
:1014500089463546002B00F06B84DDE91623002019
:10146000744903F04DF9DDE9142302F067FE3C7086
:1014700042464B4604460D4603F0A8FA002840F0C9
:10148000B984CDF858B0CDF850A0AB460027A2469D
:10149000129D2AE00137AF4280F20185504659463D
:1014A0000022654B03F002F80022634B82468B4614
:1014B0004046494602F0FAFF8946804603F0A6FA04
:1014C000044602F089FF02460B464046494602F0B8
:1014D00035FE303452465B4606F8014B804689465D
:1014E00003F056FA002840F0D78442464B460020CD
:1014F0004E4902F023FE52465B4603F049FA0028AB
:10150000C8D0199B3746DDF850A0089A03F10108AE
:1015100002E0974200F0A1843E4617F8013D392BC6
:10152000F7D00133DBB245463B706DE1484602F02F
:1015300053FF3A46434602F0B9FF00223C4B02F00B
:10154000FFFD0446A1F15075384600223B4B414651
:1015500002F0F4FD22462B4606460F4603F036FA0B
:10156000002840F0898430463946224605F1004380
:1015700003F00EFA28BB1B9B002BC0F291800E9A41
:101580000E2A00F38D80274B0E9A03EBC203D3E99A
:101590000034CDE90634279B002B19DA0A9B002B77
:1015A00016DC0ED1DDE906010022244B02F07EFF9D
:1015B00002460B46DDE9040103F0F4F9002800F0CF
:1015C0005B8400231F46089E0493279BDD4340E273
:1015D000089B5D1CDDE90678DDE904013A464346D7
:1015E00003F08EF803F012FA064602F0F5FE3A46D2
:1015F000434602F05BFF02460B46DDE9040102F0C0
:101600009DFD089A06F1300313700A9B2F46012BAB
:1016100000F036830125CDF810A0A846DDE906AB21
:1016200099462BE0B0940008A09500080000F03F18
:1016300000001C400000E03F000024400000144077
:1016400052465B462046294603F05AF803F0DEF97D
:10165000064602F0C1FE52465B4602F027FF08F143
:1016600001080B4602462946204602F067FD06F1B6
:101670003003C84507F8013B00F0008300228D4B82
:1016800002F014FF0022002304460D4603F076F911
:101690000028D5D00E9D3E46DDF810A00135B3E000
:1016A0000C9A002A40F0EE8000231F460F9E0B9DEF
:1016B0000C9365B1BBF1000F09DD5D452B46A8BF5A
:1016C0005B460B9AED1AD21A0B92ABEB030B0F9BF6
:1016D00053B10C9B13B1002E40F00B8351460F9A6F
:1016E000039801F09FFC82460121039801F0D2FB90
:1016F000099B0490002B40F0D081269B012B40F3E6
:10170000E6810120584410F01F0000F0B480C0F1C1
:101710002003042B40F3F5810B9BC0F11C00034414
:101720000B93054483440B9B002B05DD51461A4661
:10173000039801F0E7FC8246BBF1000F05DDDDE90F
:1017400003015A4601F0DEFC0490109B002B40F090
:1017500089810A9B002B40F361810C9B002B40F098
:10176000B8800E9D01350126DDF82080049CDDF84F
:1017700028B0DDF80C9007E0514600230A224846C5
:1017800001F092FA8246013621465046FFF7FCFBF3
:10179000B34500F1300008F8010BEDDC0A9B8146EF
:1017A000002BCCBF1E4601260024089B03EB060B32
:1017B00051460122039801F0A5FC0499824601F0EC
:1017C00015FD002840F30282089A02E0934500F0DC
:1017D00015821BF8013C5E46392B0BF1FF3BF5D01F
:1017E00001338BF80030DDE90381404601F038FA1F
:1017F00057B12CB1BC4203D02146404601F030FA2B
:101800003946039801F02CFA5146039801F028FA62
:1018100000233370289B1D602A9B002B3FF492AC61
:1018200008981E601DB0BDE8F08F0123BBF1000FCA
:101830001093BFF6FAACC8F101034FF0000B0B9305
:10184000F5E4102000F0F0FC039BD861002800F0C4
:101850005183C0E90055C0E902554DE4204602F02D
:10186000BBFD32463B4603F089F800287FF4C2AC4A
:10187000631E0993BEE41C230B9A1D441A440B9269
:101880009B4450E7269A012A40F3AB810A9A0F9BAA
:10189000561EB342C0F26781002AA3EB060680F20F
:1018A000EF82DDE90A239D1A6AE1C3F1200306FAFB
:1018B00003F06BE400002440394600230A22039819
:1018C00001F0F2F9189B0746002B40F302830E96B5
:1018D0000A93002D05DD39462A46039801F012FCD3
:1018E0000746099B002B40F0E881B846089B0A9CFC
:1018F0001E46013B1C44069B03F00103CDE90A434D
:10190000039C04995046FFF73FFB394683465046F7
:1019100001F06CFC049905464246204601F086FC25
:10192000C36801460BF13009ABBB0990504601F08A
:101930005DFC09990990204601F092F9099A002A64
:1019400054D1269B1BB90B9B002B00F0AE82002DBF
:101950003FDBB3460A9B0BF8019BB34200F0C48106
:10196000514600230A22204601F09EF9474582464F
:1019700039464FF000034FF00A02204630D001F004
:1019800093F9414600230A220746204601F08CF9CC
:101990005E468046B5E7039801F062F9002D06DB4C
:1019A000069B03F00102269B1D432A4329D1514681
:1019B0000122039801F0A6FB0499824601F016FC6F
:1019C000002840F3F780B9F1390F00F04B820BF19A
:1019D00031090E9D3C460135474606F8019B02E75A
:1019E00001F062F95E46074680468AE7002DC0F2A4
:1019F000A282269B1D430B9B1D4300F09C82002A64
:101A0000A7DDB9F1390F00F02D820E9D09F1010318
:101A10003C460135474606F8013BE4E6269B022B8F
:101A20007FF79BAE0A9B002B40F02681052204998C
:101A3000039801F039F901460490504601F0D6FBB5
:101A4000002840F3198131230E9D089E013506F8C8
:101A5000013BDDE9030101F003F90135002F7FF4BB
:101A6000CFAED1E65046049901F0C0FB0028BFF686
:101A700070AE514600230A2203980E9C01F014F91F
:101A80000C9B8246661E002B7FF416AF189B002B22
:101A900040F312820E9D0A9365E601461A460398AA
:101AA00001F0C0FA269B0490012B6FDD00230993FF
:101AB000049A136902EB8303186901F09BF9C0F1E2
:101AC00020001FE6964B08930333FFF7E3BB069B0A
:101AD000002B7FF416AEDDE90612C2F31303002BD0
:101AE0007FF40FAE8F4B13402BB10B9B0BF1010B0F
:101AF00001330B930123099A0993002A3FF401AEA5
:101B0000D6E73FF410AEC0F13C03B5E601230C93D9
:101B1000279B0E9A134418930133012B1F46B8BF1D
:101B200001270A93039B172FDE6940F200820122EE
:101B300004235B0003F11400B842114602F10102D4
:101B4000F7D97160FFF7FBBB01230C93279B002B98
:101B500037DD1F4618930A93E4E700230C93D7E779
:101B600000230C93F2E70F9B0F96F31A0026099AB5
:101B70001A4409920B9B0A9A1D46134493440B93F3
:101B80000121039801F086F9074692E5069B002B98
:101B90008CD1DDE90601C1F313030A46002BA1D065
:101BA000099085E7DDE904344FF00209CDE91234EC
:101BB000FFF7F5BB7FF40DAF19F0010F7FF403AF12
:101BC00007E7012327930A93FFF7B3BB03D119F06B
:101BD000010F7FF4F9AD5E461BF8013D302BFAD0C2
:101BE00001E6119A002A00F0088103F233430B9AB0
:101BF0000F9E15461A449B440B92C1E73123089A65
:101C000001351370EFE500F0FC80DDE904010E9A68
:101C1000454B554205F00F0203EBC203D3E9002305
:101C200002F044FC2D11CDE9120100F0598100238E
:101C30004FF00209074688463C4EEC070AD5D6E924
:101C400000233846414602F031FC0123074688460E
:101C500009F101096D1006F10806EED1002B7FF4A1
:101C6000B9ABDDE91278FFF7B5BBC8F101038346D4
:101C70000B931090FFF74CBB089EA6E4DDF810A074
:101C800002460B4602F05CFA02460B460E9DCDE979
:101C90000423DDE906230135A84602F097FE40B98A
:101CA000DDE90623DDE9040102F068FE18B1F00762
:101CB00001D5089A30E43E46A6E50398796800F01D
:101CC0008FFF0546002800F02B813B6907F10C01CE
:101CD00002339A000C3000F031FA012229460398B1
:101CE00001F010FA804601E60E9D3C46013547465C
:101CF0005EE5039C39463246204601F093F90746DB
:101D000052463946204601F0DBF8514682462046CD
:101D100000F0A6FF0F9B9B1B0F933FF4E5ACDDE4A7
:101D2000A49700080000F07FB0940008A095000878
:101D3000DDE91623DDE9140102F0B8FB089BCDE9CB
:101D40000C011C70129B012B00F0C180129F089B9C
:101D500011961F440022804B4046494602F0A6FBE4
:101D60000D46044602F052FE814602F035FB024663
:101D70000B462046294602F0E1F909F1300906F840
:101D8000019BB74280468946E4D1119D0022DDE9DE
:101D90000C01724B02F0D4F902460B46404649460C
:101DA00002F014FE002871D1DDE90C2300206B49FC
:101DB00002F0C4F902460B464046494602F0E8FDEF
:101DC00088B91B9B002BFFF66FAC0E9B0E2B3FF7C9
:101DD0006BAC634B0E9A03EBC203D3E90034CDE93D
:101DE0000634FFF7F7BB17F8013C3E46302B07F1EE
:101DF000FF37F8D0199D013506E51A9BC3F136036C
:101E0000F5E64FF00209DDE90478FFF7E3BA0A9B33
:101E1000002B3FF48BAB189C002C7FF7ACAB0E9BD8
:101E20003846013B4146002219934B4B02F03EFBE2
:101E300002468846174609F1010002F0CDFA3A46FB
:101E4000434602F033FB0022464B02F079F912942C
:101E5000A1F150750446FFF7DEBA312308F10108FD
:101E6000FFF761BBB34639230E9D3C46089A4746AF
:101E700001350BF8013BACE400231F460493E2E577
:101E80000B9B93441D4613440B9379E6199B089AC8
:101E900003F10108FFF740BBDDF850A0AAE7DDF829
:101EA00058B0DDF850A0FFF766BBB9F1390FD9D0B3
:101EB000002D3FF78CAD8CE5269B022B03DC189B95
:101EC0000E9D0A934FE4189B0E960A93AAE5374697
:101ED0005CE7269B022BF6DC189B0E960A93F8E42F
:101EE0004FF00209DDE91278FFF774BA1E4B089330
:101EF000FFF728B90246EF211C4B1D4800F04AFEAF
:101F0000002503982946C3695D6000F069FE0890CA
:101F1000A8B9002240F2AF11164B154800F03AFE66
:101F2000024640F2EF21134B114800F033FE00212E
:101F30007160FFF704BA002A3FF739AD49E5039B0A
:101F40000899DB694FF0FF32196001232795189239
:101F50000C930A92FFF70FBB000024400000E03F03
:101F6000B094000800001C4098970008A89700084B
:101F7000C0970008EC970008002950D038B551F8F8
:101F8000043C0C1F002BB8BFE418054600F030FBE2
:101F9000274A13682BB1A3420CD9216860188342E9
:101FA0002CD0284663601460BDE8384000F022BBA6
:101FB000A3420FD81A465B68002BF9D1116850185C
:101FC000844217D02CD3636054602846BDE8384063
:101FD00000F010BB11685018A04214D020D821681E
:101FE00060188342EFD118685B680844C4E90003B5
:101FF0005460EAE723680B441360E6E718685B68FF
:1020000008442060CDE720680144501883421160E5
:10201000DBD1D3E900040144C2E90014D5E77047DD
:102020000C2328462B60BDE8384000F0E3BA00BF1F
:10203000340300202DE9F8434FF0000980460F4695
:102040001646D6E90154013D10D4A389012B08D9C5
:10205000B4F90E30013304D021464046B84749EA6E
:102060000009013D6B1C04F16804EED13668002EB6
:10207000E7D14846BDE8F88338B52F4B05461B68C5
:102080000C4613B11A6A002A4BD0B4F90C30180769
:102090001CD5226922B313F0010107D00020616929
:1020A000A0604942A1613AB1002038BD980758BFED
:1020B0006169A160002AF7D1190658BF1046F4D50E
:1020C00043F04003A3814FF0FF3038BDD9062CD533
:1020D0005A0712D4226943F00803A381002ADAD1F7
:1020E00003F42071B1F5007FD5D02146284600F0D9
:1020F00083FAB4F90C302269CDE7616B51B104F178
:102100004402914204D02846FFF736FFB4F90C3060
:10211000002262630021226923F02403C4E9002124
:10212000D9E71846FEF7C4F9AFE7092243F04003A8
:102130002A60A381C7E700BF0C000020844641EA63
:10214000000313F0030349D1403A23D30B68036023
:102150004B6843608B688360CB68C3600B69036125
:102160004B6943618B698361CB69C3610B6A03620D
:102170004B6A43628B6A8362CB6AC3620B6B0363F5
:102180004B6B43638B6B8363CB6BC36340304031DA
:10219000403ADBD230320BD30B6803604B684360AC
:1021A0008B688360CB68C36010301031103AF3D273
:1021B0000C3205D351F8043B40F8043B043AF9D201
:1021C000043208D0D2071CBF11F8013B00F8013BD4
:1021D00001D30B8803806046704700BF082A13D3E1
:1021E0008B07B1D010F00303AED0C3F10403D21AB1
:1021F000DB071CBF11F8013B00F8013BA4D331F809
:10220000023B20F8023B9FE7043AD9D3013A11F888
:10221000013B00F8013BF9D20B7803704B78437017
:102220008B78837060467047024B01461868FEF752
:1022300029BE00BF0C000020024B01461868FFF7C2
:102240009BBE00BF0C0000202DE9F84F92461F46B0
:102250000A698B680C469A42B8BF1A46CAF8002031
:1022600091F843300646DDF8289013B10132CAF8E0
:102270000020226891065FD5DAF800300233CAF8F0
:102280000030226812F0060F11461DD1E168994214
:10229000D8BF114618DD4FF0000804F1190B05E016
:1022A000E568DAF80030ED1A45450CDD01235A46A1
:1022B00039463046C847013008F10108F0D14FF0E7
:1022C000FF30BDE8F88F216894F84330003B18BF19
:1022D00001238A060AD53021E21882F8431094F8C7
:1022E00045105A1C2244023382F8431039463046C6
:1022F00004F14302C8470130E1D0D4E90220236849
:10230000DAF8005003F00603042B21691BD08A423F
:1023100020DD4FF00008521A904400251A3401E0E5
:10232000454517DA0123224639463046C847013071
:1023300005F10105F4D1C2E712F0060F0DD0003B04
:1023400018BF0123D2E7401B8A4220EAE078E2DC92
:102350000028E2DC0020BDE8F88FE168DAF8003000
:102360009942D8BF114696DCAEE700BF2DE9F04791
:1023700017460A7E84B00C46064698460C9D01F12D
:10238000430C002A35D0A2F15803D9B2202969D8CC
:10239000202B67D8DFE813F0E600660066006600D1
:1023A0006600660066006600660066006600AC00B7
:1023B00070006600660066006600700066006600D9
:1023C0006600660021008300C60066006600B60055
:1023D0006600830066006600EC002B682268181D0A
:1023E0006169286010061B6802D4520600F1E08083
:1023F00019600023E14623613B4621463046CDF873
:10240000008003AAFFF720FF013020D04A4639465A
:1024100030462369C047013019D02368E0689B0724
:10242000DDF80C9018D5484516DD002504F1190A91
:1024300004E0E068A0EB0903AB420DDD0123524646
:1024400039463046C047013005F10105F1D14FF062
:10245000FF3004B0BDE8F0874845B8BF484604B037
:10246000BDE8F087012084F8422004F142090023EE
:10247000206184F84330BFE72A682368111D1806DD
:10248000296002D4590600F19580106801460028A1
:102490006268C0F293804FF00A0E534815E020683E
:1024A0002B6810F0800F53F8041B02D1400648BF80
:1024B00089B26F2A14BF4FF00A0E4FF0080E4A4837
:1024C0002B600023626884F84330002AA26051DB4D
:1024D000236823F00403236000294BD1002A7BD119
:1024E000E146BEF1080F56D0ACEB0903236183E748
:1024F0002A680120116804322A6004F1420984F834
:102500004210B4E72B6800211A1D2A60D3F800900E
:102510006268484600F0F8F8002863D0A0EB090094
:102520006060A4E7236843F02003236078222F48EB
:1025300084F845202A6813F0800F52F8041B03D159
:1025400013F0400F18BF89B22A60DA0744BF43F086
:102550002003236019B9236823F0200323604FF080
:10256000100EAEE75823204884F845302368E1E791
:102570002368DBE77546E146B1FBF5F30A4605FB48
:10258000131A194610F80A30AA4209F8013DF3D28D
:10259000BEF1080FA8D12368DD07A5D562682369BD
:1025A0009A42A1DC302309F1FF3989F800309BE71A
:1025B00019801EE7B2F90010084668E72D20002AAE
:1025C000A26084F8430002DB23F0040323600A25A1
:1025D0000548AE464942CEE7037804F1420984F843
:1025E00042307EE7606842E70098000814980008CF
:1025F000704700BF704700BF70B5B1F90C300C4692
:10260000990796B007D5012204F14703C4E90432C3
:10261000236016B070BDB4F90E100546002929DB01
:102620006A4601F04FFB002822DB4FF48061284608
:10263000019EFEF727FC88B3A38906F4704643F099
:102640008003A3814FF48063B6F5005FC4E90403FF
:102650002060DED12846B4F90E1000F0C5F800283D
:10266000D7D0A38923F0030343F00103A381D0E76C
:10267000B4F90C3013F0800F14BF40264FF480667D
:1026800028463146FEF7FEFB40B1A389C4E90406A3
:1026900043F080032060A38116B070BDB4F90C3004
:1026A0009A05B6D4012123F0030304F1470243F055
:1026B0000203C4E90421A3812260AAE770B50C4695
:1026C000B1F90E10154600291E4696B00FDB6A467A
:1026D00001F0F8FA00280ADB019B4FF4806203F452
:1026E0007043A3F50053B3FA83F35B0907E0A289B3
:1026F000002312F0800F14BF40224FF480620020AC
:1027000033602A6016B070BD5FFA81FC810744D047
:102710000346511E22B909E09A0709D0013905D3B1
:102720001846027801336245F6D1704700207047A1
:10273000184603290CD80029F8D00346014401E0CB
:102740008B42F3D0184613F8012B6245F8D170473D
:1027500010B50CEB0C24024604EB044402E00439EF
:10276000032915D9104652F8043B6340A3F1013EFA
:102770002EEA030313F0803FF1D00346014401E049
:102780008B4208D0184613F8012B6245F8D110BDD2
:1027900010460029F1D1002010BD1146C9E700BF45
:1027A0000EB400B582B003AB53F8042B81680193DB
:1027B00000F068F802B05DF804EB03B0704700BFAA
:1027C0000FB400B5074A83B004AB106853F8042B6C
:1027D0008168019300F056F803B05DF804EB04B093
:1027E000704700BF0C000020002238B5064D04469B
:1027F00008462A6006F0E4FD431C00D038BD2B6873
:10280000002BFBD0236038BD380300209368013BC8
:10281000002B936005DAD2F818C0634507DB0A295C
:1028200005D01368581C106008461970704700F0F6
:1028300063B900BF9BB1F8B5134406460F46541E5A
:102840005D1E01E0AC4208D03A46304614F8011F44
:10285000FFF7DCFF431CF5D1F8BD0020F8BD0020D8
:10286000704700BF936810B514461BB91846002383
:10287000636010BD00F082FF0023A360002363604B
:1028800010BD00BF2DE9F04FA1B08B4691461C460C
:10289000049018B1036A002B00F01381BBF80C30D0
:1028A000180740F18E80DBF81030002B00F0898093
:1028B000002343F220020D9399F800300127824E45
:1028C0000794ADF83920002B73D04D4603E015F87E
:1028D000013F002B7FD0252BF9D1B5EB090A7DD123
:1028E0002B78002B65D000234FF0FF320135CDE966
:1028F000092308930B938DF863301E9306E0254659
:10290000089B801B07FA00F0034308932C4605221E
:1029100014F8011B3046FFF7F7FEA1460028EED160
:10292000089BD90644BF20228DF863201A0748BFB0
:102930002B22297848BF8DF863202A2964D1079A71
:102940001168043200290792C0F296800B916978D1
:102950002E296FD05D4C03222046FFF7D5FE38B1FB
:102960004022089B001B8240134309F10109089390
:1029700019F8011B062256488DF83810FFF7C4FEDF
:1029800000287FD0534B002B69D007A900915A46ED
:102990000498514B08A9FDF7ADFF0390039B013349
:1029A00007D00D9B039A13440D9399F80030002B28
:1029B0008BD1BBF80C305B060AD40D9821B0BDE872
:1029C000F08F59460498FFF757FB00283FF470AF8B
:1029D0004FF0FF30F2E7B5EB090AEAD009F1FF3812
:1029E00005954546DDF8108001E0A2453ED92C460C
:1029F0005A46404615F8011FFFF708FF0234013020
:102A0000A4EB0904F1D1D4E7A1F13002092A88BF6F
:102A1000A9469DD80B9B00E00134217803EB83038A
:102A200002EB4303A1F13002092AF5D92E29A14670
:102A30000B938FD199F801102A292DD1079B09F109
:102A400002001A680433002A0793B8BF4FF0FF331F
:102A500099F8021009928146B8BF09937AE7079B5B
:102A6000073323F00703083307939AE70D99059D71
:102A700051442B780D9134E7494243F002030B9106
:102A8000089364E707A900915A460498124B08A9D5
:102A9000FFF76CFC039081E70023A1F13002092AC3
:102AA00009F1010909933FF655AF19F8011F03EB2E
:102AB000830302EB4303A1F13002092AF5D90993FC
:102AC00048E7FDF7F5FCE9E628980008309800088B
:102AD00034980008F5080008352800088C4600B531
:102AE00086461346034A714610685DF804EB624659
:102AF000FFF7C8BE0C000020F8B506460D46144688
:102B000010B1036A002B37D0A269A389A2601A070B
:102B100019D52369BBB122686169D31AEDB2994214
:102B20002F4620DD0133A1680139A160511C2160CD
:102B3000157062699A420DD0A389DB0701D50A2D71
:102B400008D03846F8BD21463046FFF795FA38B927
:102B50002369E0E721463046FDF7ACFD0028F0D0C0
:102B60004FF0FF37EDE721463046FDF7A3FD002883
:102B7000F6D101232268D6E7FDF79AFCC4E700BF2F
:102B800003460A46024908681946FFF7B5BF00BF69
:102B90000C000020144600B51A460A4B0D461B686F
:102BA00085B0DE6803464CB10749019130460749BC
:102BB0000294009501F040F800F056FF04490C46DD
:102BC000F3E700BF0C0000203C9800084C98000878
:102BD0005497000808B513460022FFF7DBFF00BF3B
:102BE00070B5C66905460C465EB1F368A3B153F8EB
:102BF0002400E8B1026843F824200023C0E903332D
:102C000070BD1020FFF710FB0646E861E8B1002315
:102C1000C0E90033C0E9023321220421284600F034
:102C20003DFFEB69F060DB68002BE0D1002070BD58
:102C30000121284601FA04F56A1D920000F02EFFDA
:102C40000028F3D0C0E90145D7E702466B21024BCB
:102C50000248FFF79FFF00BFA89700087C98000874
:102C600070B5C66905460C464EB13CB1EB69626869
:102C7000DB6853F82210216043F8224070BD102019
:102C8000FFF7D2FAE86120B1C0E90066C0E9026648
:102C9000EBE702468F21024B0248FFF77BFF00BFA4
:102CA000A89700087C9800082DE9F0414FF0000E2D
:102CB0000E461C460D69074601F1140001680EF12D
:102CC000010E8BB202FB0343090C4FEA134C02FBCB
:102CD00001CC9BB203EB0C43754540F8043B4FEA33
:102CE0001C44EBDC3CB1B368AB4207DD06EB85036B
:102CF00001355C6135613046BDE8F0817168384668
:102D00000131FFF76DFF804690B1326906F10C0189
:102D1000023292000C30FFF711FA3146464638462F
:102D2000FFF79EFF06EB850301355C613561E2E745
:102D30000246BA21014B0248FFF72CFFEC9700082E
:102D40007C9800082DE9F8431E460C4626490833B6
:102D5000174681FB032C092E4FEAE3730546C3EBAC
:102D60006C0339DD4FF0010C00214FEA4C0C634538
:102D700001F10101F9DC2846FFF732FF014668B393
:102D8000089B092F43614FF00103036112DC0927FF
:102D90000A34BE420BDDF61B264414F8013B0A221E
:102DA0002846303BFFF780FFB4420146F5D1084684
:102DB000BDE8F88304F10909C8463C4418F8013B12
:102DC0000A222846303BFFF76FFFA0450146F5D1A8
:102DD000A7F108044C44DCE70021CCE70246D321EC
:102DE000024B0348FFF7D6FE398EE338EC97000814
:102DF0007C980008B0F5803F03463ABF102083401E
:102E00000020B3F1807F3CBF1B020830B3F1805F2C
:102E10003CBF1B010430B3F1804F03D3002B06DB12
:102E2000013070479B0003D45B0003D4202070471F
:102E300002307047033070470368014613F0070201
:102E400009D0DA0721D498074BBF5B089B08012003
:102E500002200B60704798B2A0B11046DAB20AB9EE
:102E600008301B0A1A0704BF1B0904309A0704BF65
:102E70009B080230DA0703D45B0800F1010006D09A
:102E80000B6070471020C340E8E700207047202007
:102E9000704700BF10B50C460121FFF7A1FE0246A6
:102EA00018B10123C0E9043410BD40F24511024BB2
:102EB0000248FFF76FFE00BFEC9700087C980008FF
:102EC0002DE9F04FD1F8108015690E46A8459246BD
:102ED00085B005DB2A46534645468A4690461E463F
:102EE000DAF80830DAF8041005EB0804A342B8BF9A
:102EF0000131FFF775FE002800F0898000F114070A
:102F000007EB840E774505D23B46002243F8042B9D
:102F10009E45FBD8143606EB88080AF1140946458D
:102F200009EB850566D2A5EB0A03153B23F00303E5
:102F30000AF1150A043355452CBF9B464FF0040B8C
:102F4000CDF808E08246AE46039405E0090C2AD18C
:102F5000B04507F104074AD956F8041B8DB2002D7D
:102F6000F4D0CC463C46002301965CF8040B216863
:102F700086B28AB205FB0622000C090C05FB001183
:102F80001A4401EB124192B242EA0142E64544F88A
:102F9000042B4FEA1143E8D8019E47F80B3056F84E
:102FA000041C090CD4D000223B6848461D463C4610
:102FB000944602889BB201FB02C202EB154243EA2F
:102FC000024344F8043B50F8043B25684FEA134C95
:102FD000ABB201FB0C33704503EB12434FEA134CC9
:102FE000E7D3B04547F80B3007F10407B4D8DDE963
:102FF00002E45046002C02DC05E0013C03D05EF800
:10300000043D002BF9D0046105B0BDE8F08F024605
:103010004FF4B171014B0248FFF7BCFDEC9700087B
:103020007C9800082DE9F04112F00303144607468E
:1030300082B02DD10E46A4101CD0FA698AB39568CF
:10304000002D39D0E3074FF0000806D4641011D0EA
:10305000286898B10546E307F8D531462A46384630
:10306000FFF72EFF0346314638461E46FFF7F8FDB0
:103070006410EDD1304602B0BDE8F0812A46294601
:103080003846FFF71DFF28600546C0F80080E2E7DC
:10309000184A013B52F823200023FFF705FE06469D
:1030A000C9E71020FFF7C0F80246F861E0B100233D
:1030B000C0E90033C0E90233012138460192FFF72D
:1030C0008FFD019A054640B1012340F27121C0E90C
:1030D0000431002390600360B4E7024640F24511DA
:1030E000054B0648FFF756FD40F2B311044B034869
:1030F000FFF750FDA0940008EC9700087C980008AA
:10310000A89700082DE9F0470D462F69AB6807EB3B
:1031100062177C1C9C429146064649684FEA621A37
:1031200004DD5B009C4201F10101FADC3046FFF74F
:1031300057FD804600284ED0BAF1000F00F1140070
:103140000EDD034600210AF105024FEA820C08EB6E
:10315000820243F8041B9342FBD1ACF114031844E0
:10316000296905F1140319F01F0903EB81012AD025
:1031700084464FF0000AC9F1200E1A6802FA09F2DB
:1031800042EA0A024CF8042B53F8042B994222FA23
:103190000EFAF2D84B1B153B23F00303043305F161
:1031A0001502914238BF042340F803A0BAF1000F82
:1031B00000D13C4630462946C8F81040FFF750FD84
:1031C0004046BDE8F087043853F8042B994240F894
:1031D000042FF9D8EDE702464FF4EF71014B024896
:1031E000FFF7D8FCEC9700087C98000884460B6930
:1031F0000069C01A15D10CF1140C14310CEB8302C8
:1032000010B401EB830301E0944508D252F8044D59
:1032100053F8041D8C42F7D004D24FF0FF3010BC9D
:1032200070477047012010BC704700BF2DE9F04F78
:1032300014460A6923698846D21A002A83B040F0EE
:10324000888001F1140604F1140202EB830206EBFC
:10325000830301E09E427FD253F8045D52F8041DBF
:103260008D42F7D076D323460025444698466168C0
:10327000FFF7B6FC002800F0898000F114094946E8
:103280004FF0000C2769D8F8106004F1140B08F116
:10329000140EC56004F110020EEB86060BEB870AD4
:1032A000CDF804B05EF8044B52F8045F1FFA84FBBB
:1032B000ABB2A3EB0B03240C6344C4EB154404EB47
:1032C00023449BB243EA0443764541F8043B4FEA6A
:1032D000244CE7D808F115018E4234BF00210121AA
:1032E000A6EB0806153EB608002906F101024FEAD2
:1032F000820208BF0422DDF804B00BEB0204A245F1
:103300004A4434D915462146E04651F8046BB3B21D
:1033100063444FEA164E0EEB234E06EB08039BB2B6
:1033200043EA0E438A454FEA2E4C45F8043BEBD85E
:103330000AF1FF3AAAEB040A2AF0030A524423B91D
:1033400052F8043D013F002BFAD0076103B0BDE8FD
:10335000F08F88DA01258AE70021FFF741FC70B180
:1033600001220023C0E9042303B0BDE8F08F002947
:103370004FEA860608BF002609EB0602DFE7024691
:1033800040F23721054B0648FFF704FC024640F2A5
:103390004521024B0248FFF7FDFB00BFEC970008F8
:1033A0007C980008124B0A460B40A3F15073002B87
:1033B00003DD00221946104670475B42B3F1A07F3F
:1033C0004FEA235106DA4FF4002300220B4119463D
:1033D0001046704714391E29D4BF4FF00042012215
:1033E0004FF00003D8BFCA4010461946704700BFCF
:1033F0000000F07FF8B5046900F1140202EB8404C8
:1034000054F8045C261F2846FFF7F4FC0346C0F17D
:1034100020000A2B086030DDB242A3F10B071AD25C
:1034200054F8083C1FB3C7F1200C23FA0CF1BD403F
:1034300045EA0106A4F1080546F07F51AA4203FAC5
:1034400007F341F4401116D254F80C2C22FA0CF276
:1034500013431846F8BD0B2B08D0002305FA07F7D5
:1034600047F07F51184641F44011F8BD002345F064
:103470007F5141F440111846F8BDB2422CBF0022E2
:1034800054F8082CC3F10B0703F1150325FA07FCC8
:1034900038BFFA4005FA03F34CF07F511343184646
:1034A00041F44011F8BD00BFF0B5012183B01646CC
:1034B0001F46FFF795FB0546002847D0C7F30A547F
:1034C000C7F313030CB143F48013002E019314D1FE
:1034D00001A8FFF7B1FC0122019B20306B612A613A
:1034E00014B3089BA4F2334404441C60099BC0F14C
:1034F00035001860284603B0F0BD68460096FFF717
:103500009BFC019B00B30099C0F1200203FA02F278
:10351000C34001930A43002B6A610CBF01220222BF
:10352000AB612A61002CDCD105EB8201A0F23243B1
:10353000086908990B60FFF75DFC099BC0EB42101E
:103540001860284603B0F0BD009AE4E7024640F256
:103550000F31024B0248FFF71DFB00BFEC9700083C
:103560007C9800082DE9F04383B08846694681467F
:10357000FFF740FF04460D46404601A9FFF73AFF1A
:10358000D9F81030D8F81020A3EB020CDDE9003296
:103590009B1A03EB4C13002B0BDD05EB03573D4649
:1035A00002460B462046294601F0AAF803B0BDE8C2
:1035B000F083C3EB033301EB03594946F0E700BF47
:1035C000172870B506460ADD002000240749084D7B
:1035D00022462B4600F06AFF013EF9D170BD054B33
:1035E00003EBC003D3E9040170BD00BF0000F03F4E
:1035F00000002440A094000801F1FF3C116902F191
:1036000014034FEA6C1C03EB81010CF1010C8B429B
:1036100000EB8C0C16D210B5A0F1040E53F8044B3D
:1036200099424EF8044FF9D88B1A153B23F0030347
:1036300004331844844504D9002340F8043B8445EE
:10364000FBD810BD844505D9002340F8043B8445D0
:10365000FBD87047704700BF03694A11934200F1DD
:10366000140009DA00EB830302E053F8042DA2B939
:103670008342FAD80020704700EB8203F8DD11F096
:103680001F01F5D010B450F8224024FA01F28A400C
:10369000944208D0012010BC70470120704753F8B5
:1036A000042D002AF6D18342F9D8002010BC7047BF
:1036B000002238B5064D044608462A6005F034FE5F
:1036C000431C00D038BD2B68002BFBD0236038BDD5
:1036D0003803002010B50C46B1F90E1000F088FA3E
:1036E000002803DB636D0344636510BDA38923F4E5
:1036F0008053A38110BD00BF002070472DE9F04129
:103700000C46B1F90C101F46CB05054616460BD4E6
:1037100021F48051A1813B4632462846B4F90E106F
:10372000BDE8F04100F0F8BAB4F90E10022300220F
:1037300000F0DCFAB4F90C10EAE700BF10B50C4653
:10374000B1F90E1000F0D2FAB4F90C30421C0EBFE1
:1037500023F4805343F480536065A38110BD00BF00
:10376000B1F90E1000F088B9F0307047004870478A
:103770004C010020004870474C0100209368002B4A
:1037800000F0F0802DE9F04FB1F90CC090461CF02C
:10379000080F81460C4683B02BD00B694BB31CF04D
:1037A0000207D8F8006032D04FF0000A5546D4F82E
:1037B00028B0216AAB4FC5B1BD422B46524628BF47
:1037C0003B464846D847002840F3C280D8F8083026
:1037D00082441B1A2D1AC8F80830002B00F0AE8066
:1037E000D4F828B0216A002DE6D1D6E900A5083624
:1037F000E1E721464846FEF73FFC002840F0AD8057
:10380000B4F90CC0D8F800601CF00207CCD11CF051
:10381000010A63D157462368A16818468B46002FDA
:1038200058D01CF4007F00F0B180B9420A4600F283
:10383000DD801CF4906F2FD0216962695D1A02EB64
:10384000420202EBD2726B1C52103B44934292BF75
:1038500093469B461A461CF4806F00F0E6801146A2
:103860004846FDF70FFB002800F0F5802A46216945
:103870000190FEF763FCA289019B22F4906242F062
:103880008002A2815819C4F814B0ABEB05053A4682
:10389000BB462361A56020603D460027514601924A
:1038A00000F010F9A1682368019AA1EB0B011A44FA
:1038B000A1602260D8F80830AA445B1BC8F8083021
:1038C000002B3BD02368A16818468B46B4F90CC086
:1038D000002FA6D1D6E900A708369EE73846BB469A
:1038E0003D46002D40D0002845D03A46D4E904C3D7
:1038F0002068AA4228BF2A466045A16804D901EB86
:10390000030A524500F38280934272DC5A464846CD
:10391000216AD4F828C0E047B0F1000A18DDB7EBFF
:103920000A070FD00120D8F80830D344A3EB0A03CC
:10393000A5EB0A05C8F80830002BD2D1002003B04F
:10394000BDE8F08F21464846FCF7B4FE0028EAD0D7
:10395000B4F90C3043F04003A3814FF0FF3003B0C3
:10396000BDE8F08F00207047756833460836002D9B
:10397000FAD0D3F800B02A460A215846FEF7C4FE12
:10398000002865D00130A0EB0B07AEE722699A4210
:1039900014D36569BD4211D86FF00043BB4228BF04
:1039A0003B4693FBF5F3524605FB03F34846A56AF5
:1039B000216AA847051ECBDD7F1B7BE7B94228BFE4
:1039C00039460D46184651462A4600F07BF8A16854
:1039D0002368491B2B44A16023600029ECD12146B8
:1039E0004846FCF767FE0028E6D0B1E7BB463A46FA
:1039F00052E75946019200F065F8019AA368924691
:103A00009B1AA36023681344236088E759465246F3
:103A100000F058F823682146534448462360FCF7D9
:103A200049FE00283FF47BAF92E7484600F018F9C2
:103A3000034600287FF426AF48462169FEF79CFA2A
:103A40000C22B4F90C30C9F8002023F0800381E780
:103A50006A1C17464AE70C22B4F90C30C9F800205A
:103A600078E700BF00FCFF7F062008B500F028FAC9
:103A7000012005F087FC00BF002238B5064D044642
:103A800008462A6005F094FC431C00D038BD2B6822
:103A9000002BFBD0236038BD3803002070B5A1FB9C
:103AA000025454B92946FDF7EDF9064618B12A46E5
:103AB0002146FCF725FD304670BD0C220026026031
:103AC000F9E700BF88420ED98B1883420BD900EB6F
:103AD000020C002A6DD0624613F801CD994202F81B
:103AE00001CDF9D170470F2A0FD8034602F1FF3CF0
:103AF000002A5ED00CF1010C013B8C4411F8012B23
:103B0000614503F8012FF9D1704740EA01039B0793
:103B100050D1A2F1100370B501F1200C23F00F0574
:103B200001F1100E00F11004AC441B095EF8105CAA
:103B30000EF1100E44F8105C5EF81C5C103444F872
:103B40001C5C5EF8185C44F8185C5EF8145CE64592
:103B500044F8145CEAD1013312F00C0F01EB0311AD
:103B600002F00F0400EB031328D08E46043C24F02F
:103B700003064FEA940C1E441C1F5EF8045B44F8D5
:103B8000045FB442F9D10CF1010402F0030203EB2B
:103B9000840301EB840102F1FF3C4AB10CF1010CFA
:103BA000013B8C4411F8012B614503F8012FF9D139
:103BB00070BD7047034602F1FF3C9BE72246EAE7EF
:103BC00010B4034CD4F8E040A44610BC604700BFDA
:103BD0005C000020034649B1FF2A02D801200A7088
:103BE00070478A224FF0FF301A60704708467047CE
:103BF00038B50C46114600228446074D20462A60FF
:103C00001A46644605F0C4FB431C00D038BD2B683F
:103C1000002BFBD0236038BD380300200CB400B566
:103C200083B004AB53F8042B0193FEF72BFE03B0D3
:103C30005DF804EB02B070470EB400B5074A82B0DD
:103C400003AB0146106853F8042B0193FEF71AFEEC
:103C500002B05DF804EB03B0704700BF0C00002019
:103C60002DE9F041144641B30AB306460D4600F073
:103C700069F88442074602D8B4EB500F13D82146A6
:103C80003046FDF7FFF8804650B1BC422246294637
:103C900028BF3A46FEF752FA29463046FEF76CF93D
:103CA0004046BDE8F081A8464046BDE8F081A04608
:103CB000FEF762F94046BDE8F0811146BDE8F041EB
:103CC000FDF7E0B870B50026074D044608461146DA
:103CD0002E6005F070FB431C00D070BD2B68002BDC
:103CE000FBD0236070BD00BF3803002038B50C4600
:103CF000114600228446074D20462A601A46644633
:103D000005F060FB431C00D038BD2B68002BFBD0B6
:103D1000236038BD3803002038B50C461146002218
:103D20008446074D20462A601A46644601F096F9FB
:103D3000431C00D038BD2B68002BFBD0236038BD5E
:103D40003803002051F8043C181F002BBCBF0B584F
:103D5000C018704710B4034CD4F8E440A44610BC1B
:103D6000604700BF5C00002082B049B15AB16BB11E
:103D700013780B601278101E18BF012002B0704734
:103D800001A9002AF3D1104602B070476FF001007C
:103D9000F4E700BF38B5C46B0CB1002038BD8021FA
:103DA0000546FDF76FF80246E86330B1031F7C3229
:103DB00043F8044F9342FBD1EFE74FF0FF3038BD9B
:103DC00030B51F29054683B008D8C36B0C4653B1E4
:103DD00053F8240043F8242003B030BD16230360B9
:103DE0004FF0FF30F8E780210192FDF74BF8019A80
:103DF0000346E8630028F3D0011F00F17C05002092
:103E000041F8040FA942FBD1E2E700BF1F2938B5F2
:103E100005461ED8C26B0C466AB152F8213053B128
:103E2000012B06D0591C10D00021204642F8241046
:103E30009847002038BD284600F0F2F82246014697
:103E40002846BDE8384000F0D7B8162301202B6083
:103E500038BD16234FF0FF302B6038BD1F292BD8FB
:103E600038B5C36B0C460546A3B153F8242003EBC9
:103E700084034AB1511C0BD0012A07D000252046EB
:103E80001D609047284638BD012038BD032038BD4D
:103E9000022038BD8021FCF7F5FF0346E86340B1FE
:103EA00000201A1F03F17C0142F8040F8A42FBD163
:103EB000DBE74FF0FF3038BD4FF0FF30704700BFF9
:103EC00038B5134B1F281D681DD8EA6B044662B134
:103ED00052F820304BB1012B05D0591C0FD00021D6
:103EE00042F820109847002038BD284600F098F886
:103EF000224601462846BDE8384000F07DB816232A
:103F000001202B6038BD16234FF0FF302B6038BDE9
:103F10000C000020114B1F2870B51E6808D8F36BE9
:103F200004460D464BB153F8240043F8245070BDAD
:103F3000162333604FF0FF3070BD80213046FCF710
:103F4000A1FF0346F0630028F4D00021021F7C305B
:103F500042F8041F8242FBD1E5E700BF0C000020BD
:103F600038B50B4B1D68EC6B0CB1002038BD8021BF
:103F70002846FCF787FFE86338B1031F00F17C0295
:103F800043F8044F9342FBD1EFE74FF0FF3038BDC9
:103F90000C00002038B5174B1F281D6826D8044692
:103FA000E86BA0B150F8242000EB84034AB1511C07
:103FB0000BD0012A07D0002520461D6090472846D7
:103FC00038BD012038BD032038BD022038BD802116
:103FD0002846FCF757FFE86340B10021031F00F1BA
:103FE0007C0243F8041F9342FBD1DBE74FF0FF3024
:103FF00038BD00BF0C00002070B50026074D0446F8
:10400000084611462E6005F0B5F9431C00D070BD7E
:104010002B68002BFBD0236070BD00BF380300204D
:1040200005F0A6B938B5044600F01AF82146054651
:10403000204600F0E7FF20B92046002100F0BAFF3B
:1040400008B9284638BDFCF777FB2122034600213A
:104050001A60084600F0C4FE0546284638BD00BF79
:1040600020F00042B2F1FF4FF8B504464ED2002ACC
:1040700043D00028034650DB10F0FF423ED0C1156C
:104080000024C3F31602A1F17F05CB074FF0190EF0
:104090004FF0807C214642F4000258BF52006D1060
:1040A000520001EB0C039342CFBF134603EB0C010C
:1040B0006444D31ABEF1010E4FEA43024FEA5C0C8E
:1040C000EFD1ABB11A4E3068716800F0CBFC3768A5
:1040D0000146384600F078FF50B13068716800F052
:1040E000C3FC36680146304600F064FFE0B102349C
:1040F000601000F17C5000EBC550F8BD5B00180269
:10410000114602F10102F9D54942B9E7014600F032
:10411000B3FD214600F0A8FCF8BD014600F0A2FC6A
:10412000014600F05DFEF8BD013424F00104DFE734
:10413000CC96000881F0004102E000BF83F000430C
:1041400030B54FEA41044FEA430594EA050F08BF32
:1041500090EA020F1FBF54EA000C55EA020C7FEAF6
:10416000645C7FEA655C00F0E2804FEA5454D4EB73
:104170005555B8BF6D420CDD2C4480EA020281EA3D
:10418000030382EA000083EA010180EA020281EA75
:104190000303362D88BF30BD11F0004F4FEA0131C7
:1041A0004FF4801C4CEA113102D0404261EB4101D6
:1041B00013F0004F4FEA03334CEA133302D052425C
:1041C00063EB430394EA050F00F0A780A4F1010418
:1041D000D5F1200E0DDB02FA0EFC22FA05F2801852
:1041E00041F1000103FA0EF2801843FA05F3594138
:1041F0000EE0A5F120050EF1200E012A03FA0EFCB7
:1042000028BF4CF0020C43FA05F3C01851EBE371E0
:1042100001F0004507D54FF0000EDCF1000C7EEBFD
:1042200000006EEB0101B1F5801F1BD3B1F5001F3B
:104230000CD349085FEA30004FEA3C0C04F101045A
:104240004FEA445212F5800F80F09A80BCF1004F83
:1042500008BF5FEA500C50F1000041EB045141EA05
:10426000050130BD5FEA4C0C404141EB0101013CCE
:1042700028BFB1F5801FE9D291F0000F04BF0146BD
:104280000020B1FA81F308BF2033A3F10B03B3F18F
:1042900020020CDA0C3208DD02F1140CC2F10C021F
:1042A00001FA0CF021FA02F10CE002F11402D8BF7D
:1042B000C2F1200C01FA02F120FA0CFCDCBF41EA49
:1042C0000C019040E41AA2BF01EB0451294330BD18
:1042D0006FEA04041F3C1CDA0C340EDC04F11404F5
:1042E000C4F1200220FA04F001FA02F340EA0300CC
:1042F00021FA04F345EA030130BDC4F10C04C4F112
:10430000200220FA02F001FA04F340EA03002946F1
:1043100030BD21FA04F0294630BD94F0000F83F43B
:10432000801306BF81F480110134013D4EE77FEA1E
:10433000645C18BF7FEA655C29D094EA050F08BF6A
:1043400090EA020F05D054EA000C04BF194610464B
:1043500030BD91EA030F1EBF0021002030BD5FEA8F
:10436000545C05D14000494128BF41F0004130BDB7
:1043700014F580043CBF01F5801130BD01F000450B
:1043800045F0FE4141F470014FF0000030BD7FEA7E
:10439000645C1ABF194610467FEA655C1CBF0B4679
:1043A000024650EA013406BF52EA033591EA030F90
:1043B00041F4002130BD00BF90F0000F04BF002188
:1043C000704730B54FF4806404F132044FF00005BB
:1043D0004FF0000150E700BF90F0000F04BF002134
:1043E000704730B54FF4806404F1320410F000459A
:1043F00048BF40424FF000013EE700BF42004FEA95
:10440000E2014FEA31014FEA02701FBF12F07F4311
:1044100093F07F4F81F06051704732F07F4208BFC8
:10442000704793F07F4F04BF41F40021704730B5CF
:104430004FF4607401F0004521F000411CE700BF1B
:1044400050EA010208BF704730B54FF000050AE09E
:1044500050EA010208BF704730B511F0004502D59F
:10446000404261EB41014FF4806404F132045FEAA1
:10447000915C3FF4D8AE4FF003025FEADC0C18BF4A
:1044800003325FEADC0C18BF033202EBDC02C2F13C
:10449000200300FA03FC20FA02F001FA03FE40EACE
:1044A0000E0021FA02F11444BDE600BF70B54FF0D2
:1044B000FF0C4CF4E06C1CEA11541DBF1CEA1355B0
:1044C00094EA0C0F95EA0C0F00F0DEF82C4481EA18
:1044D000030621EA4C5123EA4C5350EA013518BF38
:1044E00052EA033541F4801143F4801338D0A0FB25
:1044F00002CE4FF00005E1FB02E506F00042E0FBD2
:1045000003E54FF00006E1FB03569CF0000F18BFD7
:104510004EF0010EA4F1FF04B6F5007F64F540747F
:1045200004D25FEA4E0E6D4146EB060642EAC62112
:1045300041EA55514FEAC52040EA5E504FEACE2E7F
:10454000B4F1FD0C88BFBCF5E06F1ED8BEF1004F82
:1045500008BF5FEA500E50F1000041EB045170BDFE
:1045600006F0004646EA010140EA020081EA030142
:10457000B4EB5C04C2BFD4EB0C0541EA045170BD3E
:1045800041F480114FF0000E013C00F3AB8014F1B8
:10459000360FDEBF002001F0004170BDC4F1000401
:1045A000203C35DA0C341BDC04F11404C4F1200582
:1045B00000FA05F320FA04F001FA05F240EA0200DD
:1045C00001F0004221F0004110EBD37021FA04F613
:1045D00042EB06015EEA430E08BF20EAD37070BDCD
:1045E000C4F10C04C4F1200500FA04F320FA05F02C
:1045F00001FA04F240EA020001F0004110EBD3702E
:1046000041F100015EEA430E08BF20EAD37070BD9D
:10461000C4F1200500FA05F24EEA020E20FA04F376
:1046200001FA05F243EA020321FA04F001F0004125
:1046300021FA04F220EA020000EBD3705EEA430E96
:1046400008BF20EAD37070BD94F0000F0FD101F0C5
:104650000046400041EB010111F4801F08BF013CFE
:10466000F7D041EA060195F0000F18BF704703F03C
:104670000046520043EB030313F4801F08BF013DC3
:10468000F7D043EA0603704794EA0C0F0CEA13557F
:1046900018BF95EA0C0F0CD050EA410618BF52EA39
:1046A0004306D1D181EA030101F000414FF000003F
:1046B00070BD50EA410606BF1046194652EA43064D
:1046C00019D094EA0C0F02D150EA013613D195EAC1
:1046D0000C0F05D152EA03361CBF104619460AD109
:1046E00081EA030101F0004141F0FE4141F4700113
:1046F0004FF0000070BD41F0FE4141F4780170BD03
:1047000070B54FF0FF0C4CF4E06C1CEA11541DBF67
:104710001CEA135594EA0C0F95EA0C0F00F0A7F869
:10472000A4EB050481EA030E52EA03354FEA013196
:1047300000F088804FEA03334FF0805545EA1313A9
:1047400043EA12634FEA022245EA111545EA106571
:104750004FEA00260EF000419D4208BF964244F108
:10476000FD0404F5407402D25B084FEA3202B61A27
:1047700065EB03055B084FEA32024FF480104FF4FB
:10478000002CB6EB020E75EB030E22BFB61A75466F
:1047900040EA0C005B084FEA3202B6EB020E75EB02
:1047A000030E22BFB61A754640EA5C005B084FEA6A
:1047B0003202B6EB020E75EB030E22BFB61A754637
:1047C00040EA9C005B084FEA3202B6EB020E75EB42
:1047D000030E22BFB61A754640EADC0055EA060E03
:1047E00018D04FEA051545EA16754FEA06164FEA46
:1047F000C30343EA52734FEAC2025FEA1C1CC0D1F2
:1048000011F4801F0BD141EA00014FF000004FF07E
:10481000004CB6E711F4801F04BF01430020B4F13F
:10482000FD0C88BFBCF5E06F3FF6AFAEB5EB030CF7
:1048300004BFB6EB020C5FEA500C50F1000041EBF4
:10484000045170BD0EF0004E4EEA113114EB5C04C1
:10485000C2BFD4EB0C0541EA045170BD41F4801194
:104860004FF0000E013C90E645EA060E8DE60CEA9C
:10487000135594EA0C0F08BF95EA0C0F3FF43BAFB9
:1048800094EA0C0F0AD150EA01347FF434AF95EA70
:104890000C0F7FF425AF104619462CE795EA0C0F54
:1048A00006D152EA03353FF4FDAE1046194622E721
:1048B00050EA410618BF52EA43067FF4C5AE50EAFB
:1048C00041047FF40DAF52EA43057FF4EBAE12E7EB
:1048D0004FF0FF3C06E000BF4FF0010C02E000BFCC
:1048E0004FF0010C4DF804CD4FEA410C7FEA6C5CAF
:1048F0004FEA430C18BF7FEA6C5C1BD001B050EA52
:10490000410C0CBF52EA430C91EA030F02BF90EA3C
:10491000020F0020704710F1000F91EA030F58BFFB
:10492000994208BF90422CBFD8176FEAE37040F05D
:10493000010070474FEA410C7FEA6C5C02D150EAFB
:10494000013C07D14FEA430C7FEA6C5CD6D152EAB6
:10495000033CD3D05DF8040B704700BF844610467B
:1049600062468C461946634600E000BF01B5FFF77A
:10497000B7FF002848BF10F1000F01BD4DF808ED4A
:10498000FFF7F4FF0CBF012000205DF808FB00BF1B
:104990004DF808EDFFF7EAFF34BF012000205DF875
:1049A00008FB00BF4DF808EDFFF7E0FF94BF0120C2
:1049B00000205DF808FB00BF4DF808EDFFF7CEFFC3
:1049C00094BF012000205DF808FB00BF4DF808ED02
:1049D000FFF7C4FF34BF012000205DF808FB00BFD3
:1049E0004FEA410C7FEA6C5C02D150EA013C0AD1EB
:1049F0004FEA430C7FEA6C5C02D152EA033C02D1DD
:104A00004FF0000070474FF0010070474FEA41023D
:104A100012F5001215D211D56FF47873B3EB625210
:104A200012D94FEAC12343F0004343EA505311F037
:104A3000004F23FA02F018BF404270474FF00000C9
:104A4000704750EA013005D111F0004008BF6FF007
:104A5000004070474FF00000704700BF80F00040FA
:104A600002E000BF81F0004142001FBF5FEA410346
:104A700092EA030F7FEA226C7FEA236C6AD04FEA46
:104A80001262D2EB1363C1BFD2184140484041408B
:104A9000B8BF5B42192B88BF704710F0004F40F43D
:104AA000000020F07F4018BF404211F0004F41F459
:104AB000000121F07F4118BF494292EA030F3FD025
:104AC000A2F1010241FA03FC10EB0C00C3F1200338
:104AD00001FA03F100F0004302D5494260EB4000C7
:104AE000B0F5000F13D3B0F1807F06D340084FEA32
:104AF000310102F10102FE2A51D2B1F1004F40EB27
:104B0000C25008BF20F0010040EA0300704749008E
:104B100040EB0000013A28BFB0F5000FEDD2B0FA2B
:104B200080FCACF1080CB2EB0C0200FA0CF0AABF4E
:104B300000EBC25052421843BCBFD04018437047EC
:104B400092F0000F81F4000106BF80F400000132F2
:104B5000013BB5E74FEA41037FEA226C18BF7FEAC9
:104B6000236C21D092EA030F04D092F0000F08BF0B
:104B70000846704790EA010F1CBF0020704712F0F2
:104B80007F4F04D1400028BF40F00040704712F131
:104B900000723CBF00F50000704700F0004343F096
:104BA000FE4040F4000070477FEA226216BF0846CC
:104BB0007FEA23630146420206BF5FEA412390EA8F
:104BC000010F40F4800070474FF0000304E000BF85
:104BD00010F0004348BF40425FEA000C08BF704736
:104BE00043F0964301464FF000001CE050EA0102FA
:104BF00008BF70474FF000030AE000BF50EA01020F
:104C000008BF704711F0004302D5404261EB4101FB
:104C10005FEA010C02BF84460146002043F0B64320
:104C200008BFA3F18053A3F50003BCFA8CF2083A45
:104C3000A3EBC25310DB01FA02FC634400FA02FC4E
:104C4000C2F12002BCF1004F20FA02F243EB020055
:104C500008BF20F00100704702F1200201FA02FCB7
:104C6000C2F1200250EA4C0021FA02F243EB0200AA
:104C700008BF20EADC7070474FF0FF0C1CEAD052EE
:104C80001EBF1CEAD15392EA0C0F93EA0C0F6FD0AF
:104C90001A4480EA010C400218BF5FEA41211ED08D
:104CA0004FF0006343EA501043EA5111A0FB013179
:104CB0000CF00040B1F5000F3EBF490041EAD3714E
:104CC0005B0040EA010062F17F02FD2A1DD8B3F1CA
:104CD000004F40EBC25008BF20F00100704790F039
:104CE000000F0CF0004C08BF49024CEA502040EA8B
:104CF00051207F3AC2BFD2F1FF0340EAC250704751
:104D000040F400004FF00003013A5DDC12F1190F8E
:104D1000DCBF00F000407047C2F10002410021FA00
:104D200002F1C2F1200200FA02FC5FEA310040F118
:104D3000000053EA4C0308BF20EADC70704792F091
:104D4000000F00F0004C02BF400010F4000F013AC9
:104D5000F9D040EA0C0093F0000F01F0004C02BFC4
:104D6000490011F4000F013BF9D041EA0C018FE733
:104D70000CEAD15392EA0C0F18BF93EA0C0F0AD039
:104D800030F0004C18BF31F0004CD8D180EA01005F
:104D900000F00040704790F0000F17BF90F0004FF8
:104DA000084691F0000F91F0004F14D092EA0C0FDA
:104DB00001D142020FD193EA0C0F03D14B0218BF6D
:104DC000084608D180EA010000F0004040F0FE40B3
:104DD00040F40000704740F0FE4040F4400070474F
:104DE0004FF0FF0C1CEAD0521EBF1CEAD15392EACE
:104DF0000C0F93EA0C0F69D0A2EB030280EA010CBE
:104E000049024FEA402037D04FF0805343EA111156
:104E100043EA10130CF000408B4238BF5B0042F1B4
:104E20007D024FF4000C8B4224BF5B1A40EA0C0059
:104E3000B3EB510F24BFA3EB510340EA5C00B3EB8B
:104E4000910F24BFA3EB910340EA9C00B3EBD10F79
:104E500024BFA3EBD10340EADC001B0118BF5FEACB
:104E60001C1CE0D1FD2A3FF650AF8B4240EBC250F4
:104E700008BF20F0010070470CF0004C4CEA5020B5
:104E80007F32C2BFD2F1FF0340EAC250704740F404
:104E900000004FF00003013A37E792F0000F00F0F6
:104EA000004C02BF400010F4000F013AF9D040EA74
:104EB0000C0093F0000F01F0004C02BF490011F408
:104EC000000F013BF9D041EA0C0195E70CEAD15300
:104ED00092EA0C0F08D142027FF47DAF93EA0C0FE7
:104EE0007FF470AF084676E793EA0C0F04D14B02CB
:104EF0003FF44CAF08466EE730F0004C18BF31F07D
:104F0000004CCAD130F000427FF45CAF31F0004376
:104F10007FF43CAF5FE700BF4FF0FF3C06E000BF0F
:104F20004FF0010C02E000BF4FF0010C4DF804CD32
:104F30004FEA40024FEA41037FEA226C18BF7FEA42
:104F4000236C11D001B052EA530C18BF90EA010F44
:104F500058BFB2EB030088BFC81738BF6FEAE170D3
:104F600018BF40F0010070477FEA226C02D15FEA6F
:104F7000402C05D17FEA236CE4D15FEA412CE1D0DB
:104F80005DF8040B704700BF844608466146FFE7A2
:104F90000FB5FFF7C9FF002848BF10F1000F0FBD84
:104FA0004DF808EDFFF7F4FF0CBF012000205DF87D
:104FB00008FB00BF4DF808EDFFF7EAFF34BF012002
:104FC00000205DF808FB00BF4DF808EDFFF7E0FF9B
:104FD00094BF012000205DF808FB00BF4DF808EDEC
:104FE000FFF7D2FF94BF012000205DF808FB00BF4F
:104FF0004DF808EDFFF7C8FF34BF012000205DF831
:1050000008FB00BF4FEA40024FEA41037FEA226CEF
:1050100002D15FEA402C08D17FEA236C02D15FEA1B
:10502000412C02D14FF0000070474FF00100704753
:1050300008B50268064B9A4200D008BD002100F076
:1050400054FF044B1860044B01221A70F5E700BFAF
:1050500000040040400300203C03002010B514462B
:105060004FF0FF3392B2024802F0AFFE204610BD6F
:105070007C07002008B50368B3F1804F00D008BD5D
:1050800001F0B8FAFBE772B6FEE700B591B028224E
:10509000002106A8FBF734FA00230193029303933F
:1050A00004930593012206924FF4803307930A92EA
:1050B00002220D920E934FF4E0130F9306A801F015
:1050C000C1FA80B90F2301930221029100230393B7
:1050D0004FF480620492059301A801F0E5FC20B929
:1050E00011B05DF804FBFFF7CEFFFFF7CCFF000027
:1050F00008B501F06DFAFFF7C8FF00F019F800F0ED
:10510000F7FA00F0AFF9084800F048FB00F0FAF9B0
:1051100000F030FA0021054801F07EF900F024F992
:1051200003F05EFEFEE700BFB0060020340700205B
:10513000F0B589B000240494059406940794224B9A
:105140009A6942F010029A619A6902F01002019283
:10515000019A9A6942F004029A619A6902F0040283
:105160000292029A9A6942F008029A619B6903F0DE
:1051700008030393039B154E01224FF40051304660
:1051800001F006FF4FF400530493012505950694A2
:105190000227079704A9304601F0ECFD0495032689
:1051A0000596069404F1804404F5843404A920464D
:1051B00001F0E0FD04970596069504A9204601F04C
:1051C000D9FD09B0F0BD00BF001002400010014041
:1051D00008B50248FBF77AF8FEE700BFD49600084E
:1051E0002DE9F04383B03448FBF770F80027002422
:1051F00030E003F0AFFF314B1E68314B00221A70D4
:1052000003F0CAFF2F4B1A68B01818602E4A1378A3
:105210000133DBB21370072B2FD9FFF7D5FC4FF00A
:105220007851FFF729FD01462848FFF7D9FD0746C9
:105230000023244A1360244A13701EE000234FF019
:10524000FF3231462248006802F07FFF00246420CC
:1052500003F0FEFD254604F13C021E4804F11C014A
:1052600000EB410100EB4202043100EB440000F08E
:10527000BDFA134B1B78002BBBD1164E36F91580A7
:1052800005F11C0306EB4303B3F904903C3536F9F2
:1052900015503846FFF7B2F8CDE900012B464A46D3
:1052A00041460D48FDF78CFAC6F8F4700134A4B2FB
:1052B0001D2CC3D8CBE700BFE896000840030020B0
:1052C0003C0300204803002045030020C0E1E44ADD
:1052D0009C0600204C0300200097000800B5C5B0D4
:1052E0000B48FAF7F3FF4FF0FF3206A9094B186895
:1052F00002F0EFFF0DF1CE0000F0C8F90490FFF7C7
:105300007DF802460B460448FDF75AFAEBE700BF6A
:10531000109700089C0600202897000808B5094847
:10532000FAF7D4FF08E0084B00221A700748FAF792
:10533000CDFF0A2003F0C2FB034B1B78002BF2D1F8
:10534000F7E700BF3C970008440300204C97000893
:10535000034B0360034B0B6080231360704700BF57
:10536000440600204404002010B59CB00022F8211F
:10537000022002F0C6FE344C2060002218210520D5
:1053800002F0BFFE314B18602368002B4AD0002882
:1053900051D02F4C0DF1540CA646BEE80F00ACE8DE
:1053A0000F009EE807008CE80700002115A803F015
:1053B0001CFD284B18600DF1380C04F11C0EBEE8E2
:1053C0000F00ACE80F009EE807008CE80700002102
:1053D0000EA803F00AFD204B18600DF11C0C04F11F
:1053E000380EBEE80F00ACE80F009EE807008CE81E
:1053F0000700002107A803F0F8FC184B1860EE46E0
:1054000004F1540CBCE80F00AEE80F009CE8070064
:105410008EE807000021684603F0E7FC104B186097
:105420001CB010BD4FF0500383F31188BFF36F8F92
:10543000BFF34F8FFEE74FF0500383F31188BFF3A4
:105440006F8FBFF34F8FFEE79C0600209806002069
:1054500030940008AC060020A8060020A406002016
:10546000A006002008B50B480B4B03600B4B4360B4
:1054700000238360C3604FF4804202614361836113
:10548000C361036202F078F800B908BDFFF7FBFDC5
:10549000FBE700BFB006002000540040A0860100DA
:1054A00010B586B00023029303930493059302681A
:1054B000114B9A4201D006B010BD104CA36943F0C5
:1054C0000803A361A36903F008030093009BC023B2
:1054D0000293122303930323059302A9084801F0C2
:1054E00049FCE36943F40013E361E36903F4001347
:1054F0000193019BDFE700BF005400400010024011
:10550000000C014030B585B0002301930293039352
:10551000164A916941F400719161916901F4007139
:1055200000910099516821F4404141F400415160DB
:105530000F4CA2F56C422260A360237323754FF4D5
:105540006022E261636001252561204600F09EFB38
:10555000019502950723039301A9204600F086FADE
:10556000204600F001FA05B030BD00BF0010024037
:105570000407002000B58DB000230793089309931A
:105580000A930B9305930693019302930393049359
:105590002148224A02604722426083604FF6FF7230
:1055A000C2600361836100F0ADFD30BB1A4800F0BA
:1055B000D5FD28BB042307935023089300230993A8
:1055C0000B9307A9144800F0EFFEE0B90023059300
:1055D000069305A9104800F0C3FFB8B90022019254
:1055E0000123029303920A23049301A90A4800F0BD
:1055F0000DFE70B90DB05DF804FBFFF744FDD5E773
:10560000FFF741FDD6E7FFF73EFDDFE7FFF73BFD84
:10561000E4E7FFF738FDEDE7340700200004004021
:1056200000B587B0002302930393049305930268A7
:10563000144B9A4202D007B05DF804FB03F5033324
:10564000DA6942F00202DA61DA6902F002020092DB
:10565000009A9A6942F004029A619B6903F004037C
:105660000193019B4023029302A9074801F082FBAA
:10567000002205211D2001F0D7FC1D2001F0E4FCD3
:10568000D9E700BF000400400008014070B506469D
:105690000024002515E036F81400FFF795FA0F49AD
:1056A000FFF7EAFA0E49FFF79BFB0E49FFF7DAF91D
:1056B0000146FFF7E1FA01462846FFF7D5F905460E
:1056C00001341D2CE7DD08492846FFF789FBFEF76A
:1056D000A9FC0649FFF784FB70BD00BF333353407C
:1056E00000F07F453333D33F0000F041CDCC4C3E3A
:1056F00008B50A480A4B03604FF4E13343600023C6
:105700008360C36003610C2242618361C36102F064
:105710002CFB00B908BDFFF7B6FCFBE77C070020B7
:105720000038014010B586B0002302930393049320
:1057300005930268174B9A4201D006B010BD03F5DD
:1057400058439A6942F480429A619A6902F480420D
:105750000092009A9A6942F004029A619B6903F0F0
:1057600004030193019B4FF40073029302230393FC
:1057700003230593084C02A9204601F0FBFA4FF4DD
:105780008063029300230393049302A9204601F04F
:10579000F1FAD2E700380140000801402DE9F0415C
:1057A00086B0114D28604FF008088DF817804FF033
:1057B000FF370297012401940DF117060096234646
:1057C0002D22A62101F0B6FF8DF8178002970194D3
:1057D000009623463122A621286801F0ABFF002065
:1057E00006B0BDE8F08100BFC407002070B586B0E8
:1057F00006460D4614464FF0FF33029306230193ED
:1058000004AB009301233222A6210E48006802F067
:1058100043F89DF811209DF8103043EA02233380AD
:105820009DF813209DF8123043EA02232B809DF847
:1058300015209DF8143043EA02232380002006B08F
:1058400070BD00BFC4070020FEE7FEE7FEE7FEE7ED
:10585000FEE7704708B5024800F063FB08BD00BFD3
:10586000C807002008B5024800F05BFB08BD00BF78
:105870003407002000B583B0114B9A6942F0010251
:105880009A619A6902F001020092009ADA6942F084
:105890008052DA61DB6903F080530193019B00229F
:1058A0000F216FF0010001F0BFFB064A536823F09F
:1058B000E06343F00073536003B05DF804FB00BF86
:1058C000001002400000014030B589B00446224B70
:1058D000DA6942F00102DA61DB6903F00103019346
:1058E000019B02A903A801F0BBF9069BD3B901F003
:1058F00097F90346194AA2FB03239B0C013B184866
:105900004FF08042026040F2E732C2604360002301
:1059100003618360836100F0F5FB054630B12846E2
:1059200009B030BD01F07CF94300E3E70C4800F01A
:10593000A7FA05460028F2D11C2001F085FB0F2CA8
:1059400001D90125EBE7002221461C2001F06CFB68
:10595000044B1C60E3E700BF0010024083DE1B43E2
:10596000C8070020CC01002070B582B0002301934D
:1059700090F82430012B72D00446012380F82430A3
:1059800000F058F9204600F011F9054628B100232F
:1059900084F82430284602B070BDA36A23F48853EB
:1059A00023F0020343F00203A3622E4B1E68022081
:1059B00001F074F9B6FBF0F67600019602E0019B67
:1059C000013B0193019B002BF9D12268936843F0BE
:1059D0000803936000F01AFE064623689A6812F0E6
:1059E000080F14D000F012FE801B0A28F5D9236896
:1059F0009B6813F0080FF0D0A36A23F0120343F062
:105A00001003A362002384F824300125C2E79A68BA
:105A100042F004029A6000F0F9FD064623689B6894
:105A200013F0040F14D000F0F1FD801B0A28F5D903
:105A300023689B6813F0040FF0D0A36A23F01203CD
:105A400043F01003A362002384F824300125A1E76A
:105A5000A36A23F0030343F00103A36297E702253F
:105A600098E700BFD00100207047000030B482B03A
:105A70000022019290F82420012A00F08F80034632
:105A8000012280F824204A68062A2DD80468606B19
:105A900002EB8202053A4FF01F0C0CFA02FC20EADE
:105AA0000C000D6805FA02F2024362630A68092AD3
:105AB00038D91C68E06802EB42021E3A4FF0070C2E
:105AC0000CFA02FC20EA0C008D6805FA02F202438F
:105AD000E2600A68103A012A34D90020002283F8D3
:105AE000242002B030BC70470C2A0DD80568286B02
:105AF00002EB8202233A1F24944020EA04000C683F
:105B0000944020432863D1E70568E86A02EB8202EB
:105B1000413A1F24944020EA04000C68944020433A
:105B2000E862C3E71C68206902EB42024FF0070CF1
:105B30000CFA02FC20EA0C008D6805FA02F202431E
:105B40002261C6E71A681648824205D09A6A42F076
:105B500020029A620120C1E7906810F4000F1BD167
:105B6000906840F4000090600A68102A01D000207C
:105B7000B4E70C4A12680C49A1FB0212920C02EB2A
:105B800082025200019202E0019A013A0192019AC6
:105B9000002AF9D10020A1E700209FE70220A0E71A
:105BA00000240140D001002083DE1B4330B583B0C8
:105BB0000023019303689A6812F0010F33D1044661
:105BC0009A6842F001029A60184B1B68184AA2FBBF
:105BD00003239B0C019302E0019B013B0193019B7A
:105BE000002BF9D100F012FD054623689B6813F0E5
:105BF000010F16D100F00AFD431B022BF5D92368D3
:105C00009B6813F0010FF0D1A36A43F01003A36265
:105C1000E36A43F00103E362002384F824300120A7
:105C200002E0002000E0002003B030BDD0010020E1
:105C300083DE1B4338B503689A6812F0010F01D167
:105C4000002038BD04469A6822F001029A6000F0F4
:105C5000DDFC054623689B6813F0010F13D000F0AC
:105C6000D5FC431B022BF5D923689B6813F0010F69
:105C7000F0D0A36A43F01003A362E36A43F0010388
:105C8000E3620120DDE70020DBE7000000287BD095
:105C900070B50446836A002B4DD02046FFF7CAFF3B
:105CA000A36A13F0100369D1002867D1A26A22F415
:105CB000885222F0020242F00202A2626268E169A6
:105CC0000A43217B42EA4102A568B5F5807F02D0F4
:105CD000012D36D01D46267D012E35D026687168EF
:105CE00021F46941294371602568AE682749314034
:105CF0001143A960A168B1F5807F01D0012902D1CB
:105D00002369013B1B052568E96A21F470010B43F7
:105D1000EB62236899681E4B0B409A4225D0A36A18
:105D200023F0120343F01003A362E36A43F001037C
:105D3000E362012027E0C36280F82430FFF794FE7D
:105D4000ABE74FF48075C6E731B9A169013945EA7F
:105D5000413141F40065C1E7A16A41F02001A1622F
:105D6000E16A41F00101E162B8E70023E362A36A5E
:105D700023F0030343F00103A36204E0A36A43F0AA
:105D80001003A362012070BD01207047FDF7E1FF01
:105D9000FE0E1FFF10B4036A046A24F001040462BB
:105DA000846924F0F00C4CEA021223F00A030B433E
:105DB0008261036210BC704730B4056A046A24F043
:105DC00010040462846924F4407C4CEA022C2CF414
:105DD000704C1B039BB243EA0C0325F0A00509019C
:105DE00001F0A00129438361016230BC704710B407
:105DF000036A046A24F010040462846924F4704C79
:105E00004CEA023223F0A00343EA011382610362E9
:105E100010BC704730B4056A046A24F480740462CC
:105E2000C46924F0030C4CEA020C2CF0F00C1B01AA
:105E3000DBB243EA0C0325F40075090201F400719A
:105E40002943C361016230BC704730B4056A046AFB
:105E500024F480540462C46924F4407C4CEA022C8B
:105E60002CF4704C1B039BB243EA0C0325F4005541
:105E7000090301F400512943C361016230BC70473A
:105E800090F83D30DBB2012B27D1022380F83D3062
:105E90000268D36843F00103D3600368114A934258
:105EA00010D0B3F1804F0DD0A2F59432934209D0B7
:105EB00002F58062934205D01A6842F001021A602E
:105EC000002070479A6802F00702062A07D01A6875
:105ED00042F001021A600020704701207047002044
:105EE000704700BF002C014070470C2914D8DFE830
:105EF00001F0071313130A1313130D1313131000D8
:105F00000368586B70470368986B70470368D86BD9
:105F100070470368186C70470020704770477047DF
:105F2000704770B504460368DE681D6915F0020FFE
:105F300010D016F0020F0DD06FF002021A6101238B
:105F4000037703689B6913F0030F5ED0FFF770F8C7
:105F50000023237715F0040F12D016F0040F0FD092
:105F600023686FF004021A610223237723689B6978
:105F700013F4407F4FD02046FFF75AF800232377D1
:105F800015F0080F12D016F0080F0FD023686FF02D
:105F900008021A61042323772368DB6913F0030FD7
:105FA00040D02046FFF744F80023237715F0100F68
:105FB00012D016F0100F0FD023686FF010021A6184
:105FC000082323772368DB6913F4407F31D0204610
:105FD000FFF72EF80023237715F0010F02D016F0FB
:105FE000010F2DD115F0800F02D016F0800F2FD1A8
:105FF00015F0400F02D016F0400F31D115F0200FF0
:1060000002D016F0200F33D170BDFFF787FF204676
:10601000FFF785FF9CE72046FFF780FF2046FFF74C
:106020007EFFABE72046FFF779FF2046FFF777FFBB
:10603000BAE72046FFF772FF2046FFF770FFC9E777
:1060400023686FF001021A612046FFF713F8C9E7D1
:1060500023686FF080021A61204600F0B8FAC7E7A3
:1060600023686FF040021A612046FFF759FFC5E729
:1060700023686FF020021A61204600F0A7FAC3E7F8
:1060800003681F4A90420AD0B0F1804F07D0A2F5B2
:106090009432904203D002F58062904203D123F003
:1060A00070034A681343164A90420AD0B0F1804FF9
:1060B00007D0A2F59432904203D002F5806290425C
:1060C00003D123F44073CA68134323F080034A6961
:1060D000134303608B68C3620B688362084B98426A
:1060E0000AD001234361036913F0010F03D0036950
:1060F00023F00103036170470B690363F1E700BFFD
:10610000002C014040B310B5044690F83D30F3B187
:10611000022384F83D30214651F8040BFFF7B0FF0D
:10612000012384F8463084F83E3084F83F3084F808
:10613000403084F8413084F8423084F8433084F8A9
:10614000443084F8453084F83D30002010BD80F89C
:106150003C30FFF765FADBE70120704740B310B52C
:10616000044690F83D30F3B1022384F83D302146D7
:1061700051F8040BFFF784FF012384F8463084F8BC
:106180003E3084F83F3084F8403084F8413084F861
:10619000423084F8433084F8443084F8453084F841
:1061A0003D30002010BD80F83C30FFF79DFEDBE75E
:1061B0000120704770B4056A046A24F00104046287
:1061C0008469114EB0420DD0B0F1804F0AD0A6F5CF
:1061D0009436B04206D006F58066B04202D044F054
:1061E000010202E024F00304224322F0F0021B012A
:1061F000DBB2134325F00A0201F00A011143836167
:10620000016270BC704700BF002C014038B590F8A7
:106210003C30012B5ED004460D46012380F83C3013
:106220000C2A52D8DFE802F007515151195151514F
:106230002C5151513E00CB684A6809680068FFF74D
:10624000B9FF2268936923F00C0393612268936974
:10625000A9680B439361002038E0CB684A6809685D
:106260000068FFF7A9FD2268936923F440639361F6
:1062700022689369A96843EA01239361002025E01D
:10628000CB684A6809680068FFF7C4FD2268D369D3
:1062900023F00C03D3612268D369A9680B43D3614F
:1062A000002013E0CB684A6809680068FFF7CDFD5D
:1062B0002268D36923F44063D3612268D369A96853
:1062C00043EA0123D361002000E00120002384F889
:1062D0003C3038BD0220FCE710B4846824F47F4CC5
:1062E00042EA03220A4342EA0C02826010BC704771
:1062F00010B50468A26822F070024B68134323F0C3
:1063000007030A681A43A2604B68502B30D00BD9A0
:10631000602B34D0702B43D10B698A68C968006840
:10632000FFF7DAFF002010BD402B0CD02ED8202B19
:106330002ED004D873B3102B2ED10020F3E7302BCE
:106340002CD10020EFE70B68052B2BD003681C6ACB
:106350001A6A22F001021A620268936923F0F003BC
:10636000096943EA0113936103681C620020DAE7BC
:106370000A6989680068FFF70DFD0020D3E70A6904
:1063800089680068FFF733FD0020CCE70120CAE7E9
:106390000020C8E70020C6E70120C4E70120C2E7CB
:1063A0000120C0E70120BEE790F83C30012B22D04D
:1063B00010B50446012380F83C30022380F83D30BC
:1063C000FFF796FF80B92268D36823F04003D360BB
:1063D0002268D36823F48043D360012384F83D30DE
:1063E000002384F83C3010BD012084F83D000023D8
:1063F00084F83C30F7E70220704701F01F014FF0AE
:10640000010C0CFA01FC036A23EA0C030362036A21
:106410008A4013430362704710B504460B46F1B936
:1064200090F83E00C0B253BB94F84220D2B201288B
:1064300040F08E80012A40F08C8083BB022184F8DA
:106440003E1084F842100C2B00F28480DFE803F049
:106450006982828241828282638282826F00042901
:1064600005D0082907D090F84100C0B2DBE790F8CA
:106470003F00C0B2D7E790F84000C0B2D3E7042B8A
:1064800005D0082B07D094F84520D2B2CFE794F876
:106490004320D2B2CBE794F84420D2B2C7E7042B12
:1064A0000CD0082B0ED0022184F84110042B0DD003
:1064B000082B2DD0022184F84510C4E7022184F86E
:1064C0003F10F3E7022184F84010EFE7022284F83E
:1064D00043202168CA6842F00402CA6001221946BA
:1064E0002068FFF78AFF23681C4A934225D0B3F146
:1064F000804F22D0A2F5943293421ED002F58062E2
:1065000093421AD01A6842F001021A60002020E07B
:10651000022284F844202168CA6842F00802CA6056
:10652000DCE72168CA6842F00202CA60D6E7216847
:10653000CA6842F01002CA60D0E79A6802F0070207
:10654000062A09D01A6842F001021A60002000E011
:10655000012010BD1046FCE70020FAE7002C0140A6
:1065600090F83C20012A2CD010B40346012280F878
:106570003C20022280F83D2002685068946820F098
:10658000700C086840EA0C0050601A680E4882429D
:106590000AD0B2F1804F07D0A0F59430824203D0E8
:1065A00000F58060824204D124F0800449682143D0
:1065B0009160012283F83D20002083F83C0010BC4C
:1065C00070470220704700BF002C014070477047A1
:1065D00008B5074A136843F010031360032000F066
:1065E00011FD0F20FFF770F9FFF744F9002008BDF7
:1065F00000200240034A1168034B1B780B441360D0
:10660000704700BF10080020C8010020014B186827
:10661000704700BF1008002082B0084B1B68084A72
:10662000A2FB03235B0A00FB03F3019300BF019B62
:106630005A1E0192002BF9D102B07047D001002000
:10664000D34D6210002800F0F18170B582B004468D
:10665000036813F0010F2CD0994B5B6803F00C0317
:10666000042B1DD0964B5B6803F00C03082B12D053
:106670006368B3F5803F41D0002B55D103F18043CF
:1066800003F504331A6822F480321A601A6822F47F
:1066900080221A6037E08A4B5B6813F4803FE7D0B2
:1066A000874B1B6813F4003F03D06368002B00F096
:1066B000BF81236813F0020F75D0814B5B6813F024
:1066C0000C0F5FD07E4B5B6803F00C03082B54D09B
:1066D0002369002B00F08A807A4B01221A60FFF7B1
:1066E00095FF0546764B1B6813F0020F75D1FFF737
:1066F0008DFF401B0228F5D903209EE1704A1368E4
:1067000043F480331360636843B3FFF77FFF0546AC
:106710006B4B1B6813F4003FCBD1FFF777FF401B97
:106720006428F5D9032088E1B3F5A02F09D0644B84
:106730001A6822F480321A601A6822F480221A60E1
:10674000E1E703F18043A3F53C331A6842F4802269
:106750001A601A6842F480321A60D4E7FFF756FFD5
:106760000546574B1B6813F4003FA2D0FFF74EFFBE
:10677000401B6428F5D903205FE1514B5B6813F49B
:10678000803FA5D14E4B1B6813F0020F03D0236945
:10679000012B40F04F814A4A136823F0F8036169E6
:1067A00043EAC1031360236813F0080F33D0A369D1
:1067B000002B5CD0434B0122C3F88024FFF726FF57
:1067C00005463F4B5B6A13F0020F21D1FFF71EFF16
:1067D000401B0228F5D903202FE1394A136823F022
:1067E000F803616943EAC1031360DCE7354B00221B
:1067F0001A60FFF70BFF0546314B1B6813F0020FC1
:10680000D1D0FFF703FF401B0228F5D9032014E184
:106810000120FFF701FF236813F0040F00F09680BA
:10682000274BDB6913F0805F34D1254BDA6942F0E6
:106830008052DA61DB6903F080530193019B0125EB
:10684000214B1B6813F4807F26D0E368012B3DD0D9
:10685000002B53D103F1804303F504331A6A22F06D
:1068600001021A621A6A22F004021A6233E0154B1E
:106870000022C3F88024FFF7C9FE0546104B5B6A6F
:1068800013F0020FC7D0FFF7C1FE401B0228F5D955
:106890000320D2E00025D3E70B4A136843F480734A
:1068A0001360FFF7B3FE0646074B1B6813F4807FA7
:1068B000CBD1FFF7ABFE801B6428F5D90320BCE0E9
:1068C0000010024000004242007000405F4A136A1C
:1068D00043F001031362E36833B3FFF797FE064604
:1068E0005A4B1B6A13F0020F2FD1FFF78FFE801B4C
:1068F00041F288339842F3D903209EE0052B09D05A
:10690000524B1A6A22F001021A621A6A22F0040239
:106910001A62E0E74D4B1A6A42F004021A621A6AE0
:1069200042F001021A62D6E7FFF770FE0646474BB7
:106930001B6A13F0020F08D0FFF768FE801B41F2BC
:1069400088339842F3D9032077E0E5B9E369002B57
:1069500072D03E4A526802F00C02082A56D0022B2E
:1069600017D03B4B00221A66FFF750FE0446374B08
:106970001B6813F0007F47D0FFF748FE001B02287A
:10698000F5D9032059E0314AD36923F08053D3610C
:10699000DCE72F4B00221A66FFF738FE05462B4B2B
:1069A0001B6813F0007F06D0FFF730FE401B022863
:1069B000F5D9032041E0236AB3F5803F1AD023497B
:1069C0004B6823F47413226A606A024313434B60DA
:1069D0001F4B01221A66FFF719FE04461B4B1B686A
:1069E00013F0007F0ED1FFF711FE001B0228F5D92E
:1069F000032022E0154A536823F40033A1680B43B7
:106A00005360DCE7002018E0002016E0012B16D0D0
:106A10000E4B5B6803F48031226A914211D103F47A
:106A20007013626A93420ED1002006E00120704785
:106A3000012002E0012000E0002002B070BD012032
:106A4000FBE70120F9E70120F7E700BF0010024053
:106A5000000042420F4B5B6803F00C02082A01D091
:106A60000D487047C3F383420C49885C13F4803FA0
:106A70000BD0084B5B68C3F34043094AD35C064A1A
:106A800002FB00F0B0FBF3F07047064B03FB00F095
:106A9000704700BF0010024000127A00C098000842
:106AA000BC98000800093D00002800F0A08070B5E7
:106AB0000D460446524B1B6803F007038B420BD272
:106AC0004F4A136823F007030B431360136803F066
:106AD00007038B4240F08D80236813F0020F17D01C
:106AE00013F0040F04D0474A536843F4E063536043
:106AF000236813F0080F04D0424A536843F46053EC
:106B00005360404A536823F0F003A1680B4353607D
:106B1000236813F0010F31D06368012B20D0022BC2
:106B200025D0384A126812F0020F64D035494A68FD
:106B300022F0030213434B60FFF768FD0646314B1A
:106B40005B6803F00C036268B3EB820F16D0FFF7AB
:106B50005DFD801B41F288339842F0D9032045E067
:106B6000284A126812F4003FE0D101203EE0254A95
:106B7000126812F0007FD9D1012037E0204B1B684A
:106B800003F00703AB420AD91D4A136823F0070339
:106B90002B431360136803F00703AB422DD1236826
:106BA00013F0040F06D0174A536823F4E063E1683A
:106BB0000B435360236813F0080F07D0114A536842
:106BC00023F46053216943EAC1035360FFF742FF96
:106BD0000C4B5B68C3F303130B4AD35CD8400B4BDD
:106BE00018600B4B1868FEF76FFE002070BD012087
:106BF00070470120FAE70120F8E70120F6E700BF1F
:106C00000020024000100240EC980008D001002053
:106C1000CC010020014B1868704700BFD001002054
:106C200008B5FFF7F7FF044B5B68C3F30223034A81
:106C3000D35CD84008BD00BF00100240E4980008B3
:106C400008B5FFF7E7FF044B5B68C3F3C223034AB1
:106C5000D35CD84008BD00BF00100240E498000893
:106C60000F2303600B4B5A6802F0030242605A681C
:106C700002F0F00282605A6802F4E062C2605B686F
:106C8000DB0803F4E0630361034B1B6803F00703B5
:106C90000B607047001002400020024008B5022837
:106CA0004ED0102803D0012828D0002052E02B4BD2
:106CB0005A68186810F080704CD0C2F3834328499A
:106CC000C85C12F4803F15D0244B5B68C3F340438B
:106CD000244AD25C244BB3FBF2F303FB00F01F4BBE
:106CE0005B6813F4800F35D14000204BA3FB0030CC
:106CF00040082FE01E4B03FB00F0F0E7174B1B6A28
:106D000040F202321A40B2F5817F24D003F440737E
:106D1000B3F5007F04D0B3F5407F09D0002019E01F
:106D20000E4A526A12F0020FF5D049F6404011E0C7
:106D30000A4B186810F400300CD04FF2244009E0E0
:106D4000FFF77EFF054B5B68C3F3813301335B00C4
:106D5000B0FBF3F008BD4FF40040FBE70010024029
:106D6000D4980008D098000800127A00ABAAAAAA0A
:106D700000093D0070B582B00024A446A1E07E4D1C
:106D8000AB4214D00CD8A5F58015AB420FD005F559
:106D90007025AB420BD0A5F58015AB4210D106E0B3
:106DA000764DAB4203D005F58035AB4208D18B68F8
:106DB000002B50D0012B49D04261082400E0CC6860
:106DC000BEF1FF0F49D806464FEA8C0233680F2503
:106DD000954023EA050304FA02F2134333604B683B
:106DE00013F0805F6BD0664B9A6942F001029A61A2
:106DF0009B6903F001030193019B4FEA9C02951CE0
:106E0000604B53F825600CF00305AD000F23AB4039
:106E100026EA03065C4B984226D003F5806398422D
:106E200000F08C8003F58063984200F0898003F5C0
:106E30008063984216D0042317E0CC680434BFE77F
:106E4000CC680834BCE7CC680C34B9E7026108248C
:106E5000B6E70024B4E70424B2E7061DACF108024B
:106E60009200B3E7032300E00023AB403343023238
:106E7000444D45F822304B6813F4801F62D0434ADA
:106E8000936843EA0E0393604B6813F4001F5FD0CE
:106E90003E4AD36843EA0E03D3604B6813F4003FC5
:106EA0005CD03A4A536843EA0E0353604B6813F4CC
:106EB000803F59D0354A136843EA0E0313600CF142
:106EC000010C0B6833FA0CF254D0012202FA0CF2D6
:106ED00003EA020E32EA0303F1D14B68122B3FF6AC
:106EE0004EAF122B3FF66CAF01A555F823F000BF53
:106EF000AF6D0008BF6D0008416E0008536E0008BA
:106F0000C16D0008C16D0008C16D0008C16D0008A9
:106F1000C16D0008C16D0008C16D0008C16D000899
:106F2000C16D0008C16D0008C16D0008C16D000889
:106F3000C16D00083B6E0008476E0008012394E70E
:106F4000022392E7114A936823EA0E0393609BE7BA
:106F50000E4AD36823EA0E03D3609EE70B4A5368B8
:106F600023EA0E035360A1E7084A136823EA0E03DD
:106F70001360A4E702B070BD0000221000003110C1
:106F800000100240000001400008014000040140E0
:106F90000AB101617047090401617047002808DBEC
:106FA0000901C9B200F1604000F5614080F80013AA
:106FB000704700F00F000901C9B2014B1954704726
:106FC00014ED00E000B500F00700C0F1070CBCF1C3
:106FD000040F28BF4FF0040C031D062B0FD9C31E4E
:106FE0004FF0FF3E0EFA0CF021EA000199400EFA34
:106FF00003FE22EA0E0241EA02005DF804FB0023D0
:10700000EEE70000074AD36823F4E0631B041B0C7F
:10701000000200F4E060034343F0BF6343F4003335
:10702000D360704700ED00E010B50446054BD8680A
:10703000C0F30220FFF7C6FF01462046FFF7AEFF70
:1070400010BD00BF00ED00E0002807DB00F01F02CC
:10705000400901239340024A42F82030704700BFA4
:1070600000E100E003685A6912F4806F01D100204A
:1070700070476FF480625A6100230363202280F816
:107080003D2080F83E30026C42F00402026480F839
:107090003C30012070472DE9F04106460C4617466A
:1070A00098463BE0FFF7B2FA069BC01A404502D86B
:1070B000B8F1000F32D1012D18D033689B6924EA52
:1070C00003039BB2B3FA83F35B099F4226D10023EB
:1070D0003363202286F83D2086F83E30326C42F041
:1070E0002002326486F83C30012027E033685B6977
:1070F00024EA03039BB2B3FA83F35B09E5E7336841
:107100005B6924EA030C1FFA8CFCBCFA8CFC4FEA86
:107110005C1C674511D1B8F1FF3FC3D1C4F30745EB
:10712000012DECD033689B6924EA030C1FFA8CFC18
:10713000BCFA8CFC4FEA5C1CEBE70020BDE8F08158
:107140002DE9F84305460E469046994653E01A68E5
:1071500042F400721A602B686FF480625A61002357
:107160002B63202285F83D2085F83E302A6C42F0C2
:1071700004022A6485F83C3001204AE0FFF746FA11
:10718000A0EB0900404502D8B8F1000F33D1012F20
:1071900017D02B689B6926EA03039BB2003B18BFFC
:1071A000012343B300232B63202285F83D2085F87B
:1071B0003E302A6C42F020022A6485F83C300120DF
:1071C00027E02B685B6926EA03039BB2003B18BFEC
:1071D0000123E6E72B689C6926EA0404A4B2003C7C
:1071E00018BF0124A4B12B685A6912F4806FAED184
:1071F000B8F1FF3FC2D1C6F30747012FEAD12B6890
:107200005C6926EA0404A4B2003C18BF0124E9E743
:107210000020BDE8F88370B504460D461646236885
:107220005B6913F0800F21D12046FFF71BFFF8B9EF
:10723000B5F1FF3FF3D0FFF7E9F9801BA84201D871
:10724000002DECD123685B6913F0800FE7D1002398
:107250002363202284F83D2084F83E30226C42F0E3
:107260002002226484F83C30012000E0002070BD40
:107270000120FCE72DE9F04385B004460D46914618
:107280001F46DDF830800D9E0368196841F4807157
:1072900019600096434600224FF00111FFF7FBFEF4
:1072A00060B9236805F0FE051D6133464246264954
:1072B0002046FFF745FF68B1012008E023681B68FE
:1072C00013F4807F02D04FF400732364032005B0D1
:1072D000BDE8F0830023039323685A6903929B69F6
:1072E0000393039B324641462046FFF794FF30B993
:1072F000012F0FD123685FFA89F61E61E7E7236C3F
:10730000042B01D00120E2E72268136843F40073E4
:107310001360F7E723684FEA19221A6132464146A3
:107320002046FFF778FF20B923685FFA89F61E61CF
:10733000CDE7236C042B01D00120C8E72268136835
:1073400043F400731360F7E7020001002DE9F047F2
:1073500084B004460D46164699460C9FDDF83480ED
:107360000268136843F4806313600368196841F48A
:1073700080711960CDF800803B4600224FF001116A
:10738000FFF789FE70B95FFA85FA236805F0FE05FC
:107390001D6143463A4641492046FFF7D1FE68B198
:1073A000012008E023681B6813F4807F02D04FF4AB
:1073B00000732364032004B0BDE8F0870023039327
:1073C00023685A6903929B690393039B424639469B
:1073D0002046FFF720FF80B9B9F1010F18D12368CB
:1073E000F6B21E61424639462046FFF714FF68B3E5
:1073F000236C042B24D00120DDE7236C042B01D067
:107400000120D8E72268136843F400731360F7E79C
:107410002368320A1A61424639462046FFF7FBFECE
:1074200018B92368F6B21E61DCE7236C042B01D087
:107430000120C0E72268136843F400731360F7E784
:107440002268136843F400731360D4E7226813685A
:1074500043F480731360CDF800803B4600224FF068
:1074600001112046FFF717FE68B922684AF00103B0
:10747000136143463A4609492046FFF761FE00285A
:1074800099D0012097E723681B6813F4807F02D00E
:107490004FF40073236403208DE700BF0200010056
:1074A00070B504460D46164623685B6913F0040F59
:1074B00021D12046FFF7D6FDF8B9B5F1FF3FF3D053
:1074C000FFF7A4F8801BA84201D8002DECD1236857
:1074D0005B6913F0040FE7D100232363202284F8B3
:1074E0003D2084F83E30226C42F02002226484F871
:1074F0003C30012000E0002070BD0120FCE770B5A9
:1075000004460D46164614E06FF010025A6100233F
:107510002363202284F83D2084F83E30226C2264CC
:1075200084F83C30012025E023685B6913F0400FAC
:1075300010D02368586910F0400F1AD1586910F024
:10754000100FE1D1FFF762F8801BA842ECD8002DA4
:10755000EFD1E9E700232363202284F83D2084F85B
:107560003E30226C42F02002226484F83C3001203C
:1075700000E0002070BD0000002800F0CC8070B555
:10758000044690F83D30002B77D0242384F83D301A
:107590002268136823F0010313602268136843F420
:1075A000004313602268136823F400431360FFF75D
:1075B00037FB62685A4B9A4264D85A4B98428CBF48
:1075C00000230123002B40F0A8805749A1FB003184
:1075D0008B0C25686A6822F03F0242EA91426A6099
:1075E00021680A6A22F03F0266684D4DAE424FD8CC
:1075F000013313430B622168CA6922F44F4222F01F
:10760000FF026568464B9D424CD8431E6D00B3FB9C
:10761000F5F3013340F6FC70034278D0C3F30B035B
:107620001A43CA6121680B6823F0C003E269206A2B
:10763000024313430B6021688B6823F4034323F058
:10764000FF032269E068024313438B602168CB6823
:1076500023F0FF036269A06902431343CB602268F1
:10766000136843F00103136000202064202384F892
:107670003D30206384F83E0070BD80F83C30FDF75B
:107680000FFF82E7294B98428CBF0023012399E723
:107690004FF4967505FB03F3254DA5FB03539B099A
:1076A0000133A6E7A668BEB9431E05EB450CB3FB44
:1076B000FCF30133C3F30B03B3FA83F35B0943BB5E
:1076C000C6B9431E05EB4505B3FBF5F30133C3F320
:1076D0000B0343F40043A3E7431E05EB850C0CEBBF
:1076E0008C0CB3FBFCF30133C3F30B03B3FA83F34A
:1076F0005B09E4E7431E05EB850505EB8505B3FB58
:10770000F5F30133C3F30B0343F4404388E7042349
:1077100086E7012384E7012070470120ACE700BF22
:10772000A08601007F841E0083DE1B43FF083D000E
:10773000D34D62102DE9F04383B004460F469046C6
:1077400099460C9EFEF762FF054694F83D00C0B2D4
:10775000202803D0022003B0BDE8F0830095192350
:1077600001224B492046FFF796FC002840F0898013
:1077700094F83C30012B00F08680012384F83C30E3
:1077800023681A6812F0010F03D11A6842F001024F
:107790001A602268136823F400631360212384F8BD
:1077A0003D30402384F83E30002323640A9B63620B
:1077B000BDF82C306385638D2385364BE3620195DC
:1077C00000964B46424639462046FFF753FD0028B7
:1077D0005BD1238D002B35D02A4631462046FFF75A
:1077E0001AFD20BB626A236812781A61626A531C10
:1077F0006362218D013989B22185638D9BB2013B82
:107800009BB263852368586910F0040FE1D000290A
:10781000DFD052781A61636A01336362238D013BC2
:107820002385638D9BB2013B9BB26385D1E7236CBB
:10783000042B01D001208EE72268136843F4007303
:107840001360F7E72A4631462046FFF729FE50B17C
:10785000236C042B01D001207DE72268136843F4D8
:1078600000731360F7E72268136843F40073136032
:10787000202384F83D30002384F83E3084F83C30E7
:1078800069E7022067E7022065E7012063E700BFA0
:10789000020010000000FFFF2DE9F04389B004460C
:1078A0000F4690469946129E00230793FEF7AEFEC0
:1078B000054694F83D00C0B2202804D0022738467F
:1078C00009B0BDE8F08300951923012281492046C3
:1078D000FFF7E1FB002840F07C8194F83C30012B5D
:1078E00000F07981012384F83C3023681A6812F093
:1078F000010F03D11A6842F001021A60226813686E
:1079000023F400631360222384F83D30402384F87D
:107910003E3000232364109B6362BDF844306385CE
:10792000638D23856C4BE362019500964B4642467E
:1079300039462046FFF70AFD0746002840F04D81F2
:10794000238D5BB9039323685A6903929A69039262
:10795000039A1A6842F400721A60F2E0012B0FD009
:10796000022B21D02268136843F480631360002344
:10797000069323685A6906929B690693069BE0E08A
:107980002268136823F48063136072B600230493A3
:1079900023685A6904929A690492049A1A6842F414
:1079A00000721A6062B6CCE02268136843F4006388
:1079B000136072B60023059323685A6905929A6989
:1079C0000592059A1A6822F480621A6062B6B8E0DD
:1079D0002A4631462046FFF792FD002840F0FF80FE
:1079E00023681A69636A1A70636A01336362238DBC
:1079F000013B2385638D9BB2013B9BB26385A0E075
:107A000000953346002235492046FFF744FB002805
:107A100040F0E9802268136823F48063136072B633
:107A200023681A69636A1A70636A01336362238D7B
:107A3000013B2385638D9BB2013B9BB26385284B41
:107A40001B68DB08274AA2FB03231B0A03EB830303
:107A5000C3EBC3030793079B013B0793079B002BD3
:107A600028D023685A6912F0040FF4D01A6842F43F
:107A700000721A6023681A69636A1A70636A0133B4
:107A80006362238D013B2385638D9BB2013B9BB2D7
:107A9000638562B623681A69636A1A70636A013380
:107AA0006362238D013B2385638D9BB2013B9BB2B7
:107AB000638546E02363202284F83D2084F83E302D
:107AC000226C42F02002226462B684F83C30012726
:107AD000F5E600BF020010000000FFFF04000100F7
:107AE000D001002089B5F8142A4631462046FFF718
:107AF00006FD002879D123681A69636A1A70636ADF
:107B000001336362228D013A92B22285638D9BB26A
:107B1000013B9BB263852368596911F0040F10D0B3
:107B2000032A48D023681A69636A1A70636A0133AA
:107B30006362238D013B2385638D9BB2013B9BB226
:107B40006385238D002B3BD0032BCDD8012B3FF435
:107B50003FAF022B7FF454AF0095334600222449F7
:107B60002046FFF798FA00283BD172B622681368C6
:107B700043F40073136023681A69636A1A70636AB6
:107B800001336362238D013B2385638D9BB2013BEF
:107B90009BB2638562B623681A69636A1A70636A66
:107BA00001336362238D013B2385638D9BB2013BCF
:107BB0009BB26385C5E71A6822F480621A60B1E758
:107BC000202384F83D30002384F83E3084F83C3094
:107BD00075E6022773E6022771E601276FE60127A3
:107BE0006DE601276BE6012769E6012767E600BF1E
:107BF00004000100026802F10C0353E8003F23F483
:107C000090730C3242E800310029F3D1026802F18E
:107C1000140353E8003F23F00103143242E800311B
:107C20000029F3D1036B012B05D0202380F84230CB
:107C3000002303637047026802F10C0353E8003F1E
:107C400023F010030C3242E800310029F3D1ECE7B5
:107C500010B504460268136923F44053C1680B430E
:107C6000136183680269134342691A430168CB6850
:107C700023F4B05323F00C031343CB600268536921
:107C800023F4407381690B4353610268134B9A429A
:107C900020D0FEF7C5FF024602EB820202EB820211
:107CA00063689B00B2FBF3F20D48A0FB0231490967
:107CB000642303FB11231B013233A0FB03035B0985
:107CC00003F0F00202EB011203F00F0321681344EA
:107CD0008B6010BDFEF7B4FF0246DDE700380140BF
:107CE0001F85EB512DE9F04383B005460E4617463C
:107CF0009946DDF828802B681C6836EA04040CBF1E
:107D000001240024BC4228D1B8F1FF3FF3D0FEF794
:107D10007DFCA0EB0900404523D8B8F1000F22D02C
:107D20002B68DA6812F0040FE5D0802EE3D0402EE5
:107D3000E1D01A6812F0080FDDD0002401941A680F
:107D400001925B680193019B2846FFF753FF0823CC
:107D50006B6485F84040012000E0002003B0BDE8DE
:107D6000F0830320FAE70320F8E760B310B5044678
:107D700090F8413013B3242384F841302268D3684B
:107D800023F40053D3602046FFF762FF2268136993
:107D900023F4904313612268536923F02A0353614B
:107DA0002268D36843F40053D3600020606420232A
:107DB00084F8413084F84230606310BD80F8403070
:107DC000FDF7B0FCD7E7012070472DE9F04182B004
:107DD0001E4690F84130DBB2202B56D104460D46AA
:107DE0009046002955D00AB901204FE00023436492
:107DF000212380F84130FEF709FC0746A4F82480CF
:107E0000A4F82680A368B3F5805F02D04FF0000885
:107E100014E023692BB34FF000080FE0202384F80F
:107E20004130032032E038F8023B2268C3F30803F4
:107E30005360E28C92B2013A92B2E284E38C9BB23C
:107E400093B100963B46002280212046FFF74AFF6F
:107E50000028E3D1002DE6D015F8012B23685A60E5
:107E6000E7E7A8460025E9E700963B4600224021C7
:107E70002046FFF737FF18B9202384F8413005E08A
:107E8000202384F84130032000E0022002B0BDE846
:107E9000F0810120FAE7704700F1080343604FF0DA
:107EA000FF328260C36003610023036070470023D8
:107EB0000361704743684B609A688A6051609960BB
:107EC0000861036801330360704730B40D68B5F191
:107ED000FF3F11D000F108031C465B681A68AA42F4
:107EE000FAD963684B6099608C60616008610368CF
:107EF0000133036030BC70470469F2E703694168ED
:107F000082688A60416851605A68824206D00022C5
:107F100002611A68013A1A601868704782685A60EC
:107F2000F5E710B5044601F015F9A26BE36B9A4230
:107F300004D0002401F030F9204610BD0124F9E7F7
:107F400010B5044601F006F9A36B23B9012401F032
:107F500023F9204610BD0024F9E770B50446154604
:107F6000866B026C5AB903681BB100200136A66308
:107F700070BD806800F0D6FE0023A360F6E76DB9FF
:107F80004068FAF7DBF86368226C13446360A26808
:107F9000934219D3236863602846E7E7C068FAF77D
:107FA000CDF8E368226C51429B1AE3602268934249
:107FB00002D2A3680B44E360022D01D00020D5E774
:107FC00026B1013E0020D1E72846CFE70020CDE7CB
:107FD00008B50346026C62B10846D9681144D960FD
:107FE000D3F808C0614501D31968D960D968FAF798
:107FF000A5F808BD38B5054601F0ACF895F8454040
:1080000064B201E0013C64B2002C0ADD6B6A43B14A
:1080100005F1240000F0DCFD0028F3D000F06CFE38
:10802000F0E7FF2385F8453001F0B6F801F092F84B
:1080300095F8444064B201E0013C64B2002C0ADDD2
:108040002B6943B105F1100000F0C2FD0028F3D008
:1080500000F052FEF0E7FF2385F8443001F09CF871
:1080600038BD38B5E0B10D46044601F073F8236819
:10807000E26B216C01FB0230A0600020A063636012
:10808000013A02FB0133E360FF2384F8443084F8B3
:108090004530FDB9236963B901F07EF8012038BD90
:1080A0004FF0500383F31188BFF36F8FBFF34F8FEF
:1080B000FEE704F1100000F08BFD0028ECD04FF03B
:1080C000E0234FF08052C3F8042DBFF34F8FBFF36E
:1080D0006F8FE1E704F11000FFF7DEFE04F12400EA
:1080E000FFF7DAFED8E710B5034602980C4631B91F
:1080F0000060C36304640121FFF7B3FF10BD026099
:10810000F7E740B94FF0500383F31188BFF36F8F47
:10811000BFF34F8FFEE7F0B583B00D461446064619
:1081200001FB00F0483000F0FDFE074650B100238F
:1081300080F846300090234600F148022946304638
:10814000FFF7D1FF384603B0F0BDF0B585B001921E
:1081500088B10F461D460446B1B1022D20D1E36B14
:10816000012B1DD04FF0500383F31188BFF36F8FA5
:10817000BFF34F8FFEE74FF0500383F31188BFF337
:108180006F8FBFF34F8FFEE7036C002BE5D04FF0EE
:10819000500383F31188BFF36F8FBFF34F8FFEE758
:1081A00000F0B0FD064658B9019B002B48D04FF0B7
:1081B000500383F31188BFF36F8FBFF34F8FFEE738
:1081C00000263DE02A4639462046FFF7C6FE636A90
:1081D0007BB948B14FF0E0234FF08052C3F8042D33
:1081E000BFF34F8FBFF36F8F00F0D6FF012005B0B4
:1081F000F0BD04F1240000F0EBFC0028F4D04FF0B7
:10820000E0234FF08052C3F8042DBFF34F8FBFF32C
:108210006F8FE9E700F0C0FF0020E8E702A800F058
:108220001DFD012619E0002384F8443021E00023DD
:1082300084F8453023E02046FFF7DCFE00F0C2FB67
:1082400000F088FFA26BE36B9A42BBD3022DB9D03A
:10825000019B002BDED0002EE0D000F09DFF00F04F
:108260001DFB00F077FF94F8442052B2B2F1FF3FBB
:10827000D9D094F8452052B2B2F1FF3FD7D000F0E8
:108280008BFF01A902A800F0F5FCD8B92046FFF742
:1082900048FE0028CFD0019904F1100000F080FCC6
:1082A0002046FFF7A7FE00F08DFB0028C8D14FF055
:1082B000E0234FF08052C3F8042DBFF34F8FBFF37C
:1082C0006F8FBDE72046FFF795FE00F07BFB002097
:1082D0008DE7F0B585B0019290B10F460446C1B16B
:1082E00000F010FD064600BB019B002B5ED04FF056
:1082F000500383F31188BFF36F8FBFF34F8FFEE7F7
:108300004FF0500383F31188BFF36F8FBFF34F8F8C
:10831000FEE7036C002BE3D04FF0500383F311888A
:10832000BFF36F8FBFF34F8FFEE700263EE0394665
:108330002046FFF74DFE013DA563236923B900F0F8
:108340002BFF012005B0F0BD04F1100000F040FC4F
:108350000028F4D04FF0E0234FF08052C3F8042DF2
:10836000BFF34F8FBFF36F8FE9E700F015FF0020D9
:10837000E8E702A800F072FC012621E0002384F85F
:10838000443029E0002384F845302BE02046FFF7F5
:1083900031FE00F017FB09E02046FFF72BFE00F04E
:1083A00011FB2046FFF7CCFD00283FD100F0D2FEA4
:1083B000A56B002DBBD1019B002BD6D0002ED8D0B1
:1083C00000F0EAFE00F06AFA00F0C4FE94F84430CF
:1083D0005BB2B3F1FF3FD1D094F845305BB2B3F15B
:1083E000FF3FCFD000F0D8FE01A902A800F042FC68
:1083F0000028D1D12046FFF7A3FD0028C6D001995F
:1084000004F1240000F0CCFB2046FFF7F3FD00F060
:10841000D9FA0028CAD14FF0E0234FF08052C3F8B8
:10842000042DBFF34F8FBFF36F8FBFE7002089E7A5
:10843000084B1B681B6823B9074B4FF0FF321A60CB
:108440007047044B1B68DB68DB685A68024B1A6094
:10845000704700BF840800201C0800202DE9F04769
:1084600007469846089DDDF824900A9C266B02F189
:108470008042013A06EB820626F00706C1B30846A1
:108480004FF0000CBCF10F0F09D810F80C2004EBD2
:108490000C0383F8342012B10CF1010CF2E7002335
:1084A00084F84330062D00D90625E56265644FF057
:1084B000000AC4F848A0201DFFF7F9FC04F11800D9
:1084C000FFF7F5FC2461C5F10705A5616462C4F8F6
:1084D0004CA084F850A042463946304600F012FEC7
:1084E0002060B9F1000F01D0C9F80040BDE8F08765
:1084F000002384F83430D5E738B5002407E004EBD6
:10850000840293000E481844FFF7C6FC0134062C81
:10851000F5D90C4D2846FFF7BFFC0B4C2046FFF762
:10852000BBFC0A48FFF7B8FC0948FFF7B5FC09484F
:10853000FFF7B2FC084B1D60084B1C6038BD00BF44
:10854000B00800209C080020880800206C0800204B
:1085500058080020400800208408002080080020DF
:1085600010B5044600F0F6FD214A1368013313608C
:10857000204B1B685BB1204B1B686BB91D4B1B6804
:10858000DA6AE36A9A4207D81A4B1C6004E0194B76
:108590001C601368012B28D0184A1368013313603C
:1085A000E06A01238340164A11680B43136000EB15
:1085B0008000211D134B03EB8000FFF77BFC00F0D4
:1085C000EBFD0D4B1B687BB10A4B1B68DA6AE36A53
:1085D0009A4209D24FF0E0234FF08052C3F8042DA5
:1085E000BFF34F8FBFF36F8F10BDFFF785FFD3E74A
:1085F0003C0800203C090020300800202008002012
:1086000034080020B008002010B5044690F851301E
:1086100063B1012B11D0022B0ED04FF0500383F326
:108620001188BFF36F8FBFF34F8FFEE7006B00F031
:10863000FBFC204600F0F8FC10BD00F0F5FCFBE769
:108640000F4B1B68D3B110B500F084FD0D4BDB68F8
:10865000DC68201DFFF752FC0B4A1368013B1360D6
:10866000074A1368013B136000F096FD2046FFF7B0
:10867000CBFF034B1B68002BE6D110BD704700BF3A
:1086800054080020580800203C08002008B5FFF7D7
:10869000D7FF074B1B68012BF9D94FF0E0234FF0B0
:1086A0008052C3F8042DBFF34F8FBFF36F8FEEE7F7
:1086B000B008002070B504460D461D4B1E681D4BCA
:1086C00018680430FFF71AFC48B91A4B1B68DB6ABC
:1086D00001229A4018490B6823EA02030B60B4F1A7
:1086E000FF3F0DD03444134B1B685C60A64210D989
:1086F000124B18680F4B19680431FFF7E6FB70BD89
:10870000002DEFD00B4B196804310D48FFF7D2FB59
:10871000F5E70C4B1868074B19680431FFF7D5FBD8
:10872000094B1B68A342EAD9074B1C60E7E700BF6F
:10873000380800203C090020340800208008002070
:1087400040080020840800201C08002030B587B0B5
:108750000B9C7CB10C9DB5B154250495049D542D02
:108760001AD04FF0500383F31188BFF36F8FBFF31C
:108770004F8FFEE74FF0500383F31188BFF36F8FE5
:10878000BFF34F8FFEE74FF0500383F31188BFF321
:108790006F8FBFF34F8FFEE7049D0C9D2C63022467
:1087A00085F8514000240394029505AC01940A9C7D
:1087B0000094FFF753FE0C98FFF7D2FE059807B020
:1087C00030BD2DE9F04385B00746884614461E4665
:1087D000900000F0A7FB08B38146542000F0A2FBF4
:1087E0000546A8B1C0F83090002380F851300393BB
:1087F00002900D9B01930C9B009333462246414609
:108800003846FFF72BFE2846FFF7AAFE012007E0B7
:10881000484600F009FC4FF0FF3001E04FF0FF3018
:1088200005B0BDE8F083000010B588B000240594C1
:10883000069407AA06A905A8FCF78AFD059B0293E2
:10884000069B019300942346079A0E490E48FFF7B2
:108850007DFF0E4B186090B14FF0500383F31188E9
:10886000BFF36F8FBFF34F8F094B4FF0FF321A608A
:10887000084B01221A60084B1C6000F0F5FC08B0A0
:1088800010BD00BF7C9700088D86000818080020E6
:108890001C0800203008002038080020024A136815
:1088A00001331360704700BF14080020F8B53A4B3D
:1088B0001B68002B69D1394B1D6801351D60C5B996
:1088C000374B1B681B6843B14FF0500383F311888B
:1088D000BFF36F8FBFF34F8FFEE7314A1168314B03
:1088E000186810601960304A136801331360FFF78D
:1088F0009FFD2E4B1B68AB423DD900272C4B1B68BC
:10890000DB6A03EB83039A002A4B9B58012B00D9A7
:108910000127294B1B68002B3CD001273AE0012797
:108920001F4B1B681B6843B31D4B1B68DB68DC686F
:1089300063689D4226D3261D3046FFF7DFFAA36AFF
:108940001BB104F11800FFF7D9FAE36A01229A403B
:108950001A49086802430A6003EB83039A00314610
:1089600014481044FFF7A6FAE26A114B1B68DB6A51
:108970009A42D4D2D4E70027D2E70C4B4FF0FF3213
:108980001A60BBE7094A1360B8E70D4A1368013360
:10899000136000273846F8BD14080020380800206E
:1089A0008408002080080020240800201C080020E3
:1089B0003C090020B00800202808002034080020CE
:1089C0002C08002038B5354B1B6843B94FF05003D5
:1089D00083F31188BFF36F8FBFF34F8FFEE700F073
:1089E000B9FB2E4B1A68013A1A601B68002B4FD155
:1089F0002B4B1B680BB900244BE00024294B1B6850
:108A00001BB3284BDB68DC6804F11800FFF776FA2B
:108A1000251D2846FFF772FAE06A01238340224AA7
:108A200011680B43136000EB800029461F4B03EBDA
:108A30008000FFF73FFAE26A1D4B1B68DB6A9A422F
:108A4000DCD31C4B01221A60D8E70CB1FFF7F0FC15
:108A5000194B1C6884B9174B1C68D4B14FF0E02344
:108A60004FF08052C3F8042DBFF34F8FBFF36F8FC9
:108A700001240EE0013C07D0FFF718FF0028F9D0D1
:108A80000C4B01221A60F5E70B4B00221A60E2E75B
:108A9000002400F081FB204638BD00BF14080020F0
:108AA0003C0800206C08002034080020B00800209A
:108AB0003C090020280800202C08002010B5A8B18F
:108AC0000446104B1B6843B14FF0500383F31188E9
:108AD000BFF36F8FBFF34F8FFEE7FFF7DFFE00217D
:108AE0002046FFF7E7FDFFF76DFF48B94FF0E023A1
:108AF0004FF08052C3F8042DBFF34F8FBFF36F8F39
:108B000010BD00BF14080020204B1B681BB1204B78
:108B100001221A6070471E4B00221A601D4B1B6811
:108B2000B3FA83F3DBB2C3F11F0303EB83018A00C3
:108B300019498A5842B94FF0500383F31188BFF3A3
:108B40006F8FBFF34F8FFEE7134803EB83018A005B
:108B5000024451684968516003EB830C4FEA8C0270
:108B600008320244914209D003EB83039A000A4B76
:108B700013445B68DA68094B1A60704748686246BC
:108B80009100054A0A445060EEE700BF1408002037
:108B90002808002034080020B00800203C090020EC
:108BA00058B110B50C46094A11681831FFF78DF914
:108BB00001212046FFF77EFD10BD4FF0500383F3E7
:108BC0001188BFF36F8FBFF34F8FFEE73C09002082
:108BD00038B5C368DC6824B304F118052846FFF7EC
:108BE0008DF9184B1B682BBB251D2846FFF786F90E
:108BF000E06A01238340144A11680B43136000EBC1
:108C000080002946114B03EB8000FFF753F9E26A1D
:108C10000F4B1B68DB6A9A4211D901200D4B18607B
:108C200038BD4FF0500383F31188BFF36F8FBFF34C
:108C30004F8FFEE729460848FFF73CF9E7E7002099
:108C4000EEE700BF1408002034080020B008002020
:108C50003C090020280800206C080020034B1B68FA
:108C60000360034B1B684360704700BF240800206B
:108C700038080020D8B170B50C46054601B300F0A5
:108C800069FA1B4B19686B68C81A2268B2F1FF3F7A
:108C900027D0184E3668D5F800C0B44501D08B42B5
:108CA00024D9824215D80023236001241AE04FF012
:108CB000500383F31188BFF36F8FBFF34F8FFEE72D
:108CC0004FF0500383F31188BFF36F8FBFF34F8FC3
:108CD000FEE75B1A134423602846FFF7BFFF00241A
:108CE00000E0002400F058FA204670BD0124F9E7A6
:108CF0003808002024080020014B01221A60704728
:108D000028080020054B1B6833B1054B1B680BB1CD
:108D10000020704702207047012070473008002073
:108D20001408002000284BD038B50446264B1B6899
:108D3000834208D04FF0500383F31188BFF36F8F45
:108D4000BFF34F8FFEE7836C43B94FF0500383F3BB
:108D50001188BFF36F8FBFF34F8FFEE7013B836432
:108D6000C16A426C91422DD00BB1002038BD051D67
:108D70002846FFF7C3F868B9E36A03EB8302920061
:108D800012498A5832B901229A4011490B6823EAE4
:108D900002030B60606CE062C0F10703A361012471
:108DA00004FA00F30A4A11680B43136000EB8000D9
:108DB0002946064B03EB8000FFF77CF82046D5E7F9
:108DC000002070470020D1E73C090020B0080020B7
:108DD00034080020842801D00330704700207047F9
:108DE00008B5FFF721FD002008BD2DE9F04387B04D
:108DF0000E464469C4B18569B5B14768D0F80080B2
:108E0000D0F81090B0F90800FFF7E4FF0295019444
:108E1000009033464A4641463846FFF797FC059096
:108E2000059807B0BDE8F083446805680769B0F9A4
:108E30000800FFF7CFFF05AB019300903346BAB2AD
:108E400029462046FFF7BDFC0128E9D00020E8E7CD
:108E500008B500B90120FFF731FE002008BD000071
:108E6000124A12F0070F1ED0D11D21F00701C1F5E3
:108E7000705313440A460E480260002141601344B7
:108E8000083B23F007030B48036059601960991AE7
:108E900051601360084B1960084B1960084B4FF084
:108EA00000421A6070474FF47053E4E760090020F5
:108EB00058090020540900204C09002050090020C6
:108EC00040090020154B1A461B688342FBD35168AA
:108ED00002EB010C844509D0416800EB010C6345AD
:108EE00009D00360904218D0106070474068014478
:108EF00051601046F0E710B4094C2468A3420AD030
:108F00005B681944416013681B680360904200D09D
:108F1000106010BC70470460F8E7704758090020E3
:108F20005409002038B50446FFF7B8FC384B1B68DD
:108F3000B3B1384B1B681C4250D1002C50D004F107
:108F4000080214F0070F02D022F007020832002AAC
:108F500055D0314B1B68934253D330490C6804E021
:108F6000FFF77EFFE5E721461C466368934202D285
:108F70002368002BF7D1264B1B68A34243D00D6812
:108F8000083523680B6063689B1A102B10D9A01852
:108F900010F0070F08D04FF0500383F31188BFF390
:108FA0006F8FBFF34F8FFEE743606260FFF78AFF6A
:108FB000626819490B689B1A0B60194909688B4252
:108FC00001D217490B60134B1B68134363600023E6
:108FD0002360144A13680133136002E0002500E0A7
:108FE0000025FFF7EFFC15F0070F0ED04FF05003F0
:108FF00083F31188BFF36F8FBFF34F8FFEE7002518
:10900000EFE70025EDE70025EBE7284638BD00BF78
:109010005409002040090020500900205809002070
:109020004C09002048090020002834D038B50446F7
:10903000A0F1080550F8043C174A1268134208D101
:109040004FF0500383F31188BFF36F8FBFF34F8F3F
:10905000FEE750F8081C41B14FF0500383F311882C
:10906000BFF36F8FBFF34F8FFEE723EA020340F891
:10907000043CFFF713FC54F8041C084A13680B4423
:1090800013602846FFF71EFF054A1368013313607B
:10909000FFF798FC38BD70474009002050090020B8
:1090A0004409002082B0002301930D4B1B68B3F1EB
:1090B000FF3F08D04FF0500383F31188BFF36F8F49
:1090C000BFF34F8FFEE74FF0500383F31188BFF3D8
:1090D0006F8FBFF34F8F019B002BFCD002B0704706
:1090E000D401002006480068006880F3088862B652
:1090F00061B6BFF34F8FBFF36F8F00DF00BF00007B
:1091000008ED00E04FF0807340F8043C21F00101CD
:1091100040F8081C034B40F80C3C40F8202C403829
:10912000704700BFA590000800000000000000008C
:10913000074B19680868B0E8F00F80F30988BFF39F
:109140006F8F4FF0000080F311884EF00D0E7047C6
:109150003C0900204FF0500383F31188BFF36F8F59
:10916000BFF34F8F0B4A136801331360012B00D0FC
:1091700070474FF0E023D3F8043D13F0FF0FF7D012
:109180004FF0500383F31188BFF36F8FBFF34F8FFE
:10919000FEE700BFD4010020094B1B6843B94FF024
:1091A000500383F31188BFF36F8FBFF34F8FFEE738
:1091B000013B034A13600BB983F31188704700BF6A
:1091C000D4010020000000000000000000000000AA
:1091D000EFF30980BFF36F8F0D4B1A6820E9F00F92
:1091E00010602DE908404FF0500080F31188FFF720
:1091F0008BFC4FF0000080F31188BDE8084019682F
:109200000868B0E8F00F80F30988BFF36F8F7047EC
:109210003C09002008B54FF0500383F31188BFF3D9
:109220006F8FBFF34F8FFFF741FB28B14FF0E02363
:109230004FF08052C3F8042D002383F3118808BD3A
:109240004FF0E022002313619361054B1B68054931
:10925000A1FB03139B09013B536107231361704773
:10926000D0010020D34D621010B582B02A4B1A787D
:10927000D2B20192FF221A701B78DBB28DF8033054
:109280009DF8033003F05003244A1370244B072247
:109290001A6009E0224A1368013B13609DF803300D
:1092A0005B00DBB28DF803309DF8033013F0800FC4
:1092B000F0D11B4B1B68032B08D04FF0500383F3F6
:1092C0001188BFF36F8FBFF34F8FFEE71B02144A65
:1092D000136003F4E0631360019BDBB20E4A13706A
:1092E0004FF0E023D3F8202D42F47002C3F8202D74
:1092F000D3F8202D42F07042C3F8202DFFF7A0FFD5
:109300000024084B1C60FFF7EDFEFFF7FDFBFFF7A5
:10931000C9FE204602B010BD00E400E06445002014
:1093200060450020D401002010B503460C4A0D49C9
:109330000D48006840B10C4800680344521A93423B
:1093400006D8094A136010BD0748084C0460F2E7CC
:10935000F7F7F2F90C2303604FF0FF30F3E700BF9B
:1093600000500020000400006845002070450020E7
:109370000120704708B5F7F7DFF9162303604FF0B7
:10938000FF3008BD08B54FF0FF31FFF7F3FFFEE7F0
:1093900070B50C461646002506E0AFF30080214666
:1093A00001F8010B01350C46B542F6DB304670BDC5
:1093B0004FF0FF3070474FF400534B600020704770
:1093C0000120704700207047FEF765FD0B480C49EF
:1093D0000C4A002302E0D458C4500433C4188C4211
:1093E000F9D3094A094C002301E013600432A24278
:1093F000FBD3F6F7FFFEFBF77BFE70470000002073
:10940000D80100200C990008D80100206C450020EC
:10941000FEE70000F8B500BFF8BC08BC9E467047E8
:0C942000F8B500BFF8BC08BC9E467047C1
:1094300074970008E15100080000000000000000DF
:109440000001000000000000000000006C97000810
:10945000DD520008000000000000000000010000D4
:10946000000000000000000064970008D1510008CF
:1094700000000000000000000002000000000000EA
:1094800000000000589700081D530008FEFF000070
:1094900000000000000100000000000000000000CB
:1094A00005000000190000007D0000000000000021
:1094B000000000000000F03F000000000000244019
:1094C00000000000000059400000000000408F40F4
:1094D000000000000088C34000000000006AF8405F
:1094E0000000000080842E4100000000D012634183
:1094F0000000000084D797410000000065CDCD41F9
:10950000000000205FA00242000000E876483742D9
:10951000000000A2941A6D42000040E59C30A24277
:109520000000901EC4BCD64200003426F56B0C43EC
:109530000080E03779C3414300A0D8855734764393
:1095400000C84E676DC1AB43003D9160E458E143F4
:10955000408CB5781DAF154450EFE2D6E41A4B4469
:1095600092D54D06CFF08044F64AE1C7022DB544AE
:10957000B49DD9794378EA44BC89D897B2D29C3C4F
:1095800033A7A8D523F649393DA7F444FD0FA532EA
:109590009D978CCF08BA5B25436FAC642806C80A38
:1095A0000080E03779C34143176E05B5B5B89346DF
:1095B000F5F93FE9034F384D321D30F94877825AAB
:1095C0003CBF737FDD4F1575002020202020202018
:1095D0002020282828282820202020202020202063
:1095E0002020202020202020208810101010101073
:1095F00010101010101010101004040404040404BF
:109600000404041010101010101041414141414158
:10961000010101010101010101010101010101013A
:10962000010101011010101010104242424242424A
:10963000020202020202020202020202020202020A
:1096400002020202101010102000000000000000B2
:10965000000000000000000000000000000000000A
:1096600000000000000000000000000000000000FA
:1096700000000000000000000000000000000000EA
:1096800000000000000000000000000000000000DA
:1096900000000000000000000000000000000000CA
:1096A00000000000000000000000000000000000BA
:1096B00000000000000000000000000000000000AA
:1096C0000000000000000000000000000000803FDB
:1096D0006042A20D547843414E207461736B207335
:1096E0007461727465640D004163717569726520FF
:1096F0007461736B20737461727465640D00000093
:1097000025642C25642C25642C252E32660D0A0038
:109710005061636B616765207461736B2073746162
:10972000727465640D00000043555252454E54203A
:109730002056616C3D252E32660D0A002D54617253
:1097400065612050756C736F2D0D00002D50554CC8
:10975000534F2D0D0000000070756C736F446562EF
:1097600075670000747843414E0000007061636BC0
:1097700061676500616371756972650049444C45B4
:1097800000000000494E4600696E66004E414E00E2
:109790006E616E0030000000496E66696E69747912
:1097A000000000004E614E005245454E54206D6150
:1097B0006C6C6F632073756363656564656400003A
:1097C0002E2E2F2E2E2F2E2E2F2E2E2F2E2E2F2EB4
:1097D0002E2F6E65776C69622F6C6962632F7374CC
:1097E000646C69622F64746F612E630042616C6CFB
:1097F0006F632073756363656564656400000000D2
:1098000030313233343536373839414243444546B6
:109810000000000030313233343536373839616278
:109820006364656600000000232D302B20000000DB
:10983000686C4C0065666745464700002C206675DD
:109840006E6374696F6E3A20000000006173736587
:109850007274696F6E2022257322206661696C65BF
:10986000643A2066696C6520222573222C206C697D
:109870006E65202564257325730A00002E2E2F2E79
:109880002E2F2E2E2F2E2E2F2E2E2F2E2E2F6E657C
:10989000776C69622F6C6962632F7374646C6962A0
:1098A0002F6D707265632E6300000000430000009E
:1098B000504F5349580000002E00000001020000E4
:1098C00002030405060708090A0B0C0D0E0F101001
:1098D0000102000002030405060708090A0B0C0D2B
:1098E0000E0F101000000000010203040000000031
:0C98F00000000000010203040607080944
:0898FC004088FF7F010000001D
:0499040079010008DD
:049908005101000801
:10990C000000000003000000F40100201000002003
:10991C0000000000F40100205C020020C4020020C2
:10992C00000000000000000000000000000000002B
:10993C00000000000000000000000000000000001B
:10994C00000000000000000000000000000000000B
:10995C0000000000000000000000000043000000B8
:10996C0000000000000000000000000000000000EB
:10997C000000000000000000000000004300000098
:10998C0000000000000000000000000000000000CB
:10999C000000000000000000000000004300000078
:1099AC0000000000000000000000000000000000AB
:1099BC000000000000000000000000004300000058
:1099CC00000000000000000000000000000000008B
:1099DC000000000000000000000000004300000038
:1099EC00000000000000000000000000000000006B
:1099FC000000000000000000000000004300000018
:109A0C00000000000000000000000000000000004A
:109A1C0000000000000000000000000043000000F7
:109A2C00000000000000000000000000000000002A
:109A3C00000000000000000000000000D53B000802
:109A4C00693D000800000000C8950008B89800089F
:109A5C00549700085497000854970008549700082E
:109A6C00549700085497000854970008549700081E
:109A7C0054970008FFFFFFFFFFFFFFFFFFFFFFFFF3
:109A8C00FFFF000001004153434949000000000062
:109A9C0000000000000000000000000000000000BA
:109AAC000000000000004153434949000000000041
:109ABC00000000000000000000000000000000009A
:109ACC000000000000000000010000001000000079
:089ADC0000127A00AAAAAAAA4E
:04000005080093C993
:00000001FF
