ARM GAS  /tmp/cc1LZDaw.s 			page 1


   1              		.cpu cortex-m3
   2              		.arch armv7-m
   3              		.fpu softvfp
   4              		.eabi_attribute 20, 1
   5              		.eabi_attribute 21, 1
   6              		.eabi_attribute 23, 3
   7              		.eabi_attribute 24, 1
   8              		.eabi_attribute 25, 1
   9              		.eabi_attribute 26, 1
  10              		.eabi_attribute 30, 1
  11              		.eabi_attribute 34, 1
  12              		.eabi_attribute 18, 4
  13              		.file	"stm32f1xx_hal_can.c"
  14              		.text
  15              	.Ltext0:
  16              		.cfi_sections	.debug_frame
  17              		.file 1 "Drivers/STM32F1xx_HAL_Driver/Src/stm32f1xx_hal_can.c"
  18              		.section	.text.HAL_CAN_MspInit,"ax",%progbits
  19              		.align	1
  20              		.weak	HAL_CAN_MspInit
  21              		.syntax unified
  22              		.thumb
  23              		.thumb_func
  25              	HAL_CAN_MspInit:
  26              	.LVL0:
  27              	.LFB67:
   1:Drivers/STM32F1xx_HAL_Driver/Src/stm32f1xx_hal_can.c **** /**
   2:Drivers/STM32F1xx_HAL_Driver/Src/stm32f1xx_hal_can.c ****   ******************************************************************************
   3:Drivers/STM32F1xx_HAL_Driver/Src/stm32f1xx_hal_can.c ****   * @file    stm32f1xx_hal_can.c
   4:Drivers/STM32F1xx_HAL_Driver/Src/stm32f1xx_hal_can.c ****   * @author  MCD Application Team
   5:Drivers/STM32F1xx_HAL_Driver/Src/stm32f1xx_hal_can.c ****   * @brief   CAN HAL module driver.
   6:Drivers/STM32F1xx_HAL_Driver/Src/stm32f1xx_hal_can.c ****   *          This file provides firmware functions to manage the following
   7:Drivers/STM32F1xx_HAL_Driver/Src/stm32f1xx_hal_can.c ****   *          functionalities of the Controller Area Network (CAN) peripheral:
   8:Drivers/STM32F1xx_HAL_Driver/Src/stm32f1xx_hal_can.c ****   *           + Initialization and de-initialization functions
   9:Drivers/STM32F1xx_HAL_Driver/Src/stm32f1xx_hal_can.c ****   *           + Configuration functions
  10:Drivers/STM32F1xx_HAL_Driver/Src/stm32f1xx_hal_can.c ****   *           + Control functions
  11:Drivers/STM32F1xx_HAL_Driver/Src/stm32f1xx_hal_can.c ****   *           + Interrupts management
  12:Drivers/STM32F1xx_HAL_Driver/Src/stm32f1xx_hal_can.c ****   *           + Callbacks functions
  13:Drivers/STM32F1xx_HAL_Driver/Src/stm32f1xx_hal_can.c ****   *           + Peripheral State and Error functions
  14:Drivers/STM32F1xx_HAL_Driver/Src/stm32f1xx_hal_can.c ****   *
  15:Drivers/STM32F1xx_HAL_Driver/Src/stm32f1xx_hal_can.c ****   ******************************************************************************
  16:Drivers/STM32F1xx_HAL_Driver/Src/stm32f1xx_hal_can.c ****   * @attention
  17:Drivers/STM32F1xx_HAL_Driver/Src/stm32f1xx_hal_can.c ****   *
  18:Drivers/STM32F1xx_HAL_Driver/Src/stm32f1xx_hal_can.c ****   * Copyright (c) 2016 STMicroelectronics.
  19:Drivers/STM32F1xx_HAL_Driver/Src/stm32f1xx_hal_can.c ****   * All rights reserved.
  20:Drivers/STM32F1xx_HAL_Driver/Src/stm32f1xx_hal_can.c ****   *
  21:Drivers/STM32F1xx_HAL_Driver/Src/stm32f1xx_hal_can.c ****   * This software is licensed under terms that can be found in the LICENSE file
  22:Drivers/STM32F1xx_HAL_Driver/Src/stm32f1xx_hal_can.c ****   * in the root directory of this software component.
  23:Drivers/STM32F1xx_HAL_Driver/Src/stm32f1xx_hal_can.c ****   * If no LICENSE file comes with this software, it is provided AS-IS.
  24:Drivers/STM32F1xx_HAL_Driver/Src/stm32f1xx_hal_can.c ****   *
  25:Drivers/STM32F1xx_HAL_Driver/Src/stm32f1xx_hal_can.c ****   ******************************************************************************
  26:Drivers/STM32F1xx_HAL_Driver/Src/stm32f1xx_hal_can.c ****   @verbatim
  27:Drivers/STM32F1xx_HAL_Driver/Src/stm32f1xx_hal_can.c ****   ==============================================================================
  28:Drivers/STM32F1xx_HAL_Driver/Src/stm32f1xx_hal_can.c ****                         ##### How to use this driver #####
  29:Drivers/STM32F1xx_HAL_Driver/Src/stm32f1xx_hal_can.c ****   ==============================================================================
  30:Drivers/STM32F1xx_HAL_Driver/Src/stm32f1xx_hal_can.c ****     [..]
  31:Drivers/STM32F1xx_HAL_Driver/Src/stm32f1xx_hal_can.c ****       (#) Initialize the CAN low level resources by implementing the
ARM GAS  /tmp/cc1LZDaw.s 			page 2


  32:Drivers/STM32F1xx_HAL_Driver/Src/stm32f1xx_hal_can.c ****           HAL_CAN_MspInit():
  33:Drivers/STM32F1xx_HAL_Driver/Src/stm32f1xx_hal_can.c ****          (++) Enable the CAN interface clock using __HAL_RCC_CANx_CLK_ENABLE()
  34:Drivers/STM32F1xx_HAL_Driver/Src/stm32f1xx_hal_can.c ****          (++) Configure CAN pins
  35:Drivers/STM32F1xx_HAL_Driver/Src/stm32f1xx_hal_can.c ****              (+++) Enable the clock for the CAN GPIOs
  36:Drivers/STM32F1xx_HAL_Driver/Src/stm32f1xx_hal_can.c ****              (+++) Configure CAN pins as alternate function
  37:Drivers/STM32F1xx_HAL_Driver/Src/stm32f1xx_hal_can.c ****          (++) In case of using interrupts (e.g. HAL_CAN_ActivateNotification())
  38:Drivers/STM32F1xx_HAL_Driver/Src/stm32f1xx_hal_can.c ****              (+++) Configure the CAN interrupt priority using
  39:Drivers/STM32F1xx_HAL_Driver/Src/stm32f1xx_hal_can.c ****                    HAL_NVIC_SetPriority()
  40:Drivers/STM32F1xx_HAL_Driver/Src/stm32f1xx_hal_can.c ****              (+++) Enable the CAN IRQ handler using HAL_NVIC_EnableIRQ()
  41:Drivers/STM32F1xx_HAL_Driver/Src/stm32f1xx_hal_can.c ****              (+++) In CAN IRQ handler, call HAL_CAN_IRQHandler()
  42:Drivers/STM32F1xx_HAL_Driver/Src/stm32f1xx_hal_can.c **** 
  43:Drivers/STM32F1xx_HAL_Driver/Src/stm32f1xx_hal_can.c ****       (#) Initialize the CAN peripheral using HAL_CAN_Init() function. This
  44:Drivers/STM32F1xx_HAL_Driver/Src/stm32f1xx_hal_can.c ****           function resorts to HAL_CAN_MspInit() for low-level initialization.
  45:Drivers/STM32F1xx_HAL_Driver/Src/stm32f1xx_hal_can.c **** 
  46:Drivers/STM32F1xx_HAL_Driver/Src/stm32f1xx_hal_can.c ****       (#) Configure the reception filters using the following configuration
  47:Drivers/STM32F1xx_HAL_Driver/Src/stm32f1xx_hal_can.c ****           functions:
  48:Drivers/STM32F1xx_HAL_Driver/Src/stm32f1xx_hal_can.c ****             (++) HAL_CAN_ConfigFilter()
  49:Drivers/STM32F1xx_HAL_Driver/Src/stm32f1xx_hal_can.c **** 
  50:Drivers/STM32F1xx_HAL_Driver/Src/stm32f1xx_hal_can.c ****       (#) Start the CAN module using HAL_CAN_Start() function. At this level
  51:Drivers/STM32F1xx_HAL_Driver/Src/stm32f1xx_hal_can.c ****           the node is active on the bus: it receive messages, and can send
  52:Drivers/STM32F1xx_HAL_Driver/Src/stm32f1xx_hal_can.c ****           messages.
  53:Drivers/STM32F1xx_HAL_Driver/Src/stm32f1xx_hal_can.c **** 
  54:Drivers/STM32F1xx_HAL_Driver/Src/stm32f1xx_hal_can.c ****       (#) To manage messages transmission, the following Tx control functions
  55:Drivers/STM32F1xx_HAL_Driver/Src/stm32f1xx_hal_can.c ****           can be used:
  56:Drivers/STM32F1xx_HAL_Driver/Src/stm32f1xx_hal_can.c ****             (++) HAL_CAN_AddTxMessage() to request transmission of a new
  57:Drivers/STM32F1xx_HAL_Driver/Src/stm32f1xx_hal_can.c ****                  message.
  58:Drivers/STM32F1xx_HAL_Driver/Src/stm32f1xx_hal_can.c ****             (++) HAL_CAN_AbortTxRequest() to abort transmission of a pending
  59:Drivers/STM32F1xx_HAL_Driver/Src/stm32f1xx_hal_can.c ****                  message.
  60:Drivers/STM32F1xx_HAL_Driver/Src/stm32f1xx_hal_can.c ****             (++) HAL_CAN_GetTxMailboxesFreeLevel() to get the number of free Tx
  61:Drivers/STM32F1xx_HAL_Driver/Src/stm32f1xx_hal_can.c ****                  mailboxes.
  62:Drivers/STM32F1xx_HAL_Driver/Src/stm32f1xx_hal_can.c ****             (++) HAL_CAN_IsTxMessagePending() to check if a message is pending
  63:Drivers/STM32F1xx_HAL_Driver/Src/stm32f1xx_hal_can.c ****                  in a Tx mailbox.
  64:Drivers/STM32F1xx_HAL_Driver/Src/stm32f1xx_hal_can.c ****             (++) HAL_CAN_GetTxTimestamp() to get the timestamp of Tx message
  65:Drivers/STM32F1xx_HAL_Driver/Src/stm32f1xx_hal_can.c ****                  sent, if time triggered communication mode is enabled.
  66:Drivers/STM32F1xx_HAL_Driver/Src/stm32f1xx_hal_can.c **** 
  67:Drivers/STM32F1xx_HAL_Driver/Src/stm32f1xx_hal_can.c ****       (#) When a message is received into the CAN Rx FIFOs, it can be retrieved
  68:Drivers/STM32F1xx_HAL_Driver/Src/stm32f1xx_hal_can.c ****           using the HAL_CAN_GetRxMessage() function. The function
  69:Drivers/STM32F1xx_HAL_Driver/Src/stm32f1xx_hal_can.c ****           HAL_CAN_GetRxFifoFillLevel() allows to know how many Rx message are
  70:Drivers/STM32F1xx_HAL_Driver/Src/stm32f1xx_hal_can.c ****           stored in the Rx Fifo.
  71:Drivers/STM32F1xx_HAL_Driver/Src/stm32f1xx_hal_can.c **** 
  72:Drivers/STM32F1xx_HAL_Driver/Src/stm32f1xx_hal_can.c ****       (#) Calling the HAL_CAN_Stop() function stops the CAN module.
  73:Drivers/STM32F1xx_HAL_Driver/Src/stm32f1xx_hal_can.c **** 
  74:Drivers/STM32F1xx_HAL_Driver/Src/stm32f1xx_hal_can.c ****       (#) The deinitialization is achieved with HAL_CAN_DeInit() function.
  75:Drivers/STM32F1xx_HAL_Driver/Src/stm32f1xx_hal_can.c **** 
  76:Drivers/STM32F1xx_HAL_Driver/Src/stm32f1xx_hal_can.c **** 
  77:Drivers/STM32F1xx_HAL_Driver/Src/stm32f1xx_hal_can.c ****       *** Polling mode operation ***
  78:Drivers/STM32F1xx_HAL_Driver/Src/stm32f1xx_hal_can.c ****       ==============================
  79:Drivers/STM32F1xx_HAL_Driver/Src/stm32f1xx_hal_can.c ****     [..]
  80:Drivers/STM32F1xx_HAL_Driver/Src/stm32f1xx_hal_can.c ****       (#) Reception:
  81:Drivers/STM32F1xx_HAL_Driver/Src/stm32f1xx_hal_can.c ****             (++) Monitor reception of message using HAL_CAN_GetRxFifoFillLevel()
  82:Drivers/STM32F1xx_HAL_Driver/Src/stm32f1xx_hal_can.c ****                  until at least one message is received.
  83:Drivers/STM32F1xx_HAL_Driver/Src/stm32f1xx_hal_can.c ****             (++) Then get the message using HAL_CAN_GetRxMessage().
  84:Drivers/STM32F1xx_HAL_Driver/Src/stm32f1xx_hal_can.c **** 
  85:Drivers/STM32F1xx_HAL_Driver/Src/stm32f1xx_hal_can.c ****       (#) Transmission:
  86:Drivers/STM32F1xx_HAL_Driver/Src/stm32f1xx_hal_can.c ****             (++) Monitor the Tx mailboxes availability until at least one Tx
  87:Drivers/STM32F1xx_HAL_Driver/Src/stm32f1xx_hal_can.c ****                  mailbox is free, using HAL_CAN_GetTxMailboxesFreeLevel().
  88:Drivers/STM32F1xx_HAL_Driver/Src/stm32f1xx_hal_can.c ****             (++) Then request transmission of a message using
ARM GAS  /tmp/cc1LZDaw.s 			page 3


  89:Drivers/STM32F1xx_HAL_Driver/Src/stm32f1xx_hal_can.c ****                  HAL_CAN_AddTxMessage().
  90:Drivers/STM32F1xx_HAL_Driver/Src/stm32f1xx_hal_can.c **** 
  91:Drivers/STM32F1xx_HAL_Driver/Src/stm32f1xx_hal_can.c **** 
  92:Drivers/STM32F1xx_HAL_Driver/Src/stm32f1xx_hal_can.c ****       *** Interrupt mode operation ***
  93:Drivers/STM32F1xx_HAL_Driver/Src/stm32f1xx_hal_can.c ****       ================================
  94:Drivers/STM32F1xx_HAL_Driver/Src/stm32f1xx_hal_can.c ****     [..]
  95:Drivers/STM32F1xx_HAL_Driver/Src/stm32f1xx_hal_can.c ****       (#) Notifications are activated using HAL_CAN_ActivateNotification()
  96:Drivers/STM32F1xx_HAL_Driver/Src/stm32f1xx_hal_can.c ****           function. Then, the process can be controlled through the
  97:Drivers/STM32F1xx_HAL_Driver/Src/stm32f1xx_hal_can.c ****           available user callbacks: HAL_CAN_xxxCallback(), using same APIs
  98:Drivers/STM32F1xx_HAL_Driver/Src/stm32f1xx_hal_can.c ****           HAL_CAN_GetRxMessage() and HAL_CAN_AddTxMessage().
  99:Drivers/STM32F1xx_HAL_Driver/Src/stm32f1xx_hal_can.c **** 
 100:Drivers/STM32F1xx_HAL_Driver/Src/stm32f1xx_hal_can.c ****       (#) Notifications can be deactivated using
 101:Drivers/STM32F1xx_HAL_Driver/Src/stm32f1xx_hal_can.c ****           HAL_CAN_DeactivateNotification() function.
 102:Drivers/STM32F1xx_HAL_Driver/Src/stm32f1xx_hal_can.c **** 
 103:Drivers/STM32F1xx_HAL_Driver/Src/stm32f1xx_hal_can.c ****       (#) Special care should be taken for CAN_IT_RX_FIFO0_MSG_PENDING and
 104:Drivers/STM32F1xx_HAL_Driver/Src/stm32f1xx_hal_can.c ****           CAN_IT_RX_FIFO1_MSG_PENDING notifications. These notifications trig
 105:Drivers/STM32F1xx_HAL_Driver/Src/stm32f1xx_hal_can.c ****           the callbacks HAL_CAN_RxFIFO0MsgPendingCallback() and
 106:Drivers/STM32F1xx_HAL_Driver/Src/stm32f1xx_hal_can.c ****           HAL_CAN_RxFIFO1MsgPendingCallback(). User has two possible options
 107:Drivers/STM32F1xx_HAL_Driver/Src/stm32f1xx_hal_can.c ****           here.
 108:Drivers/STM32F1xx_HAL_Driver/Src/stm32f1xx_hal_can.c ****             (++) Directly get the Rx message in the callback, using
 109:Drivers/STM32F1xx_HAL_Driver/Src/stm32f1xx_hal_can.c ****                  HAL_CAN_GetRxMessage().
 110:Drivers/STM32F1xx_HAL_Driver/Src/stm32f1xx_hal_can.c ****             (++) Or deactivate the notification in the callback without
 111:Drivers/STM32F1xx_HAL_Driver/Src/stm32f1xx_hal_can.c ****                  getting the Rx message. The Rx message can then be got later
 112:Drivers/STM32F1xx_HAL_Driver/Src/stm32f1xx_hal_can.c ****                  using HAL_CAN_GetRxMessage(). Once the Rx message have been
 113:Drivers/STM32F1xx_HAL_Driver/Src/stm32f1xx_hal_can.c ****                  read, the notification can be activated again.
 114:Drivers/STM32F1xx_HAL_Driver/Src/stm32f1xx_hal_can.c **** 
 115:Drivers/STM32F1xx_HAL_Driver/Src/stm32f1xx_hal_can.c **** 
 116:Drivers/STM32F1xx_HAL_Driver/Src/stm32f1xx_hal_can.c ****       *** Sleep mode ***
 117:Drivers/STM32F1xx_HAL_Driver/Src/stm32f1xx_hal_can.c ****       ==================
 118:Drivers/STM32F1xx_HAL_Driver/Src/stm32f1xx_hal_can.c ****     [..]
 119:Drivers/STM32F1xx_HAL_Driver/Src/stm32f1xx_hal_can.c ****       (#) The CAN peripheral can be put in sleep mode (low power), using
 120:Drivers/STM32F1xx_HAL_Driver/Src/stm32f1xx_hal_can.c ****           HAL_CAN_RequestSleep(). The sleep mode will be entered as soon as the
 121:Drivers/STM32F1xx_HAL_Driver/Src/stm32f1xx_hal_can.c ****           current CAN activity (transmission or reception of a CAN frame) will
 122:Drivers/STM32F1xx_HAL_Driver/Src/stm32f1xx_hal_can.c ****           be completed.
 123:Drivers/STM32F1xx_HAL_Driver/Src/stm32f1xx_hal_can.c **** 
 124:Drivers/STM32F1xx_HAL_Driver/Src/stm32f1xx_hal_can.c ****       (#) A notification can be activated to be informed when the sleep mode
 125:Drivers/STM32F1xx_HAL_Driver/Src/stm32f1xx_hal_can.c ****           will be entered.
 126:Drivers/STM32F1xx_HAL_Driver/Src/stm32f1xx_hal_can.c **** 
 127:Drivers/STM32F1xx_HAL_Driver/Src/stm32f1xx_hal_can.c ****       (#) It can be checked if the sleep mode is entered using
 128:Drivers/STM32F1xx_HAL_Driver/Src/stm32f1xx_hal_can.c ****           HAL_CAN_IsSleepActive().
 129:Drivers/STM32F1xx_HAL_Driver/Src/stm32f1xx_hal_can.c ****           Note that the CAN state (accessible from the API HAL_CAN_GetState())
 130:Drivers/STM32F1xx_HAL_Driver/Src/stm32f1xx_hal_can.c ****           is HAL_CAN_STATE_SLEEP_PENDING as soon as the sleep mode request is
 131:Drivers/STM32F1xx_HAL_Driver/Src/stm32f1xx_hal_can.c ****           submitted (the sleep mode is not yet entered), and become
 132:Drivers/STM32F1xx_HAL_Driver/Src/stm32f1xx_hal_can.c ****           HAL_CAN_STATE_SLEEP_ACTIVE when the sleep mode is effective.
 133:Drivers/STM32F1xx_HAL_Driver/Src/stm32f1xx_hal_can.c **** 
 134:Drivers/STM32F1xx_HAL_Driver/Src/stm32f1xx_hal_can.c ****       (#) The wake-up from sleep mode can be triggered by two ways:
 135:Drivers/STM32F1xx_HAL_Driver/Src/stm32f1xx_hal_can.c ****             (++) Using HAL_CAN_WakeUp(). When returning from this function,
 136:Drivers/STM32F1xx_HAL_Driver/Src/stm32f1xx_hal_can.c ****                  the sleep mode is exited (if return status is HAL_OK).
 137:Drivers/STM32F1xx_HAL_Driver/Src/stm32f1xx_hal_can.c ****             (++) When a start of Rx CAN frame is detected by the CAN peripheral,
 138:Drivers/STM32F1xx_HAL_Driver/Src/stm32f1xx_hal_can.c ****                  if automatic wake up mode is enabled.
 139:Drivers/STM32F1xx_HAL_Driver/Src/stm32f1xx_hal_can.c **** 
 140:Drivers/STM32F1xx_HAL_Driver/Src/stm32f1xx_hal_can.c ****   *** Callback registration ***
 141:Drivers/STM32F1xx_HAL_Driver/Src/stm32f1xx_hal_can.c ****   =============================================
 142:Drivers/STM32F1xx_HAL_Driver/Src/stm32f1xx_hal_can.c **** 
 143:Drivers/STM32F1xx_HAL_Driver/Src/stm32f1xx_hal_can.c ****   The compilation define  USE_HAL_CAN_REGISTER_CALLBACKS when set to 1
 144:Drivers/STM32F1xx_HAL_Driver/Src/stm32f1xx_hal_can.c ****   allows the user to configure dynamically the driver callbacks.
 145:Drivers/STM32F1xx_HAL_Driver/Src/stm32f1xx_hal_can.c ****   Use Function HAL_CAN_RegisterCallback() to register an interrupt callback.
ARM GAS  /tmp/cc1LZDaw.s 			page 4


 146:Drivers/STM32F1xx_HAL_Driver/Src/stm32f1xx_hal_can.c **** 
 147:Drivers/STM32F1xx_HAL_Driver/Src/stm32f1xx_hal_can.c ****   Function HAL_CAN_RegisterCallback() allows to register following callbacks:
 148:Drivers/STM32F1xx_HAL_Driver/Src/stm32f1xx_hal_can.c ****     (+) TxMailbox0CompleteCallback   : Tx Mailbox 0 Complete Callback.
 149:Drivers/STM32F1xx_HAL_Driver/Src/stm32f1xx_hal_can.c ****     (+) TxMailbox1CompleteCallback   : Tx Mailbox 1 Complete Callback.
 150:Drivers/STM32F1xx_HAL_Driver/Src/stm32f1xx_hal_can.c ****     (+) TxMailbox2CompleteCallback   : Tx Mailbox 2 Complete Callback.
 151:Drivers/STM32F1xx_HAL_Driver/Src/stm32f1xx_hal_can.c ****     (+) TxMailbox0AbortCallback      : Tx Mailbox 0 Abort Callback.
 152:Drivers/STM32F1xx_HAL_Driver/Src/stm32f1xx_hal_can.c ****     (+) TxMailbox1AbortCallback      : Tx Mailbox 1 Abort Callback.
 153:Drivers/STM32F1xx_HAL_Driver/Src/stm32f1xx_hal_can.c ****     (+) TxMailbox2AbortCallback      : Tx Mailbox 2 Abort Callback.
 154:Drivers/STM32F1xx_HAL_Driver/Src/stm32f1xx_hal_can.c ****     (+) RxFifo0MsgPendingCallback    : Rx Fifo 0 Message Pending Callback.
 155:Drivers/STM32F1xx_HAL_Driver/Src/stm32f1xx_hal_can.c ****     (+) RxFifo0FullCallback          : Rx Fifo 0 Full Callback.
 156:Drivers/STM32F1xx_HAL_Driver/Src/stm32f1xx_hal_can.c ****     (+) RxFifo1MsgPendingCallback    : Rx Fifo 1 Message Pending Callback.
 157:Drivers/STM32F1xx_HAL_Driver/Src/stm32f1xx_hal_can.c ****     (+) RxFifo1FullCallback          : Rx Fifo 1 Full Callback.
 158:Drivers/STM32F1xx_HAL_Driver/Src/stm32f1xx_hal_can.c ****     (+) SleepCallback                : Sleep Callback.
 159:Drivers/STM32F1xx_HAL_Driver/Src/stm32f1xx_hal_can.c ****     (+) WakeUpFromRxMsgCallback      : Wake Up From Rx Message Callback.
 160:Drivers/STM32F1xx_HAL_Driver/Src/stm32f1xx_hal_can.c ****     (+) ErrorCallback                : Error Callback.
 161:Drivers/STM32F1xx_HAL_Driver/Src/stm32f1xx_hal_can.c ****     (+) MspInitCallback              : CAN MspInit.
 162:Drivers/STM32F1xx_HAL_Driver/Src/stm32f1xx_hal_can.c ****     (+) MspDeInitCallback            : CAN MspDeInit.
 163:Drivers/STM32F1xx_HAL_Driver/Src/stm32f1xx_hal_can.c ****   This function takes as parameters the HAL peripheral handle, the Callback ID
 164:Drivers/STM32F1xx_HAL_Driver/Src/stm32f1xx_hal_can.c ****   and a pointer to the user callback function.
 165:Drivers/STM32F1xx_HAL_Driver/Src/stm32f1xx_hal_can.c **** 
 166:Drivers/STM32F1xx_HAL_Driver/Src/stm32f1xx_hal_can.c ****   Use function HAL_CAN_UnRegisterCallback() to reset a callback to the default
 167:Drivers/STM32F1xx_HAL_Driver/Src/stm32f1xx_hal_can.c ****   weak function.
 168:Drivers/STM32F1xx_HAL_Driver/Src/stm32f1xx_hal_can.c ****   HAL_CAN_UnRegisterCallback takes as parameters the HAL peripheral handle,
 169:Drivers/STM32F1xx_HAL_Driver/Src/stm32f1xx_hal_can.c ****   and the Callback ID.
 170:Drivers/STM32F1xx_HAL_Driver/Src/stm32f1xx_hal_can.c ****   This function allows to reset following callbacks:
 171:Drivers/STM32F1xx_HAL_Driver/Src/stm32f1xx_hal_can.c ****     (+) TxMailbox0CompleteCallback   : Tx Mailbox 0 Complete Callback.
 172:Drivers/STM32F1xx_HAL_Driver/Src/stm32f1xx_hal_can.c ****     (+) TxMailbox1CompleteCallback   : Tx Mailbox 1 Complete Callback.
 173:Drivers/STM32F1xx_HAL_Driver/Src/stm32f1xx_hal_can.c ****     (+) TxMailbox2CompleteCallback   : Tx Mailbox 2 Complete Callback.
 174:Drivers/STM32F1xx_HAL_Driver/Src/stm32f1xx_hal_can.c ****     (+) TxMailbox0AbortCallback      : Tx Mailbox 0 Abort Callback.
 175:Drivers/STM32F1xx_HAL_Driver/Src/stm32f1xx_hal_can.c ****     (+) TxMailbox1AbortCallback      : Tx Mailbox 1 Abort Callback.
 176:Drivers/STM32F1xx_HAL_Driver/Src/stm32f1xx_hal_can.c ****     (+) TxMailbox2AbortCallback      : Tx Mailbox 2 Abort Callback.
 177:Drivers/STM32F1xx_HAL_Driver/Src/stm32f1xx_hal_can.c ****     (+) RxFifo0MsgPendingCallback    : Rx Fifo 0 Message Pending Callback.
 178:Drivers/STM32F1xx_HAL_Driver/Src/stm32f1xx_hal_can.c ****     (+) RxFifo0FullCallback          : Rx Fifo 0 Full Callback.
 179:Drivers/STM32F1xx_HAL_Driver/Src/stm32f1xx_hal_can.c ****     (+) RxFifo1MsgPendingCallback    : Rx Fifo 1 Message Pending Callback.
 180:Drivers/STM32F1xx_HAL_Driver/Src/stm32f1xx_hal_can.c ****     (+) RxFifo1FullCallback          : Rx Fifo 1 Full Callback.
 181:Drivers/STM32F1xx_HAL_Driver/Src/stm32f1xx_hal_can.c ****     (+) SleepCallback                : Sleep Callback.
 182:Drivers/STM32F1xx_HAL_Driver/Src/stm32f1xx_hal_can.c ****     (+) WakeUpFromRxMsgCallback      : Wake Up From Rx Message Callback.
 183:Drivers/STM32F1xx_HAL_Driver/Src/stm32f1xx_hal_can.c ****     (+) ErrorCallback                : Error Callback.
 184:Drivers/STM32F1xx_HAL_Driver/Src/stm32f1xx_hal_can.c ****     (+) MspInitCallback              : CAN MspInit.
 185:Drivers/STM32F1xx_HAL_Driver/Src/stm32f1xx_hal_can.c ****     (+) MspDeInitCallback            : CAN MspDeInit.
 186:Drivers/STM32F1xx_HAL_Driver/Src/stm32f1xx_hal_can.c **** 
 187:Drivers/STM32F1xx_HAL_Driver/Src/stm32f1xx_hal_can.c ****   By default, after the HAL_CAN_Init() and when the state is HAL_CAN_STATE_RESET,
 188:Drivers/STM32F1xx_HAL_Driver/Src/stm32f1xx_hal_can.c ****   all callbacks are set to the corresponding weak functions:
 189:Drivers/STM32F1xx_HAL_Driver/Src/stm32f1xx_hal_can.c ****   example HAL_CAN_ErrorCallback().
 190:Drivers/STM32F1xx_HAL_Driver/Src/stm32f1xx_hal_can.c ****   Exception done for MspInit and MspDeInit functions that are
 191:Drivers/STM32F1xx_HAL_Driver/Src/stm32f1xx_hal_can.c ****   reset to the legacy weak function in the HAL_CAN_Init()/ HAL_CAN_DeInit() only when
 192:Drivers/STM32F1xx_HAL_Driver/Src/stm32f1xx_hal_can.c ****   these callbacks are null (not registered beforehand).
 193:Drivers/STM32F1xx_HAL_Driver/Src/stm32f1xx_hal_can.c ****   if not, MspInit or MspDeInit are not null, the HAL_CAN_Init()/ HAL_CAN_DeInit()
 194:Drivers/STM32F1xx_HAL_Driver/Src/stm32f1xx_hal_can.c ****   keep and use the user MspInit/MspDeInit callbacks (registered beforehand)
 195:Drivers/STM32F1xx_HAL_Driver/Src/stm32f1xx_hal_can.c **** 
 196:Drivers/STM32F1xx_HAL_Driver/Src/stm32f1xx_hal_can.c ****   Callbacks can be registered/unregistered in HAL_CAN_STATE_READY state only.
 197:Drivers/STM32F1xx_HAL_Driver/Src/stm32f1xx_hal_can.c ****   Exception done MspInit/MspDeInit that can be registered/unregistered
 198:Drivers/STM32F1xx_HAL_Driver/Src/stm32f1xx_hal_can.c ****   in HAL_CAN_STATE_READY or HAL_CAN_STATE_RESET state,
 199:Drivers/STM32F1xx_HAL_Driver/Src/stm32f1xx_hal_can.c ****   thus registered (user) MspInit/DeInit callbacks can be used during the Init/DeInit.
 200:Drivers/STM32F1xx_HAL_Driver/Src/stm32f1xx_hal_can.c ****   In that case first register the MspInit/MspDeInit user callbacks
 201:Drivers/STM32F1xx_HAL_Driver/Src/stm32f1xx_hal_can.c ****   using HAL_CAN_RegisterCallback() before calling HAL_CAN_DeInit()
 202:Drivers/STM32F1xx_HAL_Driver/Src/stm32f1xx_hal_can.c ****   or HAL_CAN_Init() function.
ARM GAS  /tmp/cc1LZDaw.s 			page 5


 203:Drivers/STM32F1xx_HAL_Driver/Src/stm32f1xx_hal_can.c **** 
 204:Drivers/STM32F1xx_HAL_Driver/Src/stm32f1xx_hal_can.c ****   When The compilation define USE_HAL_CAN_REGISTER_CALLBACKS is set to 0 or
 205:Drivers/STM32F1xx_HAL_Driver/Src/stm32f1xx_hal_can.c ****   not defined, the callback registration feature is not available and all callbacks
 206:Drivers/STM32F1xx_HAL_Driver/Src/stm32f1xx_hal_can.c ****   are set to the corresponding weak functions.
 207:Drivers/STM32F1xx_HAL_Driver/Src/stm32f1xx_hal_can.c **** 
 208:Drivers/STM32F1xx_HAL_Driver/Src/stm32f1xx_hal_can.c ****   @endverbatim
 209:Drivers/STM32F1xx_HAL_Driver/Src/stm32f1xx_hal_can.c ****   ******************************************************************************
 210:Drivers/STM32F1xx_HAL_Driver/Src/stm32f1xx_hal_can.c ****   */
 211:Drivers/STM32F1xx_HAL_Driver/Src/stm32f1xx_hal_can.c **** 
 212:Drivers/STM32F1xx_HAL_Driver/Src/stm32f1xx_hal_can.c **** /* Includes ------------------------------------------------------------------*/
 213:Drivers/STM32F1xx_HAL_Driver/Src/stm32f1xx_hal_can.c **** #include "stm32f1xx_hal.h"
 214:Drivers/STM32F1xx_HAL_Driver/Src/stm32f1xx_hal_can.c **** 
 215:Drivers/STM32F1xx_HAL_Driver/Src/stm32f1xx_hal_can.c **** /** @addtogroup STM32F1xx_HAL_Driver
 216:Drivers/STM32F1xx_HAL_Driver/Src/stm32f1xx_hal_can.c ****   * @{
 217:Drivers/STM32F1xx_HAL_Driver/Src/stm32f1xx_hal_can.c ****   */
 218:Drivers/STM32F1xx_HAL_Driver/Src/stm32f1xx_hal_can.c **** 
 219:Drivers/STM32F1xx_HAL_Driver/Src/stm32f1xx_hal_can.c **** #if defined(CAN1)
 220:Drivers/STM32F1xx_HAL_Driver/Src/stm32f1xx_hal_can.c **** 
 221:Drivers/STM32F1xx_HAL_Driver/Src/stm32f1xx_hal_can.c **** /** @defgroup CAN CAN
 222:Drivers/STM32F1xx_HAL_Driver/Src/stm32f1xx_hal_can.c ****   * @brief CAN driver modules
 223:Drivers/STM32F1xx_HAL_Driver/Src/stm32f1xx_hal_can.c ****   * @{
 224:Drivers/STM32F1xx_HAL_Driver/Src/stm32f1xx_hal_can.c ****   */
 225:Drivers/STM32F1xx_HAL_Driver/Src/stm32f1xx_hal_can.c **** 
 226:Drivers/STM32F1xx_HAL_Driver/Src/stm32f1xx_hal_can.c **** #ifdef HAL_CAN_MODULE_ENABLED
 227:Drivers/STM32F1xx_HAL_Driver/Src/stm32f1xx_hal_can.c **** 
 228:Drivers/STM32F1xx_HAL_Driver/Src/stm32f1xx_hal_can.c **** #ifdef HAL_CAN_LEGACY_MODULE_ENABLED
 229:Drivers/STM32F1xx_HAL_Driver/Src/stm32f1xx_hal_can.c **** #error "The CAN driver cannot be used with its legacy, Please enable only one CAN module at once"
 230:Drivers/STM32F1xx_HAL_Driver/Src/stm32f1xx_hal_can.c **** #endif /* HAL_CAN_LEGACY_MODULE_ENABLED */
 231:Drivers/STM32F1xx_HAL_Driver/Src/stm32f1xx_hal_can.c **** 
 232:Drivers/STM32F1xx_HAL_Driver/Src/stm32f1xx_hal_can.c **** /* Private typedef -----------------------------------------------------------*/
 233:Drivers/STM32F1xx_HAL_Driver/Src/stm32f1xx_hal_can.c **** /* Private define ------------------------------------------------------------*/
 234:Drivers/STM32F1xx_HAL_Driver/Src/stm32f1xx_hal_can.c **** /** @defgroup CAN_Private_Constants CAN Private Constants
 235:Drivers/STM32F1xx_HAL_Driver/Src/stm32f1xx_hal_can.c ****   * @{
 236:Drivers/STM32F1xx_HAL_Driver/Src/stm32f1xx_hal_can.c ****   */
 237:Drivers/STM32F1xx_HAL_Driver/Src/stm32f1xx_hal_can.c **** #define CAN_TIMEOUT_VALUE 10U
 238:Drivers/STM32F1xx_HAL_Driver/Src/stm32f1xx_hal_can.c **** #define CAN_WAKEUP_TIMEOUT_COUNTER 1000000U
 239:Drivers/STM32F1xx_HAL_Driver/Src/stm32f1xx_hal_can.c **** /**
 240:Drivers/STM32F1xx_HAL_Driver/Src/stm32f1xx_hal_can.c ****   * @}
 241:Drivers/STM32F1xx_HAL_Driver/Src/stm32f1xx_hal_can.c ****   */
 242:Drivers/STM32F1xx_HAL_Driver/Src/stm32f1xx_hal_can.c **** /* Private macro -------------------------------------------------------------*/
 243:Drivers/STM32F1xx_HAL_Driver/Src/stm32f1xx_hal_can.c **** /* Private variables ---------------------------------------------------------*/
 244:Drivers/STM32F1xx_HAL_Driver/Src/stm32f1xx_hal_can.c **** /* Private function prototypes -----------------------------------------------*/
 245:Drivers/STM32F1xx_HAL_Driver/Src/stm32f1xx_hal_can.c **** /* Exported functions --------------------------------------------------------*/
 246:Drivers/STM32F1xx_HAL_Driver/Src/stm32f1xx_hal_can.c **** 
 247:Drivers/STM32F1xx_HAL_Driver/Src/stm32f1xx_hal_can.c **** /** @defgroup CAN_Exported_Functions CAN Exported Functions
 248:Drivers/STM32F1xx_HAL_Driver/Src/stm32f1xx_hal_can.c ****   * @{
 249:Drivers/STM32F1xx_HAL_Driver/Src/stm32f1xx_hal_can.c ****   */
 250:Drivers/STM32F1xx_HAL_Driver/Src/stm32f1xx_hal_can.c **** 
 251:Drivers/STM32F1xx_HAL_Driver/Src/stm32f1xx_hal_can.c **** /** @defgroup CAN_Exported_Functions_Group1 Initialization and de-initialization functions
 252:Drivers/STM32F1xx_HAL_Driver/Src/stm32f1xx_hal_can.c ****   * @brief    Initialization and Configuration functions
 253:Drivers/STM32F1xx_HAL_Driver/Src/stm32f1xx_hal_can.c ****   *
 254:Drivers/STM32F1xx_HAL_Driver/Src/stm32f1xx_hal_can.c **** @verbatim
 255:Drivers/STM32F1xx_HAL_Driver/Src/stm32f1xx_hal_can.c ****   ==============================================================================
 256:Drivers/STM32F1xx_HAL_Driver/Src/stm32f1xx_hal_can.c ****               ##### Initialization and de-initialization functions #####
 257:Drivers/STM32F1xx_HAL_Driver/Src/stm32f1xx_hal_can.c ****   ==============================================================================
 258:Drivers/STM32F1xx_HAL_Driver/Src/stm32f1xx_hal_can.c ****     [..]  This section provides functions allowing to:
 259:Drivers/STM32F1xx_HAL_Driver/Src/stm32f1xx_hal_can.c ****       (+) HAL_CAN_Init                       : Initialize and configure the CAN.
ARM GAS  /tmp/cc1LZDaw.s 			page 6


 260:Drivers/STM32F1xx_HAL_Driver/Src/stm32f1xx_hal_can.c ****       (+) HAL_CAN_DeInit                     : De-initialize the CAN.
 261:Drivers/STM32F1xx_HAL_Driver/Src/stm32f1xx_hal_can.c ****       (+) HAL_CAN_MspInit                    : Initialize the CAN MSP.
 262:Drivers/STM32F1xx_HAL_Driver/Src/stm32f1xx_hal_can.c ****       (+) HAL_CAN_MspDeInit                  : DeInitialize the CAN MSP.
 263:Drivers/STM32F1xx_HAL_Driver/Src/stm32f1xx_hal_can.c **** 
 264:Drivers/STM32F1xx_HAL_Driver/Src/stm32f1xx_hal_can.c **** @endverbatim
 265:Drivers/STM32F1xx_HAL_Driver/Src/stm32f1xx_hal_can.c ****   * @{
 266:Drivers/STM32F1xx_HAL_Driver/Src/stm32f1xx_hal_can.c ****   */
 267:Drivers/STM32F1xx_HAL_Driver/Src/stm32f1xx_hal_can.c **** 
 268:Drivers/STM32F1xx_HAL_Driver/Src/stm32f1xx_hal_can.c **** /**
 269:Drivers/STM32F1xx_HAL_Driver/Src/stm32f1xx_hal_can.c ****   * @brief  Initializes the CAN peripheral according to the specified
 270:Drivers/STM32F1xx_HAL_Driver/Src/stm32f1xx_hal_can.c ****   *         parameters in the CAN_InitStruct.
 271:Drivers/STM32F1xx_HAL_Driver/Src/stm32f1xx_hal_can.c ****   * @param  hcan pointer to a CAN_HandleTypeDef structure that contains
 272:Drivers/STM32F1xx_HAL_Driver/Src/stm32f1xx_hal_can.c ****   *         the configuration information for the specified CAN.
 273:Drivers/STM32F1xx_HAL_Driver/Src/stm32f1xx_hal_can.c ****   * @retval HAL status
 274:Drivers/STM32F1xx_HAL_Driver/Src/stm32f1xx_hal_can.c ****   */
 275:Drivers/STM32F1xx_HAL_Driver/Src/stm32f1xx_hal_can.c **** HAL_StatusTypeDef HAL_CAN_Init(CAN_HandleTypeDef *hcan)
 276:Drivers/STM32F1xx_HAL_Driver/Src/stm32f1xx_hal_can.c **** {
 277:Drivers/STM32F1xx_HAL_Driver/Src/stm32f1xx_hal_can.c ****   uint32_t tickstart;
 278:Drivers/STM32F1xx_HAL_Driver/Src/stm32f1xx_hal_can.c **** 
 279:Drivers/STM32F1xx_HAL_Driver/Src/stm32f1xx_hal_can.c ****   /* Check CAN handle */
 280:Drivers/STM32F1xx_HAL_Driver/Src/stm32f1xx_hal_can.c ****   if (hcan == NULL)
 281:Drivers/STM32F1xx_HAL_Driver/Src/stm32f1xx_hal_can.c ****   {
 282:Drivers/STM32F1xx_HAL_Driver/Src/stm32f1xx_hal_can.c ****     return HAL_ERROR;
 283:Drivers/STM32F1xx_HAL_Driver/Src/stm32f1xx_hal_can.c ****   }
 284:Drivers/STM32F1xx_HAL_Driver/Src/stm32f1xx_hal_can.c **** 
 285:Drivers/STM32F1xx_HAL_Driver/Src/stm32f1xx_hal_can.c ****   /* Check the parameters */
 286:Drivers/STM32F1xx_HAL_Driver/Src/stm32f1xx_hal_can.c ****   assert_param(IS_CAN_ALL_INSTANCE(hcan->Instance));
 287:Drivers/STM32F1xx_HAL_Driver/Src/stm32f1xx_hal_can.c ****   assert_param(IS_FUNCTIONAL_STATE(hcan->Init.TimeTriggeredMode));
 288:Drivers/STM32F1xx_HAL_Driver/Src/stm32f1xx_hal_can.c ****   assert_param(IS_FUNCTIONAL_STATE(hcan->Init.AutoBusOff));
 289:Drivers/STM32F1xx_HAL_Driver/Src/stm32f1xx_hal_can.c ****   assert_param(IS_FUNCTIONAL_STATE(hcan->Init.AutoWakeUp));
 290:Drivers/STM32F1xx_HAL_Driver/Src/stm32f1xx_hal_can.c ****   assert_param(IS_FUNCTIONAL_STATE(hcan->Init.AutoRetransmission));
 291:Drivers/STM32F1xx_HAL_Driver/Src/stm32f1xx_hal_can.c ****   assert_param(IS_FUNCTIONAL_STATE(hcan->Init.ReceiveFifoLocked));
 292:Drivers/STM32F1xx_HAL_Driver/Src/stm32f1xx_hal_can.c ****   assert_param(IS_FUNCTIONAL_STATE(hcan->Init.TransmitFifoPriority));
 293:Drivers/STM32F1xx_HAL_Driver/Src/stm32f1xx_hal_can.c ****   assert_param(IS_CAN_MODE(hcan->Init.Mode));
 294:Drivers/STM32F1xx_HAL_Driver/Src/stm32f1xx_hal_can.c ****   assert_param(IS_CAN_SJW(hcan->Init.SyncJumpWidth));
 295:Drivers/STM32F1xx_HAL_Driver/Src/stm32f1xx_hal_can.c ****   assert_param(IS_CAN_BS1(hcan->Init.TimeSeg1));
 296:Drivers/STM32F1xx_HAL_Driver/Src/stm32f1xx_hal_can.c ****   assert_param(IS_CAN_BS2(hcan->Init.TimeSeg2));
 297:Drivers/STM32F1xx_HAL_Driver/Src/stm32f1xx_hal_can.c ****   assert_param(IS_CAN_PRESCALER(hcan->Init.Prescaler));
 298:Drivers/STM32F1xx_HAL_Driver/Src/stm32f1xx_hal_can.c **** 
 299:Drivers/STM32F1xx_HAL_Driver/Src/stm32f1xx_hal_can.c **** #if USE_HAL_CAN_REGISTER_CALLBACKS == 1
 300:Drivers/STM32F1xx_HAL_Driver/Src/stm32f1xx_hal_can.c ****   if (hcan->State == HAL_CAN_STATE_RESET)
 301:Drivers/STM32F1xx_HAL_Driver/Src/stm32f1xx_hal_can.c ****   {
 302:Drivers/STM32F1xx_HAL_Driver/Src/stm32f1xx_hal_can.c ****     /* Reset callbacks to legacy functions */
 303:Drivers/STM32F1xx_HAL_Driver/Src/stm32f1xx_hal_can.c ****     hcan->RxFifo0MsgPendingCallback  =  HAL_CAN_RxFifo0MsgPendingCallback;  /* Legacy weak RxFifo0M
 304:Drivers/STM32F1xx_HAL_Driver/Src/stm32f1xx_hal_can.c ****     hcan->RxFifo0FullCallback        =  HAL_CAN_RxFifo0FullCallback;        /* Legacy weak RxFifo0F
 305:Drivers/STM32F1xx_HAL_Driver/Src/stm32f1xx_hal_can.c ****     hcan->RxFifo1MsgPendingCallback  =  HAL_CAN_RxFifo1MsgPendingCallback;  /* Legacy weak RxFifo1M
 306:Drivers/STM32F1xx_HAL_Driver/Src/stm32f1xx_hal_can.c ****     hcan->RxFifo1FullCallback        =  HAL_CAN_RxFifo1FullCallback;        /* Legacy weak RxFifo1F
 307:Drivers/STM32F1xx_HAL_Driver/Src/stm32f1xx_hal_can.c ****     hcan->TxMailbox0CompleteCallback =  HAL_CAN_TxMailbox0CompleteCallback; /* Legacy weak TxMailbo
 308:Drivers/STM32F1xx_HAL_Driver/Src/stm32f1xx_hal_can.c ****     hcan->TxMailbox1CompleteCallback =  HAL_CAN_TxMailbox1CompleteCallback; /* Legacy weak TxMailbo
 309:Drivers/STM32F1xx_HAL_Driver/Src/stm32f1xx_hal_can.c ****     hcan->TxMailbox2CompleteCallback =  HAL_CAN_TxMailbox2CompleteCallback; /* Legacy weak TxMailbo
 310:Drivers/STM32F1xx_HAL_Driver/Src/stm32f1xx_hal_can.c ****     hcan->TxMailbox0AbortCallback    =  HAL_CAN_TxMailbox0AbortCallback;    /* Legacy weak TxMailbo
 311:Drivers/STM32F1xx_HAL_Driver/Src/stm32f1xx_hal_can.c ****     hcan->TxMailbox1AbortCallback    =  HAL_CAN_TxMailbox1AbortCallback;    /* Legacy weak TxMailbo
 312:Drivers/STM32F1xx_HAL_Driver/Src/stm32f1xx_hal_can.c ****     hcan->TxMailbox2AbortCallback    =  HAL_CAN_TxMailbox2AbortCallback;    /* Legacy weak TxMailbo
 313:Drivers/STM32F1xx_HAL_Driver/Src/stm32f1xx_hal_can.c ****     hcan->SleepCallback              =  HAL_CAN_SleepCallback;              /* Legacy weak SleepCal
 314:Drivers/STM32F1xx_HAL_Driver/Src/stm32f1xx_hal_can.c ****     hcan->WakeUpFromRxMsgCallback    =  HAL_CAN_WakeUpFromRxMsgCallback;    /* Legacy weak WakeUpFr
 315:Drivers/STM32F1xx_HAL_Driver/Src/stm32f1xx_hal_can.c ****     hcan->ErrorCallback              =  HAL_CAN_ErrorCallback;              /* Legacy weak ErrorCal
 316:Drivers/STM32F1xx_HAL_Driver/Src/stm32f1xx_hal_can.c **** 
ARM GAS  /tmp/cc1LZDaw.s 			page 7


 317:Drivers/STM32F1xx_HAL_Driver/Src/stm32f1xx_hal_can.c ****     if (hcan->MspInitCallback == NULL)
 318:Drivers/STM32F1xx_HAL_Driver/Src/stm32f1xx_hal_can.c ****     {
 319:Drivers/STM32F1xx_HAL_Driver/Src/stm32f1xx_hal_can.c ****       hcan->MspInitCallback = HAL_CAN_MspInit; /* Legacy weak MspInit */
 320:Drivers/STM32F1xx_HAL_Driver/Src/stm32f1xx_hal_can.c ****     }
 321:Drivers/STM32F1xx_HAL_Driver/Src/stm32f1xx_hal_can.c **** 
 322:Drivers/STM32F1xx_HAL_Driver/Src/stm32f1xx_hal_can.c ****     /* Init the low level hardware: CLOCK, NVIC */
 323:Drivers/STM32F1xx_HAL_Driver/Src/stm32f1xx_hal_can.c ****     hcan->MspInitCallback(hcan);
 324:Drivers/STM32F1xx_HAL_Driver/Src/stm32f1xx_hal_can.c ****   }
 325:Drivers/STM32F1xx_HAL_Driver/Src/stm32f1xx_hal_can.c **** 
 326:Drivers/STM32F1xx_HAL_Driver/Src/stm32f1xx_hal_can.c **** #else
 327:Drivers/STM32F1xx_HAL_Driver/Src/stm32f1xx_hal_can.c ****   if (hcan->State == HAL_CAN_STATE_RESET)
 328:Drivers/STM32F1xx_HAL_Driver/Src/stm32f1xx_hal_can.c ****   {
 329:Drivers/STM32F1xx_HAL_Driver/Src/stm32f1xx_hal_can.c ****     /* Init the low level hardware: CLOCK, NVIC */
 330:Drivers/STM32F1xx_HAL_Driver/Src/stm32f1xx_hal_can.c ****     HAL_CAN_MspInit(hcan);
 331:Drivers/STM32F1xx_HAL_Driver/Src/stm32f1xx_hal_can.c ****   }
 332:Drivers/STM32F1xx_HAL_Driver/Src/stm32f1xx_hal_can.c **** #endif /* USE_HAL_CAN_REGISTER_CALLBACKS */
 333:Drivers/STM32F1xx_HAL_Driver/Src/stm32f1xx_hal_can.c **** 
 334:Drivers/STM32F1xx_HAL_Driver/Src/stm32f1xx_hal_can.c ****   /* Request initialisation */
 335:Drivers/STM32F1xx_HAL_Driver/Src/stm32f1xx_hal_can.c ****   //printf("Antes de INRQ\r\n");
 336:Drivers/STM32F1xx_HAL_Driver/Src/stm32f1xx_hal_can.c ****   SET_BIT(hcan->Instance->MCR, CAN_MCR_INRQ);
 337:Drivers/STM32F1xx_HAL_Driver/Src/stm32f1xx_hal_can.c **** 
 338:Drivers/STM32F1xx_HAL_Driver/Src/stm32f1xx_hal_can.c ****   /* Get tick */
 339:Drivers/STM32F1xx_HAL_Driver/Src/stm32f1xx_hal_can.c ****   tickstart = HAL_GetTick();
 340:Drivers/STM32F1xx_HAL_Driver/Src/stm32f1xx_hal_can.c **** 
 341:Drivers/STM32F1xx_HAL_Driver/Src/stm32f1xx_hal_can.c ****   /* Wait initialisation acknowledge */
 342:Drivers/STM32F1xx_HAL_Driver/Src/stm32f1xx_hal_can.c ****   //printf("Esperando INAK\r\n");
 343:Drivers/STM32F1xx_HAL_Driver/Src/stm32f1xx_hal_can.c ****   while ((hcan->Instance->MSR & CAN_MSR_INAK) == 0U)
 344:Drivers/STM32F1xx_HAL_Driver/Src/stm32f1xx_hal_can.c ****   {
 345:Drivers/STM32F1xx_HAL_Driver/Src/stm32f1xx_hal_can.c ****     if ((HAL_GetTick() - tickstart) > CAN_TIMEOUT_VALUE)
 346:Drivers/STM32F1xx_HAL_Driver/Src/stm32f1xx_hal_can.c ****     {
 347:Drivers/STM32F1xx_HAL_Driver/Src/stm32f1xx_hal_can.c ****       /* Update error code */
 348:Drivers/STM32F1xx_HAL_Driver/Src/stm32f1xx_hal_can.c ****       hcan->ErrorCode |= HAL_CAN_ERROR_TIMEOUT;
 349:Drivers/STM32F1xx_HAL_Driver/Src/stm32f1xx_hal_can.c **** 
 350:Drivers/STM32F1xx_HAL_Driver/Src/stm32f1xx_hal_can.c ****       /* Change CAN state */
 351:Drivers/STM32F1xx_HAL_Driver/Src/stm32f1xx_hal_can.c ****       hcan->State = HAL_CAN_STATE_ERROR;
 352:Drivers/STM32F1xx_HAL_Driver/Src/stm32f1xx_hal_can.c **** 
 353:Drivers/STM32F1xx_HAL_Driver/Src/stm32f1xx_hal_can.c ****       return HAL_ERROR;
 354:Drivers/STM32F1xx_HAL_Driver/Src/stm32f1xx_hal_can.c ****     }
 355:Drivers/STM32F1xx_HAL_Driver/Src/stm32f1xx_hal_can.c ****   }
 356:Drivers/STM32F1xx_HAL_Driver/Src/stm32f1xx_hal_can.c **** //printf("INAK OK\r\n");
 357:Drivers/STM32F1xx_HAL_Driver/Src/stm32f1xx_hal_can.c ****   /* Exit from sleep mode */
 358:Drivers/STM32F1xx_HAL_Driver/Src/stm32f1xx_hal_can.c ****   CLEAR_BIT(hcan->Instance->MCR, CAN_MCR_SLEEP);
 359:Drivers/STM32F1xx_HAL_Driver/Src/stm32f1xx_hal_can.c **** 
 360:Drivers/STM32F1xx_HAL_Driver/Src/stm32f1xx_hal_can.c ****   /* Get tick */
 361:Drivers/STM32F1xx_HAL_Driver/Src/stm32f1xx_hal_can.c ****   tickstart = HAL_GetTick();
 362:Drivers/STM32F1xx_HAL_Driver/Src/stm32f1xx_hal_can.c **** 
 363:Drivers/STM32F1xx_HAL_Driver/Src/stm32f1xx_hal_can.c ****   /* Check Sleep mode leave acknowledge */
 364:Drivers/STM32F1xx_HAL_Driver/Src/stm32f1xx_hal_can.c ****   while ((hcan->Instance->MSR & CAN_MSR_SLAK) != 0U)
 365:Drivers/STM32F1xx_HAL_Driver/Src/stm32f1xx_hal_can.c ****   {
 366:Drivers/STM32F1xx_HAL_Driver/Src/stm32f1xx_hal_can.c ****     if ((HAL_GetTick() - tickstart) > CAN_TIMEOUT_VALUE)
 367:Drivers/STM32F1xx_HAL_Driver/Src/stm32f1xx_hal_can.c ****     {
 368:Drivers/STM32F1xx_HAL_Driver/Src/stm32f1xx_hal_can.c ****       /* Update error code */
 369:Drivers/STM32F1xx_HAL_Driver/Src/stm32f1xx_hal_can.c ****       hcan->ErrorCode |= HAL_CAN_ERROR_TIMEOUT;
 370:Drivers/STM32F1xx_HAL_Driver/Src/stm32f1xx_hal_can.c **** 
 371:Drivers/STM32F1xx_HAL_Driver/Src/stm32f1xx_hal_can.c ****       /* Change CAN state */
 372:Drivers/STM32F1xx_HAL_Driver/Src/stm32f1xx_hal_can.c ****       hcan->State = HAL_CAN_STATE_ERROR;
 373:Drivers/STM32F1xx_HAL_Driver/Src/stm32f1xx_hal_can.c **** 
ARM GAS  /tmp/cc1LZDaw.s 			page 8


 374:Drivers/STM32F1xx_HAL_Driver/Src/stm32f1xx_hal_can.c ****       return HAL_ERROR;
 375:Drivers/STM32F1xx_HAL_Driver/Src/stm32f1xx_hal_can.c ****     }
 376:Drivers/STM32F1xx_HAL_Driver/Src/stm32f1xx_hal_can.c ****   }
 377:Drivers/STM32F1xx_HAL_Driver/Src/stm32f1xx_hal_can.c **** 
 378:Drivers/STM32F1xx_HAL_Driver/Src/stm32f1xx_hal_can.c ****   /* Set the time triggered communication mode */
 379:Drivers/STM32F1xx_HAL_Driver/Src/stm32f1xx_hal_can.c ****   if (hcan->Init.TimeTriggeredMode == ENABLE)
 380:Drivers/STM32F1xx_HAL_Driver/Src/stm32f1xx_hal_can.c ****   {
 381:Drivers/STM32F1xx_HAL_Driver/Src/stm32f1xx_hal_can.c ****     SET_BIT(hcan->Instance->MCR, CAN_MCR_TTCM);
 382:Drivers/STM32F1xx_HAL_Driver/Src/stm32f1xx_hal_can.c ****   }
 383:Drivers/STM32F1xx_HAL_Driver/Src/stm32f1xx_hal_can.c ****   else
 384:Drivers/STM32F1xx_HAL_Driver/Src/stm32f1xx_hal_can.c ****   {
 385:Drivers/STM32F1xx_HAL_Driver/Src/stm32f1xx_hal_can.c ****     CLEAR_BIT(hcan->Instance->MCR, CAN_MCR_TTCM);
 386:Drivers/STM32F1xx_HAL_Driver/Src/stm32f1xx_hal_can.c ****   }
 387:Drivers/STM32F1xx_HAL_Driver/Src/stm32f1xx_hal_can.c **** 
 388:Drivers/STM32F1xx_HAL_Driver/Src/stm32f1xx_hal_can.c ****   /* Set the automatic bus-off management */
 389:Drivers/STM32F1xx_HAL_Driver/Src/stm32f1xx_hal_can.c ****   if (hcan->Init.AutoBusOff == ENABLE)
 390:Drivers/STM32F1xx_HAL_Driver/Src/stm32f1xx_hal_can.c ****   {
 391:Drivers/STM32F1xx_HAL_Driver/Src/stm32f1xx_hal_can.c ****     SET_BIT(hcan->Instance->MCR, CAN_MCR_ABOM);
 392:Drivers/STM32F1xx_HAL_Driver/Src/stm32f1xx_hal_can.c ****   }
 393:Drivers/STM32F1xx_HAL_Driver/Src/stm32f1xx_hal_can.c ****   else
 394:Drivers/STM32F1xx_HAL_Driver/Src/stm32f1xx_hal_can.c ****   {
 395:Drivers/STM32F1xx_HAL_Driver/Src/stm32f1xx_hal_can.c ****     CLEAR_BIT(hcan->Instance->MCR, CAN_MCR_ABOM);
 396:Drivers/STM32F1xx_HAL_Driver/Src/stm32f1xx_hal_can.c ****   }
 397:Drivers/STM32F1xx_HAL_Driver/Src/stm32f1xx_hal_can.c **** 
 398:Drivers/STM32F1xx_HAL_Driver/Src/stm32f1xx_hal_can.c ****   /* Set the automatic wake-up mode */
 399:Drivers/STM32F1xx_HAL_Driver/Src/stm32f1xx_hal_can.c ****   if (hcan->Init.AutoWakeUp == ENABLE)
 400:Drivers/STM32F1xx_HAL_Driver/Src/stm32f1xx_hal_can.c ****   {
 401:Drivers/STM32F1xx_HAL_Driver/Src/stm32f1xx_hal_can.c ****     SET_BIT(hcan->Instance->MCR, CAN_MCR_AWUM);
 402:Drivers/STM32F1xx_HAL_Driver/Src/stm32f1xx_hal_can.c ****   }
 403:Drivers/STM32F1xx_HAL_Driver/Src/stm32f1xx_hal_can.c ****   else
 404:Drivers/STM32F1xx_HAL_Driver/Src/stm32f1xx_hal_can.c ****   {
 405:Drivers/STM32F1xx_HAL_Driver/Src/stm32f1xx_hal_can.c ****     CLEAR_BIT(hcan->Instance->MCR, CAN_MCR_AWUM);
 406:Drivers/STM32F1xx_HAL_Driver/Src/stm32f1xx_hal_can.c ****   }
 407:Drivers/STM32F1xx_HAL_Driver/Src/stm32f1xx_hal_can.c **** 
 408:Drivers/STM32F1xx_HAL_Driver/Src/stm32f1xx_hal_can.c ****   /* Set the automatic retransmission */
 409:Drivers/STM32F1xx_HAL_Driver/Src/stm32f1xx_hal_can.c ****   if (hcan->Init.AutoRetransmission == ENABLE)
 410:Drivers/STM32F1xx_HAL_Driver/Src/stm32f1xx_hal_can.c ****   {
 411:Drivers/STM32F1xx_HAL_Driver/Src/stm32f1xx_hal_can.c ****     CLEAR_BIT(hcan->Instance->MCR, CAN_MCR_NART);
 412:Drivers/STM32F1xx_HAL_Driver/Src/stm32f1xx_hal_can.c ****   }
 413:Drivers/STM32F1xx_HAL_Driver/Src/stm32f1xx_hal_can.c ****   else
 414:Drivers/STM32F1xx_HAL_Driver/Src/stm32f1xx_hal_can.c ****   {
 415:Drivers/STM32F1xx_HAL_Driver/Src/stm32f1xx_hal_can.c ****     SET_BIT(hcan->Instance->MCR, CAN_MCR_NART);
 416:Drivers/STM32F1xx_HAL_Driver/Src/stm32f1xx_hal_can.c ****   }
 417:Drivers/STM32F1xx_HAL_Driver/Src/stm32f1xx_hal_can.c **** 
 418:Drivers/STM32F1xx_HAL_Driver/Src/stm32f1xx_hal_can.c ****   /* Set the receive FIFO locked mode */
 419:Drivers/STM32F1xx_HAL_Driver/Src/stm32f1xx_hal_can.c ****   if (hcan->Init.ReceiveFifoLocked == ENABLE)
 420:Drivers/STM32F1xx_HAL_Driver/Src/stm32f1xx_hal_can.c ****   {
 421:Drivers/STM32F1xx_HAL_Driver/Src/stm32f1xx_hal_can.c ****     SET_BIT(hcan->Instance->MCR, CAN_MCR_RFLM);
 422:Drivers/STM32F1xx_HAL_Driver/Src/stm32f1xx_hal_can.c ****   }
 423:Drivers/STM32F1xx_HAL_Driver/Src/stm32f1xx_hal_can.c ****   else
 424:Drivers/STM32F1xx_HAL_Driver/Src/stm32f1xx_hal_can.c ****   {
 425:Drivers/STM32F1xx_HAL_Driver/Src/stm32f1xx_hal_can.c ****     CLEAR_BIT(hcan->Instance->MCR, CAN_MCR_RFLM);
 426:Drivers/STM32F1xx_HAL_Driver/Src/stm32f1xx_hal_can.c ****   }
 427:Drivers/STM32F1xx_HAL_Driver/Src/stm32f1xx_hal_can.c **** 
 428:Drivers/STM32F1xx_HAL_Driver/Src/stm32f1xx_hal_can.c ****   /* Set the transmit FIFO priority */
 429:Drivers/STM32F1xx_HAL_Driver/Src/stm32f1xx_hal_can.c ****   if (hcan->Init.TransmitFifoPriority == ENABLE)
 430:Drivers/STM32F1xx_HAL_Driver/Src/stm32f1xx_hal_can.c ****   {
ARM GAS  /tmp/cc1LZDaw.s 			page 9


 431:Drivers/STM32F1xx_HAL_Driver/Src/stm32f1xx_hal_can.c ****     SET_BIT(hcan->Instance->MCR, CAN_MCR_TXFP);
 432:Drivers/STM32F1xx_HAL_Driver/Src/stm32f1xx_hal_can.c ****   }
 433:Drivers/STM32F1xx_HAL_Driver/Src/stm32f1xx_hal_can.c ****   else
 434:Drivers/STM32F1xx_HAL_Driver/Src/stm32f1xx_hal_can.c ****   {
 435:Drivers/STM32F1xx_HAL_Driver/Src/stm32f1xx_hal_can.c ****     CLEAR_BIT(hcan->Instance->MCR, CAN_MCR_TXFP);
 436:Drivers/STM32F1xx_HAL_Driver/Src/stm32f1xx_hal_can.c ****   }
 437:Drivers/STM32F1xx_HAL_Driver/Src/stm32f1xx_hal_can.c **** 
 438:Drivers/STM32F1xx_HAL_Driver/Src/stm32f1xx_hal_can.c ****   /* Set the bit timing register */
 439:Drivers/STM32F1xx_HAL_Driver/Src/stm32f1xx_hal_can.c ****   WRITE_REG(hcan->Instance->BTR, (uint32_t)(hcan->Init.Mode           |
 440:Drivers/STM32F1xx_HAL_Driver/Src/stm32f1xx_hal_can.c ****                                             hcan->Init.SyncJumpWidth  |
 441:Drivers/STM32F1xx_HAL_Driver/Src/stm32f1xx_hal_can.c ****                                             hcan->Init.TimeSeg1       |
 442:Drivers/STM32F1xx_HAL_Driver/Src/stm32f1xx_hal_can.c ****                                             hcan->Init.TimeSeg2       |
 443:Drivers/STM32F1xx_HAL_Driver/Src/stm32f1xx_hal_can.c ****                                             (hcan->Init.Prescaler - 1U)));
 444:Drivers/STM32F1xx_HAL_Driver/Src/stm32f1xx_hal_can.c **** 
 445:Drivers/STM32F1xx_HAL_Driver/Src/stm32f1xx_hal_can.c ****   /* Initialize the error code */
 446:Drivers/STM32F1xx_HAL_Driver/Src/stm32f1xx_hal_can.c ****   hcan->ErrorCode = HAL_CAN_ERROR_NONE;
 447:Drivers/STM32F1xx_HAL_Driver/Src/stm32f1xx_hal_can.c **** 
 448:Drivers/STM32F1xx_HAL_Driver/Src/stm32f1xx_hal_can.c ****   /* Initialize the CAN state */
 449:Drivers/STM32F1xx_HAL_Driver/Src/stm32f1xx_hal_can.c ****   hcan->State = HAL_CAN_STATE_READY;
 450:Drivers/STM32F1xx_HAL_Driver/Src/stm32f1xx_hal_can.c **** 
 451:Drivers/STM32F1xx_HAL_Driver/Src/stm32f1xx_hal_can.c ****   /* Return function status */
 452:Drivers/STM32F1xx_HAL_Driver/Src/stm32f1xx_hal_can.c ****   return HAL_OK;
 453:Drivers/STM32F1xx_HAL_Driver/Src/stm32f1xx_hal_can.c **** }
 454:Drivers/STM32F1xx_HAL_Driver/Src/stm32f1xx_hal_can.c **** 
 455:Drivers/STM32F1xx_HAL_Driver/Src/stm32f1xx_hal_can.c **** /**
 456:Drivers/STM32F1xx_HAL_Driver/Src/stm32f1xx_hal_can.c ****   * @brief  Deinitializes the CAN peripheral registers to their default
 457:Drivers/STM32F1xx_HAL_Driver/Src/stm32f1xx_hal_can.c ****   *         reset values.
 458:Drivers/STM32F1xx_HAL_Driver/Src/stm32f1xx_hal_can.c ****   * @param  hcan pointer to a CAN_HandleTypeDef structure that contains
 459:Drivers/STM32F1xx_HAL_Driver/Src/stm32f1xx_hal_can.c ****   *         the configuration information for the specified CAN.
 460:Drivers/STM32F1xx_HAL_Driver/Src/stm32f1xx_hal_can.c ****   * @retval HAL status
 461:Drivers/STM32F1xx_HAL_Driver/Src/stm32f1xx_hal_can.c ****   */
 462:Drivers/STM32F1xx_HAL_Driver/Src/stm32f1xx_hal_can.c **** HAL_StatusTypeDef HAL_CAN_DeInit(CAN_HandleTypeDef *hcan)
 463:Drivers/STM32F1xx_HAL_Driver/Src/stm32f1xx_hal_can.c **** {
 464:Drivers/STM32F1xx_HAL_Driver/Src/stm32f1xx_hal_can.c ****   /* Check CAN handle */
 465:Drivers/STM32F1xx_HAL_Driver/Src/stm32f1xx_hal_can.c ****   if (hcan == NULL)
 466:Drivers/STM32F1xx_HAL_Driver/Src/stm32f1xx_hal_can.c ****   {
 467:Drivers/STM32F1xx_HAL_Driver/Src/stm32f1xx_hal_can.c ****     return HAL_ERROR;
 468:Drivers/STM32F1xx_HAL_Driver/Src/stm32f1xx_hal_can.c ****   }
 469:Drivers/STM32F1xx_HAL_Driver/Src/stm32f1xx_hal_can.c **** 
 470:Drivers/STM32F1xx_HAL_Driver/Src/stm32f1xx_hal_can.c ****   /* Check the parameters */
 471:Drivers/STM32F1xx_HAL_Driver/Src/stm32f1xx_hal_can.c ****   assert_param(IS_CAN_ALL_INSTANCE(hcan->Instance));
 472:Drivers/STM32F1xx_HAL_Driver/Src/stm32f1xx_hal_can.c **** 
 473:Drivers/STM32F1xx_HAL_Driver/Src/stm32f1xx_hal_can.c ****   /* Stop the CAN module */
 474:Drivers/STM32F1xx_HAL_Driver/Src/stm32f1xx_hal_can.c ****   (void)HAL_CAN_Stop(hcan);
 475:Drivers/STM32F1xx_HAL_Driver/Src/stm32f1xx_hal_can.c **** 
 476:Drivers/STM32F1xx_HAL_Driver/Src/stm32f1xx_hal_can.c **** #if USE_HAL_CAN_REGISTER_CALLBACKS == 1
 477:Drivers/STM32F1xx_HAL_Driver/Src/stm32f1xx_hal_can.c ****   if (hcan->MspDeInitCallback == NULL)
 478:Drivers/STM32F1xx_HAL_Driver/Src/stm32f1xx_hal_can.c ****   {
 479:Drivers/STM32F1xx_HAL_Driver/Src/stm32f1xx_hal_can.c ****     hcan->MspDeInitCallback = HAL_CAN_MspDeInit; /* Legacy weak MspDeInit */
 480:Drivers/STM32F1xx_HAL_Driver/Src/stm32f1xx_hal_can.c ****   }
 481:Drivers/STM32F1xx_HAL_Driver/Src/stm32f1xx_hal_can.c **** 
 482:Drivers/STM32F1xx_HAL_Driver/Src/stm32f1xx_hal_can.c ****   /* DeInit the low level hardware: CLOCK, NVIC */
 483:Drivers/STM32F1xx_HAL_Driver/Src/stm32f1xx_hal_can.c ****   hcan->MspDeInitCallback(hcan);
 484:Drivers/STM32F1xx_HAL_Driver/Src/stm32f1xx_hal_can.c **** 
 485:Drivers/STM32F1xx_HAL_Driver/Src/stm32f1xx_hal_can.c **** #else
 486:Drivers/STM32F1xx_HAL_Driver/Src/stm32f1xx_hal_can.c ****   /* DeInit the low level hardware: CLOCK, NVIC */
 487:Drivers/STM32F1xx_HAL_Driver/Src/stm32f1xx_hal_can.c ****   HAL_CAN_MspDeInit(hcan);
ARM GAS  /tmp/cc1LZDaw.s 			page 10


 488:Drivers/STM32F1xx_HAL_Driver/Src/stm32f1xx_hal_can.c **** #endif /* USE_HAL_CAN_REGISTER_CALLBACKS */
 489:Drivers/STM32F1xx_HAL_Driver/Src/stm32f1xx_hal_can.c **** 
 490:Drivers/STM32F1xx_HAL_Driver/Src/stm32f1xx_hal_can.c ****   /* Reset the CAN peripheral */
 491:Drivers/STM32F1xx_HAL_Driver/Src/stm32f1xx_hal_can.c ****   SET_BIT(hcan->Instance->MCR, CAN_MCR_RESET);
 492:Drivers/STM32F1xx_HAL_Driver/Src/stm32f1xx_hal_can.c **** 
 493:Drivers/STM32F1xx_HAL_Driver/Src/stm32f1xx_hal_can.c ****   /* Reset the CAN ErrorCode */
 494:Drivers/STM32F1xx_HAL_Driver/Src/stm32f1xx_hal_can.c ****   hcan->ErrorCode = HAL_CAN_ERROR_NONE;
 495:Drivers/STM32F1xx_HAL_Driver/Src/stm32f1xx_hal_can.c **** 
 496:Drivers/STM32F1xx_HAL_Driver/Src/stm32f1xx_hal_can.c ****   /* Change CAN state */
 497:Drivers/STM32F1xx_HAL_Driver/Src/stm32f1xx_hal_can.c ****   hcan->State = HAL_CAN_STATE_RESET;
 498:Drivers/STM32F1xx_HAL_Driver/Src/stm32f1xx_hal_can.c **** 
 499:Drivers/STM32F1xx_HAL_Driver/Src/stm32f1xx_hal_can.c ****   /* Return function status */
 500:Drivers/STM32F1xx_HAL_Driver/Src/stm32f1xx_hal_can.c ****   return HAL_OK;
 501:Drivers/STM32F1xx_HAL_Driver/Src/stm32f1xx_hal_can.c **** }
 502:Drivers/STM32F1xx_HAL_Driver/Src/stm32f1xx_hal_can.c **** 
 503:Drivers/STM32F1xx_HAL_Driver/Src/stm32f1xx_hal_can.c **** /**
 504:Drivers/STM32F1xx_HAL_Driver/Src/stm32f1xx_hal_can.c ****   * @brief  Initializes the CAN MSP.
 505:Drivers/STM32F1xx_HAL_Driver/Src/stm32f1xx_hal_can.c ****   * @param  hcan pointer to a CAN_HandleTypeDef structure that contains
 506:Drivers/STM32F1xx_HAL_Driver/Src/stm32f1xx_hal_can.c ****   *         the configuration information for the specified CAN.
 507:Drivers/STM32F1xx_HAL_Driver/Src/stm32f1xx_hal_can.c ****   * @retval None
 508:Drivers/STM32F1xx_HAL_Driver/Src/stm32f1xx_hal_can.c ****   */
 509:Drivers/STM32F1xx_HAL_Driver/Src/stm32f1xx_hal_can.c **** __weak void HAL_CAN_MspInit(CAN_HandleTypeDef *hcan)
 510:Drivers/STM32F1xx_HAL_Driver/Src/stm32f1xx_hal_can.c **** {
  28              		.loc 1 510 1 view -0
  29              		.cfi_startproc
  30              		@ args = 0, pretend = 0, frame = 0
  31              		@ frame_needed = 0, uses_anonymous_args = 0
  32              		@ link register save eliminated.
 511:Drivers/STM32F1xx_HAL_Driver/Src/stm32f1xx_hal_can.c ****   /* Prevent unused argument(s) compilation warning */
 512:Drivers/STM32F1xx_HAL_Driver/Src/stm32f1xx_hal_can.c ****   UNUSED(hcan);
  33              		.loc 1 512 3 view .LVU1
 513:Drivers/STM32F1xx_HAL_Driver/Src/stm32f1xx_hal_can.c **** 
 514:Drivers/STM32F1xx_HAL_Driver/Src/stm32f1xx_hal_can.c ****   /* NOTE : This function Should not be modified, when the callback is needed,
 515:Drivers/STM32F1xx_HAL_Driver/Src/stm32f1xx_hal_can.c ****             the HAL_CAN_MspInit could be implemented in the user file
 516:Drivers/STM32F1xx_HAL_Driver/Src/stm32f1xx_hal_can.c ****    */
 517:Drivers/STM32F1xx_HAL_Driver/Src/stm32f1xx_hal_can.c **** }
  34              		.loc 1 517 1 is_stmt 0 view .LVU2
  35 0000 7047     		bx	lr
  36              		.cfi_endproc
  37              	.LFE67:
  39              		.section	.text.HAL_CAN_Init,"ax",%progbits
  40              		.align	1
  41              		.global	HAL_CAN_Init
  42              		.syntax unified
  43              		.thumb
  44              		.thumb_func
  46              	HAL_CAN_Init:
  47              	.LVL1:
  48              	.LFB65:
 276:Drivers/STM32F1xx_HAL_Driver/Src/stm32f1xx_hal_can.c ****   uint32_t tickstart;
  49              		.loc 1 276 1 is_stmt 1 view -0
  50              		.cfi_startproc
  51              		@ args = 0, pretend = 0, frame = 0
  52              		@ frame_needed = 0, uses_anonymous_args = 0
 277:Drivers/STM32F1xx_HAL_Driver/Src/stm32f1xx_hal_can.c **** 
  53              		.loc 1 277 3 view .LVU4
 280:Drivers/STM32F1xx_HAL_Driver/Src/stm32f1xx_hal_can.c ****   {
ARM GAS  /tmp/cc1LZDaw.s 			page 11


  54              		.loc 1 280 3 view .LVU5
 280:Drivers/STM32F1xx_HAL_Driver/Src/stm32f1xx_hal_can.c ****   {
  55              		.loc 1 280 6 is_stmt 0 view .LVU6
  56 0000 0028     		cmp	r0, #0
  57 0002 00F0A180 		beq	.L21
 276:Drivers/STM32F1xx_HAL_Driver/Src/stm32f1xx_hal_can.c ****   uint32_t tickstart;
  58              		.loc 1 276 1 view .LVU7
  59 0006 38B5     		push	{r3, r4, r5, lr}
  60              	.LCFI0:
  61              		.cfi_def_cfa_offset 16
  62              		.cfi_offset 3, -16
  63              		.cfi_offset 4, -12
  64              		.cfi_offset 5, -8
  65              		.cfi_offset 14, -4
  66 0008 0446     		mov	r4, r0
 286:Drivers/STM32F1xx_HAL_Driver/Src/stm32f1xx_hal_can.c ****   assert_param(IS_FUNCTIONAL_STATE(hcan->Init.TimeTriggeredMode));
  67              		.loc 1 286 3 is_stmt 1 view .LVU8
 287:Drivers/STM32F1xx_HAL_Driver/Src/stm32f1xx_hal_can.c ****   assert_param(IS_FUNCTIONAL_STATE(hcan->Init.AutoBusOff));
  68              		.loc 1 287 3 view .LVU9
 288:Drivers/STM32F1xx_HAL_Driver/Src/stm32f1xx_hal_can.c ****   assert_param(IS_FUNCTIONAL_STATE(hcan->Init.AutoWakeUp));
  69              		.loc 1 288 3 view .LVU10
 289:Drivers/STM32F1xx_HAL_Driver/Src/stm32f1xx_hal_can.c ****   assert_param(IS_FUNCTIONAL_STATE(hcan->Init.AutoRetransmission));
  70              		.loc 1 289 3 view .LVU11
 290:Drivers/STM32F1xx_HAL_Driver/Src/stm32f1xx_hal_can.c ****   assert_param(IS_FUNCTIONAL_STATE(hcan->Init.ReceiveFifoLocked));
  71              		.loc 1 290 3 view .LVU12
 291:Drivers/STM32F1xx_HAL_Driver/Src/stm32f1xx_hal_can.c ****   assert_param(IS_FUNCTIONAL_STATE(hcan->Init.TransmitFifoPriority));
  72              		.loc 1 291 3 view .LVU13
 292:Drivers/STM32F1xx_HAL_Driver/Src/stm32f1xx_hal_can.c ****   assert_param(IS_CAN_MODE(hcan->Init.Mode));
  73              		.loc 1 292 3 view .LVU14
 293:Drivers/STM32F1xx_HAL_Driver/Src/stm32f1xx_hal_can.c ****   assert_param(IS_CAN_SJW(hcan->Init.SyncJumpWidth));
  74              		.loc 1 293 3 view .LVU15
 294:Drivers/STM32F1xx_HAL_Driver/Src/stm32f1xx_hal_can.c ****   assert_param(IS_CAN_BS1(hcan->Init.TimeSeg1));
  75              		.loc 1 294 3 view .LVU16
 295:Drivers/STM32F1xx_HAL_Driver/Src/stm32f1xx_hal_can.c ****   assert_param(IS_CAN_BS2(hcan->Init.TimeSeg2));
  76              		.loc 1 295 3 view .LVU17
 296:Drivers/STM32F1xx_HAL_Driver/Src/stm32f1xx_hal_can.c ****   assert_param(IS_CAN_PRESCALER(hcan->Init.Prescaler));
  77              		.loc 1 296 3 view .LVU18
 297:Drivers/STM32F1xx_HAL_Driver/Src/stm32f1xx_hal_can.c **** 
  78              		.loc 1 297 3 view .LVU19
 327:Drivers/STM32F1xx_HAL_Driver/Src/stm32f1xx_hal_can.c ****   {
  79              		.loc 1 327 3 view .LVU20
 327:Drivers/STM32F1xx_HAL_Driver/Src/stm32f1xx_hal_can.c ****   {
  80              		.loc 1 327 11 is_stmt 0 view .LVU21
  81 000a 90F82030 		ldrb	r3, [r0, #32]	@ zero_extendqisi2
 327:Drivers/STM32F1xx_HAL_Driver/Src/stm32f1xx_hal_can.c ****   {
  82              		.loc 1 327 6 view .LVU22
  83 000e D3B1     		cbz	r3, .L26
  84              	.LVL2:
  85              	.L4:
 336:Drivers/STM32F1xx_HAL_Driver/Src/stm32f1xx_hal_can.c **** 
  86              		.loc 1 336 3 is_stmt 1 view .LVU23
  87 0010 2268     		ldr	r2, [r4]
  88 0012 1368     		ldr	r3, [r2]
  89 0014 43F00103 		orr	r3, r3, #1
  90 0018 1360     		str	r3, [r2]
 339:Drivers/STM32F1xx_HAL_Driver/Src/stm32f1xx_hal_can.c **** 
  91              		.loc 1 339 3 view .LVU24
ARM GAS  /tmp/cc1LZDaw.s 			page 12


 339:Drivers/STM32F1xx_HAL_Driver/Src/stm32f1xx_hal_can.c **** 
  92              		.loc 1 339 15 is_stmt 0 view .LVU25
  93 001a FFF7FEFF 		bl	HAL_GetTick
  94              	.LVL3:
  95 001e 0546     		mov	r5, r0
  96              	.LVL4:
 343:Drivers/STM32F1xx_HAL_Driver/Src/stm32f1xx_hal_can.c ****   {
  97              		.loc 1 343 3 is_stmt 1 view .LVU26
  98              	.L5:
 343:Drivers/STM32F1xx_HAL_Driver/Src/stm32f1xx_hal_can.c ****   {
  99              		.loc 1 343 47 view .LVU27
 343:Drivers/STM32F1xx_HAL_Driver/Src/stm32f1xx_hal_can.c ****   {
 100              		.loc 1 343 15 is_stmt 0 view .LVU28
 101 0020 2368     		ldr	r3, [r4]
 343:Drivers/STM32F1xx_HAL_Driver/Src/stm32f1xx_hal_can.c ****   {
 102              		.loc 1 343 25 view .LVU29
 103 0022 5A68     		ldr	r2, [r3, #4]
 343:Drivers/STM32F1xx_HAL_Driver/Src/stm32f1xx_hal_can.c ****   {
 104              		.loc 1 343 47 view .LVU30
 105 0024 12F0010F 		tst	r2, #1
 106 0028 10D1     		bne	.L27
 345:Drivers/STM32F1xx_HAL_Driver/Src/stm32f1xx_hal_can.c ****     {
 107              		.loc 1 345 5 is_stmt 1 view .LVU31
 345:Drivers/STM32F1xx_HAL_Driver/Src/stm32f1xx_hal_can.c ****     {
 108              		.loc 1 345 10 is_stmt 0 view .LVU32
 109 002a FFF7FEFF 		bl	HAL_GetTick
 110              	.LVL5:
 345:Drivers/STM32F1xx_HAL_Driver/Src/stm32f1xx_hal_can.c ****     {
 111              		.loc 1 345 24 discriminator 1 view .LVU33
 112 002e 401B     		subs	r0, r0, r5
 345:Drivers/STM32F1xx_HAL_Driver/Src/stm32f1xx_hal_can.c ****     {
 113              		.loc 1 345 8 discriminator 1 view .LVU34
 114 0030 0A28     		cmp	r0, #10
 115 0032 F5D9     		bls	.L5
 348:Drivers/STM32F1xx_HAL_Driver/Src/stm32f1xx_hal_can.c **** 
 116              		.loc 1 348 7 is_stmt 1 view .LVU35
 348:Drivers/STM32F1xx_HAL_Driver/Src/stm32f1xx_hal_can.c **** 
 117              		.loc 1 348 11 is_stmt 0 view .LVU36
 118 0034 636A     		ldr	r3, [r4, #36]
 348:Drivers/STM32F1xx_HAL_Driver/Src/stm32f1xx_hal_can.c **** 
 119              		.loc 1 348 23 view .LVU37
 120 0036 43F40033 		orr	r3, r3, #131072
 121 003a 6362     		str	r3, [r4, #36]
 351:Drivers/STM32F1xx_HAL_Driver/Src/stm32f1xx_hal_can.c **** 
 122              		.loc 1 351 7 is_stmt 1 view .LVU38
 351:Drivers/STM32F1xx_HAL_Driver/Src/stm32f1xx_hal_can.c **** 
 123              		.loc 1 351 19 is_stmt 0 view .LVU39
 124 003c 0523     		movs	r3, #5
 125 003e 84F82030 		strb	r3, [r4, #32]
 353:Drivers/STM32F1xx_HAL_Driver/Src/stm32f1xx_hal_can.c ****     }
 126              		.loc 1 353 7 is_stmt 1 view .LVU40
 353:Drivers/STM32F1xx_HAL_Driver/Src/stm32f1xx_hal_can.c ****     }
 127              		.loc 1 353 14 is_stmt 0 view .LVU41
 128 0042 0120     		movs	r0, #1
 129              	.L3:
 453:Drivers/STM32F1xx_HAL_Driver/Src/stm32f1xx_hal_can.c **** 
 130              		.loc 1 453 1 view .LVU42
ARM GAS  /tmp/cc1LZDaw.s 			page 13


 131 0044 38BD     		pop	{r3, r4, r5, pc}
 132              	.LVL6:
 133              	.L26:
 330:Drivers/STM32F1xx_HAL_Driver/Src/stm32f1xx_hal_can.c ****   }
 134              		.loc 1 330 5 is_stmt 1 view .LVU43
 135 0046 FFF7FEFF 		bl	HAL_CAN_MspInit
 136              	.LVL7:
 330:Drivers/STM32F1xx_HAL_Driver/Src/stm32f1xx_hal_can.c ****   }
 137              		.loc 1 330 5 is_stmt 0 view .LVU44
 138 004a E1E7     		b	.L4
 139              	.LVL8:
 140              	.L27:
 358:Drivers/STM32F1xx_HAL_Driver/Src/stm32f1xx_hal_can.c **** 
 141              		.loc 1 358 3 is_stmt 1 view .LVU45
 142 004c 1A68     		ldr	r2, [r3]
 143 004e 22F00202 		bic	r2, r2, #2
 144 0052 1A60     		str	r2, [r3]
 361:Drivers/STM32F1xx_HAL_Driver/Src/stm32f1xx_hal_can.c **** 
 145              		.loc 1 361 3 view .LVU46
 361:Drivers/STM32F1xx_HAL_Driver/Src/stm32f1xx_hal_can.c **** 
 146              		.loc 1 361 15 is_stmt 0 view .LVU47
 147 0054 FFF7FEFF 		bl	HAL_GetTick
 148              	.LVL9:
 149 0058 0546     		mov	r5, r0
 150              	.LVL10:
 364:Drivers/STM32F1xx_HAL_Driver/Src/stm32f1xx_hal_can.c ****   {
 151              		.loc 1 364 3 is_stmt 1 view .LVU48
 152              	.L7:
 364:Drivers/STM32F1xx_HAL_Driver/Src/stm32f1xx_hal_can.c ****   {
 153              		.loc 1 364 47 view .LVU49
 364:Drivers/STM32F1xx_HAL_Driver/Src/stm32f1xx_hal_can.c ****   {
 154              		.loc 1 364 15 is_stmt 0 view .LVU50
 155 005a 2368     		ldr	r3, [r4]
 364:Drivers/STM32F1xx_HAL_Driver/Src/stm32f1xx_hal_can.c ****   {
 156              		.loc 1 364 25 view .LVU51
 157 005c 5A68     		ldr	r2, [r3, #4]
 364:Drivers/STM32F1xx_HAL_Driver/Src/stm32f1xx_hal_can.c ****   {
 158              		.loc 1 364 47 view .LVU52
 159 005e 12F0020F 		tst	r2, #2
 160 0062 0DD0     		beq	.L28
 366:Drivers/STM32F1xx_HAL_Driver/Src/stm32f1xx_hal_can.c ****     {
 161              		.loc 1 366 5 is_stmt 1 view .LVU53
 366:Drivers/STM32F1xx_HAL_Driver/Src/stm32f1xx_hal_can.c ****     {
 162              		.loc 1 366 10 is_stmt 0 view .LVU54
 163 0064 FFF7FEFF 		bl	HAL_GetTick
 164              	.LVL11:
 366:Drivers/STM32F1xx_HAL_Driver/Src/stm32f1xx_hal_can.c ****     {
 165              		.loc 1 366 24 discriminator 1 view .LVU55
 166 0068 401B     		subs	r0, r0, r5
 366:Drivers/STM32F1xx_HAL_Driver/Src/stm32f1xx_hal_can.c ****     {
 167              		.loc 1 366 8 discriminator 1 view .LVU56
 168 006a 0A28     		cmp	r0, #10
 169 006c F5D9     		bls	.L7
 369:Drivers/STM32F1xx_HAL_Driver/Src/stm32f1xx_hal_can.c **** 
 170              		.loc 1 369 7 is_stmt 1 view .LVU57
 369:Drivers/STM32F1xx_HAL_Driver/Src/stm32f1xx_hal_can.c **** 
 171              		.loc 1 369 11 is_stmt 0 view .LVU58
ARM GAS  /tmp/cc1LZDaw.s 			page 14


 172 006e 636A     		ldr	r3, [r4, #36]
 369:Drivers/STM32F1xx_HAL_Driver/Src/stm32f1xx_hal_can.c **** 
 173              		.loc 1 369 23 view .LVU59
 174 0070 43F40033 		orr	r3, r3, #131072
 175 0074 6362     		str	r3, [r4, #36]
 372:Drivers/STM32F1xx_HAL_Driver/Src/stm32f1xx_hal_can.c **** 
 176              		.loc 1 372 7 is_stmt 1 view .LVU60
 372:Drivers/STM32F1xx_HAL_Driver/Src/stm32f1xx_hal_can.c **** 
 177              		.loc 1 372 19 is_stmt 0 view .LVU61
 178 0076 0523     		movs	r3, #5
 179 0078 84F82030 		strb	r3, [r4, #32]
 374:Drivers/STM32F1xx_HAL_Driver/Src/stm32f1xx_hal_can.c ****     }
 180              		.loc 1 374 7 is_stmt 1 view .LVU62
 374:Drivers/STM32F1xx_HAL_Driver/Src/stm32f1xx_hal_can.c ****     }
 181              		.loc 1 374 14 is_stmt 0 view .LVU63
 182 007c 0120     		movs	r0, #1
 183 007e E1E7     		b	.L3
 184              	.L28:
 379:Drivers/STM32F1xx_HAL_Driver/Src/stm32f1xx_hal_can.c ****   {
 185              		.loc 1 379 3 is_stmt 1 view .LVU64
 379:Drivers/STM32F1xx_HAL_Driver/Src/stm32f1xx_hal_can.c ****   {
 186              		.loc 1 379 17 is_stmt 0 view .LVU65
 187 0080 227E     		ldrb	r2, [r4, #24]	@ zero_extendqisi2
 379:Drivers/STM32F1xx_HAL_Driver/Src/stm32f1xx_hal_can.c ****   {
 188              		.loc 1 379 6 view .LVU66
 189 0082 012A     		cmp	r2, #1
 190 0084 3DD0     		beq	.L29
 385:Drivers/STM32F1xx_HAL_Driver/Src/stm32f1xx_hal_can.c ****   }
 191              		.loc 1 385 5 is_stmt 1 view .LVU67
 192 0086 1A68     		ldr	r2, [r3]
 193 0088 22F08002 		bic	r2, r2, #128
 194 008c 1A60     		str	r2, [r3]
 195              	.L10:
 389:Drivers/STM32F1xx_HAL_Driver/Src/stm32f1xx_hal_can.c ****   {
 196              		.loc 1 389 3 view .LVU68
 389:Drivers/STM32F1xx_HAL_Driver/Src/stm32f1xx_hal_can.c ****   {
 197              		.loc 1 389 17 is_stmt 0 view .LVU69
 198 008e 637E     		ldrb	r3, [r4, #25]	@ zero_extendqisi2
 389:Drivers/STM32F1xx_HAL_Driver/Src/stm32f1xx_hal_can.c ****   {
 199              		.loc 1 389 6 view .LVU70
 200 0090 012B     		cmp	r3, #1
 201 0092 3BD0     		beq	.L30
 395:Drivers/STM32F1xx_HAL_Driver/Src/stm32f1xx_hal_can.c ****   }
 202              		.loc 1 395 5 is_stmt 1 view .LVU71
 203 0094 2268     		ldr	r2, [r4]
 204 0096 1368     		ldr	r3, [r2]
 205 0098 23F04003 		bic	r3, r3, #64
 206 009c 1360     		str	r3, [r2]
 207              	.L12:
 399:Drivers/STM32F1xx_HAL_Driver/Src/stm32f1xx_hal_can.c ****   {
 208              		.loc 1 399 3 view .LVU72
 399:Drivers/STM32F1xx_HAL_Driver/Src/stm32f1xx_hal_can.c ****   {
 209              		.loc 1 399 17 is_stmt 0 view .LVU73
 210 009e A37E     		ldrb	r3, [r4, #26]	@ zero_extendqisi2
 399:Drivers/STM32F1xx_HAL_Driver/Src/stm32f1xx_hal_can.c ****   {
 211              		.loc 1 399 6 view .LVU74
 212 00a0 012B     		cmp	r3, #1
ARM GAS  /tmp/cc1LZDaw.s 			page 15


 213 00a2 39D0     		beq	.L31
 405:Drivers/STM32F1xx_HAL_Driver/Src/stm32f1xx_hal_can.c ****   }
 214              		.loc 1 405 5 is_stmt 1 view .LVU75
 215 00a4 2268     		ldr	r2, [r4]
 216 00a6 1368     		ldr	r3, [r2]
 217 00a8 23F02003 		bic	r3, r3, #32
 218 00ac 1360     		str	r3, [r2]
 219              	.L14:
 409:Drivers/STM32F1xx_HAL_Driver/Src/stm32f1xx_hal_can.c ****   {
 220              		.loc 1 409 3 view .LVU76
 409:Drivers/STM32F1xx_HAL_Driver/Src/stm32f1xx_hal_can.c ****   {
 221              		.loc 1 409 17 is_stmt 0 view .LVU77
 222 00ae E37E     		ldrb	r3, [r4, #27]	@ zero_extendqisi2
 409:Drivers/STM32F1xx_HAL_Driver/Src/stm32f1xx_hal_can.c ****   {
 223              		.loc 1 409 6 view .LVU78
 224 00b0 012B     		cmp	r3, #1
 225 00b2 37D0     		beq	.L32
 415:Drivers/STM32F1xx_HAL_Driver/Src/stm32f1xx_hal_can.c ****   }
 226              		.loc 1 415 5 is_stmt 1 view .LVU79
 227 00b4 2268     		ldr	r2, [r4]
 228 00b6 1368     		ldr	r3, [r2]
 229 00b8 43F01003 		orr	r3, r3, #16
 230 00bc 1360     		str	r3, [r2]
 231              	.L16:
 419:Drivers/STM32F1xx_HAL_Driver/Src/stm32f1xx_hal_can.c ****   {
 232              		.loc 1 419 3 view .LVU80
 419:Drivers/STM32F1xx_HAL_Driver/Src/stm32f1xx_hal_can.c ****   {
 233              		.loc 1 419 17 is_stmt 0 view .LVU81
 234 00be 237F     		ldrb	r3, [r4, #28]	@ zero_extendqisi2
 419:Drivers/STM32F1xx_HAL_Driver/Src/stm32f1xx_hal_can.c ****   {
 235              		.loc 1 419 6 view .LVU82
 236 00c0 012B     		cmp	r3, #1
 237 00c2 35D0     		beq	.L33
 425:Drivers/STM32F1xx_HAL_Driver/Src/stm32f1xx_hal_can.c ****   }
 238              		.loc 1 425 5 is_stmt 1 view .LVU83
 239 00c4 2268     		ldr	r2, [r4]
 240 00c6 1368     		ldr	r3, [r2]
 241 00c8 23F00803 		bic	r3, r3, #8
 242 00cc 1360     		str	r3, [r2]
 243              	.L18:
 429:Drivers/STM32F1xx_HAL_Driver/Src/stm32f1xx_hal_can.c ****   {
 244              		.loc 1 429 3 view .LVU84
 429:Drivers/STM32F1xx_HAL_Driver/Src/stm32f1xx_hal_can.c ****   {
 245              		.loc 1 429 17 is_stmt 0 view .LVU85
 246 00ce 637F     		ldrb	r3, [r4, #29]	@ zero_extendqisi2
 429:Drivers/STM32F1xx_HAL_Driver/Src/stm32f1xx_hal_can.c ****   {
 247              		.loc 1 429 6 view .LVU86
 248 00d0 012B     		cmp	r3, #1
 249 00d2 33D0     		beq	.L34
 435:Drivers/STM32F1xx_HAL_Driver/Src/stm32f1xx_hal_can.c ****   }
 250              		.loc 1 435 5 is_stmt 1 view .LVU87
 251 00d4 2268     		ldr	r2, [r4]
 252 00d6 1368     		ldr	r3, [r2]
 253 00d8 23F00403 		bic	r3, r3, #4
 254 00dc 1360     		str	r3, [r2]
 255              	.L20:
 439:Drivers/STM32F1xx_HAL_Driver/Src/stm32f1xx_hal_can.c ****                                             hcan->Init.SyncJumpWidth  |
ARM GAS  /tmp/cc1LZDaw.s 			page 16


 256              		.loc 1 439 3 view .LVU88
 257 00de A368     		ldr	r3, [r4, #8]
 258 00e0 E268     		ldr	r2, [r4, #12]
 259 00e2 1343     		orrs	r3, r3, r2
 260 00e4 2269     		ldr	r2, [r4, #16]
 261 00e6 1343     		orrs	r3, r3, r2
 262 00e8 6269     		ldr	r2, [r4, #20]
 263 00ea 1343     		orrs	r3, r3, r2
 264 00ec 6268     		ldr	r2, [r4, #4]
 265 00ee 013A     		subs	r2, r2, #1
 266 00f0 2168     		ldr	r1, [r4]
 267 00f2 1343     		orrs	r3, r3, r2
 268 00f4 CB61     		str	r3, [r1, #28]
 446:Drivers/STM32F1xx_HAL_Driver/Src/stm32f1xx_hal_can.c **** 
 269              		.loc 1 446 3 view .LVU89
 446:Drivers/STM32F1xx_HAL_Driver/Src/stm32f1xx_hal_can.c **** 
 270              		.loc 1 446 19 is_stmt 0 view .LVU90
 271 00f6 0020     		movs	r0, #0
 272 00f8 6062     		str	r0, [r4, #36]
 449:Drivers/STM32F1xx_HAL_Driver/Src/stm32f1xx_hal_can.c **** 
 273              		.loc 1 449 3 is_stmt 1 view .LVU91
 449:Drivers/STM32F1xx_HAL_Driver/Src/stm32f1xx_hal_can.c **** 
 274              		.loc 1 449 15 is_stmt 0 view .LVU92
 275 00fa 0123     		movs	r3, #1
 276 00fc 84F82030 		strb	r3, [r4, #32]
 452:Drivers/STM32F1xx_HAL_Driver/Src/stm32f1xx_hal_can.c **** }
 277              		.loc 1 452 3 is_stmt 1 view .LVU93
 452:Drivers/STM32F1xx_HAL_Driver/Src/stm32f1xx_hal_can.c **** }
 278              		.loc 1 452 10 is_stmt 0 view .LVU94
 279 0100 A0E7     		b	.L3
 280              	.L29:
 381:Drivers/STM32F1xx_HAL_Driver/Src/stm32f1xx_hal_can.c ****   }
 281              		.loc 1 381 5 is_stmt 1 view .LVU95
 282 0102 1A68     		ldr	r2, [r3]
 283 0104 42F08002 		orr	r2, r2, #128
 284 0108 1A60     		str	r2, [r3]
 285 010a C0E7     		b	.L10
 286              	.L30:
 391:Drivers/STM32F1xx_HAL_Driver/Src/stm32f1xx_hal_can.c ****   }
 287              		.loc 1 391 5 view .LVU96
 288 010c 2268     		ldr	r2, [r4]
 289 010e 1368     		ldr	r3, [r2]
 290 0110 43F04003 		orr	r3, r3, #64
 291 0114 1360     		str	r3, [r2]
 292 0116 C2E7     		b	.L12
 293              	.L31:
 401:Drivers/STM32F1xx_HAL_Driver/Src/stm32f1xx_hal_can.c ****   }
 294              		.loc 1 401 5 view .LVU97
 295 0118 2268     		ldr	r2, [r4]
 296 011a 1368     		ldr	r3, [r2]
 297 011c 43F02003 		orr	r3, r3, #32
 298 0120 1360     		str	r3, [r2]
 299 0122 C4E7     		b	.L14
 300              	.L32:
 411:Drivers/STM32F1xx_HAL_Driver/Src/stm32f1xx_hal_can.c ****   }
 301              		.loc 1 411 5 view .LVU98
 302 0124 2268     		ldr	r2, [r4]
ARM GAS  /tmp/cc1LZDaw.s 			page 17


 303 0126 1368     		ldr	r3, [r2]
 304 0128 23F01003 		bic	r3, r3, #16
 305 012c 1360     		str	r3, [r2]
 306 012e C6E7     		b	.L16
 307              	.L33:
 421:Drivers/STM32F1xx_HAL_Driver/Src/stm32f1xx_hal_can.c ****   }
 308              		.loc 1 421 5 view .LVU99
 309 0130 2268     		ldr	r2, [r4]
 310 0132 1368     		ldr	r3, [r2]
 311 0134 43F00803 		orr	r3, r3, #8
 312 0138 1360     		str	r3, [r2]
 313 013a C8E7     		b	.L18
 314              	.L34:
 431:Drivers/STM32F1xx_HAL_Driver/Src/stm32f1xx_hal_can.c ****   }
 315              		.loc 1 431 5 view .LVU100
 316 013c 2268     		ldr	r2, [r4]
 317 013e 1368     		ldr	r3, [r2]
 318 0140 43F00403 		orr	r3, r3, #4
 319 0144 1360     		str	r3, [r2]
 320 0146 CAE7     		b	.L20
 321              	.LVL12:
 322              	.L21:
 323              	.LCFI1:
 324              		.cfi_def_cfa_offset 0
 325              		.cfi_restore 3
 326              		.cfi_restore 4
 327              		.cfi_restore 5
 328              		.cfi_restore 14
 282:Drivers/STM32F1xx_HAL_Driver/Src/stm32f1xx_hal_can.c ****   }
 329              		.loc 1 282 12 is_stmt 0 view .LVU101
 330 0148 0120     		movs	r0, #1
 331              	.LVL13:
 453:Drivers/STM32F1xx_HAL_Driver/Src/stm32f1xx_hal_can.c **** 
 332              		.loc 1 453 1 view .LVU102
 333 014a 7047     		bx	lr
 334              		.cfi_endproc
 335              	.LFE65:
 337              		.section	.text.HAL_CAN_MspDeInit,"ax",%progbits
 338              		.align	1
 339              		.weak	HAL_CAN_MspDeInit
 340              		.syntax unified
 341              		.thumb
 342              		.thumb_func
 344              	HAL_CAN_MspDeInit:
 345              	.LVL14:
 346              	.LFB68:
 518:Drivers/STM32F1xx_HAL_Driver/Src/stm32f1xx_hal_can.c **** 
 519:Drivers/STM32F1xx_HAL_Driver/Src/stm32f1xx_hal_can.c **** /**
 520:Drivers/STM32F1xx_HAL_Driver/Src/stm32f1xx_hal_can.c ****   * @brief  DeInitializes the CAN MSP.
 521:Drivers/STM32F1xx_HAL_Driver/Src/stm32f1xx_hal_can.c ****   * @param  hcan pointer to a CAN_HandleTypeDef structure that contains
 522:Drivers/STM32F1xx_HAL_Driver/Src/stm32f1xx_hal_can.c ****   *         the configuration information for the specified CAN.
 523:Drivers/STM32F1xx_HAL_Driver/Src/stm32f1xx_hal_can.c ****   * @retval None
 524:Drivers/STM32F1xx_HAL_Driver/Src/stm32f1xx_hal_can.c ****   */
 525:Drivers/STM32F1xx_HAL_Driver/Src/stm32f1xx_hal_can.c **** __weak void HAL_CAN_MspDeInit(CAN_HandleTypeDef *hcan)
 526:Drivers/STM32F1xx_HAL_Driver/Src/stm32f1xx_hal_can.c **** {
 347              		.loc 1 526 1 is_stmt 1 view -0
 348              		.cfi_startproc
ARM GAS  /tmp/cc1LZDaw.s 			page 18


 349              		@ args = 0, pretend = 0, frame = 0
 350              		@ frame_needed = 0, uses_anonymous_args = 0
 351              		@ link register save eliminated.
 527:Drivers/STM32F1xx_HAL_Driver/Src/stm32f1xx_hal_can.c ****   /* Prevent unused argument(s) compilation warning */
 528:Drivers/STM32F1xx_HAL_Driver/Src/stm32f1xx_hal_can.c ****   UNUSED(hcan);
 352              		.loc 1 528 3 view .LVU104
 529:Drivers/STM32F1xx_HAL_Driver/Src/stm32f1xx_hal_can.c **** 
 530:Drivers/STM32F1xx_HAL_Driver/Src/stm32f1xx_hal_can.c ****   /* NOTE : This function Should not be modified, when the callback is needed,
 531:Drivers/STM32F1xx_HAL_Driver/Src/stm32f1xx_hal_can.c ****             the HAL_CAN_MspDeInit could be implemented in the user file
 532:Drivers/STM32F1xx_HAL_Driver/Src/stm32f1xx_hal_can.c ****    */
 533:Drivers/STM32F1xx_HAL_Driver/Src/stm32f1xx_hal_can.c **** }
 353              		.loc 1 533 1 is_stmt 0 view .LVU105
 354 0000 7047     		bx	lr
 355              		.cfi_endproc
 356              	.LFE68:
 358              		.section	.text.HAL_CAN_ConfigFilter,"ax",%progbits
 359              		.align	1
 360              		.global	HAL_CAN_ConfigFilter
 361              		.syntax unified
 362              		.thumb
 363              		.thumb_func
 365              	HAL_CAN_ConfigFilter:
 366              	.LVL15:
 367              	.LFB69:
 534:Drivers/STM32F1xx_HAL_Driver/Src/stm32f1xx_hal_can.c **** 
 535:Drivers/STM32F1xx_HAL_Driver/Src/stm32f1xx_hal_can.c **** #if USE_HAL_CAN_REGISTER_CALLBACKS == 1
 536:Drivers/STM32F1xx_HAL_Driver/Src/stm32f1xx_hal_can.c **** /**
 537:Drivers/STM32F1xx_HAL_Driver/Src/stm32f1xx_hal_can.c ****   * @brief  Register a CAN CallBack.
 538:Drivers/STM32F1xx_HAL_Driver/Src/stm32f1xx_hal_can.c ****   *         To be used instead of the weak predefined callback
 539:Drivers/STM32F1xx_HAL_Driver/Src/stm32f1xx_hal_can.c ****   * @param  hcan pointer to a CAN_HandleTypeDef structure that contains
 540:Drivers/STM32F1xx_HAL_Driver/Src/stm32f1xx_hal_can.c ****   *         the configuration information for CAN module
 541:Drivers/STM32F1xx_HAL_Driver/Src/stm32f1xx_hal_can.c ****   * @param  CallbackID ID of the callback to be registered
 542:Drivers/STM32F1xx_HAL_Driver/Src/stm32f1xx_hal_can.c ****   *         This parameter can be one of the following values:
 543:Drivers/STM32F1xx_HAL_Driver/Src/stm32f1xx_hal_can.c ****   *           @arg @ref HAL_CAN_TX_MAILBOX0_COMPLETE_CB_ID Tx Mailbox 0 Complete callback ID
 544:Drivers/STM32F1xx_HAL_Driver/Src/stm32f1xx_hal_can.c ****   *           @arg @ref HAL_CAN_TX_MAILBOX1_COMPLETE_CB_ID Tx Mailbox 1 Complete callback ID
 545:Drivers/STM32F1xx_HAL_Driver/Src/stm32f1xx_hal_can.c ****   *           @arg @ref HAL_CAN_TX_MAILBOX2_COMPLETE_CB_ID Tx Mailbox 2 Complete callback ID
 546:Drivers/STM32F1xx_HAL_Driver/Src/stm32f1xx_hal_can.c ****   *           @arg @ref HAL_CAN_TX_MAILBOX0_ABORT_CB_ID Tx Mailbox 0 Abort callback ID
 547:Drivers/STM32F1xx_HAL_Driver/Src/stm32f1xx_hal_can.c ****   *           @arg @ref HAL_CAN_TX_MAILBOX1_ABORT_CB_ID Tx Mailbox 1 Abort callback ID
 548:Drivers/STM32F1xx_HAL_Driver/Src/stm32f1xx_hal_can.c ****   *           @arg @ref HAL_CAN_TX_MAILBOX2_ABORT_CB_ID Tx Mailbox 2 Abort callback ID
 549:Drivers/STM32F1xx_HAL_Driver/Src/stm32f1xx_hal_can.c ****   *           @arg @ref HAL_CAN_RX_FIFO0_MSG_PENDING_CB_ID Rx Fifo 0 message pending callback ID
 550:Drivers/STM32F1xx_HAL_Driver/Src/stm32f1xx_hal_can.c ****   *           @arg @ref HAL_CAN_RX_FIFO0_FULL_CB_ID Rx Fifo 0 full callback ID
 551:Drivers/STM32F1xx_HAL_Driver/Src/stm32f1xx_hal_can.c ****   *           @arg @ref HAL_CAN_RX_FIFO1_MSG_PENDING_CB_ID Rx Fifo 1 message pending callback ID
 552:Drivers/STM32F1xx_HAL_Driver/Src/stm32f1xx_hal_can.c ****   *           @arg @ref HAL_CAN_RX_FIFO1_FULL_CB_ID Rx Fifo 1 full callback ID
 553:Drivers/STM32F1xx_HAL_Driver/Src/stm32f1xx_hal_can.c ****   *           @arg @ref HAL_CAN_SLEEP_CB_ID Sleep callback ID
 554:Drivers/STM32F1xx_HAL_Driver/Src/stm32f1xx_hal_can.c ****   *           @arg @ref HAL_CAN_WAKEUP_FROM_RX_MSG_CB_ID Wake Up from Rx message callback ID
 555:Drivers/STM32F1xx_HAL_Driver/Src/stm32f1xx_hal_can.c ****   *           @arg @ref HAL_CAN_ERROR_CB_ID Error callback ID
 556:Drivers/STM32F1xx_HAL_Driver/Src/stm32f1xx_hal_can.c ****   *           @arg @ref HAL_CAN_MSPINIT_CB_ID MspInit callback ID
 557:Drivers/STM32F1xx_HAL_Driver/Src/stm32f1xx_hal_can.c ****   *           @arg @ref HAL_CAN_MSPDEINIT_CB_ID MspDeInit callback ID
 558:Drivers/STM32F1xx_HAL_Driver/Src/stm32f1xx_hal_can.c ****   * @param  pCallback pointer to the Callback function
 559:Drivers/STM32F1xx_HAL_Driver/Src/stm32f1xx_hal_can.c ****   * @retval HAL status
 560:Drivers/STM32F1xx_HAL_Driver/Src/stm32f1xx_hal_can.c ****   */
 561:Drivers/STM32F1xx_HAL_Driver/Src/stm32f1xx_hal_can.c **** HAL_StatusTypeDef HAL_CAN_RegisterCallback(CAN_HandleTypeDef *hcan, HAL_CAN_CallbackIDTypeDef Callb
 562:Drivers/STM32F1xx_HAL_Driver/Src/stm32f1xx_hal_can.c ****                                            void (* pCallback)(CAN_HandleTypeDef *_hcan))
 563:Drivers/STM32F1xx_HAL_Driver/Src/stm32f1xx_hal_can.c **** {
 564:Drivers/STM32F1xx_HAL_Driver/Src/stm32f1xx_hal_can.c ****   HAL_StatusTypeDef status = HAL_OK;
 565:Drivers/STM32F1xx_HAL_Driver/Src/stm32f1xx_hal_can.c **** 
 566:Drivers/STM32F1xx_HAL_Driver/Src/stm32f1xx_hal_can.c ****   if (pCallback == NULL)
ARM GAS  /tmp/cc1LZDaw.s 			page 19


 567:Drivers/STM32F1xx_HAL_Driver/Src/stm32f1xx_hal_can.c ****   {
 568:Drivers/STM32F1xx_HAL_Driver/Src/stm32f1xx_hal_can.c ****     /* Update the error code */
 569:Drivers/STM32F1xx_HAL_Driver/Src/stm32f1xx_hal_can.c ****     hcan->ErrorCode |= HAL_CAN_ERROR_INVALID_CALLBACK;
 570:Drivers/STM32F1xx_HAL_Driver/Src/stm32f1xx_hal_can.c **** 
 571:Drivers/STM32F1xx_HAL_Driver/Src/stm32f1xx_hal_can.c ****     return HAL_ERROR;
 572:Drivers/STM32F1xx_HAL_Driver/Src/stm32f1xx_hal_can.c ****   }
 573:Drivers/STM32F1xx_HAL_Driver/Src/stm32f1xx_hal_can.c **** 
 574:Drivers/STM32F1xx_HAL_Driver/Src/stm32f1xx_hal_can.c ****   if (hcan->State == HAL_CAN_STATE_READY)
 575:Drivers/STM32F1xx_HAL_Driver/Src/stm32f1xx_hal_can.c ****   {
 576:Drivers/STM32F1xx_HAL_Driver/Src/stm32f1xx_hal_can.c ****     switch (CallbackID)
 577:Drivers/STM32F1xx_HAL_Driver/Src/stm32f1xx_hal_can.c ****     {
 578:Drivers/STM32F1xx_HAL_Driver/Src/stm32f1xx_hal_can.c ****       case HAL_CAN_TX_MAILBOX0_COMPLETE_CB_ID :
 579:Drivers/STM32F1xx_HAL_Driver/Src/stm32f1xx_hal_can.c ****         hcan->TxMailbox0CompleteCallback = pCallback;
 580:Drivers/STM32F1xx_HAL_Driver/Src/stm32f1xx_hal_can.c ****         break;
 581:Drivers/STM32F1xx_HAL_Driver/Src/stm32f1xx_hal_can.c **** 
 582:Drivers/STM32F1xx_HAL_Driver/Src/stm32f1xx_hal_can.c ****       case HAL_CAN_TX_MAILBOX1_COMPLETE_CB_ID :
 583:Drivers/STM32F1xx_HAL_Driver/Src/stm32f1xx_hal_can.c ****         hcan->TxMailbox1CompleteCallback = pCallback;
 584:Drivers/STM32F1xx_HAL_Driver/Src/stm32f1xx_hal_can.c ****         break;
 585:Drivers/STM32F1xx_HAL_Driver/Src/stm32f1xx_hal_can.c **** 
 586:Drivers/STM32F1xx_HAL_Driver/Src/stm32f1xx_hal_can.c ****       case HAL_CAN_TX_MAILBOX2_COMPLETE_CB_ID :
 587:Drivers/STM32F1xx_HAL_Driver/Src/stm32f1xx_hal_can.c ****         hcan->TxMailbox2CompleteCallback = pCallback;
 588:Drivers/STM32F1xx_HAL_Driver/Src/stm32f1xx_hal_can.c ****         break;
 589:Drivers/STM32F1xx_HAL_Driver/Src/stm32f1xx_hal_can.c **** 
 590:Drivers/STM32F1xx_HAL_Driver/Src/stm32f1xx_hal_can.c ****       case HAL_CAN_TX_MAILBOX0_ABORT_CB_ID :
 591:Drivers/STM32F1xx_HAL_Driver/Src/stm32f1xx_hal_can.c ****         hcan->TxMailbox0AbortCallback = pCallback;
 592:Drivers/STM32F1xx_HAL_Driver/Src/stm32f1xx_hal_can.c ****         break;
 593:Drivers/STM32F1xx_HAL_Driver/Src/stm32f1xx_hal_can.c **** 
 594:Drivers/STM32F1xx_HAL_Driver/Src/stm32f1xx_hal_can.c ****       case HAL_CAN_TX_MAILBOX1_ABORT_CB_ID :
 595:Drivers/STM32F1xx_HAL_Driver/Src/stm32f1xx_hal_can.c ****         hcan->TxMailbox1AbortCallback = pCallback;
 596:Drivers/STM32F1xx_HAL_Driver/Src/stm32f1xx_hal_can.c ****         break;
 597:Drivers/STM32F1xx_HAL_Driver/Src/stm32f1xx_hal_can.c **** 
 598:Drivers/STM32F1xx_HAL_Driver/Src/stm32f1xx_hal_can.c ****       case HAL_CAN_TX_MAILBOX2_ABORT_CB_ID :
 599:Drivers/STM32F1xx_HAL_Driver/Src/stm32f1xx_hal_can.c ****         hcan->TxMailbox2AbortCallback = pCallback;
 600:Drivers/STM32F1xx_HAL_Driver/Src/stm32f1xx_hal_can.c ****         break;
 601:Drivers/STM32F1xx_HAL_Driver/Src/stm32f1xx_hal_can.c **** 
 602:Drivers/STM32F1xx_HAL_Driver/Src/stm32f1xx_hal_can.c ****       case HAL_CAN_RX_FIFO0_MSG_PENDING_CB_ID :
 603:Drivers/STM32F1xx_HAL_Driver/Src/stm32f1xx_hal_can.c ****         hcan->RxFifo0MsgPendingCallback = pCallback;
 604:Drivers/STM32F1xx_HAL_Driver/Src/stm32f1xx_hal_can.c ****         break;
 605:Drivers/STM32F1xx_HAL_Driver/Src/stm32f1xx_hal_can.c **** 
 606:Drivers/STM32F1xx_HAL_Driver/Src/stm32f1xx_hal_can.c ****       case HAL_CAN_RX_FIFO0_FULL_CB_ID :
 607:Drivers/STM32F1xx_HAL_Driver/Src/stm32f1xx_hal_can.c ****         hcan->RxFifo0FullCallback = pCallback;
 608:Drivers/STM32F1xx_HAL_Driver/Src/stm32f1xx_hal_can.c ****         break;
 609:Drivers/STM32F1xx_HAL_Driver/Src/stm32f1xx_hal_can.c **** 
 610:Drivers/STM32F1xx_HAL_Driver/Src/stm32f1xx_hal_can.c ****       case HAL_CAN_RX_FIFO1_MSG_PENDING_CB_ID :
 611:Drivers/STM32F1xx_HAL_Driver/Src/stm32f1xx_hal_can.c ****         hcan->RxFifo1MsgPendingCallback = pCallback;
 612:Drivers/STM32F1xx_HAL_Driver/Src/stm32f1xx_hal_can.c ****         break;
 613:Drivers/STM32F1xx_HAL_Driver/Src/stm32f1xx_hal_can.c **** 
 614:Drivers/STM32F1xx_HAL_Driver/Src/stm32f1xx_hal_can.c ****       case HAL_CAN_RX_FIFO1_FULL_CB_ID :
 615:Drivers/STM32F1xx_HAL_Driver/Src/stm32f1xx_hal_can.c ****         hcan->RxFifo1FullCallback = pCallback;
 616:Drivers/STM32F1xx_HAL_Driver/Src/stm32f1xx_hal_can.c ****         break;
 617:Drivers/STM32F1xx_HAL_Driver/Src/stm32f1xx_hal_can.c **** 
 618:Drivers/STM32F1xx_HAL_Driver/Src/stm32f1xx_hal_can.c ****       case HAL_CAN_SLEEP_CB_ID :
 619:Drivers/STM32F1xx_HAL_Driver/Src/stm32f1xx_hal_can.c ****         hcan->SleepCallback = pCallback;
 620:Drivers/STM32F1xx_HAL_Driver/Src/stm32f1xx_hal_can.c ****         break;
 621:Drivers/STM32F1xx_HAL_Driver/Src/stm32f1xx_hal_can.c **** 
 622:Drivers/STM32F1xx_HAL_Driver/Src/stm32f1xx_hal_can.c ****       case HAL_CAN_WAKEUP_FROM_RX_MSG_CB_ID :
 623:Drivers/STM32F1xx_HAL_Driver/Src/stm32f1xx_hal_can.c ****         hcan->WakeUpFromRxMsgCallback = pCallback;
ARM GAS  /tmp/cc1LZDaw.s 			page 20


 624:Drivers/STM32F1xx_HAL_Driver/Src/stm32f1xx_hal_can.c ****         break;
 625:Drivers/STM32F1xx_HAL_Driver/Src/stm32f1xx_hal_can.c **** 
 626:Drivers/STM32F1xx_HAL_Driver/Src/stm32f1xx_hal_can.c ****       case HAL_CAN_ERROR_CB_ID :
 627:Drivers/STM32F1xx_HAL_Driver/Src/stm32f1xx_hal_can.c ****         hcan->ErrorCallback = pCallback;
 628:Drivers/STM32F1xx_HAL_Driver/Src/stm32f1xx_hal_can.c ****         break;
 629:Drivers/STM32F1xx_HAL_Driver/Src/stm32f1xx_hal_can.c **** 
 630:Drivers/STM32F1xx_HAL_Driver/Src/stm32f1xx_hal_can.c ****       case HAL_CAN_MSPINIT_CB_ID :
 631:Drivers/STM32F1xx_HAL_Driver/Src/stm32f1xx_hal_can.c ****         hcan->MspInitCallback = pCallback;
 632:Drivers/STM32F1xx_HAL_Driver/Src/stm32f1xx_hal_can.c ****         break;
 633:Drivers/STM32F1xx_HAL_Driver/Src/stm32f1xx_hal_can.c **** 
 634:Drivers/STM32F1xx_HAL_Driver/Src/stm32f1xx_hal_can.c ****       case HAL_CAN_MSPDEINIT_CB_ID :
 635:Drivers/STM32F1xx_HAL_Driver/Src/stm32f1xx_hal_can.c ****         hcan->MspDeInitCallback = pCallback;
 636:Drivers/STM32F1xx_HAL_Driver/Src/stm32f1xx_hal_can.c ****         break;
 637:Drivers/STM32F1xx_HAL_Driver/Src/stm32f1xx_hal_can.c **** 
 638:Drivers/STM32F1xx_HAL_Driver/Src/stm32f1xx_hal_can.c ****       default :
 639:Drivers/STM32F1xx_HAL_Driver/Src/stm32f1xx_hal_can.c ****         /* Update the error code */
 640:Drivers/STM32F1xx_HAL_Driver/Src/stm32f1xx_hal_can.c ****         hcan->ErrorCode |= HAL_CAN_ERROR_INVALID_CALLBACK;
 641:Drivers/STM32F1xx_HAL_Driver/Src/stm32f1xx_hal_can.c **** 
 642:Drivers/STM32F1xx_HAL_Driver/Src/stm32f1xx_hal_can.c ****         /* Return error status */
 643:Drivers/STM32F1xx_HAL_Driver/Src/stm32f1xx_hal_can.c ****         status =  HAL_ERROR;
 644:Drivers/STM32F1xx_HAL_Driver/Src/stm32f1xx_hal_can.c ****         break;
 645:Drivers/STM32F1xx_HAL_Driver/Src/stm32f1xx_hal_can.c ****     }
 646:Drivers/STM32F1xx_HAL_Driver/Src/stm32f1xx_hal_can.c ****   }
 647:Drivers/STM32F1xx_HAL_Driver/Src/stm32f1xx_hal_can.c ****   else if (hcan->State == HAL_CAN_STATE_RESET)
 648:Drivers/STM32F1xx_HAL_Driver/Src/stm32f1xx_hal_can.c ****   {
 649:Drivers/STM32F1xx_HAL_Driver/Src/stm32f1xx_hal_can.c ****     switch (CallbackID)
 650:Drivers/STM32F1xx_HAL_Driver/Src/stm32f1xx_hal_can.c ****     {
 651:Drivers/STM32F1xx_HAL_Driver/Src/stm32f1xx_hal_can.c ****       case HAL_CAN_MSPINIT_CB_ID :
 652:Drivers/STM32F1xx_HAL_Driver/Src/stm32f1xx_hal_can.c ****         hcan->MspInitCallback = pCallback;
 653:Drivers/STM32F1xx_HAL_Driver/Src/stm32f1xx_hal_can.c ****         break;
 654:Drivers/STM32F1xx_HAL_Driver/Src/stm32f1xx_hal_can.c **** 
 655:Drivers/STM32F1xx_HAL_Driver/Src/stm32f1xx_hal_can.c ****       case HAL_CAN_MSPDEINIT_CB_ID :
 656:Drivers/STM32F1xx_HAL_Driver/Src/stm32f1xx_hal_can.c ****         hcan->MspDeInitCallback = pCallback;
 657:Drivers/STM32F1xx_HAL_Driver/Src/stm32f1xx_hal_can.c ****         break;
 658:Drivers/STM32F1xx_HAL_Driver/Src/stm32f1xx_hal_can.c **** 
 659:Drivers/STM32F1xx_HAL_Driver/Src/stm32f1xx_hal_can.c ****       default :
 660:Drivers/STM32F1xx_HAL_Driver/Src/stm32f1xx_hal_can.c ****         /* Update the error code */
 661:Drivers/STM32F1xx_HAL_Driver/Src/stm32f1xx_hal_can.c ****         hcan->ErrorCode |= HAL_CAN_ERROR_INVALID_CALLBACK;
 662:Drivers/STM32F1xx_HAL_Driver/Src/stm32f1xx_hal_can.c **** 
 663:Drivers/STM32F1xx_HAL_Driver/Src/stm32f1xx_hal_can.c ****         /* Return error status */
 664:Drivers/STM32F1xx_HAL_Driver/Src/stm32f1xx_hal_can.c ****         status =  HAL_ERROR;
 665:Drivers/STM32F1xx_HAL_Driver/Src/stm32f1xx_hal_can.c ****         break;
 666:Drivers/STM32F1xx_HAL_Driver/Src/stm32f1xx_hal_can.c ****     }
 667:Drivers/STM32F1xx_HAL_Driver/Src/stm32f1xx_hal_can.c ****   }
 668:Drivers/STM32F1xx_HAL_Driver/Src/stm32f1xx_hal_can.c ****   else
 669:Drivers/STM32F1xx_HAL_Driver/Src/stm32f1xx_hal_can.c ****   {
 670:Drivers/STM32F1xx_HAL_Driver/Src/stm32f1xx_hal_can.c ****     /* Update the error code */
 671:Drivers/STM32F1xx_HAL_Driver/Src/stm32f1xx_hal_can.c ****     hcan->ErrorCode |= HAL_CAN_ERROR_INVALID_CALLBACK;
 672:Drivers/STM32F1xx_HAL_Driver/Src/stm32f1xx_hal_can.c **** 
 673:Drivers/STM32F1xx_HAL_Driver/Src/stm32f1xx_hal_can.c ****     /* Return error status */
 674:Drivers/STM32F1xx_HAL_Driver/Src/stm32f1xx_hal_can.c ****     status =  HAL_ERROR;
 675:Drivers/STM32F1xx_HAL_Driver/Src/stm32f1xx_hal_can.c ****   }
 676:Drivers/STM32F1xx_HAL_Driver/Src/stm32f1xx_hal_can.c **** 
 677:Drivers/STM32F1xx_HAL_Driver/Src/stm32f1xx_hal_can.c ****   return status;
 678:Drivers/STM32F1xx_HAL_Driver/Src/stm32f1xx_hal_can.c **** }
 679:Drivers/STM32F1xx_HAL_Driver/Src/stm32f1xx_hal_can.c **** 
 680:Drivers/STM32F1xx_HAL_Driver/Src/stm32f1xx_hal_can.c **** /**
ARM GAS  /tmp/cc1LZDaw.s 			page 21


 681:Drivers/STM32F1xx_HAL_Driver/Src/stm32f1xx_hal_can.c ****   * @brief  Unregister a CAN CallBack.
 682:Drivers/STM32F1xx_HAL_Driver/Src/stm32f1xx_hal_can.c ****   *         CAN callback is redirected to the weak predefined callback
 683:Drivers/STM32F1xx_HAL_Driver/Src/stm32f1xx_hal_can.c ****   * @param  hcan pointer to a CAN_HandleTypeDef structure that contains
 684:Drivers/STM32F1xx_HAL_Driver/Src/stm32f1xx_hal_can.c ****   *         the configuration information for CAN module
 685:Drivers/STM32F1xx_HAL_Driver/Src/stm32f1xx_hal_can.c ****   * @param  CallbackID ID of the callback to be unregistered
 686:Drivers/STM32F1xx_HAL_Driver/Src/stm32f1xx_hal_can.c ****   *         This parameter can be one of the following values:
 687:Drivers/STM32F1xx_HAL_Driver/Src/stm32f1xx_hal_can.c ****   *           @arg @ref HAL_CAN_TX_MAILBOX0_COMPLETE_CB_ID Tx Mailbox 0 Complete callback ID
 688:Drivers/STM32F1xx_HAL_Driver/Src/stm32f1xx_hal_can.c ****   *           @arg @ref HAL_CAN_TX_MAILBOX1_COMPLETE_CB_ID Tx Mailbox 1 Complete callback ID
 689:Drivers/STM32F1xx_HAL_Driver/Src/stm32f1xx_hal_can.c ****   *           @arg @ref HAL_CAN_TX_MAILBOX2_COMPLETE_CB_ID Tx Mailbox 2 Complete callback ID
 690:Drivers/STM32F1xx_HAL_Driver/Src/stm32f1xx_hal_can.c ****   *           @arg @ref HAL_CAN_TX_MAILBOX0_ABORT_CB_ID Tx Mailbox 0 Abort callback ID
 691:Drivers/STM32F1xx_HAL_Driver/Src/stm32f1xx_hal_can.c ****   *           @arg @ref HAL_CAN_TX_MAILBOX1_ABORT_CB_ID Tx Mailbox 1 Abort callback ID
 692:Drivers/STM32F1xx_HAL_Driver/Src/stm32f1xx_hal_can.c ****   *           @arg @ref HAL_CAN_TX_MAILBOX2_ABORT_CB_ID Tx Mailbox 2 Abort callback ID
 693:Drivers/STM32F1xx_HAL_Driver/Src/stm32f1xx_hal_can.c ****   *           @arg @ref HAL_CAN_RX_FIFO0_MSG_PENDING_CB_ID Rx Fifo 0 message pending callback ID
 694:Drivers/STM32F1xx_HAL_Driver/Src/stm32f1xx_hal_can.c ****   *           @arg @ref HAL_CAN_RX_FIFO0_FULL_CB_ID Rx Fifo 0 full callback ID
 695:Drivers/STM32F1xx_HAL_Driver/Src/stm32f1xx_hal_can.c ****   *           @arg @ref HAL_CAN_RX_FIFO1_MSG_PENDING_CB_ID Rx Fifo 1 message pending callback ID
 696:Drivers/STM32F1xx_HAL_Driver/Src/stm32f1xx_hal_can.c ****   *           @arg @ref HAL_CAN_RX_FIFO1_FULL_CB_ID Rx Fifo 1 full callback ID
 697:Drivers/STM32F1xx_HAL_Driver/Src/stm32f1xx_hal_can.c ****   *           @arg @ref HAL_CAN_SLEEP_CB_ID Sleep callback ID
 698:Drivers/STM32F1xx_HAL_Driver/Src/stm32f1xx_hal_can.c ****   *           @arg @ref HAL_CAN_WAKEUP_FROM_RX_MSG_CB_ID Wake Up from Rx message callback ID
 699:Drivers/STM32F1xx_HAL_Driver/Src/stm32f1xx_hal_can.c ****   *           @arg @ref HAL_CAN_ERROR_CB_ID Error callback ID
 700:Drivers/STM32F1xx_HAL_Driver/Src/stm32f1xx_hal_can.c ****   *           @arg @ref HAL_CAN_MSPINIT_CB_ID MspInit callback ID
 701:Drivers/STM32F1xx_HAL_Driver/Src/stm32f1xx_hal_can.c ****   *           @arg @ref HAL_CAN_MSPDEINIT_CB_ID MspDeInit callback ID
 702:Drivers/STM32F1xx_HAL_Driver/Src/stm32f1xx_hal_can.c ****   * @retval HAL status
 703:Drivers/STM32F1xx_HAL_Driver/Src/stm32f1xx_hal_can.c ****   */
 704:Drivers/STM32F1xx_HAL_Driver/Src/stm32f1xx_hal_can.c **** HAL_StatusTypeDef HAL_CAN_UnRegisterCallback(CAN_HandleTypeDef *hcan, HAL_CAN_CallbackIDTypeDef Cal
 705:Drivers/STM32F1xx_HAL_Driver/Src/stm32f1xx_hal_can.c **** {
 706:Drivers/STM32F1xx_HAL_Driver/Src/stm32f1xx_hal_can.c ****   HAL_StatusTypeDef status = HAL_OK;
 707:Drivers/STM32F1xx_HAL_Driver/Src/stm32f1xx_hal_can.c **** 
 708:Drivers/STM32F1xx_HAL_Driver/Src/stm32f1xx_hal_can.c ****   if (hcan->State == HAL_CAN_STATE_READY)
 709:Drivers/STM32F1xx_HAL_Driver/Src/stm32f1xx_hal_can.c ****   {
 710:Drivers/STM32F1xx_HAL_Driver/Src/stm32f1xx_hal_can.c ****     switch (CallbackID)
 711:Drivers/STM32F1xx_HAL_Driver/Src/stm32f1xx_hal_can.c ****     {
 712:Drivers/STM32F1xx_HAL_Driver/Src/stm32f1xx_hal_can.c ****       case HAL_CAN_TX_MAILBOX0_COMPLETE_CB_ID :
 713:Drivers/STM32F1xx_HAL_Driver/Src/stm32f1xx_hal_can.c ****         hcan->TxMailbox0CompleteCallback = HAL_CAN_TxMailbox0CompleteCallback;
 714:Drivers/STM32F1xx_HAL_Driver/Src/stm32f1xx_hal_can.c ****         break;
 715:Drivers/STM32F1xx_HAL_Driver/Src/stm32f1xx_hal_can.c **** 
 716:Drivers/STM32F1xx_HAL_Driver/Src/stm32f1xx_hal_can.c ****       case HAL_CAN_TX_MAILBOX1_COMPLETE_CB_ID :
 717:Drivers/STM32F1xx_HAL_Driver/Src/stm32f1xx_hal_can.c ****         hcan->TxMailbox1CompleteCallback = HAL_CAN_TxMailbox1CompleteCallback;
 718:Drivers/STM32F1xx_HAL_Driver/Src/stm32f1xx_hal_can.c ****         break;
 719:Drivers/STM32F1xx_HAL_Driver/Src/stm32f1xx_hal_can.c **** 
 720:Drivers/STM32F1xx_HAL_Driver/Src/stm32f1xx_hal_can.c ****       case HAL_CAN_TX_MAILBOX2_COMPLETE_CB_ID :
 721:Drivers/STM32F1xx_HAL_Driver/Src/stm32f1xx_hal_can.c ****         hcan->TxMailbox2CompleteCallback = HAL_CAN_TxMailbox2CompleteCallback;
 722:Drivers/STM32F1xx_HAL_Driver/Src/stm32f1xx_hal_can.c ****         break;
 723:Drivers/STM32F1xx_HAL_Driver/Src/stm32f1xx_hal_can.c **** 
 724:Drivers/STM32F1xx_HAL_Driver/Src/stm32f1xx_hal_can.c ****       case HAL_CAN_TX_MAILBOX0_ABORT_CB_ID :
 725:Drivers/STM32F1xx_HAL_Driver/Src/stm32f1xx_hal_can.c ****         hcan->TxMailbox0AbortCallback = HAL_CAN_TxMailbox0AbortCallback;
 726:Drivers/STM32F1xx_HAL_Driver/Src/stm32f1xx_hal_can.c ****         break;
 727:Drivers/STM32F1xx_HAL_Driver/Src/stm32f1xx_hal_can.c **** 
 728:Drivers/STM32F1xx_HAL_Driver/Src/stm32f1xx_hal_can.c ****       case HAL_CAN_TX_MAILBOX1_ABORT_CB_ID :
 729:Drivers/STM32F1xx_HAL_Driver/Src/stm32f1xx_hal_can.c ****         hcan->TxMailbox1AbortCallback = HAL_CAN_TxMailbox1AbortCallback;
 730:Drivers/STM32F1xx_HAL_Driver/Src/stm32f1xx_hal_can.c ****         break;
 731:Drivers/STM32F1xx_HAL_Driver/Src/stm32f1xx_hal_can.c **** 
 732:Drivers/STM32F1xx_HAL_Driver/Src/stm32f1xx_hal_can.c ****       case HAL_CAN_TX_MAILBOX2_ABORT_CB_ID :
 733:Drivers/STM32F1xx_HAL_Driver/Src/stm32f1xx_hal_can.c ****         hcan->TxMailbox2AbortCallback = HAL_CAN_TxMailbox2AbortCallback;
 734:Drivers/STM32F1xx_HAL_Driver/Src/stm32f1xx_hal_can.c ****         break;
 735:Drivers/STM32F1xx_HAL_Driver/Src/stm32f1xx_hal_can.c **** 
 736:Drivers/STM32F1xx_HAL_Driver/Src/stm32f1xx_hal_can.c ****       case HAL_CAN_RX_FIFO0_MSG_PENDING_CB_ID :
 737:Drivers/STM32F1xx_HAL_Driver/Src/stm32f1xx_hal_can.c ****         hcan->RxFifo0MsgPendingCallback = HAL_CAN_RxFifo0MsgPendingCallback;
ARM GAS  /tmp/cc1LZDaw.s 			page 22


 738:Drivers/STM32F1xx_HAL_Driver/Src/stm32f1xx_hal_can.c ****         break;
 739:Drivers/STM32F1xx_HAL_Driver/Src/stm32f1xx_hal_can.c **** 
 740:Drivers/STM32F1xx_HAL_Driver/Src/stm32f1xx_hal_can.c ****       case HAL_CAN_RX_FIFO0_FULL_CB_ID :
 741:Drivers/STM32F1xx_HAL_Driver/Src/stm32f1xx_hal_can.c ****         hcan->RxFifo0FullCallback = HAL_CAN_RxFifo0FullCallback;
 742:Drivers/STM32F1xx_HAL_Driver/Src/stm32f1xx_hal_can.c ****         break;
 743:Drivers/STM32F1xx_HAL_Driver/Src/stm32f1xx_hal_can.c **** 
 744:Drivers/STM32F1xx_HAL_Driver/Src/stm32f1xx_hal_can.c ****       case HAL_CAN_RX_FIFO1_MSG_PENDING_CB_ID :
 745:Drivers/STM32F1xx_HAL_Driver/Src/stm32f1xx_hal_can.c ****         hcan->RxFifo1MsgPendingCallback = HAL_CAN_RxFifo1MsgPendingCallback;
 746:Drivers/STM32F1xx_HAL_Driver/Src/stm32f1xx_hal_can.c ****         break;
 747:Drivers/STM32F1xx_HAL_Driver/Src/stm32f1xx_hal_can.c **** 
 748:Drivers/STM32F1xx_HAL_Driver/Src/stm32f1xx_hal_can.c ****       case HAL_CAN_RX_FIFO1_FULL_CB_ID :
 749:Drivers/STM32F1xx_HAL_Driver/Src/stm32f1xx_hal_can.c ****         hcan->RxFifo1FullCallback = HAL_CAN_RxFifo1FullCallback;
 750:Drivers/STM32F1xx_HAL_Driver/Src/stm32f1xx_hal_can.c ****         break;
 751:Drivers/STM32F1xx_HAL_Driver/Src/stm32f1xx_hal_can.c **** 
 752:Drivers/STM32F1xx_HAL_Driver/Src/stm32f1xx_hal_can.c ****       case HAL_CAN_SLEEP_CB_ID :
 753:Drivers/STM32F1xx_HAL_Driver/Src/stm32f1xx_hal_can.c ****         hcan->SleepCallback = HAL_CAN_SleepCallback;
 754:Drivers/STM32F1xx_HAL_Driver/Src/stm32f1xx_hal_can.c ****         break;
 755:Drivers/STM32F1xx_HAL_Driver/Src/stm32f1xx_hal_can.c **** 
 756:Drivers/STM32F1xx_HAL_Driver/Src/stm32f1xx_hal_can.c ****       case HAL_CAN_WAKEUP_FROM_RX_MSG_CB_ID :
 757:Drivers/STM32F1xx_HAL_Driver/Src/stm32f1xx_hal_can.c ****         hcan->WakeUpFromRxMsgCallback = HAL_CAN_WakeUpFromRxMsgCallback;
 758:Drivers/STM32F1xx_HAL_Driver/Src/stm32f1xx_hal_can.c ****         break;
 759:Drivers/STM32F1xx_HAL_Driver/Src/stm32f1xx_hal_can.c **** 
 760:Drivers/STM32F1xx_HAL_Driver/Src/stm32f1xx_hal_can.c ****       case HAL_CAN_ERROR_CB_ID :
 761:Drivers/STM32F1xx_HAL_Driver/Src/stm32f1xx_hal_can.c ****         hcan->ErrorCallback = HAL_CAN_ErrorCallback;
 762:Drivers/STM32F1xx_HAL_Driver/Src/stm32f1xx_hal_can.c ****         break;
 763:Drivers/STM32F1xx_HAL_Driver/Src/stm32f1xx_hal_can.c **** 
 764:Drivers/STM32F1xx_HAL_Driver/Src/stm32f1xx_hal_can.c ****       case HAL_CAN_MSPINIT_CB_ID :
 765:Drivers/STM32F1xx_HAL_Driver/Src/stm32f1xx_hal_can.c ****         hcan->MspInitCallback = HAL_CAN_MspInit;
 766:Drivers/STM32F1xx_HAL_Driver/Src/stm32f1xx_hal_can.c ****         break;
 767:Drivers/STM32F1xx_HAL_Driver/Src/stm32f1xx_hal_can.c **** 
 768:Drivers/STM32F1xx_HAL_Driver/Src/stm32f1xx_hal_can.c ****       case HAL_CAN_MSPDEINIT_CB_ID :
 769:Drivers/STM32F1xx_HAL_Driver/Src/stm32f1xx_hal_can.c ****         hcan->MspDeInitCallback = HAL_CAN_MspDeInit;
 770:Drivers/STM32F1xx_HAL_Driver/Src/stm32f1xx_hal_can.c ****         break;
 771:Drivers/STM32F1xx_HAL_Driver/Src/stm32f1xx_hal_can.c **** 
 772:Drivers/STM32F1xx_HAL_Driver/Src/stm32f1xx_hal_can.c ****       default :
 773:Drivers/STM32F1xx_HAL_Driver/Src/stm32f1xx_hal_can.c ****         /* Update the error code */
 774:Drivers/STM32F1xx_HAL_Driver/Src/stm32f1xx_hal_can.c ****         hcan->ErrorCode |= HAL_CAN_ERROR_INVALID_CALLBACK;
 775:Drivers/STM32F1xx_HAL_Driver/Src/stm32f1xx_hal_can.c **** 
 776:Drivers/STM32F1xx_HAL_Driver/Src/stm32f1xx_hal_can.c ****         /* Return error status */
 777:Drivers/STM32F1xx_HAL_Driver/Src/stm32f1xx_hal_can.c ****         status =  HAL_ERROR;
 778:Drivers/STM32F1xx_HAL_Driver/Src/stm32f1xx_hal_can.c ****         break;
 779:Drivers/STM32F1xx_HAL_Driver/Src/stm32f1xx_hal_can.c ****     }
 780:Drivers/STM32F1xx_HAL_Driver/Src/stm32f1xx_hal_can.c ****   }
 781:Drivers/STM32F1xx_HAL_Driver/Src/stm32f1xx_hal_can.c ****   else if (hcan->State == HAL_CAN_STATE_RESET)
 782:Drivers/STM32F1xx_HAL_Driver/Src/stm32f1xx_hal_can.c ****   {
 783:Drivers/STM32F1xx_HAL_Driver/Src/stm32f1xx_hal_can.c ****     switch (CallbackID)
 784:Drivers/STM32F1xx_HAL_Driver/Src/stm32f1xx_hal_can.c ****     {
 785:Drivers/STM32F1xx_HAL_Driver/Src/stm32f1xx_hal_can.c ****       case HAL_CAN_MSPINIT_CB_ID :
 786:Drivers/STM32F1xx_HAL_Driver/Src/stm32f1xx_hal_can.c ****         hcan->MspInitCallback = HAL_CAN_MspInit;
 787:Drivers/STM32F1xx_HAL_Driver/Src/stm32f1xx_hal_can.c ****         break;
 788:Drivers/STM32F1xx_HAL_Driver/Src/stm32f1xx_hal_can.c **** 
 789:Drivers/STM32F1xx_HAL_Driver/Src/stm32f1xx_hal_can.c ****       case HAL_CAN_MSPDEINIT_CB_ID :
 790:Drivers/STM32F1xx_HAL_Driver/Src/stm32f1xx_hal_can.c ****         hcan->MspDeInitCallback = HAL_CAN_MspDeInit;
 791:Drivers/STM32F1xx_HAL_Driver/Src/stm32f1xx_hal_can.c ****         break;
 792:Drivers/STM32F1xx_HAL_Driver/Src/stm32f1xx_hal_can.c **** 
 793:Drivers/STM32F1xx_HAL_Driver/Src/stm32f1xx_hal_can.c ****       default :
 794:Drivers/STM32F1xx_HAL_Driver/Src/stm32f1xx_hal_can.c ****         /* Update the error code */
ARM GAS  /tmp/cc1LZDaw.s 			page 23


 795:Drivers/STM32F1xx_HAL_Driver/Src/stm32f1xx_hal_can.c ****         hcan->ErrorCode |= HAL_CAN_ERROR_INVALID_CALLBACK;
 796:Drivers/STM32F1xx_HAL_Driver/Src/stm32f1xx_hal_can.c **** 
 797:Drivers/STM32F1xx_HAL_Driver/Src/stm32f1xx_hal_can.c ****         /* Return error status */
 798:Drivers/STM32F1xx_HAL_Driver/Src/stm32f1xx_hal_can.c ****         status =  HAL_ERROR;
 799:Drivers/STM32F1xx_HAL_Driver/Src/stm32f1xx_hal_can.c ****         break;
 800:Drivers/STM32F1xx_HAL_Driver/Src/stm32f1xx_hal_can.c ****     }
 801:Drivers/STM32F1xx_HAL_Driver/Src/stm32f1xx_hal_can.c ****   }
 802:Drivers/STM32F1xx_HAL_Driver/Src/stm32f1xx_hal_can.c ****   else
 803:Drivers/STM32F1xx_HAL_Driver/Src/stm32f1xx_hal_can.c ****   {
 804:Drivers/STM32F1xx_HAL_Driver/Src/stm32f1xx_hal_can.c ****     /* Update the error code */
 805:Drivers/STM32F1xx_HAL_Driver/Src/stm32f1xx_hal_can.c ****     hcan->ErrorCode |= HAL_CAN_ERROR_INVALID_CALLBACK;
 806:Drivers/STM32F1xx_HAL_Driver/Src/stm32f1xx_hal_can.c **** 
 807:Drivers/STM32F1xx_HAL_Driver/Src/stm32f1xx_hal_can.c ****     /* Return error status */
 808:Drivers/STM32F1xx_HAL_Driver/Src/stm32f1xx_hal_can.c ****     status =  HAL_ERROR;
 809:Drivers/STM32F1xx_HAL_Driver/Src/stm32f1xx_hal_can.c ****   }
 810:Drivers/STM32F1xx_HAL_Driver/Src/stm32f1xx_hal_can.c **** 
 811:Drivers/STM32F1xx_HAL_Driver/Src/stm32f1xx_hal_can.c ****   return status;
 812:Drivers/STM32F1xx_HAL_Driver/Src/stm32f1xx_hal_can.c **** }
 813:Drivers/STM32F1xx_HAL_Driver/Src/stm32f1xx_hal_can.c **** #endif /* USE_HAL_CAN_REGISTER_CALLBACKS */
 814:Drivers/STM32F1xx_HAL_Driver/Src/stm32f1xx_hal_can.c **** 
 815:Drivers/STM32F1xx_HAL_Driver/Src/stm32f1xx_hal_can.c **** /**
 816:Drivers/STM32F1xx_HAL_Driver/Src/stm32f1xx_hal_can.c ****   * @}
 817:Drivers/STM32F1xx_HAL_Driver/Src/stm32f1xx_hal_can.c ****   */
 818:Drivers/STM32F1xx_HAL_Driver/Src/stm32f1xx_hal_can.c **** 
 819:Drivers/STM32F1xx_HAL_Driver/Src/stm32f1xx_hal_can.c **** /** @defgroup CAN_Exported_Functions_Group2 Configuration functions
 820:Drivers/STM32F1xx_HAL_Driver/Src/stm32f1xx_hal_can.c ****   * @brief    Configuration functions.
 821:Drivers/STM32F1xx_HAL_Driver/Src/stm32f1xx_hal_can.c ****   *
 822:Drivers/STM32F1xx_HAL_Driver/Src/stm32f1xx_hal_can.c **** @verbatim
 823:Drivers/STM32F1xx_HAL_Driver/Src/stm32f1xx_hal_can.c ****   ==============================================================================
 824:Drivers/STM32F1xx_HAL_Driver/Src/stm32f1xx_hal_can.c ****               ##### Configuration functions #####
 825:Drivers/STM32F1xx_HAL_Driver/Src/stm32f1xx_hal_can.c ****   ==============================================================================
 826:Drivers/STM32F1xx_HAL_Driver/Src/stm32f1xx_hal_can.c ****     [..]  This section provides functions allowing to:
 827:Drivers/STM32F1xx_HAL_Driver/Src/stm32f1xx_hal_can.c ****       (+) HAL_CAN_ConfigFilter            : Configure the CAN reception filters
 828:Drivers/STM32F1xx_HAL_Driver/Src/stm32f1xx_hal_can.c **** 
 829:Drivers/STM32F1xx_HAL_Driver/Src/stm32f1xx_hal_can.c **** @endverbatim
 830:Drivers/STM32F1xx_HAL_Driver/Src/stm32f1xx_hal_can.c ****   * @{
 831:Drivers/STM32F1xx_HAL_Driver/Src/stm32f1xx_hal_can.c ****   */
 832:Drivers/STM32F1xx_HAL_Driver/Src/stm32f1xx_hal_can.c **** 
 833:Drivers/STM32F1xx_HAL_Driver/Src/stm32f1xx_hal_can.c **** /**
 834:Drivers/STM32F1xx_HAL_Driver/Src/stm32f1xx_hal_can.c ****   * @brief  Configures the CAN reception filter according to the specified
 835:Drivers/STM32F1xx_HAL_Driver/Src/stm32f1xx_hal_can.c ****   *         parameters in the CAN_FilterInitStruct.
 836:Drivers/STM32F1xx_HAL_Driver/Src/stm32f1xx_hal_can.c ****   * @param  hcan pointer to a CAN_HandleTypeDef structure that contains
 837:Drivers/STM32F1xx_HAL_Driver/Src/stm32f1xx_hal_can.c ****   *         the configuration information for the specified CAN.
 838:Drivers/STM32F1xx_HAL_Driver/Src/stm32f1xx_hal_can.c ****   * @param  sFilterConfig pointer to a CAN_FilterTypeDef structure that
 839:Drivers/STM32F1xx_HAL_Driver/Src/stm32f1xx_hal_can.c ****   *         contains the filter configuration information.
 840:Drivers/STM32F1xx_HAL_Driver/Src/stm32f1xx_hal_can.c ****   * @retval None
 841:Drivers/STM32F1xx_HAL_Driver/Src/stm32f1xx_hal_can.c ****   */
 842:Drivers/STM32F1xx_HAL_Driver/Src/stm32f1xx_hal_can.c **** HAL_StatusTypeDef HAL_CAN_ConfigFilter(CAN_HandleTypeDef *hcan, const CAN_FilterTypeDef *sFilterCon
 843:Drivers/STM32F1xx_HAL_Driver/Src/stm32f1xx_hal_can.c **** {
 368              		.loc 1 843 1 is_stmt 1 view -0
 369              		.cfi_startproc
 370              		@ args = 0, pretend = 0, frame = 0
 371              		@ frame_needed = 0, uses_anonymous_args = 0
 844:Drivers/STM32F1xx_HAL_Driver/Src/stm32f1xx_hal_can.c ****   uint32_t filternbrbitpos;
 372              		.loc 1 844 3 view .LVU107
 845:Drivers/STM32F1xx_HAL_Driver/Src/stm32f1xx_hal_can.c ****   CAN_TypeDef *can_ip = hcan->Instance;
 373              		.loc 1 845 3 view .LVU108
ARM GAS  /tmp/cc1LZDaw.s 			page 24


 374              		.loc 1 845 16 is_stmt 0 view .LVU109
 375 0000 0268     		ldr	r2, [r0]
 376              	.LVL16:
 846:Drivers/STM32F1xx_HAL_Driver/Src/stm32f1xx_hal_can.c ****   HAL_CAN_StateTypeDef state = hcan->State;
 377              		.loc 1 846 3 is_stmt 1 view .LVU110
 378              		.loc 1 846 24 is_stmt 0 view .LVU111
 379 0002 90F82030 		ldrb	r3, [r0, #32]	@ zero_extendqisi2
 380              	.LVL17:
 847:Drivers/STM32F1xx_HAL_Driver/Src/stm32f1xx_hal_can.c **** 
 848:Drivers/STM32F1xx_HAL_Driver/Src/stm32f1xx_hal_can.c ****   if ((state == HAL_CAN_STATE_READY) ||
 381              		.loc 1 848 3 is_stmt 1 view .LVU112
 382              		.loc 1 848 38 is_stmt 0 view .LVU113
 383 0006 013B     		subs	r3, r3, #1
 384              	.LVL18:
 385              		.loc 1 848 38 view .LVU114
 386 0008 DBB2     		uxtb	r3, r3
 387              	.LVL19:
 388              		.loc 1 848 6 view .LVU115
 389 000a 012B     		cmp	r3, #1
 390 000c 05D9     		bls	.L50
 849:Drivers/STM32F1xx_HAL_Driver/Src/stm32f1xx_hal_can.c ****       (state == HAL_CAN_STATE_LISTENING))
 850:Drivers/STM32F1xx_HAL_Driver/Src/stm32f1xx_hal_can.c ****   {
 851:Drivers/STM32F1xx_HAL_Driver/Src/stm32f1xx_hal_can.c ****     /* Check the parameters */
 852:Drivers/STM32F1xx_HAL_Driver/Src/stm32f1xx_hal_can.c ****     assert_param(IS_CAN_FILTER_ID_HALFWORD(sFilterConfig->FilterIdHigh));
 853:Drivers/STM32F1xx_HAL_Driver/Src/stm32f1xx_hal_can.c ****     assert_param(IS_CAN_FILTER_ID_HALFWORD(sFilterConfig->FilterIdLow));
 854:Drivers/STM32F1xx_HAL_Driver/Src/stm32f1xx_hal_can.c ****     assert_param(IS_CAN_FILTER_ID_HALFWORD(sFilterConfig->FilterMaskIdHigh));
 855:Drivers/STM32F1xx_HAL_Driver/Src/stm32f1xx_hal_can.c ****     assert_param(IS_CAN_FILTER_ID_HALFWORD(sFilterConfig->FilterMaskIdLow));
 856:Drivers/STM32F1xx_HAL_Driver/Src/stm32f1xx_hal_can.c ****     assert_param(IS_CAN_FILTER_MODE(sFilterConfig->FilterMode));
 857:Drivers/STM32F1xx_HAL_Driver/Src/stm32f1xx_hal_can.c ****     assert_param(IS_CAN_FILTER_SCALE(sFilterConfig->FilterScale));
 858:Drivers/STM32F1xx_HAL_Driver/Src/stm32f1xx_hal_can.c ****     assert_param(IS_CAN_FILTER_FIFO(sFilterConfig->FilterFIFOAssignment));
 859:Drivers/STM32F1xx_HAL_Driver/Src/stm32f1xx_hal_can.c ****     assert_param(IS_CAN_FILTER_ACTIVATION(sFilterConfig->FilterActivation));
 860:Drivers/STM32F1xx_HAL_Driver/Src/stm32f1xx_hal_can.c **** 
 861:Drivers/STM32F1xx_HAL_Driver/Src/stm32f1xx_hal_can.c **** #if   defined(CAN2)
 862:Drivers/STM32F1xx_HAL_Driver/Src/stm32f1xx_hal_can.c ****     /* CAN1 and CAN2 are dual instances with 28 common filters banks */
 863:Drivers/STM32F1xx_HAL_Driver/Src/stm32f1xx_hal_can.c ****     /* Select master instance to access the filter banks */
 864:Drivers/STM32F1xx_HAL_Driver/Src/stm32f1xx_hal_can.c ****     can_ip = CAN1;
 865:Drivers/STM32F1xx_HAL_Driver/Src/stm32f1xx_hal_can.c **** 
 866:Drivers/STM32F1xx_HAL_Driver/Src/stm32f1xx_hal_can.c ****     /* Check the parameters */
 867:Drivers/STM32F1xx_HAL_Driver/Src/stm32f1xx_hal_can.c ****     assert_param(IS_CAN_FILTER_BANK_DUAL(sFilterConfig->FilterBank));
 868:Drivers/STM32F1xx_HAL_Driver/Src/stm32f1xx_hal_can.c ****     assert_param(IS_CAN_FILTER_BANK_DUAL(sFilterConfig->SlaveStartFilterBank));
 869:Drivers/STM32F1xx_HAL_Driver/Src/stm32f1xx_hal_can.c **** #else
 870:Drivers/STM32F1xx_HAL_Driver/Src/stm32f1xx_hal_can.c ****     /* CAN1 is single instance with 14 dedicated filters banks */
 871:Drivers/STM32F1xx_HAL_Driver/Src/stm32f1xx_hal_can.c **** 
 872:Drivers/STM32F1xx_HAL_Driver/Src/stm32f1xx_hal_can.c ****     /* Check the parameters */
 873:Drivers/STM32F1xx_HAL_Driver/Src/stm32f1xx_hal_can.c ****     assert_param(IS_CAN_FILTER_BANK_SINGLE(sFilterConfig->FilterBank));
 874:Drivers/STM32F1xx_HAL_Driver/Src/stm32f1xx_hal_can.c **** #endif /* CAN3 */
 875:Drivers/STM32F1xx_HAL_Driver/Src/stm32f1xx_hal_can.c **** 
 876:Drivers/STM32F1xx_HAL_Driver/Src/stm32f1xx_hal_can.c ****     /* Initialisation mode for the filter */
 877:Drivers/STM32F1xx_HAL_Driver/Src/stm32f1xx_hal_can.c ****     SET_BIT(can_ip->FMR, CAN_FMR_FINIT);
 878:Drivers/STM32F1xx_HAL_Driver/Src/stm32f1xx_hal_can.c **** 
 879:Drivers/STM32F1xx_HAL_Driver/Src/stm32f1xx_hal_can.c **** #if   defined(CAN2)
 880:Drivers/STM32F1xx_HAL_Driver/Src/stm32f1xx_hal_can.c ****     /* Select the start filter number of CAN2 slave instance */
 881:Drivers/STM32F1xx_HAL_Driver/Src/stm32f1xx_hal_can.c ****     CLEAR_BIT(can_ip->FMR, CAN_FMR_CAN2SB);
 882:Drivers/STM32F1xx_HAL_Driver/Src/stm32f1xx_hal_can.c ****     SET_BIT(can_ip->FMR, sFilterConfig->SlaveStartFilterBank << CAN_FMR_CAN2SB_Pos);
 883:Drivers/STM32F1xx_HAL_Driver/Src/stm32f1xx_hal_can.c **** 
 884:Drivers/STM32F1xx_HAL_Driver/Src/stm32f1xx_hal_can.c **** #endif /* CAN3 */
 885:Drivers/STM32F1xx_HAL_Driver/Src/stm32f1xx_hal_can.c ****     /* Convert filter number into bit position */
ARM GAS  /tmp/cc1LZDaw.s 			page 25


 886:Drivers/STM32F1xx_HAL_Driver/Src/stm32f1xx_hal_can.c ****     filternbrbitpos = (uint32_t)1 << (sFilterConfig->FilterBank & 0x1FU);
 887:Drivers/STM32F1xx_HAL_Driver/Src/stm32f1xx_hal_can.c **** 
 888:Drivers/STM32F1xx_HAL_Driver/Src/stm32f1xx_hal_can.c ****     /* Filter Deactivation */
 889:Drivers/STM32F1xx_HAL_Driver/Src/stm32f1xx_hal_can.c ****     CLEAR_BIT(can_ip->FA1R, filternbrbitpos);
 890:Drivers/STM32F1xx_HAL_Driver/Src/stm32f1xx_hal_can.c **** 
 891:Drivers/STM32F1xx_HAL_Driver/Src/stm32f1xx_hal_can.c ****     /* Filter Scale */
 892:Drivers/STM32F1xx_HAL_Driver/Src/stm32f1xx_hal_can.c ****     if (sFilterConfig->FilterScale == CAN_FILTERSCALE_16BIT)
 893:Drivers/STM32F1xx_HAL_Driver/Src/stm32f1xx_hal_can.c ****     {
 894:Drivers/STM32F1xx_HAL_Driver/Src/stm32f1xx_hal_can.c ****       /* 16-bit scale for the filter */
 895:Drivers/STM32F1xx_HAL_Driver/Src/stm32f1xx_hal_can.c ****       CLEAR_BIT(can_ip->FS1R, filternbrbitpos);
 896:Drivers/STM32F1xx_HAL_Driver/Src/stm32f1xx_hal_can.c **** 
 897:Drivers/STM32F1xx_HAL_Driver/Src/stm32f1xx_hal_can.c ****       /* First 16-bit identifier and First 16-bit mask */
 898:Drivers/STM32F1xx_HAL_Driver/Src/stm32f1xx_hal_can.c ****       /* Or First 16-bit identifier and Second 16-bit identifier */
 899:Drivers/STM32F1xx_HAL_Driver/Src/stm32f1xx_hal_can.c ****       can_ip->sFilterRegister[sFilterConfig->FilterBank].FR1 =
 900:Drivers/STM32F1xx_HAL_Driver/Src/stm32f1xx_hal_can.c ****         ((0x0000FFFFU & (uint32_t)sFilterConfig->FilterMaskIdLow) << 16U) |
 901:Drivers/STM32F1xx_HAL_Driver/Src/stm32f1xx_hal_can.c ****         (0x0000FFFFU & (uint32_t)sFilterConfig->FilterIdLow);
 902:Drivers/STM32F1xx_HAL_Driver/Src/stm32f1xx_hal_can.c **** 
 903:Drivers/STM32F1xx_HAL_Driver/Src/stm32f1xx_hal_can.c ****       /* Second 16-bit identifier and Second 16-bit mask */
 904:Drivers/STM32F1xx_HAL_Driver/Src/stm32f1xx_hal_can.c ****       /* Or Third 16-bit identifier and Fourth 16-bit identifier */
 905:Drivers/STM32F1xx_HAL_Driver/Src/stm32f1xx_hal_can.c ****       can_ip->sFilterRegister[sFilterConfig->FilterBank].FR2 =
 906:Drivers/STM32F1xx_HAL_Driver/Src/stm32f1xx_hal_can.c ****         ((0x0000FFFFU & (uint32_t)sFilterConfig->FilterMaskIdHigh) << 16U) |
 907:Drivers/STM32F1xx_HAL_Driver/Src/stm32f1xx_hal_can.c ****         (0x0000FFFFU & (uint32_t)sFilterConfig->FilterIdHigh);
 908:Drivers/STM32F1xx_HAL_Driver/Src/stm32f1xx_hal_can.c ****     }
 909:Drivers/STM32F1xx_HAL_Driver/Src/stm32f1xx_hal_can.c **** 
 910:Drivers/STM32F1xx_HAL_Driver/Src/stm32f1xx_hal_can.c ****     if (sFilterConfig->FilterScale == CAN_FILTERSCALE_32BIT)
 911:Drivers/STM32F1xx_HAL_Driver/Src/stm32f1xx_hal_can.c ****     {
 912:Drivers/STM32F1xx_HAL_Driver/Src/stm32f1xx_hal_can.c ****       /* 32-bit scale for the filter */
 913:Drivers/STM32F1xx_HAL_Driver/Src/stm32f1xx_hal_can.c ****       SET_BIT(can_ip->FS1R, filternbrbitpos);
 914:Drivers/STM32F1xx_HAL_Driver/Src/stm32f1xx_hal_can.c **** 
 915:Drivers/STM32F1xx_HAL_Driver/Src/stm32f1xx_hal_can.c ****       /* 32-bit identifier or First 32-bit identifier */
 916:Drivers/STM32F1xx_HAL_Driver/Src/stm32f1xx_hal_can.c ****       can_ip->sFilterRegister[sFilterConfig->FilterBank].FR1 =
 917:Drivers/STM32F1xx_HAL_Driver/Src/stm32f1xx_hal_can.c ****         ((0x0000FFFFU & (uint32_t)sFilterConfig->FilterIdHigh) << 16U) |
 918:Drivers/STM32F1xx_HAL_Driver/Src/stm32f1xx_hal_can.c ****         (0x0000FFFFU & (uint32_t)sFilterConfig->FilterIdLow);
 919:Drivers/STM32F1xx_HAL_Driver/Src/stm32f1xx_hal_can.c **** 
 920:Drivers/STM32F1xx_HAL_Driver/Src/stm32f1xx_hal_can.c ****       /* 32-bit mask or Second 32-bit identifier */
 921:Drivers/STM32F1xx_HAL_Driver/Src/stm32f1xx_hal_can.c ****       can_ip->sFilterRegister[sFilterConfig->FilterBank].FR2 =
 922:Drivers/STM32F1xx_HAL_Driver/Src/stm32f1xx_hal_can.c ****         ((0x0000FFFFU & (uint32_t)sFilterConfig->FilterMaskIdHigh) << 16U) |
 923:Drivers/STM32F1xx_HAL_Driver/Src/stm32f1xx_hal_can.c ****         (0x0000FFFFU & (uint32_t)sFilterConfig->FilterMaskIdLow);
 924:Drivers/STM32F1xx_HAL_Driver/Src/stm32f1xx_hal_can.c ****     }
 925:Drivers/STM32F1xx_HAL_Driver/Src/stm32f1xx_hal_can.c **** 
 926:Drivers/STM32F1xx_HAL_Driver/Src/stm32f1xx_hal_can.c ****     /* Filter Mode */
 927:Drivers/STM32F1xx_HAL_Driver/Src/stm32f1xx_hal_can.c ****     if (sFilterConfig->FilterMode == CAN_FILTERMODE_IDMASK)
 928:Drivers/STM32F1xx_HAL_Driver/Src/stm32f1xx_hal_can.c ****     {
 929:Drivers/STM32F1xx_HAL_Driver/Src/stm32f1xx_hal_can.c ****       /* Id/Mask mode for the filter*/
 930:Drivers/STM32F1xx_HAL_Driver/Src/stm32f1xx_hal_can.c ****       CLEAR_BIT(can_ip->FM1R, filternbrbitpos);
 931:Drivers/STM32F1xx_HAL_Driver/Src/stm32f1xx_hal_can.c ****     }
 932:Drivers/STM32F1xx_HAL_Driver/Src/stm32f1xx_hal_can.c ****     else /* CAN_FilterInitStruct->CAN_FilterMode == CAN_FilterMode_IdList */
 933:Drivers/STM32F1xx_HAL_Driver/Src/stm32f1xx_hal_can.c ****     {
 934:Drivers/STM32F1xx_HAL_Driver/Src/stm32f1xx_hal_can.c ****       /* Identifier list mode for the filter*/
 935:Drivers/STM32F1xx_HAL_Driver/Src/stm32f1xx_hal_can.c ****       SET_BIT(can_ip->FM1R, filternbrbitpos);
 936:Drivers/STM32F1xx_HAL_Driver/Src/stm32f1xx_hal_can.c ****     }
 937:Drivers/STM32F1xx_HAL_Driver/Src/stm32f1xx_hal_can.c **** 
 938:Drivers/STM32F1xx_HAL_Driver/Src/stm32f1xx_hal_can.c ****     /* Filter FIFO assignment */
 939:Drivers/STM32F1xx_HAL_Driver/Src/stm32f1xx_hal_can.c ****     if (sFilterConfig->FilterFIFOAssignment == CAN_FILTER_FIFO0)
 940:Drivers/STM32F1xx_HAL_Driver/Src/stm32f1xx_hal_can.c ****     {
 941:Drivers/STM32F1xx_HAL_Driver/Src/stm32f1xx_hal_can.c ****       /* FIFO 0 assignation for the filter */
 942:Drivers/STM32F1xx_HAL_Driver/Src/stm32f1xx_hal_can.c ****       CLEAR_BIT(can_ip->FFA1R, filternbrbitpos);
ARM GAS  /tmp/cc1LZDaw.s 			page 26


 943:Drivers/STM32F1xx_HAL_Driver/Src/stm32f1xx_hal_can.c ****     }
 944:Drivers/STM32F1xx_HAL_Driver/Src/stm32f1xx_hal_can.c ****     else
 945:Drivers/STM32F1xx_HAL_Driver/Src/stm32f1xx_hal_can.c ****     {
 946:Drivers/STM32F1xx_HAL_Driver/Src/stm32f1xx_hal_can.c ****       /* FIFO 1 assignation for the filter */
 947:Drivers/STM32F1xx_HAL_Driver/Src/stm32f1xx_hal_can.c ****       SET_BIT(can_ip->FFA1R, filternbrbitpos);
 948:Drivers/STM32F1xx_HAL_Driver/Src/stm32f1xx_hal_can.c ****     }
 949:Drivers/STM32F1xx_HAL_Driver/Src/stm32f1xx_hal_can.c **** 
 950:Drivers/STM32F1xx_HAL_Driver/Src/stm32f1xx_hal_can.c ****     /* Filter activation */
 951:Drivers/STM32F1xx_HAL_Driver/Src/stm32f1xx_hal_can.c ****     if (sFilterConfig->FilterActivation == CAN_FILTER_ENABLE)
 952:Drivers/STM32F1xx_HAL_Driver/Src/stm32f1xx_hal_can.c ****     {
 953:Drivers/STM32F1xx_HAL_Driver/Src/stm32f1xx_hal_can.c ****       SET_BIT(can_ip->FA1R, filternbrbitpos);
 954:Drivers/STM32F1xx_HAL_Driver/Src/stm32f1xx_hal_can.c ****     }
 955:Drivers/STM32F1xx_HAL_Driver/Src/stm32f1xx_hal_can.c **** 
 956:Drivers/STM32F1xx_HAL_Driver/Src/stm32f1xx_hal_can.c ****     /* Leave the initialisation mode for the filter */
 957:Drivers/STM32F1xx_HAL_Driver/Src/stm32f1xx_hal_can.c ****     CLEAR_BIT(can_ip->FMR, CAN_FMR_FINIT);
 958:Drivers/STM32F1xx_HAL_Driver/Src/stm32f1xx_hal_can.c **** 
 959:Drivers/STM32F1xx_HAL_Driver/Src/stm32f1xx_hal_can.c ****     /* Return function status */
 960:Drivers/STM32F1xx_HAL_Driver/Src/stm32f1xx_hal_can.c ****     return HAL_OK;
 961:Drivers/STM32F1xx_HAL_Driver/Src/stm32f1xx_hal_can.c ****   }
 962:Drivers/STM32F1xx_HAL_Driver/Src/stm32f1xx_hal_can.c ****   else
 963:Drivers/STM32F1xx_HAL_Driver/Src/stm32f1xx_hal_can.c ****   {
 964:Drivers/STM32F1xx_HAL_Driver/Src/stm32f1xx_hal_can.c ****     /* Update error code */
 965:Drivers/STM32F1xx_HAL_Driver/Src/stm32f1xx_hal_can.c ****     hcan->ErrorCode |= HAL_CAN_ERROR_NOT_INITIALIZED;
 391              		.loc 1 965 5 is_stmt 1 view .LVU116
 392              		.loc 1 965 9 is_stmt 0 view .LVU117
 393 000e 436A     		ldr	r3, [r0, #36]
 394              		.loc 1 965 21 view .LVU118
 395 0010 43F48023 		orr	r3, r3, #262144
 396 0014 4362     		str	r3, [r0, #36]
 966:Drivers/STM32F1xx_HAL_Driver/Src/stm32f1xx_hal_can.c **** 
 967:Drivers/STM32F1xx_HAL_Driver/Src/stm32f1xx_hal_can.c ****     return HAL_ERROR;
 397              		.loc 1 967 5 is_stmt 1 view .LVU119
 398              		.loc 1 967 12 is_stmt 0 view .LVU120
 399 0016 0120     		movs	r0, #1
 400              	.LVL20:
 968:Drivers/STM32F1xx_HAL_Driver/Src/stm32f1xx_hal_can.c ****   }
 969:Drivers/STM32F1xx_HAL_Driver/Src/stm32f1xx_hal_can.c **** }
 401              		.loc 1 969 1 view .LVU121
 402 0018 7047     		bx	lr
 403              	.LVL21:
 404              	.L50:
 843:Drivers/STM32F1xx_HAL_Driver/Src/stm32f1xx_hal_can.c ****   uint32_t filternbrbitpos;
 405              		.loc 1 843 1 view .LVU122
 406 001a 10B5     		push	{r4, lr}
 407              	.LCFI2:
 408              		.cfi_def_cfa_offset 8
 409              		.cfi_offset 4, -8
 410              		.cfi_offset 14, -4
 852:Drivers/STM32F1xx_HAL_Driver/Src/stm32f1xx_hal_can.c ****     assert_param(IS_CAN_FILTER_ID_HALFWORD(sFilterConfig->FilterIdLow));
 411              		.loc 1 852 5 is_stmt 1 view .LVU123
 853:Drivers/STM32F1xx_HAL_Driver/Src/stm32f1xx_hal_can.c ****     assert_param(IS_CAN_FILTER_ID_HALFWORD(sFilterConfig->FilterMaskIdHigh));
 412              		.loc 1 853 5 view .LVU124
 854:Drivers/STM32F1xx_HAL_Driver/Src/stm32f1xx_hal_can.c ****     assert_param(IS_CAN_FILTER_ID_HALFWORD(sFilterConfig->FilterMaskIdLow));
 413              		.loc 1 854 5 view .LVU125
 855:Drivers/STM32F1xx_HAL_Driver/Src/stm32f1xx_hal_can.c ****     assert_param(IS_CAN_FILTER_MODE(sFilterConfig->FilterMode));
 414              		.loc 1 855 5 view .LVU126
 856:Drivers/STM32F1xx_HAL_Driver/Src/stm32f1xx_hal_can.c ****     assert_param(IS_CAN_FILTER_SCALE(sFilterConfig->FilterScale));
ARM GAS  /tmp/cc1LZDaw.s 			page 27


 415              		.loc 1 856 5 view .LVU127
 857:Drivers/STM32F1xx_HAL_Driver/Src/stm32f1xx_hal_can.c ****     assert_param(IS_CAN_FILTER_FIFO(sFilterConfig->FilterFIFOAssignment));
 416              		.loc 1 857 5 view .LVU128
 858:Drivers/STM32F1xx_HAL_Driver/Src/stm32f1xx_hal_can.c ****     assert_param(IS_CAN_FILTER_ACTIVATION(sFilterConfig->FilterActivation));
 417              		.loc 1 858 5 view .LVU129
 859:Drivers/STM32F1xx_HAL_Driver/Src/stm32f1xx_hal_can.c **** 
 418              		.loc 1 859 5 view .LVU130
 873:Drivers/STM32F1xx_HAL_Driver/Src/stm32f1xx_hal_can.c **** #endif /* CAN3 */
 419              		.loc 1 873 5 view .LVU131
 877:Drivers/STM32F1xx_HAL_Driver/Src/stm32f1xx_hal_can.c **** 
 420              		.loc 1 877 5 view .LVU132
 421 001c D2F80032 		ldr	r3, [r2, #512]
 422 0020 43F00103 		orr	r3, r3, #1
 423 0024 C2F80032 		str	r3, [r2, #512]
 886:Drivers/STM32F1xx_HAL_Driver/Src/stm32f1xx_hal_can.c **** 
 424              		.loc 1 886 5 view .LVU133
 886:Drivers/STM32F1xx_HAL_Driver/Src/stm32f1xx_hal_can.c **** 
 425              		.loc 1 886 52 is_stmt 0 view .LVU134
 426 0028 4B69     		ldr	r3, [r1, #20]
 886:Drivers/STM32F1xx_HAL_Driver/Src/stm32f1xx_hal_can.c **** 
 427              		.loc 1 886 65 view .LVU135
 428 002a 03F01F03 		and	r3, r3, #31
 886:Drivers/STM32F1xx_HAL_Driver/Src/stm32f1xx_hal_can.c **** 
 429              		.loc 1 886 21 view .LVU136
 430 002e 0120     		movs	r0, #1
 431              	.LVL22:
 886:Drivers/STM32F1xx_HAL_Driver/Src/stm32f1xx_hal_can.c **** 
 432              		.loc 1 886 21 view .LVU137
 433 0030 00FA03F3 		lsl	r3, r0, r3
 434              	.LVL23:
 889:Drivers/STM32F1xx_HAL_Driver/Src/stm32f1xx_hal_can.c **** 
 435              		.loc 1 889 5 is_stmt 1 view .LVU138
 436 0034 D2F81C02 		ldr	r0, [r2, #540]
 437 0038 6FEA030C 		mvn	ip, r3
 438 003c 20EA0300 		bic	r0, r0, r3
 439 0040 C2F81C02 		str	r0, [r2, #540]
 892:Drivers/STM32F1xx_HAL_Driver/Src/stm32f1xx_hal_can.c ****     {
 440              		.loc 1 892 5 view .LVU139
 892:Drivers/STM32F1xx_HAL_Driver/Src/stm32f1xx_hal_can.c ****     {
 441              		.loc 1 892 22 is_stmt 0 view .LVU140
 442 0044 C869     		ldr	r0, [r1, #28]
 892:Drivers/STM32F1xx_HAL_Driver/Src/stm32f1xx_hal_can.c ****     {
 443              		.loc 1 892 8 view .LVU141
 444 0046 C0B9     		cbnz	r0, .L38
 895:Drivers/STM32F1xx_HAL_Driver/Src/stm32f1xx_hal_can.c **** 
 445              		.loc 1 895 7 is_stmt 1 view .LVU142
 446 0048 D2F80C02 		ldr	r0, [r2, #524]
 447 004c 0CEA0000 		and	r0, ip, r0
 448 0050 C2F80C02 		str	r0, [r2, #524]
 899:Drivers/STM32F1xx_HAL_Driver/Src/stm32f1xx_hal_can.c ****         ((0x0000FFFFU & (uint32_t)sFilterConfig->FilterMaskIdLow) << 16U) |
 449              		.loc 1 899 7 view .LVU143
 901:Drivers/STM32F1xx_HAL_Driver/Src/stm32f1xx_hal_can.c **** 
 450              		.loc 1 901 22 is_stmt 0 view .LVU144
 451 0054 8C88     		ldrh	r4, [r1, #4]
 899:Drivers/STM32F1xx_HAL_Driver/Src/stm32f1xx_hal_can.c ****         ((0x0000FFFFU & (uint32_t)sFilterConfig->FilterMaskIdLow) << 16U) |
 452              		.loc 1 899 44 view .LVU145
 453 0056 4869     		ldr	r0, [r1, #20]
ARM GAS  /tmp/cc1LZDaw.s 			page 28


 900:Drivers/STM32F1xx_HAL_Driver/Src/stm32f1xx_hal_can.c ****         (0x0000FFFFU & (uint32_t)sFilterConfig->FilterIdLow);
 454              		.loc 1 900 75 view .LVU146
 455 0058 D1F80CE0 		ldr	lr, [r1, #12]
 456 005c 44EA0E44 		orr	r4, r4, lr, lsl #16
 899:Drivers/STM32F1xx_HAL_Driver/Src/stm32f1xx_hal_can.c ****         ((0x0000FFFFU & (uint32_t)sFilterConfig->FilterMaskIdLow) << 16U) |
 457              		.loc 1 899 62 view .LVU147
 458 0060 4830     		adds	r0, r0, #72
 459 0062 42F83040 		str	r4, [r2, r0, lsl #3]
 905:Drivers/STM32F1xx_HAL_Driver/Src/stm32f1xx_hal_can.c ****         ((0x0000FFFFU & (uint32_t)sFilterConfig->FilterMaskIdHigh) << 16U) |
 460              		.loc 1 905 7 is_stmt 1 view .LVU148
 907:Drivers/STM32F1xx_HAL_Driver/Src/stm32f1xx_hal_can.c ****     }
 461              		.loc 1 907 22 is_stmt 0 view .LVU149
 462 0066 0C88     		ldrh	r4, [r1]
 905:Drivers/STM32F1xx_HAL_Driver/Src/stm32f1xx_hal_can.c ****         ((0x0000FFFFU & (uint32_t)sFilterConfig->FilterMaskIdHigh) << 16U) |
 463              		.loc 1 905 44 view .LVU150
 464 0068 4869     		ldr	r0, [r1, #20]
 906:Drivers/STM32F1xx_HAL_Driver/Src/stm32f1xx_hal_can.c ****         (0x0000FFFFU & (uint32_t)sFilterConfig->FilterIdHigh);
 465              		.loc 1 906 76 view .LVU151
 466 006a D1F808E0 		ldr	lr, [r1, #8]
 467 006e 44EA0E44 		orr	r4, r4, lr, lsl #16
 905:Drivers/STM32F1xx_HAL_Driver/Src/stm32f1xx_hal_can.c ****         ((0x0000FFFFU & (uint32_t)sFilterConfig->FilterMaskIdHigh) << 16U) |
 468              		.loc 1 905 62 view .LVU152
 469 0072 4830     		adds	r0, r0, #72
 470 0074 02EBC000 		add	r0, r2, r0, lsl #3
 471 0078 4460     		str	r4, [r0, #4]
 472              	.L38:
 910:Drivers/STM32F1xx_HAL_Driver/Src/stm32f1xx_hal_can.c ****     {
 473              		.loc 1 910 5 is_stmt 1 view .LVU153
 910:Drivers/STM32F1xx_HAL_Driver/Src/stm32f1xx_hal_can.c ****     {
 474              		.loc 1 910 22 is_stmt 0 view .LVU154
 475 007a C869     		ldr	r0, [r1, #28]
 910:Drivers/STM32F1xx_HAL_Driver/Src/stm32f1xx_hal_can.c ****     {
 476              		.loc 1 910 8 view .LVU155
 477 007c 0128     		cmp	r0, #1
 478 007e 1AD0     		beq	.L51
 479              	.L39:
 927:Drivers/STM32F1xx_HAL_Driver/Src/stm32f1xx_hal_can.c ****     {
 480              		.loc 1 927 5 is_stmt 1 view .LVU156
 927:Drivers/STM32F1xx_HAL_Driver/Src/stm32f1xx_hal_can.c ****     {
 481              		.loc 1 927 22 is_stmt 0 view .LVU157
 482 0080 8869     		ldr	r0, [r1, #24]
 927:Drivers/STM32F1xx_HAL_Driver/Src/stm32f1xx_hal_can.c ****     {
 483              		.loc 1 927 8 view .LVU158
 484 0082 88BB     		cbnz	r0, .L40
 930:Drivers/STM32F1xx_HAL_Driver/Src/stm32f1xx_hal_can.c ****     }
 485              		.loc 1 930 7 is_stmt 1 view .LVU159
 486 0084 D2F80402 		ldr	r0, [r2, #516]
 487 0088 0CEA0000 		and	r0, ip, r0
 488 008c C2F80402 		str	r0, [r2, #516]
 489              	.L41:
 939:Drivers/STM32F1xx_HAL_Driver/Src/stm32f1xx_hal_can.c ****     {
 490              		.loc 1 939 5 view .LVU160
 939:Drivers/STM32F1xx_HAL_Driver/Src/stm32f1xx_hal_can.c ****     {
 491              		.loc 1 939 22 is_stmt 0 view .LVU161
 492 0090 0869     		ldr	r0, [r1, #16]
 939:Drivers/STM32F1xx_HAL_Driver/Src/stm32f1xx_hal_can.c ****     {
 493              		.loc 1 939 8 view .LVU162
ARM GAS  /tmp/cc1LZDaw.s 			page 29


 494 0092 78BB     		cbnz	r0, .L42
 942:Drivers/STM32F1xx_HAL_Driver/Src/stm32f1xx_hal_can.c ****     }
 495              		.loc 1 942 7 is_stmt 1 view .LVU163
 496 0094 D2F81402 		ldr	r0, [r2, #532]
 497 0098 0CEA0000 		and	r0, ip, r0
 498 009c C2F81402 		str	r0, [r2, #532]
 499              	.L43:
 951:Drivers/STM32F1xx_HAL_Driver/Src/stm32f1xx_hal_can.c ****     {
 500              		.loc 1 951 5 view .LVU164
 951:Drivers/STM32F1xx_HAL_Driver/Src/stm32f1xx_hal_can.c ****     {
 501              		.loc 1 951 22 is_stmt 0 view .LVU165
 502 00a0 096A     		ldr	r1, [r1, #32]
 503              	.LVL24:
 951:Drivers/STM32F1xx_HAL_Driver/Src/stm32f1xx_hal_can.c ****     {
 504              		.loc 1 951 8 view .LVU166
 505 00a2 0129     		cmp	r1, #1
 506 00a4 2CD0     		beq	.L52
 507              	.LVL25:
 508              	.L44:
 957:Drivers/STM32F1xx_HAL_Driver/Src/stm32f1xx_hal_can.c **** 
 509              		.loc 1 957 5 is_stmt 1 view .LVU167
 510 00a6 D2F80032 		ldr	r3, [r2, #512]
 511 00aa 23F00103 		bic	r3, r3, #1
 512 00ae C2F80032 		str	r3, [r2, #512]
 960:Drivers/STM32F1xx_HAL_Driver/Src/stm32f1xx_hal_can.c ****   }
 513              		.loc 1 960 5 view .LVU168
 960:Drivers/STM32F1xx_HAL_Driver/Src/stm32f1xx_hal_can.c ****   }
 514              		.loc 1 960 12 is_stmt 0 view .LVU169
 515 00b2 0020     		movs	r0, #0
 516              		.loc 1 969 1 view .LVU170
 517 00b4 10BD     		pop	{r4, pc}
 518              	.LVL26:
 519              	.L51:
 913:Drivers/STM32F1xx_HAL_Driver/Src/stm32f1xx_hal_can.c **** 
 520              		.loc 1 913 7 is_stmt 1 view .LVU171
 521 00b6 D2F80C02 		ldr	r0, [r2, #524]
 522 00ba 1843     		orrs	r0, r0, r3
 523 00bc C2F80C02 		str	r0, [r2, #524]
 916:Drivers/STM32F1xx_HAL_Driver/Src/stm32f1xx_hal_can.c ****         ((0x0000FFFFU & (uint32_t)sFilterConfig->FilterIdHigh) << 16U) |
 524              		.loc 1 916 7 view .LVU172
 918:Drivers/STM32F1xx_HAL_Driver/Src/stm32f1xx_hal_can.c **** 
 525              		.loc 1 918 22 is_stmt 0 view .LVU173
 526 00c0 8C88     		ldrh	r4, [r1, #4]
 916:Drivers/STM32F1xx_HAL_Driver/Src/stm32f1xx_hal_can.c ****         ((0x0000FFFFU & (uint32_t)sFilterConfig->FilterIdHigh) << 16U) |
 527              		.loc 1 916 44 view .LVU174
 528 00c2 4869     		ldr	r0, [r1, #20]
 917:Drivers/STM32F1xx_HAL_Driver/Src/stm32f1xx_hal_can.c ****         (0x0000FFFFU & (uint32_t)sFilterConfig->FilterIdLow);
 529              		.loc 1 917 72 view .LVU175
 530 00c4 D1F800E0 		ldr	lr, [r1]
 531 00c8 44EA0E44 		orr	r4, r4, lr, lsl #16
 916:Drivers/STM32F1xx_HAL_Driver/Src/stm32f1xx_hal_can.c ****         ((0x0000FFFFU & (uint32_t)sFilterConfig->FilterIdHigh) << 16U) |
 532              		.loc 1 916 62 view .LVU176
 533 00cc 4830     		adds	r0, r0, #72
 534 00ce 42F83040 		str	r4, [r2, r0, lsl #3]
 921:Drivers/STM32F1xx_HAL_Driver/Src/stm32f1xx_hal_can.c ****         ((0x0000FFFFU & (uint32_t)sFilterConfig->FilterMaskIdHigh) << 16U) |
 535              		.loc 1 921 7 is_stmt 1 view .LVU177
 923:Drivers/STM32F1xx_HAL_Driver/Src/stm32f1xx_hal_can.c ****     }
ARM GAS  /tmp/cc1LZDaw.s 			page 30


 536              		.loc 1 923 22 is_stmt 0 view .LVU178
 537 00d2 8C89     		ldrh	r4, [r1, #12]
 921:Drivers/STM32F1xx_HAL_Driver/Src/stm32f1xx_hal_can.c ****         ((0x0000FFFFU & (uint32_t)sFilterConfig->FilterMaskIdHigh) << 16U) |
 538              		.loc 1 921 44 view .LVU179
 539 00d4 4869     		ldr	r0, [r1, #20]
 922:Drivers/STM32F1xx_HAL_Driver/Src/stm32f1xx_hal_can.c ****         (0x0000FFFFU & (uint32_t)sFilterConfig->FilterMaskIdLow);
 540              		.loc 1 922 76 view .LVU180
 541 00d6 D1F808E0 		ldr	lr, [r1, #8]
 542 00da 44EA0E44 		orr	r4, r4, lr, lsl #16
 921:Drivers/STM32F1xx_HAL_Driver/Src/stm32f1xx_hal_can.c ****         ((0x0000FFFFU & (uint32_t)sFilterConfig->FilterMaskIdHigh) << 16U) |
 543              		.loc 1 921 62 view .LVU181
 544 00de 4830     		adds	r0, r0, #72
 545 00e0 02EBC000 		add	r0, r2, r0, lsl #3
 546 00e4 4460     		str	r4, [r0, #4]
 547 00e6 CBE7     		b	.L39
 548              	.L40:
 935:Drivers/STM32F1xx_HAL_Driver/Src/stm32f1xx_hal_can.c ****     }
 549              		.loc 1 935 7 is_stmt 1 view .LVU182
 550 00e8 D2F80402 		ldr	r0, [r2, #516]
 551 00ec 1843     		orrs	r0, r0, r3
 552 00ee C2F80402 		str	r0, [r2, #516]
 553 00f2 CDE7     		b	.L41
 554              	.L42:
 947:Drivers/STM32F1xx_HAL_Driver/Src/stm32f1xx_hal_can.c ****     }
 555              		.loc 1 947 7 view .LVU183
 556 00f4 D2F81402 		ldr	r0, [r2, #532]
 557 00f8 1843     		orrs	r0, r0, r3
 558 00fa C2F81402 		str	r0, [r2, #532]
 559 00fe CFE7     		b	.L43
 560              	.LVL27:
 561              	.L52:
 953:Drivers/STM32F1xx_HAL_Driver/Src/stm32f1xx_hal_can.c ****     }
 562              		.loc 1 953 7 view .LVU184
 563 0100 D2F81C12 		ldr	r1, [r2, #540]
 564 0104 0B43     		orrs	r3, r3, r1
 565              	.LVL28:
 953:Drivers/STM32F1xx_HAL_Driver/Src/stm32f1xx_hal_can.c ****     }
 566              		.loc 1 953 7 is_stmt 0 view .LVU185
 567 0106 C2F81C32 		str	r3, [r2, #540]
 568 010a CCE7     		b	.L44
 569              		.cfi_endproc
 570              	.LFE69:
 572              		.section	.text.HAL_CAN_Start,"ax",%progbits
 573              		.align	1
 574              		.global	HAL_CAN_Start
 575              		.syntax unified
 576              		.thumb
 577              		.thumb_func
 579              	HAL_CAN_Start:
 580              	.LVL29:
 581              	.LFB70:
 970:Drivers/STM32F1xx_HAL_Driver/Src/stm32f1xx_hal_can.c **** 
 971:Drivers/STM32F1xx_HAL_Driver/Src/stm32f1xx_hal_can.c **** /**
 972:Drivers/STM32F1xx_HAL_Driver/Src/stm32f1xx_hal_can.c ****   * @}
 973:Drivers/STM32F1xx_HAL_Driver/Src/stm32f1xx_hal_can.c ****   */
 974:Drivers/STM32F1xx_HAL_Driver/Src/stm32f1xx_hal_can.c **** 
 975:Drivers/STM32F1xx_HAL_Driver/Src/stm32f1xx_hal_can.c **** /** @defgroup CAN_Exported_Functions_Group3 Control functions
ARM GAS  /tmp/cc1LZDaw.s 			page 31


 976:Drivers/STM32F1xx_HAL_Driver/Src/stm32f1xx_hal_can.c ****   * @brief    Control functions
 977:Drivers/STM32F1xx_HAL_Driver/Src/stm32f1xx_hal_can.c ****   *
 978:Drivers/STM32F1xx_HAL_Driver/Src/stm32f1xx_hal_can.c **** @verbatim
 979:Drivers/STM32F1xx_HAL_Driver/Src/stm32f1xx_hal_can.c ****   ==============================================================================
 980:Drivers/STM32F1xx_HAL_Driver/Src/stm32f1xx_hal_can.c ****                       ##### Control functions #####
 981:Drivers/STM32F1xx_HAL_Driver/Src/stm32f1xx_hal_can.c ****   ==============================================================================
 982:Drivers/STM32F1xx_HAL_Driver/Src/stm32f1xx_hal_can.c ****     [..]  This section provides functions allowing to:
 983:Drivers/STM32F1xx_HAL_Driver/Src/stm32f1xx_hal_can.c ****       (+) HAL_CAN_Start                    : Start the CAN module
 984:Drivers/STM32F1xx_HAL_Driver/Src/stm32f1xx_hal_can.c ****       (+) HAL_CAN_Stop                     : Stop the CAN module
 985:Drivers/STM32F1xx_HAL_Driver/Src/stm32f1xx_hal_can.c ****       (+) HAL_CAN_RequestSleep             : Request sleep mode entry.
 986:Drivers/STM32F1xx_HAL_Driver/Src/stm32f1xx_hal_can.c ****       (+) HAL_CAN_WakeUp                   : Wake up from sleep mode.
 987:Drivers/STM32F1xx_HAL_Driver/Src/stm32f1xx_hal_can.c ****       (+) HAL_CAN_IsSleepActive            : Check is sleep mode is active.
 988:Drivers/STM32F1xx_HAL_Driver/Src/stm32f1xx_hal_can.c ****       (+) HAL_CAN_AddTxMessage             : Add a message to the Tx mailboxes
 989:Drivers/STM32F1xx_HAL_Driver/Src/stm32f1xx_hal_can.c ****                                              and activate the corresponding
 990:Drivers/STM32F1xx_HAL_Driver/Src/stm32f1xx_hal_can.c ****                                              transmission request
 991:Drivers/STM32F1xx_HAL_Driver/Src/stm32f1xx_hal_can.c ****       (+) HAL_CAN_AbortTxRequest           : Abort transmission request
 992:Drivers/STM32F1xx_HAL_Driver/Src/stm32f1xx_hal_can.c ****       (+) HAL_CAN_GetTxMailboxesFreeLevel  : Return Tx mailboxes free level
 993:Drivers/STM32F1xx_HAL_Driver/Src/stm32f1xx_hal_can.c ****       (+) HAL_CAN_IsTxMessagePending       : Check if a transmission request is
 994:Drivers/STM32F1xx_HAL_Driver/Src/stm32f1xx_hal_can.c ****                                              pending on the selected Tx mailbox
 995:Drivers/STM32F1xx_HAL_Driver/Src/stm32f1xx_hal_can.c ****       (+) HAL_CAN_GetRxMessage             : Get a CAN frame from the Rx FIFO
 996:Drivers/STM32F1xx_HAL_Driver/Src/stm32f1xx_hal_can.c ****       (+) HAL_CAN_GetRxFifoFillLevel       : Return Rx FIFO fill level
 997:Drivers/STM32F1xx_HAL_Driver/Src/stm32f1xx_hal_can.c **** 
 998:Drivers/STM32F1xx_HAL_Driver/Src/stm32f1xx_hal_can.c **** @endverbatim
 999:Drivers/STM32F1xx_HAL_Driver/Src/stm32f1xx_hal_can.c ****   * @{
1000:Drivers/STM32F1xx_HAL_Driver/Src/stm32f1xx_hal_can.c ****   */
1001:Drivers/STM32F1xx_HAL_Driver/Src/stm32f1xx_hal_can.c **** 
1002:Drivers/STM32F1xx_HAL_Driver/Src/stm32f1xx_hal_can.c **** /**
1003:Drivers/STM32F1xx_HAL_Driver/Src/stm32f1xx_hal_can.c ****   * @brief  Start the CAN module.
1004:Drivers/STM32F1xx_HAL_Driver/Src/stm32f1xx_hal_can.c ****   * @param  hcan pointer to an CAN_HandleTypeDef structure that contains
1005:Drivers/STM32F1xx_HAL_Driver/Src/stm32f1xx_hal_can.c ****   *         the configuration information for the specified CAN.
1006:Drivers/STM32F1xx_HAL_Driver/Src/stm32f1xx_hal_can.c ****   * @retval HAL status
1007:Drivers/STM32F1xx_HAL_Driver/Src/stm32f1xx_hal_can.c ****   */
1008:Drivers/STM32F1xx_HAL_Driver/Src/stm32f1xx_hal_can.c **** HAL_StatusTypeDef HAL_CAN_Start(CAN_HandleTypeDef *hcan)
1009:Drivers/STM32F1xx_HAL_Driver/Src/stm32f1xx_hal_can.c **** {
 582              		.loc 1 1009 1 is_stmt 1 view -0
 583              		.cfi_startproc
 584              		@ args = 0, pretend = 0, frame = 0
 585              		@ frame_needed = 0, uses_anonymous_args = 0
 586              		.loc 1 1009 1 is_stmt 0 view .LVU187
 587 0000 70B5     		push	{r4, r5, r6, lr}
 588              	.LCFI3:
 589              		.cfi_def_cfa_offset 16
 590              		.cfi_offset 4, -16
 591              		.cfi_offset 5, -12
 592              		.cfi_offset 6, -8
 593              		.cfi_offset 14, -4
 594 0002 0446     		mov	r4, r0
1010:Drivers/STM32F1xx_HAL_Driver/Src/stm32f1xx_hal_can.c ****   uint32_t tickstart;
 595              		.loc 1 1010 3 is_stmt 1 view .LVU188
1011:Drivers/STM32F1xx_HAL_Driver/Src/stm32f1xx_hal_can.c **** 
1012:Drivers/STM32F1xx_HAL_Driver/Src/stm32f1xx_hal_can.c ****   if (hcan->State == HAL_CAN_STATE_READY)
 596              		.loc 1 1012 3 view .LVU189
 597              		.loc 1 1012 11 is_stmt 0 view .LVU190
 598 0004 90F82050 		ldrb	r5, [r0, #32]	@ zero_extendqisi2
 599 0008 EDB2     		uxtb	r5, r5
 600              		.loc 1 1012 6 view .LVU191
 601 000a 012D     		cmp	r5, #1
ARM GAS  /tmp/cc1LZDaw.s 			page 32


 602 000c 06D0     		beq	.L59
1013:Drivers/STM32F1xx_HAL_Driver/Src/stm32f1xx_hal_can.c ****   {
1014:Drivers/STM32F1xx_HAL_Driver/Src/stm32f1xx_hal_can.c ****     /* Change CAN peripheral state */
1015:Drivers/STM32F1xx_HAL_Driver/Src/stm32f1xx_hal_can.c ****     hcan->State = HAL_CAN_STATE_LISTENING;
1016:Drivers/STM32F1xx_HAL_Driver/Src/stm32f1xx_hal_can.c **** 
1017:Drivers/STM32F1xx_HAL_Driver/Src/stm32f1xx_hal_can.c ****     /* Request leave initialisation */
1018:Drivers/STM32F1xx_HAL_Driver/Src/stm32f1xx_hal_can.c ****     CLEAR_BIT(hcan->Instance->MCR, CAN_MCR_INRQ);
1019:Drivers/STM32F1xx_HAL_Driver/Src/stm32f1xx_hal_can.c **** 
1020:Drivers/STM32F1xx_HAL_Driver/Src/stm32f1xx_hal_can.c ****     /* Get tick */
1021:Drivers/STM32F1xx_HAL_Driver/Src/stm32f1xx_hal_can.c ****     tickstart = HAL_GetTick();
1022:Drivers/STM32F1xx_HAL_Driver/Src/stm32f1xx_hal_can.c **** 
1023:Drivers/STM32F1xx_HAL_Driver/Src/stm32f1xx_hal_can.c ****     /* Wait the acknowledge */
1024:Drivers/STM32F1xx_HAL_Driver/Src/stm32f1xx_hal_can.c ****     while ((hcan->Instance->MSR & CAN_MSR_INAK) != 0U)
1025:Drivers/STM32F1xx_HAL_Driver/Src/stm32f1xx_hal_can.c ****     {
1026:Drivers/STM32F1xx_HAL_Driver/Src/stm32f1xx_hal_can.c ****       /* Check for the Timeout */
1027:Drivers/STM32F1xx_HAL_Driver/Src/stm32f1xx_hal_can.c ****       if ((HAL_GetTick() - tickstart) > CAN_TIMEOUT_VALUE)
1028:Drivers/STM32F1xx_HAL_Driver/Src/stm32f1xx_hal_can.c ****       {
1029:Drivers/STM32F1xx_HAL_Driver/Src/stm32f1xx_hal_can.c ****         /* Update error code */
1030:Drivers/STM32F1xx_HAL_Driver/Src/stm32f1xx_hal_can.c ****         hcan->ErrorCode |= HAL_CAN_ERROR_TIMEOUT;
1031:Drivers/STM32F1xx_HAL_Driver/Src/stm32f1xx_hal_can.c **** 
1032:Drivers/STM32F1xx_HAL_Driver/Src/stm32f1xx_hal_can.c ****         /* Change CAN state */
1033:Drivers/STM32F1xx_HAL_Driver/Src/stm32f1xx_hal_can.c ****         hcan->State = HAL_CAN_STATE_ERROR;
1034:Drivers/STM32F1xx_HAL_Driver/Src/stm32f1xx_hal_can.c **** 
1035:Drivers/STM32F1xx_HAL_Driver/Src/stm32f1xx_hal_can.c ****         return HAL_ERROR;
1036:Drivers/STM32F1xx_HAL_Driver/Src/stm32f1xx_hal_can.c ****       }
1037:Drivers/STM32F1xx_HAL_Driver/Src/stm32f1xx_hal_can.c ****     }
1038:Drivers/STM32F1xx_HAL_Driver/Src/stm32f1xx_hal_can.c **** 
1039:Drivers/STM32F1xx_HAL_Driver/Src/stm32f1xx_hal_can.c ****     /* Reset the CAN ErrorCode */
1040:Drivers/STM32F1xx_HAL_Driver/Src/stm32f1xx_hal_can.c ****     hcan->ErrorCode = HAL_CAN_ERROR_NONE;
1041:Drivers/STM32F1xx_HAL_Driver/Src/stm32f1xx_hal_can.c **** 
1042:Drivers/STM32F1xx_HAL_Driver/Src/stm32f1xx_hal_can.c ****     /* Return function status */
1043:Drivers/STM32F1xx_HAL_Driver/Src/stm32f1xx_hal_can.c ****     return HAL_OK;
1044:Drivers/STM32F1xx_HAL_Driver/Src/stm32f1xx_hal_can.c ****   }
1045:Drivers/STM32F1xx_HAL_Driver/Src/stm32f1xx_hal_can.c ****   else
1046:Drivers/STM32F1xx_HAL_Driver/Src/stm32f1xx_hal_can.c ****   {
1047:Drivers/STM32F1xx_HAL_Driver/Src/stm32f1xx_hal_can.c ****     /* Update error code */
1048:Drivers/STM32F1xx_HAL_Driver/Src/stm32f1xx_hal_can.c ****     hcan->ErrorCode |= HAL_CAN_ERROR_NOT_READY;
 603              		.loc 1 1048 5 is_stmt 1 view .LVU192
 604              		.loc 1 1048 9 is_stmt 0 view .LVU193
 605 000e 436A     		ldr	r3, [r0, #36]
 606              		.loc 1 1048 21 view .LVU194
 607 0010 43F40023 		orr	r3, r3, #524288
 608 0014 4362     		str	r3, [r0, #36]
1049:Drivers/STM32F1xx_HAL_Driver/Src/stm32f1xx_hal_can.c **** 
1050:Drivers/STM32F1xx_HAL_Driver/Src/stm32f1xx_hal_can.c ****     return HAL_ERROR;
 609              		.loc 1 1050 5 is_stmt 1 view .LVU195
 610              		.loc 1 1050 12 is_stmt 0 view .LVU196
 611 0016 0125     		movs	r5, #1
 612              	.LVL30:
 613              	.L56:
1051:Drivers/STM32F1xx_HAL_Driver/Src/stm32f1xx_hal_can.c ****   }
1052:Drivers/STM32F1xx_HAL_Driver/Src/stm32f1xx_hal_can.c **** }
 614              		.loc 1 1052 1 view .LVU197
 615 0018 2846     		mov	r0, r5
 616 001a 70BD     		pop	{r4, r5, r6, pc}
 617              	.LVL31:
 618              	.L59:
ARM GAS  /tmp/cc1LZDaw.s 			page 33


1015:Drivers/STM32F1xx_HAL_Driver/Src/stm32f1xx_hal_can.c **** 
 619              		.loc 1 1015 5 is_stmt 1 view .LVU198
1015:Drivers/STM32F1xx_HAL_Driver/Src/stm32f1xx_hal_can.c **** 
 620              		.loc 1 1015 17 is_stmt 0 view .LVU199
 621 001c 0223     		movs	r3, #2
 622 001e 80F82030 		strb	r3, [r0, #32]
1018:Drivers/STM32F1xx_HAL_Driver/Src/stm32f1xx_hal_can.c **** 
 623              		.loc 1 1018 5 is_stmt 1 view .LVU200
 624 0022 0268     		ldr	r2, [r0]
 625 0024 1368     		ldr	r3, [r2]
 626 0026 23F00103 		bic	r3, r3, #1
 627 002a 1360     		str	r3, [r2]
1021:Drivers/STM32F1xx_HAL_Driver/Src/stm32f1xx_hal_can.c **** 
 628              		.loc 1 1021 5 view .LVU201
1021:Drivers/STM32F1xx_HAL_Driver/Src/stm32f1xx_hal_can.c **** 
 629              		.loc 1 1021 17 is_stmt 0 view .LVU202
 630 002c FFF7FEFF 		bl	HAL_GetTick
 631              	.LVL32:
1021:Drivers/STM32F1xx_HAL_Driver/Src/stm32f1xx_hal_can.c **** 
 632              		.loc 1 1021 17 view .LVU203
 633 0030 0646     		mov	r6, r0
 634              	.LVL33:
1024:Drivers/STM32F1xx_HAL_Driver/Src/stm32f1xx_hal_can.c ****     {
 635              		.loc 1 1024 5 is_stmt 1 view .LVU204
 636              	.L55:
1024:Drivers/STM32F1xx_HAL_Driver/Src/stm32f1xx_hal_can.c ****     {
 637              		.loc 1 1024 49 view .LVU205
1024:Drivers/STM32F1xx_HAL_Driver/Src/stm32f1xx_hal_can.c ****     {
 638              		.loc 1 1024 17 is_stmt 0 view .LVU206
 639 0032 2368     		ldr	r3, [r4]
1024:Drivers/STM32F1xx_HAL_Driver/Src/stm32f1xx_hal_can.c ****     {
 640              		.loc 1 1024 27 view .LVU207
 641 0034 5B68     		ldr	r3, [r3, #4]
1024:Drivers/STM32F1xx_HAL_Driver/Src/stm32f1xx_hal_can.c ****     {
 642              		.loc 1 1024 49 view .LVU208
 643 0036 13F0010F 		tst	r3, #1
 644 003a 0CD0     		beq	.L60
1027:Drivers/STM32F1xx_HAL_Driver/Src/stm32f1xx_hal_can.c ****       {
 645              		.loc 1 1027 7 is_stmt 1 view .LVU209
1027:Drivers/STM32F1xx_HAL_Driver/Src/stm32f1xx_hal_can.c ****       {
 646              		.loc 1 1027 12 is_stmt 0 view .LVU210
 647 003c FFF7FEFF 		bl	HAL_GetTick
 648              	.LVL34:
1027:Drivers/STM32F1xx_HAL_Driver/Src/stm32f1xx_hal_can.c ****       {
 649              		.loc 1 1027 26 discriminator 1 view .LVU211
 650 0040 831B     		subs	r3, r0, r6
1027:Drivers/STM32F1xx_HAL_Driver/Src/stm32f1xx_hal_can.c ****       {
 651              		.loc 1 1027 10 discriminator 1 view .LVU212
 652 0042 0A2B     		cmp	r3, #10
 653 0044 F5D9     		bls	.L55
1030:Drivers/STM32F1xx_HAL_Driver/Src/stm32f1xx_hal_can.c **** 
 654              		.loc 1 1030 9 is_stmt 1 view .LVU213
1030:Drivers/STM32F1xx_HAL_Driver/Src/stm32f1xx_hal_can.c **** 
 655              		.loc 1 1030 13 is_stmt 0 view .LVU214
 656 0046 636A     		ldr	r3, [r4, #36]
1030:Drivers/STM32F1xx_HAL_Driver/Src/stm32f1xx_hal_can.c **** 
 657              		.loc 1 1030 25 view .LVU215
ARM GAS  /tmp/cc1LZDaw.s 			page 34


 658 0048 43F40033 		orr	r3, r3, #131072
 659 004c 6362     		str	r3, [r4, #36]
1033:Drivers/STM32F1xx_HAL_Driver/Src/stm32f1xx_hal_can.c **** 
 660              		.loc 1 1033 9 is_stmt 1 view .LVU216
1033:Drivers/STM32F1xx_HAL_Driver/Src/stm32f1xx_hal_can.c **** 
 661              		.loc 1 1033 21 is_stmt 0 view .LVU217
 662 004e 0523     		movs	r3, #5
 663 0050 84F82030 		strb	r3, [r4, #32]
1035:Drivers/STM32F1xx_HAL_Driver/Src/stm32f1xx_hal_can.c ****       }
 664              		.loc 1 1035 9 is_stmt 1 view .LVU218
1035:Drivers/STM32F1xx_HAL_Driver/Src/stm32f1xx_hal_can.c ****       }
 665              		.loc 1 1035 16 is_stmt 0 view .LVU219
 666 0054 E0E7     		b	.L56
 667              	.L60:
1040:Drivers/STM32F1xx_HAL_Driver/Src/stm32f1xx_hal_can.c **** 
 668              		.loc 1 1040 5 is_stmt 1 view .LVU220
1040:Drivers/STM32F1xx_HAL_Driver/Src/stm32f1xx_hal_can.c **** 
 669              		.loc 1 1040 21 is_stmt 0 view .LVU221
 670 0056 0025     		movs	r5, #0
 671 0058 6562     		str	r5, [r4, #36]
1043:Drivers/STM32F1xx_HAL_Driver/Src/stm32f1xx_hal_can.c ****   }
 672              		.loc 1 1043 5 is_stmt 1 view .LVU222
1043:Drivers/STM32F1xx_HAL_Driver/Src/stm32f1xx_hal_can.c ****   }
 673              		.loc 1 1043 12 is_stmt 0 view .LVU223
 674 005a DDE7     		b	.L56
 675              		.cfi_endproc
 676              	.LFE70:
 678              		.section	.text.HAL_CAN_Stop,"ax",%progbits
 679              		.align	1
 680              		.global	HAL_CAN_Stop
 681              		.syntax unified
 682              		.thumb
 683              		.thumb_func
 685              	HAL_CAN_Stop:
 686              	.LVL35:
 687              	.LFB71:
1053:Drivers/STM32F1xx_HAL_Driver/Src/stm32f1xx_hal_can.c **** 
1054:Drivers/STM32F1xx_HAL_Driver/Src/stm32f1xx_hal_can.c **** /**
1055:Drivers/STM32F1xx_HAL_Driver/Src/stm32f1xx_hal_can.c ****   * @brief  Stop the CAN module and enable access to configuration registers.
1056:Drivers/STM32F1xx_HAL_Driver/Src/stm32f1xx_hal_can.c ****   * @param  hcan pointer to an CAN_HandleTypeDef structure that contains
1057:Drivers/STM32F1xx_HAL_Driver/Src/stm32f1xx_hal_can.c ****   *         the configuration information for the specified CAN.
1058:Drivers/STM32F1xx_HAL_Driver/Src/stm32f1xx_hal_can.c ****   * @retval HAL status
1059:Drivers/STM32F1xx_HAL_Driver/Src/stm32f1xx_hal_can.c ****   */
1060:Drivers/STM32F1xx_HAL_Driver/Src/stm32f1xx_hal_can.c **** HAL_StatusTypeDef HAL_CAN_Stop(CAN_HandleTypeDef *hcan)
1061:Drivers/STM32F1xx_HAL_Driver/Src/stm32f1xx_hal_can.c **** {
 688              		.loc 1 1061 1 is_stmt 1 view -0
 689              		.cfi_startproc
 690              		@ args = 0, pretend = 0, frame = 0
 691              		@ frame_needed = 0, uses_anonymous_args = 0
 692              		.loc 1 1061 1 is_stmt 0 view .LVU225
 693 0000 38B5     		push	{r3, r4, r5, lr}
 694              	.LCFI4:
 695              		.cfi_def_cfa_offset 16
 696              		.cfi_offset 3, -16
 697              		.cfi_offset 4, -12
 698              		.cfi_offset 5, -8
 699              		.cfi_offset 14, -4
ARM GAS  /tmp/cc1LZDaw.s 			page 35


 700 0002 0446     		mov	r4, r0
1062:Drivers/STM32F1xx_HAL_Driver/Src/stm32f1xx_hal_can.c ****   uint32_t tickstart;
 701              		.loc 1 1062 3 is_stmt 1 view .LVU226
1063:Drivers/STM32F1xx_HAL_Driver/Src/stm32f1xx_hal_can.c **** 
1064:Drivers/STM32F1xx_HAL_Driver/Src/stm32f1xx_hal_can.c ****   if (hcan->State == HAL_CAN_STATE_LISTENING)
 702              		.loc 1 1064 3 view .LVU227
 703              		.loc 1 1064 11 is_stmt 0 view .LVU228
 704 0004 90F82030 		ldrb	r3, [r0, #32]	@ zero_extendqisi2
 705 0008 DBB2     		uxtb	r3, r3
 706              		.loc 1 1064 6 view .LVU229
 707 000a 022B     		cmp	r3, #2
 708 000c 05D0     		beq	.L67
1065:Drivers/STM32F1xx_HAL_Driver/Src/stm32f1xx_hal_can.c ****   {
1066:Drivers/STM32F1xx_HAL_Driver/Src/stm32f1xx_hal_can.c ****     /* Request initialisation */
1067:Drivers/STM32F1xx_HAL_Driver/Src/stm32f1xx_hal_can.c ****     SET_BIT(hcan->Instance->MCR, CAN_MCR_INRQ);
1068:Drivers/STM32F1xx_HAL_Driver/Src/stm32f1xx_hal_can.c **** 
1069:Drivers/STM32F1xx_HAL_Driver/Src/stm32f1xx_hal_can.c ****     /* Get tick */
1070:Drivers/STM32F1xx_HAL_Driver/Src/stm32f1xx_hal_can.c ****     tickstart = HAL_GetTick();
1071:Drivers/STM32F1xx_HAL_Driver/Src/stm32f1xx_hal_can.c **** 
1072:Drivers/STM32F1xx_HAL_Driver/Src/stm32f1xx_hal_can.c ****     /* Wait the acknowledge */
1073:Drivers/STM32F1xx_HAL_Driver/Src/stm32f1xx_hal_can.c ****     while ((hcan->Instance->MSR & CAN_MSR_INAK) == 0U)
1074:Drivers/STM32F1xx_HAL_Driver/Src/stm32f1xx_hal_can.c ****     {
1075:Drivers/STM32F1xx_HAL_Driver/Src/stm32f1xx_hal_can.c ****       /* Check for the Timeout */
1076:Drivers/STM32F1xx_HAL_Driver/Src/stm32f1xx_hal_can.c ****       if ((HAL_GetTick() - tickstart) > CAN_TIMEOUT_VALUE)
1077:Drivers/STM32F1xx_HAL_Driver/Src/stm32f1xx_hal_can.c ****       {
1078:Drivers/STM32F1xx_HAL_Driver/Src/stm32f1xx_hal_can.c ****         /* Update error code */
1079:Drivers/STM32F1xx_HAL_Driver/Src/stm32f1xx_hal_can.c ****         hcan->ErrorCode |= HAL_CAN_ERROR_TIMEOUT;
1080:Drivers/STM32F1xx_HAL_Driver/Src/stm32f1xx_hal_can.c **** 
1081:Drivers/STM32F1xx_HAL_Driver/Src/stm32f1xx_hal_can.c ****         /* Change CAN state */
1082:Drivers/STM32F1xx_HAL_Driver/Src/stm32f1xx_hal_can.c ****         hcan->State = HAL_CAN_STATE_ERROR;
1083:Drivers/STM32F1xx_HAL_Driver/Src/stm32f1xx_hal_can.c **** 
1084:Drivers/STM32F1xx_HAL_Driver/Src/stm32f1xx_hal_can.c ****         return HAL_ERROR;
1085:Drivers/STM32F1xx_HAL_Driver/Src/stm32f1xx_hal_can.c ****       }
1086:Drivers/STM32F1xx_HAL_Driver/Src/stm32f1xx_hal_can.c ****     }
1087:Drivers/STM32F1xx_HAL_Driver/Src/stm32f1xx_hal_can.c **** 
1088:Drivers/STM32F1xx_HAL_Driver/Src/stm32f1xx_hal_can.c ****     /* Exit from sleep mode */
1089:Drivers/STM32F1xx_HAL_Driver/Src/stm32f1xx_hal_can.c ****     CLEAR_BIT(hcan->Instance->MCR, CAN_MCR_SLEEP);
1090:Drivers/STM32F1xx_HAL_Driver/Src/stm32f1xx_hal_can.c **** 
1091:Drivers/STM32F1xx_HAL_Driver/Src/stm32f1xx_hal_can.c ****     /* Change CAN peripheral state */
1092:Drivers/STM32F1xx_HAL_Driver/Src/stm32f1xx_hal_can.c ****     hcan->State = HAL_CAN_STATE_READY;
1093:Drivers/STM32F1xx_HAL_Driver/Src/stm32f1xx_hal_can.c **** 
1094:Drivers/STM32F1xx_HAL_Driver/Src/stm32f1xx_hal_can.c ****     /* Return function status */
1095:Drivers/STM32F1xx_HAL_Driver/Src/stm32f1xx_hal_can.c ****     return HAL_OK;
1096:Drivers/STM32F1xx_HAL_Driver/Src/stm32f1xx_hal_can.c ****   }
1097:Drivers/STM32F1xx_HAL_Driver/Src/stm32f1xx_hal_can.c ****   else
1098:Drivers/STM32F1xx_HAL_Driver/Src/stm32f1xx_hal_can.c ****   {
1099:Drivers/STM32F1xx_HAL_Driver/Src/stm32f1xx_hal_can.c ****     /* Update error code */
1100:Drivers/STM32F1xx_HAL_Driver/Src/stm32f1xx_hal_can.c ****     hcan->ErrorCode |= HAL_CAN_ERROR_NOT_STARTED;
 709              		.loc 1 1100 5 is_stmt 1 view .LVU230
 710              		.loc 1 1100 9 is_stmt 0 view .LVU231
 711 000e 436A     		ldr	r3, [r0, #36]
 712              		.loc 1 1100 21 view .LVU232
 713 0010 43F48013 		orr	r3, r3, #1048576
 714 0014 4362     		str	r3, [r0, #36]
1101:Drivers/STM32F1xx_HAL_Driver/Src/stm32f1xx_hal_can.c **** 
1102:Drivers/STM32F1xx_HAL_Driver/Src/stm32f1xx_hal_can.c ****     return HAL_ERROR;
 715              		.loc 1 1102 5 is_stmt 1 view .LVU233
ARM GAS  /tmp/cc1LZDaw.s 			page 36


 716              		.loc 1 1102 12 is_stmt 0 view .LVU234
 717 0016 0120     		movs	r0, #1
 718              	.LVL36:
 719              	.L64:
1103:Drivers/STM32F1xx_HAL_Driver/Src/stm32f1xx_hal_can.c ****   }
1104:Drivers/STM32F1xx_HAL_Driver/Src/stm32f1xx_hal_can.c **** }
 720              		.loc 1 1104 1 view .LVU235
 721 0018 38BD     		pop	{r3, r4, r5, pc}
 722              	.LVL37:
 723              	.L67:
1067:Drivers/STM32F1xx_HAL_Driver/Src/stm32f1xx_hal_can.c **** 
 724              		.loc 1 1067 5 is_stmt 1 view .LVU236
 725 001a 0268     		ldr	r2, [r0]
 726 001c 1368     		ldr	r3, [r2]
 727 001e 43F00103 		orr	r3, r3, #1
 728 0022 1360     		str	r3, [r2]
1070:Drivers/STM32F1xx_HAL_Driver/Src/stm32f1xx_hal_can.c **** 
 729              		.loc 1 1070 5 view .LVU237
1070:Drivers/STM32F1xx_HAL_Driver/Src/stm32f1xx_hal_can.c **** 
 730              		.loc 1 1070 17 is_stmt 0 view .LVU238
 731 0024 FFF7FEFF 		bl	HAL_GetTick
 732              	.LVL38:
1070:Drivers/STM32F1xx_HAL_Driver/Src/stm32f1xx_hal_can.c **** 
 733              		.loc 1 1070 17 view .LVU239
 734 0028 0546     		mov	r5, r0
 735              	.LVL39:
1073:Drivers/STM32F1xx_HAL_Driver/Src/stm32f1xx_hal_can.c ****     {
 736              		.loc 1 1073 5 is_stmt 1 view .LVU240
 737              	.L63:
1073:Drivers/STM32F1xx_HAL_Driver/Src/stm32f1xx_hal_can.c ****     {
 738              		.loc 1 1073 49 view .LVU241
1073:Drivers/STM32F1xx_HAL_Driver/Src/stm32f1xx_hal_can.c ****     {
 739              		.loc 1 1073 17 is_stmt 0 view .LVU242
 740 002a 2368     		ldr	r3, [r4]
1073:Drivers/STM32F1xx_HAL_Driver/Src/stm32f1xx_hal_can.c ****     {
 741              		.loc 1 1073 27 view .LVU243
 742 002c 5A68     		ldr	r2, [r3, #4]
1073:Drivers/STM32F1xx_HAL_Driver/Src/stm32f1xx_hal_can.c ****     {
 743              		.loc 1 1073 49 view .LVU244
 744 002e 12F0010F 		tst	r2, #1
 745 0032 0DD1     		bne	.L68
1076:Drivers/STM32F1xx_HAL_Driver/Src/stm32f1xx_hal_can.c ****       {
 746              		.loc 1 1076 7 is_stmt 1 view .LVU245
1076:Drivers/STM32F1xx_HAL_Driver/Src/stm32f1xx_hal_can.c ****       {
 747              		.loc 1 1076 12 is_stmt 0 view .LVU246
 748 0034 FFF7FEFF 		bl	HAL_GetTick
 749              	.LVL40:
1076:Drivers/STM32F1xx_HAL_Driver/Src/stm32f1xx_hal_can.c ****       {
 750              		.loc 1 1076 26 discriminator 1 view .LVU247
 751 0038 431B     		subs	r3, r0, r5
1076:Drivers/STM32F1xx_HAL_Driver/Src/stm32f1xx_hal_can.c ****       {
 752              		.loc 1 1076 10 discriminator 1 view .LVU248
 753 003a 0A2B     		cmp	r3, #10
 754 003c F5D9     		bls	.L63
1079:Drivers/STM32F1xx_HAL_Driver/Src/stm32f1xx_hal_can.c **** 
 755              		.loc 1 1079 9 is_stmt 1 view .LVU249
1079:Drivers/STM32F1xx_HAL_Driver/Src/stm32f1xx_hal_can.c **** 
ARM GAS  /tmp/cc1LZDaw.s 			page 37


 756              		.loc 1 1079 13 is_stmt 0 view .LVU250
 757 003e 636A     		ldr	r3, [r4, #36]
1079:Drivers/STM32F1xx_HAL_Driver/Src/stm32f1xx_hal_can.c **** 
 758              		.loc 1 1079 25 view .LVU251
 759 0040 43F40033 		orr	r3, r3, #131072
 760 0044 6362     		str	r3, [r4, #36]
1082:Drivers/STM32F1xx_HAL_Driver/Src/stm32f1xx_hal_can.c **** 
 761              		.loc 1 1082 9 is_stmt 1 view .LVU252
1082:Drivers/STM32F1xx_HAL_Driver/Src/stm32f1xx_hal_can.c **** 
 762              		.loc 1 1082 21 is_stmt 0 view .LVU253
 763 0046 0523     		movs	r3, #5
 764 0048 84F82030 		strb	r3, [r4, #32]
1084:Drivers/STM32F1xx_HAL_Driver/Src/stm32f1xx_hal_can.c ****       }
 765              		.loc 1 1084 9 is_stmt 1 view .LVU254
1084:Drivers/STM32F1xx_HAL_Driver/Src/stm32f1xx_hal_can.c ****       }
 766              		.loc 1 1084 16 is_stmt 0 view .LVU255
 767 004c 0120     		movs	r0, #1
 768 004e E3E7     		b	.L64
 769              	.L68:
1089:Drivers/STM32F1xx_HAL_Driver/Src/stm32f1xx_hal_can.c **** 
 770              		.loc 1 1089 5 is_stmt 1 view .LVU256
 771 0050 1A68     		ldr	r2, [r3]
 772 0052 22F00202 		bic	r2, r2, #2
 773 0056 1A60     		str	r2, [r3]
1092:Drivers/STM32F1xx_HAL_Driver/Src/stm32f1xx_hal_can.c **** 
 774              		.loc 1 1092 5 view .LVU257
1092:Drivers/STM32F1xx_HAL_Driver/Src/stm32f1xx_hal_can.c **** 
 775              		.loc 1 1092 17 is_stmt 0 view .LVU258
 776 0058 0123     		movs	r3, #1
 777 005a 84F82030 		strb	r3, [r4, #32]
1095:Drivers/STM32F1xx_HAL_Driver/Src/stm32f1xx_hal_can.c ****   }
 778              		.loc 1 1095 5 is_stmt 1 view .LVU259
1095:Drivers/STM32F1xx_HAL_Driver/Src/stm32f1xx_hal_can.c ****   }
 779              		.loc 1 1095 12 is_stmt 0 view .LVU260
 780 005e 0020     		movs	r0, #0
 781 0060 DAE7     		b	.L64
 782              		.cfi_endproc
 783              	.LFE71:
 785              		.section	.text.HAL_CAN_DeInit,"ax",%progbits
 786              		.align	1
 787              		.global	HAL_CAN_DeInit
 788              		.syntax unified
 789              		.thumb
 790              		.thumb_func
 792              	HAL_CAN_DeInit:
 793              	.LVL41:
 794              	.LFB66:
 463:Drivers/STM32F1xx_HAL_Driver/Src/stm32f1xx_hal_can.c ****   /* Check CAN handle */
 795              		.loc 1 463 1 is_stmt 1 view -0
 796              		.cfi_startproc
 797              		@ args = 0, pretend = 0, frame = 0
 798              		@ frame_needed = 0, uses_anonymous_args = 0
 465:Drivers/STM32F1xx_HAL_Driver/Src/stm32f1xx_hal_can.c ****   {
 799              		.loc 1 465 3 view .LVU262
 465:Drivers/STM32F1xx_HAL_Driver/Src/stm32f1xx_hal_can.c ****   {
 800              		.loc 1 465 6 is_stmt 0 view .LVU263
 801 0000 80B1     		cbz	r0, .L71
ARM GAS  /tmp/cc1LZDaw.s 			page 38


 463:Drivers/STM32F1xx_HAL_Driver/Src/stm32f1xx_hal_can.c ****   /* Check CAN handle */
 802              		.loc 1 463 1 view .LVU264
 803 0002 10B5     		push	{r4, lr}
 804              	.LCFI5:
 805              		.cfi_def_cfa_offset 8
 806              		.cfi_offset 4, -8
 807              		.cfi_offset 14, -4
 808 0004 0446     		mov	r4, r0
 471:Drivers/STM32F1xx_HAL_Driver/Src/stm32f1xx_hal_can.c **** 
 809              		.loc 1 471 3 is_stmt 1 view .LVU265
 474:Drivers/STM32F1xx_HAL_Driver/Src/stm32f1xx_hal_can.c **** 
 810              		.loc 1 474 3 view .LVU266
 474:Drivers/STM32F1xx_HAL_Driver/Src/stm32f1xx_hal_can.c **** 
 811              		.loc 1 474 9 is_stmt 0 view .LVU267
 812 0006 FFF7FEFF 		bl	HAL_CAN_Stop
 813              	.LVL42:
 487:Drivers/STM32F1xx_HAL_Driver/Src/stm32f1xx_hal_can.c **** #endif /* USE_HAL_CAN_REGISTER_CALLBACKS */
 814              		.loc 1 487 3 is_stmt 1 view .LVU268
 815 000a 2046     		mov	r0, r4
 816 000c FFF7FEFF 		bl	HAL_CAN_MspDeInit
 817              	.LVL43:
 491:Drivers/STM32F1xx_HAL_Driver/Src/stm32f1xx_hal_can.c **** 
 818              		.loc 1 491 3 view .LVU269
 819 0010 2268     		ldr	r2, [r4]
 820 0012 1368     		ldr	r3, [r2]
 821 0014 43F40043 		orr	r3, r3, #32768
 822 0018 1360     		str	r3, [r2]
 494:Drivers/STM32F1xx_HAL_Driver/Src/stm32f1xx_hal_can.c **** 
 823              		.loc 1 494 3 view .LVU270
 494:Drivers/STM32F1xx_HAL_Driver/Src/stm32f1xx_hal_can.c **** 
 824              		.loc 1 494 19 is_stmt 0 view .LVU271
 825 001a 0020     		movs	r0, #0
 826 001c 6062     		str	r0, [r4, #36]
 497:Drivers/STM32F1xx_HAL_Driver/Src/stm32f1xx_hal_can.c **** 
 827              		.loc 1 497 3 is_stmt 1 view .LVU272
 497:Drivers/STM32F1xx_HAL_Driver/Src/stm32f1xx_hal_can.c **** 
 828              		.loc 1 497 15 is_stmt 0 view .LVU273
 829 001e 84F82000 		strb	r0, [r4, #32]
 500:Drivers/STM32F1xx_HAL_Driver/Src/stm32f1xx_hal_can.c **** }
 830              		.loc 1 500 3 is_stmt 1 view .LVU274
 501:Drivers/STM32F1xx_HAL_Driver/Src/stm32f1xx_hal_can.c **** 
 831              		.loc 1 501 1 is_stmt 0 view .LVU275
 832 0022 10BD     		pop	{r4, pc}
 833              	.LVL44:
 834              	.L71:
 835              	.LCFI6:
 836              		.cfi_def_cfa_offset 0
 837              		.cfi_restore 4
 838              		.cfi_restore 14
 467:Drivers/STM32F1xx_HAL_Driver/Src/stm32f1xx_hal_can.c ****   }
 839              		.loc 1 467 12 view .LVU276
 840 0024 0120     		movs	r0, #1
 841              	.LVL45:
 501:Drivers/STM32F1xx_HAL_Driver/Src/stm32f1xx_hal_can.c **** 
 842              		.loc 1 501 1 view .LVU277
 843 0026 7047     		bx	lr
 844              		.cfi_endproc
ARM GAS  /tmp/cc1LZDaw.s 			page 39


 845              	.LFE66:
 847              		.section	.text.HAL_CAN_RequestSleep,"ax",%progbits
 848              		.align	1
 849              		.global	HAL_CAN_RequestSleep
 850              		.syntax unified
 851              		.thumb
 852              		.thumb_func
 854              	HAL_CAN_RequestSleep:
 855              	.LVL46:
 856              	.LFB72:
1105:Drivers/STM32F1xx_HAL_Driver/Src/stm32f1xx_hal_can.c **** 
1106:Drivers/STM32F1xx_HAL_Driver/Src/stm32f1xx_hal_can.c **** /**
1107:Drivers/STM32F1xx_HAL_Driver/Src/stm32f1xx_hal_can.c ****   * @brief  Request the sleep mode (low power) entry.
1108:Drivers/STM32F1xx_HAL_Driver/Src/stm32f1xx_hal_can.c ****   *         When returning from this function, Sleep mode will be entered
1109:Drivers/STM32F1xx_HAL_Driver/Src/stm32f1xx_hal_can.c ****   *         as soon as the current CAN activity (transmission or reception
1110:Drivers/STM32F1xx_HAL_Driver/Src/stm32f1xx_hal_can.c ****   *         of a CAN frame) has been completed.
1111:Drivers/STM32F1xx_HAL_Driver/Src/stm32f1xx_hal_can.c ****   * @param  hcan pointer to a CAN_HandleTypeDef structure that contains
1112:Drivers/STM32F1xx_HAL_Driver/Src/stm32f1xx_hal_can.c ****   *         the configuration information for the specified CAN.
1113:Drivers/STM32F1xx_HAL_Driver/Src/stm32f1xx_hal_can.c ****   * @retval HAL status.
1114:Drivers/STM32F1xx_HAL_Driver/Src/stm32f1xx_hal_can.c ****   */
1115:Drivers/STM32F1xx_HAL_Driver/Src/stm32f1xx_hal_can.c **** HAL_StatusTypeDef HAL_CAN_RequestSleep(CAN_HandleTypeDef *hcan)
1116:Drivers/STM32F1xx_HAL_Driver/Src/stm32f1xx_hal_can.c **** {
 857              		.loc 1 1116 1 is_stmt 1 view -0
 858              		.cfi_startproc
 859              		@ args = 0, pretend = 0, frame = 0
 860              		@ frame_needed = 0, uses_anonymous_args = 0
 861              		@ link register save eliminated.
1117:Drivers/STM32F1xx_HAL_Driver/Src/stm32f1xx_hal_can.c ****   HAL_CAN_StateTypeDef state = hcan->State;
 862              		.loc 1 1117 3 view .LVU279
 863              		.loc 1 1117 24 is_stmt 0 view .LVU280
 864 0000 90F82030 		ldrb	r3, [r0, #32]	@ zero_extendqisi2
 865              	.LVL47:
1118:Drivers/STM32F1xx_HAL_Driver/Src/stm32f1xx_hal_can.c **** 
1119:Drivers/STM32F1xx_HAL_Driver/Src/stm32f1xx_hal_can.c ****   if ((state == HAL_CAN_STATE_READY) ||
 866              		.loc 1 1119 3 is_stmt 1 view .LVU281
 867              		.loc 1 1119 38 is_stmt 0 view .LVU282
 868 0004 013B     		subs	r3, r3, #1
 869              	.LVL48:
 870              		.loc 1 1119 38 view .LVU283
 871 0006 DBB2     		uxtb	r3, r3
 872              	.LVL49:
 873              		.loc 1 1119 6 view .LVU284
 874 0008 012B     		cmp	r3, #1
 875 000a 05D9     		bls	.L79
1120:Drivers/STM32F1xx_HAL_Driver/Src/stm32f1xx_hal_can.c ****       (state == HAL_CAN_STATE_LISTENING))
1121:Drivers/STM32F1xx_HAL_Driver/Src/stm32f1xx_hal_can.c ****   {
1122:Drivers/STM32F1xx_HAL_Driver/Src/stm32f1xx_hal_can.c ****     /* Request Sleep mode */
1123:Drivers/STM32F1xx_HAL_Driver/Src/stm32f1xx_hal_can.c ****     SET_BIT(hcan->Instance->MCR, CAN_MCR_SLEEP);
1124:Drivers/STM32F1xx_HAL_Driver/Src/stm32f1xx_hal_can.c **** 
1125:Drivers/STM32F1xx_HAL_Driver/Src/stm32f1xx_hal_can.c ****     /* Return function status */
1126:Drivers/STM32F1xx_HAL_Driver/Src/stm32f1xx_hal_can.c ****     return HAL_OK;
1127:Drivers/STM32F1xx_HAL_Driver/Src/stm32f1xx_hal_can.c ****   }
1128:Drivers/STM32F1xx_HAL_Driver/Src/stm32f1xx_hal_can.c ****   else
1129:Drivers/STM32F1xx_HAL_Driver/Src/stm32f1xx_hal_can.c ****   {
1130:Drivers/STM32F1xx_HAL_Driver/Src/stm32f1xx_hal_can.c ****     /* Update error code */
1131:Drivers/STM32F1xx_HAL_Driver/Src/stm32f1xx_hal_can.c ****     hcan->ErrorCode |= HAL_CAN_ERROR_NOT_INITIALIZED;
 876              		.loc 1 1131 5 is_stmt 1 view .LVU285
ARM GAS  /tmp/cc1LZDaw.s 			page 40


 877              		.loc 1 1131 9 is_stmt 0 view .LVU286
 878 000c 436A     		ldr	r3, [r0, #36]
 879              		.loc 1 1131 21 view .LVU287
 880 000e 43F48023 		orr	r3, r3, #262144
 881 0012 4362     		str	r3, [r0, #36]
1132:Drivers/STM32F1xx_HAL_Driver/Src/stm32f1xx_hal_can.c **** 
1133:Drivers/STM32F1xx_HAL_Driver/Src/stm32f1xx_hal_can.c ****     /* Return function status */
1134:Drivers/STM32F1xx_HAL_Driver/Src/stm32f1xx_hal_can.c ****     return HAL_ERROR;
 882              		.loc 1 1134 5 is_stmt 1 view .LVU288
 883              		.loc 1 1134 12 is_stmt 0 view .LVU289
 884 0014 0120     		movs	r0, #1
 885              	.LVL50:
1135:Drivers/STM32F1xx_HAL_Driver/Src/stm32f1xx_hal_can.c ****   }
1136:Drivers/STM32F1xx_HAL_Driver/Src/stm32f1xx_hal_can.c **** }
 886              		.loc 1 1136 1 view .LVU290
 887 0016 7047     		bx	lr
 888              	.LVL51:
 889              	.L79:
1123:Drivers/STM32F1xx_HAL_Driver/Src/stm32f1xx_hal_can.c **** 
 890              		.loc 1 1123 5 is_stmt 1 view .LVU291
 891 0018 0268     		ldr	r2, [r0]
 892 001a 1368     		ldr	r3, [r2]
 893 001c 43F00203 		orr	r3, r3, #2
 894 0020 1360     		str	r3, [r2]
1126:Drivers/STM32F1xx_HAL_Driver/Src/stm32f1xx_hal_can.c ****   }
 895              		.loc 1 1126 5 view .LVU292
1126:Drivers/STM32F1xx_HAL_Driver/Src/stm32f1xx_hal_can.c ****   }
 896              		.loc 1 1126 12 is_stmt 0 view .LVU293
 897 0022 0020     		movs	r0, #0
 898              	.LVL52:
1126:Drivers/STM32F1xx_HAL_Driver/Src/stm32f1xx_hal_can.c ****   }
 899              		.loc 1 1126 12 view .LVU294
 900 0024 7047     		bx	lr
 901              		.cfi_endproc
 902              	.LFE72:
 904              		.section	.text.HAL_CAN_WakeUp,"ax",%progbits
 905              		.align	1
 906              		.global	HAL_CAN_WakeUp
 907              		.syntax unified
 908              		.thumb
 909              		.thumb_func
 911              	HAL_CAN_WakeUp:
 912              	.LVL53:
 913              	.LFB73:
1137:Drivers/STM32F1xx_HAL_Driver/Src/stm32f1xx_hal_can.c **** 
1138:Drivers/STM32F1xx_HAL_Driver/Src/stm32f1xx_hal_can.c **** /**
1139:Drivers/STM32F1xx_HAL_Driver/Src/stm32f1xx_hal_can.c ****   * @brief  Wake up from sleep mode.
1140:Drivers/STM32F1xx_HAL_Driver/Src/stm32f1xx_hal_can.c ****   *         When returning with HAL_OK status from this function, Sleep mode
1141:Drivers/STM32F1xx_HAL_Driver/Src/stm32f1xx_hal_can.c ****   *         is exited.
1142:Drivers/STM32F1xx_HAL_Driver/Src/stm32f1xx_hal_can.c ****   * @param  hcan pointer to a CAN_HandleTypeDef structure that contains
1143:Drivers/STM32F1xx_HAL_Driver/Src/stm32f1xx_hal_can.c ****   *         the configuration information for the specified CAN.
1144:Drivers/STM32F1xx_HAL_Driver/Src/stm32f1xx_hal_can.c ****   * @retval HAL status.
1145:Drivers/STM32F1xx_HAL_Driver/Src/stm32f1xx_hal_can.c ****   */
1146:Drivers/STM32F1xx_HAL_Driver/Src/stm32f1xx_hal_can.c **** HAL_StatusTypeDef HAL_CAN_WakeUp(CAN_HandleTypeDef *hcan)
1147:Drivers/STM32F1xx_HAL_Driver/Src/stm32f1xx_hal_can.c **** {
 914              		.loc 1 1147 1 is_stmt 1 view -0
 915              		.cfi_startproc
ARM GAS  /tmp/cc1LZDaw.s 			page 41


 916              		@ args = 0, pretend = 0, frame = 8
 917              		@ frame_needed = 0, uses_anonymous_args = 0
 918              		@ link register save eliminated.
 919              		.loc 1 1147 1 is_stmt 0 view .LVU296
 920 0000 82B0     		sub	sp, sp, #8
 921              	.LCFI7:
 922              		.cfi_def_cfa_offset 8
1148:Drivers/STM32F1xx_HAL_Driver/Src/stm32f1xx_hal_can.c ****   __IO uint32_t count = 0;
 923              		.loc 1 1148 3 is_stmt 1 view .LVU297
 924              		.loc 1 1148 17 is_stmt 0 view .LVU298
 925 0002 0023     		movs	r3, #0
 926 0004 0193     		str	r3, [sp, #4]
1149:Drivers/STM32F1xx_HAL_Driver/Src/stm32f1xx_hal_can.c ****   HAL_CAN_StateTypeDef state = hcan->State;
 927              		.loc 1 1149 3 is_stmt 1 view .LVU299
 928              		.loc 1 1149 24 is_stmt 0 view .LVU300
 929 0006 90F82030 		ldrb	r3, [r0, #32]	@ zero_extendqisi2
 930              	.LVL54:
1150:Drivers/STM32F1xx_HAL_Driver/Src/stm32f1xx_hal_can.c **** 
1151:Drivers/STM32F1xx_HAL_Driver/Src/stm32f1xx_hal_can.c ****   if ((state == HAL_CAN_STATE_READY) ||
 931              		.loc 1 1151 3 is_stmt 1 view .LVU301
 932              		.loc 1 1151 38 is_stmt 0 view .LVU302
 933 000a 013B     		subs	r3, r3, #1
 934              	.LVL55:
 935              		.loc 1 1151 38 view .LVU303
 936 000c DBB2     		uxtb	r3, r3
 937              	.LVL56:
 938              		.loc 1 1151 6 view .LVU304
 939 000e 012B     		cmp	r3, #1
 940 0010 18D8     		bhi	.L81
1152:Drivers/STM32F1xx_HAL_Driver/Src/stm32f1xx_hal_can.c ****       (state == HAL_CAN_STATE_LISTENING))
1153:Drivers/STM32F1xx_HAL_Driver/Src/stm32f1xx_hal_can.c ****   {
1154:Drivers/STM32F1xx_HAL_Driver/Src/stm32f1xx_hal_can.c ****     /* Wake up request */
1155:Drivers/STM32F1xx_HAL_Driver/Src/stm32f1xx_hal_can.c ****     CLEAR_BIT(hcan->Instance->MCR, CAN_MCR_SLEEP);
 941              		.loc 1 1155 5 is_stmt 1 view .LVU305
 942 0012 0268     		ldr	r2, [r0]
 943 0014 1368     		ldr	r3, [r2]
 944 0016 23F00203 		bic	r3, r3, #2
 945 001a 1360     		str	r3, [r2]
 946              	.L84:
1156:Drivers/STM32F1xx_HAL_Driver/Src/stm32f1xx_hal_can.c **** 
1157:Drivers/STM32F1xx_HAL_Driver/Src/stm32f1xx_hal_can.c ****     /* Wait sleep mode is exited */
1158:Drivers/STM32F1xx_HAL_Driver/Src/stm32f1xx_hal_can.c ****     do
 947              		.loc 1 1158 5 view .LVU306
1159:Drivers/STM32F1xx_HAL_Driver/Src/stm32f1xx_hal_can.c ****     {
1160:Drivers/STM32F1xx_HAL_Driver/Src/stm32f1xx_hal_can.c ****       /* Increment counter */
1161:Drivers/STM32F1xx_HAL_Driver/Src/stm32f1xx_hal_can.c ****       count++;
 948              		.loc 1 1161 7 view .LVU307
 949              		.loc 1 1161 12 is_stmt 0 view .LVU308
 950 001c 019B     		ldr	r3, [sp, #4]
 951 001e 0133     		adds	r3, r3, #1
 952 0020 0193     		str	r3, [sp, #4]
1162:Drivers/STM32F1xx_HAL_Driver/Src/stm32f1xx_hal_can.c **** 
1163:Drivers/STM32F1xx_HAL_Driver/Src/stm32f1xx_hal_can.c ****       /* Check if timeout is reached */
1164:Drivers/STM32F1xx_HAL_Driver/Src/stm32f1xx_hal_can.c ****       if (count > CAN_WAKEUP_TIMEOUT_COUNTER)
 953              		.loc 1 1164 7 is_stmt 1 view .LVU309
 954              		.loc 1 1164 17 is_stmt 0 view .LVU310
 955 0022 019A     		ldr	r2, [sp, #4]
ARM GAS  /tmp/cc1LZDaw.s 			page 42


 956              		.loc 1 1164 10 view .LVU311
 957 0024 0B4B     		ldr	r3, .L87
 958 0026 9A42     		cmp	r2, r3
 959 0028 06D8     		bhi	.L86
1165:Drivers/STM32F1xx_HAL_Driver/Src/stm32f1xx_hal_can.c ****       {
1166:Drivers/STM32F1xx_HAL_Driver/Src/stm32f1xx_hal_can.c ****         /* Update error code */
1167:Drivers/STM32F1xx_HAL_Driver/Src/stm32f1xx_hal_can.c ****         hcan->ErrorCode |= HAL_CAN_ERROR_TIMEOUT;
1168:Drivers/STM32F1xx_HAL_Driver/Src/stm32f1xx_hal_can.c **** 
1169:Drivers/STM32F1xx_HAL_Driver/Src/stm32f1xx_hal_can.c ****         return HAL_ERROR;
1170:Drivers/STM32F1xx_HAL_Driver/Src/stm32f1xx_hal_can.c ****       }
1171:Drivers/STM32F1xx_HAL_Driver/Src/stm32f1xx_hal_can.c ****     } while ((hcan->Instance->MSR & CAN_MSR_SLAK) != 0U);
 960              		.loc 1 1171 51 is_stmt 1 view .LVU312
 961              		.loc 1 1171 19 is_stmt 0 view .LVU313
 962 002a 0368     		ldr	r3, [r0]
 963              		.loc 1 1171 29 view .LVU314
 964 002c 5B68     		ldr	r3, [r3, #4]
 965              		.loc 1 1171 51 view .LVU315
 966 002e 13F0020F 		tst	r3, #2
 967 0032 F3D1     		bne	.L84
1172:Drivers/STM32F1xx_HAL_Driver/Src/stm32f1xx_hal_can.c **** 
1173:Drivers/STM32F1xx_HAL_Driver/Src/stm32f1xx_hal_can.c ****     /* Return function status */
1174:Drivers/STM32F1xx_HAL_Driver/Src/stm32f1xx_hal_can.c ****     return HAL_OK;
 968              		.loc 1 1174 12 view .LVU316
 969 0034 0020     		movs	r0, #0
 970              	.LVL57:
 971              		.loc 1 1174 12 view .LVU317
 972 0036 0AE0     		b	.L83
 973              	.LVL58:
 974              	.L86:
1167:Drivers/STM32F1xx_HAL_Driver/Src/stm32f1xx_hal_can.c **** 
 975              		.loc 1 1167 9 is_stmt 1 view .LVU318
1167:Drivers/STM32F1xx_HAL_Driver/Src/stm32f1xx_hal_can.c **** 
 976              		.loc 1 1167 13 is_stmt 0 view .LVU319
 977 0038 436A     		ldr	r3, [r0, #36]
1167:Drivers/STM32F1xx_HAL_Driver/Src/stm32f1xx_hal_can.c **** 
 978              		.loc 1 1167 25 view .LVU320
 979 003a 43F40033 		orr	r3, r3, #131072
 980 003e 4362     		str	r3, [r0, #36]
1169:Drivers/STM32F1xx_HAL_Driver/Src/stm32f1xx_hal_can.c ****       }
 981              		.loc 1 1169 9 is_stmt 1 view .LVU321
1169:Drivers/STM32F1xx_HAL_Driver/Src/stm32f1xx_hal_can.c ****       }
 982              		.loc 1 1169 16 is_stmt 0 view .LVU322
 983 0040 0120     		movs	r0, #1
 984              	.LVL59:
1169:Drivers/STM32F1xx_HAL_Driver/Src/stm32f1xx_hal_can.c ****       }
 985              		.loc 1 1169 16 view .LVU323
 986 0042 04E0     		b	.L83
 987              	.LVL60:
 988              	.L81:
1175:Drivers/STM32F1xx_HAL_Driver/Src/stm32f1xx_hal_can.c ****   }
1176:Drivers/STM32F1xx_HAL_Driver/Src/stm32f1xx_hal_can.c ****   else
1177:Drivers/STM32F1xx_HAL_Driver/Src/stm32f1xx_hal_can.c ****   {
1178:Drivers/STM32F1xx_HAL_Driver/Src/stm32f1xx_hal_can.c ****     /* Update error code */
1179:Drivers/STM32F1xx_HAL_Driver/Src/stm32f1xx_hal_can.c ****     hcan->ErrorCode |= HAL_CAN_ERROR_NOT_INITIALIZED;
 989              		.loc 1 1179 5 is_stmt 1 view .LVU324
 990              		.loc 1 1179 9 is_stmt 0 view .LVU325
 991 0044 436A     		ldr	r3, [r0, #36]
ARM GAS  /tmp/cc1LZDaw.s 			page 43


 992              		.loc 1 1179 21 view .LVU326
 993 0046 43F48023 		orr	r3, r3, #262144
 994 004a 4362     		str	r3, [r0, #36]
1180:Drivers/STM32F1xx_HAL_Driver/Src/stm32f1xx_hal_can.c **** 
1181:Drivers/STM32F1xx_HAL_Driver/Src/stm32f1xx_hal_can.c ****     return HAL_ERROR;
 995              		.loc 1 1181 5 is_stmt 1 view .LVU327
 996              		.loc 1 1181 12 is_stmt 0 view .LVU328
 997 004c 0120     		movs	r0, #1
 998              	.LVL61:
 999              	.L83:
1182:Drivers/STM32F1xx_HAL_Driver/Src/stm32f1xx_hal_can.c ****   }
1183:Drivers/STM32F1xx_HAL_Driver/Src/stm32f1xx_hal_can.c **** }
 1000              		.loc 1 1183 1 view .LVU329
 1001 004e 02B0     		add	sp, sp, #8
 1002              	.LCFI8:
 1003              		.cfi_def_cfa_offset 0
 1004              		@ sp needed
 1005 0050 7047     		bx	lr
 1006              	.L88:
 1007 0052 00BF     		.align	2
 1008              	.L87:
 1009 0054 40420F00 		.word	1000000
 1010              		.cfi_endproc
 1011              	.LFE73:
 1013              		.section	.text.HAL_CAN_IsSleepActive,"ax",%progbits
 1014              		.align	1
 1015              		.global	HAL_CAN_IsSleepActive
 1016              		.syntax unified
 1017              		.thumb
 1018              		.thumb_func
 1020              	HAL_CAN_IsSleepActive:
 1021              	.LVL62:
 1022              	.LFB74:
1184:Drivers/STM32F1xx_HAL_Driver/Src/stm32f1xx_hal_can.c **** 
1185:Drivers/STM32F1xx_HAL_Driver/Src/stm32f1xx_hal_can.c **** /**
1186:Drivers/STM32F1xx_HAL_Driver/Src/stm32f1xx_hal_can.c ****   * @brief  Check is sleep mode is active.
1187:Drivers/STM32F1xx_HAL_Driver/Src/stm32f1xx_hal_can.c ****   * @param  hcan pointer to a CAN_HandleTypeDef structure that contains
1188:Drivers/STM32F1xx_HAL_Driver/Src/stm32f1xx_hal_can.c ****   *         the configuration information for the specified CAN.
1189:Drivers/STM32F1xx_HAL_Driver/Src/stm32f1xx_hal_can.c ****   * @retval Status
1190:Drivers/STM32F1xx_HAL_Driver/Src/stm32f1xx_hal_can.c ****   *          - 0 : Sleep mode is not active.
1191:Drivers/STM32F1xx_HAL_Driver/Src/stm32f1xx_hal_can.c ****   *          - 1 : Sleep mode is active.
1192:Drivers/STM32F1xx_HAL_Driver/Src/stm32f1xx_hal_can.c ****   */
1193:Drivers/STM32F1xx_HAL_Driver/Src/stm32f1xx_hal_can.c **** uint32_t HAL_CAN_IsSleepActive(const CAN_HandleTypeDef *hcan)
1194:Drivers/STM32F1xx_HAL_Driver/Src/stm32f1xx_hal_can.c **** {
 1023              		.loc 1 1194 1 is_stmt 1 view -0
 1024              		.cfi_startproc
 1025              		@ args = 0, pretend = 0, frame = 0
 1026              		@ frame_needed = 0, uses_anonymous_args = 0
 1027              		@ link register save eliminated.
1195:Drivers/STM32F1xx_HAL_Driver/Src/stm32f1xx_hal_can.c ****   uint32_t status = 0U;
 1028              		.loc 1 1195 3 view .LVU331
1196:Drivers/STM32F1xx_HAL_Driver/Src/stm32f1xx_hal_can.c ****   HAL_CAN_StateTypeDef state = hcan->State;
 1029              		.loc 1 1196 3 view .LVU332
 1030              		.loc 1 1196 24 is_stmt 0 view .LVU333
 1031 0000 90F82030 		ldrb	r3, [r0, #32]	@ zero_extendqisi2
 1032              	.LVL63:
1197:Drivers/STM32F1xx_HAL_Driver/Src/stm32f1xx_hal_can.c **** 
ARM GAS  /tmp/cc1LZDaw.s 			page 44


1198:Drivers/STM32F1xx_HAL_Driver/Src/stm32f1xx_hal_can.c ****   if ((state == HAL_CAN_STATE_READY) ||
 1033              		.loc 1 1198 3 is_stmt 1 view .LVU334
 1034              		.loc 1 1198 38 is_stmt 0 view .LVU335
 1035 0004 013B     		subs	r3, r3, #1
 1036              	.LVL64:
 1037              		.loc 1 1198 38 view .LVU336
 1038 0006 DBB2     		uxtb	r3, r3
 1039              	.LVL65:
 1040              		.loc 1 1198 6 view .LVU337
 1041 0008 012B     		cmp	r3, #1
 1042 000a 01D9     		bls	.L93
1195:Drivers/STM32F1xx_HAL_Driver/Src/stm32f1xx_hal_can.c ****   HAL_CAN_StateTypeDef state = hcan->State;
 1043              		.loc 1 1195 12 view .LVU338
 1044 000c 0020     		movs	r0, #0
 1045              	.LVL66:
1195:Drivers/STM32F1xx_HAL_Driver/Src/stm32f1xx_hal_can.c ****   HAL_CAN_StateTypeDef state = hcan->State;
 1046              		.loc 1 1195 12 view .LVU339
 1047 000e 7047     		bx	lr
 1048              	.LVL67:
 1049              	.L93:
1199:Drivers/STM32F1xx_HAL_Driver/Src/stm32f1xx_hal_can.c ****       (state == HAL_CAN_STATE_LISTENING))
1200:Drivers/STM32F1xx_HAL_Driver/Src/stm32f1xx_hal_can.c ****   {
1201:Drivers/STM32F1xx_HAL_Driver/Src/stm32f1xx_hal_can.c ****     /* Check Sleep mode */
1202:Drivers/STM32F1xx_HAL_Driver/Src/stm32f1xx_hal_can.c ****     if ((hcan->Instance->MSR & CAN_MSR_SLAK) != 0U)
 1050              		.loc 1 1202 5 is_stmt 1 view .LVU340
 1051              		.loc 1 1202 14 is_stmt 0 view .LVU341
 1052 0010 0368     		ldr	r3, [r0]
 1053              		.loc 1 1202 24 view .LVU342
 1054 0012 5868     		ldr	r0, [r3, #4]
 1055              	.LVL68:
 1056              		.loc 1 1202 8 view .LVU343
 1057 0014 10F00200 		ands	r0, r0, #2
 1058 0018 00D1     		bne	.L92
 1059 001a 7047     		bx	lr
 1060              	.L92:
1203:Drivers/STM32F1xx_HAL_Driver/Src/stm32f1xx_hal_can.c ****     {
1204:Drivers/STM32F1xx_HAL_Driver/Src/stm32f1xx_hal_can.c ****       status = 1U;
 1061              		.loc 1 1204 14 view .LVU344
 1062 001c 0120     		movs	r0, #1
 1063              	.LVL69:
1205:Drivers/STM32F1xx_HAL_Driver/Src/stm32f1xx_hal_can.c ****     }
1206:Drivers/STM32F1xx_HAL_Driver/Src/stm32f1xx_hal_can.c ****   }
1207:Drivers/STM32F1xx_HAL_Driver/Src/stm32f1xx_hal_can.c **** 
1208:Drivers/STM32F1xx_HAL_Driver/Src/stm32f1xx_hal_can.c ****   /* Return function status */
1209:Drivers/STM32F1xx_HAL_Driver/Src/stm32f1xx_hal_can.c ****   return status;
 1064              		.loc 1 1209 3 is_stmt 1 view .LVU345
1210:Drivers/STM32F1xx_HAL_Driver/Src/stm32f1xx_hal_can.c **** }
 1065              		.loc 1 1210 1 is_stmt 0 view .LVU346
 1066 001e 7047     		bx	lr
 1067              		.cfi_endproc
 1068              	.LFE74:
 1070              		.section	.text.HAL_CAN_AddTxMessage,"ax",%progbits
 1071              		.align	1
 1072              		.global	HAL_CAN_AddTxMessage
 1073              		.syntax unified
 1074              		.thumb
 1075              		.thumb_func
ARM GAS  /tmp/cc1LZDaw.s 			page 45


 1077              	HAL_CAN_AddTxMessage:
 1078              	.LVL70:
 1079              	.LFB75:
1211:Drivers/STM32F1xx_HAL_Driver/Src/stm32f1xx_hal_can.c **** 
1212:Drivers/STM32F1xx_HAL_Driver/Src/stm32f1xx_hal_can.c **** /**
1213:Drivers/STM32F1xx_HAL_Driver/Src/stm32f1xx_hal_can.c ****   * @brief  Add a message to the first free Tx mailbox and activate the
1214:Drivers/STM32F1xx_HAL_Driver/Src/stm32f1xx_hal_can.c ****   *         corresponding transmission request.
1215:Drivers/STM32F1xx_HAL_Driver/Src/stm32f1xx_hal_can.c ****   * @param  hcan pointer to a CAN_HandleTypeDef structure that contains
1216:Drivers/STM32F1xx_HAL_Driver/Src/stm32f1xx_hal_can.c ****   *         the configuration information for the specified CAN.
1217:Drivers/STM32F1xx_HAL_Driver/Src/stm32f1xx_hal_can.c ****   * @param  pHeader pointer to a CAN_TxHeaderTypeDef structure.
1218:Drivers/STM32F1xx_HAL_Driver/Src/stm32f1xx_hal_can.c ****   * @param  aData array containing the payload of the Tx frame.
1219:Drivers/STM32F1xx_HAL_Driver/Src/stm32f1xx_hal_can.c ****   * @param  pTxMailbox pointer to a variable where the function will return
1220:Drivers/STM32F1xx_HAL_Driver/Src/stm32f1xx_hal_can.c ****   *         the TxMailbox used to store the Tx message.
1221:Drivers/STM32F1xx_HAL_Driver/Src/stm32f1xx_hal_can.c ****   *         This parameter can be a value of @arg CAN_Tx_Mailboxes.
1222:Drivers/STM32F1xx_HAL_Driver/Src/stm32f1xx_hal_can.c ****   * @retval HAL status
1223:Drivers/STM32F1xx_HAL_Driver/Src/stm32f1xx_hal_can.c ****   */
1224:Drivers/STM32F1xx_HAL_Driver/Src/stm32f1xx_hal_can.c **** HAL_StatusTypeDef HAL_CAN_AddTxMessage(CAN_HandleTypeDef *hcan, const CAN_TxHeaderTypeDef *pHeader,
1225:Drivers/STM32F1xx_HAL_Driver/Src/stm32f1xx_hal_can.c ****                                        const uint8_t aData[], uint32_t *pTxMailbox)
1226:Drivers/STM32F1xx_HAL_Driver/Src/stm32f1xx_hal_can.c **** {
 1080              		.loc 1 1226 1 is_stmt 1 view -0
 1081              		.cfi_startproc
 1082              		@ args = 0, pretend = 0, frame = 0
 1083              		@ frame_needed = 0, uses_anonymous_args = 0
 1084              		.loc 1 1226 1 is_stmt 0 view .LVU348
 1085 0000 30B5     		push	{r4, r5, lr}
 1086              	.LCFI9:
 1087              		.cfi_def_cfa_offset 12
 1088              		.cfi_offset 4, -12
 1089              		.cfi_offset 5, -8
 1090              		.cfi_offset 14, -4
1227:Drivers/STM32F1xx_HAL_Driver/Src/stm32f1xx_hal_can.c ****   uint32_t transmitmailbox;
 1091              		.loc 1 1227 3 is_stmt 1 view .LVU349
1228:Drivers/STM32F1xx_HAL_Driver/Src/stm32f1xx_hal_can.c ****   HAL_CAN_StateTypeDef state = hcan->State;
 1092              		.loc 1 1228 3 view .LVU350
 1093              		.loc 1 1228 24 is_stmt 0 view .LVU351
 1094 0002 90F820C0 		ldrb	ip, [r0, #32]	@ zero_extendqisi2
 1095              	.LVL71:
1229:Drivers/STM32F1xx_HAL_Driver/Src/stm32f1xx_hal_can.c ****   uint32_t tsr = READ_REG(hcan->Instance->TSR);
 1096              		.loc 1 1229 3 is_stmt 1 view .LVU352
 1097              		.loc 1 1229 12 is_stmt 0 view .LVU353
 1098 0006 0468     		ldr	r4, [r0]
 1099 0008 A468     		ldr	r4, [r4, #8]
 1100              	.LVL72:
1230:Drivers/STM32F1xx_HAL_Driver/Src/stm32f1xx_hal_can.c **** 
1231:Drivers/STM32F1xx_HAL_Driver/Src/stm32f1xx_hal_can.c ****   /* Check the parameters */
1232:Drivers/STM32F1xx_HAL_Driver/Src/stm32f1xx_hal_can.c ****   assert_param(IS_CAN_IDTYPE(pHeader->IDE));
 1101              		.loc 1 1232 3 is_stmt 1 view .LVU354
1233:Drivers/STM32F1xx_HAL_Driver/Src/stm32f1xx_hal_can.c ****   assert_param(IS_CAN_RTR(pHeader->RTR));
 1102              		.loc 1 1233 3 view .LVU355
1234:Drivers/STM32F1xx_HAL_Driver/Src/stm32f1xx_hal_can.c ****   assert_param(IS_CAN_DLC(pHeader->DLC));
 1103              		.loc 1 1234 3 view .LVU356
1235:Drivers/STM32F1xx_HAL_Driver/Src/stm32f1xx_hal_can.c ****   if (pHeader->IDE == CAN_ID_STD)
 1104              		.loc 1 1235 3 view .LVU357
1236:Drivers/STM32F1xx_HAL_Driver/Src/stm32f1xx_hal_can.c ****   {
1237:Drivers/STM32F1xx_HAL_Driver/Src/stm32f1xx_hal_can.c ****     assert_param(IS_CAN_STDID(pHeader->StdId));
 1105              		.loc 1 1237 5 view .LVU358
1238:Drivers/STM32F1xx_HAL_Driver/Src/stm32f1xx_hal_can.c ****   }
ARM GAS  /tmp/cc1LZDaw.s 			page 46


1239:Drivers/STM32F1xx_HAL_Driver/Src/stm32f1xx_hal_can.c ****   else
1240:Drivers/STM32F1xx_HAL_Driver/Src/stm32f1xx_hal_can.c ****   {
1241:Drivers/STM32F1xx_HAL_Driver/Src/stm32f1xx_hal_can.c ****     assert_param(IS_CAN_EXTID(pHeader->ExtId));
 1106              		.loc 1 1241 5 view .LVU359
1242:Drivers/STM32F1xx_HAL_Driver/Src/stm32f1xx_hal_can.c ****   }
1243:Drivers/STM32F1xx_HAL_Driver/Src/stm32f1xx_hal_can.c ****   assert_param(IS_FUNCTIONAL_STATE(pHeader->TransmitGlobalTime));
 1107              		.loc 1 1243 3 view .LVU360
1244:Drivers/STM32F1xx_HAL_Driver/Src/stm32f1xx_hal_can.c **** 
1245:Drivers/STM32F1xx_HAL_Driver/Src/stm32f1xx_hal_can.c ****   if ((state == HAL_CAN_STATE_READY) ||
 1108              		.loc 1 1245 3 view .LVU361
 1109              		.loc 1 1245 38 is_stmt 0 view .LVU362
 1110 000a 0CF1FF3C 		add	ip, ip, #-1
 1111              	.LVL73:
 1112              		.loc 1 1245 38 view .LVU363
 1113 000e 5FFA8CFC 		uxtb	ip, ip
 1114              	.LVL74:
 1115              		.loc 1 1245 6 view .LVU364
 1116 0012 BCF1010F 		cmp	ip, #1
 1117 0016 62D8     		bhi	.L95
1246:Drivers/STM32F1xx_HAL_Driver/Src/stm32f1xx_hal_can.c ****       (state == HAL_CAN_STATE_LISTENING))
1247:Drivers/STM32F1xx_HAL_Driver/Src/stm32f1xx_hal_can.c ****   {
1248:Drivers/STM32F1xx_HAL_Driver/Src/stm32f1xx_hal_can.c ****     /* Check that all the Tx mailboxes are not full */
1249:Drivers/STM32F1xx_HAL_Driver/Src/stm32f1xx_hal_can.c ****     if (((tsr & CAN_TSR_TME0) != 0U) ||
 1118              		.loc 1 1249 5 is_stmt 1 view .LVU365
 1119              		.loc 1 1249 8 is_stmt 0 view .LVU366
 1120 0018 14F0E05F 		tst	r4, #469762048
 1121 001c 59D0     		beq	.L96
1250:Drivers/STM32F1xx_HAL_Driver/Src/stm32f1xx_hal_can.c ****         ((tsr & CAN_TSR_TME1) != 0U) ||
1251:Drivers/STM32F1xx_HAL_Driver/Src/stm32f1xx_hal_can.c ****         ((tsr & CAN_TSR_TME2) != 0U))
1252:Drivers/STM32F1xx_HAL_Driver/Src/stm32f1xx_hal_can.c ****     {
1253:Drivers/STM32F1xx_HAL_Driver/Src/stm32f1xx_hal_can.c ****       /* Select an empty transmit mailbox */
1254:Drivers/STM32F1xx_HAL_Driver/Src/stm32f1xx_hal_can.c ****       transmitmailbox = (tsr & CAN_TSR_CODE) >> CAN_TSR_CODE_Pos;
 1122              		.loc 1 1254 7 is_stmt 1 view .LVU367
 1123              		.loc 1 1254 23 is_stmt 0 view .LVU368
 1124 001e C4F3016C 		ubfx	ip, r4, #24, #2
 1125              	.LVL75:
1255:Drivers/STM32F1xx_HAL_Driver/Src/stm32f1xx_hal_can.c **** 
1256:Drivers/STM32F1xx_HAL_Driver/Src/stm32f1xx_hal_can.c ****       /* Store the Tx mailbox */
1257:Drivers/STM32F1xx_HAL_Driver/Src/stm32f1xx_hal_can.c ****       *pTxMailbox = (uint32_t)1 << transmitmailbox;
 1126              		.loc 1 1257 7 is_stmt 1 view .LVU369
 1127              		.loc 1 1257 33 is_stmt 0 view .LVU370
 1128 0022 0124     		movs	r4, #1
 1129              	.LVL76:
 1130              		.loc 1 1257 33 view .LVU371
 1131 0024 04FA0CF4 		lsl	r4, r4, ip
 1132              		.loc 1 1257 19 view .LVU372
 1133 0028 1C60     		str	r4, [r3]
1258:Drivers/STM32F1xx_HAL_Driver/Src/stm32f1xx_hal_can.c **** 
1259:Drivers/STM32F1xx_HAL_Driver/Src/stm32f1xx_hal_can.c ****       /* Set up the Id */
1260:Drivers/STM32F1xx_HAL_Driver/Src/stm32f1xx_hal_can.c ****       if (pHeader->IDE == CAN_ID_STD)
 1134              		.loc 1 1260 7 is_stmt 1 view .LVU373
 1135              		.loc 1 1260 18 is_stmt 0 view .LVU374
 1136 002a 8B68     		ldr	r3, [r1, #8]
 1137              	.LVL77:
 1138              		.loc 1 1260 10 view .LVU375
 1139 002c 002B     		cmp	r3, #0
 1140 002e 3DD1     		bne	.L97
ARM GAS  /tmp/cc1LZDaw.s 			page 47


1261:Drivers/STM32F1xx_HAL_Driver/Src/stm32f1xx_hal_can.c ****       {
1262:Drivers/STM32F1xx_HAL_Driver/Src/stm32f1xx_hal_can.c ****         hcan->Instance->sTxMailBox[transmitmailbox].TIR = ((pHeader->StdId << CAN_TI0R_STID_Pos) |
 1141              		.loc 1 1262 9 is_stmt 1 view .LVU376
 1142              		.loc 1 1262 68 is_stmt 0 view .LVU377
 1143 0030 0D68     		ldr	r5, [r1]
1263:Drivers/STM32F1xx_HAL_Driver/Src/stm32f1xx_hal_can.c ****                                                            pHeader->RTR);
 1144              		.loc 1 1263 67 view .LVU378
 1145 0032 CB68     		ldr	r3, [r1, #12]
1262:Drivers/STM32F1xx_HAL_Driver/Src/stm32f1xx_hal_can.c ****                                                            pHeader->RTR);
 1146              		.loc 1 1262 13 view .LVU379
 1147 0034 0468     		ldr	r4, [r0]
1262:Drivers/STM32F1xx_HAL_Driver/Src/stm32f1xx_hal_can.c ****                                                            pHeader->RTR);
 1148              		.loc 1 1262 98 view .LVU380
 1149 0036 43EA4555 		orr	r5, r3, r5, lsl #21
1262:Drivers/STM32F1xx_HAL_Driver/Src/stm32f1xx_hal_can.c ****                                                            pHeader->RTR);
 1150              		.loc 1 1262 57 view .LVU381
 1151 003a 0CF11803 		add	r3, ip, #24
 1152 003e 1B01     		lsls	r3, r3, #4
 1153 0040 E550     		str	r5, [r4, r3]
 1154              	.L98:
1264:Drivers/STM32F1xx_HAL_Driver/Src/stm32f1xx_hal_can.c ****       }
1265:Drivers/STM32F1xx_HAL_Driver/Src/stm32f1xx_hal_can.c ****       else
1266:Drivers/STM32F1xx_HAL_Driver/Src/stm32f1xx_hal_can.c ****       {
1267:Drivers/STM32F1xx_HAL_Driver/Src/stm32f1xx_hal_can.c ****         hcan->Instance->sTxMailBox[transmitmailbox].TIR = ((pHeader->ExtId << CAN_TI0R_EXID_Pos) |
1268:Drivers/STM32F1xx_HAL_Driver/Src/stm32f1xx_hal_can.c ****                                                            pHeader->IDE |
1269:Drivers/STM32F1xx_HAL_Driver/Src/stm32f1xx_hal_can.c ****                                                            pHeader->RTR);
1270:Drivers/STM32F1xx_HAL_Driver/Src/stm32f1xx_hal_can.c ****       }
1271:Drivers/STM32F1xx_HAL_Driver/Src/stm32f1xx_hal_can.c **** 
1272:Drivers/STM32F1xx_HAL_Driver/Src/stm32f1xx_hal_can.c ****       /* Set up the DLC */
1273:Drivers/STM32F1xx_HAL_Driver/Src/stm32f1xx_hal_can.c ****       hcan->Instance->sTxMailBox[transmitmailbox].TDTR = (pHeader->DLC);
 1155              		.loc 1 1273 7 is_stmt 1 view .LVU382
 1156              		.loc 1 1273 11 is_stmt 0 view .LVU383
 1157 0042 0368     		ldr	r3, [r0]
 1158              		.loc 1 1273 66 view .LVU384
 1159 0044 0C69     		ldr	r4, [r1, #16]
 1160              		.loc 1 1273 56 view .LVU385
 1161 0046 0CF1180E 		add	lr, ip, #24
 1162 004a 03EB0E13 		add	r3, r3, lr, lsl #4
 1163 004e 5C60     		str	r4, [r3, #4]
1274:Drivers/STM32F1xx_HAL_Driver/Src/stm32f1xx_hal_can.c **** 
1275:Drivers/STM32F1xx_HAL_Driver/Src/stm32f1xx_hal_can.c ****       /* Set up the Transmit Global Time mode */
1276:Drivers/STM32F1xx_HAL_Driver/Src/stm32f1xx_hal_can.c ****       if (pHeader->TransmitGlobalTime == ENABLE)
 1164              		.loc 1 1276 7 is_stmt 1 view .LVU386
 1165              		.loc 1 1276 18 is_stmt 0 view .LVU387
 1166 0050 0B7D     		ldrb	r3, [r1, #20]	@ zero_extendqisi2
 1167              		.loc 1 1276 10 view .LVU388
 1168 0052 012B     		cmp	r3, #1
 1169 0054 35D0     		beq	.L102
 1170              	.LVL78:
 1171              	.L99:
1277:Drivers/STM32F1xx_HAL_Driver/Src/stm32f1xx_hal_can.c ****       {
1278:Drivers/STM32F1xx_HAL_Driver/Src/stm32f1xx_hal_can.c ****         SET_BIT(hcan->Instance->sTxMailBox[transmitmailbox].TDTR, CAN_TDT0R_TGT);
1279:Drivers/STM32F1xx_HAL_Driver/Src/stm32f1xx_hal_can.c ****       }
1280:Drivers/STM32F1xx_HAL_Driver/Src/stm32f1xx_hal_can.c **** 
1281:Drivers/STM32F1xx_HAL_Driver/Src/stm32f1xx_hal_can.c ****       /* Set up the data field */
1282:Drivers/STM32F1xx_HAL_Driver/Src/stm32f1xx_hal_can.c ****       WRITE_REG(hcan->Instance->sTxMailBox[transmitmailbox].TDHR,
 1172              		.loc 1 1282 7 is_stmt 1 view .LVU389
ARM GAS  /tmp/cc1LZDaw.s 			page 48


 1173 0056 D179     		ldrb	r1, [r2, #7]	@ zero_extendqisi2
 1174 0058 9379     		ldrb	r3, [r2, #6]	@ zero_extendqisi2
 1175 005a 1B04     		lsls	r3, r3, #16
 1176 005c 43EA0163 		orr	r3, r3, r1, lsl #24
 1177 0060 5179     		ldrb	r1, [r2, #5]	@ zero_extendqisi2
 1178 0062 43EA0123 		orr	r3, r3, r1, lsl #8
 1179 0066 1479     		ldrb	r4, [r2, #4]	@ zero_extendqisi2
 1180 0068 0168     		ldr	r1, [r0]
 1181 006a 2343     		orrs	r3, r3, r4
 1182 006c 01EB0C11 		add	r1, r1, ip, lsl #4
 1183 0070 C1F88C31 		str	r3, [r1, #396]
1283:Drivers/STM32F1xx_HAL_Driver/Src/stm32f1xx_hal_can.c ****                 ((uint32_t)aData[7] << CAN_TDH0R_DATA7_Pos) |
1284:Drivers/STM32F1xx_HAL_Driver/Src/stm32f1xx_hal_can.c ****                 ((uint32_t)aData[6] << CAN_TDH0R_DATA6_Pos) |
1285:Drivers/STM32F1xx_HAL_Driver/Src/stm32f1xx_hal_can.c ****                 ((uint32_t)aData[5] << CAN_TDH0R_DATA5_Pos) |
1286:Drivers/STM32F1xx_HAL_Driver/Src/stm32f1xx_hal_can.c ****                 ((uint32_t)aData[4] << CAN_TDH0R_DATA4_Pos));
1287:Drivers/STM32F1xx_HAL_Driver/Src/stm32f1xx_hal_can.c ****       WRITE_REG(hcan->Instance->sTxMailBox[transmitmailbox].TDLR,
 1184              		.loc 1 1287 7 view .LVU390
 1185 0074 D178     		ldrb	r1, [r2, #3]	@ zero_extendqisi2
 1186 0076 9378     		ldrb	r3, [r2, #2]	@ zero_extendqisi2
 1187 0078 1B04     		lsls	r3, r3, #16
 1188 007a 43EA0163 		orr	r3, r3, r1, lsl #24
 1189 007e 5178     		ldrb	r1, [r2, #1]	@ zero_extendqisi2
 1190 0080 43EA0123 		orr	r3, r3, r1, lsl #8
 1191 0084 1178     		ldrb	r1, [r2]	@ zero_extendqisi2
 1192 0086 0268     		ldr	r2, [r0]
 1193              	.LVL79:
 1194              		.loc 1 1287 7 is_stmt 0 view .LVU391
 1195 0088 0B43     		orrs	r3, r3, r1
 1196 008a 02EB0C12 		add	r2, r2, ip, lsl #4
 1197 008e C2F88831 		str	r3, [r2, #392]
1288:Drivers/STM32F1xx_HAL_Driver/Src/stm32f1xx_hal_can.c ****                 ((uint32_t)aData[3] << CAN_TDL0R_DATA3_Pos) |
1289:Drivers/STM32F1xx_HAL_Driver/Src/stm32f1xx_hal_can.c ****                 ((uint32_t)aData[2] << CAN_TDL0R_DATA2_Pos) |
1290:Drivers/STM32F1xx_HAL_Driver/Src/stm32f1xx_hal_can.c ****                 ((uint32_t)aData[1] << CAN_TDL0R_DATA1_Pos) |
1291:Drivers/STM32F1xx_HAL_Driver/Src/stm32f1xx_hal_can.c ****                 ((uint32_t)aData[0] << CAN_TDL0R_DATA0_Pos));
1292:Drivers/STM32F1xx_HAL_Driver/Src/stm32f1xx_hal_can.c **** 
1293:Drivers/STM32F1xx_HAL_Driver/Src/stm32f1xx_hal_can.c ****       /* Request transmission */
1294:Drivers/STM32F1xx_HAL_Driver/Src/stm32f1xx_hal_can.c ****       SET_BIT(hcan->Instance->sTxMailBox[transmitmailbox].TIR, CAN_TI0R_TXRQ);
 1198              		.loc 1 1294 7 is_stmt 1 view .LVU392
 1199 0092 0268     		ldr	r2, [r0]
 1200 0094 0CF1180C 		add	ip, ip, #24
 1201              	.LVL80:
 1202              		.loc 1 1294 7 is_stmt 0 view .LVU393
 1203 0098 4FEA0C1C 		lsl	ip, ip, #4
 1204 009c 52F80C30 		ldr	r3, [r2, ip]
 1205 00a0 43F00103 		orr	r3, r3, #1
 1206 00a4 42F80C30 		str	r3, [r2, ip]
1295:Drivers/STM32F1xx_HAL_Driver/Src/stm32f1xx_hal_can.c **** 
1296:Drivers/STM32F1xx_HAL_Driver/Src/stm32f1xx_hal_can.c ****       /* Return function status */
1297:Drivers/STM32F1xx_HAL_Driver/Src/stm32f1xx_hal_can.c ****       return HAL_OK;
 1207              		.loc 1 1297 7 is_stmt 1 view .LVU394
 1208              		.loc 1 1297 14 is_stmt 0 view .LVU395
 1209 00a8 0020     		movs	r0, #0
 1210              	.LVL81:
 1211              		.loc 1 1297 14 view .LVU396
 1212 00aa 1DE0     		b	.L100
 1213              	.LVL82:
 1214              	.L97:
ARM GAS  /tmp/cc1LZDaw.s 			page 49


1267:Drivers/STM32F1xx_HAL_Driver/Src/stm32f1xx_hal_can.c ****                                                            pHeader->IDE |
 1215              		.loc 1 1267 9 is_stmt 1 view .LVU397
1267:Drivers/STM32F1xx_HAL_Driver/Src/stm32f1xx_hal_can.c ****                                                            pHeader->IDE |
 1216              		.loc 1 1267 68 is_stmt 0 view .LVU398
 1217 00ac 4C68     		ldr	r4, [r1, #4]
1267:Drivers/STM32F1xx_HAL_Driver/Src/stm32f1xx_hal_can.c ****                                                            pHeader->IDE |
 1218              		.loc 1 1267 98 view .LVU399
 1219 00ae 43EAC403 		orr	r3, r3, r4, lsl #3
1269:Drivers/STM32F1xx_HAL_Driver/Src/stm32f1xx_hal_can.c ****       }
 1220              		.loc 1 1269 67 view .LVU400
 1221 00b2 CC68     		ldr	r4, [r1, #12]
1268:Drivers/STM32F1xx_HAL_Driver/Src/stm32f1xx_hal_can.c ****                                                            pHeader->RTR);
 1222              		.loc 1 1268 73 view .LVU401
 1223 00b4 2343     		orrs	r3, r3, r4
1267:Drivers/STM32F1xx_HAL_Driver/Src/stm32f1xx_hal_can.c ****                                                            pHeader->IDE |
 1224              		.loc 1 1267 57 view .LVU402
 1225 00b6 0CF11804 		add	r4, ip, #24
 1226 00ba 2401     		lsls	r4, r4, #4
 1227 00bc 0568     		ldr	r5, [r0]
 1228 00be 2B51     		str	r3, [r5, r4]
 1229 00c0 BFE7     		b	.L98
 1230              	.L102:
1278:Drivers/STM32F1xx_HAL_Driver/Src/stm32f1xx_hal_can.c ****       }
 1231              		.loc 1 1278 9 is_stmt 1 view .LVU403
 1232 00c2 0368     		ldr	r3, [r0]
 1233 00c4 03EB0E13 		add	r3, r3, lr, lsl #4
 1234 00c8 5968     		ldr	r1, [r3, #4]
 1235              	.LVL83:
1278:Drivers/STM32F1xx_HAL_Driver/Src/stm32f1xx_hal_can.c ****       }
 1236              		.loc 1 1278 9 is_stmt 0 view .LVU404
 1237 00ca 41F48071 		orr	r1, r1, #256
 1238 00ce 5960     		str	r1, [r3, #4]
 1239 00d0 C1E7     		b	.L99
 1240              	.LVL84:
 1241              	.L96:
1298:Drivers/STM32F1xx_HAL_Driver/Src/stm32f1xx_hal_can.c ****     }
1299:Drivers/STM32F1xx_HAL_Driver/Src/stm32f1xx_hal_can.c ****     else
1300:Drivers/STM32F1xx_HAL_Driver/Src/stm32f1xx_hal_can.c ****     {
1301:Drivers/STM32F1xx_HAL_Driver/Src/stm32f1xx_hal_can.c ****       /* Update error code */
1302:Drivers/STM32F1xx_HAL_Driver/Src/stm32f1xx_hal_can.c ****       hcan->ErrorCode |= HAL_CAN_ERROR_PARAM;
 1242              		.loc 1 1302 7 is_stmt 1 view .LVU405
 1243              		.loc 1 1302 11 is_stmt 0 view .LVU406
 1244 00d2 436A     		ldr	r3, [r0, #36]
 1245              	.LVL85:
 1246              		.loc 1 1302 23 view .LVU407
 1247 00d4 43F40013 		orr	r3, r3, #2097152
 1248 00d8 4362     		str	r3, [r0, #36]
1303:Drivers/STM32F1xx_HAL_Driver/Src/stm32f1xx_hal_can.c **** 
1304:Drivers/STM32F1xx_HAL_Driver/Src/stm32f1xx_hal_can.c ****       return HAL_ERROR;
 1249              		.loc 1 1304 7 is_stmt 1 view .LVU408
 1250              		.loc 1 1304 14 is_stmt 0 view .LVU409
 1251 00da 0120     		movs	r0, #1
 1252              	.LVL86:
 1253              		.loc 1 1304 14 view .LVU410
 1254 00dc 04E0     		b	.L100
 1255              	.LVL87:
 1256              	.L95:
ARM GAS  /tmp/cc1LZDaw.s 			page 50


1305:Drivers/STM32F1xx_HAL_Driver/Src/stm32f1xx_hal_can.c ****     }
1306:Drivers/STM32F1xx_HAL_Driver/Src/stm32f1xx_hal_can.c ****   }
1307:Drivers/STM32F1xx_HAL_Driver/Src/stm32f1xx_hal_can.c ****   else
1308:Drivers/STM32F1xx_HAL_Driver/Src/stm32f1xx_hal_can.c ****   {
1309:Drivers/STM32F1xx_HAL_Driver/Src/stm32f1xx_hal_can.c ****     /* Update error code */
1310:Drivers/STM32F1xx_HAL_Driver/Src/stm32f1xx_hal_can.c ****     hcan->ErrorCode |= HAL_CAN_ERROR_NOT_INITIALIZED;
 1257              		.loc 1 1310 5 is_stmt 1 view .LVU411
 1258              		.loc 1 1310 9 is_stmt 0 view .LVU412
 1259 00de 436A     		ldr	r3, [r0, #36]
 1260              	.LVL88:
 1261              		.loc 1 1310 21 view .LVU413
 1262 00e0 43F48023 		orr	r3, r3, #262144
 1263 00e4 4362     		str	r3, [r0, #36]
1311:Drivers/STM32F1xx_HAL_Driver/Src/stm32f1xx_hal_can.c **** 
1312:Drivers/STM32F1xx_HAL_Driver/Src/stm32f1xx_hal_can.c ****     return HAL_ERROR;
 1264              		.loc 1 1312 5 is_stmt 1 view .LVU414
 1265              		.loc 1 1312 12 is_stmt 0 view .LVU415
 1266 00e6 0120     		movs	r0, #1
 1267              	.LVL89:
 1268              	.L100:
1313:Drivers/STM32F1xx_HAL_Driver/Src/stm32f1xx_hal_can.c ****   }
1314:Drivers/STM32F1xx_HAL_Driver/Src/stm32f1xx_hal_can.c **** }
 1269              		.loc 1 1314 1 view .LVU416
 1270 00e8 30BD     		pop	{r4, r5, pc}
 1271              		.cfi_endproc
 1272              	.LFE75:
 1274              		.section	.text.HAL_CAN_AbortTxRequest,"ax",%progbits
 1275              		.align	1
 1276              		.global	HAL_CAN_AbortTxRequest
 1277              		.syntax unified
 1278              		.thumb
 1279              		.thumb_func
 1281              	HAL_CAN_AbortTxRequest:
 1282              	.LVL90:
 1283              	.LFB76:
1315:Drivers/STM32F1xx_HAL_Driver/Src/stm32f1xx_hal_can.c **** 
1316:Drivers/STM32F1xx_HAL_Driver/Src/stm32f1xx_hal_can.c **** /**
1317:Drivers/STM32F1xx_HAL_Driver/Src/stm32f1xx_hal_can.c ****   * @brief  Abort transmission requests
1318:Drivers/STM32F1xx_HAL_Driver/Src/stm32f1xx_hal_can.c ****   * @param  hcan pointer to an CAN_HandleTypeDef structure that contains
1319:Drivers/STM32F1xx_HAL_Driver/Src/stm32f1xx_hal_can.c ****   *         the configuration information for the specified CAN.
1320:Drivers/STM32F1xx_HAL_Driver/Src/stm32f1xx_hal_can.c ****   * @param  TxMailboxes List of the Tx Mailboxes to abort.
1321:Drivers/STM32F1xx_HAL_Driver/Src/stm32f1xx_hal_can.c ****   *         This parameter can be any combination of @arg CAN_Tx_Mailboxes.
1322:Drivers/STM32F1xx_HAL_Driver/Src/stm32f1xx_hal_can.c ****   * @retval HAL status
1323:Drivers/STM32F1xx_HAL_Driver/Src/stm32f1xx_hal_can.c ****   */
1324:Drivers/STM32F1xx_HAL_Driver/Src/stm32f1xx_hal_can.c **** HAL_StatusTypeDef HAL_CAN_AbortTxRequest(CAN_HandleTypeDef *hcan, uint32_t TxMailboxes)
1325:Drivers/STM32F1xx_HAL_Driver/Src/stm32f1xx_hal_can.c **** {
 1284              		.loc 1 1325 1 is_stmt 1 view -0
 1285              		.cfi_startproc
 1286              		@ args = 0, pretend = 0, frame = 0
 1287              		@ frame_needed = 0, uses_anonymous_args = 0
 1288              		@ link register save eliminated.
1326:Drivers/STM32F1xx_HAL_Driver/Src/stm32f1xx_hal_can.c ****   HAL_CAN_StateTypeDef state = hcan->State;
 1289              		.loc 1 1326 3 view .LVU418
 1290              		.loc 1 1326 24 is_stmt 0 view .LVU419
 1291 0000 90F82030 		ldrb	r3, [r0, #32]	@ zero_extendqisi2
 1292              	.LVL91:
1327:Drivers/STM32F1xx_HAL_Driver/Src/stm32f1xx_hal_can.c **** 
ARM GAS  /tmp/cc1LZDaw.s 			page 51


1328:Drivers/STM32F1xx_HAL_Driver/Src/stm32f1xx_hal_can.c ****   /* Check function parameters */
1329:Drivers/STM32F1xx_HAL_Driver/Src/stm32f1xx_hal_can.c ****   assert_param(IS_CAN_TX_MAILBOX_LIST(TxMailboxes));
 1293              		.loc 1 1329 3 is_stmt 1 view .LVU420
1330:Drivers/STM32F1xx_HAL_Driver/Src/stm32f1xx_hal_can.c **** 
1331:Drivers/STM32F1xx_HAL_Driver/Src/stm32f1xx_hal_can.c ****   if ((state == HAL_CAN_STATE_READY) ||
 1294              		.loc 1 1331 3 view .LVU421
 1295              		.loc 1 1331 38 is_stmt 0 view .LVU422
 1296 0004 013B     		subs	r3, r3, #1
 1297              	.LVL92:
 1298              		.loc 1 1331 38 view .LVU423
 1299 0006 DBB2     		uxtb	r3, r3
 1300              	.LVL93:
 1301              		.loc 1 1331 6 view .LVU424
 1302 0008 012B     		cmp	r3, #1
 1303 000a 05D9     		bls	.L109
1332:Drivers/STM32F1xx_HAL_Driver/Src/stm32f1xx_hal_can.c ****       (state == HAL_CAN_STATE_LISTENING))
1333:Drivers/STM32F1xx_HAL_Driver/Src/stm32f1xx_hal_can.c ****   {
1334:Drivers/STM32F1xx_HAL_Driver/Src/stm32f1xx_hal_can.c ****     /* Check Tx Mailbox 0 */
1335:Drivers/STM32F1xx_HAL_Driver/Src/stm32f1xx_hal_can.c ****     if ((TxMailboxes & CAN_TX_MAILBOX0) != 0U)
1336:Drivers/STM32F1xx_HAL_Driver/Src/stm32f1xx_hal_can.c ****     {
1337:Drivers/STM32F1xx_HAL_Driver/Src/stm32f1xx_hal_can.c ****       /* Add cancellation request for Tx Mailbox 0 */
1338:Drivers/STM32F1xx_HAL_Driver/Src/stm32f1xx_hal_can.c ****       SET_BIT(hcan->Instance->TSR, CAN_TSR_ABRQ0);
1339:Drivers/STM32F1xx_HAL_Driver/Src/stm32f1xx_hal_can.c ****     }
1340:Drivers/STM32F1xx_HAL_Driver/Src/stm32f1xx_hal_can.c **** 
1341:Drivers/STM32F1xx_HAL_Driver/Src/stm32f1xx_hal_can.c ****     /* Check Tx Mailbox 1 */
1342:Drivers/STM32F1xx_HAL_Driver/Src/stm32f1xx_hal_can.c ****     if ((TxMailboxes & CAN_TX_MAILBOX1) != 0U)
1343:Drivers/STM32F1xx_HAL_Driver/Src/stm32f1xx_hal_can.c ****     {
1344:Drivers/STM32F1xx_HAL_Driver/Src/stm32f1xx_hal_can.c ****       /* Add cancellation request for Tx Mailbox 1 */
1345:Drivers/STM32F1xx_HAL_Driver/Src/stm32f1xx_hal_can.c ****       SET_BIT(hcan->Instance->TSR, CAN_TSR_ABRQ1);
1346:Drivers/STM32F1xx_HAL_Driver/Src/stm32f1xx_hal_can.c ****     }
1347:Drivers/STM32F1xx_HAL_Driver/Src/stm32f1xx_hal_can.c **** 
1348:Drivers/STM32F1xx_HAL_Driver/Src/stm32f1xx_hal_can.c ****     /* Check Tx Mailbox 2 */
1349:Drivers/STM32F1xx_HAL_Driver/Src/stm32f1xx_hal_can.c ****     if ((TxMailboxes & CAN_TX_MAILBOX2) != 0U)
1350:Drivers/STM32F1xx_HAL_Driver/Src/stm32f1xx_hal_can.c ****     {
1351:Drivers/STM32F1xx_HAL_Driver/Src/stm32f1xx_hal_can.c ****       /* Add cancellation request for Tx Mailbox 2 */
1352:Drivers/STM32F1xx_HAL_Driver/Src/stm32f1xx_hal_can.c ****       SET_BIT(hcan->Instance->TSR, CAN_TSR_ABRQ2);
1353:Drivers/STM32F1xx_HAL_Driver/Src/stm32f1xx_hal_can.c ****     }
1354:Drivers/STM32F1xx_HAL_Driver/Src/stm32f1xx_hal_can.c **** 
1355:Drivers/STM32F1xx_HAL_Driver/Src/stm32f1xx_hal_can.c ****     /* Return function status */
1356:Drivers/STM32F1xx_HAL_Driver/Src/stm32f1xx_hal_can.c ****     return HAL_OK;
1357:Drivers/STM32F1xx_HAL_Driver/Src/stm32f1xx_hal_can.c ****   }
1358:Drivers/STM32F1xx_HAL_Driver/Src/stm32f1xx_hal_can.c ****   else
1359:Drivers/STM32F1xx_HAL_Driver/Src/stm32f1xx_hal_can.c ****   {
1360:Drivers/STM32F1xx_HAL_Driver/Src/stm32f1xx_hal_can.c ****     /* Update error code */
1361:Drivers/STM32F1xx_HAL_Driver/Src/stm32f1xx_hal_can.c ****     hcan->ErrorCode |= HAL_CAN_ERROR_NOT_INITIALIZED;
 1304              		.loc 1 1361 5 is_stmt 1 view .LVU425
 1305              		.loc 1 1361 9 is_stmt 0 view .LVU426
 1306 000c 436A     		ldr	r3, [r0, #36]
 1307              		.loc 1 1361 21 view .LVU427
 1308 000e 43F48023 		orr	r3, r3, #262144
 1309 0012 4362     		str	r3, [r0, #36]
1362:Drivers/STM32F1xx_HAL_Driver/Src/stm32f1xx_hal_can.c **** 
1363:Drivers/STM32F1xx_HAL_Driver/Src/stm32f1xx_hal_can.c ****     return HAL_ERROR;
 1310              		.loc 1 1363 5 is_stmt 1 view .LVU428
 1311              		.loc 1 1363 12 is_stmt 0 view .LVU429
 1312 0014 0120     		movs	r0, #1
 1313              	.LVL94:
ARM GAS  /tmp/cc1LZDaw.s 			page 52


1364:Drivers/STM32F1xx_HAL_Driver/Src/stm32f1xx_hal_can.c ****   }
1365:Drivers/STM32F1xx_HAL_Driver/Src/stm32f1xx_hal_can.c **** }
 1314              		.loc 1 1365 1 view .LVU430
 1315 0016 7047     		bx	lr
 1316              	.LVL95:
 1317              	.L109:
1335:Drivers/STM32F1xx_HAL_Driver/Src/stm32f1xx_hal_can.c ****     {
 1318              		.loc 1 1335 5 is_stmt 1 view .LVU431
1335:Drivers/STM32F1xx_HAL_Driver/Src/stm32f1xx_hal_can.c ****     {
 1319              		.loc 1 1335 8 is_stmt 0 view .LVU432
 1320 0018 11F0010F 		tst	r1, #1
 1321 001c 04D0     		beq	.L105
1338:Drivers/STM32F1xx_HAL_Driver/Src/stm32f1xx_hal_can.c ****     }
 1322              		.loc 1 1338 7 is_stmt 1 view .LVU433
 1323 001e 0268     		ldr	r2, [r0]
 1324 0020 9368     		ldr	r3, [r2, #8]
 1325 0022 43F08003 		orr	r3, r3, #128
 1326 0026 9360     		str	r3, [r2, #8]
 1327              	.L105:
1342:Drivers/STM32F1xx_HAL_Driver/Src/stm32f1xx_hal_can.c ****     {
 1328              		.loc 1 1342 5 view .LVU434
1342:Drivers/STM32F1xx_HAL_Driver/Src/stm32f1xx_hal_can.c ****     {
 1329              		.loc 1 1342 8 is_stmt 0 view .LVU435
 1330 0028 11F0020F 		tst	r1, #2
 1331 002c 04D0     		beq	.L106
1345:Drivers/STM32F1xx_HAL_Driver/Src/stm32f1xx_hal_can.c ****     }
 1332              		.loc 1 1345 7 is_stmt 1 view .LVU436
 1333 002e 0268     		ldr	r2, [r0]
 1334 0030 9368     		ldr	r3, [r2, #8]
 1335 0032 43F40043 		orr	r3, r3, #32768
 1336 0036 9360     		str	r3, [r2, #8]
 1337              	.L106:
1349:Drivers/STM32F1xx_HAL_Driver/Src/stm32f1xx_hal_can.c ****     {
 1338              		.loc 1 1349 5 view .LVU437
1349:Drivers/STM32F1xx_HAL_Driver/Src/stm32f1xx_hal_can.c ****     {
 1339              		.loc 1 1349 8 is_stmt 0 view .LVU438
 1340 0038 11F0040F 		tst	r1, #4
 1341 003c 04D0     		beq	.L107
1352:Drivers/STM32F1xx_HAL_Driver/Src/stm32f1xx_hal_can.c ****     }
 1342              		.loc 1 1352 7 is_stmt 1 view .LVU439
 1343 003e 0268     		ldr	r2, [r0]
 1344 0040 9368     		ldr	r3, [r2, #8]
 1345 0042 43F40003 		orr	r3, r3, #8388608
 1346 0046 9360     		str	r3, [r2, #8]
 1347              	.L107:
1356:Drivers/STM32F1xx_HAL_Driver/Src/stm32f1xx_hal_can.c ****   }
 1348              		.loc 1 1356 5 view .LVU440
1356:Drivers/STM32F1xx_HAL_Driver/Src/stm32f1xx_hal_can.c ****   }
 1349              		.loc 1 1356 12 is_stmt 0 view .LVU441
 1350 0048 0020     		movs	r0, #0
 1351              	.LVL96:
1356:Drivers/STM32F1xx_HAL_Driver/Src/stm32f1xx_hal_can.c ****   }
 1352              		.loc 1 1356 12 view .LVU442
 1353 004a 7047     		bx	lr
 1354              		.cfi_endproc
 1355              	.LFE76:
 1357              		.section	.text.HAL_CAN_GetTxMailboxesFreeLevel,"ax",%progbits
ARM GAS  /tmp/cc1LZDaw.s 			page 53


 1358              		.align	1
 1359              		.global	HAL_CAN_GetTxMailboxesFreeLevel
 1360              		.syntax unified
 1361              		.thumb
 1362              		.thumb_func
 1364              	HAL_CAN_GetTxMailboxesFreeLevel:
 1365              	.LVL97:
 1366              	.LFB77:
1366:Drivers/STM32F1xx_HAL_Driver/Src/stm32f1xx_hal_can.c **** 
1367:Drivers/STM32F1xx_HAL_Driver/Src/stm32f1xx_hal_can.c **** /**
1368:Drivers/STM32F1xx_HAL_Driver/Src/stm32f1xx_hal_can.c ****   * @brief  Return Tx Mailboxes free level: number of free Tx Mailboxes.
1369:Drivers/STM32F1xx_HAL_Driver/Src/stm32f1xx_hal_can.c ****   * @param  hcan pointer to a CAN_HandleTypeDef structure that contains
1370:Drivers/STM32F1xx_HAL_Driver/Src/stm32f1xx_hal_can.c ****   *         the configuration information for the specified CAN.
1371:Drivers/STM32F1xx_HAL_Driver/Src/stm32f1xx_hal_can.c ****   * @retval Number of free Tx Mailboxes.
1372:Drivers/STM32F1xx_HAL_Driver/Src/stm32f1xx_hal_can.c ****   */
1373:Drivers/STM32F1xx_HAL_Driver/Src/stm32f1xx_hal_can.c **** uint32_t HAL_CAN_GetTxMailboxesFreeLevel(const CAN_HandleTypeDef *hcan)
1374:Drivers/STM32F1xx_HAL_Driver/Src/stm32f1xx_hal_can.c **** {
 1367              		.loc 1 1374 1 is_stmt 1 view -0
 1368              		.cfi_startproc
 1369              		@ args = 0, pretend = 0, frame = 0
 1370              		@ frame_needed = 0, uses_anonymous_args = 0
 1371              		@ link register save eliminated.
1375:Drivers/STM32F1xx_HAL_Driver/Src/stm32f1xx_hal_can.c ****   uint32_t freelevel = 0U;
 1372              		.loc 1 1375 3 view .LVU444
1376:Drivers/STM32F1xx_HAL_Driver/Src/stm32f1xx_hal_can.c ****   HAL_CAN_StateTypeDef state = hcan->State;
 1373              		.loc 1 1376 3 view .LVU445
 1374              		.loc 1 1376 24 is_stmt 0 view .LVU446
 1375 0000 90F82030 		ldrb	r3, [r0, #32]	@ zero_extendqisi2
 1376              	.LVL98:
1377:Drivers/STM32F1xx_HAL_Driver/Src/stm32f1xx_hal_can.c **** 
1378:Drivers/STM32F1xx_HAL_Driver/Src/stm32f1xx_hal_can.c ****   if ((state == HAL_CAN_STATE_READY) ||
 1377              		.loc 1 1378 3 is_stmt 1 view .LVU447
 1378              		.loc 1 1378 38 is_stmt 0 view .LVU448
 1379 0004 013B     		subs	r3, r3, #1
 1380              	.LVL99:
 1381              		.loc 1 1378 38 view .LVU449
 1382 0006 DBB2     		uxtb	r3, r3
 1383              	.LVL100:
 1384              		.loc 1 1378 6 view .LVU450
 1385 0008 012B     		cmp	r3, #1
 1386 000a 01D9     		bls	.L116
1375:Drivers/STM32F1xx_HAL_Driver/Src/stm32f1xx_hal_can.c ****   HAL_CAN_StateTypeDef state = hcan->State;
 1387              		.loc 1 1375 12 view .LVU451
 1388 000c 0020     		movs	r0, #0
 1389              	.LVL101:
1379:Drivers/STM32F1xx_HAL_Driver/Src/stm32f1xx_hal_can.c ****       (state == HAL_CAN_STATE_LISTENING))
1380:Drivers/STM32F1xx_HAL_Driver/Src/stm32f1xx_hal_can.c ****   {
1381:Drivers/STM32F1xx_HAL_Driver/Src/stm32f1xx_hal_can.c ****     /* Check Tx Mailbox 0 status */
1382:Drivers/STM32F1xx_HAL_Driver/Src/stm32f1xx_hal_can.c ****     if ((hcan->Instance->TSR & CAN_TSR_TME0) != 0U)
1383:Drivers/STM32F1xx_HAL_Driver/Src/stm32f1xx_hal_can.c ****     {
1384:Drivers/STM32F1xx_HAL_Driver/Src/stm32f1xx_hal_can.c ****       freelevel++;
1385:Drivers/STM32F1xx_HAL_Driver/Src/stm32f1xx_hal_can.c ****     }
1386:Drivers/STM32F1xx_HAL_Driver/Src/stm32f1xx_hal_can.c **** 
1387:Drivers/STM32F1xx_HAL_Driver/Src/stm32f1xx_hal_can.c ****     /* Check Tx Mailbox 1 status */
1388:Drivers/STM32F1xx_HAL_Driver/Src/stm32f1xx_hal_can.c ****     if ((hcan->Instance->TSR & CAN_TSR_TME1) != 0U)
1389:Drivers/STM32F1xx_HAL_Driver/Src/stm32f1xx_hal_can.c ****     {
1390:Drivers/STM32F1xx_HAL_Driver/Src/stm32f1xx_hal_can.c ****       freelevel++;
ARM GAS  /tmp/cc1LZDaw.s 			page 54


1391:Drivers/STM32F1xx_HAL_Driver/Src/stm32f1xx_hal_can.c ****     }
1392:Drivers/STM32F1xx_HAL_Driver/Src/stm32f1xx_hal_can.c **** 
1393:Drivers/STM32F1xx_HAL_Driver/Src/stm32f1xx_hal_can.c ****     /* Check Tx Mailbox 2 status */
1394:Drivers/STM32F1xx_HAL_Driver/Src/stm32f1xx_hal_can.c ****     if ((hcan->Instance->TSR & CAN_TSR_TME2) != 0U)
1395:Drivers/STM32F1xx_HAL_Driver/Src/stm32f1xx_hal_can.c ****     {
1396:Drivers/STM32F1xx_HAL_Driver/Src/stm32f1xx_hal_can.c ****       freelevel++;
1397:Drivers/STM32F1xx_HAL_Driver/Src/stm32f1xx_hal_can.c ****     }
1398:Drivers/STM32F1xx_HAL_Driver/Src/stm32f1xx_hal_can.c ****   }
1399:Drivers/STM32F1xx_HAL_Driver/Src/stm32f1xx_hal_can.c **** 
1400:Drivers/STM32F1xx_HAL_Driver/Src/stm32f1xx_hal_can.c ****   /* Return Tx Mailboxes free level */
1401:Drivers/STM32F1xx_HAL_Driver/Src/stm32f1xx_hal_can.c ****   return freelevel;
 1390              		.loc 1 1401 3 is_stmt 1 view .LVU452
 1391              	.L110:
1402:Drivers/STM32F1xx_HAL_Driver/Src/stm32f1xx_hal_can.c **** }
 1392              		.loc 1 1402 1 is_stmt 0 view .LVU453
 1393 000e 7047     		bx	lr
 1394              	.LVL102:
 1395              	.L116:
1382:Drivers/STM32F1xx_HAL_Driver/Src/stm32f1xx_hal_can.c ****     {
 1396              		.loc 1 1382 5 is_stmt 1 view .LVU454
1382:Drivers/STM32F1xx_HAL_Driver/Src/stm32f1xx_hal_can.c ****     {
 1397              		.loc 1 1382 14 is_stmt 0 view .LVU455
 1398 0010 0368     		ldr	r3, [r0]
1382:Drivers/STM32F1xx_HAL_Driver/Src/stm32f1xx_hal_can.c ****     {
 1399              		.loc 1 1382 24 view .LVU456
 1400 0012 9868     		ldr	r0, [r3, #8]
 1401              	.LVL103:
1382:Drivers/STM32F1xx_HAL_Driver/Src/stm32f1xx_hal_can.c ****     {
 1402              		.loc 1 1382 8 view .LVU457
 1403 0014 10F08060 		ands	r0, r0, #67108864
 1404 0018 00D0     		beq	.L112
1384:Drivers/STM32F1xx_HAL_Driver/Src/stm32f1xx_hal_can.c ****     }
 1405              		.loc 1 1384 16 view .LVU458
 1406 001a 0120     		movs	r0, #1
 1407              	.L112:
 1408              	.LVL104:
1388:Drivers/STM32F1xx_HAL_Driver/Src/stm32f1xx_hal_can.c ****     {
 1409              		.loc 1 1388 5 is_stmt 1 view .LVU459
1388:Drivers/STM32F1xx_HAL_Driver/Src/stm32f1xx_hal_can.c ****     {
 1410              		.loc 1 1388 24 is_stmt 0 view .LVU460
 1411 001c 9A68     		ldr	r2, [r3, #8]
1388:Drivers/STM32F1xx_HAL_Driver/Src/stm32f1xx_hal_can.c ****     {
 1412              		.loc 1 1388 8 view .LVU461
 1413 001e 12F0006F 		tst	r2, #134217728
 1414 0022 00D0     		beq	.L113
1390:Drivers/STM32F1xx_HAL_Driver/Src/stm32f1xx_hal_can.c ****     }
 1415              		.loc 1 1390 7 is_stmt 1 view .LVU462
1390:Drivers/STM32F1xx_HAL_Driver/Src/stm32f1xx_hal_can.c ****     }
 1416              		.loc 1 1390 16 is_stmt 0 view .LVU463
 1417 0024 0130     		adds	r0, r0, #1
 1418              	.LVL105:
 1419              	.L113:
1394:Drivers/STM32F1xx_HAL_Driver/Src/stm32f1xx_hal_can.c ****     {
 1420              		.loc 1 1394 5 is_stmt 1 view .LVU464
1394:Drivers/STM32F1xx_HAL_Driver/Src/stm32f1xx_hal_can.c ****     {
 1421              		.loc 1 1394 24 is_stmt 0 view .LVU465
 1422 0026 9B68     		ldr	r3, [r3, #8]
ARM GAS  /tmp/cc1LZDaw.s 			page 55


1394:Drivers/STM32F1xx_HAL_Driver/Src/stm32f1xx_hal_can.c ****     {
 1423              		.loc 1 1394 8 view .LVU466
 1424 0028 13F0805F 		tst	r3, #268435456
 1425 002c EFD0     		beq	.L110
1396:Drivers/STM32F1xx_HAL_Driver/Src/stm32f1xx_hal_can.c ****     }
 1426              		.loc 1 1396 7 is_stmt 1 view .LVU467
1396:Drivers/STM32F1xx_HAL_Driver/Src/stm32f1xx_hal_can.c ****     }
 1427              		.loc 1 1396 16 is_stmt 0 view .LVU468
 1428 002e 0130     		adds	r0, r0, #1
 1429              	.LVL106:
1396:Drivers/STM32F1xx_HAL_Driver/Src/stm32f1xx_hal_can.c ****     }
 1430              		.loc 1 1396 16 view .LVU469
 1431 0030 7047     		bx	lr
 1432              		.cfi_endproc
 1433              	.LFE77:
 1435              		.section	.text.HAL_CAN_IsTxMessagePending,"ax",%progbits
 1436              		.align	1
 1437              		.global	HAL_CAN_IsTxMessagePending
 1438              		.syntax unified
 1439              		.thumb
 1440              		.thumb_func
 1442              	HAL_CAN_IsTxMessagePending:
 1443              	.LVL107:
 1444              	.LFB78:
1403:Drivers/STM32F1xx_HAL_Driver/Src/stm32f1xx_hal_can.c **** 
1404:Drivers/STM32F1xx_HAL_Driver/Src/stm32f1xx_hal_can.c **** /**
1405:Drivers/STM32F1xx_HAL_Driver/Src/stm32f1xx_hal_can.c ****   * @brief  Check if a transmission request is pending on the selected Tx
1406:Drivers/STM32F1xx_HAL_Driver/Src/stm32f1xx_hal_can.c ****   *         Mailboxes.
1407:Drivers/STM32F1xx_HAL_Driver/Src/stm32f1xx_hal_can.c ****   * @param  hcan pointer to an CAN_HandleTypeDef structure that contains
1408:Drivers/STM32F1xx_HAL_Driver/Src/stm32f1xx_hal_can.c ****   *         the configuration information for the specified CAN.
1409:Drivers/STM32F1xx_HAL_Driver/Src/stm32f1xx_hal_can.c ****   * @param  TxMailboxes List of Tx Mailboxes to check.
1410:Drivers/STM32F1xx_HAL_Driver/Src/stm32f1xx_hal_can.c ****   *         This parameter can be any combination of @arg CAN_Tx_Mailboxes.
1411:Drivers/STM32F1xx_HAL_Driver/Src/stm32f1xx_hal_can.c ****   * @retval Status
1412:Drivers/STM32F1xx_HAL_Driver/Src/stm32f1xx_hal_can.c ****   *          - 0 : No pending transmission request on any selected Tx Mailboxes.
1413:Drivers/STM32F1xx_HAL_Driver/Src/stm32f1xx_hal_can.c ****   *          - 1 : Pending transmission request on at least one of the selected
1414:Drivers/STM32F1xx_HAL_Driver/Src/stm32f1xx_hal_can.c ****   *                Tx Mailbox.
1415:Drivers/STM32F1xx_HAL_Driver/Src/stm32f1xx_hal_can.c ****   */
1416:Drivers/STM32F1xx_HAL_Driver/Src/stm32f1xx_hal_can.c **** uint32_t HAL_CAN_IsTxMessagePending(const CAN_HandleTypeDef *hcan, uint32_t TxMailboxes)
1417:Drivers/STM32F1xx_HAL_Driver/Src/stm32f1xx_hal_can.c **** {
 1445              		.loc 1 1417 1 is_stmt 1 view -0
 1446              		.cfi_startproc
 1447              		@ args = 0, pretend = 0, frame = 0
 1448              		@ frame_needed = 0, uses_anonymous_args = 0
 1449              		@ link register save eliminated.
1418:Drivers/STM32F1xx_HAL_Driver/Src/stm32f1xx_hal_can.c ****   uint32_t status = 0U;
 1450              		.loc 1 1418 3 view .LVU471
1419:Drivers/STM32F1xx_HAL_Driver/Src/stm32f1xx_hal_can.c ****   HAL_CAN_StateTypeDef state = hcan->State;
 1451              		.loc 1 1419 3 view .LVU472
 1452              		.loc 1 1419 24 is_stmt 0 view .LVU473
 1453 0000 90F82030 		ldrb	r3, [r0, #32]	@ zero_extendqisi2
 1454              	.LVL108:
1420:Drivers/STM32F1xx_HAL_Driver/Src/stm32f1xx_hal_can.c **** 
1421:Drivers/STM32F1xx_HAL_Driver/Src/stm32f1xx_hal_can.c ****   /* Check function parameters */
1422:Drivers/STM32F1xx_HAL_Driver/Src/stm32f1xx_hal_can.c ****   assert_param(IS_CAN_TX_MAILBOX_LIST(TxMailboxes));
 1455              		.loc 1 1422 3 is_stmt 1 view .LVU474
1423:Drivers/STM32F1xx_HAL_Driver/Src/stm32f1xx_hal_can.c **** 
1424:Drivers/STM32F1xx_HAL_Driver/Src/stm32f1xx_hal_can.c ****   if ((state == HAL_CAN_STATE_READY) ||
ARM GAS  /tmp/cc1LZDaw.s 			page 56


 1456              		.loc 1 1424 3 view .LVU475
 1457              		.loc 1 1424 38 is_stmt 0 view .LVU476
 1458 0004 013B     		subs	r3, r3, #1
 1459              	.LVL109:
 1460              		.loc 1 1424 38 view .LVU477
 1461 0006 DBB2     		uxtb	r3, r3
 1462              	.LVL110:
 1463              		.loc 1 1424 6 view .LVU478
 1464 0008 012B     		cmp	r3, #1
 1465 000a 01D9     		bls	.L121
1418:Drivers/STM32F1xx_HAL_Driver/Src/stm32f1xx_hal_can.c ****   HAL_CAN_StateTypeDef state = hcan->State;
 1466              		.loc 1 1418 12 view .LVU479
 1467 000c 0020     		movs	r0, #0
 1468              	.LVL111:
1418:Drivers/STM32F1xx_HAL_Driver/Src/stm32f1xx_hal_can.c ****   HAL_CAN_StateTypeDef state = hcan->State;
 1469              		.loc 1 1418 12 view .LVU480
 1470 000e 7047     		bx	lr
 1471              	.LVL112:
 1472              	.L121:
1425:Drivers/STM32F1xx_HAL_Driver/Src/stm32f1xx_hal_can.c ****       (state == HAL_CAN_STATE_LISTENING))
1426:Drivers/STM32F1xx_HAL_Driver/Src/stm32f1xx_hal_can.c ****   {
1427:Drivers/STM32F1xx_HAL_Driver/Src/stm32f1xx_hal_can.c ****     /* Check pending transmission request on the selected Tx Mailboxes */
1428:Drivers/STM32F1xx_HAL_Driver/Src/stm32f1xx_hal_can.c ****     if ((hcan->Instance->TSR & (TxMailboxes << CAN_TSR_TME0_Pos)) != (TxMailboxes << CAN_TSR_TME0_P
 1473              		.loc 1 1428 5 is_stmt 1 view .LVU481
 1474              		.loc 1 1428 14 is_stmt 0 view .LVU482
 1475 0010 0368     		ldr	r3, [r0]
 1476              		.loc 1 1428 24 view .LVU483
 1477 0012 9B68     		ldr	r3, [r3, #8]
 1478              		.loc 1 1428 30 view .LVU484
 1479 0014 03EA8163 		and	r3, r3, r1, lsl #26
 1480              		.loc 1 1428 8 view .LVU485
 1481 0018 B3EB816F 		cmp	r3, r1, lsl #26
 1482 001c 01D0     		beq	.L122
1429:Drivers/STM32F1xx_HAL_Driver/Src/stm32f1xx_hal_can.c ****     {
1430:Drivers/STM32F1xx_HAL_Driver/Src/stm32f1xx_hal_can.c ****       status = 1U;
 1483              		.loc 1 1430 14 view .LVU486
 1484 001e 0120     		movs	r0, #1
 1485              	.LVL113:
1431:Drivers/STM32F1xx_HAL_Driver/Src/stm32f1xx_hal_can.c ****     }
1432:Drivers/STM32F1xx_HAL_Driver/Src/stm32f1xx_hal_can.c ****   }
1433:Drivers/STM32F1xx_HAL_Driver/Src/stm32f1xx_hal_can.c **** 
1434:Drivers/STM32F1xx_HAL_Driver/Src/stm32f1xx_hal_can.c ****   /* Return status */
1435:Drivers/STM32F1xx_HAL_Driver/Src/stm32f1xx_hal_can.c ****   return status;
 1486              		.loc 1 1435 3 is_stmt 1 view .LVU487
1436:Drivers/STM32F1xx_HAL_Driver/Src/stm32f1xx_hal_can.c **** }
 1487              		.loc 1 1436 1 is_stmt 0 view .LVU488
 1488 0020 7047     		bx	lr
 1489              	.LVL114:
 1490              	.L122:
1418:Drivers/STM32F1xx_HAL_Driver/Src/stm32f1xx_hal_can.c ****   HAL_CAN_StateTypeDef state = hcan->State;
 1491              		.loc 1 1418 12 view .LVU489
 1492 0022 0020     		movs	r0, #0
 1493              	.LVL115:
1418:Drivers/STM32F1xx_HAL_Driver/Src/stm32f1xx_hal_can.c ****   HAL_CAN_StateTypeDef state = hcan->State;
 1494              		.loc 1 1418 12 view .LVU490
 1495 0024 7047     		bx	lr
 1496              		.cfi_endproc
ARM GAS  /tmp/cc1LZDaw.s 			page 57


 1497              	.LFE78:
 1499              		.section	.text.HAL_CAN_GetTxTimestamp,"ax",%progbits
 1500              		.align	1
 1501              		.global	HAL_CAN_GetTxTimestamp
 1502              		.syntax unified
 1503              		.thumb
 1504              		.thumb_func
 1506              	HAL_CAN_GetTxTimestamp:
 1507              	.LVL116:
 1508              	.LFB79:
1437:Drivers/STM32F1xx_HAL_Driver/Src/stm32f1xx_hal_can.c **** 
1438:Drivers/STM32F1xx_HAL_Driver/Src/stm32f1xx_hal_can.c **** /**
1439:Drivers/STM32F1xx_HAL_Driver/Src/stm32f1xx_hal_can.c ****   * @brief  Return timestamp of Tx message sent, if time triggered communication
1440:Drivers/STM32F1xx_HAL_Driver/Src/stm32f1xx_hal_can.c ****             mode is enabled.
1441:Drivers/STM32F1xx_HAL_Driver/Src/stm32f1xx_hal_can.c ****   * @param  hcan pointer to a CAN_HandleTypeDef structure that contains
1442:Drivers/STM32F1xx_HAL_Driver/Src/stm32f1xx_hal_can.c ****   *         the configuration information for the specified CAN.
1443:Drivers/STM32F1xx_HAL_Driver/Src/stm32f1xx_hal_can.c ****   * @param  TxMailbox Tx Mailbox where the timestamp of message sent will be
1444:Drivers/STM32F1xx_HAL_Driver/Src/stm32f1xx_hal_can.c ****   *         read.
1445:Drivers/STM32F1xx_HAL_Driver/Src/stm32f1xx_hal_can.c ****   *         This parameter can be one value of @arg CAN_Tx_Mailboxes.
1446:Drivers/STM32F1xx_HAL_Driver/Src/stm32f1xx_hal_can.c ****   * @retval Timestamp of message sent from Tx Mailbox.
1447:Drivers/STM32F1xx_HAL_Driver/Src/stm32f1xx_hal_can.c ****   */
1448:Drivers/STM32F1xx_HAL_Driver/Src/stm32f1xx_hal_can.c **** uint32_t HAL_CAN_GetTxTimestamp(const CAN_HandleTypeDef *hcan, uint32_t TxMailbox)
1449:Drivers/STM32F1xx_HAL_Driver/Src/stm32f1xx_hal_can.c **** {
 1509              		.loc 1 1449 1 is_stmt 1 view -0
 1510              		.cfi_startproc
 1511              		@ args = 0, pretend = 0, frame = 0
 1512              		@ frame_needed = 0, uses_anonymous_args = 0
 1513              		@ link register save eliminated.
1450:Drivers/STM32F1xx_HAL_Driver/Src/stm32f1xx_hal_can.c ****   uint32_t timestamp = 0U;
 1514              		.loc 1 1450 3 view .LVU492
1451:Drivers/STM32F1xx_HAL_Driver/Src/stm32f1xx_hal_can.c ****   uint32_t transmitmailbox;
 1515              		.loc 1 1451 3 view .LVU493
1452:Drivers/STM32F1xx_HAL_Driver/Src/stm32f1xx_hal_can.c ****   HAL_CAN_StateTypeDef state = hcan->State;
 1516              		.loc 1 1452 3 view .LVU494
 1517              		.loc 1 1452 24 is_stmt 0 view .LVU495
 1518 0000 90F82030 		ldrb	r3, [r0, #32]	@ zero_extendqisi2
 1519              	.LVL117:
1453:Drivers/STM32F1xx_HAL_Driver/Src/stm32f1xx_hal_can.c **** 
1454:Drivers/STM32F1xx_HAL_Driver/Src/stm32f1xx_hal_can.c ****   /* Check function parameters */
1455:Drivers/STM32F1xx_HAL_Driver/Src/stm32f1xx_hal_can.c ****   assert_param(IS_CAN_TX_MAILBOX(TxMailbox));
 1520              		.loc 1 1455 3 is_stmt 1 view .LVU496
1456:Drivers/STM32F1xx_HAL_Driver/Src/stm32f1xx_hal_can.c **** 
1457:Drivers/STM32F1xx_HAL_Driver/Src/stm32f1xx_hal_can.c ****   if ((state == HAL_CAN_STATE_READY) ||
 1521              		.loc 1 1457 3 view .LVU497
 1522              		.loc 1 1457 38 is_stmt 0 view .LVU498
 1523 0004 013B     		subs	r3, r3, #1
 1524              	.LVL118:
 1525              		.loc 1 1457 38 view .LVU499
 1526 0006 DBB2     		uxtb	r3, r3
 1527              	.LVL119:
 1528              		.loc 1 1457 6 view .LVU500
 1529 0008 012B     		cmp	r3, #1
 1530 000a 01D9     		bls	.L126
1450:Drivers/STM32F1xx_HAL_Driver/Src/stm32f1xx_hal_can.c ****   uint32_t transmitmailbox;
 1531              		.loc 1 1450 12 view .LVU501
 1532 000c 0020     		movs	r0, #0
 1533              	.LVL120:
ARM GAS  /tmp/cc1LZDaw.s 			page 58


1458:Drivers/STM32F1xx_HAL_Driver/Src/stm32f1xx_hal_can.c ****       (state == HAL_CAN_STATE_LISTENING))
1459:Drivers/STM32F1xx_HAL_Driver/Src/stm32f1xx_hal_can.c ****   {
1460:Drivers/STM32F1xx_HAL_Driver/Src/stm32f1xx_hal_can.c ****     /* Select the Tx mailbox */
1461:Drivers/STM32F1xx_HAL_Driver/Src/stm32f1xx_hal_can.c ****     transmitmailbox = POSITION_VAL(TxMailbox);
1462:Drivers/STM32F1xx_HAL_Driver/Src/stm32f1xx_hal_can.c **** 
1463:Drivers/STM32F1xx_HAL_Driver/Src/stm32f1xx_hal_can.c ****     /* Get timestamp */
1464:Drivers/STM32F1xx_HAL_Driver/Src/stm32f1xx_hal_can.c ****     timestamp = (hcan->Instance->sTxMailBox[transmitmailbox].TDTR & CAN_TDT0R_TIME) >> CAN_TDT0R_TI
1465:Drivers/STM32F1xx_HAL_Driver/Src/stm32f1xx_hal_can.c ****   }
1466:Drivers/STM32F1xx_HAL_Driver/Src/stm32f1xx_hal_can.c **** 
1467:Drivers/STM32F1xx_HAL_Driver/Src/stm32f1xx_hal_can.c ****   /* Return the timestamp */
1468:Drivers/STM32F1xx_HAL_Driver/Src/stm32f1xx_hal_can.c ****   return timestamp;
 1534              		.loc 1 1468 3 is_stmt 1 view .LVU502
1469:Drivers/STM32F1xx_HAL_Driver/Src/stm32f1xx_hal_can.c **** }
 1535              		.loc 1 1469 1 is_stmt 0 view .LVU503
 1536 000e 7047     		bx	lr
 1537              	.LVL121:
 1538              	.L126:
1461:Drivers/STM32F1xx_HAL_Driver/Src/stm32f1xx_hal_can.c **** 
 1539              		.loc 1 1461 5 is_stmt 1 view .LVU504
 1540              	.LBB4:
 1541              	.LBI4:
 1542              		.file 2 "Drivers/CMSIS/Include/cmsis_gcc.h"
   1:Drivers/CMSIS/Include/cmsis_gcc.h **** /**************************************************************************//**
   2:Drivers/CMSIS/Include/cmsis_gcc.h ****  * @file     cmsis_gcc.h
   3:Drivers/CMSIS/Include/cmsis_gcc.h ****  * @brief    CMSIS compiler GCC header file
   4:Drivers/CMSIS/Include/cmsis_gcc.h ****  * @version  V5.0.4
   5:Drivers/CMSIS/Include/cmsis_gcc.h ****  * @date     09. April 2018
   6:Drivers/CMSIS/Include/cmsis_gcc.h ****  ******************************************************************************/
   7:Drivers/CMSIS/Include/cmsis_gcc.h **** /*
   8:Drivers/CMSIS/Include/cmsis_gcc.h ****  * Copyright (c) 2009-2018 Arm Limited. All rights reserved.
   9:Drivers/CMSIS/Include/cmsis_gcc.h ****  *
  10:Drivers/CMSIS/Include/cmsis_gcc.h ****  * SPDX-License-Identifier: Apache-2.0
  11:Drivers/CMSIS/Include/cmsis_gcc.h ****  *
  12:Drivers/CMSIS/Include/cmsis_gcc.h ****  * Licensed under the Apache License, Version 2.0 (the License); you may
  13:Drivers/CMSIS/Include/cmsis_gcc.h ****  * not use this file except in compliance with the License.
  14:Drivers/CMSIS/Include/cmsis_gcc.h ****  * You may obtain a copy of the License at
  15:Drivers/CMSIS/Include/cmsis_gcc.h ****  *
  16:Drivers/CMSIS/Include/cmsis_gcc.h ****  * www.apache.org/licenses/LICENSE-2.0
  17:Drivers/CMSIS/Include/cmsis_gcc.h ****  *
  18:Drivers/CMSIS/Include/cmsis_gcc.h ****  * Unless required by applicable law or agreed to in writing, software
  19:Drivers/CMSIS/Include/cmsis_gcc.h ****  * distributed under the License is distributed on an AS IS BASIS, WITHOUT
  20:Drivers/CMSIS/Include/cmsis_gcc.h ****  * WARRANTIES OR CONDITIONS OF ANY KIND, either express or implied.
  21:Drivers/CMSIS/Include/cmsis_gcc.h ****  * See the License for the specific language governing permissions and
  22:Drivers/CMSIS/Include/cmsis_gcc.h ****  * limitations under the License.
  23:Drivers/CMSIS/Include/cmsis_gcc.h ****  */
  24:Drivers/CMSIS/Include/cmsis_gcc.h **** 
  25:Drivers/CMSIS/Include/cmsis_gcc.h **** #ifndef __CMSIS_GCC_H
  26:Drivers/CMSIS/Include/cmsis_gcc.h **** #define __CMSIS_GCC_H
  27:Drivers/CMSIS/Include/cmsis_gcc.h **** 
  28:Drivers/CMSIS/Include/cmsis_gcc.h **** /* ignore some GCC warnings */
  29:Drivers/CMSIS/Include/cmsis_gcc.h **** #pragma GCC diagnostic push
  30:Drivers/CMSIS/Include/cmsis_gcc.h **** #pragma GCC diagnostic ignored "-Wsign-conversion"
  31:Drivers/CMSIS/Include/cmsis_gcc.h **** #pragma GCC diagnostic ignored "-Wconversion"
  32:Drivers/CMSIS/Include/cmsis_gcc.h **** #pragma GCC diagnostic ignored "-Wunused-parameter"
  33:Drivers/CMSIS/Include/cmsis_gcc.h **** 
  34:Drivers/CMSIS/Include/cmsis_gcc.h **** /* Fallback for __has_builtin */
  35:Drivers/CMSIS/Include/cmsis_gcc.h **** #ifndef __has_builtin
ARM GAS  /tmp/cc1LZDaw.s 			page 59


  36:Drivers/CMSIS/Include/cmsis_gcc.h ****   #define __has_builtin(x) (0)
  37:Drivers/CMSIS/Include/cmsis_gcc.h **** #endif
  38:Drivers/CMSIS/Include/cmsis_gcc.h **** 
  39:Drivers/CMSIS/Include/cmsis_gcc.h **** /* CMSIS compiler specific defines */
  40:Drivers/CMSIS/Include/cmsis_gcc.h **** #ifndef   __ASM
  41:Drivers/CMSIS/Include/cmsis_gcc.h ****   #define __ASM                                  __asm
  42:Drivers/CMSIS/Include/cmsis_gcc.h **** #endif
  43:Drivers/CMSIS/Include/cmsis_gcc.h **** #ifndef   __INLINE
  44:Drivers/CMSIS/Include/cmsis_gcc.h ****   #define __INLINE                               inline
  45:Drivers/CMSIS/Include/cmsis_gcc.h **** #endif
  46:Drivers/CMSIS/Include/cmsis_gcc.h **** #ifndef   __STATIC_INLINE
  47:Drivers/CMSIS/Include/cmsis_gcc.h ****   #define __STATIC_INLINE                        static inline
  48:Drivers/CMSIS/Include/cmsis_gcc.h **** #endif
  49:Drivers/CMSIS/Include/cmsis_gcc.h **** #ifndef   __STATIC_FORCEINLINE                 
  50:Drivers/CMSIS/Include/cmsis_gcc.h ****   #define __STATIC_FORCEINLINE                   __attribute__((always_inline)) static inline
  51:Drivers/CMSIS/Include/cmsis_gcc.h **** #endif                                           
  52:Drivers/CMSIS/Include/cmsis_gcc.h **** #ifndef   __NO_RETURN
  53:Drivers/CMSIS/Include/cmsis_gcc.h ****   #define __NO_RETURN                            __attribute__((__noreturn__))
  54:Drivers/CMSIS/Include/cmsis_gcc.h **** #endif
  55:Drivers/CMSIS/Include/cmsis_gcc.h **** #ifndef   __USED
  56:Drivers/CMSIS/Include/cmsis_gcc.h ****   #define __USED                                 __attribute__((used))
  57:Drivers/CMSIS/Include/cmsis_gcc.h **** #endif
  58:Drivers/CMSIS/Include/cmsis_gcc.h **** #ifndef   __WEAK
  59:Drivers/CMSIS/Include/cmsis_gcc.h ****   #define __WEAK                                 __attribute__((weak))
  60:Drivers/CMSIS/Include/cmsis_gcc.h **** #endif
  61:Drivers/CMSIS/Include/cmsis_gcc.h **** #ifndef   __PACKED
  62:Drivers/CMSIS/Include/cmsis_gcc.h ****   #define __PACKED                               __attribute__((packed, aligned(1)))
  63:Drivers/CMSIS/Include/cmsis_gcc.h **** #endif
  64:Drivers/CMSIS/Include/cmsis_gcc.h **** #ifndef   __PACKED_STRUCT
  65:Drivers/CMSIS/Include/cmsis_gcc.h ****   #define __PACKED_STRUCT                        struct __attribute__((packed, aligned(1)))
  66:Drivers/CMSIS/Include/cmsis_gcc.h **** #endif
  67:Drivers/CMSIS/Include/cmsis_gcc.h **** #ifndef   __PACKED_UNION
  68:Drivers/CMSIS/Include/cmsis_gcc.h ****   #define __PACKED_UNION                         union __attribute__((packed, aligned(1)))
  69:Drivers/CMSIS/Include/cmsis_gcc.h **** #endif
  70:Drivers/CMSIS/Include/cmsis_gcc.h **** #ifndef   __UNALIGNED_UINT32        /* deprecated */
  71:Drivers/CMSIS/Include/cmsis_gcc.h ****   #pragma GCC diagnostic push
  72:Drivers/CMSIS/Include/cmsis_gcc.h ****   #pragma GCC diagnostic ignored "-Wpacked"
  73:Drivers/CMSIS/Include/cmsis_gcc.h ****   #pragma GCC diagnostic ignored "-Wattributes"
  74:Drivers/CMSIS/Include/cmsis_gcc.h ****   struct __attribute__((packed)) T_UINT32 { uint32_t v; };
  75:Drivers/CMSIS/Include/cmsis_gcc.h ****   #pragma GCC diagnostic pop
  76:Drivers/CMSIS/Include/cmsis_gcc.h ****   #define __UNALIGNED_UINT32(x)                  (((struct T_UINT32 *)(x))->v)
  77:Drivers/CMSIS/Include/cmsis_gcc.h **** #endif
  78:Drivers/CMSIS/Include/cmsis_gcc.h **** #ifndef   __UNALIGNED_UINT16_WRITE
  79:Drivers/CMSIS/Include/cmsis_gcc.h ****   #pragma GCC diagnostic push
  80:Drivers/CMSIS/Include/cmsis_gcc.h ****   #pragma GCC diagnostic ignored "-Wpacked"
  81:Drivers/CMSIS/Include/cmsis_gcc.h ****   #pragma GCC diagnostic ignored "-Wattributes"
  82:Drivers/CMSIS/Include/cmsis_gcc.h ****   __PACKED_STRUCT T_UINT16_WRITE { uint16_t v; };
  83:Drivers/CMSIS/Include/cmsis_gcc.h ****   #pragma GCC diagnostic pop
  84:Drivers/CMSIS/Include/cmsis_gcc.h ****   #define __UNALIGNED_UINT16_WRITE(addr, val)    (void)((((struct T_UINT16_WRITE *)(void *)(addr))-
  85:Drivers/CMSIS/Include/cmsis_gcc.h **** #endif
  86:Drivers/CMSIS/Include/cmsis_gcc.h **** #ifndef   __UNALIGNED_UINT16_READ
  87:Drivers/CMSIS/Include/cmsis_gcc.h ****   #pragma GCC diagnostic push
  88:Drivers/CMSIS/Include/cmsis_gcc.h ****   #pragma GCC diagnostic ignored "-Wpacked"
  89:Drivers/CMSIS/Include/cmsis_gcc.h ****   #pragma GCC diagnostic ignored "-Wattributes"
  90:Drivers/CMSIS/Include/cmsis_gcc.h ****   __PACKED_STRUCT T_UINT16_READ { uint16_t v; };
  91:Drivers/CMSIS/Include/cmsis_gcc.h ****   #pragma GCC diagnostic pop
  92:Drivers/CMSIS/Include/cmsis_gcc.h ****   #define __UNALIGNED_UINT16_READ(addr)          (((const struct T_UINT16_READ *)(const void *)(add
ARM GAS  /tmp/cc1LZDaw.s 			page 60


  93:Drivers/CMSIS/Include/cmsis_gcc.h **** #endif
  94:Drivers/CMSIS/Include/cmsis_gcc.h **** #ifndef   __UNALIGNED_UINT32_WRITE
  95:Drivers/CMSIS/Include/cmsis_gcc.h ****   #pragma GCC diagnostic push
  96:Drivers/CMSIS/Include/cmsis_gcc.h ****   #pragma GCC diagnostic ignored "-Wpacked"
  97:Drivers/CMSIS/Include/cmsis_gcc.h ****   #pragma GCC diagnostic ignored "-Wattributes"
  98:Drivers/CMSIS/Include/cmsis_gcc.h ****   __PACKED_STRUCT T_UINT32_WRITE { uint32_t v; };
  99:Drivers/CMSIS/Include/cmsis_gcc.h ****   #pragma GCC diagnostic pop
 100:Drivers/CMSIS/Include/cmsis_gcc.h ****   #define __UNALIGNED_UINT32_WRITE(addr, val)    (void)((((struct T_UINT32_WRITE *)(void *)(addr))-
 101:Drivers/CMSIS/Include/cmsis_gcc.h **** #endif
 102:Drivers/CMSIS/Include/cmsis_gcc.h **** #ifndef   __UNALIGNED_UINT32_READ
 103:Drivers/CMSIS/Include/cmsis_gcc.h ****   #pragma GCC diagnostic push
 104:Drivers/CMSIS/Include/cmsis_gcc.h ****   #pragma GCC diagnostic ignored "-Wpacked"
 105:Drivers/CMSIS/Include/cmsis_gcc.h ****   #pragma GCC diagnostic ignored "-Wattributes"
 106:Drivers/CMSIS/Include/cmsis_gcc.h ****   __PACKED_STRUCT T_UINT32_READ { uint32_t v; };
 107:Drivers/CMSIS/Include/cmsis_gcc.h ****   #pragma GCC diagnostic pop
 108:Drivers/CMSIS/Include/cmsis_gcc.h ****   #define __UNALIGNED_UINT32_READ(addr)          (((const struct T_UINT32_READ *)(const void *)(add
 109:Drivers/CMSIS/Include/cmsis_gcc.h **** #endif
 110:Drivers/CMSIS/Include/cmsis_gcc.h **** #ifndef   __ALIGNED
 111:Drivers/CMSIS/Include/cmsis_gcc.h ****   #define __ALIGNED(x)                           __attribute__((aligned(x)))
 112:Drivers/CMSIS/Include/cmsis_gcc.h **** #endif
 113:Drivers/CMSIS/Include/cmsis_gcc.h **** #ifndef   __RESTRICT
 114:Drivers/CMSIS/Include/cmsis_gcc.h ****   #define __RESTRICT                             __restrict
 115:Drivers/CMSIS/Include/cmsis_gcc.h **** #endif
 116:Drivers/CMSIS/Include/cmsis_gcc.h **** 
 117:Drivers/CMSIS/Include/cmsis_gcc.h **** 
 118:Drivers/CMSIS/Include/cmsis_gcc.h **** /* ###########################  Core Function Access  ########################### */
 119:Drivers/CMSIS/Include/cmsis_gcc.h **** /** \ingroup  CMSIS_Core_FunctionInterface
 120:Drivers/CMSIS/Include/cmsis_gcc.h ****     \defgroup CMSIS_Core_RegAccFunctions CMSIS Core Register Access Functions
 121:Drivers/CMSIS/Include/cmsis_gcc.h ****   @{
 122:Drivers/CMSIS/Include/cmsis_gcc.h ****  */
 123:Drivers/CMSIS/Include/cmsis_gcc.h **** 
 124:Drivers/CMSIS/Include/cmsis_gcc.h **** /**
 125:Drivers/CMSIS/Include/cmsis_gcc.h ****   \brief   Enable IRQ Interrupts
 126:Drivers/CMSIS/Include/cmsis_gcc.h ****   \details Enables IRQ interrupts by clearing the I-bit in the CPSR.
 127:Drivers/CMSIS/Include/cmsis_gcc.h ****            Can only be executed in Privileged modes.
 128:Drivers/CMSIS/Include/cmsis_gcc.h ****  */
 129:Drivers/CMSIS/Include/cmsis_gcc.h **** __STATIC_FORCEINLINE void __enable_irq(void)
 130:Drivers/CMSIS/Include/cmsis_gcc.h **** {
 131:Drivers/CMSIS/Include/cmsis_gcc.h ****   __ASM volatile ("cpsie i" : : : "memory");
 132:Drivers/CMSIS/Include/cmsis_gcc.h **** }
 133:Drivers/CMSIS/Include/cmsis_gcc.h **** 
 134:Drivers/CMSIS/Include/cmsis_gcc.h **** 
 135:Drivers/CMSIS/Include/cmsis_gcc.h **** /**
 136:Drivers/CMSIS/Include/cmsis_gcc.h ****   \brief   Disable IRQ Interrupts
 137:Drivers/CMSIS/Include/cmsis_gcc.h ****   \details Disables IRQ interrupts by setting the I-bit in the CPSR.
 138:Drivers/CMSIS/Include/cmsis_gcc.h ****            Can only be executed in Privileged modes.
 139:Drivers/CMSIS/Include/cmsis_gcc.h ****  */
 140:Drivers/CMSIS/Include/cmsis_gcc.h **** __STATIC_FORCEINLINE void __disable_irq(void)
 141:Drivers/CMSIS/Include/cmsis_gcc.h **** {
 142:Drivers/CMSIS/Include/cmsis_gcc.h ****   __ASM volatile ("cpsid i" : : : "memory");
 143:Drivers/CMSIS/Include/cmsis_gcc.h **** }
 144:Drivers/CMSIS/Include/cmsis_gcc.h **** 
 145:Drivers/CMSIS/Include/cmsis_gcc.h **** 
 146:Drivers/CMSIS/Include/cmsis_gcc.h **** /**
 147:Drivers/CMSIS/Include/cmsis_gcc.h ****   \brief   Get Control Register
 148:Drivers/CMSIS/Include/cmsis_gcc.h ****   \details Returns the content of the Control Register.
 149:Drivers/CMSIS/Include/cmsis_gcc.h ****   \return               Control Register value
ARM GAS  /tmp/cc1LZDaw.s 			page 61


 150:Drivers/CMSIS/Include/cmsis_gcc.h ****  */
 151:Drivers/CMSIS/Include/cmsis_gcc.h **** __STATIC_FORCEINLINE uint32_t __get_CONTROL(void)
 152:Drivers/CMSIS/Include/cmsis_gcc.h **** {
 153:Drivers/CMSIS/Include/cmsis_gcc.h ****   uint32_t result;
 154:Drivers/CMSIS/Include/cmsis_gcc.h **** 
 155:Drivers/CMSIS/Include/cmsis_gcc.h ****   __ASM volatile ("MRS %0, control" : "=r" (result) );
 156:Drivers/CMSIS/Include/cmsis_gcc.h ****   return(result);
 157:Drivers/CMSIS/Include/cmsis_gcc.h **** }
 158:Drivers/CMSIS/Include/cmsis_gcc.h **** 
 159:Drivers/CMSIS/Include/cmsis_gcc.h **** 
 160:Drivers/CMSIS/Include/cmsis_gcc.h **** #if (defined (__ARM_FEATURE_CMSE ) && (__ARM_FEATURE_CMSE == 3))
 161:Drivers/CMSIS/Include/cmsis_gcc.h **** /**
 162:Drivers/CMSIS/Include/cmsis_gcc.h ****   \brief   Get Control Register (non-secure)
 163:Drivers/CMSIS/Include/cmsis_gcc.h ****   \details Returns the content of the non-secure Control Register when in secure mode.
 164:Drivers/CMSIS/Include/cmsis_gcc.h ****   \return               non-secure Control Register value
 165:Drivers/CMSIS/Include/cmsis_gcc.h ****  */
 166:Drivers/CMSIS/Include/cmsis_gcc.h **** __STATIC_FORCEINLINE uint32_t __TZ_get_CONTROL_NS(void)
 167:Drivers/CMSIS/Include/cmsis_gcc.h **** {
 168:Drivers/CMSIS/Include/cmsis_gcc.h ****   uint32_t result;
 169:Drivers/CMSIS/Include/cmsis_gcc.h **** 
 170:Drivers/CMSIS/Include/cmsis_gcc.h ****   __ASM volatile ("MRS %0, control_ns" : "=r" (result) );
 171:Drivers/CMSIS/Include/cmsis_gcc.h ****   return(result);
 172:Drivers/CMSIS/Include/cmsis_gcc.h **** }
 173:Drivers/CMSIS/Include/cmsis_gcc.h **** #endif
 174:Drivers/CMSIS/Include/cmsis_gcc.h **** 
 175:Drivers/CMSIS/Include/cmsis_gcc.h **** 
 176:Drivers/CMSIS/Include/cmsis_gcc.h **** /**
 177:Drivers/CMSIS/Include/cmsis_gcc.h ****   \brief   Set Control Register
 178:Drivers/CMSIS/Include/cmsis_gcc.h ****   \details Writes the given value to the Control Register.
 179:Drivers/CMSIS/Include/cmsis_gcc.h ****   \param [in]    control  Control Register value to set
 180:Drivers/CMSIS/Include/cmsis_gcc.h ****  */
 181:Drivers/CMSIS/Include/cmsis_gcc.h **** __STATIC_FORCEINLINE void __set_CONTROL(uint32_t control)
 182:Drivers/CMSIS/Include/cmsis_gcc.h **** {
 183:Drivers/CMSIS/Include/cmsis_gcc.h ****   __ASM volatile ("MSR control, %0" : : "r" (control) : "memory");
 184:Drivers/CMSIS/Include/cmsis_gcc.h **** }
 185:Drivers/CMSIS/Include/cmsis_gcc.h **** 
 186:Drivers/CMSIS/Include/cmsis_gcc.h **** 
 187:Drivers/CMSIS/Include/cmsis_gcc.h **** #if (defined (__ARM_FEATURE_CMSE ) && (__ARM_FEATURE_CMSE == 3))
 188:Drivers/CMSIS/Include/cmsis_gcc.h **** /**
 189:Drivers/CMSIS/Include/cmsis_gcc.h ****   \brief   Set Control Register (non-secure)
 190:Drivers/CMSIS/Include/cmsis_gcc.h ****   \details Writes the given value to the non-secure Control Register when in secure state.
 191:Drivers/CMSIS/Include/cmsis_gcc.h ****   \param [in]    control  Control Register value to set
 192:Drivers/CMSIS/Include/cmsis_gcc.h ****  */
 193:Drivers/CMSIS/Include/cmsis_gcc.h **** __STATIC_FORCEINLINE void __TZ_set_CONTROL_NS(uint32_t control)
 194:Drivers/CMSIS/Include/cmsis_gcc.h **** {
 195:Drivers/CMSIS/Include/cmsis_gcc.h ****   __ASM volatile ("MSR control_ns, %0" : : "r" (control) : "memory");
 196:Drivers/CMSIS/Include/cmsis_gcc.h **** }
 197:Drivers/CMSIS/Include/cmsis_gcc.h **** #endif
 198:Drivers/CMSIS/Include/cmsis_gcc.h **** 
 199:Drivers/CMSIS/Include/cmsis_gcc.h **** 
 200:Drivers/CMSIS/Include/cmsis_gcc.h **** /**
 201:Drivers/CMSIS/Include/cmsis_gcc.h ****   \brief   Get IPSR Register
 202:Drivers/CMSIS/Include/cmsis_gcc.h ****   \details Returns the content of the IPSR Register.
 203:Drivers/CMSIS/Include/cmsis_gcc.h ****   \return               IPSR Register value
 204:Drivers/CMSIS/Include/cmsis_gcc.h ****  */
 205:Drivers/CMSIS/Include/cmsis_gcc.h **** __STATIC_FORCEINLINE uint32_t __get_IPSR(void)
 206:Drivers/CMSIS/Include/cmsis_gcc.h **** {
ARM GAS  /tmp/cc1LZDaw.s 			page 62


 207:Drivers/CMSIS/Include/cmsis_gcc.h ****   uint32_t result;
 208:Drivers/CMSIS/Include/cmsis_gcc.h **** 
 209:Drivers/CMSIS/Include/cmsis_gcc.h ****   __ASM volatile ("MRS %0, ipsr" : "=r" (result) );
 210:Drivers/CMSIS/Include/cmsis_gcc.h ****   return(result);
 211:Drivers/CMSIS/Include/cmsis_gcc.h **** }
 212:Drivers/CMSIS/Include/cmsis_gcc.h **** 
 213:Drivers/CMSIS/Include/cmsis_gcc.h **** 
 214:Drivers/CMSIS/Include/cmsis_gcc.h **** /**
 215:Drivers/CMSIS/Include/cmsis_gcc.h ****   \brief   Get APSR Register
 216:Drivers/CMSIS/Include/cmsis_gcc.h ****   \details Returns the content of the APSR Register.
 217:Drivers/CMSIS/Include/cmsis_gcc.h ****   \return               APSR Register value
 218:Drivers/CMSIS/Include/cmsis_gcc.h ****  */
 219:Drivers/CMSIS/Include/cmsis_gcc.h **** __STATIC_FORCEINLINE uint32_t __get_APSR(void)
 220:Drivers/CMSIS/Include/cmsis_gcc.h **** {
 221:Drivers/CMSIS/Include/cmsis_gcc.h ****   uint32_t result;
 222:Drivers/CMSIS/Include/cmsis_gcc.h **** 
 223:Drivers/CMSIS/Include/cmsis_gcc.h ****   __ASM volatile ("MRS %0, apsr" : "=r" (result) );
 224:Drivers/CMSIS/Include/cmsis_gcc.h ****   return(result);
 225:Drivers/CMSIS/Include/cmsis_gcc.h **** }
 226:Drivers/CMSIS/Include/cmsis_gcc.h **** 
 227:Drivers/CMSIS/Include/cmsis_gcc.h **** 
 228:Drivers/CMSIS/Include/cmsis_gcc.h **** /**
 229:Drivers/CMSIS/Include/cmsis_gcc.h ****   \brief   Get xPSR Register
 230:Drivers/CMSIS/Include/cmsis_gcc.h ****   \details Returns the content of the xPSR Register.
 231:Drivers/CMSIS/Include/cmsis_gcc.h ****   \return               xPSR Register value
 232:Drivers/CMSIS/Include/cmsis_gcc.h ****  */
 233:Drivers/CMSIS/Include/cmsis_gcc.h **** __STATIC_FORCEINLINE uint32_t __get_xPSR(void)
 234:Drivers/CMSIS/Include/cmsis_gcc.h **** {
 235:Drivers/CMSIS/Include/cmsis_gcc.h ****   uint32_t result;
 236:Drivers/CMSIS/Include/cmsis_gcc.h **** 
 237:Drivers/CMSIS/Include/cmsis_gcc.h ****   __ASM volatile ("MRS %0, xpsr" : "=r" (result) );
 238:Drivers/CMSIS/Include/cmsis_gcc.h ****   return(result);
 239:Drivers/CMSIS/Include/cmsis_gcc.h **** }
 240:Drivers/CMSIS/Include/cmsis_gcc.h **** 
 241:Drivers/CMSIS/Include/cmsis_gcc.h **** 
 242:Drivers/CMSIS/Include/cmsis_gcc.h **** /**
 243:Drivers/CMSIS/Include/cmsis_gcc.h ****   \brief   Get Process Stack Pointer
 244:Drivers/CMSIS/Include/cmsis_gcc.h ****   \details Returns the current value of the Process Stack Pointer (PSP).
 245:Drivers/CMSIS/Include/cmsis_gcc.h ****   \return               PSP Register value
 246:Drivers/CMSIS/Include/cmsis_gcc.h ****  */
 247:Drivers/CMSIS/Include/cmsis_gcc.h **** __STATIC_FORCEINLINE uint32_t __get_PSP(void)
 248:Drivers/CMSIS/Include/cmsis_gcc.h **** {
 249:Drivers/CMSIS/Include/cmsis_gcc.h ****   uint32_t result;
 250:Drivers/CMSIS/Include/cmsis_gcc.h **** 
 251:Drivers/CMSIS/Include/cmsis_gcc.h ****   __ASM volatile ("MRS %0, psp"  : "=r" (result) );
 252:Drivers/CMSIS/Include/cmsis_gcc.h ****   return(result);
 253:Drivers/CMSIS/Include/cmsis_gcc.h **** }
 254:Drivers/CMSIS/Include/cmsis_gcc.h **** 
 255:Drivers/CMSIS/Include/cmsis_gcc.h **** 
 256:Drivers/CMSIS/Include/cmsis_gcc.h **** #if (defined (__ARM_FEATURE_CMSE ) && (__ARM_FEATURE_CMSE == 3))
 257:Drivers/CMSIS/Include/cmsis_gcc.h **** /**
 258:Drivers/CMSIS/Include/cmsis_gcc.h ****   \brief   Get Process Stack Pointer (non-secure)
 259:Drivers/CMSIS/Include/cmsis_gcc.h ****   \details Returns the current value of the non-secure Process Stack Pointer (PSP) when in secure s
 260:Drivers/CMSIS/Include/cmsis_gcc.h ****   \return               PSP Register value
 261:Drivers/CMSIS/Include/cmsis_gcc.h ****  */
 262:Drivers/CMSIS/Include/cmsis_gcc.h **** __STATIC_FORCEINLINE uint32_t __TZ_get_PSP_NS(void)
 263:Drivers/CMSIS/Include/cmsis_gcc.h **** {
ARM GAS  /tmp/cc1LZDaw.s 			page 63


 264:Drivers/CMSIS/Include/cmsis_gcc.h ****   uint32_t result;
 265:Drivers/CMSIS/Include/cmsis_gcc.h **** 
 266:Drivers/CMSIS/Include/cmsis_gcc.h ****   __ASM volatile ("MRS %0, psp_ns"  : "=r" (result) );
 267:Drivers/CMSIS/Include/cmsis_gcc.h ****   return(result);
 268:Drivers/CMSIS/Include/cmsis_gcc.h **** }
 269:Drivers/CMSIS/Include/cmsis_gcc.h **** #endif
 270:Drivers/CMSIS/Include/cmsis_gcc.h **** 
 271:Drivers/CMSIS/Include/cmsis_gcc.h **** 
 272:Drivers/CMSIS/Include/cmsis_gcc.h **** /**
 273:Drivers/CMSIS/Include/cmsis_gcc.h ****   \brief   Set Process Stack Pointer
 274:Drivers/CMSIS/Include/cmsis_gcc.h ****   \details Assigns the given value to the Process Stack Pointer (PSP).
 275:Drivers/CMSIS/Include/cmsis_gcc.h ****   \param [in]    topOfProcStack  Process Stack Pointer value to set
 276:Drivers/CMSIS/Include/cmsis_gcc.h ****  */
 277:Drivers/CMSIS/Include/cmsis_gcc.h **** __STATIC_FORCEINLINE void __set_PSP(uint32_t topOfProcStack)
 278:Drivers/CMSIS/Include/cmsis_gcc.h **** {
 279:Drivers/CMSIS/Include/cmsis_gcc.h ****   __ASM volatile ("MSR psp, %0" : : "r" (topOfProcStack) : );
 280:Drivers/CMSIS/Include/cmsis_gcc.h **** }
 281:Drivers/CMSIS/Include/cmsis_gcc.h **** 
 282:Drivers/CMSIS/Include/cmsis_gcc.h **** 
 283:Drivers/CMSIS/Include/cmsis_gcc.h **** #if (defined (__ARM_FEATURE_CMSE ) && (__ARM_FEATURE_CMSE == 3))
 284:Drivers/CMSIS/Include/cmsis_gcc.h **** /**
 285:Drivers/CMSIS/Include/cmsis_gcc.h ****   \brief   Set Process Stack Pointer (non-secure)
 286:Drivers/CMSIS/Include/cmsis_gcc.h ****   \details Assigns the given value to the non-secure Process Stack Pointer (PSP) when in secure sta
 287:Drivers/CMSIS/Include/cmsis_gcc.h ****   \param [in]    topOfProcStack  Process Stack Pointer value to set
 288:Drivers/CMSIS/Include/cmsis_gcc.h ****  */
 289:Drivers/CMSIS/Include/cmsis_gcc.h **** __STATIC_FORCEINLINE void __TZ_set_PSP_NS(uint32_t topOfProcStack)
 290:Drivers/CMSIS/Include/cmsis_gcc.h **** {
 291:Drivers/CMSIS/Include/cmsis_gcc.h ****   __ASM volatile ("MSR psp_ns, %0" : : "r" (topOfProcStack) : );
 292:Drivers/CMSIS/Include/cmsis_gcc.h **** }
 293:Drivers/CMSIS/Include/cmsis_gcc.h **** #endif
 294:Drivers/CMSIS/Include/cmsis_gcc.h **** 
 295:Drivers/CMSIS/Include/cmsis_gcc.h **** 
 296:Drivers/CMSIS/Include/cmsis_gcc.h **** /**
 297:Drivers/CMSIS/Include/cmsis_gcc.h ****   \brief   Get Main Stack Pointer
 298:Drivers/CMSIS/Include/cmsis_gcc.h ****   \details Returns the current value of the Main Stack Pointer (MSP).
 299:Drivers/CMSIS/Include/cmsis_gcc.h ****   \return               MSP Register value
 300:Drivers/CMSIS/Include/cmsis_gcc.h ****  */
 301:Drivers/CMSIS/Include/cmsis_gcc.h **** __STATIC_FORCEINLINE uint32_t __get_MSP(void)
 302:Drivers/CMSIS/Include/cmsis_gcc.h **** {
 303:Drivers/CMSIS/Include/cmsis_gcc.h ****   uint32_t result;
 304:Drivers/CMSIS/Include/cmsis_gcc.h **** 
 305:Drivers/CMSIS/Include/cmsis_gcc.h ****   __ASM volatile ("MRS %0, msp" : "=r" (result) );
 306:Drivers/CMSIS/Include/cmsis_gcc.h ****   return(result);
 307:Drivers/CMSIS/Include/cmsis_gcc.h **** }
 308:Drivers/CMSIS/Include/cmsis_gcc.h **** 
 309:Drivers/CMSIS/Include/cmsis_gcc.h **** 
 310:Drivers/CMSIS/Include/cmsis_gcc.h **** #if (defined (__ARM_FEATURE_CMSE ) && (__ARM_FEATURE_CMSE == 3))
 311:Drivers/CMSIS/Include/cmsis_gcc.h **** /**
 312:Drivers/CMSIS/Include/cmsis_gcc.h ****   \brief   Get Main Stack Pointer (non-secure)
 313:Drivers/CMSIS/Include/cmsis_gcc.h ****   \details Returns the current value of the non-secure Main Stack Pointer (MSP) when in secure stat
 314:Drivers/CMSIS/Include/cmsis_gcc.h ****   \return               MSP Register value
 315:Drivers/CMSIS/Include/cmsis_gcc.h ****  */
 316:Drivers/CMSIS/Include/cmsis_gcc.h **** __STATIC_FORCEINLINE uint32_t __TZ_get_MSP_NS(void)
 317:Drivers/CMSIS/Include/cmsis_gcc.h **** {
 318:Drivers/CMSIS/Include/cmsis_gcc.h ****   uint32_t result;
 319:Drivers/CMSIS/Include/cmsis_gcc.h **** 
 320:Drivers/CMSIS/Include/cmsis_gcc.h ****   __ASM volatile ("MRS %0, msp_ns" : "=r" (result) );
ARM GAS  /tmp/cc1LZDaw.s 			page 64


 321:Drivers/CMSIS/Include/cmsis_gcc.h ****   return(result);
 322:Drivers/CMSIS/Include/cmsis_gcc.h **** }
 323:Drivers/CMSIS/Include/cmsis_gcc.h **** #endif
 324:Drivers/CMSIS/Include/cmsis_gcc.h **** 
 325:Drivers/CMSIS/Include/cmsis_gcc.h **** 
 326:Drivers/CMSIS/Include/cmsis_gcc.h **** /**
 327:Drivers/CMSIS/Include/cmsis_gcc.h ****   \brief   Set Main Stack Pointer
 328:Drivers/CMSIS/Include/cmsis_gcc.h ****   \details Assigns the given value to the Main Stack Pointer (MSP).
 329:Drivers/CMSIS/Include/cmsis_gcc.h ****   \param [in]    topOfMainStack  Main Stack Pointer value to set
 330:Drivers/CMSIS/Include/cmsis_gcc.h ****  */
 331:Drivers/CMSIS/Include/cmsis_gcc.h **** __STATIC_FORCEINLINE void __set_MSP(uint32_t topOfMainStack)
 332:Drivers/CMSIS/Include/cmsis_gcc.h **** {
 333:Drivers/CMSIS/Include/cmsis_gcc.h ****   __ASM volatile ("MSR msp, %0" : : "r" (topOfMainStack) : );
 334:Drivers/CMSIS/Include/cmsis_gcc.h **** }
 335:Drivers/CMSIS/Include/cmsis_gcc.h **** 
 336:Drivers/CMSIS/Include/cmsis_gcc.h **** 
 337:Drivers/CMSIS/Include/cmsis_gcc.h **** #if (defined (__ARM_FEATURE_CMSE ) && (__ARM_FEATURE_CMSE == 3))
 338:Drivers/CMSIS/Include/cmsis_gcc.h **** /**
 339:Drivers/CMSIS/Include/cmsis_gcc.h ****   \brief   Set Main Stack Pointer (non-secure)
 340:Drivers/CMSIS/Include/cmsis_gcc.h ****   \details Assigns the given value to the non-secure Main Stack Pointer (MSP) when in secure state.
 341:Drivers/CMSIS/Include/cmsis_gcc.h ****   \param [in]    topOfMainStack  Main Stack Pointer value to set
 342:Drivers/CMSIS/Include/cmsis_gcc.h ****  */
 343:Drivers/CMSIS/Include/cmsis_gcc.h **** __STATIC_FORCEINLINE void __TZ_set_MSP_NS(uint32_t topOfMainStack)
 344:Drivers/CMSIS/Include/cmsis_gcc.h **** {
 345:Drivers/CMSIS/Include/cmsis_gcc.h ****   __ASM volatile ("MSR msp_ns, %0" : : "r" (topOfMainStack) : );
 346:Drivers/CMSIS/Include/cmsis_gcc.h **** }
 347:Drivers/CMSIS/Include/cmsis_gcc.h **** #endif
 348:Drivers/CMSIS/Include/cmsis_gcc.h **** 
 349:Drivers/CMSIS/Include/cmsis_gcc.h **** 
 350:Drivers/CMSIS/Include/cmsis_gcc.h **** #if (defined (__ARM_FEATURE_CMSE ) && (__ARM_FEATURE_CMSE == 3))
 351:Drivers/CMSIS/Include/cmsis_gcc.h **** /**
 352:Drivers/CMSIS/Include/cmsis_gcc.h ****   \brief   Get Stack Pointer (non-secure)
 353:Drivers/CMSIS/Include/cmsis_gcc.h ****   \details Returns the current value of the non-secure Stack Pointer (SP) when in secure state.
 354:Drivers/CMSIS/Include/cmsis_gcc.h ****   \return               SP Register value
 355:Drivers/CMSIS/Include/cmsis_gcc.h ****  */
 356:Drivers/CMSIS/Include/cmsis_gcc.h **** __STATIC_FORCEINLINE uint32_t __TZ_get_SP_NS(void)
 357:Drivers/CMSIS/Include/cmsis_gcc.h **** {
 358:Drivers/CMSIS/Include/cmsis_gcc.h ****   uint32_t result;
 359:Drivers/CMSIS/Include/cmsis_gcc.h **** 
 360:Drivers/CMSIS/Include/cmsis_gcc.h ****   __ASM volatile ("MRS %0, sp_ns" : "=r" (result) );
 361:Drivers/CMSIS/Include/cmsis_gcc.h ****   return(result);
 362:Drivers/CMSIS/Include/cmsis_gcc.h **** }
 363:Drivers/CMSIS/Include/cmsis_gcc.h **** 
 364:Drivers/CMSIS/Include/cmsis_gcc.h **** 
 365:Drivers/CMSIS/Include/cmsis_gcc.h **** /**
 366:Drivers/CMSIS/Include/cmsis_gcc.h ****   \brief   Set Stack Pointer (non-secure)
 367:Drivers/CMSIS/Include/cmsis_gcc.h ****   \details Assigns the given value to the non-secure Stack Pointer (SP) when in secure state.
 368:Drivers/CMSIS/Include/cmsis_gcc.h ****   \param [in]    topOfStack  Stack Pointer value to set
 369:Drivers/CMSIS/Include/cmsis_gcc.h ****  */
 370:Drivers/CMSIS/Include/cmsis_gcc.h **** __STATIC_FORCEINLINE void __TZ_set_SP_NS(uint32_t topOfStack)
 371:Drivers/CMSIS/Include/cmsis_gcc.h **** {
 372:Drivers/CMSIS/Include/cmsis_gcc.h ****   __ASM volatile ("MSR sp_ns, %0" : : "r" (topOfStack) : );
 373:Drivers/CMSIS/Include/cmsis_gcc.h **** }
 374:Drivers/CMSIS/Include/cmsis_gcc.h **** #endif
 375:Drivers/CMSIS/Include/cmsis_gcc.h **** 
 376:Drivers/CMSIS/Include/cmsis_gcc.h **** 
 377:Drivers/CMSIS/Include/cmsis_gcc.h **** /**
ARM GAS  /tmp/cc1LZDaw.s 			page 65


 378:Drivers/CMSIS/Include/cmsis_gcc.h ****   \brief   Get Priority Mask
 379:Drivers/CMSIS/Include/cmsis_gcc.h ****   \details Returns the current state of the priority mask bit from the Priority Mask Register.
 380:Drivers/CMSIS/Include/cmsis_gcc.h ****   \return               Priority Mask value
 381:Drivers/CMSIS/Include/cmsis_gcc.h ****  */
 382:Drivers/CMSIS/Include/cmsis_gcc.h **** __STATIC_FORCEINLINE uint32_t __get_PRIMASK(void)
 383:Drivers/CMSIS/Include/cmsis_gcc.h **** {
 384:Drivers/CMSIS/Include/cmsis_gcc.h ****   uint32_t result;
 385:Drivers/CMSIS/Include/cmsis_gcc.h **** 
 386:Drivers/CMSIS/Include/cmsis_gcc.h ****   __ASM volatile ("MRS %0, primask" : "=r" (result) :: "memory");
 387:Drivers/CMSIS/Include/cmsis_gcc.h ****   return(result);
 388:Drivers/CMSIS/Include/cmsis_gcc.h **** }
 389:Drivers/CMSIS/Include/cmsis_gcc.h **** 
 390:Drivers/CMSIS/Include/cmsis_gcc.h **** 
 391:Drivers/CMSIS/Include/cmsis_gcc.h **** #if (defined (__ARM_FEATURE_CMSE ) && (__ARM_FEATURE_CMSE == 3))
 392:Drivers/CMSIS/Include/cmsis_gcc.h **** /**
 393:Drivers/CMSIS/Include/cmsis_gcc.h ****   \brief   Get Priority Mask (non-secure)
 394:Drivers/CMSIS/Include/cmsis_gcc.h ****   \details Returns the current state of the non-secure priority mask bit from the Priority Mask Reg
 395:Drivers/CMSIS/Include/cmsis_gcc.h ****   \return               Priority Mask value
 396:Drivers/CMSIS/Include/cmsis_gcc.h ****  */
 397:Drivers/CMSIS/Include/cmsis_gcc.h **** __STATIC_FORCEINLINE uint32_t __TZ_get_PRIMASK_NS(void)
 398:Drivers/CMSIS/Include/cmsis_gcc.h **** {
 399:Drivers/CMSIS/Include/cmsis_gcc.h ****   uint32_t result;
 400:Drivers/CMSIS/Include/cmsis_gcc.h **** 
 401:Drivers/CMSIS/Include/cmsis_gcc.h ****   __ASM volatile ("MRS %0, primask_ns" : "=r" (result) :: "memory");
 402:Drivers/CMSIS/Include/cmsis_gcc.h ****   return(result);
 403:Drivers/CMSIS/Include/cmsis_gcc.h **** }
 404:Drivers/CMSIS/Include/cmsis_gcc.h **** #endif
 405:Drivers/CMSIS/Include/cmsis_gcc.h **** 
 406:Drivers/CMSIS/Include/cmsis_gcc.h **** 
 407:Drivers/CMSIS/Include/cmsis_gcc.h **** /**
 408:Drivers/CMSIS/Include/cmsis_gcc.h ****   \brief   Set Priority Mask
 409:Drivers/CMSIS/Include/cmsis_gcc.h ****   \details Assigns the given value to the Priority Mask Register.
 410:Drivers/CMSIS/Include/cmsis_gcc.h ****   \param [in]    priMask  Priority Mask
 411:Drivers/CMSIS/Include/cmsis_gcc.h ****  */
 412:Drivers/CMSIS/Include/cmsis_gcc.h **** __STATIC_FORCEINLINE void __set_PRIMASK(uint32_t priMask)
 413:Drivers/CMSIS/Include/cmsis_gcc.h **** {
 414:Drivers/CMSIS/Include/cmsis_gcc.h ****   __ASM volatile ("MSR primask, %0" : : "r" (priMask) : "memory");
 415:Drivers/CMSIS/Include/cmsis_gcc.h **** }
 416:Drivers/CMSIS/Include/cmsis_gcc.h **** 
 417:Drivers/CMSIS/Include/cmsis_gcc.h **** 
 418:Drivers/CMSIS/Include/cmsis_gcc.h **** #if (defined (__ARM_FEATURE_CMSE ) && (__ARM_FEATURE_CMSE == 3))
 419:Drivers/CMSIS/Include/cmsis_gcc.h **** /**
 420:Drivers/CMSIS/Include/cmsis_gcc.h ****   \brief   Set Priority Mask (non-secure)
 421:Drivers/CMSIS/Include/cmsis_gcc.h ****   \details Assigns the given value to the non-secure Priority Mask Register when in secure state.
 422:Drivers/CMSIS/Include/cmsis_gcc.h ****   \param [in]    priMask  Priority Mask
 423:Drivers/CMSIS/Include/cmsis_gcc.h ****  */
 424:Drivers/CMSIS/Include/cmsis_gcc.h **** __STATIC_FORCEINLINE void __TZ_set_PRIMASK_NS(uint32_t priMask)
 425:Drivers/CMSIS/Include/cmsis_gcc.h **** {
 426:Drivers/CMSIS/Include/cmsis_gcc.h ****   __ASM volatile ("MSR primask_ns, %0" : : "r" (priMask) : "memory");
 427:Drivers/CMSIS/Include/cmsis_gcc.h **** }
 428:Drivers/CMSIS/Include/cmsis_gcc.h **** #endif
 429:Drivers/CMSIS/Include/cmsis_gcc.h **** 
 430:Drivers/CMSIS/Include/cmsis_gcc.h **** 
 431:Drivers/CMSIS/Include/cmsis_gcc.h **** #if ((defined (__ARM_ARCH_7M__      ) && (__ARM_ARCH_7M__      == 1)) || \
 432:Drivers/CMSIS/Include/cmsis_gcc.h ****      (defined (__ARM_ARCH_7EM__     ) && (__ARM_ARCH_7EM__     == 1)) || \
 433:Drivers/CMSIS/Include/cmsis_gcc.h ****      (defined (__ARM_ARCH_8M_MAIN__ ) && (__ARM_ARCH_8M_MAIN__ == 1))    )
 434:Drivers/CMSIS/Include/cmsis_gcc.h **** /**
ARM GAS  /tmp/cc1LZDaw.s 			page 66


 435:Drivers/CMSIS/Include/cmsis_gcc.h ****   \brief   Enable FIQ
 436:Drivers/CMSIS/Include/cmsis_gcc.h ****   \details Enables FIQ interrupts by clearing the F-bit in the CPSR.
 437:Drivers/CMSIS/Include/cmsis_gcc.h ****            Can only be executed in Privileged modes.
 438:Drivers/CMSIS/Include/cmsis_gcc.h ****  */
 439:Drivers/CMSIS/Include/cmsis_gcc.h **** __STATIC_FORCEINLINE void __enable_fault_irq(void)
 440:Drivers/CMSIS/Include/cmsis_gcc.h **** {
 441:Drivers/CMSIS/Include/cmsis_gcc.h ****   __ASM volatile ("cpsie f" : : : "memory");
 442:Drivers/CMSIS/Include/cmsis_gcc.h **** }
 443:Drivers/CMSIS/Include/cmsis_gcc.h **** 
 444:Drivers/CMSIS/Include/cmsis_gcc.h **** 
 445:Drivers/CMSIS/Include/cmsis_gcc.h **** /**
 446:Drivers/CMSIS/Include/cmsis_gcc.h ****   \brief   Disable FIQ
 447:Drivers/CMSIS/Include/cmsis_gcc.h ****   \details Disables FIQ interrupts by setting the F-bit in the CPSR.
 448:Drivers/CMSIS/Include/cmsis_gcc.h ****            Can only be executed in Privileged modes.
 449:Drivers/CMSIS/Include/cmsis_gcc.h ****  */
 450:Drivers/CMSIS/Include/cmsis_gcc.h **** __STATIC_FORCEINLINE void __disable_fault_irq(void)
 451:Drivers/CMSIS/Include/cmsis_gcc.h **** {
 452:Drivers/CMSIS/Include/cmsis_gcc.h ****   __ASM volatile ("cpsid f" : : : "memory");
 453:Drivers/CMSIS/Include/cmsis_gcc.h **** }
 454:Drivers/CMSIS/Include/cmsis_gcc.h **** 
 455:Drivers/CMSIS/Include/cmsis_gcc.h **** 
 456:Drivers/CMSIS/Include/cmsis_gcc.h **** /**
 457:Drivers/CMSIS/Include/cmsis_gcc.h ****   \brief   Get Base Priority
 458:Drivers/CMSIS/Include/cmsis_gcc.h ****   \details Returns the current value of the Base Priority register.
 459:Drivers/CMSIS/Include/cmsis_gcc.h ****   \return               Base Priority register value
 460:Drivers/CMSIS/Include/cmsis_gcc.h ****  */
 461:Drivers/CMSIS/Include/cmsis_gcc.h **** __STATIC_FORCEINLINE uint32_t __get_BASEPRI(void)
 462:Drivers/CMSIS/Include/cmsis_gcc.h **** {
 463:Drivers/CMSIS/Include/cmsis_gcc.h ****   uint32_t result;
 464:Drivers/CMSIS/Include/cmsis_gcc.h **** 
 465:Drivers/CMSIS/Include/cmsis_gcc.h ****   __ASM volatile ("MRS %0, basepri" : "=r" (result) );
 466:Drivers/CMSIS/Include/cmsis_gcc.h ****   return(result);
 467:Drivers/CMSIS/Include/cmsis_gcc.h **** }
 468:Drivers/CMSIS/Include/cmsis_gcc.h **** 
 469:Drivers/CMSIS/Include/cmsis_gcc.h **** 
 470:Drivers/CMSIS/Include/cmsis_gcc.h **** #if (defined (__ARM_FEATURE_CMSE ) && (__ARM_FEATURE_CMSE == 3))
 471:Drivers/CMSIS/Include/cmsis_gcc.h **** /**
 472:Drivers/CMSIS/Include/cmsis_gcc.h ****   \brief   Get Base Priority (non-secure)
 473:Drivers/CMSIS/Include/cmsis_gcc.h ****   \details Returns the current value of the non-secure Base Priority register when in secure state.
 474:Drivers/CMSIS/Include/cmsis_gcc.h ****   \return               Base Priority register value
 475:Drivers/CMSIS/Include/cmsis_gcc.h ****  */
 476:Drivers/CMSIS/Include/cmsis_gcc.h **** __STATIC_FORCEINLINE uint32_t __TZ_get_BASEPRI_NS(void)
 477:Drivers/CMSIS/Include/cmsis_gcc.h **** {
 478:Drivers/CMSIS/Include/cmsis_gcc.h ****   uint32_t result;
 479:Drivers/CMSIS/Include/cmsis_gcc.h **** 
 480:Drivers/CMSIS/Include/cmsis_gcc.h ****   __ASM volatile ("MRS %0, basepri_ns" : "=r" (result) );
 481:Drivers/CMSIS/Include/cmsis_gcc.h ****   return(result);
 482:Drivers/CMSIS/Include/cmsis_gcc.h **** }
 483:Drivers/CMSIS/Include/cmsis_gcc.h **** #endif
 484:Drivers/CMSIS/Include/cmsis_gcc.h **** 
 485:Drivers/CMSIS/Include/cmsis_gcc.h **** 
 486:Drivers/CMSIS/Include/cmsis_gcc.h **** /**
 487:Drivers/CMSIS/Include/cmsis_gcc.h ****   \brief   Set Base Priority
 488:Drivers/CMSIS/Include/cmsis_gcc.h ****   \details Assigns the given value to the Base Priority register.
 489:Drivers/CMSIS/Include/cmsis_gcc.h ****   \param [in]    basePri  Base Priority value to set
 490:Drivers/CMSIS/Include/cmsis_gcc.h ****  */
 491:Drivers/CMSIS/Include/cmsis_gcc.h **** __STATIC_FORCEINLINE void __set_BASEPRI(uint32_t basePri)
ARM GAS  /tmp/cc1LZDaw.s 			page 67


 492:Drivers/CMSIS/Include/cmsis_gcc.h **** {
 493:Drivers/CMSIS/Include/cmsis_gcc.h ****   __ASM volatile ("MSR basepri, %0" : : "r" (basePri) : "memory");
 494:Drivers/CMSIS/Include/cmsis_gcc.h **** }
 495:Drivers/CMSIS/Include/cmsis_gcc.h **** 
 496:Drivers/CMSIS/Include/cmsis_gcc.h **** 
 497:Drivers/CMSIS/Include/cmsis_gcc.h **** #if (defined (__ARM_FEATURE_CMSE ) && (__ARM_FEATURE_CMSE == 3))
 498:Drivers/CMSIS/Include/cmsis_gcc.h **** /**
 499:Drivers/CMSIS/Include/cmsis_gcc.h ****   \brief   Set Base Priority (non-secure)
 500:Drivers/CMSIS/Include/cmsis_gcc.h ****   \details Assigns the given value to the non-secure Base Priority register when in secure state.
 501:Drivers/CMSIS/Include/cmsis_gcc.h ****   \param [in]    basePri  Base Priority value to set
 502:Drivers/CMSIS/Include/cmsis_gcc.h ****  */
 503:Drivers/CMSIS/Include/cmsis_gcc.h **** __STATIC_FORCEINLINE void __TZ_set_BASEPRI_NS(uint32_t basePri)
 504:Drivers/CMSIS/Include/cmsis_gcc.h **** {
 505:Drivers/CMSIS/Include/cmsis_gcc.h ****   __ASM volatile ("MSR basepri_ns, %0" : : "r" (basePri) : "memory");
 506:Drivers/CMSIS/Include/cmsis_gcc.h **** }
 507:Drivers/CMSIS/Include/cmsis_gcc.h **** #endif
 508:Drivers/CMSIS/Include/cmsis_gcc.h **** 
 509:Drivers/CMSIS/Include/cmsis_gcc.h **** 
 510:Drivers/CMSIS/Include/cmsis_gcc.h **** /**
 511:Drivers/CMSIS/Include/cmsis_gcc.h ****   \brief   Set Base Priority with condition
 512:Drivers/CMSIS/Include/cmsis_gcc.h ****   \details Assigns the given value to the Base Priority register only if BASEPRI masking is disable
 513:Drivers/CMSIS/Include/cmsis_gcc.h ****            or the new value increases the BASEPRI priority level.
 514:Drivers/CMSIS/Include/cmsis_gcc.h ****   \param [in]    basePri  Base Priority value to set
 515:Drivers/CMSIS/Include/cmsis_gcc.h ****  */
 516:Drivers/CMSIS/Include/cmsis_gcc.h **** __STATIC_FORCEINLINE void __set_BASEPRI_MAX(uint32_t basePri)
 517:Drivers/CMSIS/Include/cmsis_gcc.h **** {
 518:Drivers/CMSIS/Include/cmsis_gcc.h ****   __ASM volatile ("MSR basepri_max, %0" : : "r" (basePri) : "memory");
 519:Drivers/CMSIS/Include/cmsis_gcc.h **** }
 520:Drivers/CMSIS/Include/cmsis_gcc.h **** 
 521:Drivers/CMSIS/Include/cmsis_gcc.h **** 
 522:Drivers/CMSIS/Include/cmsis_gcc.h **** /**
 523:Drivers/CMSIS/Include/cmsis_gcc.h ****   \brief   Get Fault Mask
 524:Drivers/CMSIS/Include/cmsis_gcc.h ****   \details Returns the current value of the Fault Mask register.
 525:Drivers/CMSIS/Include/cmsis_gcc.h ****   \return               Fault Mask register value
 526:Drivers/CMSIS/Include/cmsis_gcc.h ****  */
 527:Drivers/CMSIS/Include/cmsis_gcc.h **** __STATIC_FORCEINLINE uint32_t __get_FAULTMASK(void)
 528:Drivers/CMSIS/Include/cmsis_gcc.h **** {
 529:Drivers/CMSIS/Include/cmsis_gcc.h ****   uint32_t result;
 530:Drivers/CMSIS/Include/cmsis_gcc.h **** 
 531:Drivers/CMSIS/Include/cmsis_gcc.h ****   __ASM volatile ("MRS %0, faultmask" : "=r" (result) );
 532:Drivers/CMSIS/Include/cmsis_gcc.h ****   return(result);
 533:Drivers/CMSIS/Include/cmsis_gcc.h **** }
 534:Drivers/CMSIS/Include/cmsis_gcc.h **** 
 535:Drivers/CMSIS/Include/cmsis_gcc.h **** 
 536:Drivers/CMSIS/Include/cmsis_gcc.h **** #if (defined (__ARM_FEATURE_CMSE ) && (__ARM_FEATURE_CMSE == 3))
 537:Drivers/CMSIS/Include/cmsis_gcc.h **** /**
 538:Drivers/CMSIS/Include/cmsis_gcc.h ****   \brief   Get Fault Mask (non-secure)
 539:Drivers/CMSIS/Include/cmsis_gcc.h ****   \details Returns the current value of the non-secure Fault Mask register when in secure state.
 540:Drivers/CMSIS/Include/cmsis_gcc.h ****   \return               Fault Mask register value
 541:Drivers/CMSIS/Include/cmsis_gcc.h ****  */
 542:Drivers/CMSIS/Include/cmsis_gcc.h **** __STATIC_FORCEINLINE uint32_t __TZ_get_FAULTMASK_NS(void)
 543:Drivers/CMSIS/Include/cmsis_gcc.h **** {
 544:Drivers/CMSIS/Include/cmsis_gcc.h ****   uint32_t result;
 545:Drivers/CMSIS/Include/cmsis_gcc.h **** 
 546:Drivers/CMSIS/Include/cmsis_gcc.h ****   __ASM volatile ("MRS %0, faultmask_ns" : "=r" (result) );
 547:Drivers/CMSIS/Include/cmsis_gcc.h ****   return(result);
 548:Drivers/CMSIS/Include/cmsis_gcc.h **** }
ARM GAS  /tmp/cc1LZDaw.s 			page 68


 549:Drivers/CMSIS/Include/cmsis_gcc.h **** #endif
 550:Drivers/CMSIS/Include/cmsis_gcc.h **** 
 551:Drivers/CMSIS/Include/cmsis_gcc.h **** 
 552:Drivers/CMSIS/Include/cmsis_gcc.h **** /**
 553:Drivers/CMSIS/Include/cmsis_gcc.h ****   \brief   Set Fault Mask
 554:Drivers/CMSIS/Include/cmsis_gcc.h ****   \details Assigns the given value to the Fault Mask register.
 555:Drivers/CMSIS/Include/cmsis_gcc.h ****   \param [in]    faultMask  Fault Mask value to set
 556:Drivers/CMSIS/Include/cmsis_gcc.h ****  */
 557:Drivers/CMSIS/Include/cmsis_gcc.h **** __STATIC_FORCEINLINE void __set_FAULTMASK(uint32_t faultMask)
 558:Drivers/CMSIS/Include/cmsis_gcc.h **** {
 559:Drivers/CMSIS/Include/cmsis_gcc.h ****   __ASM volatile ("MSR faultmask, %0" : : "r" (faultMask) : "memory");
 560:Drivers/CMSIS/Include/cmsis_gcc.h **** }
 561:Drivers/CMSIS/Include/cmsis_gcc.h **** 
 562:Drivers/CMSIS/Include/cmsis_gcc.h **** 
 563:Drivers/CMSIS/Include/cmsis_gcc.h **** #if (defined (__ARM_FEATURE_CMSE ) && (__ARM_FEATURE_CMSE == 3))
 564:Drivers/CMSIS/Include/cmsis_gcc.h **** /**
 565:Drivers/CMSIS/Include/cmsis_gcc.h ****   \brief   Set Fault Mask (non-secure)
 566:Drivers/CMSIS/Include/cmsis_gcc.h ****   \details Assigns the given value to the non-secure Fault Mask register when in secure state.
 567:Drivers/CMSIS/Include/cmsis_gcc.h ****   \param [in]    faultMask  Fault Mask value to set
 568:Drivers/CMSIS/Include/cmsis_gcc.h ****  */
 569:Drivers/CMSIS/Include/cmsis_gcc.h **** __STATIC_FORCEINLINE void __TZ_set_FAULTMASK_NS(uint32_t faultMask)
 570:Drivers/CMSIS/Include/cmsis_gcc.h **** {
 571:Drivers/CMSIS/Include/cmsis_gcc.h ****   __ASM volatile ("MSR faultmask_ns, %0" : : "r" (faultMask) : "memory");
 572:Drivers/CMSIS/Include/cmsis_gcc.h **** }
 573:Drivers/CMSIS/Include/cmsis_gcc.h **** #endif
 574:Drivers/CMSIS/Include/cmsis_gcc.h **** 
 575:Drivers/CMSIS/Include/cmsis_gcc.h **** #endif /* ((defined (__ARM_ARCH_7M__      ) && (__ARM_ARCH_7M__      == 1)) || \
 576:Drivers/CMSIS/Include/cmsis_gcc.h ****            (defined (__ARM_ARCH_7EM__     ) && (__ARM_ARCH_7EM__     == 1)) || \
 577:Drivers/CMSIS/Include/cmsis_gcc.h ****            (defined (__ARM_ARCH_8M_MAIN__ ) && (__ARM_ARCH_8M_MAIN__ == 1))    ) */
 578:Drivers/CMSIS/Include/cmsis_gcc.h **** 
 579:Drivers/CMSIS/Include/cmsis_gcc.h **** 
 580:Drivers/CMSIS/Include/cmsis_gcc.h **** #if ((defined (__ARM_ARCH_8M_MAIN__ ) && (__ARM_ARCH_8M_MAIN__ == 1)) || \
 581:Drivers/CMSIS/Include/cmsis_gcc.h ****      (defined (__ARM_ARCH_8M_BASE__ ) && (__ARM_ARCH_8M_BASE__ == 1))    )
 582:Drivers/CMSIS/Include/cmsis_gcc.h **** 
 583:Drivers/CMSIS/Include/cmsis_gcc.h **** /**
 584:Drivers/CMSIS/Include/cmsis_gcc.h ****   \brief   Get Process Stack Pointer Limit
 585:Drivers/CMSIS/Include/cmsis_gcc.h ****   Devices without ARMv8-M Main Extensions (i.e. Cortex-M23) lack the non-secure
 586:Drivers/CMSIS/Include/cmsis_gcc.h ****   Stack Pointer Limit register hence zero is returned always in non-secure
 587:Drivers/CMSIS/Include/cmsis_gcc.h ****   mode.
 588:Drivers/CMSIS/Include/cmsis_gcc.h ****   
 589:Drivers/CMSIS/Include/cmsis_gcc.h ****   \details Returns the current value of the Process Stack Pointer Limit (PSPLIM).
 590:Drivers/CMSIS/Include/cmsis_gcc.h ****   \return               PSPLIM Register value
 591:Drivers/CMSIS/Include/cmsis_gcc.h ****  */
 592:Drivers/CMSIS/Include/cmsis_gcc.h **** __STATIC_FORCEINLINE uint32_t __get_PSPLIM(void)
 593:Drivers/CMSIS/Include/cmsis_gcc.h **** {
 594:Drivers/CMSIS/Include/cmsis_gcc.h **** #if (!(defined (__ARM_ARCH_8M_MAIN__ ) && (__ARM_ARCH_8M_MAIN__ == 1)) && \
 595:Drivers/CMSIS/Include/cmsis_gcc.h ****     (!defined (__ARM_FEATURE_CMSE) || (__ARM_FEATURE_CMSE < 3)))
 596:Drivers/CMSIS/Include/cmsis_gcc.h ****     // without main extensions, the non-secure PSPLIM is RAZ/WI
 597:Drivers/CMSIS/Include/cmsis_gcc.h ****   return 0U;
 598:Drivers/CMSIS/Include/cmsis_gcc.h **** #else
 599:Drivers/CMSIS/Include/cmsis_gcc.h ****   uint32_t result;
 600:Drivers/CMSIS/Include/cmsis_gcc.h ****   __ASM volatile ("MRS %0, psplim"  : "=r" (result) );
 601:Drivers/CMSIS/Include/cmsis_gcc.h ****   return result;
 602:Drivers/CMSIS/Include/cmsis_gcc.h **** #endif
 603:Drivers/CMSIS/Include/cmsis_gcc.h **** }
 604:Drivers/CMSIS/Include/cmsis_gcc.h **** 
 605:Drivers/CMSIS/Include/cmsis_gcc.h **** #if (defined (__ARM_FEATURE_CMSE) && (__ARM_FEATURE_CMSE == 3))
ARM GAS  /tmp/cc1LZDaw.s 			page 69


 606:Drivers/CMSIS/Include/cmsis_gcc.h **** /**
 607:Drivers/CMSIS/Include/cmsis_gcc.h ****   \brief   Get Process Stack Pointer Limit (non-secure)
 608:Drivers/CMSIS/Include/cmsis_gcc.h ****   Devices without ARMv8-M Main Extensions (i.e. Cortex-M23) lack the non-secure
 609:Drivers/CMSIS/Include/cmsis_gcc.h ****   Stack Pointer Limit register hence zero is returned always.
 610:Drivers/CMSIS/Include/cmsis_gcc.h **** 
 611:Drivers/CMSIS/Include/cmsis_gcc.h ****   \details Returns the current value of the non-secure Process Stack Pointer Limit (PSPLIM) when in
 612:Drivers/CMSIS/Include/cmsis_gcc.h ****   \return               PSPLIM Register value
 613:Drivers/CMSIS/Include/cmsis_gcc.h ****  */
 614:Drivers/CMSIS/Include/cmsis_gcc.h **** __STATIC_FORCEINLINE uint32_t __TZ_get_PSPLIM_NS(void)
 615:Drivers/CMSIS/Include/cmsis_gcc.h **** {
 616:Drivers/CMSIS/Include/cmsis_gcc.h **** #if (!(defined (__ARM_ARCH_8M_MAIN__ ) && (__ARM_ARCH_8M_MAIN__ == 1)))
 617:Drivers/CMSIS/Include/cmsis_gcc.h ****   // without main extensions, the non-secure PSPLIM is RAZ/WI
 618:Drivers/CMSIS/Include/cmsis_gcc.h ****   return 0U;
 619:Drivers/CMSIS/Include/cmsis_gcc.h **** #else
 620:Drivers/CMSIS/Include/cmsis_gcc.h ****   uint32_t result;
 621:Drivers/CMSIS/Include/cmsis_gcc.h ****   __ASM volatile ("MRS %0, psplim_ns"  : "=r" (result) );
 622:Drivers/CMSIS/Include/cmsis_gcc.h ****   return result;
 623:Drivers/CMSIS/Include/cmsis_gcc.h **** #endif
 624:Drivers/CMSIS/Include/cmsis_gcc.h **** }
 625:Drivers/CMSIS/Include/cmsis_gcc.h **** #endif
 626:Drivers/CMSIS/Include/cmsis_gcc.h **** 
 627:Drivers/CMSIS/Include/cmsis_gcc.h **** 
 628:Drivers/CMSIS/Include/cmsis_gcc.h **** /**
 629:Drivers/CMSIS/Include/cmsis_gcc.h ****   \brief   Set Process Stack Pointer Limit
 630:Drivers/CMSIS/Include/cmsis_gcc.h ****   Devices without ARMv8-M Main Extensions (i.e. Cortex-M23) lack the non-secure
 631:Drivers/CMSIS/Include/cmsis_gcc.h ****   Stack Pointer Limit register hence the write is silently ignored in non-secure
 632:Drivers/CMSIS/Include/cmsis_gcc.h ****   mode.
 633:Drivers/CMSIS/Include/cmsis_gcc.h ****   
 634:Drivers/CMSIS/Include/cmsis_gcc.h ****   \details Assigns the given value to the Process Stack Pointer Limit (PSPLIM).
 635:Drivers/CMSIS/Include/cmsis_gcc.h ****   \param [in]    ProcStackPtrLimit  Process Stack Pointer Limit value to set
 636:Drivers/CMSIS/Include/cmsis_gcc.h ****  */
 637:Drivers/CMSIS/Include/cmsis_gcc.h **** __STATIC_FORCEINLINE void __set_PSPLIM(uint32_t ProcStackPtrLimit)
 638:Drivers/CMSIS/Include/cmsis_gcc.h **** {
 639:Drivers/CMSIS/Include/cmsis_gcc.h **** #if (!(defined (__ARM_ARCH_8M_MAIN__ ) && (__ARM_ARCH_8M_MAIN__ == 1)) && \
 640:Drivers/CMSIS/Include/cmsis_gcc.h ****     (!defined (__ARM_FEATURE_CMSE) || (__ARM_FEATURE_CMSE < 3)))
 641:Drivers/CMSIS/Include/cmsis_gcc.h ****   // without main extensions, the non-secure PSPLIM is RAZ/WI
 642:Drivers/CMSIS/Include/cmsis_gcc.h ****   (void)ProcStackPtrLimit;
 643:Drivers/CMSIS/Include/cmsis_gcc.h **** #else
 644:Drivers/CMSIS/Include/cmsis_gcc.h ****   __ASM volatile ("MSR psplim, %0" : : "r" (ProcStackPtrLimit));
 645:Drivers/CMSIS/Include/cmsis_gcc.h **** #endif
 646:Drivers/CMSIS/Include/cmsis_gcc.h **** }
 647:Drivers/CMSIS/Include/cmsis_gcc.h **** 
 648:Drivers/CMSIS/Include/cmsis_gcc.h **** 
 649:Drivers/CMSIS/Include/cmsis_gcc.h **** #if (defined (__ARM_FEATURE_CMSE  ) && (__ARM_FEATURE_CMSE   == 3))
 650:Drivers/CMSIS/Include/cmsis_gcc.h **** /**
 651:Drivers/CMSIS/Include/cmsis_gcc.h ****   \brief   Set Process Stack Pointer (non-secure)
 652:Drivers/CMSIS/Include/cmsis_gcc.h ****   Devices without ARMv8-M Main Extensions (i.e. Cortex-M23) lack the non-secure
 653:Drivers/CMSIS/Include/cmsis_gcc.h ****   Stack Pointer Limit register hence the write is silently ignored.
 654:Drivers/CMSIS/Include/cmsis_gcc.h **** 
 655:Drivers/CMSIS/Include/cmsis_gcc.h ****   \details Assigns the given value to the non-secure Process Stack Pointer Limit (PSPLIM) when in s
 656:Drivers/CMSIS/Include/cmsis_gcc.h ****   \param [in]    ProcStackPtrLimit  Process Stack Pointer Limit value to set
 657:Drivers/CMSIS/Include/cmsis_gcc.h ****  */
 658:Drivers/CMSIS/Include/cmsis_gcc.h **** __STATIC_FORCEINLINE void __TZ_set_PSPLIM_NS(uint32_t ProcStackPtrLimit)
 659:Drivers/CMSIS/Include/cmsis_gcc.h **** {
 660:Drivers/CMSIS/Include/cmsis_gcc.h **** #if (!(defined (__ARM_ARCH_8M_MAIN__ ) && (__ARM_ARCH_8M_MAIN__ == 1)))
 661:Drivers/CMSIS/Include/cmsis_gcc.h ****   // without main extensions, the non-secure PSPLIM is RAZ/WI
 662:Drivers/CMSIS/Include/cmsis_gcc.h ****   (void)ProcStackPtrLimit;
ARM GAS  /tmp/cc1LZDaw.s 			page 70


 663:Drivers/CMSIS/Include/cmsis_gcc.h **** #else
 664:Drivers/CMSIS/Include/cmsis_gcc.h ****   __ASM volatile ("MSR psplim_ns, %0\n" : : "r" (ProcStackPtrLimit));
 665:Drivers/CMSIS/Include/cmsis_gcc.h **** #endif
 666:Drivers/CMSIS/Include/cmsis_gcc.h **** }
 667:Drivers/CMSIS/Include/cmsis_gcc.h **** #endif
 668:Drivers/CMSIS/Include/cmsis_gcc.h **** 
 669:Drivers/CMSIS/Include/cmsis_gcc.h **** 
 670:Drivers/CMSIS/Include/cmsis_gcc.h **** /**
 671:Drivers/CMSIS/Include/cmsis_gcc.h ****   \brief   Get Main Stack Pointer Limit
 672:Drivers/CMSIS/Include/cmsis_gcc.h ****   Devices without ARMv8-M Main Extensions (i.e. Cortex-M23) lack the non-secure
 673:Drivers/CMSIS/Include/cmsis_gcc.h ****   Stack Pointer Limit register hence zero is returned always in non-secure
 674:Drivers/CMSIS/Include/cmsis_gcc.h ****   mode.
 675:Drivers/CMSIS/Include/cmsis_gcc.h **** 
 676:Drivers/CMSIS/Include/cmsis_gcc.h ****   \details Returns the current value of the Main Stack Pointer Limit (MSPLIM).
 677:Drivers/CMSIS/Include/cmsis_gcc.h ****   \return               MSPLIM Register value
 678:Drivers/CMSIS/Include/cmsis_gcc.h ****  */
 679:Drivers/CMSIS/Include/cmsis_gcc.h **** __STATIC_FORCEINLINE uint32_t __get_MSPLIM(void)
 680:Drivers/CMSIS/Include/cmsis_gcc.h **** {
 681:Drivers/CMSIS/Include/cmsis_gcc.h **** #if (!(defined (__ARM_ARCH_8M_MAIN__ ) && (__ARM_ARCH_8M_MAIN__ == 1)) && \
 682:Drivers/CMSIS/Include/cmsis_gcc.h ****     (!defined (__ARM_FEATURE_CMSE) || (__ARM_FEATURE_CMSE < 3)))
 683:Drivers/CMSIS/Include/cmsis_gcc.h ****   // without main extensions, the non-secure MSPLIM is RAZ/WI
 684:Drivers/CMSIS/Include/cmsis_gcc.h ****   return 0U;
 685:Drivers/CMSIS/Include/cmsis_gcc.h **** #else
 686:Drivers/CMSIS/Include/cmsis_gcc.h ****   uint32_t result;
 687:Drivers/CMSIS/Include/cmsis_gcc.h ****   __ASM volatile ("MRS %0, msplim" : "=r" (result) );
 688:Drivers/CMSIS/Include/cmsis_gcc.h ****   return result;
 689:Drivers/CMSIS/Include/cmsis_gcc.h **** #endif
 690:Drivers/CMSIS/Include/cmsis_gcc.h **** }
 691:Drivers/CMSIS/Include/cmsis_gcc.h **** 
 692:Drivers/CMSIS/Include/cmsis_gcc.h **** 
 693:Drivers/CMSIS/Include/cmsis_gcc.h **** #if (defined (__ARM_FEATURE_CMSE  ) && (__ARM_FEATURE_CMSE   == 3))
 694:Drivers/CMSIS/Include/cmsis_gcc.h **** /**
 695:Drivers/CMSIS/Include/cmsis_gcc.h ****   \brief   Get Main Stack Pointer Limit (non-secure)
 696:Drivers/CMSIS/Include/cmsis_gcc.h ****   Devices without ARMv8-M Main Extensions (i.e. Cortex-M23) lack the non-secure
 697:Drivers/CMSIS/Include/cmsis_gcc.h ****   Stack Pointer Limit register hence zero is returned always.
 698:Drivers/CMSIS/Include/cmsis_gcc.h **** 
 699:Drivers/CMSIS/Include/cmsis_gcc.h ****   \details Returns the current value of the non-secure Main Stack Pointer Limit(MSPLIM) when in sec
 700:Drivers/CMSIS/Include/cmsis_gcc.h ****   \return               MSPLIM Register value
 701:Drivers/CMSIS/Include/cmsis_gcc.h ****  */
 702:Drivers/CMSIS/Include/cmsis_gcc.h **** __STATIC_FORCEINLINE uint32_t __TZ_get_MSPLIM_NS(void)
 703:Drivers/CMSIS/Include/cmsis_gcc.h **** {
 704:Drivers/CMSIS/Include/cmsis_gcc.h **** #if (!(defined (__ARM_ARCH_8M_MAIN__ ) && (__ARM_ARCH_8M_MAIN__ == 1)))
 705:Drivers/CMSIS/Include/cmsis_gcc.h ****   // without main extensions, the non-secure MSPLIM is RAZ/WI
 706:Drivers/CMSIS/Include/cmsis_gcc.h ****   return 0U;
 707:Drivers/CMSIS/Include/cmsis_gcc.h **** #else
 708:Drivers/CMSIS/Include/cmsis_gcc.h ****   uint32_t result;
 709:Drivers/CMSIS/Include/cmsis_gcc.h ****   __ASM volatile ("MRS %0, msplim_ns" : "=r" (result) );
 710:Drivers/CMSIS/Include/cmsis_gcc.h ****   return result;
 711:Drivers/CMSIS/Include/cmsis_gcc.h **** #endif
 712:Drivers/CMSIS/Include/cmsis_gcc.h **** }
 713:Drivers/CMSIS/Include/cmsis_gcc.h **** #endif
 714:Drivers/CMSIS/Include/cmsis_gcc.h **** 
 715:Drivers/CMSIS/Include/cmsis_gcc.h **** 
 716:Drivers/CMSIS/Include/cmsis_gcc.h **** /**
 717:Drivers/CMSIS/Include/cmsis_gcc.h ****   \brief   Set Main Stack Pointer Limit
 718:Drivers/CMSIS/Include/cmsis_gcc.h ****   Devices without ARMv8-M Main Extensions (i.e. Cortex-M23) lack the non-secure
 719:Drivers/CMSIS/Include/cmsis_gcc.h ****   Stack Pointer Limit register hence the write is silently ignored in non-secure
ARM GAS  /tmp/cc1LZDaw.s 			page 71


 720:Drivers/CMSIS/Include/cmsis_gcc.h ****   mode.
 721:Drivers/CMSIS/Include/cmsis_gcc.h **** 
 722:Drivers/CMSIS/Include/cmsis_gcc.h ****   \details Assigns the given value to the Main Stack Pointer Limit (MSPLIM).
 723:Drivers/CMSIS/Include/cmsis_gcc.h ****   \param [in]    MainStackPtrLimit  Main Stack Pointer Limit value to set
 724:Drivers/CMSIS/Include/cmsis_gcc.h ****  */
 725:Drivers/CMSIS/Include/cmsis_gcc.h **** __STATIC_FORCEINLINE void __set_MSPLIM(uint32_t MainStackPtrLimit)
 726:Drivers/CMSIS/Include/cmsis_gcc.h **** {
 727:Drivers/CMSIS/Include/cmsis_gcc.h **** #if (!(defined (__ARM_ARCH_8M_MAIN__ ) && (__ARM_ARCH_8M_MAIN__ == 1)) && \
 728:Drivers/CMSIS/Include/cmsis_gcc.h ****     (!defined (__ARM_FEATURE_CMSE) || (__ARM_FEATURE_CMSE < 3)))
 729:Drivers/CMSIS/Include/cmsis_gcc.h ****   // without main extensions, the non-secure MSPLIM is RAZ/WI
 730:Drivers/CMSIS/Include/cmsis_gcc.h ****   (void)MainStackPtrLimit;
 731:Drivers/CMSIS/Include/cmsis_gcc.h **** #else
 732:Drivers/CMSIS/Include/cmsis_gcc.h ****   __ASM volatile ("MSR msplim, %0" : : "r" (MainStackPtrLimit));
 733:Drivers/CMSIS/Include/cmsis_gcc.h **** #endif
 734:Drivers/CMSIS/Include/cmsis_gcc.h **** }
 735:Drivers/CMSIS/Include/cmsis_gcc.h **** 
 736:Drivers/CMSIS/Include/cmsis_gcc.h **** 
 737:Drivers/CMSIS/Include/cmsis_gcc.h **** #if (defined (__ARM_FEATURE_CMSE  ) && (__ARM_FEATURE_CMSE   == 3))
 738:Drivers/CMSIS/Include/cmsis_gcc.h **** /**
 739:Drivers/CMSIS/Include/cmsis_gcc.h ****   \brief   Set Main Stack Pointer Limit (non-secure)
 740:Drivers/CMSIS/Include/cmsis_gcc.h ****   Devices without ARMv8-M Main Extensions (i.e. Cortex-M23) lack the non-secure
 741:Drivers/CMSIS/Include/cmsis_gcc.h ****   Stack Pointer Limit register hence the write is silently ignored.
 742:Drivers/CMSIS/Include/cmsis_gcc.h **** 
 743:Drivers/CMSIS/Include/cmsis_gcc.h ****   \details Assigns the given value to the non-secure Main Stack Pointer Limit (MSPLIM) when in secu
 744:Drivers/CMSIS/Include/cmsis_gcc.h ****   \param [in]    MainStackPtrLimit  Main Stack Pointer value to set
 745:Drivers/CMSIS/Include/cmsis_gcc.h ****  */
 746:Drivers/CMSIS/Include/cmsis_gcc.h **** __STATIC_FORCEINLINE void __TZ_set_MSPLIM_NS(uint32_t MainStackPtrLimit)
 747:Drivers/CMSIS/Include/cmsis_gcc.h **** {
 748:Drivers/CMSIS/Include/cmsis_gcc.h **** #if (!(defined (__ARM_ARCH_8M_MAIN__ ) && (__ARM_ARCH_8M_MAIN__ == 1)))
 749:Drivers/CMSIS/Include/cmsis_gcc.h ****   // without main extensions, the non-secure MSPLIM is RAZ/WI
 750:Drivers/CMSIS/Include/cmsis_gcc.h ****   (void)MainStackPtrLimit;
 751:Drivers/CMSIS/Include/cmsis_gcc.h **** #else
 752:Drivers/CMSIS/Include/cmsis_gcc.h ****   __ASM volatile ("MSR msplim_ns, %0" : : "r" (MainStackPtrLimit));
 753:Drivers/CMSIS/Include/cmsis_gcc.h **** #endif
 754:Drivers/CMSIS/Include/cmsis_gcc.h **** }
 755:Drivers/CMSIS/Include/cmsis_gcc.h **** #endif
 756:Drivers/CMSIS/Include/cmsis_gcc.h **** 
 757:Drivers/CMSIS/Include/cmsis_gcc.h **** #endif /* ((defined (__ARM_ARCH_8M_MAIN__ ) && (__ARM_ARCH_8M_MAIN__ == 1)) || \
 758:Drivers/CMSIS/Include/cmsis_gcc.h ****            (defined (__ARM_ARCH_8M_BASE__ ) && (__ARM_ARCH_8M_BASE__ == 1))    ) */
 759:Drivers/CMSIS/Include/cmsis_gcc.h **** 
 760:Drivers/CMSIS/Include/cmsis_gcc.h **** 
 761:Drivers/CMSIS/Include/cmsis_gcc.h **** /**
 762:Drivers/CMSIS/Include/cmsis_gcc.h ****   \brief   Get FPSCR
 763:Drivers/CMSIS/Include/cmsis_gcc.h ****   \details Returns the current value of the Floating Point Status/Control register.
 764:Drivers/CMSIS/Include/cmsis_gcc.h ****   \return               Floating Point Status/Control register value
 765:Drivers/CMSIS/Include/cmsis_gcc.h ****  */
 766:Drivers/CMSIS/Include/cmsis_gcc.h **** __STATIC_FORCEINLINE uint32_t __get_FPSCR(void)
 767:Drivers/CMSIS/Include/cmsis_gcc.h **** {
 768:Drivers/CMSIS/Include/cmsis_gcc.h **** #if ((defined (__FPU_PRESENT) && (__FPU_PRESENT == 1U)) && \
 769:Drivers/CMSIS/Include/cmsis_gcc.h ****      (defined (__FPU_USED   ) && (__FPU_USED    == 1U))     )
 770:Drivers/CMSIS/Include/cmsis_gcc.h **** #if __has_builtin(__builtin_arm_get_fpscr) 
 771:Drivers/CMSIS/Include/cmsis_gcc.h **** // Re-enable using built-in when GCC has been fixed
 772:Drivers/CMSIS/Include/cmsis_gcc.h **** // || (__GNUC__ > 7) || (__GNUC__ == 7 && __GNUC_MINOR__ >= 2)
 773:Drivers/CMSIS/Include/cmsis_gcc.h ****   /* see https://gcc.gnu.org/ml/gcc-patches/2017-04/msg00443.html */
 774:Drivers/CMSIS/Include/cmsis_gcc.h ****   return __builtin_arm_get_fpscr();
 775:Drivers/CMSIS/Include/cmsis_gcc.h **** #else
 776:Drivers/CMSIS/Include/cmsis_gcc.h ****   uint32_t result;
ARM GAS  /tmp/cc1LZDaw.s 			page 72


 777:Drivers/CMSIS/Include/cmsis_gcc.h **** 
 778:Drivers/CMSIS/Include/cmsis_gcc.h ****   __ASM volatile ("VMRS %0, fpscr" : "=r" (result) );
 779:Drivers/CMSIS/Include/cmsis_gcc.h ****   return(result);
 780:Drivers/CMSIS/Include/cmsis_gcc.h **** #endif
 781:Drivers/CMSIS/Include/cmsis_gcc.h **** #else
 782:Drivers/CMSIS/Include/cmsis_gcc.h ****   return(0U);
 783:Drivers/CMSIS/Include/cmsis_gcc.h **** #endif
 784:Drivers/CMSIS/Include/cmsis_gcc.h **** }
 785:Drivers/CMSIS/Include/cmsis_gcc.h **** 
 786:Drivers/CMSIS/Include/cmsis_gcc.h **** 
 787:Drivers/CMSIS/Include/cmsis_gcc.h **** /**
 788:Drivers/CMSIS/Include/cmsis_gcc.h ****   \brief   Set FPSCR
 789:Drivers/CMSIS/Include/cmsis_gcc.h ****   \details Assigns the given value to the Floating Point Status/Control register.
 790:Drivers/CMSIS/Include/cmsis_gcc.h ****   \param [in]    fpscr  Floating Point Status/Control value to set
 791:Drivers/CMSIS/Include/cmsis_gcc.h ****  */
 792:Drivers/CMSIS/Include/cmsis_gcc.h **** __STATIC_FORCEINLINE void __set_FPSCR(uint32_t fpscr)
 793:Drivers/CMSIS/Include/cmsis_gcc.h **** {
 794:Drivers/CMSIS/Include/cmsis_gcc.h **** #if ((defined (__FPU_PRESENT) && (__FPU_PRESENT == 1U)) && \
 795:Drivers/CMSIS/Include/cmsis_gcc.h ****      (defined (__FPU_USED   ) && (__FPU_USED    == 1U))     )
 796:Drivers/CMSIS/Include/cmsis_gcc.h **** #if __has_builtin(__builtin_arm_set_fpscr)
 797:Drivers/CMSIS/Include/cmsis_gcc.h **** // Re-enable using built-in when GCC has been fixed
 798:Drivers/CMSIS/Include/cmsis_gcc.h **** // || (__GNUC__ > 7) || (__GNUC__ == 7 && __GNUC_MINOR__ >= 2)
 799:Drivers/CMSIS/Include/cmsis_gcc.h ****   /* see https://gcc.gnu.org/ml/gcc-patches/2017-04/msg00443.html */
 800:Drivers/CMSIS/Include/cmsis_gcc.h ****   __builtin_arm_set_fpscr(fpscr);
 801:Drivers/CMSIS/Include/cmsis_gcc.h **** #else
 802:Drivers/CMSIS/Include/cmsis_gcc.h ****   __ASM volatile ("VMSR fpscr, %0" : : "r" (fpscr) : "vfpcc", "memory");
 803:Drivers/CMSIS/Include/cmsis_gcc.h **** #endif
 804:Drivers/CMSIS/Include/cmsis_gcc.h **** #else
 805:Drivers/CMSIS/Include/cmsis_gcc.h ****   (void)fpscr;
 806:Drivers/CMSIS/Include/cmsis_gcc.h **** #endif
 807:Drivers/CMSIS/Include/cmsis_gcc.h **** }
 808:Drivers/CMSIS/Include/cmsis_gcc.h **** 
 809:Drivers/CMSIS/Include/cmsis_gcc.h **** 
 810:Drivers/CMSIS/Include/cmsis_gcc.h **** /*@} end of CMSIS_Core_RegAccFunctions */
 811:Drivers/CMSIS/Include/cmsis_gcc.h **** 
 812:Drivers/CMSIS/Include/cmsis_gcc.h **** 
 813:Drivers/CMSIS/Include/cmsis_gcc.h **** /* ##########################  Core Instruction Access  ######################### */
 814:Drivers/CMSIS/Include/cmsis_gcc.h **** /** \defgroup CMSIS_Core_InstructionInterface CMSIS Core Instruction Interface
 815:Drivers/CMSIS/Include/cmsis_gcc.h ****   Access to dedicated instructions
 816:Drivers/CMSIS/Include/cmsis_gcc.h ****   @{
 817:Drivers/CMSIS/Include/cmsis_gcc.h **** */
 818:Drivers/CMSIS/Include/cmsis_gcc.h **** 
 819:Drivers/CMSIS/Include/cmsis_gcc.h **** /* Define macros for porting to both thumb1 and thumb2.
 820:Drivers/CMSIS/Include/cmsis_gcc.h ****  * For thumb1, use low register (r0-r7), specified by constraint "l"
 821:Drivers/CMSIS/Include/cmsis_gcc.h ****  * Otherwise, use general registers, specified by constraint "r" */
 822:Drivers/CMSIS/Include/cmsis_gcc.h **** #if defined (__thumb__) && !defined (__thumb2__)
 823:Drivers/CMSIS/Include/cmsis_gcc.h **** #define __CMSIS_GCC_OUT_REG(r) "=l" (r)
 824:Drivers/CMSIS/Include/cmsis_gcc.h **** #define __CMSIS_GCC_RW_REG(r) "+l" (r)
 825:Drivers/CMSIS/Include/cmsis_gcc.h **** #define __CMSIS_GCC_USE_REG(r) "l" (r)
 826:Drivers/CMSIS/Include/cmsis_gcc.h **** #else
 827:Drivers/CMSIS/Include/cmsis_gcc.h **** #define __CMSIS_GCC_OUT_REG(r) "=r" (r)
 828:Drivers/CMSIS/Include/cmsis_gcc.h **** #define __CMSIS_GCC_RW_REG(r) "+r" (r)
 829:Drivers/CMSIS/Include/cmsis_gcc.h **** #define __CMSIS_GCC_USE_REG(r) "r" (r)
 830:Drivers/CMSIS/Include/cmsis_gcc.h **** #endif
 831:Drivers/CMSIS/Include/cmsis_gcc.h **** 
 832:Drivers/CMSIS/Include/cmsis_gcc.h **** /**
 833:Drivers/CMSIS/Include/cmsis_gcc.h ****   \brief   No Operation
ARM GAS  /tmp/cc1LZDaw.s 			page 73


 834:Drivers/CMSIS/Include/cmsis_gcc.h ****   \details No Operation does nothing. This instruction can be used for code alignment purposes.
 835:Drivers/CMSIS/Include/cmsis_gcc.h ****  */
 836:Drivers/CMSIS/Include/cmsis_gcc.h **** #define __NOP()                             __ASM volatile ("nop")
 837:Drivers/CMSIS/Include/cmsis_gcc.h **** 
 838:Drivers/CMSIS/Include/cmsis_gcc.h **** /**
 839:Drivers/CMSIS/Include/cmsis_gcc.h ****   \brief   Wait For Interrupt
 840:Drivers/CMSIS/Include/cmsis_gcc.h ****   \details Wait For Interrupt is a hint instruction that suspends execution until one of a number o
 841:Drivers/CMSIS/Include/cmsis_gcc.h ****  */
 842:Drivers/CMSIS/Include/cmsis_gcc.h **** #define __WFI()                             __ASM volatile ("wfi")
 843:Drivers/CMSIS/Include/cmsis_gcc.h **** 
 844:Drivers/CMSIS/Include/cmsis_gcc.h **** 
 845:Drivers/CMSIS/Include/cmsis_gcc.h **** /**
 846:Drivers/CMSIS/Include/cmsis_gcc.h ****   \brief   Wait For Event
 847:Drivers/CMSIS/Include/cmsis_gcc.h ****   \details Wait For Event is a hint instruction that permits the processor to enter
 848:Drivers/CMSIS/Include/cmsis_gcc.h ****            a low-power state until one of a number of events occurs.
 849:Drivers/CMSIS/Include/cmsis_gcc.h ****  */
 850:Drivers/CMSIS/Include/cmsis_gcc.h **** #define __WFE()                             __ASM volatile ("wfe")
 851:Drivers/CMSIS/Include/cmsis_gcc.h **** 
 852:Drivers/CMSIS/Include/cmsis_gcc.h **** 
 853:Drivers/CMSIS/Include/cmsis_gcc.h **** /**
 854:Drivers/CMSIS/Include/cmsis_gcc.h ****   \brief   Send Event
 855:Drivers/CMSIS/Include/cmsis_gcc.h ****   \details Send Event is a hint instruction. It causes an event to be signaled to the CPU.
 856:Drivers/CMSIS/Include/cmsis_gcc.h ****  */
 857:Drivers/CMSIS/Include/cmsis_gcc.h **** #define __SEV()                             __ASM volatile ("sev")
 858:Drivers/CMSIS/Include/cmsis_gcc.h **** 
 859:Drivers/CMSIS/Include/cmsis_gcc.h **** 
 860:Drivers/CMSIS/Include/cmsis_gcc.h **** /**
 861:Drivers/CMSIS/Include/cmsis_gcc.h ****   \brief   Instruction Synchronization Barrier
 862:Drivers/CMSIS/Include/cmsis_gcc.h ****   \details Instruction Synchronization Barrier flushes the pipeline in the processor,
 863:Drivers/CMSIS/Include/cmsis_gcc.h ****            so that all instructions following the ISB are fetched from cache or memory,
 864:Drivers/CMSIS/Include/cmsis_gcc.h ****            after the instruction has been completed.
 865:Drivers/CMSIS/Include/cmsis_gcc.h ****  */
 866:Drivers/CMSIS/Include/cmsis_gcc.h **** __STATIC_FORCEINLINE void __ISB(void)
 867:Drivers/CMSIS/Include/cmsis_gcc.h **** {
 868:Drivers/CMSIS/Include/cmsis_gcc.h ****   __ASM volatile ("isb 0xF":::"memory");
 869:Drivers/CMSIS/Include/cmsis_gcc.h **** }
 870:Drivers/CMSIS/Include/cmsis_gcc.h **** 
 871:Drivers/CMSIS/Include/cmsis_gcc.h **** 
 872:Drivers/CMSIS/Include/cmsis_gcc.h **** /**
 873:Drivers/CMSIS/Include/cmsis_gcc.h ****   \brief   Data Synchronization Barrier
 874:Drivers/CMSIS/Include/cmsis_gcc.h ****   \details Acts as a special kind of Data Memory Barrier.
 875:Drivers/CMSIS/Include/cmsis_gcc.h ****            It completes when all explicit memory accesses before this instruction complete.
 876:Drivers/CMSIS/Include/cmsis_gcc.h ****  */
 877:Drivers/CMSIS/Include/cmsis_gcc.h **** __STATIC_FORCEINLINE void __DSB(void)
 878:Drivers/CMSIS/Include/cmsis_gcc.h **** {
 879:Drivers/CMSIS/Include/cmsis_gcc.h ****   __ASM volatile ("dsb 0xF":::"memory");
 880:Drivers/CMSIS/Include/cmsis_gcc.h **** }
 881:Drivers/CMSIS/Include/cmsis_gcc.h **** 
 882:Drivers/CMSIS/Include/cmsis_gcc.h **** 
 883:Drivers/CMSIS/Include/cmsis_gcc.h **** /**
 884:Drivers/CMSIS/Include/cmsis_gcc.h ****   \brief   Data Memory Barrier
 885:Drivers/CMSIS/Include/cmsis_gcc.h ****   \details Ensures the apparent order of the explicit memory operations before
 886:Drivers/CMSIS/Include/cmsis_gcc.h ****            and after the instruction, without ensuring their completion.
 887:Drivers/CMSIS/Include/cmsis_gcc.h ****  */
 888:Drivers/CMSIS/Include/cmsis_gcc.h **** __STATIC_FORCEINLINE void __DMB(void)
 889:Drivers/CMSIS/Include/cmsis_gcc.h **** {
 890:Drivers/CMSIS/Include/cmsis_gcc.h ****   __ASM volatile ("dmb 0xF":::"memory");
ARM GAS  /tmp/cc1LZDaw.s 			page 74


 891:Drivers/CMSIS/Include/cmsis_gcc.h **** }
 892:Drivers/CMSIS/Include/cmsis_gcc.h **** 
 893:Drivers/CMSIS/Include/cmsis_gcc.h **** 
 894:Drivers/CMSIS/Include/cmsis_gcc.h **** /**
 895:Drivers/CMSIS/Include/cmsis_gcc.h ****   \brief   Reverse byte order (32 bit)
 896:Drivers/CMSIS/Include/cmsis_gcc.h ****   \details Reverses the byte order in unsigned integer value. For example, 0x12345678 becomes 0x785
 897:Drivers/CMSIS/Include/cmsis_gcc.h ****   \param [in]    value  Value to reverse
 898:Drivers/CMSIS/Include/cmsis_gcc.h ****   \return               Reversed value
 899:Drivers/CMSIS/Include/cmsis_gcc.h ****  */
 900:Drivers/CMSIS/Include/cmsis_gcc.h **** __STATIC_FORCEINLINE uint32_t __REV(uint32_t value)
 901:Drivers/CMSIS/Include/cmsis_gcc.h **** {
 902:Drivers/CMSIS/Include/cmsis_gcc.h **** #if (__GNUC__ > 4) || (__GNUC__ == 4 && __GNUC_MINOR__ >= 5)
 903:Drivers/CMSIS/Include/cmsis_gcc.h ****   return __builtin_bswap32(value);
 904:Drivers/CMSIS/Include/cmsis_gcc.h **** #else
 905:Drivers/CMSIS/Include/cmsis_gcc.h ****   uint32_t result;
 906:Drivers/CMSIS/Include/cmsis_gcc.h **** 
 907:Drivers/CMSIS/Include/cmsis_gcc.h ****   __ASM volatile ("rev %0, %1" : __CMSIS_GCC_OUT_REG (result) : __CMSIS_GCC_USE_REG (value) );
 908:Drivers/CMSIS/Include/cmsis_gcc.h ****   return result;
 909:Drivers/CMSIS/Include/cmsis_gcc.h **** #endif
 910:Drivers/CMSIS/Include/cmsis_gcc.h **** }
 911:Drivers/CMSIS/Include/cmsis_gcc.h **** 
 912:Drivers/CMSIS/Include/cmsis_gcc.h **** 
 913:Drivers/CMSIS/Include/cmsis_gcc.h **** /**
 914:Drivers/CMSIS/Include/cmsis_gcc.h ****   \brief   Reverse byte order (16 bit)
 915:Drivers/CMSIS/Include/cmsis_gcc.h ****   \details Reverses the byte order within each halfword of a word. For example, 0x12345678 becomes 
 916:Drivers/CMSIS/Include/cmsis_gcc.h ****   \param [in]    value  Value to reverse
 917:Drivers/CMSIS/Include/cmsis_gcc.h ****   \return               Reversed value
 918:Drivers/CMSIS/Include/cmsis_gcc.h ****  */
 919:Drivers/CMSIS/Include/cmsis_gcc.h **** __STATIC_FORCEINLINE uint32_t __REV16(uint32_t value)
 920:Drivers/CMSIS/Include/cmsis_gcc.h **** {
 921:Drivers/CMSIS/Include/cmsis_gcc.h ****   uint32_t result;
 922:Drivers/CMSIS/Include/cmsis_gcc.h **** 
 923:Drivers/CMSIS/Include/cmsis_gcc.h ****   __ASM volatile ("rev16 %0, %1" : __CMSIS_GCC_OUT_REG (result) : __CMSIS_GCC_USE_REG (value) );
 924:Drivers/CMSIS/Include/cmsis_gcc.h ****   return result;
 925:Drivers/CMSIS/Include/cmsis_gcc.h **** }
 926:Drivers/CMSIS/Include/cmsis_gcc.h **** 
 927:Drivers/CMSIS/Include/cmsis_gcc.h **** 
 928:Drivers/CMSIS/Include/cmsis_gcc.h **** /**
 929:Drivers/CMSIS/Include/cmsis_gcc.h ****   \brief   Reverse byte order (16 bit)
 930:Drivers/CMSIS/Include/cmsis_gcc.h ****   \details Reverses the byte order in a 16-bit value and returns the signed 16-bit result. For exam
 931:Drivers/CMSIS/Include/cmsis_gcc.h ****   \param [in]    value  Value to reverse
 932:Drivers/CMSIS/Include/cmsis_gcc.h ****   \return               Reversed value
 933:Drivers/CMSIS/Include/cmsis_gcc.h ****  */
 934:Drivers/CMSIS/Include/cmsis_gcc.h **** __STATIC_FORCEINLINE int16_t __REVSH(int16_t value)
 935:Drivers/CMSIS/Include/cmsis_gcc.h **** {
 936:Drivers/CMSIS/Include/cmsis_gcc.h **** #if (__GNUC__ > 4) || (__GNUC__ == 4 && __GNUC_MINOR__ >= 8)
 937:Drivers/CMSIS/Include/cmsis_gcc.h ****   return (int16_t)__builtin_bswap16(value);
 938:Drivers/CMSIS/Include/cmsis_gcc.h **** #else
 939:Drivers/CMSIS/Include/cmsis_gcc.h ****   int16_t result;
 940:Drivers/CMSIS/Include/cmsis_gcc.h **** 
 941:Drivers/CMSIS/Include/cmsis_gcc.h ****   __ASM volatile ("revsh %0, %1" : __CMSIS_GCC_OUT_REG (result) : __CMSIS_GCC_USE_REG (value) );
 942:Drivers/CMSIS/Include/cmsis_gcc.h ****   return result;
 943:Drivers/CMSIS/Include/cmsis_gcc.h **** #endif
 944:Drivers/CMSIS/Include/cmsis_gcc.h **** }
 945:Drivers/CMSIS/Include/cmsis_gcc.h **** 
 946:Drivers/CMSIS/Include/cmsis_gcc.h **** 
 947:Drivers/CMSIS/Include/cmsis_gcc.h **** /**
ARM GAS  /tmp/cc1LZDaw.s 			page 75


 948:Drivers/CMSIS/Include/cmsis_gcc.h ****   \brief   Rotate Right in unsigned value (32 bit)
 949:Drivers/CMSIS/Include/cmsis_gcc.h ****   \details Rotate Right (immediate) provides the value of the contents of a register rotated by a v
 950:Drivers/CMSIS/Include/cmsis_gcc.h ****   \param [in]    op1  Value to rotate
 951:Drivers/CMSIS/Include/cmsis_gcc.h ****   \param [in]    op2  Number of Bits to rotate
 952:Drivers/CMSIS/Include/cmsis_gcc.h ****   \return               Rotated value
 953:Drivers/CMSIS/Include/cmsis_gcc.h ****  */
 954:Drivers/CMSIS/Include/cmsis_gcc.h **** __STATIC_FORCEINLINE uint32_t __ROR(uint32_t op1, uint32_t op2)
 955:Drivers/CMSIS/Include/cmsis_gcc.h **** {
 956:Drivers/CMSIS/Include/cmsis_gcc.h ****   op2 %= 32U;
 957:Drivers/CMSIS/Include/cmsis_gcc.h ****   if (op2 == 0U)
 958:Drivers/CMSIS/Include/cmsis_gcc.h ****   {
 959:Drivers/CMSIS/Include/cmsis_gcc.h ****     return op1;
 960:Drivers/CMSIS/Include/cmsis_gcc.h ****   }
 961:Drivers/CMSIS/Include/cmsis_gcc.h ****   return (op1 >> op2) | (op1 << (32U - op2));
 962:Drivers/CMSIS/Include/cmsis_gcc.h **** }
 963:Drivers/CMSIS/Include/cmsis_gcc.h **** 
 964:Drivers/CMSIS/Include/cmsis_gcc.h **** 
 965:Drivers/CMSIS/Include/cmsis_gcc.h **** /**
 966:Drivers/CMSIS/Include/cmsis_gcc.h ****   \brief   Breakpoint
 967:Drivers/CMSIS/Include/cmsis_gcc.h ****   \details Causes the processor to enter Debug state.
 968:Drivers/CMSIS/Include/cmsis_gcc.h ****            Debug tools can use this to investigate system state when the instruction at a particula
 969:Drivers/CMSIS/Include/cmsis_gcc.h ****   \param [in]    value  is ignored by the processor.
 970:Drivers/CMSIS/Include/cmsis_gcc.h ****                  If required, a debugger can use it to store additional information about the break
 971:Drivers/CMSIS/Include/cmsis_gcc.h ****  */
 972:Drivers/CMSIS/Include/cmsis_gcc.h **** #define __BKPT(value)                       __ASM volatile ("bkpt "#value)
 973:Drivers/CMSIS/Include/cmsis_gcc.h **** 
 974:Drivers/CMSIS/Include/cmsis_gcc.h **** 
 975:Drivers/CMSIS/Include/cmsis_gcc.h **** /**
 976:Drivers/CMSIS/Include/cmsis_gcc.h ****   \brief   Reverse bit order of value
 977:Drivers/CMSIS/Include/cmsis_gcc.h ****   \details Reverses the bit order of the given value.
 978:Drivers/CMSIS/Include/cmsis_gcc.h ****   \param [in]    value  Value to reverse
 979:Drivers/CMSIS/Include/cmsis_gcc.h ****   \return               Reversed value
 980:Drivers/CMSIS/Include/cmsis_gcc.h ****  */
 981:Drivers/CMSIS/Include/cmsis_gcc.h **** __STATIC_FORCEINLINE uint32_t __RBIT(uint32_t value)
 1543              		.loc 2 981 31 view .LVU505
 1544              	.LBB5:
 982:Drivers/CMSIS/Include/cmsis_gcc.h **** {
 983:Drivers/CMSIS/Include/cmsis_gcc.h ****   uint32_t result;
 1545              		.loc 2 983 3 view .LVU506
 984:Drivers/CMSIS/Include/cmsis_gcc.h **** 
 985:Drivers/CMSIS/Include/cmsis_gcc.h **** #if ((defined (__ARM_ARCH_7M__      ) && (__ARM_ARCH_7M__      == 1)) || \
 986:Drivers/CMSIS/Include/cmsis_gcc.h ****      (defined (__ARM_ARCH_7EM__     ) && (__ARM_ARCH_7EM__     == 1)) || \
 987:Drivers/CMSIS/Include/cmsis_gcc.h ****      (defined (__ARM_ARCH_8M_MAIN__ ) && (__ARM_ARCH_8M_MAIN__ == 1))    )
 988:Drivers/CMSIS/Include/cmsis_gcc.h ****    __ASM volatile ("rbit %0, %1" : "=r" (result) : "r" (value) );
 1546              		.loc 2 988 4 view .LVU507
 1547              		.syntax unified
 1548              	@ 988 "Drivers/CMSIS/Include/cmsis_gcc.h" 1
 1549 0010 91FAA1F1 		rbit r1, r1
 1550              	@ 0 "" 2
 1551              	.LVL122:
 989:Drivers/CMSIS/Include/cmsis_gcc.h **** #else
 990:Drivers/CMSIS/Include/cmsis_gcc.h ****   uint32_t s = (4U /*sizeof(v)*/ * 8U) - 1U; /* extra shift needed at end */
 991:Drivers/CMSIS/Include/cmsis_gcc.h **** 
 992:Drivers/CMSIS/Include/cmsis_gcc.h ****   result = value;                      /* r will be reversed bits of v; first get LSB of v */
 993:Drivers/CMSIS/Include/cmsis_gcc.h ****   for (value >>= 1U; value != 0U; value >>= 1U)
 994:Drivers/CMSIS/Include/cmsis_gcc.h ****   {
 995:Drivers/CMSIS/Include/cmsis_gcc.h ****     result <<= 1U;
ARM GAS  /tmp/cc1LZDaw.s 			page 76


 996:Drivers/CMSIS/Include/cmsis_gcc.h ****     result |= value & 1U;
 997:Drivers/CMSIS/Include/cmsis_gcc.h ****     s--;
 998:Drivers/CMSIS/Include/cmsis_gcc.h ****   }
 999:Drivers/CMSIS/Include/cmsis_gcc.h ****   result <<= s;                        /* shift when v's highest bits are zero */
1000:Drivers/CMSIS/Include/cmsis_gcc.h **** #endif
1001:Drivers/CMSIS/Include/cmsis_gcc.h ****   return result;
 1552              		.loc 2 1001 3 view .LVU508
 1553              		.loc 2 1001 3 is_stmt 0 view .LVU509
 1554              		.thumb
 1555              		.syntax unified
 1556              	.LBE5:
 1557              	.LBE4:
1461:Drivers/STM32F1xx_HAL_Driver/Src/stm32f1xx_hal_can.c **** 
 1558              		.loc 1 1461 21 discriminator 2 view .LVU510
 1559 0014 B1FA81F1 		clz	r1, r1
 1560              	.LVL123:
1464:Drivers/STM32F1xx_HAL_Driver/Src/stm32f1xx_hal_can.c ****   }
 1561              		.loc 1 1464 5 is_stmt 1 view .LVU511
1464:Drivers/STM32F1xx_HAL_Driver/Src/stm32f1xx_hal_can.c ****   }
 1562              		.loc 1 1464 22 is_stmt 0 view .LVU512
 1563 0018 0368     		ldr	r3, [r0]
1464:Drivers/STM32F1xx_HAL_Driver/Src/stm32f1xx_hal_can.c ****   }
 1564              		.loc 1 1464 61 view .LVU513
 1565 001a 1831     		adds	r1, r1, #24
 1566              	.LVL124:
1464:Drivers/STM32F1xx_HAL_Driver/Src/stm32f1xx_hal_can.c ****   }
 1567              		.loc 1 1464 61 view .LVU514
 1568 001c 03EB0113 		add	r3, r3, r1, lsl #4
 1569 0020 5868     		ldr	r0, [r3, #4]
 1570              	.LVL125:
1464:Drivers/STM32F1xx_HAL_Driver/Src/stm32f1xx_hal_can.c ****   }
 1571              		.loc 1 1464 85 view .LVU515
 1572 0022 000C     		lsrs	r0, r0, #16
 1573              	.LVL126:
1464:Drivers/STM32F1xx_HAL_Driver/Src/stm32f1xx_hal_can.c ****   }
 1574              		.loc 1 1464 85 view .LVU516
 1575 0024 7047     		bx	lr
 1576              		.cfi_endproc
 1577              	.LFE79:
 1579              		.section	.text.HAL_CAN_GetRxMessage,"ax",%progbits
 1580              		.align	1
 1581              		.global	HAL_CAN_GetRxMessage
 1582              		.syntax unified
 1583              		.thumb
 1584              		.thumb_func
 1586              	HAL_CAN_GetRxMessage:
 1587              	.LVL127:
 1588              	.LFB80:
1470:Drivers/STM32F1xx_HAL_Driver/Src/stm32f1xx_hal_can.c **** 
1471:Drivers/STM32F1xx_HAL_Driver/Src/stm32f1xx_hal_can.c **** /**
1472:Drivers/STM32F1xx_HAL_Driver/Src/stm32f1xx_hal_can.c ****   * @brief  Get an CAN frame from the Rx FIFO zone into the message RAM.
1473:Drivers/STM32F1xx_HAL_Driver/Src/stm32f1xx_hal_can.c ****   * @param  hcan pointer to an CAN_HandleTypeDef structure that contains
1474:Drivers/STM32F1xx_HAL_Driver/Src/stm32f1xx_hal_can.c ****   *         the configuration information for the specified CAN.
1475:Drivers/STM32F1xx_HAL_Driver/Src/stm32f1xx_hal_can.c ****   * @param  RxFifo Fifo number of the received message to be read.
1476:Drivers/STM32F1xx_HAL_Driver/Src/stm32f1xx_hal_can.c ****   *         This parameter can be a value of @arg CAN_receive_FIFO_number.
1477:Drivers/STM32F1xx_HAL_Driver/Src/stm32f1xx_hal_can.c ****   * @param  pHeader pointer to a CAN_RxHeaderTypeDef structure where the header
1478:Drivers/STM32F1xx_HAL_Driver/Src/stm32f1xx_hal_can.c ****   *         of the Rx frame will be stored.
ARM GAS  /tmp/cc1LZDaw.s 			page 77


1479:Drivers/STM32F1xx_HAL_Driver/Src/stm32f1xx_hal_can.c ****   * @param  aData array where the payload of the Rx frame will be stored.
1480:Drivers/STM32F1xx_HAL_Driver/Src/stm32f1xx_hal_can.c ****   * @retval HAL status
1481:Drivers/STM32F1xx_HAL_Driver/Src/stm32f1xx_hal_can.c ****   */
1482:Drivers/STM32F1xx_HAL_Driver/Src/stm32f1xx_hal_can.c **** HAL_StatusTypeDef HAL_CAN_GetRxMessage(CAN_HandleTypeDef *hcan, uint32_t RxFifo,
1483:Drivers/STM32F1xx_HAL_Driver/Src/stm32f1xx_hal_can.c ****                                        CAN_RxHeaderTypeDef *pHeader, uint8_t aData[])
1484:Drivers/STM32F1xx_HAL_Driver/Src/stm32f1xx_hal_can.c **** {
 1589              		.loc 1 1484 1 is_stmt 1 view -0
 1590              		.cfi_startproc
 1591              		@ args = 0, pretend = 0, frame = 0
 1592              		@ frame_needed = 0, uses_anonymous_args = 0
 1593              		@ link register save eliminated.
1485:Drivers/STM32F1xx_HAL_Driver/Src/stm32f1xx_hal_can.c ****   HAL_CAN_StateTypeDef state = hcan->State;
 1594              		.loc 1 1485 3 view .LVU518
 1595              		.loc 1 1485 24 is_stmt 0 view .LVU519
 1596 0000 90F820C0 		ldrb	ip, [r0, #32]	@ zero_extendqisi2
 1597              	.LVL128:
1486:Drivers/STM32F1xx_HAL_Driver/Src/stm32f1xx_hal_can.c **** 
1487:Drivers/STM32F1xx_HAL_Driver/Src/stm32f1xx_hal_can.c ****   assert_param(IS_CAN_RX_FIFO(RxFifo));
 1598              		.loc 1 1487 3 is_stmt 1 view .LVU520
1488:Drivers/STM32F1xx_HAL_Driver/Src/stm32f1xx_hal_can.c **** 
1489:Drivers/STM32F1xx_HAL_Driver/Src/stm32f1xx_hal_can.c ****   if ((state == HAL_CAN_STATE_READY) ||
 1599              		.loc 1 1489 3 view .LVU521
 1600              		.loc 1 1489 38 is_stmt 0 view .LVU522
 1601 0004 0CF1FF3C 		add	ip, ip, #-1
 1602              	.LVL129:
 1603              		.loc 1 1489 38 view .LVU523
 1604 0008 5FFA8CFC 		uxtb	ip, ip
 1605              	.LVL130:
 1606              		.loc 1 1489 6 view .LVU524
 1607 000c BCF1010F 		cmp	ip, #1
 1608 0010 00F2A580 		bhi	.L128
1484:Drivers/STM32F1xx_HAL_Driver/Src/stm32f1xx_hal_can.c ****   HAL_CAN_StateTypeDef state = hcan->State;
 1609              		.loc 1 1484 1 view .LVU525
 1610 0014 30B4     		push	{r4, r5}
 1611              	.LCFI10:
 1612              		.cfi_def_cfa_offset 8
 1613              		.cfi_offset 4, -8
 1614              		.cfi_offset 5, -4
1490:Drivers/STM32F1xx_HAL_Driver/Src/stm32f1xx_hal_can.c ****       (state == HAL_CAN_STATE_LISTENING))
1491:Drivers/STM32F1xx_HAL_Driver/Src/stm32f1xx_hal_can.c ****   {
1492:Drivers/STM32F1xx_HAL_Driver/Src/stm32f1xx_hal_can.c ****     /* Check the Rx FIFO */
1493:Drivers/STM32F1xx_HAL_Driver/Src/stm32f1xx_hal_can.c ****     if (RxFifo == CAN_RX_FIFO0) /* Rx element is assigned to Rx FIFO 0 */
 1615              		.loc 1 1493 5 is_stmt 1 view .LVU526
 1616              		.loc 1 1493 8 is_stmt 0 view .LVU527
 1617 0016 51B9     		cbnz	r1, .L129
1494:Drivers/STM32F1xx_HAL_Driver/Src/stm32f1xx_hal_can.c ****     {
1495:Drivers/STM32F1xx_HAL_Driver/Src/stm32f1xx_hal_can.c ****       /* Check that the Rx FIFO 0 is not empty */
1496:Drivers/STM32F1xx_HAL_Driver/Src/stm32f1xx_hal_can.c ****       if ((hcan->Instance->RF0R & CAN_RF0R_FMP0) == 0U)
 1618              		.loc 1 1496 7 is_stmt 1 view .LVU528
 1619              		.loc 1 1496 16 is_stmt 0 view .LVU529
 1620 0018 0468     		ldr	r4, [r0]
 1621              		.loc 1 1496 26 view .LVU530
 1622 001a E468     		ldr	r4, [r4, #12]
 1623              		.loc 1 1496 10 view .LVU531
 1624 001c 14F0030F 		tst	r4, #3
 1625 0020 10D1     		bne	.L130
1497:Drivers/STM32F1xx_HAL_Driver/Src/stm32f1xx_hal_can.c ****       {
ARM GAS  /tmp/cc1LZDaw.s 			page 78


1498:Drivers/STM32F1xx_HAL_Driver/Src/stm32f1xx_hal_can.c ****         /* Update error code */
1499:Drivers/STM32F1xx_HAL_Driver/Src/stm32f1xx_hal_can.c ****         hcan->ErrorCode |= HAL_CAN_ERROR_PARAM;
 1626              		.loc 1 1499 9 is_stmt 1 view .LVU532
 1627              		.loc 1 1499 13 is_stmt 0 view .LVU533
 1628 0022 436A     		ldr	r3, [r0, #36]
 1629              	.LVL131:
 1630              		.loc 1 1499 25 view .LVU534
 1631 0024 43F40013 		orr	r3, r3, #2097152
 1632 0028 4362     		str	r3, [r0, #36]
1500:Drivers/STM32F1xx_HAL_Driver/Src/stm32f1xx_hal_can.c **** 
1501:Drivers/STM32F1xx_HAL_Driver/Src/stm32f1xx_hal_can.c ****         return HAL_ERROR;
 1633              		.loc 1 1501 9 is_stmt 1 view .LVU535
 1634              		.loc 1 1501 16 is_stmt 0 view .LVU536
 1635 002a 0120     		movs	r0, #1
 1636              	.LVL132:
 1637              		.loc 1 1501 16 view .LVU537
 1638 002c 7EE0     		b	.L131
 1639              	.LVL133:
 1640              	.L129:
1502:Drivers/STM32F1xx_HAL_Driver/Src/stm32f1xx_hal_can.c ****       }
1503:Drivers/STM32F1xx_HAL_Driver/Src/stm32f1xx_hal_can.c ****     }
1504:Drivers/STM32F1xx_HAL_Driver/Src/stm32f1xx_hal_can.c ****     else /* Rx element is assigned to Rx FIFO 1 */
1505:Drivers/STM32F1xx_HAL_Driver/Src/stm32f1xx_hal_can.c ****     {
1506:Drivers/STM32F1xx_HAL_Driver/Src/stm32f1xx_hal_can.c ****       /* Check that the Rx FIFO 1 is not empty */
1507:Drivers/STM32F1xx_HAL_Driver/Src/stm32f1xx_hal_can.c ****       if ((hcan->Instance->RF1R & CAN_RF1R_FMP1) == 0U)
 1641              		.loc 1 1507 7 is_stmt 1 view .LVU538
 1642              		.loc 1 1507 16 is_stmt 0 view .LVU539
 1643 002e 0468     		ldr	r4, [r0]
 1644              		.loc 1 1507 26 view .LVU540
 1645 0030 2469     		ldr	r4, [r4, #16]
 1646              		.loc 1 1507 10 view .LVU541
 1647 0032 14F0030F 		tst	r4, #3
 1648 0036 05D1     		bne	.L130
1508:Drivers/STM32F1xx_HAL_Driver/Src/stm32f1xx_hal_can.c ****       {
1509:Drivers/STM32F1xx_HAL_Driver/Src/stm32f1xx_hal_can.c ****         /* Update error code */
1510:Drivers/STM32F1xx_HAL_Driver/Src/stm32f1xx_hal_can.c ****         hcan->ErrorCode |= HAL_CAN_ERROR_PARAM;
 1649              		.loc 1 1510 9 is_stmt 1 view .LVU542
 1650              		.loc 1 1510 13 is_stmt 0 view .LVU543
 1651 0038 436A     		ldr	r3, [r0, #36]
 1652              	.LVL134:
 1653              		.loc 1 1510 25 view .LVU544
 1654 003a 43F40013 		orr	r3, r3, #2097152
 1655 003e 4362     		str	r3, [r0, #36]
1511:Drivers/STM32F1xx_HAL_Driver/Src/stm32f1xx_hal_can.c **** 
1512:Drivers/STM32F1xx_HAL_Driver/Src/stm32f1xx_hal_can.c ****         return HAL_ERROR;
 1656              		.loc 1 1512 9 is_stmt 1 view .LVU545
 1657              		.loc 1 1512 16 is_stmt 0 view .LVU546
 1658 0040 0120     		movs	r0, #1
 1659              	.LVL135:
 1660              		.loc 1 1512 16 view .LVU547
 1661 0042 73E0     		b	.L131
 1662              	.LVL136:
 1663              	.L130:
1513:Drivers/STM32F1xx_HAL_Driver/Src/stm32f1xx_hal_can.c ****       }
1514:Drivers/STM32F1xx_HAL_Driver/Src/stm32f1xx_hal_can.c ****     }
1515:Drivers/STM32F1xx_HAL_Driver/Src/stm32f1xx_hal_can.c **** 
1516:Drivers/STM32F1xx_HAL_Driver/Src/stm32f1xx_hal_can.c ****     /* Get the header */
ARM GAS  /tmp/cc1LZDaw.s 			page 79


1517:Drivers/STM32F1xx_HAL_Driver/Src/stm32f1xx_hal_can.c ****     pHeader->IDE = CAN_RI0R_IDE & hcan->Instance->sFIFOMailBox[RxFifo].RIR;
 1664              		.loc 1 1517 5 is_stmt 1 view .LVU548
 1665              		.loc 1 1517 39 is_stmt 0 view .LVU549
 1666 0044 0568     		ldr	r5, [r0]
 1667              		.loc 1 1517 71 view .LVU550
 1668 0046 01F11B04 		add	r4, r1, #27
 1669 004a 2401     		lsls	r4, r4, #4
 1670 004c 2C59     		ldr	r4, [r5, r4]
 1671              		.loc 1 1517 33 view .LVU551
 1672 004e 04F00404 		and	r4, r4, #4
 1673              		.loc 1 1517 18 view .LVU552
 1674 0052 9460     		str	r4, [r2, #8]
1518:Drivers/STM32F1xx_HAL_Driver/Src/stm32f1xx_hal_can.c ****     if (pHeader->IDE == CAN_ID_STD)
 1675              		.loc 1 1518 5 is_stmt 1 view .LVU553
 1676              		.loc 1 1518 8 is_stmt 0 view .LVU554
 1677 0054 002C     		cmp	r4, #0
 1678 0056 6BD1     		bne	.L132
1519:Drivers/STM32F1xx_HAL_Driver/Src/stm32f1xx_hal_can.c ****     {
1520:Drivers/STM32F1xx_HAL_Driver/Src/stm32f1xx_hal_can.c ****       pHeader->StdId = (CAN_RI0R_STID & hcan->Instance->sFIFOMailBox[RxFifo].RIR) >> CAN_TI0R_STID_
 1679              		.loc 1 1520 7 is_stmt 1 view .LVU555
 1680              		.loc 1 1520 45 is_stmt 0 view .LVU556
 1681 0058 0568     		ldr	r5, [r0]
 1682              		.loc 1 1520 77 view .LVU557
 1683 005a 01F11B04 		add	r4, r1, #27
 1684 005e 2401     		lsls	r4, r4, #4
 1685 0060 2C59     		ldr	r4, [r5, r4]
 1686              		.loc 1 1520 83 view .LVU558
 1687 0062 640D     		lsrs	r4, r4, #21
 1688              		.loc 1 1520 22 view .LVU559
 1689 0064 1460     		str	r4, [r2]
 1690              	.L133:
1521:Drivers/STM32F1xx_HAL_Driver/Src/stm32f1xx_hal_can.c ****     }
1522:Drivers/STM32F1xx_HAL_Driver/Src/stm32f1xx_hal_can.c ****     else
1523:Drivers/STM32F1xx_HAL_Driver/Src/stm32f1xx_hal_can.c ****     {
1524:Drivers/STM32F1xx_HAL_Driver/Src/stm32f1xx_hal_can.c ****       pHeader->ExtId = ((CAN_RI0R_EXID | CAN_RI0R_STID) &
1525:Drivers/STM32F1xx_HAL_Driver/Src/stm32f1xx_hal_can.c ****                         hcan->Instance->sFIFOMailBox[RxFifo].RIR) >> CAN_RI0R_EXID_Pos;
1526:Drivers/STM32F1xx_HAL_Driver/Src/stm32f1xx_hal_can.c ****     }
1527:Drivers/STM32F1xx_HAL_Driver/Src/stm32f1xx_hal_can.c ****     pHeader->RTR = (CAN_RI0R_RTR & hcan->Instance->sFIFOMailBox[RxFifo].RIR);
 1691              		.loc 1 1527 5 is_stmt 1 view .LVU560
 1692              		.loc 1 1527 40 is_stmt 0 view .LVU561
 1693 0066 0468     		ldr	r4, [r0]
 1694              		.loc 1 1527 72 view .LVU562
 1695 0068 01F11B0C 		add	ip, r1, #27
 1696 006c 4FEA0C1C 		lsl	ip, ip, #4
 1697 0070 54F80C40 		ldr	r4, [r4, ip]
 1698              		.loc 1 1527 34 view .LVU563
 1699 0074 04F00204 		and	r4, r4, #2
 1700              		.loc 1 1527 18 view .LVU564
 1701 0078 D460     		str	r4, [r2, #12]
1528:Drivers/STM32F1xx_HAL_Driver/Src/stm32f1xx_hal_can.c ****     if (((CAN_RDT0R_DLC & hcan->Instance->sFIFOMailBox[RxFifo].RDTR) >> CAN_RDT0R_DLC_Pos) >= 8U)
 1702              		.loc 1 1528 5 is_stmt 1 view .LVU565
 1703              		.loc 1 1528 31 is_stmt 0 view .LVU566
 1704 007a 0468     		ldr	r4, [r0]
 1705              		.loc 1 1528 63 view .LVU567
 1706 007c A444     		add	ip, ip, r4
 1707 007e DCF80450 		ldr	r5, [ip, #4]
 1708              		.loc 1 1528 8 view .LVU568
ARM GAS  /tmp/cc1LZDaw.s 			page 80


 1709 0082 15F0080F 		tst	r5, #8
 1710 0086 5BD0     		beq	.L134
1529:Drivers/STM32F1xx_HAL_Driver/Src/stm32f1xx_hal_can.c ****     {
1530:Drivers/STM32F1xx_HAL_Driver/Src/stm32f1xx_hal_can.c ****       /* Truncate DLC to 8 if received field is over range */
1531:Drivers/STM32F1xx_HAL_Driver/Src/stm32f1xx_hal_can.c ****       pHeader->DLC = 8U;
 1711              		.loc 1 1531 7 is_stmt 1 view .LVU569
 1712              		.loc 1 1531 20 is_stmt 0 view .LVU570
 1713 0088 0824     		movs	r4, #8
 1714 008a 1461     		str	r4, [r2, #16]
 1715              	.L135:
1532:Drivers/STM32F1xx_HAL_Driver/Src/stm32f1xx_hal_can.c ****     }
1533:Drivers/STM32F1xx_HAL_Driver/Src/stm32f1xx_hal_can.c ****     else
1534:Drivers/STM32F1xx_HAL_Driver/Src/stm32f1xx_hal_can.c ****     {
1535:Drivers/STM32F1xx_HAL_Driver/Src/stm32f1xx_hal_can.c ****       pHeader->DLC = (CAN_RDT0R_DLC & hcan->Instance->sFIFOMailBox[RxFifo].RDTR) >> CAN_RDT0R_DLC_P
1536:Drivers/STM32F1xx_HAL_Driver/Src/stm32f1xx_hal_can.c ****     }
1537:Drivers/STM32F1xx_HAL_Driver/Src/stm32f1xx_hal_can.c ****     pHeader->FilterMatchIndex = (CAN_RDT0R_FMI & hcan->Instance->sFIFOMailBox[RxFifo].RDTR) >> CAN_
 1716              		.loc 1 1537 5 is_stmt 1 view .LVU571
 1717              		.loc 1 1537 54 is_stmt 0 view .LVU572
 1718 008c 0468     		ldr	r4, [r0]
 1719              		.loc 1 1537 86 view .LVU573
 1720 008e 01F11B0C 		add	ip, r1, #27
 1721 0092 04EB0C14 		add	r4, r4, ip, lsl #4
 1722 0096 6468     		ldr	r4, [r4, #4]
 1723              		.loc 1 1537 93 view .LVU574
 1724 0098 C4F30724 		ubfx	r4, r4, #8, #8
 1725              		.loc 1 1537 31 view .LVU575
 1726 009c 9461     		str	r4, [r2, #24]
1538:Drivers/STM32F1xx_HAL_Driver/Src/stm32f1xx_hal_can.c ****     pHeader->Timestamp = (CAN_RDT0R_TIME & hcan->Instance->sFIFOMailBox[RxFifo].RDTR) >> CAN_RDT0R_
 1727              		.loc 1 1538 5 is_stmt 1 view .LVU576
 1728              		.loc 1 1538 48 is_stmt 0 view .LVU577
 1729 009e 0468     		ldr	r4, [r0]
 1730              		.loc 1 1538 80 view .LVU578
 1731 00a0 04EB0C14 		add	r4, r4, ip, lsl #4
 1732 00a4 6468     		ldr	r4, [r4, #4]
 1733              		.loc 1 1538 87 view .LVU579
 1734 00a6 240C     		lsrs	r4, r4, #16
 1735              		.loc 1 1538 24 view .LVU580
 1736 00a8 5461     		str	r4, [r2, #20]
1539:Drivers/STM32F1xx_HAL_Driver/Src/stm32f1xx_hal_can.c **** 
1540:Drivers/STM32F1xx_HAL_Driver/Src/stm32f1xx_hal_can.c ****     /* Get the data */
1541:Drivers/STM32F1xx_HAL_Driver/Src/stm32f1xx_hal_can.c ****     aData[0] = (uint8_t)((CAN_RDL0R_DATA0 & hcan->Instance->sFIFOMailBox[RxFifo].RDLR) >> CAN_RDL0R
 1737              		.loc 1 1541 5 is_stmt 1 view .LVU581
 1738              		.loc 1 1541 49 is_stmt 0 view .LVU582
 1739 00aa 0268     		ldr	r2, [r0]
 1740              	.LVL137:
 1741              		.loc 1 1541 81 view .LVU583
 1742 00ac 02EB0112 		add	r2, r2, r1, lsl #4
 1743 00b0 D2F8B821 		ldr	r2, [r2, #440]
 1744              		.loc 1 1541 14 view .LVU584
 1745 00b4 1A70     		strb	r2, [r3]
1542:Drivers/STM32F1xx_HAL_Driver/Src/stm32f1xx_hal_can.c ****     aData[1] = (uint8_t)((CAN_RDL0R_DATA1 & hcan->Instance->sFIFOMailBox[RxFifo].RDLR) >> CAN_RDL0R
 1746              		.loc 1 1542 5 is_stmt 1 view .LVU585
 1747              		.loc 1 1542 49 is_stmt 0 view .LVU586
 1748 00b6 0268     		ldr	r2, [r0]
 1749              		.loc 1 1542 81 view .LVU587
 1750 00b8 02EB0112 		add	r2, r2, r1, lsl #4
 1751 00bc D2F8B821 		ldr	r2, [r2, #440]
ARM GAS  /tmp/cc1LZDaw.s 			page 81


 1752              		.loc 1 1542 16 view .LVU588
 1753 00c0 C2F30722 		ubfx	r2, r2, #8, #8
 1754              		.loc 1 1542 14 view .LVU589
 1755 00c4 5A70     		strb	r2, [r3, #1]
1543:Drivers/STM32F1xx_HAL_Driver/Src/stm32f1xx_hal_can.c ****     aData[2] = (uint8_t)((CAN_RDL0R_DATA2 & hcan->Instance->sFIFOMailBox[RxFifo].RDLR) >> CAN_RDL0R
 1756              		.loc 1 1543 5 is_stmt 1 view .LVU590
 1757              		.loc 1 1543 49 is_stmt 0 view .LVU591
 1758 00c6 0268     		ldr	r2, [r0]
 1759              		.loc 1 1543 81 view .LVU592
 1760 00c8 02EB0112 		add	r2, r2, r1, lsl #4
 1761 00cc D2F8B821 		ldr	r2, [r2, #440]
 1762              		.loc 1 1543 16 view .LVU593
 1763 00d0 C2F30742 		ubfx	r2, r2, #16, #8
 1764              		.loc 1 1543 14 view .LVU594
 1765 00d4 9A70     		strb	r2, [r3, #2]
1544:Drivers/STM32F1xx_HAL_Driver/Src/stm32f1xx_hal_can.c ****     aData[3] = (uint8_t)((CAN_RDL0R_DATA3 & hcan->Instance->sFIFOMailBox[RxFifo].RDLR) >> CAN_RDL0R
 1766              		.loc 1 1544 5 is_stmt 1 view .LVU595
 1767              		.loc 1 1544 49 is_stmt 0 view .LVU596
 1768 00d6 0268     		ldr	r2, [r0]
 1769              		.loc 1 1544 81 view .LVU597
 1770 00d8 02EB0112 		add	r2, r2, r1, lsl #4
 1771 00dc D2F8B821 		ldr	r2, [r2, #440]
 1772              		.loc 1 1544 16 view .LVU598
 1773 00e0 120E     		lsrs	r2, r2, #24
 1774              		.loc 1 1544 14 view .LVU599
 1775 00e2 DA70     		strb	r2, [r3, #3]
1545:Drivers/STM32F1xx_HAL_Driver/Src/stm32f1xx_hal_can.c ****     aData[4] = (uint8_t)((CAN_RDH0R_DATA4 & hcan->Instance->sFIFOMailBox[RxFifo].RDHR) >> CAN_RDH0R
 1776              		.loc 1 1545 5 is_stmt 1 view .LVU600
 1777              		.loc 1 1545 49 is_stmt 0 view .LVU601
 1778 00e4 0268     		ldr	r2, [r0]
 1779              		.loc 1 1545 81 view .LVU602
 1780 00e6 02EB0112 		add	r2, r2, r1, lsl #4
 1781 00ea D2F8BC21 		ldr	r2, [r2, #444]
 1782              		.loc 1 1545 14 view .LVU603
 1783 00ee 1A71     		strb	r2, [r3, #4]
1546:Drivers/STM32F1xx_HAL_Driver/Src/stm32f1xx_hal_can.c ****     aData[5] = (uint8_t)((CAN_RDH0R_DATA5 & hcan->Instance->sFIFOMailBox[RxFifo].RDHR) >> CAN_RDH0R
 1784              		.loc 1 1546 5 is_stmt 1 view .LVU604
 1785              		.loc 1 1546 49 is_stmt 0 view .LVU605
 1786 00f0 0268     		ldr	r2, [r0]
 1787              		.loc 1 1546 81 view .LVU606
 1788 00f2 02EB0112 		add	r2, r2, r1, lsl #4
 1789 00f6 D2F8BC21 		ldr	r2, [r2, #444]
 1790              		.loc 1 1546 16 view .LVU607
 1791 00fa C2F30722 		ubfx	r2, r2, #8, #8
 1792              		.loc 1 1546 14 view .LVU608
 1793 00fe 5A71     		strb	r2, [r3, #5]
1547:Drivers/STM32F1xx_HAL_Driver/Src/stm32f1xx_hal_can.c ****     aData[6] = (uint8_t)((CAN_RDH0R_DATA6 & hcan->Instance->sFIFOMailBox[RxFifo].RDHR) >> CAN_RDH0R
 1794              		.loc 1 1547 5 is_stmt 1 view .LVU609
 1795              		.loc 1 1547 49 is_stmt 0 view .LVU610
 1796 0100 0268     		ldr	r2, [r0]
 1797              		.loc 1 1547 81 view .LVU611
 1798 0102 02EB0112 		add	r2, r2, r1, lsl #4
 1799 0106 D2F8BC21 		ldr	r2, [r2, #444]
 1800              		.loc 1 1547 16 view .LVU612
 1801 010a C2F30742 		ubfx	r2, r2, #16, #8
 1802              		.loc 1 1547 14 view .LVU613
 1803 010e 9A71     		strb	r2, [r3, #6]
ARM GAS  /tmp/cc1LZDaw.s 			page 82


1548:Drivers/STM32F1xx_HAL_Driver/Src/stm32f1xx_hal_can.c ****     aData[7] = (uint8_t)((CAN_RDH0R_DATA7 & hcan->Instance->sFIFOMailBox[RxFifo].RDHR) >> CAN_RDH0R
 1804              		.loc 1 1548 5 is_stmt 1 view .LVU614
 1805              		.loc 1 1548 49 is_stmt 0 view .LVU615
 1806 0110 0268     		ldr	r2, [r0]
 1807              		.loc 1 1548 81 view .LVU616
 1808 0112 02EB0112 		add	r2, r2, r1, lsl #4
 1809 0116 D2F8BC21 		ldr	r2, [r2, #444]
 1810              		.loc 1 1548 16 view .LVU617
 1811 011a 120E     		lsrs	r2, r2, #24
 1812              		.loc 1 1548 14 view .LVU618
 1813 011c DA71     		strb	r2, [r3, #7]
1549:Drivers/STM32F1xx_HAL_Driver/Src/stm32f1xx_hal_can.c **** 
1550:Drivers/STM32F1xx_HAL_Driver/Src/stm32f1xx_hal_can.c ****     /* Release the FIFO */
1551:Drivers/STM32F1xx_HAL_Driver/Src/stm32f1xx_hal_can.c ****     if (RxFifo == CAN_RX_FIFO0) /* Rx element is assigned to Rx FIFO 0 */
 1814              		.loc 1 1551 5 is_stmt 1 view .LVU619
 1815              		.loc 1 1551 8 is_stmt 0 view .LVU620
 1816 011e C1B9     		cbnz	r1, .L136
1552:Drivers/STM32F1xx_HAL_Driver/Src/stm32f1xx_hal_can.c ****     {
1553:Drivers/STM32F1xx_HAL_Driver/Src/stm32f1xx_hal_can.c ****       /* Release RX FIFO 0 */
1554:Drivers/STM32F1xx_HAL_Driver/Src/stm32f1xx_hal_can.c ****       SET_BIT(hcan->Instance->RF0R, CAN_RF0R_RFOM0);
 1817              		.loc 1 1554 7 is_stmt 1 view .LVU621
 1818 0120 0268     		ldr	r2, [r0]
 1819 0122 D368     		ldr	r3, [r2, #12]
 1820              	.LVL138:
 1821              		.loc 1 1554 7 is_stmt 0 view .LVU622
 1822 0124 43F02003 		orr	r3, r3, #32
 1823 0128 D360     		str	r3, [r2, #12]
 1824              	.L137:
1555:Drivers/STM32F1xx_HAL_Driver/Src/stm32f1xx_hal_can.c ****     }
1556:Drivers/STM32F1xx_HAL_Driver/Src/stm32f1xx_hal_can.c ****     else /* Rx element is assigned to Rx FIFO 1 */
1557:Drivers/STM32F1xx_HAL_Driver/Src/stm32f1xx_hal_can.c ****     {
1558:Drivers/STM32F1xx_HAL_Driver/Src/stm32f1xx_hal_can.c ****       /* Release RX FIFO 1 */
1559:Drivers/STM32F1xx_HAL_Driver/Src/stm32f1xx_hal_can.c ****       SET_BIT(hcan->Instance->RF1R, CAN_RF1R_RFOM1);
1560:Drivers/STM32F1xx_HAL_Driver/Src/stm32f1xx_hal_can.c ****     }
1561:Drivers/STM32F1xx_HAL_Driver/Src/stm32f1xx_hal_can.c **** 
1562:Drivers/STM32F1xx_HAL_Driver/Src/stm32f1xx_hal_can.c ****     /* Return function status */
1563:Drivers/STM32F1xx_HAL_Driver/Src/stm32f1xx_hal_can.c ****     return HAL_OK;
 1825              		.loc 1 1563 5 is_stmt 1 view .LVU623
 1826              		.loc 1 1563 12 is_stmt 0 view .LVU624
 1827 012a 0020     		movs	r0, #0
 1828              	.LVL139:
 1829              	.L131:
1564:Drivers/STM32F1xx_HAL_Driver/Src/stm32f1xx_hal_can.c ****   }
1565:Drivers/STM32F1xx_HAL_Driver/Src/stm32f1xx_hal_can.c ****   else
1566:Drivers/STM32F1xx_HAL_Driver/Src/stm32f1xx_hal_can.c ****   {
1567:Drivers/STM32F1xx_HAL_Driver/Src/stm32f1xx_hal_can.c ****     /* Update error code */
1568:Drivers/STM32F1xx_HAL_Driver/Src/stm32f1xx_hal_can.c ****     hcan->ErrorCode |= HAL_CAN_ERROR_NOT_INITIALIZED;
1569:Drivers/STM32F1xx_HAL_Driver/Src/stm32f1xx_hal_can.c **** 
1570:Drivers/STM32F1xx_HAL_Driver/Src/stm32f1xx_hal_can.c ****     return HAL_ERROR;
1571:Drivers/STM32F1xx_HAL_Driver/Src/stm32f1xx_hal_can.c ****   }
1572:Drivers/STM32F1xx_HAL_Driver/Src/stm32f1xx_hal_can.c **** }
 1830              		.loc 1 1572 1 view .LVU625
 1831 012c 30BC     		pop	{r4, r5}
 1832              	.LCFI11:
 1833              		.cfi_remember_state
 1834              		.cfi_restore 5
 1835              		.cfi_restore 4
ARM GAS  /tmp/cc1LZDaw.s 			page 83


 1836              		.cfi_def_cfa_offset 0
 1837 012e 7047     		bx	lr
 1838              	.LVL140:
 1839              	.L132:
 1840              	.LCFI12:
 1841              		.cfi_restore_state
1524:Drivers/STM32F1xx_HAL_Driver/Src/stm32f1xx_hal_can.c ****                         hcan->Instance->sFIFOMailBox[RxFifo].RIR) >> CAN_RI0R_EXID_Pos;
 1842              		.loc 1 1524 7 is_stmt 1 view .LVU626
1525:Drivers/STM32F1xx_HAL_Driver/Src/stm32f1xx_hal_can.c ****     }
 1843              		.loc 1 1525 29 is_stmt 0 view .LVU627
 1844 0130 0568     		ldr	r5, [r0]
1525:Drivers/STM32F1xx_HAL_Driver/Src/stm32f1xx_hal_can.c ****     }
 1845              		.loc 1 1525 61 view .LVU628
 1846 0132 01F11B04 		add	r4, r1, #27
 1847 0136 2401     		lsls	r4, r4, #4
 1848 0138 2C59     		ldr	r4, [r5, r4]
1525:Drivers/STM32F1xx_HAL_Driver/Src/stm32f1xx_hal_can.c ****     }
 1849              		.loc 1 1525 67 view .LVU629
 1850 013a E408     		lsrs	r4, r4, #3
1524:Drivers/STM32F1xx_HAL_Driver/Src/stm32f1xx_hal_can.c ****                         hcan->Instance->sFIFOMailBox[RxFifo].RIR) >> CAN_RI0R_EXID_Pos;
 1851              		.loc 1 1524 22 view .LVU630
 1852 013c 5460     		str	r4, [r2, #4]
 1853 013e 92E7     		b	.L133
 1854              	.L134:
1535:Drivers/STM32F1xx_HAL_Driver/Src/stm32f1xx_hal_can.c ****     }
 1855              		.loc 1 1535 7 is_stmt 1 view .LVU631
1535:Drivers/STM32F1xx_HAL_Driver/Src/stm32f1xx_hal_can.c ****     }
 1856              		.loc 1 1535 75 is_stmt 0 view .LVU632
 1857 0140 01F11B05 		add	r5, r1, #27
 1858 0144 04EB0514 		add	r4, r4, r5, lsl #4
 1859 0148 6468     		ldr	r4, [r4, #4]
1535:Drivers/STM32F1xx_HAL_Driver/Src/stm32f1xx_hal_can.c ****     }
 1860              		.loc 1 1535 82 view .LVU633
 1861 014a 04F00F04 		and	r4, r4, #15
1535:Drivers/STM32F1xx_HAL_Driver/Src/stm32f1xx_hal_can.c ****     }
 1862              		.loc 1 1535 20 view .LVU634
 1863 014e 1461     		str	r4, [r2, #16]
 1864 0150 9CE7     		b	.L135
 1865              	.LVL141:
 1866              	.L136:
1559:Drivers/STM32F1xx_HAL_Driver/Src/stm32f1xx_hal_can.c ****     }
 1867              		.loc 1 1559 7 is_stmt 1 view .LVU635
 1868 0152 0268     		ldr	r2, [r0]
 1869 0154 1369     		ldr	r3, [r2, #16]
 1870              	.LVL142:
1559:Drivers/STM32F1xx_HAL_Driver/Src/stm32f1xx_hal_can.c ****     }
 1871              		.loc 1 1559 7 is_stmt 0 view .LVU636
 1872 0156 43F02003 		orr	r3, r3, #32
 1873 015a 1361     		str	r3, [r2, #16]
 1874 015c E5E7     		b	.L137
 1875              	.LVL143:
 1876              	.L128:
 1877              	.LCFI13:
 1878              		.cfi_def_cfa_offset 0
 1879              		.cfi_restore 4
 1880              		.cfi_restore 5
1568:Drivers/STM32F1xx_HAL_Driver/Src/stm32f1xx_hal_can.c **** 
ARM GAS  /tmp/cc1LZDaw.s 			page 84


 1881              		.loc 1 1568 5 is_stmt 1 view .LVU637
1568:Drivers/STM32F1xx_HAL_Driver/Src/stm32f1xx_hal_can.c **** 
 1882              		.loc 1 1568 9 is_stmt 0 view .LVU638
 1883 015e 436A     		ldr	r3, [r0, #36]
 1884              	.LVL144:
1568:Drivers/STM32F1xx_HAL_Driver/Src/stm32f1xx_hal_can.c **** 
 1885              		.loc 1 1568 21 view .LVU639
 1886 0160 43F48023 		orr	r3, r3, #262144
 1887 0164 4362     		str	r3, [r0, #36]
1570:Drivers/STM32F1xx_HAL_Driver/Src/stm32f1xx_hal_can.c ****   }
 1888              		.loc 1 1570 5 is_stmt 1 view .LVU640
1570:Drivers/STM32F1xx_HAL_Driver/Src/stm32f1xx_hal_can.c ****   }
 1889              		.loc 1 1570 12 is_stmt 0 view .LVU641
 1890 0166 0120     		movs	r0, #1
 1891              	.LVL145:
 1892              		.loc 1 1572 1 view .LVU642
 1893 0168 7047     		bx	lr
 1894              		.cfi_endproc
 1895              	.LFE80:
 1897              		.section	.text.HAL_CAN_GetRxFifoFillLevel,"ax",%progbits
 1898              		.align	1
 1899              		.global	HAL_CAN_GetRxFifoFillLevel
 1900              		.syntax unified
 1901              		.thumb
 1902              		.thumb_func
 1904              	HAL_CAN_GetRxFifoFillLevel:
 1905              	.LVL146:
 1906              	.LFB81:
1573:Drivers/STM32F1xx_HAL_Driver/Src/stm32f1xx_hal_can.c **** 
1574:Drivers/STM32F1xx_HAL_Driver/Src/stm32f1xx_hal_can.c **** /**
1575:Drivers/STM32F1xx_HAL_Driver/Src/stm32f1xx_hal_can.c ****   * @brief  Return Rx FIFO fill level.
1576:Drivers/STM32F1xx_HAL_Driver/Src/stm32f1xx_hal_can.c ****   * @param  hcan pointer to an CAN_HandleTypeDef structure that contains
1577:Drivers/STM32F1xx_HAL_Driver/Src/stm32f1xx_hal_can.c ****   *         the configuration information for the specified CAN.
1578:Drivers/STM32F1xx_HAL_Driver/Src/stm32f1xx_hal_can.c ****   * @param  RxFifo Rx FIFO.
1579:Drivers/STM32F1xx_HAL_Driver/Src/stm32f1xx_hal_can.c ****   *         This parameter can be a value of @arg CAN_receive_FIFO_number.
1580:Drivers/STM32F1xx_HAL_Driver/Src/stm32f1xx_hal_can.c ****   * @retval Number of messages available in Rx FIFO.
1581:Drivers/STM32F1xx_HAL_Driver/Src/stm32f1xx_hal_can.c ****   */
1582:Drivers/STM32F1xx_HAL_Driver/Src/stm32f1xx_hal_can.c **** uint32_t HAL_CAN_GetRxFifoFillLevel(const CAN_HandleTypeDef *hcan, uint32_t RxFifo)
1583:Drivers/STM32F1xx_HAL_Driver/Src/stm32f1xx_hal_can.c **** {
 1907              		.loc 1 1583 1 is_stmt 1 view -0
 1908              		.cfi_startproc
 1909              		@ args = 0, pretend = 0, frame = 0
 1910              		@ frame_needed = 0, uses_anonymous_args = 0
 1911              		@ link register save eliminated.
1584:Drivers/STM32F1xx_HAL_Driver/Src/stm32f1xx_hal_can.c ****   uint32_t filllevel = 0U;
 1912              		.loc 1 1584 3 view .LVU644
1585:Drivers/STM32F1xx_HAL_Driver/Src/stm32f1xx_hal_can.c ****   HAL_CAN_StateTypeDef state = hcan->State;
 1913              		.loc 1 1585 3 view .LVU645
 1914              		.loc 1 1585 24 is_stmt 0 view .LVU646
 1915 0000 90F82030 		ldrb	r3, [r0, #32]	@ zero_extendqisi2
 1916              	.LVL147:
1586:Drivers/STM32F1xx_HAL_Driver/Src/stm32f1xx_hal_can.c **** 
1587:Drivers/STM32F1xx_HAL_Driver/Src/stm32f1xx_hal_can.c ****   /* Check function parameters */
1588:Drivers/STM32F1xx_HAL_Driver/Src/stm32f1xx_hal_can.c ****   assert_param(IS_CAN_RX_FIFO(RxFifo));
 1917              		.loc 1 1588 3 is_stmt 1 view .LVU647
1589:Drivers/STM32F1xx_HAL_Driver/Src/stm32f1xx_hal_can.c **** 
1590:Drivers/STM32F1xx_HAL_Driver/Src/stm32f1xx_hal_can.c ****   if ((state == HAL_CAN_STATE_READY) ||
ARM GAS  /tmp/cc1LZDaw.s 			page 85


 1918              		.loc 1 1590 3 view .LVU648
 1919              		.loc 1 1590 38 is_stmt 0 view .LVU649
 1920 0004 013B     		subs	r3, r3, #1
 1921              	.LVL148:
 1922              		.loc 1 1590 38 view .LVU650
 1923 0006 DBB2     		uxtb	r3, r3
 1924              	.LVL149:
 1925              		.loc 1 1590 6 view .LVU651
 1926 0008 012B     		cmp	r3, #1
 1927 000a 01D9     		bls	.L146
1584:Drivers/STM32F1xx_HAL_Driver/Src/stm32f1xx_hal_can.c ****   HAL_CAN_StateTypeDef state = hcan->State;
 1928              		.loc 1 1584 12 view .LVU652
 1929 000c 0020     		movs	r0, #0
 1930              	.LVL150:
1591:Drivers/STM32F1xx_HAL_Driver/Src/stm32f1xx_hal_can.c ****       (state == HAL_CAN_STATE_LISTENING))
1592:Drivers/STM32F1xx_HAL_Driver/Src/stm32f1xx_hal_can.c ****   {
1593:Drivers/STM32F1xx_HAL_Driver/Src/stm32f1xx_hal_can.c ****     if (RxFifo == CAN_RX_FIFO0)
1594:Drivers/STM32F1xx_HAL_Driver/Src/stm32f1xx_hal_can.c ****     {
1595:Drivers/STM32F1xx_HAL_Driver/Src/stm32f1xx_hal_can.c ****       filllevel = hcan->Instance->RF0R & CAN_RF0R_FMP0;
1596:Drivers/STM32F1xx_HAL_Driver/Src/stm32f1xx_hal_can.c ****     }
1597:Drivers/STM32F1xx_HAL_Driver/Src/stm32f1xx_hal_can.c ****     else /* RxFifo == CAN_RX_FIFO1 */
1598:Drivers/STM32F1xx_HAL_Driver/Src/stm32f1xx_hal_can.c ****     {
1599:Drivers/STM32F1xx_HAL_Driver/Src/stm32f1xx_hal_can.c ****       filllevel = hcan->Instance->RF1R & CAN_RF1R_FMP1;
1600:Drivers/STM32F1xx_HAL_Driver/Src/stm32f1xx_hal_can.c ****     }
1601:Drivers/STM32F1xx_HAL_Driver/Src/stm32f1xx_hal_can.c ****   }
1602:Drivers/STM32F1xx_HAL_Driver/Src/stm32f1xx_hal_can.c **** 
1603:Drivers/STM32F1xx_HAL_Driver/Src/stm32f1xx_hal_can.c ****   /* Return Rx FIFO fill level */
1604:Drivers/STM32F1xx_HAL_Driver/Src/stm32f1xx_hal_can.c ****   return filllevel;
 1931              		.loc 1 1604 3 is_stmt 1 view .LVU653
1605:Drivers/STM32F1xx_HAL_Driver/Src/stm32f1xx_hal_can.c **** }
 1932              		.loc 1 1605 1 is_stmt 0 view .LVU654
 1933 000e 7047     		bx	lr
 1934              	.LVL151:
 1935              	.L146:
1593:Drivers/STM32F1xx_HAL_Driver/Src/stm32f1xx_hal_can.c ****     {
 1936              		.loc 1 1593 5 is_stmt 1 view .LVU655
1593:Drivers/STM32F1xx_HAL_Driver/Src/stm32f1xx_hal_can.c ****     {
 1937              		.loc 1 1593 8 is_stmt 0 view .LVU656
 1938 0010 21B9     		cbnz	r1, .L144
1595:Drivers/STM32F1xx_HAL_Driver/Src/stm32f1xx_hal_can.c ****     }
 1939              		.loc 1 1595 7 is_stmt 1 view .LVU657
1595:Drivers/STM32F1xx_HAL_Driver/Src/stm32f1xx_hal_can.c ****     }
 1940              		.loc 1 1595 23 is_stmt 0 view .LVU658
 1941 0012 0368     		ldr	r3, [r0]
1595:Drivers/STM32F1xx_HAL_Driver/Src/stm32f1xx_hal_can.c ****     }
 1942              		.loc 1 1595 33 view .LVU659
 1943 0014 D868     		ldr	r0, [r3, #12]
 1944              	.LVL152:
1595:Drivers/STM32F1xx_HAL_Driver/Src/stm32f1xx_hal_can.c ****     }
 1945              		.loc 1 1595 17 view .LVU660
 1946 0016 00F00300 		and	r0, r0, #3
 1947              	.LVL153:
1595:Drivers/STM32F1xx_HAL_Driver/Src/stm32f1xx_hal_can.c ****     }
 1948              		.loc 1 1595 17 view .LVU661
 1949 001a 7047     		bx	lr
 1950              	.LVL154:
 1951              	.L144:
ARM GAS  /tmp/cc1LZDaw.s 			page 86


1599:Drivers/STM32F1xx_HAL_Driver/Src/stm32f1xx_hal_can.c ****     }
 1952              		.loc 1 1599 7 is_stmt 1 view .LVU662
1599:Drivers/STM32F1xx_HAL_Driver/Src/stm32f1xx_hal_can.c ****     }
 1953              		.loc 1 1599 23 is_stmt 0 view .LVU663
 1954 001c 0368     		ldr	r3, [r0]
1599:Drivers/STM32F1xx_HAL_Driver/Src/stm32f1xx_hal_can.c ****     }
 1955              		.loc 1 1599 33 view .LVU664
 1956 001e 1869     		ldr	r0, [r3, #16]
 1957              	.LVL155:
1599:Drivers/STM32F1xx_HAL_Driver/Src/stm32f1xx_hal_can.c ****     }
 1958              		.loc 1 1599 17 view .LVU665
 1959 0020 00F00300 		and	r0, r0, #3
 1960              	.LVL156:
1599:Drivers/STM32F1xx_HAL_Driver/Src/stm32f1xx_hal_can.c ****     }
 1961              		.loc 1 1599 17 view .LVU666
 1962 0024 7047     		bx	lr
 1963              		.cfi_endproc
 1964              	.LFE81:
 1966              		.section	.text.HAL_CAN_ActivateNotification,"ax",%progbits
 1967              		.align	1
 1968              		.global	HAL_CAN_ActivateNotification
 1969              		.syntax unified
 1970              		.thumb
 1971              		.thumb_func
 1973              	HAL_CAN_ActivateNotification:
 1974              	.LVL157:
 1975              	.LFB82:
1606:Drivers/STM32F1xx_HAL_Driver/Src/stm32f1xx_hal_can.c **** 
1607:Drivers/STM32F1xx_HAL_Driver/Src/stm32f1xx_hal_can.c **** /**
1608:Drivers/STM32F1xx_HAL_Driver/Src/stm32f1xx_hal_can.c ****   * @}
1609:Drivers/STM32F1xx_HAL_Driver/Src/stm32f1xx_hal_can.c ****   */
1610:Drivers/STM32F1xx_HAL_Driver/Src/stm32f1xx_hal_can.c **** 
1611:Drivers/STM32F1xx_HAL_Driver/Src/stm32f1xx_hal_can.c **** /** @defgroup CAN_Exported_Functions_Group4 Interrupts management
1612:Drivers/STM32F1xx_HAL_Driver/Src/stm32f1xx_hal_can.c ****   * @brief    Interrupts management
1613:Drivers/STM32F1xx_HAL_Driver/Src/stm32f1xx_hal_can.c ****   *
1614:Drivers/STM32F1xx_HAL_Driver/Src/stm32f1xx_hal_can.c **** @verbatim
1615:Drivers/STM32F1xx_HAL_Driver/Src/stm32f1xx_hal_can.c ****   ==============================================================================
1616:Drivers/STM32F1xx_HAL_Driver/Src/stm32f1xx_hal_can.c ****                        ##### Interrupts management #####
1617:Drivers/STM32F1xx_HAL_Driver/Src/stm32f1xx_hal_can.c ****   ==============================================================================
1618:Drivers/STM32F1xx_HAL_Driver/Src/stm32f1xx_hal_can.c ****     [..]  This section provides functions allowing to:
1619:Drivers/STM32F1xx_HAL_Driver/Src/stm32f1xx_hal_can.c ****       (+) HAL_CAN_ActivateNotification      : Enable interrupts
1620:Drivers/STM32F1xx_HAL_Driver/Src/stm32f1xx_hal_can.c ****       (+) HAL_CAN_DeactivateNotification    : Disable interrupts
1621:Drivers/STM32F1xx_HAL_Driver/Src/stm32f1xx_hal_can.c ****       (+) HAL_CAN_IRQHandler                : Handles CAN interrupt request
1622:Drivers/STM32F1xx_HAL_Driver/Src/stm32f1xx_hal_can.c **** 
1623:Drivers/STM32F1xx_HAL_Driver/Src/stm32f1xx_hal_can.c **** @endverbatim
1624:Drivers/STM32F1xx_HAL_Driver/Src/stm32f1xx_hal_can.c ****   * @{
1625:Drivers/STM32F1xx_HAL_Driver/Src/stm32f1xx_hal_can.c ****   */
1626:Drivers/STM32F1xx_HAL_Driver/Src/stm32f1xx_hal_can.c **** 
1627:Drivers/STM32F1xx_HAL_Driver/Src/stm32f1xx_hal_can.c **** /**
1628:Drivers/STM32F1xx_HAL_Driver/Src/stm32f1xx_hal_can.c ****   * @brief  Enable interrupts.
1629:Drivers/STM32F1xx_HAL_Driver/Src/stm32f1xx_hal_can.c ****   * @param  hcan pointer to an CAN_HandleTypeDef structure that contains
1630:Drivers/STM32F1xx_HAL_Driver/Src/stm32f1xx_hal_can.c ****   *         the configuration information for the specified CAN.
1631:Drivers/STM32F1xx_HAL_Driver/Src/stm32f1xx_hal_can.c ****   * @param  ActiveITs indicates which interrupts will be enabled.
1632:Drivers/STM32F1xx_HAL_Driver/Src/stm32f1xx_hal_can.c ****   *         This parameter can be any combination of @arg CAN_Interrupts.
1633:Drivers/STM32F1xx_HAL_Driver/Src/stm32f1xx_hal_can.c ****   * @retval HAL status
1634:Drivers/STM32F1xx_HAL_Driver/Src/stm32f1xx_hal_can.c ****   */
1635:Drivers/STM32F1xx_HAL_Driver/Src/stm32f1xx_hal_can.c **** HAL_StatusTypeDef HAL_CAN_ActivateNotification(CAN_HandleTypeDef *hcan, uint32_t ActiveITs)
ARM GAS  /tmp/cc1LZDaw.s 			page 87


1636:Drivers/STM32F1xx_HAL_Driver/Src/stm32f1xx_hal_can.c **** {
 1976              		.loc 1 1636 1 is_stmt 1 view -0
 1977              		.cfi_startproc
 1978              		@ args = 0, pretend = 0, frame = 0
 1979              		@ frame_needed = 0, uses_anonymous_args = 0
 1980              		@ link register save eliminated.
1637:Drivers/STM32F1xx_HAL_Driver/Src/stm32f1xx_hal_can.c ****   HAL_CAN_StateTypeDef state = hcan->State;
 1981              		.loc 1 1637 3 view .LVU668
 1982              		.loc 1 1637 24 is_stmt 0 view .LVU669
 1983 0000 90F82030 		ldrb	r3, [r0, #32]	@ zero_extendqisi2
 1984              	.LVL158:
1638:Drivers/STM32F1xx_HAL_Driver/Src/stm32f1xx_hal_can.c **** 
1639:Drivers/STM32F1xx_HAL_Driver/Src/stm32f1xx_hal_can.c ****   /* Check function parameters */
1640:Drivers/STM32F1xx_HAL_Driver/Src/stm32f1xx_hal_can.c ****   assert_param(IS_CAN_IT(ActiveITs));
 1985              		.loc 1 1640 3 is_stmt 1 view .LVU670
1641:Drivers/STM32F1xx_HAL_Driver/Src/stm32f1xx_hal_can.c **** 
1642:Drivers/STM32F1xx_HAL_Driver/Src/stm32f1xx_hal_can.c ****   if ((state == HAL_CAN_STATE_READY) ||
 1986              		.loc 1 1642 3 view .LVU671
 1987              		.loc 1 1642 38 is_stmt 0 view .LVU672
 1988 0004 013B     		subs	r3, r3, #1
 1989              	.LVL159:
 1990              		.loc 1 1642 38 view .LVU673
 1991 0006 DBB2     		uxtb	r3, r3
 1992              	.LVL160:
 1993              		.loc 1 1642 6 view .LVU674
 1994 0008 012B     		cmp	r3, #1
 1995 000a 05D9     		bls	.L150
1643:Drivers/STM32F1xx_HAL_Driver/Src/stm32f1xx_hal_can.c ****       (state == HAL_CAN_STATE_LISTENING))
1644:Drivers/STM32F1xx_HAL_Driver/Src/stm32f1xx_hal_can.c ****   {
1645:Drivers/STM32F1xx_HAL_Driver/Src/stm32f1xx_hal_can.c ****     /* Enable the selected interrupts */
1646:Drivers/STM32F1xx_HAL_Driver/Src/stm32f1xx_hal_can.c ****     __HAL_CAN_ENABLE_IT(hcan, ActiveITs);
1647:Drivers/STM32F1xx_HAL_Driver/Src/stm32f1xx_hal_can.c **** 
1648:Drivers/STM32F1xx_HAL_Driver/Src/stm32f1xx_hal_can.c ****     /* Return function status */
1649:Drivers/STM32F1xx_HAL_Driver/Src/stm32f1xx_hal_can.c ****     return HAL_OK;
1650:Drivers/STM32F1xx_HAL_Driver/Src/stm32f1xx_hal_can.c ****   }
1651:Drivers/STM32F1xx_HAL_Driver/Src/stm32f1xx_hal_can.c ****   else
1652:Drivers/STM32F1xx_HAL_Driver/Src/stm32f1xx_hal_can.c ****   {
1653:Drivers/STM32F1xx_HAL_Driver/Src/stm32f1xx_hal_can.c ****     /* Update error code */
1654:Drivers/STM32F1xx_HAL_Driver/Src/stm32f1xx_hal_can.c ****     hcan->ErrorCode |= HAL_CAN_ERROR_NOT_INITIALIZED;
 1996              		.loc 1 1654 5 is_stmt 1 view .LVU675
 1997              		.loc 1 1654 9 is_stmt 0 view .LVU676
 1998 000c 436A     		ldr	r3, [r0, #36]
 1999              		.loc 1 1654 21 view .LVU677
 2000 000e 43F48023 		orr	r3, r3, #262144
 2001 0012 4362     		str	r3, [r0, #36]
1655:Drivers/STM32F1xx_HAL_Driver/Src/stm32f1xx_hal_can.c **** 
1656:Drivers/STM32F1xx_HAL_Driver/Src/stm32f1xx_hal_can.c ****     return HAL_ERROR;
 2002              		.loc 1 1656 5 is_stmt 1 view .LVU678
 2003              		.loc 1 1656 12 is_stmt 0 view .LVU679
 2004 0014 0120     		movs	r0, #1
 2005              	.LVL161:
1657:Drivers/STM32F1xx_HAL_Driver/Src/stm32f1xx_hal_can.c ****   }
1658:Drivers/STM32F1xx_HAL_Driver/Src/stm32f1xx_hal_can.c **** }
 2006              		.loc 1 1658 1 view .LVU680
 2007 0016 7047     		bx	lr
 2008              	.LVL162:
 2009              	.L150:
ARM GAS  /tmp/cc1LZDaw.s 			page 88


1646:Drivers/STM32F1xx_HAL_Driver/Src/stm32f1xx_hal_can.c **** 
 2010              		.loc 1 1646 5 is_stmt 1 view .LVU681
 2011 0018 0268     		ldr	r2, [r0]
 2012 001a 5369     		ldr	r3, [r2, #20]
 2013 001c 0B43     		orrs	r3, r3, r1
 2014 001e 5361     		str	r3, [r2, #20]
1649:Drivers/STM32F1xx_HAL_Driver/Src/stm32f1xx_hal_can.c ****   }
 2015              		.loc 1 1649 5 view .LVU682
1649:Drivers/STM32F1xx_HAL_Driver/Src/stm32f1xx_hal_can.c ****   }
 2016              		.loc 1 1649 12 is_stmt 0 view .LVU683
 2017 0020 0020     		movs	r0, #0
 2018              	.LVL163:
1649:Drivers/STM32F1xx_HAL_Driver/Src/stm32f1xx_hal_can.c ****   }
 2019              		.loc 1 1649 12 view .LVU684
 2020 0022 7047     		bx	lr
 2021              		.cfi_endproc
 2022              	.LFE82:
 2024              		.section	.text.HAL_CAN_DeactivateNotification,"ax",%progbits
 2025              		.align	1
 2026              		.global	HAL_CAN_DeactivateNotification
 2027              		.syntax unified
 2028              		.thumb
 2029              		.thumb_func
 2031              	HAL_CAN_DeactivateNotification:
 2032              	.LVL164:
 2033              	.LFB83:
1659:Drivers/STM32F1xx_HAL_Driver/Src/stm32f1xx_hal_can.c **** 
1660:Drivers/STM32F1xx_HAL_Driver/Src/stm32f1xx_hal_can.c **** /**
1661:Drivers/STM32F1xx_HAL_Driver/Src/stm32f1xx_hal_can.c ****   * @brief  Disable interrupts.
1662:Drivers/STM32F1xx_HAL_Driver/Src/stm32f1xx_hal_can.c ****   * @param  hcan pointer to an CAN_HandleTypeDef structure that contains
1663:Drivers/STM32F1xx_HAL_Driver/Src/stm32f1xx_hal_can.c ****   *         the configuration information for the specified CAN.
1664:Drivers/STM32F1xx_HAL_Driver/Src/stm32f1xx_hal_can.c ****   * @param  InactiveITs indicates which interrupts will be disabled.
1665:Drivers/STM32F1xx_HAL_Driver/Src/stm32f1xx_hal_can.c ****   *         This parameter can be any combination of @arg CAN_Interrupts.
1666:Drivers/STM32F1xx_HAL_Driver/Src/stm32f1xx_hal_can.c ****   * @retval HAL status
1667:Drivers/STM32F1xx_HAL_Driver/Src/stm32f1xx_hal_can.c ****   */
1668:Drivers/STM32F1xx_HAL_Driver/Src/stm32f1xx_hal_can.c **** HAL_StatusTypeDef HAL_CAN_DeactivateNotification(CAN_HandleTypeDef *hcan, uint32_t InactiveITs)
1669:Drivers/STM32F1xx_HAL_Driver/Src/stm32f1xx_hal_can.c **** {
 2034              		.loc 1 1669 1 is_stmt 1 view -0
 2035              		.cfi_startproc
 2036              		@ args = 0, pretend = 0, frame = 0
 2037              		@ frame_needed = 0, uses_anonymous_args = 0
 2038              		@ link register save eliminated.
1670:Drivers/STM32F1xx_HAL_Driver/Src/stm32f1xx_hal_can.c ****   HAL_CAN_StateTypeDef state = hcan->State;
 2039              		.loc 1 1670 3 view .LVU686
 2040              		.loc 1 1670 24 is_stmt 0 view .LVU687
 2041 0000 90F82030 		ldrb	r3, [r0, #32]	@ zero_extendqisi2
 2042              	.LVL165:
1671:Drivers/STM32F1xx_HAL_Driver/Src/stm32f1xx_hal_can.c **** 
1672:Drivers/STM32F1xx_HAL_Driver/Src/stm32f1xx_hal_can.c ****   /* Check function parameters */
1673:Drivers/STM32F1xx_HAL_Driver/Src/stm32f1xx_hal_can.c ****   assert_param(IS_CAN_IT(InactiveITs));
 2043              		.loc 1 1673 3 is_stmt 1 view .LVU688
1674:Drivers/STM32F1xx_HAL_Driver/Src/stm32f1xx_hal_can.c **** 
1675:Drivers/STM32F1xx_HAL_Driver/Src/stm32f1xx_hal_can.c ****   if ((state == HAL_CAN_STATE_READY) ||
 2044              		.loc 1 1675 3 view .LVU689
 2045              		.loc 1 1675 38 is_stmt 0 view .LVU690
 2046 0004 013B     		subs	r3, r3, #1
 2047              	.LVL166:
ARM GAS  /tmp/cc1LZDaw.s 			page 89


 2048              		.loc 1 1675 38 view .LVU691
 2049 0006 DBB2     		uxtb	r3, r3
 2050              	.LVL167:
 2051              		.loc 1 1675 6 view .LVU692
 2052 0008 012B     		cmp	r3, #1
 2053 000a 05D9     		bls	.L154
1676:Drivers/STM32F1xx_HAL_Driver/Src/stm32f1xx_hal_can.c ****       (state == HAL_CAN_STATE_LISTENING))
1677:Drivers/STM32F1xx_HAL_Driver/Src/stm32f1xx_hal_can.c ****   {
1678:Drivers/STM32F1xx_HAL_Driver/Src/stm32f1xx_hal_can.c ****     /* Disable the selected interrupts */
1679:Drivers/STM32F1xx_HAL_Driver/Src/stm32f1xx_hal_can.c ****     __HAL_CAN_DISABLE_IT(hcan, InactiveITs);
1680:Drivers/STM32F1xx_HAL_Driver/Src/stm32f1xx_hal_can.c **** 
1681:Drivers/STM32F1xx_HAL_Driver/Src/stm32f1xx_hal_can.c ****     /* Return function status */
1682:Drivers/STM32F1xx_HAL_Driver/Src/stm32f1xx_hal_can.c ****     return HAL_OK;
1683:Drivers/STM32F1xx_HAL_Driver/Src/stm32f1xx_hal_can.c ****   }
1684:Drivers/STM32F1xx_HAL_Driver/Src/stm32f1xx_hal_can.c ****   else
1685:Drivers/STM32F1xx_HAL_Driver/Src/stm32f1xx_hal_can.c ****   {
1686:Drivers/STM32F1xx_HAL_Driver/Src/stm32f1xx_hal_can.c ****     /* Update error code */
1687:Drivers/STM32F1xx_HAL_Driver/Src/stm32f1xx_hal_can.c ****     hcan->ErrorCode |= HAL_CAN_ERROR_NOT_INITIALIZED;
 2054              		.loc 1 1687 5 is_stmt 1 view .LVU693
 2055              		.loc 1 1687 9 is_stmt 0 view .LVU694
 2056 000c 436A     		ldr	r3, [r0, #36]
 2057              		.loc 1 1687 21 view .LVU695
 2058 000e 43F48023 		orr	r3, r3, #262144
 2059 0012 4362     		str	r3, [r0, #36]
1688:Drivers/STM32F1xx_HAL_Driver/Src/stm32f1xx_hal_can.c **** 
1689:Drivers/STM32F1xx_HAL_Driver/Src/stm32f1xx_hal_can.c ****     return HAL_ERROR;
 2060              		.loc 1 1689 5 is_stmt 1 view .LVU696
 2061              		.loc 1 1689 12 is_stmt 0 view .LVU697
 2062 0014 0120     		movs	r0, #1
 2063              	.LVL168:
1690:Drivers/STM32F1xx_HAL_Driver/Src/stm32f1xx_hal_can.c ****   }
1691:Drivers/STM32F1xx_HAL_Driver/Src/stm32f1xx_hal_can.c **** }
 2064              		.loc 1 1691 1 view .LVU698
 2065 0016 7047     		bx	lr
 2066              	.LVL169:
 2067              	.L154:
1679:Drivers/STM32F1xx_HAL_Driver/Src/stm32f1xx_hal_can.c **** 
 2068              		.loc 1 1679 5 is_stmt 1 view .LVU699
 2069 0018 0268     		ldr	r2, [r0]
 2070 001a 5369     		ldr	r3, [r2, #20]
 2071 001c 23EA0103 		bic	r3, r3, r1
 2072 0020 5361     		str	r3, [r2, #20]
1682:Drivers/STM32F1xx_HAL_Driver/Src/stm32f1xx_hal_can.c ****   }
 2073              		.loc 1 1682 5 view .LVU700
1682:Drivers/STM32F1xx_HAL_Driver/Src/stm32f1xx_hal_can.c ****   }
 2074              		.loc 1 1682 12 is_stmt 0 view .LVU701
 2075 0022 0020     		movs	r0, #0
 2076              	.LVL170:
1682:Drivers/STM32F1xx_HAL_Driver/Src/stm32f1xx_hal_can.c ****   }
 2077              		.loc 1 1682 12 view .LVU702
 2078 0024 7047     		bx	lr
 2079              		.cfi_endproc
 2080              	.LFE83:
 2082              		.section	.text.HAL_CAN_TxMailbox0CompleteCallback,"ax",%progbits
 2083              		.align	1
 2084              		.weak	HAL_CAN_TxMailbox0CompleteCallback
 2085              		.syntax unified
ARM GAS  /tmp/cc1LZDaw.s 			page 90


 2086              		.thumb
 2087              		.thumb_func
 2089              	HAL_CAN_TxMailbox0CompleteCallback:
 2090              	.LVL171:
 2091              	.LFB85:
1692:Drivers/STM32F1xx_HAL_Driver/Src/stm32f1xx_hal_can.c **** 
1693:Drivers/STM32F1xx_HAL_Driver/Src/stm32f1xx_hal_can.c **** /**
1694:Drivers/STM32F1xx_HAL_Driver/Src/stm32f1xx_hal_can.c ****   * @brief  Handles CAN interrupt request
1695:Drivers/STM32F1xx_HAL_Driver/Src/stm32f1xx_hal_can.c ****   * @param  hcan pointer to a CAN_HandleTypeDef structure that contains
1696:Drivers/STM32F1xx_HAL_Driver/Src/stm32f1xx_hal_can.c ****   *         the configuration information for the specified CAN.
1697:Drivers/STM32F1xx_HAL_Driver/Src/stm32f1xx_hal_can.c ****   * @retval None
1698:Drivers/STM32F1xx_HAL_Driver/Src/stm32f1xx_hal_can.c ****   */
1699:Drivers/STM32F1xx_HAL_Driver/Src/stm32f1xx_hal_can.c **** void HAL_CAN_IRQHandler(CAN_HandleTypeDef *hcan)
1700:Drivers/STM32F1xx_HAL_Driver/Src/stm32f1xx_hal_can.c **** {
1701:Drivers/STM32F1xx_HAL_Driver/Src/stm32f1xx_hal_can.c ****   uint32_t errorcode = HAL_CAN_ERROR_NONE;
1702:Drivers/STM32F1xx_HAL_Driver/Src/stm32f1xx_hal_can.c ****   uint32_t interrupts = READ_REG(hcan->Instance->IER);
1703:Drivers/STM32F1xx_HAL_Driver/Src/stm32f1xx_hal_can.c ****   uint32_t msrflags = READ_REG(hcan->Instance->MSR);
1704:Drivers/STM32F1xx_HAL_Driver/Src/stm32f1xx_hal_can.c ****   uint32_t tsrflags = READ_REG(hcan->Instance->TSR);
1705:Drivers/STM32F1xx_HAL_Driver/Src/stm32f1xx_hal_can.c ****   uint32_t rf0rflags = READ_REG(hcan->Instance->RF0R);
1706:Drivers/STM32F1xx_HAL_Driver/Src/stm32f1xx_hal_can.c ****   uint32_t rf1rflags = READ_REG(hcan->Instance->RF1R);
1707:Drivers/STM32F1xx_HAL_Driver/Src/stm32f1xx_hal_can.c ****   uint32_t esrflags = READ_REG(hcan->Instance->ESR);
1708:Drivers/STM32F1xx_HAL_Driver/Src/stm32f1xx_hal_can.c **** 
1709:Drivers/STM32F1xx_HAL_Driver/Src/stm32f1xx_hal_can.c ****   /* Transmit Mailbox empty interrupt management *****************************/
1710:Drivers/STM32F1xx_HAL_Driver/Src/stm32f1xx_hal_can.c ****   if ((interrupts & CAN_IT_TX_MAILBOX_EMPTY) != 0U)
1711:Drivers/STM32F1xx_HAL_Driver/Src/stm32f1xx_hal_can.c ****   {
1712:Drivers/STM32F1xx_HAL_Driver/Src/stm32f1xx_hal_can.c ****     /* Transmit Mailbox 0 management *****************************************/
1713:Drivers/STM32F1xx_HAL_Driver/Src/stm32f1xx_hal_can.c ****     if ((tsrflags & CAN_TSR_RQCP0) != 0U)
1714:Drivers/STM32F1xx_HAL_Driver/Src/stm32f1xx_hal_can.c ****     {
1715:Drivers/STM32F1xx_HAL_Driver/Src/stm32f1xx_hal_can.c ****       /* Clear the Transmission Complete flag (and TXOK0,ALST0,TERR0 bits) */
1716:Drivers/STM32F1xx_HAL_Driver/Src/stm32f1xx_hal_can.c ****       __HAL_CAN_CLEAR_FLAG(hcan, CAN_FLAG_RQCP0);
1717:Drivers/STM32F1xx_HAL_Driver/Src/stm32f1xx_hal_can.c **** 
1718:Drivers/STM32F1xx_HAL_Driver/Src/stm32f1xx_hal_can.c ****       if ((tsrflags & CAN_TSR_TXOK0) != 0U)
1719:Drivers/STM32F1xx_HAL_Driver/Src/stm32f1xx_hal_can.c ****       {
1720:Drivers/STM32F1xx_HAL_Driver/Src/stm32f1xx_hal_can.c ****         /* Transmission Mailbox 0 complete callback */
1721:Drivers/STM32F1xx_HAL_Driver/Src/stm32f1xx_hal_can.c **** #if USE_HAL_CAN_REGISTER_CALLBACKS == 1
1722:Drivers/STM32F1xx_HAL_Driver/Src/stm32f1xx_hal_can.c ****         /* Call registered callback*/
1723:Drivers/STM32F1xx_HAL_Driver/Src/stm32f1xx_hal_can.c ****         hcan->TxMailbox0CompleteCallback(hcan);
1724:Drivers/STM32F1xx_HAL_Driver/Src/stm32f1xx_hal_can.c **** #else
1725:Drivers/STM32F1xx_HAL_Driver/Src/stm32f1xx_hal_can.c ****         /* Call weak (surcharged) callback */
1726:Drivers/STM32F1xx_HAL_Driver/Src/stm32f1xx_hal_can.c ****         HAL_CAN_TxMailbox0CompleteCallback(hcan);
1727:Drivers/STM32F1xx_HAL_Driver/Src/stm32f1xx_hal_can.c **** #endif /* USE_HAL_CAN_REGISTER_CALLBACKS */
1728:Drivers/STM32F1xx_HAL_Driver/Src/stm32f1xx_hal_can.c ****       }
1729:Drivers/STM32F1xx_HAL_Driver/Src/stm32f1xx_hal_can.c ****       else
1730:Drivers/STM32F1xx_HAL_Driver/Src/stm32f1xx_hal_can.c ****       {
1731:Drivers/STM32F1xx_HAL_Driver/Src/stm32f1xx_hal_can.c ****         if ((tsrflags & CAN_TSR_ALST0) != 0U)
1732:Drivers/STM32F1xx_HAL_Driver/Src/stm32f1xx_hal_can.c ****         {
1733:Drivers/STM32F1xx_HAL_Driver/Src/stm32f1xx_hal_can.c ****           /* Update error code */
1734:Drivers/STM32F1xx_HAL_Driver/Src/stm32f1xx_hal_can.c ****           errorcode |= HAL_CAN_ERROR_TX_ALST0;
1735:Drivers/STM32F1xx_HAL_Driver/Src/stm32f1xx_hal_can.c ****         }
1736:Drivers/STM32F1xx_HAL_Driver/Src/stm32f1xx_hal_can.c ****         else if ((tsrflags & CAN_TSR_TERR0) != 0U)
1737:Drivers/STM32F1xx_HAL_Driver/Src/stm32f1xx_hal_can.c ****         {
1738:Drivers/STM32F1xx_HAL_Driver/Src/stm32f1xx_hal_can.c ****           /* Update error code */
1739:Drivers/STM32F1xx_HAL_Driver/Src/stm32f1xx_hal_can.c ****           errorcode |= HAL_CAN_ERROR_TX_TERR0;
1740:Drivers/STM32F1xx_HAL_Driver/Src/stm32f1xx_hal_can.c ****         }
1741:Drivers/STM32F1xx_HAL_Driver/Src/stm32f1xx_hal_can.c ****         else
1742:Drivers/STM32F1xx_HAL_Driver/Src/stm32f1xx_hal_can.c ****         {
1743:Drivers/STM32F1xx_HAL_Driver/Src/stm32f1xx_hal_can.c ****           /* Transmission Mailbox 0 abort callback */
ARM GAS  /tmp/cc1LZDaw.s 			page 91


1744:Drivers/STM32F1xx_HAL_Driver/Src/stm32f1xx_hal_can.c **** #if USE_HAL_CAN_REGISTER_CALLBACKS == 1
1745:Drivers/STM32F1xx_HAL_Driver/Src/stm32f1xx_hal_can.c ****           /* Call registered callback*/
1746:Drivers/STM32F1xx_HAL_Driver/Src/stm32f1xx_hal_can.c ****           hcan->TxMailbox0AbortCallback(hcan);
1747:Drivers/STM32F1xx_HAL_Driver/Src/stm32f1xx_hal_can.c **** #else
1748:Drivers/STM32F1xx_HAL_Driver/Src/stm32f1xx_hal_can.c ****           /* Call weak (surcharged) callback */
1749:Drivers/STM32F1xx_HAL_Driver/Src/stm32f1xx_hal_can.c ****           HAL_CAN_TxMailbox0AbortCallback(hcan);
1750:Drivers/STM32F1xx_HAL_Driver/Src/stm32f1xx_hal_can.c **** #endif /* USE_HAL_CAN_REGISTER_CALLBACKS */
1751:Drivers/STM32F1xx_HAL_Driver/Src/stm32f1xx_hal_can.c ****         }
1752:Drivers/STM32F1xx_HAL_Driver/Src/stm32f1xx_hal_can.c ****       }
1753:Drivers/STM32F1xx_HAL_Driver/Src/stm32f1xx_hal_can.c ****     }
1754:Drivers/STM32F1xx_HAL_Driver/Src/stm32f1xx_hal_can.c **** 
1755:Drivers/STM32F1xx_HAL_Driver/Src/stm32f1xx_hal_can.c ****     /* Transmit Mailbox 1 management *****************************************/
1756:Drivers/STM32F1xx_HAL_Driver/Src/stm32f1xx_hal_can.c ****     if ((tsrflags & CAN_TSR_RQCP1) != 0U)
1757:Drivers/STM32F1xx_HAL_Driver/Src/stm32f1xx_hal_can.c ****     {
1758:Drivers/STM32F1xx_HAL_Driver/Src/stm32f1xx_hal_can.c ****       /* Clear the Transmission Complete flag (and TXOK1,ALST1,TERR1 bits) */
1759:Drivers/STM32F1xx_HAL_Driver/Src/stm32f1xx_hal_can.c ****       __HAL_CAN_CLEAR_FLAG(hcan, CAN_FLAG_RQCP1);
1760:Drivers/STM32F1xx_HAL_Driver/Src/stm32f1xx_hal_can.c **** 
1761:Drivers/STM32F1xx_HAL_Driver/Src/stm32f1xx_hal_can.c ****       if ((tsrflags & CAN_TSR_TXOK1) != 0U)
1762:Drivers/STM32F1xx_HAL_Driver/Src/stm32f1xx_hal_can.c ****       {
1763:Drivers/STM32F1xx_HAL_Driver/Src/stm32f1xx_hal_can.c ****         /* Transmission Mailbox 1 complete callback */
1764:Drivers/STM32F1xx_HAL_Driver/Src/stm32f1xx_hal_can.c **** #if USE_HAL_CAN_REGISTER_CALLBACKS == 1
1765:Drivers/STM32F1xx_HAL_Driver/Src/stm32f1xx_hal_can.c ****         /* Call registered callback*/
1766:Drivers/STM32F1xx_HAL_Driver/Src/stm32f1xx_hal_can.c ****         hcan->TxMailbox1CompleteCallback(hcan);
1767:Drivers/STM32F1xx_HAL_Driver/Src/stm32f1xx_hal_can.c **** #else
1768:Drivers/STM32F1xx_HAL_Driver/Src/stm32f1xx_hal_can.c ****         /* Call weak (surcharged) callback */
1769:Drivers/STM32F1xx_HAL_Driver/Src/stm32f1xx_hal_can.c ****         HAL_CAN_TxMailbox1CompleteCallback(hcan);
1770:Drivers/STM32F1xx_HAL_Driver/Src/stm32f1xx_hal_can.c **** #endif /* USE_HAL_CAN_REGISTER_CALLBACKS */
1771:Drivers/STM32F1xx_HAL_Driver/Src/stm32f1xx_hal_can.c ****       }
1772:Drivers/STM32F1xx_HAL_Driver/Src/stm32f1xx_hal_can.c ****       else
1773:Drivers/STM32F1xx_HAL_Driver/Src/stm32f1xx_hal_can.c ****       {
1774:Drivers/STM32F1xx_HAL_Driver/Src/stm32f1xx_hal_can.c ****         if ((tsrflags & CAN_TSR_ALST1) != 0U)
1775:Drivers/STM32F1xx_HAL_Driver/Src/stm32f1xx_hal_can.c ****         {
1776:Drivers/STM32F1xx_HAL_Driver/Src/stm32f1xx_hal_can.c ****           /* Update error code */
1777:Drivers/STM32F1xx_HAL_Driver/Src/stm32f1xx_hal_can.c ****           errorcode |= HAL_CAN_ERROR_TX_ALST1;
1778:Drivers/STM32F1xx_HAL_Driver/Src/stm32f1xx_hal_can.c ****         }
1779:Drivers/STM32F1xx_HAL_Driver/Src/stm32f1xx_hal_can.c ****         else if ((tsrflags & CAN_TSR_TERR1) != 0U)
1780:Drivers/STM32F1xx_HAL_Driver/Src/stm32f1xx_hal_can.c ****         {
1781:Drivers/STM32F1xx_HAL_Driver/Src/stm32f1xx_hal_can.c ****           /* Update error code */
1782:Drivers/STM32F1xx_HAL_Driver/Src/stm32f1xx_hal_can.c ****           errorcode |= HAL_CAN_ERROR_TX_TERR1;
1783:Drivers/STM32F1xx_HAL_Driver/Src/stm32f1xx_hal_can.c ****         }
1784:Drivers/STM32F1xx_HAL_Driver/Src/stm32f1xx_hal_can.c ****         else
1785:Drivers/STM32F1xx_HAL_Driver/Src/stm32f1xx_hal_can.c ****         {
1786:Drivers/STM32F1xx_HAL_Driver/Src/stm32f1xx_hal_can.c ****           /* Transmission Mailbox 1 abort callback */
1787:Drivers/STM32F1xx_HAL_Driver/Src/stm32f1xx_hal_can.c **** #if USE_HAL_CAN_REGISTER_CALLBACKS == 1
1788:Drivers/STM32F1xx_HAL_Driver/Src/stm32f1xx_hal_can.c ****           /* Call registered callback*/
1789:Drivers/STM32F1xx_HAL_Driver/Src/stm32f1xx_hal_can.c ****           hcan->TxMailbox1AbortCallback(hcan);
1790:Drivers/STM32F1xx_HAL_Driver/Src/stm32f1xx_hal_can.c **** #else
1791:Drivers/STM32F1xx_HAL_Driver/Src/stm32f1xx_hal_can.c ****           /* Call weak (surcharged) callback */
1792:Drivers/STM32F1xx_HAL_Driver/Src/stm32f1xx_hal_can.c ****           HAL_CAN_TxMailbox1AbortCallback(hcan);
1793:Drivers/STM32F1xx_HAL_Driver/Src/stm32f1xx_hal_can.c **** #endif /* USE_HAL_CAN_REGISTER_CALLBACKS */
1794:Drivers/STM32F1xx_HAL_Driver/Src/stm32f1xx_hal_can.c ****         }
1795:Drivers/STM32F1xx_HAL_Driver/Src/stm32f1xx_hal_can.c ****       }
1796:Drivers/STM32F1xx_HAL_Driver/Src/stm32f1xx_hal_can.c ****     }
1797:Drivers/STM32F1xx_HAL_Driver/Src/stm32f1xx_hal_can.c **** 
1798:Drivers/STM32F1xx_HAL_Driver/Src/stm32f1xx_hal_can.c ****     /* Transmit Mailbox 2 management *****************************************/
1799:Drivers/STM32F1xx_HAL_Driver/Src/stm32f1xx_hal_can.c ****     if ((tsrflags & CAN_TSR_RQCP2) != 0U)
1800:Drivers/STM32F1xx_HAL_Driver/Src/stm32f1xx_hal_can.c ****     {
ARM GAS  /tmp/cc1LZDaw.s 			page 92


1801:Drivers/STM32F1xx_HAL_Driver/Src/stm32f1xx_hal_can.c ****       /* Clear the Transmission Complete flag (and TXOK2,ALST2,TERR2 bits) */
1802:Drivers/STM32F1xx_HAL_Driver/Src/stm32f1xx_hal_can.c ****       __HAL_CAN_CLEAR_FLAG(hcan, CAN_FLAG_RQCP2);
1803:Drivers/STM32F1xx_HAL_Driver/Src/stm32f1xx_hal_can.c **** 
1804:Drivers/STM32F1xx_HAL_Driver/Src/stm32f1xx_hal_can.c ****       if ((tsrflags & CAN_TSR_TXOK2) != 0U)
1805:Drivers/STM32F1xx_HAL_Driver/Src/stm32f1xx_hal_can.c ****       {
1806:Drivers/STM32F1xx_HAL_Driver/Src/stm32f1xx_hal_can.c ****         /* Transmission Mailbox 2 complete callback */
1807:Drivers/STM32F1xx_HAL_Driver/Src/stm32f1xx_hal_can.c **** #if USE_HAL_CAN_REGISTER_CALLBACKS == 1
1808:Drivers/STM32F1xx_HAL_Driver/Src/stm32f1xx_hal_can.c ****         /* Call registered callback*/
1809:Drivers/STM32F1xx_HAL_Driver/Src/stm32f1xx_hal_can.c ****         hcan->TxMailbox2CompleteCallback(hcan);
1810:Drivers/STM32F1xx_HAL_Driver/Src/stm32f1xx_hal_can.c **** #else
1811:Drivers/STM32F1xx_HAL_Driver/Src/stm32f1xx_hal_can.c ****         /* Call weak (surcharged) callback */
1812:Drivers/STM32F1xx_HAL_Driver/Src/stm32f1xx_hal_can.c ****         HAL_CAN_TxMailbox2CompleteCallback(hcan);
1813:Drivers/STM32F1xx_HAL_Driver/Src/stm32f1xx_hal_can.c **** #endif /* USE_HAL_CAN_REGISTER_CALLBACKS */
1814:Drivers/STM32F1xx_HAL_Driver/Src/stm32f1xx_hal_can.c ****       }
1815:Drivers/STM32F1xx_HAL_Driver/Src/stm32f1xx_hal_can.c ****       else
1816:Drivers/STM32F1xx_HAL_Driver/Src/stm32f1xx_hal_can.c ****       {
1817:Drivers/STM32F1xx_HAL_Driver/Src/stm32f1xx_hal_can.c ****         if ((tsrflags & CAN_TSR_ALST2) != 0U)
1818:Drivers/STM32F1xx_HAL_Driver/Src/stm32f1xx_hal_can.c ****         {
1819:Drivers/STM32F1xx_HAL_Driver/Src/stm32f1xx_hal_can.c ****           /* Update error code */
1820:Drivers/STM32F1xx_HAL_Driver/Src/stm32f1xx_hal_can.c ****           errorcode |= HAL_CAN_ERROR_TX_ALST2;
1821:Drivers/STM32F1xx_HAL_Driver/Src/stm32f1xx_hal_can.c ****         }
1822:Drivers/STM32F1xx_HAL_Driver/Src/stm32f1xx_hal_can.c ****         else if ((tsrflags & CAN_TSR_TERR2) != 0U)
1823:Drivers/STM32F1xx_HAL_Driver/Src/stm32f1xx_hal_can.c ****         {
1824:Drivers/STM32F1xx_HAL_Driver/Src/stm32f1xx_hal_can.c ****           /* Update error code */
1825:Drivers/STM32F1xx_HAL_Driver/Src/stm32f1xx_hal_can.c ****           errorcode |= HAL_CAN_ERROR_TX_TERR2;
1826:Drivers/STM32F1xx_HAL_Driver/Src/stm32f1xx_hal_can.c ****         }
1827:Drivers/STM32F1xx_HAL_Driver/Src/stm32f1xx_hal_can.c ****         else
1828:Drivers/STM32F1xx_HAL_Driver/Src/stm32f1xx_hal_can.c ****         {
1829:Drivers/STM32F1xx_HAL_Driver/Src/stm32f1xx_hal_can.c ****           /* Transmission Mailbox 2 abort callback */
1830:Drivers/STM32F1xx_HAL_Driver/Src/stm32f1xx_hal_can.c **** #if USE_HAL_CAN_REGISTER_CALLBACKS == 1
1831:Drivers/STM32F1xx_HAL_Driver/Src/stm32f1xx_hal_can.c ****           /* Call registered callback*/
1832:Drivers/STM32F1xx_HAL_Driver/Src/stm32f1xx_hal_can.c ****           hcan->TxMailbox2AbortCallback(hcan);
1833:Drivers/STM32F1xx_HAL_Driver/Src/stm32f1xx_hal_can.c **** #else
1834:Drivers/STM32F1xx_HAL_Driver/Src/stm32f1xx_hal_can.c ****           /* Call weak (surcharged) callback */
1835:Drivers/STM32F1xx_HAL_Driver/Src/stm32f1xx_hal_can.c ****           HAL_CAN_TxMailbox2AbortCallback(hcan);
1836:Drivers/STM32F1xx_HAL_Driver/Src/stm32f1xx_hal_can.c **** #endif /* USE_HAL_CAN_REGISTER_CALLBACKS */
1837:Drivers/STM32F1xx_HAL_Driver/Src/stm32f1xx_hal_can.c ****         }
1838:Drivers/STM32F1xx_HAL_Driver/Src/stm32f1xx_hal_can.c ****       }
1839:Drivers/STM32F1xx_HAL_Driver/Src/stm32f1xx_hal_can.c ****     }
1840:Drivers/STM32F1xx_HAL_Driver/Src/stm32f1xx_hal_can.c ****   }
1841:Drivers/STM32F1xx_HAL_Driver/Src/stm32f1xx_hal_can.c **** 
1842:Drivers/STM32F1xx_HAL_Driver/Src/stm32f1xx_hal_can.c ****   /* Receive FIFO 0 overrun interrupt management *****************************/
1843:Drivers/STM32F1xx_HAL_Driver/Src/stm32f1xx_hal_can.c ****   if ((interrupts & CAN_IT_RX_FIFO0_OVERRUN) != 0U)
1844:Drivers/STM32F1xx_HAL_Driver/Src/stm32f1xx_hal_can.c ****   {
1845:Drivers/STM32F1xx_HAL_Driver/Src/stm32f1xx_hal_can.c ****     if ((rf0rflags & CAN_RF0R_FOVR0) != 0U)
1846:Drivers/STM32F1xx_HAL_Driver/Src/stm32f1xx_hal_can.c ****     {
1847:Drivers/STM32F1xx_HAL_Driver/Src/stm32f1xx_hal_can.c ****       /* Set CAN error code to Rx Fifo 0 overrun error */
1848:Drivers/STM32F1xx_HAL_Driver/Src/stm32f1xx_hal_can.c ****       errorcode |= HAL_CAN_ERROR_RX_FOV0;
1849:Drivers/STM32F1xx_HAL_Driver/Src/stm32f1xx_hal_can.c **** 
1850:Drivers/STM32F1xx_HAL_Driver/Src/stm32f1xx_hal_can.c ****       /* Clear FIFO0 Overrun Flag */
1851:Drivers/STM32F1xx_HAL_Driver/Src/stm32f1xx_hal_can.c ****       __HAL_CAN_CLEAR_FLAG(hcan, CAN_FLAG_FOV0);
1852:Drivers/STM32F1xx_HAL_Driver/Src/stm32f1xx_hal_can.c ****     }
1853:Drivers/STM32F1xx_HAL_Driver/Src/stm32f1xx_hal_can.c ****   }
1854:Drivers/STM32F1xx_HAL_Driver/Src/stm32f1xx_hal_can.c **** 
1855:Drivers/STM32F1xx_HAL_Driver/Src/stm32f1xx_hal_can.c ****   /* Receive FIFO 0 full interrupt management ********************************/
1856:Drivers/STM32F1xx_HAL_Driver/Src/stm32f1xx_hal_can.c ****   if ((interrupts & CAN_IT_RX_FIFO0_FULL) != 0U)
1857:Drivers/STM32F1xx_HAL_Driver/Src/stm32f1xx_hal_can.c ****   {
ARM GAS  /tmp/cc1LZDaw.s 			page 93


1858:Drivers/STM32F1xx_HAL_Driver/Src/stm32f1xx_hal_can.c ****     if ((rf0rflags & CAN_RF0R_FULL0) != 0U)
1859:Drivers/STM32F1xx_HAL_Driver/Src/stm32f1xx_hal_can.c ****     {
1860:Drivers/STM32F1xx_HAL_Driver/Src/stm32f1xx_hal_can.c ****       /* Clear FIFO 0 full Flag */
1861:Drivers/STM32F1xx_HAL_Driver/Src/stm32f1xx_hal_can.c ****       __HAL_CAN_CLEAR_FLAG(hcan, CAN_FLAG_FF0);
1862:Drivers/STM32F1xx_HAL_Driver/Src/stm32f1xx_hal_can.c **** 
1863:Drivers/STM32F1xx_HAL_Driver/Src/stm32f1xx_hal_can.c ****       /* Receive FIFO 0 full Callback */
1864:Drivers/STM32F1xx_HAL_Driver/Src/stm32f1xx_hal_can.c **** #if USE_HAL_CAN_REGISTER_CALLBACKS == 1
1865:Drivers/STM32F1xx_HAL_Driver/Src/stm32f1xx_hal_can.c ****       /* Call registered callback*/
1866:Drivers/STM32F1xx_HAL_Driver/Src/stm32f1xx_hal_can.c ****       hcan->RxFifo0FullCallback(hcan);
1867:Drivers/STM32F1xx_HAL_Driver/Src/stm32f1xx_hal_can.c **** #else
1868:Drivers/STM32F1xx_HAL_Driver/Src/stm32f1xx_hal_can.c ****       /* Call weak (surcharged) callback */
1869:Drivers/STM32F1xx_HAL_Driver/Src/stm32f1xx_hal_can.c ****       HAL_CAN_RxFifo0FullCallback(hcan);
1870:Drivers/STM32F1xx_HAL_Driver/Src/stm32f1xx_hal_can.c **** #endif /* USE_HAL_CAN_REGISTER_CALLBACKS */
1871:Drivers/STM32F1xx_HAL_Driver/Src/stm32f1xx_hal_can.c ****     }
1872:Drivers/STM32F1xx_HAL_Driver/Src/stm32f1xx_hal_can.c ****   }
1873:Drivers/STM32F1xx_HAL_Driver/Src/stm32f1xx_hal_can.c **** 
1874:Drivers/STM32F1xx_HAL_Driver/Src/stm32f1xx_hal_can.c ****   /* Receive FIFO 0 message pending interrupt management *********************/
1875:Drivers/STM32F1xx_HAL_Driver/Src/stm32f1xx_hal_can.c ****   if ((interrupts & CAN_IT_RX_FIFO0_MSG_PENDING) != 0U)
1876:Drivers/STM32F1xx_HAL_Driver/Src/stm32f1xx_hal_can.c ****   {
1877:Drivers/STM32F1xx_HAL_Driver/Src/stm32f1xx_hal_can.c ****     /* Check if message is still pending */
1878:Drivers/STM32F1xx_HAL_Driver/Src/stm32f1xx_hal_can.c ****     if ((hcan->Instance->RF0R & CAN_RF0R_FMP0) != 0U)
1879:Drivers/STM32F1xx_HAL_Driver/Src/stm32f1xx_hal_can.c ****     {
1880:Drivers/STM32F1xx_HAL_Driver/Src/stm32f1xx_hal_can.c ****       /* Receive FIFO 0 message pending Callback */
1881:Drivers/STM32F1xx_HAL_Driver/Src/stm32f1xx_hal_can.c **** #if USE_HAL_CAN_REGISTER_CALLBACKS == 1
1882:Drivers/STM32F1xx_HAL_Driver/Src/stm32f1xx_hal_can.c ****       /* Call registered callback*/
1883:Drivers/STM32F1xx_HAL_Driver/Src/stm32f1xx_hal_can.c ****       hcan->RxFifo0MsgPendingCallback(hcan);
1884:Drivers/STM32F1xx_HAL_Driver/Src/stm32f1xx_hal_can.c **** #else
1885:Drivers/STM32F1xx_HAL_Driver/Src/stm32f1xx_hal_can.c ****       /* Call weak (surcharged) callback */
1886:Drivers/STM32F1xx_HAL_Driver/Src/stm32f1xx_hal_can.c ****       HAL_CAN_RxFifo0MsgPendingCallback(hcan);
1887:Drivers/STM32F1xx_HAL_Driver/Src/stm32f1xx_hal_can.c **** #endif /* USE_HAL_CAN_REGISTER_CALLBACKS */
1888:Drivers/STM32F1xx_HAL_Driver/Src/stm32f1xx_hal_can.c ****     }
1889:Drivers/STM32F1xx_HAL_Driver/Src/stm32f1xx_hal_can.c ****   }
1890:Drivers/STM32F1xx_HAL_Driver/Src/stm32f1xx_hal_can.c **** 
1891:Drivers/STM32F1xx_HAL_Driver/Src/stm32f1xx_hal_can.c ****   /* Receive FIFO 1 overrun interrupt management *****************************/
1892:Drivers/STM32F1xx_HAL_Driver/Src/stm32f1xx_hal_can.c ****   if ((interrupts & CAN_IT_RX_FIFO1_OVERRUN) != 0U)
1893:Drivers/STM32F1xx_HAL_Driver/Src/stm32f1xx_hal_can.c ****   {
1894:Drivers/STM32F1xx_HAL_Driver/Src/stm32f1xx_hal_can.c ****     if ((rf1rflags & CAN_RF1R_FOVR1) != 0U)
1895:Drivers/STM32F1xx_HAL_Driver/Src/stm32f1xx_hal_can.c ****     {
1896:Drivers/STM32F1xx_HAL_Driver/Src/stm32f1xx_hal_can.c ****       /* Set CAN error code to Rx Fifo 1 overrun error */
1897:Drivers/STM32F1xx_HAL_Driver/Src/stm32f1xx_hal_can.c ****       errorcode |= HAL_CAN_ERROR_RX_FOV1;
1898:Drivers/STM32F1xx_HAL_Driver/Src/stm32f1xx_hal_can.c **** 
1899:Drivers/STM32F1xx_HAL_Driver/Src/stm32f1xx_hal_can.c ****       /* Clear FIFO1 Overrun Flag */
1900:Drivers/STM32F1xx_HAL_Driver/Src/stm32f1xx_hal_can.c ****       __HAL_CAN_CLEAR_FLAG(hcan, CAN_FLAG_FOV1);
1901:Drivers/STM32F1xx_HAL_Driver/Src/stm32f1xx_hal_can.c ****     }
1902:Drivers/STM32F1xx_HAL_Driver/Src/stm32f1xx_hal_can.c ****   }
1903:Drivers/STM32F1xx_HAL_Driver/Src/stm32f1xx_hal_can.c **** 
1904:Drivers/STM32F1xx_HAL_Driver/Src/stm32f1xx_hal_can.c ****   /* Receive FIFO 1 full interrupt management ********************************/
1905:Drivers/STM32F1xx_HAL_Driver/Src/stm32f1xx_hal_can.c ****   if ((interrupts & CAN_IT_RX_FIFO1_FULL) != 0U)
1906:Drivers/STM32F1xx_HAL_Driver/Src/stm32f1xx_hal_can.c ****   {
1907:Drivers/STM32F1xx_HAL_Driver/Src/stm32f1xx_hal_can.c ****     if ((rf1rflags & CAN_RF1R_FULL1) != 0U)
1908:Drivers/STM32F1xx_HAL_Driver/Src/stm32f1xx_hal_can.c ****     {
1909:Drivers/STM32F1xx_HAL_Driver/Src/stm32f1xx_hal_can.c ****       /* Clear FIFO 1 full Flag */
1910:Drivers/STM32F1xx_HAL_Driver/Src/stm32f1xx_hal_can.c ****       __HAL_CAN_CLEAR_FLAG(hcan, CAN_FLAG_FF1);
1911:Drivers/STM32F1xx_HAL_Driver/Src/stm32f1xx_hal_can.c **** 
1912:Drivers/STM32F1xx_HAL_Driver/Src/stm32f1xx_hal_can.c ****       /* Receive FIFO 1 full Callback */
1913:Drivers/STM32F1xx_HAL_Driver/Src/stm32f1xx_hal_can.c **** #if USE_HAL_CAN_REGISTER_CALLBACKS == 1
1914:Drivers/STM32F1xx_HAL_Driver/Src/stm32f1xx_hal_can.c ****       /* Call registered callback*/
ARM GAS  /tmp/cc1LZDaw.s 			page 94


1915:Drivers/STM32F1xx_HAL_Driver/Src/stm32f1xx_hal_can.c ****       hcan->RxFifo1FullCallback(hcan);
1916:Drivers/STM32F1xx_HAL_Driver/Src/stm32f1xx_hal_can.c **** #else
1917:Drivers/STM32F1xx_HAL_Driver/Src/stm32f1xx_hal_can.c ****       /* Call weak (surcharged) callback */
1918:Drivers/STM32F1xx_HAL_Driver/Src/stm32f1xx_hal_can.c ****       HAL_CAN_RxFifo1FullCallback(hcan);
1919:Drivers/STM32F1xx_HAL_Driver/Src/stm32f1xx_hal_can.c **** #endif /* USE_HAL_CAN_REGISTER_CALLBACKS */
1920:Drivers/STM32F1xx_HAL_Driver/Src/stm32f1xx_hal_can.c ****     }
1921:Drivers/STM32F1xx_HAL_Driver/Src/stm32f1xx_hal_can.c ****   }
1922:Drivers/STM32F1xx_HAL_Driver/Src/stm32f1xx_hal_can.c **** 
1923:Drivers/STM32F1xx_HAL_Driver/Src/stm32f1xx_hal_can.c ****   /* Receive FIFO 1 message pending interrupt management *********************/
1924:Drivers/STM32F1xx_HAL_Driver/Src/stm32f1xx_hal_can.c ****   if ((interrupts & CAN_IT_RX_FIFO1_MSG_PENDING) != 0U)
1925:Drivers/STM32F1xx_HAL_Driver/Src/stm32f1xx_hal_can.c ****   {
1926:Drivers/STM32F1xx_HAL_Driver/Src/stm32f1xx_hal_can.c ****     /* Check if message is still pending */
1927:Drivers/STM32F1xx_HAL_Driver/Src/stm32f1xx_hal_can.c ****     if ((hcan->Instance->RF1R & CAN_RF1R_FMP1) != 0U)
1928:Drivers/STM32F1xx_HAL_Driver/Src/stm32f1xx_hal_can.c ****     {
1929:Drivers/STM32F1xx_HAL_Driver/Src/stm32f1xx_hal_can.c ****       /* Receive FIFO 1 message pending Callback */
1930:Drivers/STM32F1xx_HAL_Driver/Src/stm32f1xx_hal_can.c **** #if USE_HAL_CAN_REGISTER_CALLBACKS == 1
1931:Drivers/STM32F1xx_HAL_Driver/Src/stm32f1xx_hal_can.c ****       /* Call registered callback*/
1932:Drivers/STM32F1xx_HAL_Driver/Src/stm32f1xx_hal_can.c ****       hcan->RxFifo1MsgPendingCallback(hcan);
1933:Drivers/STM32F1xx_HAL_Driver/Src/stm32f1xx_hal_can.c **** #else
1934:Drivers/STM32F1xx_HAL_Driver/Src/stm32f1xx_hal_can.c ****       /* Call weak (surcharged) callback */
1935:Drivers/STM32F1xx_HAL_Driver/Src/stm32f1xx_hal_can.c ****       HAL_CAN_RxFifo1MsgPendingCallback(hcan);
1936:Drivers/STM32F1xx_HAL_Driver/Src/stm32f1xx_hal_can.c **** #endif /* USE_HAL_CAN_REGISTER_CALLBACKS */
1937:Drivers/STM32F1xx_HAL_Driver/Src/stm32f1xx_hal_can.c ****     }
1938:Drivers/STM32F1xx_HAL_Driver/Src/stm32f1xx_hal_can.c ****   }
1939:Drivers/STM32F1xx_HAL_Driver/Src/stm32f1xx_hal_can.c **** 
1940:Drivers/STM32F1xx_HAL_Driver/Src/stm32f1xx_hal_can.c ****   /* Sleep interrupt management *********************************************/
1941:Drivers/STM32F1xx_HAL_Driver/Src/stm32f1xx_hal_can.c ****   if ((interrupts & CAN_IT_SLEEP_ACK) != 0U)
1942:Drivers/STM32F1xx_HAL_Driver/Src/stm32f1xx_hal_can.c ****   {
1943:Drivers/STM32F1xx_HAL_Driver/Src/stm32f1xx_hal_can.c ****     if ((msrflags & CAN_MSR_SLAKI) != 0U)
1944:Drivers/STM32F1xx_HAL_Driver/Src/stm32f1xx_hal_can.c ****     {
1945:Drivers/STM32F1xx_HAL_Driver/Src/stm32f1xx_hal_can.c ****       /* Clear Sleep interrupt Flag */
1946:Drivers/STM32F1xx_HAL_Driver/Src/stm32f1xx_hal_can.c ****       __HAL_CAN_CLEAR_FLAG(hcan, CAN_FLAG_SLAKI);
1947:Drivers/STM32F1xx_HAL_Driver/Src/stm32f1xx_hal_can.c **** 
1948:Drivers/STM32F1xx_HAL_Driver/Src/stm32f1xx_hal_can.c ****       /* Sleep Callback */
1949:Drivers/STM32F1xx_HAL_Driver/Src/stm32f1xx_hal_can.c **** #if USE_HAL_CAN_REGISTER_CALLBACKS == 1
1950:Drivers/STM32F1xx_HAL_Driver/Src/stm32f1xx_hal_can.c ****       /* Call registered callback*/
1951:Drivers/STM32F1xx_HAL_Driver/Src/stm32f1xx_hal_can.c ****       hcan->SleepCallback(hcan);
1952:Drivers/STM32F1xx_HAL_Driver/Src/stm32f1xx_hal_can.c **** #else
1953:Drivers/STM32F1xx_HAL_Driver/Src/stm32f1xx_hal_can.c ****       /* Call weak (surcharged) callback */
1954:Drivers/STM32F1xx_HAL_Driver/Src/stm32f1xx_hal_can.c ****       HAL_CAN_SleepCallback(hcan);
1955:Drivers/STM32F1xx_HAL_Driver/Src/stm32f1xx_hal_can.c **** #endif /* USE_HAL_CAN_REGISTER_CALLBACKS */
1956:Drivers/STM32F1xx_HAL_Driver/Src/stm32f1xx_hal_can.c ****     }
1957:Drivers/STM32F1xx_HAL_Driver/Src/stm32f1xx_hal_can.c ****   }
1958:Drivers/STM32F1xx_HAL_Driver/Src/stm32f1xx_hal_can.c **** 
1959:Drivers/STM32F1xx_HAL_Driver/Src/stm32f1xx_hal_can.c ****   /* WakeUp interrupt management *********************************************/
1960:Drivers/STM32F1xx_HAL_Driver/Src/stm32f1xx_hal_can.c ****   if ((interrupts & CAN_IT_WAKEUP) != 0U)
1961:Drivers/STM32F1xx_HAL_Driver/Src/stm32f1xx_hal_can.c ****   {
1962:Drivers/STM32F1xx_HAL_Driver/Src/stm32f1xx_hal_can.c ****     if ((msrflags & CAN_MSR_WKUI) != 0U)
1963:Drivers/STM32F1xx_HAL_Driver/Src/stm32f1xx_hal_can.c ****     {
1964:Drivers/STM32F1xx_HAL_Driver/Src/stm32f1xx_hal_can.c ****       /* Clear WakeUp Flag */
1965:Drivers/STM32F1xx_HAL_Driver/Src/stm32f1xx_hal_can.c ****       __HAL_CAN_CLEAR_FLAG(hcan, CAN_FLAG_WKU);
1966:Drivers/STM32F1xx_HAL_Driver/Src/stm32f1xx_hal_can.c **** 
1967:Drivers/STM32F1xx_HAL_Driver/Src/stm32f1xx_hal_can.c ****       /* WakeUp Callback */
1968:Drivers/STM32F1xx_HAL_Driver/Src/stm32f1xx_hal_can.c **** #if USE_HAL_CAN_REGISTER_CALLBACKS == 1
1969:Drivers/STM32F1xx_HAL_Driver/Src/stm32f1xx_hal_can.c ****       /* Call registered callback*/
1970:Drivers/STM32F1xx_HAL_Driver/Src/stm32f1xx_hal_can.c ****       hcan->WakeUpFromRxMsgCallback(hcan);
1971:Drivers/STM32F1xx_HAL_Driver/Src/stm32f1xx_hal_can.c **** #else
ARM GAS  /tmp/cc1LZDaw.s 			page 95


1972:Drivers/STM32F1xx_HAL_Driver/Src/stm32f1xx_hal_can.c ****       /* Call weak (surcharged) callback */
1973:Drivers/STM32F1xx_HAL_Driver/Src/stm32f1xx_hal_can.c ****       HAL_CAN_WakeUpFromRxMsgCallback(hcan);
1974:Drivers/STM32F1xx_HAL_Driver/Src/stm32f1xx_hal_can.c **** #endif /* USE_HAL_CAN_REGISTER_CALLBACKS */
1975:Drivers/STM32F1xx_HAL_Driver/Src/stm32f1xx_hal_can.c ****     }
1976:Drivers/STM32F1xx_HAL_Driver/Src/stm32f1xx_hal_can.c ****   }
1977:Drivers/STM32F1xx_HAL_Driver/Src/stm32f1xx_hal_can.c **** 
1978:Drivers/STM32F1xx_HAL_Driver/Src/stm32f1xx_hal_can.c ****   /* Error interrupts management *********************************************/
1979:Drivers/STM32F1xx_HAL_Driver/Src/stm32f1xx_hal_can.c ****   if ((interrupts & CAN_IT_ERROR) != 0U)
1980:Drivers/STM32F1xx_HAL_Driver/Src/stm32f1xx_hal_can.c ****   {
1981:Drivers/STM32F1xx_HAL_Driver/Src/stm32f1xx_hal_can.c ****     if ((msrflags & CAN_MSR_ERRI) != 0U)
1982:Drivers/STM32F1xx_HAL_Driver/Src/stm32f1xx_hal_can.c ****     {
1983:Drivers/STM32F1xx_HAL_Driver/Src/stm32f1xx_hal_can.c ****       /* Check Error Warning Flag */
1984:Drivers/STM32F1xx_HAL_Driver/Src/stm32f1xx_hal_can.c ****       if (((interrupts & CAN_IT_ERROR_WARNING) != 0U) &&
1985:Drivers/STM32F1xx_HAL_Driver/Src/stm32f1xx_hal_can.c ****           ((esrflags & CAN_ESR_EWGF) != 0U))
1986:Drivers/STM32F1xx_HAL_Driver/Src/stm32f1xx_hal_can.c ****       {
1987:Drivers/STM32F1xx_HAL_Driver/Src/stm32f1xx_hal_can.c ****         /* Set CAN error code to Error Warning */
1988:Drivers/STM32F1xx_HAL_Driver/Src/stm32f1xx_hal_can.c ****         errorcode |= HAL_CAN_ERROR_EWG;
1989:Drivers/STM32F1xx_HAL_Driver/Src/stm32f1xx_hal_can.c **** 
1990:Drivers/STM32F1xx_HAL_Driver/Src/stm32f1xx_hal_can.c ****         /* No need for clear of Error Warning Flag as read-only */
1991:Drivers/STM32F1xx_HAL_Driver/Src/stm32f1xx_hal_can.c ****       }
1992:Drivers/STM32F1xx_HAL_Driver/Src/stm32f1xx_hal_can.c **** 
1993:Drivers/STM32F1xx_HAL_Driver/Src/stm32f1xx_hal_can.c ****       /* Check Error Passive Flag */
1994:Drivers/STM32F1xx_HAL_Driver/Src/stm32f1xx_hal_can.c ****       if (((interrupts & CAN_IT_ERROR_PASSIVE) != 0U) &&
1995:Drivers/STM32F1xx_HAL_Driver/Src/stm32f1xx_hal_can.c ****           ((esrflags & CAN_ESR_EPVF) != 0U))
1996:Drivers/STM32F1xx_HAL_Driver/Src/stm32f1xx_hal_can.c ****       {
1997:Drivers/STM32F1xx_HAL_Driver/Src/stm32f1xx_hal_can.c ****         /* Set CAN error code to Error Passive */
1998:Drivers/STM32F1xx_HAL_Driver/Src/stm32f1xx_hal_can.c ****         errorcode |= HAL_CAN_ERROR_EPV;
1999:Drivers/STM32F1xx_HAL_Driver/Src/stm32f1xx_hal_can.c **** 
2000:Drivers/STM32F1xx_HAL_Driver/Src/stm32f1xx_hal_can.c ****         /* No need for clear of Error Passive Flag as read-only */
2001:Drivers/STM32F1xx_HAL_Driver/Src/stm32f1xx_hal_can.c ****       }
2002:Drivers/STM32F1xx_HAL_Driver/Src/stm32f1xx_hal_can.c **** 
2003:Drivers/STM32F1xx_HAL_Driver/Src/stm32f1xx_hal_can.c ****       /* Check Bus-off Flag */
2004:Drivers/STM32F1xx_HAL_Driver/Src/stm32f1xx_hal_can.c ****       if (((interrupts & CAN_IT_BUSOFF) != 0U) &&
2005:Drivers/STM32F1xx_HAL_Driver/Src/stm32f1xx_hal_can.c ****           ((esrflags & CAN_ESR_BOFF) != 0U))
2006:Drivers/STM32F1xx_HAL_Driver/Src/stm32f1xx_hal_can.c ****       {
2007:Drivers/STM32F1xx_HAL_Driver/Src/stm32f1xx_hal_can.c ****         /* Set CAN error code to Bus-Off */
2008:Drivers/STM32F1xx_HAL_Driver/Src/stm32f1xx_hal_can.c ****         errorcode |= HAL_CAN_ERROR_BOF;
2009:Drivers/STM32F1xx_HAL_Driver/Src/stm32f1xx_hal_can.c **** 
2010:Drivers/STM32F1xx_HAL_Driver/Src/stm32f1xx_hal_can.c ****         /* No need for clear of Error Bus-Off as read-only */
2011:Drivers/STM32F1xx_HAL_Driver/Src/stm32f1xx_hal_can.c ****       }
2012:Drivers/STM32F1xx_HAL_Driver/Src/stm32f1xx_hal_can.c **** 
2013:Drivers/STM32F1xx_HAL_Driver/Src/stm32f1xx_hal_can.c ****       /* Check Last Error Code Flag */
2014:Drivers/STM32F1xx_HAL_Driver/Src/stm32f1xx_hal_can.c ****       if (((interrupts & CAN_IT_LAST_ERROR_CODE) != 0U) &&
2015:Drivers/STM32F1xx_HAL_Driver/Src/stm32f1xx_hal_can.c ****           ((esrflags & CAN_ESR_LEC) != 0U))
2016:Drivers/STM32F1xx_HAL_Driver/Src/stm32f1xx_hal_can.c ****       {
2017:Drivers/STM32F1xx_HAL_Driver/Src/stm32f1xx_hal_can.c ****         switch (esrflags & CAN_ESR_LEC)
2018:Drivers/STM32F1xx_HAL_Driver/Src/stm32f1xx_hal_can.c ****         {
2019:Drivers/STM32F1xx_HAL_Driver/Src/stm32f1xx_hal_can.c ****           case (CAN_ESR_LEC_0):
2020:Drivers/STM32F1xx_HAL_Driver/Src/stm32f1xx_hal_can.c ****             /* Set CAN error code to Stuff error */
2021:Drivers/STM32F1xx_HAL_Driver/Src/stm32f1xx_hal_can.c ****             errorcode |= HAL_CAN_ERROR_STF;
2022:Drivers/STM32F1xx_HAL_Driver/Src/stm32f1xx_hal_can.c ****             break;
2023:Drivers/STM32F1xx_HAL_Driver/Src/stm32f1xx_hal_can.c ****           case (CAN_ESR_LEC_1):
2024:Drivers/STM32F1xx_HAL_Driver/Src/stm32f1xx_hal_can.c ****             /* Set CAN error code to Form error */
2025:Drivers/STM32F1xx_HAL_Driver/Src/stm32f1xx_hal_can.c ****             errorcode |= HAL_CAN_ERROR_FOR;
2026:Drivers/STM32F1xx_HAL_Driver/Src/stm32f1xx_hal_can.c ****             break;
2027:Drivers/STM32F1xx_HAL_Driver/Src/stm32f1xx_hal_can.c ****           case (CAN_ESR_LEC_1 | CAN_ESR_LEC_0):
2028:Drivers/STM32F1xx_HAL_Driver/Src/stm32f1xx_hal_can.c ****             /* Set CAN error code to Acknowledgement error */
ARM GAS  /tmp/cc1LZDaw.s 			page 96


2029:Drivers/STM32F1xx_HAL_Driver/Src/stm32f1xx_hal_can.c ****             errorcode |= HAL_CAN_ERROR_ACK;
2030:Drivers/STM32F1xx_HAL_Driver/Src/stm32f1xx_hal_can.c ****             break;
2031:Drivers/STM32F1xx_HAL_Driver/Src/stm32f1xx_hal_can.c ****           case (CAN_ESR_LEC_2):
2032:Drivers/STM32F1xx_HAL_Driver/Src/stm32f1xx_hal_can.c ****             /* Set CAN error code to Bit recessive error */
2033:Drivers/STM32F1xx_HAL_Driver/Src/stm32f1xx_hal_can.c ****             errorcode |= HAL_CAN_ERROR_BR;
2034:Drivers/STM32F1xx_HAL_Driver/Src/stm32f1xx_hal_can.c ****             break;
2035:Drivers/STM32F1xx_HAL_Driver/Src/stm32f1xx_hal_can.c ****           case (CAN_ESR_LEC_2 | CAN_ESR_LEC_0):
2036:Drivers/STM32F1xx_HAL_Driver/Src/stm32f1xx_hal_can.c ****             /* Set CAN error code to Bit Dominant error */
2037:Drivers/STM32F1xx_HAL_Driver/Src/stm32f1xx_hal_can.c ****             errorcode |= HAL_CAN_ERROR_BD;
2038:Drivers/STM32F1xx_HAL_Driver/Src/stm32f1xx_hal_can.c ****             break;
2039:Drivers/STM32F1xx_HAL_Driver/Src/stm32f1xx_hal_can.c ****           case (CAN_ESR_LEC_2 | CAN_ESR_LEC_1):
2040:Drivers/STM32F1xx_HAL_Driver/Src/stm32f1xx_hal_can.c ****             /* Set CAN error code to CRC error */
2041:Drivers/STM32F1xx_HAL_Driver/Src/stm32f1xx_hal_can.c ****             errorcode |= HAL_CAN_ERROR_CRC;
2042:Drivers/STM32F1xx_HAL_Driver/Src/stm32f1xx_hal_can.c ****             break;
2043:Drivers/STM32F1xx_HAL_Driver/Src/stm32f1xx_hal_can.c ****           default:
2044:Drivers/STM32F1xx_HAL_Driver/Src/stm32f1xx_hal_can.c ****             break;
2045:Drivers/STM32F1xx_HAL_Driver/Src/stm32f1xx_hal_can.c ****         }
2046:Drivers/STM32F1xx_HAL_Driver/Src/stm32f1xx_hal_can.c **** 
2047:Drivers/STM32F1xx_HAL_Driver/Src/stm32f1xx_hal_can.c ****         /* Clear Last error code Flag */
2048:Drivers/STM32F1xx_HAL_Driver/Src/stm32f1xx_hal_can.c ****         CLEAR_BIT(hcan->Instance->ESR, CAN_ESR_LEC);
2049:Drivers/STM32F1xx_HAL_Driver/Src/stm32f1xx_hal_can.c ****       }
2050:Drivers/STM32F1xx_HAL_Driver/Src/stm32f1xx_hal_can.c ****     }
2051:Drivers/STM32F1xx_HAL_Driver/Src/stm32f1xx_hal_can.c **** 
2052:Drivers/STM32F1xx_HAL_Driver/Src/stm32f1xx_hal_can.c ****     /* Clear ERRI Flag */
2053:Drivers/STM32F1xx_HAL_Driver/Src/stm32f1xx_hal_can.c ****     __HAL_CAN_CLEAR_FLAG(hcan, CAN_FLAG_ERRI);
2054:Drivers/STM32F1xx_HAL_Driver/Src/stm32f1xx_hal_can.c ****   }
2055:Drivers/STM32F1xx_HAL_Driver/Src/stm32f1xx_hal_can.c **** 
2056:Drivers/STM32F1xx_HAL_Driver/Src/stm32f1xx_hal_can.c ****   /* Call the Error call Back in case of Errors */
2057:Drivers/STM32F1xx_HAL_Driver/Src/stm32f1xx_hal_can.c ****   if (errorcode != HAL_CAN_ERROR_NONE)
2058:Drivers/STM32F1xx_HAL_Driver/Src/stm32f1xx_hal_can.c ****   {
2059:Drivers/STM32F1xx_HAL_Driver/Src/stm32f1xx_hal_can.c ****     /* Update error code in handle */
2060:Drivers/STM32F1xx_HAL_Driver/Src/stm32f1xx_hal_can.c ****     hcan->ErrorCode |= errorcode;
2061:Drivers/STM32F1xx_HAL_Driver/Src/stm32f1xx_hal_can.c **** 
2062:Drivers/STM32F1xx_HAL_Driver/Src/stm32f1xx_hal_can.c ****     /* Call Error callback function */
2063:Drivers/STM32F1xx_HAL_Driver/Src/stm32f1xx_hal_can.c **** #if USE_HAL_CAN_REGISTER_CALLBACKS == 1
2064:Drivers/STM32F1xx_HAL_Driver/Src/stm32f1xx_hal_can.c ****     /* Call registered callback*/
2065:Drivers/STM32F1xx_HAL_Driver/Src/stm32f1xx_hal_can.c ****     hcan->ErrorCallback(hcan);
2066:Drivers/STM32F1xx_HAL_Driver/Src/stm32f1xx_hal_can.c **** #else
2067:Drivers/STM32F1xx_HAL_Driver/Src/stm32f1xx_hal_can.c ****     /* Call weak (surcharged) callback */
2068:Drivers/STM32F1xx_HAL_Driver/Src/stm32f1xx_hal_can.c ****     HAL_CAN_ErrorCallback(hcan);
2069:Drivers/STM32F1xx_HAL_Driver/Src/stm32f1xx_hal_can.c **** #endif /* USE_HAL_CAN_REGISTER_CALLBACKS */
2070:Drivers/STM32F1xx_HAL_Driver/Src/stm32f1xx_hal_can.c ****   }
2071:Drivers/STM32F1xx_HAL_Driver/Src/stm32f1xx_hal_can.c **** }
2072:Drivers/STM32F1xx_HAL_Driver/Src/stm32f1xx_hal_can.c **** 
2073:Drivers/STM32F1xx_HAL_Driver/Src/stm32f1xx_hal_can.c **** /**
2074:Drivers/STM32F1xx_HAL_Driver/Src/stm32f1xx_hal_can.c ****   * @}
2075:Drivers/STM32F1xx_HAL_Driver/Src/stm32f1xx_hal_can.c ****   */
2076:Drivers/STM32F1xx_HAL_Driver/Src/stm32f1xx_hal_can.c **** 
2077:Drivers/STM32F1xx_HAL_Driver/Src/stm32f1xx_hal_can.c **** /** @defgroup CAN_Exported_Functions_Group5 Callback functions
2078:Drivers/STM32F1xx_HAL_Driver/Src/stm32f1xx_hal_can.c ****   * @brief   CAN Callback functions
2079:Drivers/STM32F1xx_HAL_Driver/Src/stm32f1xx_hal_can.c ****   *
2080:Drivers/STM32F1xx_HAL_Driver/Src/stm32f1xx_hal_can.c **** @verbatim
2081:Drivers/STM32F1xx_HAL_Driver/Src/stm32f1xx_hal_can.c ****   ==============================================================================
2082:Drivers/STM32F1xx_HAL_Driver/Src/stm32f1xx_hal_can.c ****                           ##### Callback functions #####
2083:Drivers/STM32F1xx_HAL_Driver/Src/stm32f1xx_hal_can.c ****   ==============================================================================
2084:Drivers/STM32F1xx_HAL_Driver/Src/stm32f1xx_hal_can.c ****     [..]
2085:Drivers/STM32F1xx_HAL_Driver/Src/stm32f1xx_hal_can.c ****     This subsection provides the following callback functions:
ARM GAS  /tmp/cc1LZDaw.s 			page 97


2086:Drivers/STM32F1xx_HAL_Driver/Src/stm32f1xx_hal_can.c ****       (+) HAL_CAN_TxMailbox0CompleteCallback
2087:Drivers/STM32F1xx_HAL_Driver/Src/stm32f1xx_hal_can.c ****       (+) HAL_CAN_TxMailbox1CompleteCallback
2088:Drivers/STM32F1xx_HAL_Driver/Src/stm32f1xx_hal_can.c ****       (+) HAL_CAN_TxMailbox2CompleteCallback
2089:Drivers/STM32F1xx_HAL_Driver/Src/stm32f1xx_hal_can.c ****       (+) HAL_CAN_TxMailbox0AbortCallback
2090:Drivers/STM32F1xx_HAL_Driver/Src/stm32f1xx_hal_can.c ****       (+) HAL_CAN_TxMailbox1AbortCallback
2091:Drivers/STM32F1xx_HAL_Driver/Src/stm32f1xx_hal_can.c ****       (+) HAL_CAN_TxMailbox2AbortCallback
2092:Drivers/STM32F1xx_HAL_Driver/Src/stm32f1xx_hal_can.c ****       (+) HAL_CAN_RxFifo0MsgPendingCallback
2093:Drivers/STM32F1xx_HAL_Driver/Src/stm32f1xx_hal_can.c ****       (+) HAL_CAN_RxFifo0FullCallback
2094:Drivers/STM32F1xx_HAL_Driver/Src/stm32f1xx_hal_can.c ****       (+) HAL_CAN_RxFifo1MsgPendingCallback
2095:Drivers/STM32F1xx_HAL_Driver/Src/stm32f1xx_hal_can.c ****       (+) HAL_CAN_RxFifo1FullCallback
2096:Drivers/STM32F1xx_HAL_Driver/Src/stm32f1xx_hal_can.c ****       (+) HAL_CAN_SleepCallback
2097:Drivers/STM32F1xx_HAL_Driver/Src/stm32f1xx_hal_can.c ****       (+) HAL_CAN_WakeUpFromRxMsgCallback
2098:Drivers/STM32F1xx_HAL_Driver/Src/stm32f1xx_hal_can.c ****       (+) HAL_CAN_ErrorCallback
2099:Drivers/STM32F1xx_HAL_Driver/Src/stm32f1xx_hal_can.c **** 
2100:Drivers/STM32F1xx_HAL_Driver/Src/stm32f1xx_hal_can.c **** @endverbatim
2101:Drivers/STM32F1xx_HAL_Driver/Src/stm32f1xx_hal_can.c ****   * @{
2102:Drivers/STM32F1xx_HAL_Driver/Src/stm32f1xx_hal_can.c ****   */
2103:Drivers/STM32F1xx_HAL_Driver/Src/stm32f1xx_hal_can.c **** 
2104:Drivers/STM32F1xx_HAL_Driver/Src/stm32f1xx_hal_can.c **** /**
2105:Drivers/STM32F1xx_HAL_Driver/Src/stm32f1xx_hal_can.c ****   * @brief  Transmission Mailbox 0 complete callback.
2106:Drivers/STM32F1xx_HAL_Driver/Src/stm32f1xx_hal_can.c ****   * @param  hcan pointer to a CAN_HandleTypeDef structure that contains
2107:Drivers/STM32F1xx_HAL_Driver/Src/stm32f1xx_hal_can.c ****   *         the configuration information for the specified CAN.
2108:Drivers/STM32F1xx_HAL_Driver/Src/stm32f1xx_hal_can.c ****   * @retval None
2109:Drivers/STM32F1xx_HAL_Driver/Src/stm32f1xx_hal_can.c ****   */
2110:Drivers/STM32F1xx_HAL_Driver/Src/stm32f1xx_hal_can.c **** __weak void HAL_CAN_TxMailbox0CompleteCallback(CAN_HandleTypeDef *hcan)
2111:Drivers/STM32F1xx_HAL_Driver/Src/stm32f1xx_hal_can.c **** {
 2092              		.loc 1 2111 1 is_stmt 1 view -0
 2093              		.cfi_startproc
 2094              		@ args = 0, pretend = 0, frame = 0
 2095              		@ frame_needed = 0, uses_anonymous_args = 0
 2096              		@ link register save eliminated.
2112:Drivers/STM32F1xx_HAL_Driver/Src/stm32f1xx_hal_can.c ****   /* Prevent unused argument(s) compilation warning */
2113:Drivers/STM32F1xx_HAL_Driver/Src/stm32f1xx_hal_can.c ****   UNUSED(hcan);
 2097              		.loc 1 2113 3 view .LVU704
2114:Drivers/STM32F1xx_HAL_Driver/Src/stm32f1xx_hal_can.c **** 
2115:Drivers/STM32F1xx_HAL_Driver/Src/stm32f1xx_hal_can.c ****   /* NOTE : This function Should not be modified, when the callback is needed,
2116:Drivers/STM32F1xx_HAL_Driver/Src/stm32f1xx_hal_can.c ****             the HAL_CAN_TxMailbox0CompleteCallback could be implemented in the
2117:Drivers/STM32F1xx_HAL_Driver/Src/stm32f1xx_hal_can.c ****             user file
2118:Drivers/STM32F1xx_HAL_Driver/Src/stm32f1xx_hal_can.c ****    */
2119:Drivers/STM32F1xx_HAL_Driver/Src/stm32f1xx_hal_can.c **** }
 2098              		.loc 1 2119 1 is_stmt 0 view .LVU705
 2099 0000 7047     		bx	lr
 2100              		.cfi_endproc
 2101              	.LFE85:
 2103              		.section	.text.HAL_CAN_TxMailbox1CompleteCallback,"ax",%progbits
 2104              		.align	1
 2105              		.weak	HAL_CAN_TxMailbox1CompleteCallback
 2106              		.syntax unified
 2107              		.thumb
 2108              		.thumb_func
 2110              	HAL_CAN_TxMailbox1CompleteCallback:
 2111              	.LVL172:
 2112              	.LFB86:
2120:Drivers/STM32F1xx_HAL_Driver/Src/stm32f1xx_hal_can.c **** 
2121:Drivers/STM32F1xx_HAL_Driver/Src/stm32f1xx_hal_can.c **** /**
2122:Drivers/STM32F1xx_HAL_Driver/Src/stm32f1xx_hal_can.c ****   * @brief  Transmission Mailbox 1 complete callback.
2123:Drivers/STM32F1xx_HAL_Driver/Src/stm32f1xx_hal_can.c ****   * @param  hcan pointer to a CAN_HandleTypeDef structure that contains
ARM GAS  /tmp/cc1LZDaw.s 			page 98


2124:Drivers/STM32F1xx_HAL_Driver/Src/stm32f1xx_hal_can.c ****   *         the configuration information for the specified CAN.
2125:Drivers/STM32F1xx_HAL_Driver/Src/stm32f1xx_hal_can.c ****   * @retval None
2126:Drivers/STM32F1xx_HAL_Driver/Src/stm32f1xx_hal_can.c ****   */
2127:Drivers/STM32F1xx_HAL_Driver/Src/stm32f1xx_hal_can.c **** __weak void HAL_CAN_TxMailbox1CompleteCallback(CAN_HandleTypeDef *hcan)
2128:Drivers/STM32F1xx_HAL_Driver/Src/stm32f1xx_hal_can.c **** {
 2113              		.loc 1 2128 1 is_stmt 1 view -0
 2114              		.cfi_startproc
 2115              		@ args = 0, pretend = 0, frame = 0
 2116              		@ frame_needed = 0, uses_anonymous_args = 0
 2117              		@ link register save eliminated.
2129:Drivers/STM32F1xx_HAL_Driver/Src/stm32f1xx_hal_can.c ****   /* Prevent unused argument(s) compilation warning */
2130:Drivers/STM32F1xx_HAL_Driver/Src/stm32f1xx_hal_can.c ****   UNUSED(hcan);
 2118              		.loc 1 2130 3 view .LVU707
2131:Drivers/STM32F1xx_HAL_Driver/Src/stm32f1xx_hal_can.c **** 
2132:Drivers/STM32F1xx_HAL_Driver/Src/stm32f1xx_hal_can.c ****   /* NOTE : This function Should not be modified, when the callback is needed,
2133:Drivers/STM32F1xx_HAL_Driver/Src/stm32f1xx_hal_can.c ****             the HAL_CAN_TxMailbox1CompleteCallback could be implemented in the
2134:Drivers/STM32F1xx_HAL_Driver/Src/stm32f1xx_hal_can.c ****             user file
2135:Drivers/STM32F1xx_HAL_Driver/Src/stm32f1xx_hal_can.c ****    */
2136:Drivers/STM32F1xx_HAL_Driver/Src/stm32f1xx_hal_can.c **** }
 2119              		.loc 1 2136 1 is_stmt 0 view .LVU708
 2120 0000 7047     		bx	lr
 2121              		.cfi_endproc
 2122              	.LFE86:
 2124              		.section	.text.HAL_CAN_TxMailbox2CompleteCallback,"ax",%progbits
 2125              		.align	1
 2126              		.weak	HAL_CAN_TxMailbox2CompleteCallback
 2127              		.syntax unified
 2128              		.thumb
 2129              		.thumb_func
 2131              	HAL_CAN_TxMailbox2CompleteCallback:
 2132              	.LVL173:
 2133              	.LFB87:
2137:Drivers/STM32F1xx_HAL_Driver/Src/stm32f1xx_hal_can.c **** 
2138:Drivers/STM32F1xx_HAL_Driver/Src/stm32f1xx_hal_can.c **** /**
2139:Drivers/STM32F1xx_HAL_Driver/Src/stm32f1xx_hal_can.c ****   * @brief  Transmission Mailbox 2 complete callback.
2140:Drivers/STM32F1xx_HAL_Driver/Src/stm32f1xx_hal_can.c ****   * @param  hcan pointer to a CAN_HandleTypeDef structure that contains
2141:Drivers/STM32F1xx_HAL_Driver/Src/stm32f1xx_hal_can.c ****   *         the configuration information for the specified CAN.
2142:Drivers/STM32F1xx_HAL_Driver/Src/stm32f1xx_hal_can.c ****   * @retval None
2143:Drivers/STM32F1xx_HAL_Driver/Src/stm32f1xx_hal_can.c ****   */
2144:Drivers/STM32F1xx_HAL_Driver/Src/stm32f1xx_hal_can.c **** __weak void HAL_CAN_TxMailbox2CompleteCallback(CAN_HandleTypeDef *hcan)
2145:Drivers/STM32F1xx_HAL_Driver/Src/stm32f1xx_hal_can.c **** {
 2134              		.loc 1 2145 1 is_stmt 1 view -0
 2135              		.cfi_startproc
 2136              		@ args = 0, pretend = 0, frame = 0
 2137              		@ frame_needed = 0, uses_anonymous_args = 0
 2138              		@ link register save eliminated.
2146:Drivers/STM32F1xx_HAL_Driver/Src/stm32f1xx_hal_can.c ****   /* Prevent unused argument(s) compilation warning */
2147:Drivers/STM32F1xx_HAL_Driver/Src/stm32f1xx_hal_can.c ****   UNUSED(hcan);
 2139              		.loc 1 2147 3 view .LVU710
2148:Drivers/STM32F1xx_HAL_Driver/Src/stm32f1xx_hal_can.c **** 
2149:Drivers/STM32F1xx_HAL_Driver/Src/stm32f1xx_hal_can.c ****   /* NOTE : This function Should not be modified, when the callback is needed,
2150:Drivers/STM32F1xx_HAL_Driver/Src/stm32f1xx_hal_can.c ****             the HAL_CAN_TxMailbox2CompleteCallback could be implemented in the
2151:Drivers/STM32F1xx_HAL_Driver/Src/stm32f1xx_hal_can.c ****             user file
2152:Drivers/STM32F1xx_HAL_Driver/Src/stm32f1xx_hal_can.c ****    */
2153:Drivers/STM32F1xx_HAL_Driver/Src/stm32f1xx_hal_can.c **** }
 2140              		.loc 1 2153 1 is_stmt 0 view .LVU711
 2141 0000 7047     		bx	lr
ARM GAS  /tmp/cc1LZDaw.s 			page 99


 2142              		.cfi_endproc
 2143              	.LFE87:
 2145              		.section	.text.HAL_CAN_TxMailbox0AbortCallback,"ax",%progbits
 2146              		.align	1
 2147              		.weak	HAL_CAN_TxMailbox0AbortCallback
 2148              		.syntax unified
 2149              		.thumb
 2150              		.thumb_func
 2152              	HAL_CAN_TxMailbox0AbortCallback:
 2153              	.LVL174:
 2154              	.LFB88:
2154:Drivers/STM32F1xx_HAL_Driver/Src/stm32f1xx_hal_can.c **** 
2155:Drivers/STM32F1xx_HAL_Driver/Src/stm32f1xx_hal_can.c **** /**
2156:Drivers/STM32F1xx_HAL_Driver/Src/stm32f1xx_hal_can.c ****   * @brief  Transmission Mailbox 0 Cancellation callback.
2157:Drivers/STM32F1xx_HAL_Driver/Src/stm32f1xx_hal_can.c ****   * @param  hcan pointer to an CAN_HandleTypeDef structure that contains
2158:Drivers/STM32F1xx_HAL_Driver/Src/stm32f1xx_hal_can.c ****   *         the configuration information for the specified CAN.
2159:Drivers/STM32F1xx_HAL_Driver/Src/stm32f1xx_hal_can.c ****   * @retval None
2160:Drivers/STM32F1xx_HAL_Driver/Src/stm32f1xx_hal_can.c ****   */
2161:Drivers/STM32F1xx_HAL_Driver/Src/stm32f1xx_hal_can.c **** __weak void HAL_CAN_TxMailbox0AbortCallback(CAN_HandleTypeDef *hcan)
2162:Drivers/STM32F1xx_HAL_Driver/Src/stm32f1xx_hal_can.c **** {
 2155              		.loc 1 2162 1 is_stmt 1 view -0
 2156              		.cfi_startproc
 2157              		@ args = 0, pretend = 0, frame = 0
 2158              		@ frame_needed = 0, uses_anonymous_args = 0
 2159              		@ link register save eliminated.
2163:Drivers/STM32F1xx_HAL_Driver/Src/stm32f1xx_hal_can.c ****   /* Prevent unused argument(s) compilation warning */
2164:Drivers/STM32F1xx_HAL_Driver/Src/stm32f1xx_hal_can.c ****   UNUSED(hcan);
 2160              		.loc 1 2164 3 view .LVU713
2165:Drivers/STM32F1xx_HAL_Driver/Src/stm32f1xx_hal_can.c **** 
2166:Drivers/STM32F1xx_HAL_Driver/Src/stm32f1xx_hal_can.c ****   /* NOTE : This function Should not be modified, when the callback is needed,
2167:Drivers/STM32F1xx_HAL_Driver/Src/stm32f1xx_hal_can.c ****             the HAL_CAN_TxMailbox0AbortCallback could be implemented in the
2168:Drivers/STM32F1xx_HAL_Driver/Src/stm32f1xx_hal_can.c ****             user file
2169:Drivers/STM32F1xx_HAL_Driver/Src/stm32f1xx_hal_can.c ****    */
2170:Drivers/STM32F1xx_HAL_Driver/Src/stm32f1xx_hal_can.c **** }
 2161              		.loc 1 2170 1 is_stmt 0 view .LVU714
 2162 0000 7047     		bx	lr
 2163              		.cfi_endproc
 2164              	.LFE88:
 2166              		.section	.text.HAL_CAN_TxMailbox1AbortCallback,"ax",%progbits
 2167              		.align	1
 2168              		.weak	HAL_CAN_TxMailbox1AbortCallback
 2169              		.syntax unified
 2170              		.thumb
 2171              		.thumb_func
 2173              	HAL_CAN_TxMailbox1AbortCallback:
 2174              	.LVL175:
 2175              	.LFB89:
2171:Drivers/STM32F1xx_HAL_Driver/Src/stm32f1xx_hal_can.c **** 
2172:Drivers/STM32F1xx_HAL_Driver/Src/stm32f1xx_hal_can.c **** /**
2173:Drivers/STM32F1xx_HAL_Driver/Src/stm32f1xx_hal_can.c ****   * @brief  Transmission Mailbox 1 Cancellation callback.
2174:Drivers/STM32F1xx_HAL_Driver/Src/stm32f1xx_hal_can.c ****   * @param  hcan pointer to an CAN_HandleTypeDef structure that contains
2175:Drivers/STM32F1xx_HAL_Driver/Src/stm32f1xx_hal_can.c ****   *         the configuration information for the specified CAN.
2176:Drivers/STM32F1xx_HAL_Driver/Src/stm32f1xx_hal_can.c ****   * @retval None
2177:Drivers/STM32F1xx_HAL_Driver/Src/stm32f1xx_hal_can.c ****   */
2178:Drivers/STM32F1xx_HAL_Driver/Src/stm32f1xx_hal_can.c **** __weak void HAL_CAN_TxMailbox1AbortCallback(CAN_HandleTypeDef *hcan)
2179:Drivers/STM32F1xx_HAL_Driver/Src/stm32f1xx_hal_can.c **** {
 2176              		.loc 1 2179 1 is_stmt 1 view -0
ARM GAS  /tmp/cc1LZDaw.s 			page 100


 2177              		.cfi_startproc
 2178              		@ args = 0, pretend = 0, frame = 0
 2179              		@ frame_needed = 0, uses_anonymous_args = 0
 2180              		@ link register save eliminated.
2180:Drivers/STM32F1xx_HAL_Driver/Src/stm32f1xx_hal_can.c ****   /* Prevent unused argument(s) compilation warning */
2181:Drivers/STM32F1xx_HAL_Driver/Src/stm32f1xx_hal_can.c ****   UNUSED(hcan);
 2181              		.loc 1 2181 3 view .LVU716
2182:Drivers/STM32F1xx_HAL_Driver/Src/stm32f1xx_hal_can.c **** 
2183:Drivers/STM32F1xx_HAL_Driver/Src/stm32f1xx_hal_can.c ****   /* NOTE : This function Should not be modified, when the callback is needed,
2184:Drivers/STM32F1xx_HAL_Driver/Src/stm32f1xx_hal_can.c ****             the HAL_CAN_TxMailbox1AbortCallback could be implemented in the
2185:Drivers/STM32F1xx_HAL_Driver/Src/stm32f1xx_hal_can.c ****             user file
2186:Drivers/STM32F1xx_HAL_Driver/Src/stm32f1xx_hal_can.c ****    */
2187:Drivers/STM32F1xx_HAL_Driver/Src/stm32f1xx_hal_can.c **** }
 2182              		.loc 1 2187 1 is_stmt 0 view .LVU717
 2183 0000 7047     		bx	lr
 2184              		.cfi_endproc
 2185              	.LFE89:
 2187              		.section	.text.HAL_CAN_TxMailbox2AbortCallback,"ax",%progbits
 2188              		.align	1
 2189              		.weak	HAL_CAN_TxMailbox2AbortCallback
 2190              		.syntax unified
 2191              		.thumb
 2192              		.thumb_func
 2194              	HAL_CAN_TxMailbox2AbortCallback:
 2195              	.LVL176:
 2196              	.LFB90:
2188:Drivers/STM32F1xx_HAL_Driver/Src/stm32f1xx_hal_can.c **** 
2189:Drivers/STM32F1xx_HAL_Driver/Src/stm32f1xx_hal_can.c **** /**
2190:Drivers/STM32F1xx_HAL_Driver/Src/stm32f1xx_hal_can.c ****   * @brief  Transmission Mailbox 2 Cancellation callback.
2191:Drivers/STM32F1xx_HAL_Driver/Src/stm32f1xx_hal_can.c ****   * @param  hcan pointer to an CAN_HandleTypeDef structure that contains
2192:Drivers/STM32F1xx_HAL_Driver/Src/stm32f1xx_hal_can.c ****   *         the configuration information for the specified CAN.
2193:Drivers/STM32F1xx_HAL_Driver/Src/stm32f1xx_hal_can.c ****   * @retval None
2194:Drivers/STM32F1xx_HAL_Driver/Src/stm32f1xx_hal_can.c ****   */
2195:Drivers/STM32F1xx_HAL_Driver/Src/stm32f1xx_hal_can.c **** __weak void HAL_CAN_TxMailbox2AbortCallback(CAN_HandleTypeDef *hcan)
2196:Drivers/STM32F1xx_HAL_Driver/Src/stm32f1xx_hal_can.c **** {
 2197              		.loc 1 2196 1 is_stmt 1 view -0
 2198              		.cfi_startproc
 2199              		@ args = 0, pretend = 0, frame = 0
 2200              		@ frame_needed = 0, uses_anonymous_args = 0
 2201              		@ link register save eliminated.
2197:Drivers/STM32F1xx_HAL_Driver/Src/stm32f1xx_hal_can.c ****   /* Prevent unused argument(s) compilation warning */
2198:Drivers/STM32F1xx_HAL_Driver/Src/stm32f1xx_hal_can.c ****   UNUSED(hcan);
 2202              		.loc 1 2198 3 view .LVU719
2199:Drivers/STM32F1xx_HAL_Driver/Src/stm32f1xx_hal_can.c **** 
2200:Drivers/STM32F1xx_HAL_Driver/Src/stm32f1xx_hal_can.c ****   /* NOTE : This function Should not be modified, when the callback is needed,
2201:Drivers/STM32F1xx_HAL_Driver/Src/stm32f1xx_hal_can.c ****             the HAL_CAN_TxMailbox2AbortCallback could be implemented in the
2202:Drivers/STM32F1xx_HAL_Driver/Src/stm32f1xx_hal_can.c ****             user file
2203:Drivers/STM32F1xx_HAL_Driver/Src/stm32f1xx_hal_can.c ****    */
2204:Drivers/STM32F1xx_HAL_Driver/Src/stm32f1xx_hal_can.c **** }
 2203              		.loc 1 2204 1 is_stmt 0 view .LVU720
 2204 0000 7047     		bx	lr
 2205              		.cfi_endproc
 2206              	.LFE90:
 2208              		.section	.text.HAL_CAN_RxFifo0MsgPendingCallback,"ax",%progbits
 2209              		.align	1
 2210              		.weak	HAL_CAN_RxFifo0MsgPendingCallback
 2211              		.syntax unified
ARM GAS  /tmp/cc1LZDaw.s 			page 101


 2212              		.thumb
 2213              		.thumb_func
 2215              	HAL_CAN_RxFifo0MsgPendingCallback:
 2216              	.LVL177:
 2217              	.LFB91:
2205:Drivers/STM32F1xx_HAL_Driver/Src/stm32f1xx_hal_can.c **** 
2206:Drivers/STM32F1xx_HAL_Driver/Src/stm32f1xx_hal_can.c **** /**
2207:Drivers/STM32F1xx_HAL_Driver/Src/stm32f1xx_hal_can.c ****   * @brief  Rx FIFO 0 message pending callback.
2208:Drivers/STM32F1xx_HAL_Driver/Src/stm32f1xx_hal_can.c ****   * @param  hcan pointer to a CAN_HandleTypeDef structure that contains
2209:Drivers/STM32F1xx_HAL_Driver/Src/stm32f1xx_hal_can.c ****   *         the configuration information for the specified CAN.
2210:Drivers/STM32F1xx_HAL_Driver/Src/stm32f1xx_hal_can.c ****   * @retval None
2211:Drivers/STM32F1xx_HAL_Driver/Src/stm32f1xx_hal_can.c ****   */
2212:Drivers/STM32F1xx_HAL_Driver/Src/stm32f1xx_hal_can.c **** __weak void HAL_CAN_RxFifo0MsgPendingCallback(CAN_HandleTypeDef *hcan)
2213:Drivers/STM32F1xx_HAL_Driver/Src/stm32f1xx_hal_can.c **** {
 2218              		.loc 1 2213 1 is_stmt 1 view -0
 2219              		.cfi_startproc
 2220              		@ args = 0, pretend = 0, frame = 0
 2221              		@ frame_needed = 0, uses_anonymous_args = 0
 2222              		@ link register save eliminated.
2214:Drivers/STM32F1xx_HAL_Driver/Src/stm32f1xx_hal_can.c ****   /* Prevent unused argument(s) compilation warning */
2215:Drivers/STM32F1xx_HAL_Driver/Src/stm32f1xx_hal_can.c ****   UNUSED(hcan);
 2223              		.loc 1 2215 3 view .LVU722
2216:Drivers/STM32F1xx_HAL_Driver/Src/stm32f1xx_hal_can.c **** 
2217:Drivers/STM32F1xx_HAL_Driver/Src/stm32f1xx_hal_can.c ****   /* NOTE : This function Should not be modified, when the callback is needed,
2218:Drivers/STM32F1xx_HAL_Driver/Src/stm32f1xx_hal_can.c ****             the HAL_CAN_RxFifo0MsgPendingCallback could be implemented in the
2219:Drivers/STM32F1xx_HAL_Driver/Src/stm32f1xx_hal_can.c ****             user file
2220:Drivers/STM32F1xx_HAL_Driver/Src/stm32f1xx_hal_can.c ****    */
2221:Drivers/STM32F1xx_HAL_Driver/Src/stm32f1xx_hal_can.c **** }
 2224              		.loc 1 2221 1 is_stmt 0 view .LVU723
 2225 0000 7047     		bx	lr
 2226              		.cfi_endproc
 2227              	.LFE91:
 2229              		.section	.text.HAL_CAN_RxFifo0FullCallback,"ax",%progbits
 2230              		.align	1
 2231              		.weak	HAL_CAN_RxFifo0FullCallback
 2232              		.syntax unified
 2233              		.thumb
 2234              		.thumb_func
 2236              	HAL_CAN_RxFifo0FullCallback:
 2237              	.LVL178:
 2238              	.LFB92:
2222:Drivers/STM32F1xx_HAL_Driver/Src/stm32f1xx_hal_can.c **** 
2223:Drivers/STM32F1xx_HAL_Driver/Src/stm32f1xx_hal_can.c **** /**
2224:Drivers/STM32F1xx_HAL_Driver/Src/stm32f1xx_hal_can.c ****   * @brief  Rx FIFO 0 full callback.
2225:Drivers/STM32F1xx_HAL_Driver/Src/stm32f1xx_hal_can.c ****   * @param  hcan pointer to a CAN_HandleTypeDef structure that contains
2226:Drivers/STM32F1xx_HAL_Driver/Src/stm32f1xx_hal_can.c ****   *         the configuration information for the specified CAN.
2227:Drivers/STM32F1xx_HAL_Driver/Src/stm32f1xx_hal_can.c ****   * @retval None
2228:Drivers/STM32F1xx_HAL_Driver/Src/stm32f1xx_hal_can.c ****   */
2229:Drivers/STM32F1xx_HAL_Driver/Src/stm32f1xx_hal_can.c **** __weak void HAL_CAN_RxFifo0FullCallback(CAN_HandleTypeDef *hcan)
2230:Drivers/STM32F1xx_HAL_Driver/Src/stm32f1xx_hal_can.c **** {
 2239              		.loc 1 2230 1 is_stmt 1 view -0
 2240              		.cfi_startproc
 2241              		@ args = 0, pretend = 0, frame = 0
 2242              		@ frame_needed = 0, uses_anonymous_args = 0
 2243              		@ link register save eliminated.
2231:Drivers/STM32F1xx_HAL_Driver/Src/stm32f1xx_hal_can.c ****   /* Prevent unused argument(s) compilation warning */
2232:Drivers/STM32F1xx_HAL_Driver/Src/stm32f1xx_hal_can.c ****   UNUSED(hcan);
ARM GAS  /tmp/cc1LZDaw.s 			page 102


 2244              		.loc 1 2232 3 view .LVU725
2233:Drivers/STM32F1xx_HAL_Driver/Src/stm32f1xx_hal_can.c **** 
2234:Drivers/STM32F1xx_HAL_Driver/Src/stm32f1xx_hal_can.c ****   /* NOTE : This function Should not be modified, when the callback is needed,
2235:Drivers/STM32F1xx_HAL_Driver/Src/stm32f1xx_hal_can.c ****             the HAL_CAN_RxFifo0FullCallback could be implemented in the user
2236:Drivers/STM32F1xx_HAL_Driver/Src/stm32f1xx_hal_can.c ****             file
2237:Drivers/STM32F1xx_HAL_Driver/Src/stm32f1xx_hal_can.c ****    */
2238:Drivers/STM32F1xx_HAL_Driver/Src/stm32f1xx_hal_can.c **** }
 2245              		.loc 1 2238 1 is_stmt 0 view .LVU726
 2246 0000 7047     		bx	lr
 2247              		.cfi_endproc
 2248              	.LFE92:
 2250              		.section	.text.HAL_CAN_RxFifo1MsgPendingCallback,"ax",%progbits
 2251              		.align	1
 2252              		.weak	HAL_CAN_RxFifo1MsgPendingCallback
 2253              		.syntax unified
 2254              		.thumb
 2255              		.thumb_func
 2257              	HAL_CAN_RxFifo1MsgPendingCallback:
 2258              	.LVL179:
 2259              	.LFB93:
2239:Drivers/STM32F1xx_HAL_Driver/Src/stm32f1xx_hal_can.c **** 
2240:Drivers/STM32F1xx_HAL_Driver/Src/stm32f1xx_hal_can.c **** /**
2241:Drivers/STM32F1xx_HAL_Driver/Src/stm32f1xx_hal_can.c ****   * @brief  Rx FIFO 1 message pending callback.
2242:Drivers/STM32F1xx_HAL_Driver/Src/stm32f1xx_hal_can.c ****   * @param  hcan pointer to a CAN_HandleTypeDef structure that contains
2243:Drivers/STM32F1xx_HAL_Driver/Src/stm32f1xx_hal_can.c ****   *         the configuration information for the specified CAN.
2244:Drivers/STM32F1xx_HAL_Driver/Src/stm32f1xx_hal_can.c ****   * @retval None
2245:Drivers/STM32F1xx_HAL_Driver/Src/stm32f1xx_hal_can.c ****   */
2246:Drivers/STM32F1xx_HAL_Driver/Src/stm32f1xx_hal_can.c **** __weak void HAL_CAN_RxFifo1MsgPendingCallback(CAN_HandleTypeDef *hcan)
2247:Drivers/STM32F1xx_HAL_Driver/Src/stm32f1xx_hal_can.c **** {
 2260              		.loc 1 2247 1 is_stmt 1 view -0
 2261              		.cfi_startproc
 2262              		@ args = 0, pretend = 0, frame = 0
 2263              		@ frame_needed = 0, uses_anonymous_args = 0
 2264              		@ link register save eliminated.
2248:Drivers/STM32F1xx_HAL_Driver/Src/stm32f1xx_hal_can.c ****   /* Prevent unused argument(s) compilation warning */
2249:Drivers/STM32F1xx_HAL_Driver/Src/stm32f1xx_hal_can.c ****   UNUSED(hcan);
 2265              		.loc 1 2249 3 view .LVU728
2250:Drivers/STM32F1xx_HAL_Driver/Src/stm32f1xx_hal_can.c **** 
2251:Drivers/STM32F1xx_HAL_Driver/Src/stm32f1xx_hal_can.c ****   /* NOTE : This function Should not be modified, when the callback is needed,
2252:Drivers/STM32F1xx_HAL_Driver/Src/stm32f1xx_hal_can.c ****             the HAL_CAN_RxFifo1MsgPendingCallback could be implemented in the
2253:Drivers/STM32F1xx_HAL_Driver/Src/stm32f1xx_hal_can.c ****             user file
2254:Drivers/STM32F1xx_HAL_Driver/Src/stm32f1xx_hal_can.c ****    */
2255:Drivers/STM32F1xx_HAL_Driver/Src/stm32f1xx_hal_can.c **** }
 2266              		.loc 1 2255 1 is_stmt 0 view .LVU729
 2267 0000 7047     		bx	lr
 2268              		.cfi_endproc
 2269              	.LFE93:
 2271              		.section	.text.HAL_CAN_RxFifo1FullCallback,"ax",%progbits
 2272              		.align	1
 2273              		.weak	HAL_CAN_RxFifo1FullCallback
 2274              		.syntax unified
 2275              		.thumb
 2276              		.thumb_func
 2278              	HAL_CAN_RxFifo1FullCallback:
 2279              	.LVL180:
 2280              	.LFB94:
2256:Drivers/STM32F1xx_HAL_Driver/Src/stm32f1xx_hal_can.c **** 
ARM GAS  /tmp/cc1LZDaw.s 			page 103


2257:Drivers/STM32F1xx_HAL_Driver/Src/stm32f1xx_hal_can.c **** /**
2258:Drivers/STM32F1xx_HAL_Driver/Src/stm32f1xx_hal_can.c ****   * @brief  Rx FIFO 1 full callback.
2259:Drivers/STM32F1xx_HAL_Driver/Src/stm32f1xx_hal_can.c ****   * @param  hcan pointer to a CAN_HandleTypeDef structure that contains
2260:Drivers/STM32F1xx_HAL_Driver/Src/stm32f1xx_hal_can.c ****   *         the configuration information for the specified CAN.
2261:Drivers/STM32F1xx_HAL_Driver/Src/stm32f1xx_hal_can.c ****   * @retval None
2262:Drivers/STM32F1xx_HAL_Driver/Src/stm32f1xx_hal_can.c ****   */
2263:Drivers/STM32F1xx_HAL_Driver/Src/stm32f1xx_hal_can.c **** __weak void HAL_CAN_RxFifo1FullCallback(CAN_HandleTypeDef *hcan)
2264:Drivers/STM32F1xx_HAL_Driver/Src/stm32f1xx_hal_can.c **** {
 2281              		.loc 1 2264 1 is_stmt 1 view -0
 2282              		.cfi_startproc
 2283              		@ args = 0, pretend = 0, frame = 0
 2284              		@ frame_needed = 0, uses_anonymous_args = 0
 2285              		@ link register save eliminated.
2265:Drivers/STM32F1xx_HAL_Driver/Src/stm32f1xx_hal_can.c ****   /* Prevent unused argument(s) compilation warning */
2266:Drivers/STM32F1xx_HAL_Driver/Src/stm32f1xx_hal_can.c ****   UNUSED(hcan);
 2286              		.loc 1 2266 3 view .LVU731
2267:Drivers/STM32F1xx_HAL_Driver/Src/stm32f1xx_hal_can.c **** 
2268:Drivers/STM32F1xx_HAL_Driver/Src/stm32f1xx_hal_can.c ****   /* NOTE : This function Should not be modified, when the callback is needed,
2269:Drivers/STM32F1xx_HAL_Driver/Src/stm32f1xx_hal_can.c ****             the HAL_CAN_RxFifo1FullCallback could be implemented in the user
2270:Drivers/STM32F1xx_HAL_Driver/Src/stm32f1xx_hal_can.c ****             file
2271:Drivers/STM32F1xx_HAL_Driver/Src/stm32f1xx_hal_can.c ****    */
2272:Drivers/STM32F1xx_HAL_Driver/Src/stm32f1xx_hal_can.c **** }
 2287              		.loc 1 2272 1 is_stmt 0 view .LVU732
 2288 0000 7047     		bx	lr
 2289              		.cfi_endproc
 2290              	.LFE94:
 2292              		.section	.text.HAL_CAN_SleepCallback,"ax",%progbits
 2293              		.align	1
 2294              		.weak	HAL_CAN_SleepCallback
 2295              		.syntax unified
 2296              		.thumb
 2297              		.thumb_func
 2299              	HAL_CAN_SleepCallback:
 2300              	.LVL181:
 2301              	.LFB95:
2273:Drivers/STM32F1xx_HAL_Driver/Src/stm32f1xx_hal_can.c **** 
2274:Drivers/STM32F1xx_HAL_Driver/Src/stm32f1xx_hal_can.c **** /**
2275:Drivers/STM32F1xx_HAL_Driver/Src/stm32f1xx_hal_can.c ****   * @brief  Sleep callback.
2276:Drivers/STM32F1xx_HAL_Driver/Src/stm32f1xx_hal_can.c ****   * @param  hcan pointer to a CAN_HandleTypeDef structure that contains
2277:Drivers/STM32F1xx_HAL_Driver/Src/stm32f1xx_hal_can.c ****   *         the configuration information for the specified CAN.
2278:Drivers/STM32F1xx_HAL_Driver/Src/stm32f1xx_hal_can.c ****   * @retval None
2279:Drivers/STM32F1xx_HAL_Driver/Src/stm32f1xx_hal_can.c ****   */
2280:Drivers/STM32F1xx_HAL_Driver/Src/stm32f1xx_hal_can.c **** __weak void HAL_CAN_SleepCallback(CAN_HandleTypeDef *hcan)
2281:Drivers/STM32F1xx_HAL_Driver/Src/stm32f1xx_hal_can.c **** {
 2302              		.loc 1 2281 1 is_stmt 1 view -0
 2303              		.cfi_startproc
 2304              		@ args = 0, pretend = 0, frame = 0
 2305              		@ frame_needed = 0, uses_anonymous_args = 0
 2306              		@ link register save eliminated.
2282:Drivers/STM32F1xx_HAL_Driver/Src/stm32f1xx_hal_can.c ****   /* Prevent unused argument(s) compilation warning */
2283:Drivers/STM32F1xx_HAL_Driver/Src/stm32f1xx_hal_can.c ****   UNUSED(hcan);
 2307              		.loc 1 2283 3 view .LVU734
2284:Drivers/STM32F1xx_HAL_Driver/Src/stm32f1xx_hal_can.c **** 
2285:Drivers/STM32F1xx_HAL_Driver/Src/stm32f1xx_hal_can.c ****   /* NOTE : This function Should not be modified, when the callback is needed,
2286:Drivers/STM32F1xx_HAL_Driver/Src/stm32f1xx_hal_can.c ****             the HAL_CAN_SleepCallback could be implemented in the user file
2287:Drivers/STM32F1xx_HAL_Driver/Src/stm32f1xx_hal_can.c ****    */
2288:Drivers/STM32F1xx_HAL_Driver/Src/stm32f1xx_hal_can.c **** }
ARM GAS  /tmp/cc1LZDaw.s 			page 104


 2308              		.loc 1 2288 1 is_stmt 0 view .LVU735
 2309 0000 7047     		bx	lr
 2310              		.cfi_endproc
 2311              	.LFE95:
 2313              		.section	.text.HAL_CAN_WakeUpFromRxMsgCallback,"ax",%progbits
 2314              		.align	1
 2315              		.weak	HAL_CAN_WakeUpFromRxMsgCallback
 2316              		.syntax unified
 2317              		.thumb
 2318              		.thumb_func
 2320              	HAL_CAN_WakeUpFromRxMsgCallback:
 2321              	.LVL182:
 2322              	.LFB96:
2289:Drivers/STM32F1xx_HAL_Driver/Src/stm32f1xx_hal_can.c **** 
2290:Drivers/STM32F1xx_HAL_Driver/Src/stm32f1xx_hal_can.c **** /**
2291:Drivers/STM32F1xx_HAL_Driver/Src/stm32f1xx_hal_can.c ****   * @brief  WakeUp from Rx message callback.
2292:Drivers/STM32F1xx_HAL_Driver/Src/stm32f1xx_hal_can.c ****   * @param  hcan pointer to a CAN_HandleTypeDef structure that contains
2293:Drivers/STM32F1xx_HAL_Driver/Src/stm32f1xx_hal_can.c ****   *         the configuration information for the specified CAN.
2294:Drivers/STM32F1xx_HAL_Driver/Src/stm32f1xx_hal_can.c ****   * @retval None
2295:Drivers/STM32F1xx_HAL_Driver/Src/stm32f1xx_hal_can.c ****   */
2296:Drivers/STM32F1xx_HAL_Driver/Src/stm32f1xx_hal_can.c **** __weak void HAL_CAN_WakeUpFromRxMsgCallback(CAN_HandleTypeDef *hcan)
2297:Drivers/STM32F1xx_HAL_Driver/Src/stm32f1xx_hal_can.c **** {
 2323              		.loc 1 2297 1 is_stmt 1 view -0
 2324              		.cfi_startproc
 2325              		@ args = 0, pretend = 0, frame = 0
 2326              		@ frame_needed = 0, uses_anonymous_args = 0
 2327              		@ link register save eliminated.
2298:Drivers/STM32F1xx_HAL_Driver/Src/stm32f1xx_hal_can.c ****   /* Prevent unused argument(s) compilation warning */
2299:Drivers/STM32F1xx_HAL_Driver/Src/stm32f1xx_hal_can.c ****   UNUSED(hcan);
 2328              		.loc 1 2299 3 view .LVU737
2300:Drivers/STM32F1xx_HAL_Driver/Src/stm32f1xx_hal_can.c **** 
2301:Drivers/STM32F1xx_HAL_Driver/Src/stm32f1xx_hal_can.c ****   /* NOTE : This function Should not be modified, when the callback is needed,
2302:Drivers/STM32F1xx_HAL_Driver/Src/stm32f1xx_hal_can.c ****             the HAL_CAN_WakeUpFromRxMsgCallback could be implemented in the
2303:Drivers/STM32F1xx_HAL_Driver/Src/stm32f1xx_hal_can.c ****             user file
2304:Drivers/STM32F1xx_HAL_Driver/Src/stm32f1xx_hal_can.c ****    */
2305:Drivers/STM32F1xx_HAL_Driver/Src/stm32f1xx_hal_can.c **** }
 2329              		.loc 1 2305 1 is_stmt 0 view .LVU738
 2330 0000 7047     		bx	lr
 2331              		.cfi_endproc
 2332              	.LFE96:
 2334              		.section	.text.HAL_CAN_ErrorCallback,"ax",%progbits
 2335              		.align	1
 2336              		.weak	HAL_CAN_ErrorCallback
 2337              		.syntax unified
 2338              		.thumb
 2339              		.thumb_func
 2341              	HAL_CAN_ErrorCallback:
 2342              	.LVL183:
 2343              	.LFB97:
2306:Drivers/STM32F1xx_HAL_Driver/Src/stm32f1xx_hal_can.c **** 
2307:Drivers/STM32F1xx_HAL_Driver/Src/stm32f1xx_hal_can.c **** /**
2308:Drivers/STM32F1xx_HAL_Driver/Src/stm32f1xx_hal_can.c ****   * @brief  Error CAN callback.
2309:Drivers/STM32F1xx_HAL_Driver/Src/stm32f1xx_hal_can.c ****   * @param  hcan pointer to a CAN_HandleTypeDef structure that contains
2310:Drivers/STM32F1xx_HAL_Driver/Src/stm32f1xx_hal_can.c ****   *         the configuration information for the specified CAN.
2311:Drivers/STM32F1xx_HAL_Driver/Src/stm32f1xx_hal_can.c ****   * @retval None
2312:Drivers/STM32F1xx_HAL_Driver/Src/stm32f1xx_hal_can.c ****   */
2313:Drivers/STM32F1xx_HAL_Driver/Src/stm32f1xx_hal_can.c **** __weak void HAL_CAN_ErrorCallback(CAN_HandleTypeDef *hcan)
ARM GAS  /tmp/cc1LZDaw.s 			page 105


2314:Drivers/STM32F1xx_HAL_Driver/Src/stm32f1xx_hal_can.c **** {
 2344              		.loc 1 2314 1 is_stmt 1 view -0
 2345              		.cfi_startproc
 2346              		@ args = 0, pretend = 0, frame = 0
 2347              		@ frame_needed = 0, uses_anonymous_args = 0
 2348              		@ link register save eliminated.
2315:Drivers/STM32F1xx_HAL_Driver/Src/stm32f1xx_hal_can.c ****   /* Prevent unused argument(s) compilation warning */
2316:Drivers/STM32F1xx_HAL_Driver/Src/stm32f1xx_hal_can.c ****   UNUSED(hcan);
 2349              		.loc 1 2316 3 view .LVU740
2317:Drivers/STM32F1xx_HAL_Driver/Src/stm32f1xx_hal_can.c **** 
2318:Drivers/STM32F1xx_HAL_Driver/Src/stm32f1xx_hal_can.c ****   /* NOTE : This function Should not be modified, when the callback is needed,
2319:Drivers/STM32F1xx_HAL_Driver/Src/stm32f1xx_hal_can.c ****             the HAL_CAN_ErrorCallback could be implemented in the user file
2320:Drivers/STM32F1xx_HAL_Driver/Src/stm32f1xx_hal_can.c ****    */
2321:Drivers/STM32F1xx_HAL_Driver/Src/stm32f1xx_hal_can.c **** }
 2350              		.loc 1 2321 1 is_stmt 0 view .LVU741
 2351 0000 7047     		bx	lr
 2352              		.cfi_endproc
 2353              	.LFE97:
 2355              		.section	.text.HAL_CAN_IRQHandler,"ax",%progbits
 2356              		.align	1
 2357              		.global	HAL_CAN_IRQHandler
 2358              		.syntax unified
 2359              		.thumb
 2360              		.thumb_func
 2362              	HAL_CAN_IRQHandler:
 2363              	.LVL184:
 2364              	.LFB84:
1700:Drivers/STM32F1xx_HAL_Driver/Src/stm32f1xx_hal_can.c ****   uint32_t errorcode = HAL_CAN_ERROR_NONE;
 2365              		.loc 1 1700 1 is_stmt 1 view -0
 2366              		.cfi_startproc
 2367              		@ args = 0, pretend = 0, frame = 0
 2368              		@ frame_needed = 0, uses_anonymous_args = 0
1700:Drivers/STM32F1xx_HAL_Driver/Src/stm32f1xx_hal_can.c ****   uint32_t errorcode = HAL_CAN_ERROR_NONE;
 2369              		.loc 1 1700 1 is_stmt 0 view .LVU743
 2370 0000 2DE9F84F 		push	{r3, r4, r5, r6, r7, r8, r9, r10, fp, lr}
 2371              	.LCFI14:
 2372              		.cfi_def_cfa_offset 40
 2373              		.cfi_offset 3, -40
 2374              		.cfi_offset 4, -36
 2375              		.cfi_offset 5, -32
 2376              		.cfi_offset 6, -28
 2377              		.cfi_offset 7, -24
 2378              		.cfi_offset 8, -20
 2379              		.cfi_offset 9, -16
 2380              		.cfi_offset 10, -12
 2381              		.cfi_offset 11, -8
 2382              		.cfi_offset 14, -4
 2383 0004 0546     		mov	r5, r0
1701:Drivers/STM32F1xx_HAL_Driver/Src/stm32f1xx_hal_can.c ****   uint32_t interrupts = READ_REG(hcan->Instance->IER);
 2384              		.loc 1 1701 3 is_stmt 1 view .LVU744
 2385              	.LVL185:
1702:Drivers/STM32F1xx_HAL_Driver/Src/stm32f1xx_hal_can.c ****   uint32_t msrflags = READ_REG(hcan->Instance->MSR);
 2386              		.loc 1 1702 3 view .LVU745
1702:Drivers/STM32F1xx_HAL_Driver/Src/stm32f1xx_hal_can.c ****   uint32_t msrflags = READ_REG(hcan->Instance->MSR);
 2387              		.loc 1 1702 25 is_stmt 0 view .LVU746
 2388 0006 0368     		ldr	r3, [r0]
1702:Drivers/STM32F1xx_HAL_Driver/Src/stm32f1xx_hal_can.c ****   uint32_t msrflags = READ_REG(hcan->Instance->MSR);
ARM GAS  /tmp/cc1LZDaw.s 			page 106


 2389              		.loc 1 1702 12 view .LVU747
 2390 0008 5C69     		ldr	r4, [r3, #20]
 2391              	.LVL186:
1703:Drivers/STM32F1xx_HAL_Driver/Src/stm32f1xx_hal_can.c ****   uint32_t tsrflags = READ_REG(hcan->Instance->TSR);
 2392              		.loc 1 1703 3 is_stmt 1 view .LVU748
1703:Drivers/STM32F1xx_HAL_Driver/Src/stm32f1xx_hal_can.c ****   uint32_t tsrflags = READ_REG(hcan->Instance->TSR);
 2393              		.loc 1 1703 12 is_stmt 0 view .LVU749
 2394 000a D3F80480 		ldr	r8, [r3, #4]
 2395              	.LVL187:
1704:Drivers/STM32F1xx_HAL_Driver/Src/stm32f1xx_hal_can.c ****   uint32_t rf0rflags = READ_REG(hcan->Instance->RF0R);
 2396              		.loc 1 1704 3 is_stmt 1 view .LVU750
1704:Drivers/STM32F1xx_HAL_Driver/Src/stm32f1xx_hal_can.c ****   uint32_t rf0rflags = READ_REG(hcan->Instance->RF0R);
 2397              		.loc 1 1704 12 is_stmt 0 view .LVU751
 2398 000e 9F68     		ldr	r7, [r3, #8]
 2399              	.LVL188:
1705:Drivers/STM32F1xx_HAL_Driver/Src/stm32f1xx_hal_can.c ****   uint32_t rf1rflags = READ_REG(hcan->Instance->RF1R);
 2400              		.loc 1 1705 3 is_stmt 1 view .LVU752
1705:Drivers/STM32F1xx_HAL_Driver/Src/stm32f1xx_hal_can.c ****   uint32_t rf1rflags = READ_REG(hcan->Instance->RF1R);
 2401              		.loc 1 1705 12 is_stmt 0 view .LVU753
 2402 0010 D3F80CA0 		ldr	r10, [r3, #12]
 2403              	.LVL189:
1706:Drivers/STM32F1xx_HAL_Driver/Src/stm32f1xx_hal_can.c ****   uint32_t esrflags = READ_REG(hcan->Instance->ESR);
 2404              		.loc 1 1706 3 is_stmt 1 view .LVU754
1706:Drivers/STM32F1xx_HAL_Driver/Src/stm32f1xx_hal_can.c ****   uint32_t esrflags = READ_REG(hcan->Instance->ESR);
 2405              		.loc 1 1706 12 is_stmt 0 view .LVU755
 2406 0014 D3F81090 		ldr	r9, [r3, #16]
 2407              	.LVL190:
1707:Drivers/STM32F1xx_HAL_Driver/Src/stm32f1xx_hal_can.c **** 
 2408              		.loc 1 1707 3 is_stmt 1 view .LVU756
1707:Drivers/STM32F1xx_HAL_Driver/Src/stm32f1xx_hal_can.c **** 
 2409              		.loc 1 1707 12 is_stmt 0 view .LVU757
 2410 0018 D3F818B0 		ldr	fp, [r3, #24]
 2411              	.LVL191:
1710:Drivers/STM32F1xx_HAL_Driver/Src/stm32f1xx_hal_can.c ****   {
 2412              		.loc 1 1710 3 is_stmt 1 view .LVU758
1710:Drivers/STM32F1xx_HAL_Driver/Src/stm32f1xx_hal_can.c ****   {
 2413              		.loc 1 1710 6 is_stmt 0 view .LVU759
 2414 001c 14F00106 		ands	r6, r4, #1
 2415 0020 3BD0     		beq	.L169
1713:Drivers/STM32F1xx_HAL_Driver/Src/stm32f1xx_hal_can.c ****     {
 2416              		.loc 1 1713 5 is_stmt 1 view .LVU760
1713:Drivers/STM32F1xx_HAL_Driver/Src/stm32f1xx_hal_can.c ****     {
 2417              		.loc 1 1713 8 is_stmt 0 view .LVU761
 2418 0022 17F00106 		ands	r6, r7, #1
 2419 0026 16D0     		beq	.L170
1716:Drivers/STM32F1xx_HAL_Driver/Src/stm32f1xx_hal_can.c **** 
 2420              		.loc 1 1716 7 is_stmt 1 view .LVU762
 2421 0028 0122     		movs	r2, #1
 2422 002a 9A60     		str	r2, [r3, #8]
1718:Drivers/STM32F1xx_HAL_Driver/Src/stm32f1xx_hal_can.c ****       {
 2423              		.loc 1 1718 7 view .LVU763
1718:Drivers/STM32F1xx_HAL_Driver/Src/stm32f1xx_hal_can.c ****       {
 2424              		.loc 1 1718 10 is_stmt 0 view .LVU764
 2425 002c 17F0020F 		tst	r7, #2
 2426 0030 08D1     		bne	.L204
1731:Drivers/STM32F1xx_HAL_Driver/Src/stm32f1xx_hal_can.c ****         {
 2427              		.loc 1 1731 9 is_stmt 1 view .LVU765
ARM GAS  /tmp/cc1LZDaw.s 			page 107


1731:Drivers/STM32F1xx_HAL_Driver/Src/stm32f1xx_hal_can.c ****         {
 2428              		.loc 1 1731 12 is_stmt 0 view .LVU766
 2429 0032 17F0040F 		tst	r7, #4
 2430 0036 0CD1     		bne	.L201
1736:Drivers/STM32F1xx_HAL_Driver/Src/stm32f1xx_hal_can.c ****         {
 2431              		.loc 1 1736 14 is_stmt 1 view .LVU767
1736:Drivers/STM32F1xx_HAL_Driver/Src/stm32f1xx_hal_can.c ****         {
 2432              		.loc 1 1736 17 is_stmt 0 view .LVU768
 2433 0038 17F00806 		ands	r6, r7, #8
 2434 003c 06D0     		beq	.L205
1739:Drivers/STM32F1xx_HAL_Driver/Src/stm32f1xx_hal_can.c ****         }
 2435              		.loc 1 1739 21 view .LVU769
 2436 003e 4FF48056 		mov	r6, #4096
 2437 0042 08E0     		b	.L170
 2438              	.L204:
1726:Drivers/STM32F1xx_HAL_Driver/Src/stm32f1xx_hal_can.c **** #endif /* USE_HAL_CAN_REGISTER_CALLBACKS */
 2439              		.loc 1 1726 9 is_stmt 1 view .LVU770
 2440 0044 FFF7FEFF 		bl	HAL_CAN_TxMailbox0CompleteCallback
 2441              	.LVL192:
1701:Drivers/STM32F1xx_HAL_Driver/Src/stm32f1xx_hal_can.c ****   uint32_t interrupts = READ_REG(hcan->Instance->IER);
 2442              		.loc 1 1701 12 is_stmt 0 view .LVU771
 2443 0048 0026     		movs	r6, #0
 2444 004a 04E0     		b	.L170
 2445              	.LVL193:
 2446              	.L205:
1749:Drivers/STM32F1xx_HAL_Driver/Src/stm32f1xx_hal_can.c **** #endif /* USE_HAL_CAN_REGISTER_CALLBACKS */
 2447              		.loc 1 1749 11 is_stmt 1 view .LVU772
 2448 004c FFF7FEFF 		bl	HAL_CAN_TxMailbox0AbortCallback
 2449              	.LVL194:
1749:Drivers/STM32F1xx_HAL_Driver/Src/stm32f1xx_hal_can.c **** #endif /* USE_HAL_CAN_REGISTER_CALLBACKS */
 2450              		.loc 1 1749 11 is_stmt 0 view .LVU773
 2451 0050 01E0     		b	.L170
 2452              	.LVL195:
 2453              	.L201:
1734:Drivers/STM32F1xx_HAL_Driver/Src/stm32f1xx_hal_can.c ****         }
 2454              		.loc 1 1734 21 view .LVU774
 2455 0052 4FF40066 		mov	r6, #2048
 2456              	.LVL196:
 2457              	.L170:
1756:Drivers/STM32F1xx_HAL_Driver/Src/stm32f1xx_hal_can.c ****     {
 2458              		.loc 1 1756 5 is_stmt 1 view .LVU775
1756:Drivers/STM32F1xx_HAL_Driver/Src/stm32f1xx_hal_can.c ****     {
 2459              		.loc 1 1756 8 is_stmt 0 view .LVU776
 2460 0056 17F4807F 		tst	r7, #256
 2461 005a 0DD0     		beq	.L172
1759:Drivers/STM32F1xx_HAL_Driver/Src/stm32f1xx_hal_can.c **** 
 2462              		.loc 1 1759 7 is_stmt 1 view .LVU777
 2463 005c 2B68     		ldr	r3, [r5]
 2464 005e 4FF48072 		mov	r2, #256
 2465 0062 9A60     		str	r2, [r3, #8]
1761:Drivers/STM32F1xx_HAL_Driver/Src/stm32f1xx_hal_can.c ****       {
 2466              		.loc 1 1761 7 view .LVU778
1761:Drivers/STM32F1xx_HAL_Driver/Src/stm32f1xx_hal_can.c ****       {
 2467              		.loc 1 1761 10 is_stmt 0 view .LVU779
 2468 0064 17F4007F 		tst	r7, #512
 2469 0068 40F09680 		bne	.L206
1774:Drivers/STM32F1xx_HAL_Driver/Src/stm32f1xx_hal_can.c ****         {
ARM GAS  /tmp/cc1LZDaw.s 			page 108


 2470              		.loc 1 1774 9 is_stmt 1 view .LVU780
1774:Drivers/STM32F1xx_HAL_Driver/Src/stm32f1xx_hal_can.c ****         {
 2471              		.loc 1 1774 12 is_stmt 0 view .LVU781
 2472 006c 17F4806F 		tst	r7, #1024
 2473 0070 00F09680 		beq	.L174
1777:Drivers/STM32F1xx_HAL_Driver/Src/stm32f1xx_hal_can.c ****         }
 2474              		.loc 1 1777 11 is_stmt 1 view .LVU782
1777:Drivers/STM32F1xx_HAL_Driver/Src/stm32f1xx_hal_can.c ****         }
 2475              		.loc 1 1777 21 is_stmt 0 view .LVU783
 2476 0074 46F40056 		orr	r6, r6, #8192
 2477              	.LVL197:
 2478              	.L172:
1799:Drivers/STM32F1xx_HAL_Driver/Src/stm32f1xx_hal_can.c ****     {
 2479              		.loc 1 1799 5 is_stmt 1 view .LVU784
1799:Drivers/STM32F1xx_HAL_Driver/Src/stm32f1xx_hal_can.c ****     {
 2480              		.loc 1 1799 8 is_stmt 0 view .LVU785
 2481 0078 17F4803F 		tst	r7, #65536
 2482 007c 0DD0     		beq	.L169
1802:Drivers/STM32F1xx_HAL_Driver/Src/stm32f1xx_hal_can.c **** 
 2483              		.loc 1 1802 7 is_stmt 1 view .LVU786
 2484 007e 2B68     		ldr	r3, [r5]
 2485 0080 4FF48032 		mov	r2, #65536
 2486 0084 9A60     		str	r2, [r3, #8]
1804:Drivers/STM32F1xx_HAL_Driver/Src/stm32f1xx_hal_can.c ****       {
 2487              		.loc 1 1804 7 view .LVU787
1804:Drivers/STM32F1xx_HAL_Driver/Src/stm32f1xx_hal_can.c ****       {
 2488              		.loc 1 1804 10 is_stmt 0 view .LVU788
 2489 0086 17F4003F 		tst	r7, #131072
 2490 008a 40F09380 		bne	.L207
1817:Drivers/STM32F1xx_HAL_Driver/Src/stm32f1xx_hal_can.c ****         {
 2491              		.loc 1 1817 9 is_stmt 1 view .LVU789
1817:Drivers/STM32F1xx_HAL_Driver/Src/stm32f1xx_hal_can.c ****         {
 2492              		.loc 1 1817 12 is_stmt 0 view .LVU790
 2493 008e 17F4802F 		tst	r7, #262144
 2494 0092 00F09380 		beq	.L177
1820:Drivers/STM32F1xx_HAL_Driver/Src/stm32f1xx_hal_can.c ****         }
 2495              		.loc 1 1820 11 is_stmt 1 view .LVU791
1820:Drivers/STM32F1xx_HAL_Driver/Src/stm32f1xx_hal_can.c ****         }
 2496              		.loc 1 1820 21 is_stmt 0 view .LVU792
 2497 0096 46F40046 		orr	r6, r6, #32768
 2498              	.LVL198:
 2499              	.L169:
1843:Drivers/STM32F1xx_HAL_Driver/Src/stm32f1xx_hal_can.c ****   {
 2500              		.loc 1 1843 3 is_stmt 1 view .LVU793
1843:Drivers/STM32F1xx_HAL_Driver/Src/stm32f1xx_hal_can.c ****   {
 2501              		.loc 1 1843 6 is_stmt 0 view .LVU794
 2502 009a 14F0080F 		tst	r4, #8
 2503 009e 07D0     		beq	.L179
1845:Drivers/STM32F1xx_HAL_Driver/Src/stm32f1xx_hal_can.c ****     {
 2504              		.loc 1 1845 5 is_stmt 1 view .LVU795
1845:Drivers/STM32F1xx_HAL_Driver/Src/stm32f1xx_hal_can.c ****     {
 2505              		.loc 1 1845 8 is_stmt 0 view .LVU796
 2506 00a0 1AF0100F 		tst	r10, #16
 2507 00a4 04D0     		beq	.L179
1848:Drivers/STM32F1xx_HAL_Driver/Src/stm32f1xx_hal_can.c **** 
 2508              		.loc 1 1848 7 is_stmt 1 view .LVU797
1848:Drivers/STM32F1xx_HAL_Driver/Src/stm32f1xx_hal_can.c **** 
ARM GAS  /tmp/cc1LZDaw.s 			page 109


 2509              		.loc 1 1848 17 is_stmt 0 view .LVU798
 2510 00a6 46F40076 		orr	r6, r6, #512
 2511              	.LVL199:
1851:Drivers/STM32F1xx_HAL_Driver/Src/stm32f1xx_hal_can.c ****     }
 2512              		.loc 1 1851 7 is_stmt 1 view .LVU799
 2513 00aa 2B68     		ldr	r3, [r5]
 2514 00ac 1022     		movs	r2, #16
 2515 00ae DA60     		str	r2, [r3, #12]
 2516              	.L179:
1856:Drivers/STM32F1xx_HAL_Driver/Src/stm32f1xx_hal_can.c ****   {
 2517              		.loc 1 1856 3 view .LVU800
1856:Drivers/STM32F1xx_HAL_Driver/Src/stm32f1xx_hal_can.c ****   {
 2518              		.loc 1 1856 6 is_stmt 0 view .LVU801
 2519 00b0 14F0040F 		tst	r4, #4
 2520 00b4 03D0     		beq	.L180
1858:Drivers/STM32F1xx_HAL_Driver/Src/stm32f1xx_hal_can.c ****     {
 2521              		.loc 1 1858 5 is_stmt 1 view .LVU802
1858:Drivers/STM32F1xx_HAL_Driver/Src/stm32f1xx_hal_can.c ****     {
 2522              		.loc 1 1858 8 is_stmt 0 view .LVU803
 2523 00b6 1AF0080F 		tst	r10, #8
 2524 00ba 40F08980 		bne	.L208
 2525              	.L180:
1875:Drivers/STM32F1xx_HAL_Driver/Src/stm32f1xx_hal_can.c ****   {
 2526              		.loc 1 1875 3 is_stmt 1 view .LVU804
1875:Drivers/STM32F1xx_HAL_Driver/Src/stm32f1xx_hal_can.c ****   {
 2527              		.loc 1 1875 6 is_stmt 0 view .LVU805
 2528 00be 14F0020F 		tst	r4, #2
 2529 00c2 05D0     		beq	.L181
1878:Drivers/STM32F1xx_HAL_Driver/Src/stm32f1xx_hal_can.c ****     {
 2530              		.loc 1 1878 5 is_stmt 1 view .LVU806
1878:Drivers/STM32F1xx_HAL_Driver/Src/stm32f1xx_hal_can.c ****     {
 2531              		.loc 1 1878 14 is_stmt 0 view .LVU807
 2532 00c4 2B68     		ldr	r3, [r5]
1878:Drivers/STM32F1xx_HAL_Driver/Src/stm32f1xx_hal_can.c ****     {
 2533              		.loc 1 1878 24 view .LVU808
 2534 00c6 DB68     		ldr	r3, [r3, #12]
1878:Drivers/STM32F1xx_HAL_Driver/Src/stm32f1xx_hal_can.c ****     {
 2535              		.loc 1 1878 8 view .LVU809
 2536 00c8 13F0030F 		tst	r3, #3
 2537 00cc 40F08780 		bne	.L209
 2538              	.L181:
1892:Drivers/STM32F1xx_HAL_Driver/Src/stm32f1xx_hal_can.c ****   {
 2539              		.loc 1 1892 3 is_stmt 1 view .LVU810
1892:Drivers/STM32F1xx_HAL_Driver/Src/stm32f1xx_hal_can.c ****   {
 2540              		.loc 1 1892 6 is_stmt 0 view .LVU811
 2541 00d0 14F0400F 		tst	r4, #64
 2542 00d4 07D0     		beq	.L182
1894:Drivers/STM32F1xx_HAL_Driver/Src/stm32f1xx_hal_can.c ****     {
 2543              		.loc 1 1894 5 is_stmt 1 view .LVU812
1894:Drivers/STM32F1xx_HAL_Driver/Src/stm32f1xx_hal_can.c ****     {
 2544              		.loc 1 1894 8 is_stmt 0 view .LVU813
 2545 00d6 19F0100F 		tst	r9, #16
 2546 00da 04D0     		beq	.L182
1897:Drivers/STM32F1xx_HAL_Driver/Src/stm32f1xx_hal_can.c **** 
 2547              		.loc 1 1897 7 is_stmt 1 view .LVU814
1897:Drivers/STM32F1xx_HAL_Driver/Src/stm32f1xx_hal_can.c **** 
 2548              		.loc 1 1897 17 is_stmt 0 view .LVU815
ARM GAS  /tmp/cc1LZDaw.s 			page 110


 2549 00dc 46F48066 		orr	r6, r6, #1024
 2550              	.LVL200:
1900:Drivers/STM32F1xx_HAL_Driver/Src/stm32f1xx_hal_can.c ****     }
 2551              		.loc 1 1900 7 is_stmt 1 view .LVU816
 2552 00e0 2B68     		ldr	r3, [r5]
 2553 00e2 1022     		movs	r2, #16
 2554 00e4 1A61     		str	r2, [r3, #16]
 2555              	.L182:
1905:Drivers/STM32F1xx_HAL_Driver/Src/stm32f1xx_hal_can.c ****   {
 2556              		.loc 1 1905 3 view .LVU817
1905:Drivers/STM32F1xx_HAL_Driver/Src/stm32f1xx_hal_can.c ****   {
 2557              		.loc 1 1905 6 is_stmt 0 view .LVU818
 2558 00e6 14F0200F 		tst	r4, #32
 2559 00ea 02D0     		beq	.L183
1907:Drivers/STM32F1xx_HAL_Driver/Src/stm32f1xx_hal_can.c ****     {
 2560              		.loc 1 1907 5 is_stmt 1 view .LVU819
1907:Drivers/STM32F1xx_HAL_Driver/Src/stm32f1xx_hal_can.c ****     {
 2561              		.loc 1 1907 8 is_stmt 0 view .LVU820
 2562 00ec 19F0080F 		tst	r9, #8
 2563 00f0 79D1     		bne	.L210
 2564              	.L183:
1924:Drivers/STM32F1xx_HAL_Driver/Src/stm32f1xx_hal_can.c ****   {
 2565              		.loc 1 1924 3 is_stmt 1 view .LVU821
1924:Drivers/STM32F1xx_HAL_Driver/Src/stm32f1xx_hal_can.c ****   {
 2566              		.loc 1 1924 6 is_stmt 0 view .LVU822
 2567 00f2 14F0100F 		tst	r4, #16
 2568 00f6 04D0     		beq	.L184
1927:Drivers/STM32F1xx_HAL_Driver/Src/stm32f1xx_hal_can.c ****     {
 2569              		.loc 1 1927 5 is_stmt 1 view .LVU823
1927:Drivers/STM32F1xx_HAL_Driver/Src/stm32f1xx_hal_can.c ****     {
 2570              		.loc 1 1927 14 is_stmt 0 view .LVU824
 2571 00f8 2B68     		ldr	r3, [r5]
1927:Drivers/STM32F1xx_HAL_Driver/Src/stm32f1xx_hal_can.c ****     {
 2572              		.loc 1 1927 24 view .LVU825
 2573 00fa 1B69     		ldr	r3, [r3, #16]
1927:Drivers/STM32F1xx_HAL_Driver/Src/stm32f1xx_hal_can.c ****     {
 2574              		.loc 1 1927 8 view .LVU826
 2575 00fc 13F0030F 		tst	r3, #3
 2576 0100 78D1     		bne	.L211
 2577              	.L184:
1941:Drivers/STM32F1xx_HAL_Driver/Src/stm32f1xx_hal_can.c ****   {
 2578              		.loc 1 1941 3 is_stmt 1 view .LVU827
1941:Drivers/STM32F1xx_HAL_Driver/Src/stm32f1xx_hal_can.c ****   {
 2579              		.loc 1 1941 6 is_stmt 0 view .LVU828
 2580 0102 14F4003F 		tst	r4, #131072
 2581 0106 02D0     		beq	.L185
1943:Drivers/STM32F1xx_HAL_Driver/Src/stm32f1xx_hal_can.c ****     {
 2582              		.loc 1 1943 5 is_stmt 1 view .LVU829
1943:Drivers/STM32F1xx_HAL_Driver/Src/stm32f1xx_hal_can.c ****     {
 2583              		.loc 1 1943 8 is_stmt 0 view .LVU830
 2584 0108 18F0100F 		tst	r8, #16
 2585 010c 76D1     		bne	.L212
 2586              	.L185:
1960:Drivers/STM32F1xx_HAL_Driver/Src/stm32f1xx_hal_can.c ****   {
 2587              		.loc 1 1960 3 is_stmt 1 view .LVU831
1960:Drivers/STM32F1xx_HAL_Driver/Src/stm32f1xx_hal_can.c ****   {
 2588              		.loc 1 1960 6 is_stmt 0 view .LVU832
ARM GAS  /tmp/cc1LZDaw.s 			page 111


 2589 010e 14F4803F 		tst	r4, #65536
 2590 0112 02D0     		beq	.L186
1962:Drivers/STM32F1xx_HAL_Driver/Src/stm32f1xx_hal_can.c ****     {
 2591              		.loc 1 1962 5 is_stmt 1 view .LVU833
1962:Drivers/STM32F1xx_HAL_Driver/Src/stm32f1xx_hal_can.c ****     {
 2592              		.loc 1 1962 8 is_stmt 0 view .LVU834
 2593 0114 18F0080F 		tst	r8, #8
 2594 0118 77D1     		bne	.L213
 2595              	.L186:
1979:Drivers/STM32F1xx_HAL_Driver/Src/stm32f1xx_hal_can.c ****   {
 2596              		.loc 1 1979 3 is_stmt 1 view .LVU835
1979:Drivers/STM32F1xx_HAL_Driver/Src/stm32f1xx_hal_can.c ****   {
 2597              		.loc 1 1979 6 is_stmt 0 view .LVU836
 2598 011a 14F4004F 		tst	r4, #32768
 2599 011e 37D0     		beq	.L187
1981:Drivers/STM32F1xx_HAL_Driver/Src/stm32f1xx_hal_can.c ****     {
 2600              		.loc 1 1981 5 is_stmt 1 view .LVU837
1981:Drivers/STM32F1xx_HAL_Driver/Src/stm32f1xx_hal_can.c ****     {
 2601              		.loc 1 1981 8 is_stmt 0 view .LVU838
 2602 0120 18F0040F 		tst	r8, #4
 2603 0124 31D0     		beq	.L188
1984:Drivers/STM32F1xx_HAL_Driver/Src/stm32f1xx_hal_can.c ****           ((esrflags & CAN_ESR_EWGF) != 0U))
 2604              		.loc 1 1984 7 is_stmt 1 view .LVU839
1984:Drivers/STM32F1xx_HAL_Driver/Src/stm32f1xx_hal_can.c ****           ((esrflags & CAN_ESR_EWGF) != 0U))
 2605              		.loc 1 1984 10 is_stmt 0 view .LVU840
 2606 0126 14F4807F 		tst	r4, #256
 2607 012a 04D0     		beq	.L189
1984:Drivers/STM32F1xx_HAL_Driver/Src/stm32f1xx_hal_can.c ****           ((esrflags & CAN_ESR_EWGF) != 0U))
 2608              		.loc 1 1984 55 discriminator 1 view .LVU841
 2609 012c 1BF0010F 		tst	fp, #1
 2610 0130 01D0     		beq	.L189
1988:Drivers/STM32F1xx_HAL_Driver/Src/stm32f1xx_hal_can.c **** 
 2611              		.loc 1 1988 9 is_stmt 1 view .LVU842
1988:Drivers/STM32F1xx_HAL_Driver/Src/stm32f1xx_hal_can.c **** 
 2612              		.loc 1 1988 19 is_stmt 0 view .LVU843
 2613 0132 46F00106 		orr	r6, r6, #1
 2614              	.LVL201:
 2615              	.L189:
1994:Drivers/STM32F1xx_HAL_Driver/Src/stm32f1xx_hal_can.c ****           ((esrflags & CAN_ESR_EPVF) != 0U))
 2616              		.loc 1 1994 7 is_stmt 1 view .LVU844
1994:Drivers/STM32F1xx_HAL_Driver/Src/stm32f1xx_hal_can.c ****           ((esrflags & CAN_ESR_EPVF) != 0U))
 2617              		.loc 1 1994 10 is_stmt 0 view .LVU845
 2618 0136 14F4007F 		tst	r4, #512
 2619 013a 04D0     		beq	.L190
1994:Drivers/STM32F1xx_HAL_Driver/Src/stm32f1xx_hal_can.c ****           ((esrflags & CAN_ESR_EPVF) != 0U))
 2620              		.loc 1 1994 55 discriminator 1 view .LVU846
 2621 013c 1BF0020F 		tst	fp, #2
 2622 0140 01D0     		beq	.L190
1998:Drivers/STM32F1xx_HAL_Driver/Src/stm32f1xx_hal_can.c **** 
 2623              		.loc 1 1998 9 is_stmt 1 view .LVU847
1998:Drivers/STM32F1xx_HAL_Driver/Src/stm32f1xx_hal_can.c **** 
 2624              		.loc 1 1998 19 is_stmt 0 view .LVU848
 2625 0142 46F00206 		orr	r6, r6, #2
 2626              	.LVL202:
 2627              	.L190:
2004:Drivers/STM32F1xx_HAL_Driver/Src/stm32f1xx_hal_can.c ****           ((esrflags & CAN_ESR_BOFF) != 0U))
 2628              		.loc 1 2004 7 is_stmt 1 view .LVU849
ARM GAS  /tmp/cc1LZDaw.s 			page 112


2004:Drivers/STM32F1xx_HAL_Driver/Src/stm32f1xx_hal_can.c ****           ((esrflags & CAN_ESR_BOFF) != 0U))
 2629              		.loc 1 2004 10 is_stmt 0 view .LVU850
 2630 0146 14F4806F 		tst	r4, #1024
 2631 014a 04D0     		beq	.L191
2004:Drivers/STM32F1xx_HAL_Driver/Src/stm32f1xx_hal_can.c ****           ((esrflags & CAN_ESR_BOFF) != 0U))
 2632              		.loc 1 2004 48 discriminator 1 view .LVU851
 2633 014c 1BF0040F 		tst	fp, #4
 2634 0150 01D0     		beq	.L191
2008:Drivers/STM32F1xx_HAL_Driver/Src/stm32f1xx_hal_can.c **** 
 2635              		.loc 1 2008 9 is_stmt 1 view .LVU852
2008:Drivers/STM32F1xx_HAL_Driver/Src/stm32f1xx_hal_can.c **** 
 2636              		.loc 1 2008 19 is_stmt 0 view .LVU853
 2637 0152 46F00406 		orr	r6, r6, #4
 2638              	.LVL203:
 2639              	.L191:
2014:Drivers/STM32F1xx_HAL_Driver/Src/stm32f1xx_hal_can.c ****           ((esrflags & CAN_ESR_LEC) != 0U))
 2640              		.loc 1 2014 7 is_stmt 1 view .LVU854
2014:Drivers/STM32F1xx_HAL_Driver/Src/stm32f1xx_hal_can.c ****           ((esrflags & CAN_ESR_LEC) != 0U))
 2641              		.loc 1 2014 10 is_stmt 0 view .LVU855
 2642 0156 14F4006F 		tst	r4, #2048
 2643 015a 16D0     		beq	.L188
2014:Drivers/STM32F1xx_HAL_Driver/Src/stm32f1xx_hal_can.c ****           ((esrflags & CAN_ESR_LEC) != 0U))
 2644              		.loc 1 2014 57 discriminator 1 view .LVU856
 2645 015c 1BF0700B 		ands	fp, fp, #112
 2646              	.LVL204:
2014:Drivers/STM32F1xx_HAL_Driver/Src/stm32f1xx_hal_can.c ****           ((esrflags & CAN_ESR_LEC) != 0U))
 2647              		.loc 1 2014 57 discriminator 1 view .LVU857
 2648 0160 13D0     		beq	.L188
2017:Drivers/STM32F1xx_HAL_Driver/Src/stm32f1xx_hal_can.c ****         {
 2649              		.loc 1 2017 9 is_stmt 1 view .LVU858
 2650 0162 BBF1400F 		cmp	fp, #64
 2651 0166 66D0     		beq	.L192
 2652 0168 56D8     		bhi	.L193
 2653 016a BBF1200F 		cmp	fp, #32
 2654 016e 5CD0     		beq	.L194
 2655 0170 BBF1300F 		cmp	fp, #48
 2656 0174 5CD0     		beq	.L195
 2657 0176 BBF1100F 		cmp	fp, #16
 2658 017a 01D1     		bne	.L197
2021:Drivers/STM32F1xx_HAL_Driver/Src/stm32f1xx_hal_can.c ****             break;
 2659              		.loc 1 2021 13 view .LVU859
2021:Drivers/STM32F1xx_HAL_Driver/Src/stm32f1xx_hal_can.c ****             break;
 2660              		.loc 1 2021 23 is_stmt 0 view .LVU860
 2661 017c 46F00806 		orr	r6, r6, #8
 2662              	.LVL205:
2022:Drivers/STM32F1xx_HAL_Driver/Src/stm32f1xx_hal_can.c ****           case (CAN_ESR_LEC_1):
 2663              		.loc 1 2022 13 is_stmt 1 view .LVU861
 2664              	.L197:
2048:Drivers/STM32F1xx_HAL_Driver/Src/stm32f1xx_hal_can.c ****       }
 2665              		.loc 1 2048 9 view .LVU862
 2666 0180 2A68     		ldr	r2, [r5]
 2667 0182 9369     		ldr	r3, [r2, #24]
 2668 0184 23F07003 		bic	r3, r3, #112
 2669 0188 9361     		str	r3, [r2, #24]
 2670              	.L188:
2053:Drivers/STM32F1xx_HAL_Driver/Src/stm32f1xx_hal_can.c ****   }
 2671              		.loc 1 2053 5 view .LVU863
ARM GAS  /tmp/cc1LZDaw.s 			page 113


 2672 018a 2B68     		ldr	r3, [r5]
 2673 018c 0422     		movs	r2, #4
 2674 018e 5A60     		str	r2, [r3, #4]
 2675              	.L187:
2057:Drivers/STM32F1xx_HAL_Driver/Src/stm32f1xx_hal_can.c ****   {
 2676              		.loc 1 2057 3 view .LVU864
2057:Drivers/STM32F1xx_HAL_Driver/Src/stm32f1xx_hal_can.c ****   {
 2677              		.loc 1 2057 6 is_stmt 0 view .LVU865
 2678 0190 002E     		cmp	r6, #0
 2679 0192 56D1     		bne	.L214
 2680              	.L168:
2071:Drivers/STM32F1xx_HAL_Driver/Src/stm32f1xx_hal_can.c **** 
 2681              		.loc 1 2071 1 view .LVU866
 2682 0194 BDE8F88F 		pop	{r3, r4, r5, r6, r7, r8, r9, r10, fp, pc}
 2683              	.LVL206:
 2684              	.L206:
1769:Drivers/STM32F1xx_HAL_Driver/Src/stm32f1xx_hal_can.c **** #endif /* USE_HAL_CAN_REGISTER_CALLBACKS */
 2685              		.loc 1 1769 9 is_stmt 1 view .LVU867
 2686 0198 2846     		mov	r0, r5
 2687 019a FFF7FEFF 		bl	HAL_CAN_TxMailbox1CompleteCallback
 2688              	.LVL207:
 2689 019e 6BE7     		b	.L172
 2690              	.L174:
1779:Drivers/STM32F1xx_HAL_Driver/Src/stm32f1xx_hal_can.c ****         {
 2691              		.loc 1 1779 14 view .LVU868
1779:Drivers/STM32F1xx_HAL_Driver/Src/stm32f1xx_hal_can.c ****         {
 2692              		.loc 1 1779 17 is_stmt 0 view .LVU869
 2693 01a0 17F4006F 		tst	r7, #2048
 2694 01a4 02D0     		beq	.L175
1782:Drivers/STM32F1xx_HAL_Driver/Src/stm32f1xx_hal_can.c ****         }
 2695              		.loc 1 1782 11 is_stmt 1 view .LVU870
1782:Drivers/STM32F1xx_HAL_Driver/Src/stm32f1xx_hal_can.c ****         }
 2696              		.loc 1 1782 21 is_stmt 0 view .LVU871
 2697 01a6 46F48046 		orr	r6, r6, #16384
 2698              	.LVL208:
1782:Drivers/STM32F1xx_HAL_Driver/Src/stm32f1xx_hal_can.c ****         }
 2699              		.loc 1 1782 21 view .LVU872
 2700 01aa 65E7     		b	.L172
 2701              	.L175:
1792:Drivers/STM32F1xx_HAL_Driver/Src/stm32f1xx_hal_can.c **** #endif /* USE_HAL_CAN_REGISTER_CALLBACKS */
 2702              		.loc 1 1792 11 is_stmt 1 view .LVU873
 2703 01ac 2846     		mov	r0, r5
 2704 01ae FFF7FEFF 		bl	HAL_CAN_TxMailbox1AbortCallback
 2705              	.LVL209:
 2706 01b2 61E7     		b	.L172
 2707              	.L207:
1812:Drivers/STM32F1xx_HAL_Driver/Src/stm32f1xx_hal_can.c **** #endif /* USE_HAL_CAN_REGISTER_CALLBACKS */
 2708              		.loc 1 1812 9 view .LVU874
 2709 01b4 2846     		mov	r0, r5
 2710 01b6 FFF7FEFF 		bl	HAL_CAN_TxMailbox2CompleteCallback
 2711              	.LVL210:
 2712 01ba 6EE7     		b	.L169
 2713              	.L177:
1822:Drivers/STM32F1xx_HAL_Driver/Src/stm32f1xx_hal_can.c ****         {
 2714              		.loc 1 1822 14 view .LVU875
1822:Drivers/STM32F1xx_HAL_Driver/Src/stm32f1xx_hal_can.c ****         {
 2715              		.loc 1 1822 17 is_stmt 0 view .LVU876
ARM GAS  /tmp/cc1LZDaw.s 			page 114


 2716 01bc 17F4002F 		tst	r7, #524288
 2717 01c0 02D0     		beq	.L178
1825:Drivers/STM32F1xx_HAL_Driver/Src/stm32f1xx_hal_can.c ****         }
 2718              		.loc 1 1825 11 is_stmt 1 view .LVU877
1825:Drivers/STM32F1xx_HAL_Driver/Src/stm32f1xx_hal_can.c ****         }
 2719              		.loc 1 1825 21 is_stmt 0 view .LVU878
 2720 01c2 46F48036 		orr	r6, r6, #65536
 2721              	.LVL211:
1825:Drivers/STM32F1xx_HAL_Driver/Src/stm32f1xx_hal_can.c ****         }
 2722              		.loc 1 1825 21 view .LVU879
 2723 01c6 68E7     		b	.L169
 2724              	.L178:
1835:Drivers/STM32F1xx_HAL_Driver/Src/stm32f1xx_hal_can.c **** #endif /* USE_HAL_CAN_REGISTER_CALLBACKS */
 2725              		.loc 1 1835 11 is_stmt 1 view .LVU880
 2726 01c8 2846     		mov	r0, r5
 2727 01ca FFF7FEFF 		bl	HAL_CAN_TxMailbox2AbortCallback
 2728              	.LVL212:
 2729 01ce 64E7     		b	.L169
 2730              	.L208:
1861:Drivers/STM32F1xx_HAL_Driver/Src/stm32f1xx_hal_can.c **** 
 2731              		.loc 1 1861 7 view .LVU881
 2732 01d0 2B68     		ldr	r3, [r5]
 2733 01d2 0822     		movs	r2, #8
 2734 01d4 DA60     		str	r2, [r3, #12]
1869:Drivers/STM32F1xx_HAL_Driver/Src/stm32f1xx_hal_can.c **** #endif /* USE_HAL_CAN_REGISTER_CALLBACKS */
 2735              		.loc 1 1869 7 view .LVU882
 2736 01d6 2846     		mov	r0, r5
 2737 01d8 FFF7FEFF 		bl	HAL_CAN_RxFifo0FullCallback
 2738              	.LVL213:
 2739 01dc 6FE7     		b	.L180
 2740              	.L209:
1886:Drivers/STM32F1xx_HAL_Driver/Src/stm32f1xx_hal_can.c **** #endif /* USE_HAL_CAN_REGISTER_CALLBACKS */
 2741              		.loc 1 1886 7 view .LVU883
 2742 01de 2846     		mov	r0, r5
 2743 01e0 FFF7FEFF 		bl	HAL_CAN_RxFifo0MsgPendingCallback
 2744              	.LVL214:
 2745 01e4 74E7     		b	.L181
 2746              	.L210:
1910:Drivers/STM32F1xx_HAL_Driver/Src/stm32f1xx_hal_can.c **** 
 2747              		.loc 1 1910 7 view .LVU884
 2748 01e6 2B68     		ldr	r3, [r5]
 2749 01e8 0822     		movs	r2, #8
 2750 01ea 1A61     		str	r2, [r3, #16]
1918:Drivers/STM32F1xx_HAL_Driver/Src/stm32f1xx_hal_can.c **** #endif /* USE_HAL_CAN_REGISTER_CALLBACKS */
 2751              		.loc 1 1918 7 view .LVU885
 2752 01ec 2846     		mov	r0, r5
 2753 01ee FFF7FEFF 		bl	HAL_CAN_RxFifo1FullCallback
 2754              	.LVL215:
 2755 01f2 7EE7     		b	.L183
 2756              	.L211:
1935:Drivers/STM32F1xx_HAL_Driver/Src/stm32f1xx_hal_can.c **** #endif /* USE_HAL_CAN_REGISTER_CALLBACKS */
 2757              		.loc 1 1935 7 view .LVU886
 2758 01f4 2846     		mov	r0, r5
 2759 01f6 FFF7FEFF 		bl	HAL_CAN_RxFifo1MsgPendingCallback
 2760              	.LVL216:
 2761 01fa 82E7     		b	.L184
 2762              	.L212:
ARM GAS  /tmp/cc1LZDaw.s 			page 115


1946:Drivers/STM32F1xx_HAL_Driver/Src/stm32f1xx_hal_can.c **** 
 2763              		.loc 1 1946 7 view .LVU887
 2764 01fc 2B68     		ldr	r3, [r5]
 2765 01fe 1022     		movs	r2, #16
 2766 0200 5A60     		str	r2, [r3, #4]
1954:Drivers/STM32F1xx_HAL_Driver/Src/stm32f1xx_hal_can.c **** #endif /* USE_HAL_CAN_REGISTER_CALLBACKS */
 2767              		.loc 1 1954 7 view .LVU888
 2768 0202 2846     		mov	r0, r5
 2769 0204 FFF7FEFF 		bl	HAL_CAN_SleepCallback
 2770              	.LVL217:
 2771 0208 81E7     		b	.L185
 2772              	.L213:
1965:Drivers/STM32F1xx_HAL_Driver/Src/stm32f1xx_hal_can.c **** 
 2773              		.loc 1 1965 7 view .LVU889
 2774 020a 2B68     		ldr	r3, [r5]
 2775 020c 0822     		movs	r2, #8
 2776 020e 5A60     		str	r2, [r3, #4]
1973:Drivers/STM32F1xx_HAL_Driver/Src/stm32f1xx_hal_can.c **** #endif /* USE_HAL_CAN_REGISTER_CALLBACKS */
 2777              		.loc 1 1973 7 view .LVU890
 2778 0210 2846     		mov	r0, r5
 2779 0212 FFF7FEFF 		bl	HAL_CAN_WakeUpFromRxMsgCallback
 2780              	.LVL218:
 2781 0216 80E7     		b	.L186
 2782              	.LVL219:
 2783              	.L193:
2017:Drivers/STM32F1xx_HAL_Driver/Src/stm32f1xx_hal_can.c ****         {
 2784              		.loc 1 2017 9 is_stmt 0 view .LVU891
 2785 0218 BBF1500F 		cmp	fp, #80
 2786 021c 0ED0     		beq	.L198
 2787 021e BBF1600F 		cmp	fp, #96
 2788 0222 ADD1     		bne	.L197
2041:Drivers/STM32F1xx_HAL_Driver/Src/stm32f1xx_hal_can.c ****             break;
 2789              		.loc 1 2041 13 is_stmt 1 view .LVU892
2041:Drivers/STM32F1xx_HAL_Driver/Src/stm32f1xx_hal_can.c ****             break;
 2790              		.loc 1 2041 23 is_stmt 0 view .LVU893
 2791 0224 46F48076 		orr	r6, r6, #256
 2792              	.LVL220:
2042:Drivers/STM32F1xx_HAL_Driver/Src/stm32f1xx_hal_can.c ****           default:
 2793              		.loc 1 2042 13 is_stmt 1 view .LVU894
 2794 0228 AAE7     		b	.L197
 2795              	.L194:
2025:Drivers/STM32F1xx_HAL_Driver/Src/stm32f1xx_hal_can.c ****             break;
 2796              		.loc 1 2025 13 view .LVU895
2025:Drivers/STM32F1xx_HAL_Driver/Src/stm32f1xx_hal_can.c ****             break;
 2797              		.loc 1 2025 23 is_stmt 0 view .LVU896
 2798 022a 46F01006 		orr	r6, r6, #16
 2799              	.LVL221:
2026:Drivers/STM32F1xx_HAL_Driver/Src/stm32f1xx_hal_can.c ****           case (CAN_ESR_LEC_1 | CAN_ESR_LEC_0):
 2800              		.loc 1 2026 13 is_stmt 1 view .LVU897
 2801 022e A7E7     		b	.L197
 2802              	.L195:
2029:Drivers/STM32F1xx_HAL_Driver/Src/stm32f1xx_hal_can.c ****             break;
 2803              		.loc 1 2029 13 view .LVU898
2029:Drivers/STM32F1xx_HAL_Driver/Src/stm32f1xx_hal_can.c ****             break;
 2804              		.loc 1 2029 23 is_stmt 0 view .LVU899
 2805 0230 46F02006 		orr	r6, r6, #32
 2806              	.LVL222:
ARM GAS  /tmp/cc1LZDaw.s 			page 116


2030:Drivers/STM32F1xx_HAL_Driver/Src/stm32f1xx_hal_can.c ****           case (CAN_ESR_LEC_2):
 2807              		.loc 1 2030 13 is_stmt 1 view .LVU900
 2808 0234 A4E7     		b	.L197
 2809              	.L192:
2033:Drivers/STM32F1xx_HAL_Driver/Src/stm32f1xx_hal_can.c ****             break;
 2810              		.loc 1 2033 13 view .LVU901
2033:Drivers/STM32F1xx_HAL_Driver/Src/stm32f1xx_hal_can.c ****             break;
 2811              		.loc 1 2033 23 is_stmt 0 view .LVU902
 2812 0236 46F04006 		orr	r6, r6, #64
 2813              	.LVL223:
2034:Drivers/STM32F1xx_HAL_Driver/Src/stm32f1xx_hal_can.c ****           case (CAN_ESR_LEC_2 | CAN_ESR_LEC_0):
 2814              		.loc 1 2034 13 is_stmt 1 view .LVU903
 2815 023a A1E7     		b	.L197
 2816              	.L198:
2037:Drivers/STM32F1xx_HAL_Driver/Src/stm32f1xx_hal_can.c ****             break;
 2817              		.loc 1 2037 13 view .LVU904
2037:Drivers/STM32F1xx_HAL_Driver/Src/stm32f1xx_hal_can.c ****             break;
 2818              		.loc 1 2037 23 is_stmt 0 view .LVU905
 2819 023c 46F08006 		orr	r6, r6, #128
 2820              	.LVL224:
2038:Drivers/STM32F1xx_HAL_Driver/Src/stm32f1xx_hal_can.c ****           case (CAN_ESR_LEC_2 | CAN_ESR_LEC_1):
 2821              		.loc 1 2038 13 is_stmt 1 view .LVU906
 2822 0240 9EE7     		b	.L197
 2823              	.L214:
2060:Drivers/STM32F1xx_HAL_Driver/Src/stm32f1xx_hal_can.c **** 
 2824              		.loc 1 2060 5 view .LVU907
2060:Drivers/STM32F1xx_HAL_Driver/Src/stm32f1xx_hal_can.c **** 
 2825              		.loc 1 2060 9 is_stmt 0 view .LVU908
 2826 0242 6B6A     		ldr	r3, [r5, #36]
2060:Drivers/STM32F1xx_HAL_Driver/Src/stm32f1xx_hal_can.c **** 
 2827              		.loc 1 2060 21 view .LVU909
 2828 0244 3343     		orrs	r3, r3, r6
 2829 0246 6B62     		str	r3, [r5, #36]
2068:Drivers/STM32F1xx_HAL_Driver/Src/stm32f1xx_hal_can.c **** #endif /* USE_HAL_CAN_REGISTER_CALLBACKS */
 2830              		.loc 1 2068 5 is_stmt 1 view .LVU910
 2831 0248 2846     		mov	r0, r5
 2832 024a FFF7FEFF 		bl	HAL_CAN_ErrorCallback
 2833              	.LVL225:
2071:Drivers/STM32F1xx_HAL_Driver/Src/stm32f1xx_hal_can.c **** 
 2834              		.loc 1 2071 1 is_stmt 0 view .LVU911
 2835 024e A1E7     		b	.L168
 2836              		.cfi_endproc
 2837              	.LFE84:
 2839              		.section	.text.HAL_CAN_GetState,"ax",%progbits
 2840              		.align	1
 2841              		.global	HAL_CAN_GetState
 2842              		.syntax unified
 2843              		.thumb
 2844              		.thumb_func
 2846              	HAL_CAN_GetState:
 2847              	.LVL226:
 2848              	.LFB98:
2322:Drivers/STM32F1xx_HAL_Driver/Src/stm32f1xx_hal_can.c **** 
2323:Drivers/STM32F1xx_HAL_Driver/Src/stm32f1xx_hal_can.c **** /**
2324:Drivers/STM32F1xx_HAL_Driver/Src/stm32f1xx_hal_can.c ****   * @}
2325:Drivers/STM32F1xx_HAL_Driver/Src/stm32f1xx_hal_can.c ****   */
2326:Drivers/STM32F1xx_HAL_Driver/Src/stm32f1xx_hal_can.c **** 
ARM GAS  /tmp/cc1LZDaw.s 			page 117


2327:Drivers/STM32F1xx_HAL_Driver/Src/stm32f1xx_hal_can.c **** /** @defgroup CAN_Exported_Functions_Group6 Peripheral State and Error functions
2328:Drivers/STM32F1xx_HAL_Driver/Src/stm32f1xx_hal_can.c ****   * @brief   CAN Peripheral State functions
2329:Drivers/STM32F1xx_HAL_Driver/Src/stm32f1xx_hal_can.c ****   *
2330:Drivers/STM32F1xx_HAL_Driver/Src/stm32f1xx_hal_can.c **** @verbatim
2331:Drivers/STM32F1xx_HAL_Driver/Src/stm32f1xx_hal_can.c ****   ==============================================================================
2332:Drivers/STM32F1xx_HAL_Driver/Src/stm32f1xx_hal_can.c ****             ##### Peripheral State and Error functions #####
2333:Drivers/STM32F1xx_HAL_Driver/Src/stm32f1xx_hal_can.c ****   ==============================================================================
2334:Drivers/STM32F1xx_HAL_Driver/Src/stm32f1xx_hal_can.c ****     [..]
2335:Drivers/STM32F1xx_HAL_Driver/Src/stm32f1xx_hal_can.c ****     This subsection provides functions allowing to :
2336:Drivers/STM32F1xx_HAL_Driver/Src/stm32f1xx_hal_can.c ****       (+) HAL_CAN_GetState()  : Return the CAN state.
2337:Drivers/STM32F1xx_HAL_Driver/Src/stm32f1xx_hal_can.c ****       (+) HAL_CAN_GetError()  : Return the CAN error codes if any.
2338:Drivers/STM32F1xx_HAL_Driver/Src/stm32f1xx_hal_can.c ****       (+) HAL_CAN_ResetError(): Reset the CAN error codes if any.
2339:Drivers/STM32F1xx_HAL_Driver/Src/stm32f1xx_hal_can.c **** 
2340:Drivers/STM32F1xx_HAL_Driver/Src/stm32f1xx_hal_can.c **** @endverbatim
2341:Drivers/STM32F1xx_HAL_Driver/Src/stm32f1xx_hal_can.c ****   * @{
2342:Drivers/STM32F1xx_HAL_Driver/Src/stm32f1xx_hal_can.c ****   */
2343:Drivers/STM32F1xx_HAL_Driver/Src/stm32f1xx_hal_can.c **** 
2344:Drivers/STM32F1xx_HAL_Driver/Src/stm32f1xx_hal_can.c **** /**
2345:Drivers/STM32F1xx_HAL_Driver/Src/stm32f1xx_hal_can.c ****   * @brief  Return the CAN state.
2346:Drivers/STM32F1xx_HAL_Driver/Src/stm32f1xx_hal_can.c ****   * @param  hcan pointer to a CAN_HandleTypeDef structure that contains
2347:Drivers/STM32F1xx_HAL_Driver/Src/stm32f1xx_hal_can.c ****   *         the configuration information for the specified CAN.
2348:Drivers/STM32F1xx_HAL_Driver/Src/stm32f1xx_hal_can.c ****   * @retval HAL state
2349:Drivers/STM32F1xx_HAL_Driver/Src/stm32f1xx_hal_can.c ****   */
2350:Drivers/STM32F1xx_HAL_Driver/Src/stm32f1xx_hal_can.c **** HAL_CAN_StateTypeDef HAL_CAN_GetState(const CAN_HandleTypeDef *hcan)
2351:Drivers/STM32F1xx_HAL_Driver/Src/stm32f1xx_hal_can.c **** {
 2849              		.loc 1 2351 1 is_stmt 1 view -0
 2850              		.cfi_startproc
 2851              		@ args = 0, pretend = 0, frame = 0
 2852              		@ frame_needed = 0, uses_anonymous_args = 0
 2853              		@ link register save eliminated.
 2854              		.loc 1 2351 1 is_stmt 0 view .LVU913
 2855 0000 0246     		mov	r2, r0
2352:Drivers/STM32F1xx_HAL_Driver/Src/stm32f1xx_hal_can.c ****   HAL_CAN_StateTypeDef state = hcan->State;
 2856              		.loc 1 2352 3 is_stmt 1 view .LVU914
 2857              		.loc 1 2352 24 is_stmt 0 view .LVU915
 2858 0002 90F82030 		ldrb	r3, [r0, #32]	@ zero_extendqisi2
 2859 0006 D8B2     		uxtb	r0, r3
 2860              	.LVL227:
2353:Drivers/STM32F1xx_HAL_Driver/Src/stm32f1xx_hal_can.c **** 
2354:Drivers/STM32F1xx_HAL_Driver/Src/stm32f1xx_hal_can.c ****   if ((state == HAL_CAN_STATE_READY) ||
 2861              		.loc 1 2354 3 is_stmt 1 view .LVU916
 2862              		.loc 1 2354 38 is_stmt 0 view .LVU917
 2863 0008 013B     		subs	r3, r3, #1
 2864 000a DBB2     		uxtb	r3, r3
 2865              		.loc 1 2354 6 view .LVU918
 2866 000c 012B     		cmp	r3, #1
 2867 000e 00D9     		bls	.L219
 2868              	.LVL228:
 2869              	.L216:
2355:Drivers/STM32F1xx_HAL_Driver/Src/stm32f1xx_hal_can.c ****       (state == HAL_CAN_STATE_LISTENING))
2356:Drivers/STM32F1xx_HAL_Driver/Src/stm32f1xx_hal_can.c ****   {
2357:Drivers/STM32F1xx_HAL_Driver/Src/stm32f1xx_hal_can.c ****     /* Check sleep mode acknowledge flag */
2358:Drivers/STM32F1xx_HAL_Driver/Src/stm32f1xx_hal_can.c ****     if ((hcan->Instance->MSR & CAN_MSR_SLAK) != 0U)
2359:Drivers/STM32F1xx_HAL_Driver/Src/stm32f1xx_hal_can.c ****     {
2360:Drivers/STM32F1xx_HAL_Driver/Src/stm32f1xx_hal_can.c ****       /* Sleep mode is active */
2361:Drivers/STM32F1xx_HAL_Driver/Src/stm32f1xx_hal_can.c ****       state = HAL_CAN_STATE_SLEEP_ACTIVE;
2362:Drivers/STM32F1xx_HAL_Driver/Src/stm32f1xx_hal_can.c ****     }
ARM GAS  /tmp/cc1LZDaw.s 			page 118


2363:Drivers/STM32F1xx_HAL_Driver/Src/stm32f1xx_hal_can.c ****     /* Check sleep mode request flag */
2364:Drivers/STM32F1xx_HAL_Driver/Src/stm32f1xx_hal_can.c ****     else if ((hcan->Instance->MCR & CAN_MCR_SLEEP) != 0U)
2365:Drivers/STM32F1xx_HAL_Driver/Src/stm32f1xx_hal_can.c ****     {
2366:Drivers/STM32F1xx_HAL_Driver/Src/stm32f1xx_hal_can.c ****       /* Sleep mode request is pending */
2367:Drivers/STM32F1xx_HAL_Driver/Src/stm32f1xx_hal_can.c ****       state = HAL_CAN_STATE_SLEEP_PENDING;
2368:Drivers/STM32F1xx_HAL_Driver/Src/stm32f1xx_hal_can.c ****     }
2369:Drivers/STM32F1xx_HAL_Driver/Src/stm32f1xx_hal_can.c ****     else
2370:Drivers/STM32F1xx_HAL_Driver/Src/stm32f1xx_hal_can.c ****     {
2371:Drivers/STM32F1xx_HAL_Driver/Src/stm32f1xx_hal_can.c ****       /* Neither sleep mode request nor sleep mode acknowledge */
2372:Drivers/STM32F1xx_HAL_Driver/Src/stm32f1xx_hal_can.c ****     }
 2870              		.loc 1 2372 5 is_stmt 1 view .LVU919
2373:Drivers/STM32F1xx_HAL_Driver/Src/stm32f1xx_hal_can.c ****   }
2374:Drivers/STM32F1xx_HAL_Driver/Src/stm32f1xx_hal_can.c **** 
2375:Drivers/STM32F1xx_HAL_Driver/Src/stm32f1xx_hal_can.c ****   /* Return CAN state */
2376:Drivers/STM32F1xx_HAL_Driver/Src/stm32f1xx_hal_can.c ****   return state;
 2871              		.loc 1 2376 3 view .LVU920
2377:Drivers/STM32F1xx_HAL_Driver/Src/stm32f1xx_hal_can.c **** }
 2872              		.loc 1 2377 1 is_stmt 0 view .LVU921
 2873 0010 7047     		bx	lr
 2874              	.LVL229:
 2875              	.L219:
2358:Drivers/STM32F1xx_HAL_Driver/Src/stm32f1xx_hal_can.c ****     {
 2876              		.loc 1 2358 5 is_stmt 1 view .LVU922
2358:Drivers/STM32F1xx_HAL_Driver/Src/stm32f1xx_hal_can.c ****     {
 2877              		.loc 1 2358 14 is_stmt 0 view .LVU923
 2878 0012 1368     		ldr	r3, [r2]
2358:Drivers/STM32F1xx_HAL_Driver/Src/stm32f1xx_hal_can.c ****     {
 2879              		.loc 1 2358 24 view .LVU924
 2880 0014 5A68     		ldr	r2, [r3, #4]
 2881              	.LVL230:
2358:Drivers/STM32F1xx_HAL_Driver/Src/stm32f1xx_hal_can.c ****     {
 2882              		.loc 1 2358 8 view .LVU925
 2883 0016 12F0020F 		tst	r2, #2
 2884 001a 05D1     		bne	.L217
2364:Drivers/STM32F1xx_HAL_Driver/Src/stm32f1xx_hal_can.c ****     {
 2885              		.loc 1 2364 10 is_stmt 1 view .LVU926
2364:Drivers/STM32F1xx_HAL_Driver/Src/stm32f1xx_hal_can.c ****     {
 2886              		.loc 1 2364 29 is_stmt 0 view .LVU927
 2887 001c 1B68     		ldr	r3, [r3]
2364:Drivers/STM32F1xx_HAL_Driver/Src/stm32f1xx_hal_can.c ****     {
 2888              		.loc 1 2364 13 view .LVU928
 2889 001e 13F0020F 		tst	r3, #2
 2890 0022 F5D0     		beq	.L216
2367:Drivers/STM32F1xx_HAL_Driver/Src/stm32f1xx_hal_can.c ****     }
 2891              		.loc 1 2367 13 view .LVU929
 2892 0024 0320     		movs	r0, #3
 2893              	.LVL231:
2367:Drivers/STM32F1xx_HAL_Driver/Src/stm32f1xx_hal_can.c ****     }
 2894              		.loc 1 2367 13 view .LVU930
 2895 0026 F3E7     		b	.L216
 2896              	.LVL232:
 2897              	.L217:
2361:Drivers/STM32F1xx_HAL_Driver/Src/stm32f1xx_hal_can.c ****     }
 2898              		.loc 1 2361 13 view .LVU931
 2899 0028 0420     		movs	r0, #4
 2900              	.LVL233:
2361:Drivers/STM32F1xx_HAL_Driver/Src/stm32f1xx_hal_can.c ****     }
ARM GAS  /tmp/cc1LZDaw.s 			page 119


 2901              		.loc 1 2361 13 view .LVU932
 2902 002a 7047     		bx	lr
 2903              		.cfi_endproc
 2904              	.LFE98:
 2906              		.section	.text.HAL_CAN_GetError,"ax",%progbits
 2907              		.align	1
 2908              		.global	HAL_CAN_GetError
 2909              		.syntax unified
 2910              		.thumb
 2911              		.thumb_func
 2913              	HAL_CAN_GetError:
 2914              	.LVL234:
 2915              	.LFB99:
2378:Drivers/STM32F1xx_HAL_Driver/Src/stm32f1xx_hal_can.c **** 
2379:Drivers/STM32F1xx_HAL_Driver/Src/stm32f1xx_hal_can.c **** /**
2380:Drivers/STM32F1xx_HAL_Driver/Src/stm32f1xx_hal_can.c ****   * @brief  Return the CAN error code.
2381:Drivers/STM32F1xx_HAL_Driver/Src/stm32f1xx_hal_can.c ****   * @param  hcan pointer to a CAN_HandleTypeDef structure that contains
2382:Drivers/STM32F1xx_HAL_Driver/Src/stm32f1xx_hal_can.c ****   *         the configuration information for the specified CAN.
2383:Drivers/STM32F1xx_HAL_Driver/Src/stm32f1xx_hal_can.c ****   * @retval CAN Error Code
2384:Drivers/STM32F1xx_HAL_Driver/Src/stm32f1xx_hal_can.c ****   */
2385:Drivers/STM32F1xx_HAL_Driver/Src/stm32f1xx_hal_can.c **** uint32_t HAL_CAN_GetError(const CAN_HandleTypeDef *hcan)
2386:Drivers/STM32F1xx_HAL_Driver/Src/stm32f1xx_hal_can.c **** {
 2916              		.loc 1 2386 1 is_stmt 1 view -0
 2917              		.cfi_startproc
 2918              		@ args = 0, pretend = 0, frame = 0
 2919              		@ frame_needed = 0, uses_anonymous_args = 0
 2920              		@ link register save eliminated.
2387:Drivers/STM32F1xx_HAL_Driver/Src/stm32f1xx_hal_can.c ****   /* Return CAN error code */
2388:Drivers/STM32F1xx_HAL_Driver/Src/stm32f1xx_hal_can.c ****   return hcan->ErrorCode;
 2921              		.loc 1 2388 3 view .LVU934
 2922              		.loc 1 2388 14 is_stmt 0 view .LVU935
 2923 0000 406A     		ldr	r0, [r0, #36]
 2924              	.LVL235:
2389:Drivers/STM32F1xx_HAL_Driver/Src/stm32f1xx_hal_can.c **** }
 2925              		.loc 1 2389 1 view .LVU936
 2926 0002 7047     		bx	lr
 2927              		.cfi_endproc
 2928              	.LFE99:
 2930              		.section	.text.HAL_CAN_ResetError,"ax",%progbits
 2931              		.align	1
 2932              		.global	HAL_CAN_ResetError
 2933              		.syntax unified
 2934              		.thumb
 2935              		.thumb_func
 2937              	HAL_CAN_ResetError:
 2938              	.LVL236:
 2939              	.LFB100:
2390:Drivers/STM32F1xx_HAL_Driver/Src/stm32f1xx_hal_can.c **** 
2391:Drivers/STM32F1xx_HAL_Driver/Src/stm32f1xx_hal_can.c **** /**
2392:Drivers/STM32F1xx_HAL_Driver/Src/stm32f1xx_hal_can.c ****   * @brief  Reset the CAN error code.
2393:Drivers/STM32F1xx_HAL_Driver/Src/stm32f1xx_hal_can.c ****   * @param  hcan pointer to a CAN_HandleTypeDef structure that contains
2394:Drivers/STM32F1xx_HAL_Driver/Src/stm32f1xx_hal_can.c ****   *         the configuration information for the specified CAN.
2395:Drivers/STM32F1xx_HAL_Driver/Src/stm32f1xx_hal_can.c ****   * @retval HAL status
2396:Drivers/STM32F1xx_HAL_Driver/Src/stm32f1xx_hal_can.c ****   */
2397:Drivers/STM32F1xx_HAL_Driver/Src/stm32f1xx_hal_can.c **** HAL_StatusTypeDef HAL_CAN_ResetError(CAN_HandleTypeDef *hcan)
2398:Drivers/STM32F1xx_HAL_Driver/Src/stm32f1xx_hal_can.c **** {
 2940              		.loc 1 2398 1 is_stmt 1 view -0
ARM GAS  /tmp/cc1LZDaw.s 			page 120


 2941              		.cfi_startproc
 2942              		@ args = 0, pretend = 0, frame = 0
 2943              		@ frame_needed = 0, uses_anonymous_args = 0
 2944              		@ link register save eliminated.
2399:Drivers/STM32F1xx_HAL_Driver/Src/stm32f1xx_hal_can.c ****   HAL_StatusTypeDef status = HAL_OK;
 2945              		.loc 1 2399 3 view .LVU938
2400:Drivers/STM32F1xx_HAL_Driver/Src/stm32f1xx_hal_can.c ****   HAL_CAN_StateTypeDef state = hcan->State;
 2946              		.loc 1 2400 3 view .LVU939
 2947              		.loc 1 2400 24 is_stmt 0 view .LVU940
 2948 0000 90F82030 		ldrb	r3, [r0, #32]	@ zero_extendqisi2
 2949              	.LVL237:
2401:Drivers/STM32F1xx_HAL_Driver/Src/stm32f1xx_hal_can.c **** 
2402:Drivers/STM32F1xx_HAL_Driver/Src/stm32f1xx_hal_can.c ****   if ((state == HAL_CAN_STATE_READY) ||
 2950              		.loc 1 2402 3 is_stmt 1 view .LVU941
 2951              		.loc 1 2402 38 is_stmt 0 view .LVU942
 2952 0004 013B     		subs	r3, r3, #1
 2953              	.LVL238:
 2954              		.loc 1 2402 38 view .LVU943
 2955 0006 DBB2     		uxtb	r3, r3
 2956              	.LVL239:
 2957              		.loc 1 2402 6 view .LVU944
 2958 0008 012B     		cmp	r3, #1
 2959 000a 05D9     		bls	.L224
2403:Drivers/STM32F1xx_HAL_Driver/Src/stm32f1xx_hal_can.c ****       (state == HAL_CAN_STATE_LISTENING))
2404:Drivers/STM32F1xx_HAL_Driver/Src/stm32f1xx_hal_can.c ****   {
2405:Drivers/STM32F1xx_HAL_Driver/Src/stm32f1xx_hal_can.c ****     /* Reset CAN error code */
2406:Drivers/STM32F1xx_HAL_Driver/Src/stm32f1xx_hal_can.c ****     hcan->ErrorCode = 0U;
2407:Drivers/STM32F1xx_HAL_Driver/Src/stm32f1xx_hal_can.c ****   }
2408:Drivers/STM32F1xx_HAL_Driver/Src/stm32f1xx_hal_can.c ****   else
2409:Drivers/STM32F1xx_HAL_Driver/Src/stm32f1xx_hal_can.c ****   {
2410:Drivers/STM32F1xx_HAL_Driver/Src/stm32f1xx_hal_can.c ****     /* Update error code */
2411:Drivers/STM32F1xx_HAL_Driver/Src/stm32f1xx_hal_can.c ****     hcan->ErrorCode |= HAL_CAN_ERROR_NOT_INITIALIZED;
 2960              		.loc 1 2411 5 is_stmt 1 view .LVU945
 2961              		.loc 1 2411 9 is_stmt 0 view .LVU946
 2962 000c 436A     		ldr	r3, [r0, #36]
 2963              		.loc 1 2411 21 view .LVU947
 2964 000e 43F48023 		orr	r3, r3, #262144
 2965 0012 4362     		str	r3, [r0, #36]
2412:Drivers/STM32F1xx_HAL_Driver/Src/stm32f1xx_hal_can.c **** 
2413:Drivers/STM32F1xx_HAL_Driver/Src/stm32f1xx_hal_can.c ****     status = HAL_ERROR;
 2966              		.loc 1 2413 5 is_stmt 1 view .LVU948
 2967              	.LVL240:
 2968              		.loc 1 2413 12 is_stmt 0 view .LVU949
 2969 0014 0120     		movs	r0, #1
 2970              	.LVL241:
2414:Drivers/STM32F1xx_HAL_Driver/Src/stm32f1xx_hal_can.c ****   }
2415:Drivers/STM32F1xx_HAL_Driver/Src/stm32f1xx_hal_can.c **** 
2416:Drivers/STM32F1xx_HAL_Driver/Src/stm32f1xx_hal_can.c ****   /* Return the status */
2417:Drivers/STM32F1xx_HAL_Driver/Src/stm32f1xx_hal_can.c ****   return status;
 2971              		.loc 1 2417 3 is_stmt 1 view .LVU950
2418:Drivers/STM32F1xx_HAL_Driver/Src/stm32f1xx_hal_can.c **** }
 2972              		.loc 1 2418 1 is_stmt 0 view .LVU951
 2973 0016 7047     		bx	lr
 2974              	.LVL242:
 2975              	.L224:
2406:Drivers/STM32F1xx_HAL_Driver/Src/stm32f1xx_hal_can.c ****   }
 2976              		.loc 1 2406 5 is_stmt 1 view .LVU952
ARM GAS  /tmp/cc1LZDaw.s 			page 121


2406:Drivers/STM32F1xx_HAL_Driver/Src/stm32f1xx_hal_can.c ****   }
 2977              		.loc 1 2406 21 is_stmt 0 view .LVU953
 2978 0018 0023     		movs	r3, #0
 2979 001a 4362     		str	r3, [r0, #36]
2399:Drivers/STM32F1xx_HAL_Driver/Src/stm32f1xx_hal_can.c ****   HAL_CAN_StateTypeDef state = hcan->State;
 2980              		.loc 1 2399 21 view .LVU954
 2981 001c 1846     		mov	r0, r3
 2982              	.LVL243:
2399:Drivers/STM32F1xx_HAL_Driver/Src/stm32f1xx_hal_can.c ****   HAL_CAN_StateTypeDef state = hcan->State;
 2983              		.loc 1 2399 21 view .LVU955
 2984 001e 7047     		bx	lr
 2985              		.cfi_endproc
 2986              	.LFE100:
 2988              		.text
 2989              	.Letext0:
 2990              		.file 3 "/usr/lib/gcc/arm-none-eabi/13.2.1/include/stdint.h"
 2991              		.file 4 "Drivers/CMSIS/Device/ST/STM32F1xx/Include/stm32f103xb.h"
 2992              		.file 5 "Drivers/CMSIS/Device/ST/STM32F1xx/Include/stm32f1xx.h"
 2993              		.file 6 "Drivers/STM32F1xx_HAL_Driver/Inc/stm32f1xx_hal_def.h"
 2994              		.file 7 "Drivers/STM32F1xx_HAL_Driver/Inc/stm32f1xx_hal_can.h"
 2995              		.file 8 "Drivers/STM32F1xx_HAL_Driver/Inc/stm32f1xx_hal.h"
ARM GAS  /tmp/cc1LZDaw.s 			page 122


DEFINED SYMBOLS
                            *ABS*:00000000 stm32f1xx_hal_can.c
     /tmp/cc1LZDaw.s:19     .text.HAL_CAN_MspInit:00000000 $t
     /tmp/cc1LZDaw.s:25     .text.HAL_CAN_MspInit:00000000 HAL_CAN_MspInit
     /tmp/cc1LZDaw.s:40     .text.HAL_CAN_Init:00000000 $t
     /tmp/cc1LZDaw.s:46     .text.HAL_CAN_Init:00000000 HAL_CAN_Init
     /tmp/cc1LZDaw.s:338    .text.HAL_CAN_MspDeInit:00000000 $t
     /tmp/cc1LZDaw.s:344    .text.HAL_CAN_MspDeInit:00000000 HAL_CAN_MspDeInit
     /tmp/cc1LZDaw.s:359    .text.HAL_CAN_ConfigFilter:00000000 $t
     /tmp/cc1LZDaw.s:365    .text.HAL_CAN_ConfigFilter:00000000 HAL_CAN_ConfigFilter
     /tmp/cc1LZDaw.s:573    .text.HAL_CAN_Start:00000000 $t
     /tmp/cc1LZDaw.s:579    .text.HAL_CAN_Start:00000000 HAL_CAN_Start
     /tmp/cc1LZDaw.s:679    .text.HAL_CAN_Stop:00000000 $t
     /tmp/cc1LZDaw.s:685    .text.HAL_CAN_Stop:00000000 HAL_CAN_Stop
     /tmp/cc1LZDaw.s:786    .text.HAL_CAN_DeInit:00000000 $t
     /tmp/cc1LZDaw.s:792    .text.HAL_CAN_DeInit:00000000 HAL_CAN_DeInit
     /tmp/cc1LZDaw.s:848    .text.HAL_CAN_RequestSleep:00000000 $t
     /tmp/cc1LZDaw.s:854    .text.HAL_CAN_RequestSleep:00000000 HAL_CAN_RequestSleep
     /tmp/cc1LZDaw.s:905    .text.HAL_CAN_WakeUp:00000000 $t
     /tmp/cc1LZDaw.s:911    .text.HAL_CAN_WakeUp:00000000 HAL_CAN_WakeUp
     /tmp/cc1LZDaw.s:1009   .text.HAL_CAN_WakeUp:00000054 $d
     /tmp/cc1LZDaw.s:1014   .text.HAL_CAN_IsSleepActive:00000000 $t
     /tmp/cc1LZDaw.s:1020   .text.HAL_CAN_IsSleepActive:00000000 HAL_CAN_IsSleepActive
     /tmp/cc1LZDaw.s:1071   .text.HAL_CAN_AddTxMessage:00000000 $t
     /tmp/cc1LZDaw.s:1077   .text.HAL_CAN_AddTxMessage:00000000 HAL_CAN_AddTxMessage
     /tmp/cc1LZDaw.s:1275   .text.HAL_CAN_AbortTxRequest:00000000 $t
     /tmp/cc1LZDaw.s:1281   .text.HAL_CAN_AbortTxRequest:00000000 HAL_CAN_AbortTxRequest
     /tmp/cc1LZDaw.s:1358   .text.HAL_CAN_GetTxMailboxesFreeLevel:00000000 $t
     /tmp/cc1LZDaw.s:1364   .text.HAL_CAN_GetTxMailboxesFreeLevel:00000000 HAL_CAN_GetTxMailboxesFreeLevel
     /tmp/cc1LZDaw.s:1436   .text.HAL_CAN_IsTxMessagePending:00000000 $t
     /tmp/cc1LZDaw.s:1442   .text.HAL_CAN_IsTxMessagePending:00000000 HAL_CAN_IsTxMessagePending
     /tmp/cc1LZDaw.s:1500   .text.HAL_CAN_GetTxTimestamp:00000000 $t
     /tmp/cc1LZDaw.s:1506   .text.HAL_CAN_GetTxTimestamp:00000000 HAL_CAN_GetTxTimestamp
     /tmp/cc1LZDaw.s:1580   .text.HAL_CAN_GetRxMessage:00000000 $t
     /tmp/cc1LZDaw.s:1586   .text.HAL_CAN_GetRxMessage:00000000 HAL_CAN_GetRxMessage
     /tmp/cc1LZDaw.s:1898   .text.HAL_CAN_GetRxFifoFillLevel:00000000 $t
     /tmp/cc1LZDaw.s:1904   .text.HAL_CAN_GetRxFifoFillLevel:00000000 HAL_CAN_GetRxFifoFillLevel
     /tmp/cc1LZDaw.s:1967   .text.HAL_CAN_ActivateNotification:00000000 $t
     /tmp/cc1LZDaw.s:1973   .text.HAL_CAN_ActivateNotification:00000000 HAL_CAN_ActivateNotification
     /tmp/cc1LZDaw.s:2025   .text.HAL_CAN_DeactivateNotification:00000000 $t
     /tmp/cc1LZDaw.s:2031   .text.HAL_CAN_DeactivateNotification:00000000 HAL_CAN_DeactivateNotification
     /tmp/cc1LZDaw.s:2083   .text.HAL_CAN_TxMailbox0CompleteCallback:00000000 $t
     /tmp/cc1LZDaw.s:2089   .text.HAL_CAN_TxMailbox0CompleteCallback:00000000 HAL_CAN_TxMailbox0CompleteCallback
     /tmp/cc1LZDaw.s:2104   .text.HAL_CAN_TxMailbox1CompleteCallback:00000000 $t
     /tmp/cc1LZDaw.s:2110   .text.HAL_CAN_TxMailbox1CompleteCallback:00000000 HAL_CAN_TxMailbox1CompleteCallback
     /tmp/cc1LZDaw.s:2125   .text.HAL_CAN_TxMailbox2CompleteCallback:00000000 $t
     /tmp/cc1LZDaw.s:2131   .text.HAL_CAN_TxMailbox2CompleteCallback:00000000 HAL_CAN_TxMailbox2CompleteCallback
     /tmp/cc1LZDaw.s:2146   .text.HAL_CAN_TxMailbox0AbortCallback:00000000 $t
     /tmp/cc1LZDaw.s:2152   .text.HAL_CAN_TxMailbox0AbortCallback:00000000 HAL_CAN_TxMailbox0AbortCallback
     /tmp/cc1LZDaw.s:2167   .text.HAL_CAN_TxMailbox1AbortCallback:00000000 $t
     /tmp/cc1LZDaw.s:2173   .text.HAL_CAN_TxMailbox1AbortCallback:00000000 HAL_CAN_TxMailbox1AbortCallback
     /tmp/cc1LZDaw.s:2188   .text.HAL_CAN_TxMailbox2AbortCallback:00000000 $t
     /tmp/cc1LZDaw.s:2194   .text.HAL_CAN_TxMailbox2AbortCallback:00000000 HAL_CAN_TxMailbox2AbortCallback
     /tmp/cc1LZDaw.s:2209   .text.HAL_CAN_RxFifo0MsgPendingCallback:00000000 $t
     /tmp/cc1LZDaw.s:2215   .text.HAL_CAN_RxFifo0MsgPendingCallback:00000000 HAL_CAN_RxFifo0MsgPendingCallback
     /tmp/cc1LZDaw.s:2230   .text.HAL_CAN_RxFifo0FullCallback:00000000 $t
     /tmp/cc1LZDaw.s:2236   .text.HAL_CAN_RxFifo0FullCallback:00000000 HAL_CAN_RxFifo0FullCallback
ARM GAS  /tmp/cc1LZDaw.s 			page 123


     /tmp/cc1LZDaw.s:2251   .text.HAL_CAN_RxFifo1MsgPendingCallback:00000000 $t
     /tmp/cc1LZDaw.s:2257   .text.HAL_CAN_RxFifo1MsgPendingCallback:00000000 HAL_CAN_RxFifo1MsgPendingCallback
     /tmp/cc1LZDaw.s:2272   .text.HAL_CAN_RxFifo1FullCallback:00000000 $t
     /tmp/cc1LZDaw.s:2278   .text.HAL_CAN_RxFifo1FullCallback:00000000 HAL_CAN_RxFifo1FullCallback
     /tmp/cc1LZDaw.s:2293   .text.HAL_CAN_SleepCallback:00000000 $t
     /tmp/cc1LZDaw.s:2299   .text.HAL_CAN_SleepCallback:00000000 HAL_CAN_SleepCallback
     /tmp/cc1LZDaw.s:2314   .text.HAL_CAN_WakeUpFromRxMsgCallback:00000000 $t
     /tmp/cc1LZDaw.s:2320   .text.HAL_CAN_WakeUpFromRxMsgCallback:00000000 HAL_CAN_WakeUpFromRxMsgCallback
     /tmp/cc1LZDaw.s:2335   .text.HAL_CAN_ErrorCallback:00000000 $t
     /tmp/cc1LZDaw.s:2341   .text.HAL_CAN_ErrorCallback:00000000 HAL_CAN_ErrorCallback
     /tmp/cc1LZDaw.s:2356   .text.HAL_CAN_IRQHandler:00000000 $t
     /tmp/cc1LZDaw.s:2362   .text.HAL_CAN_IRQHandler:00000000 HAL_CAN_IRQHandler
     /tmp/cc1LZDaw.s:2840   .text.HAL_CAN_GetState:00000000 $t
     /tmp/cc1LZDaw.s:2846   .text.HAL_CAN_GetState:00000000 HAL_CAN_GetState
     /tmp/cc1LZDaw.s:2907   .text.HAL_CAN_GetError:00000000 $t
     /tmp/cc1LZDaw.s:2913   .text.HAL_CAN_GetError:00000000 HAL_CAN_GetError
     /tmp/cc1LZDaw.s:2931   .text.HAL_CAN_ResetError:00000000 $t
     /tmp/cc1LZDaw.s:2937   .text.HAL_CAN_ResetError:00000000 HAL_CAN_ResetError

UNDEFINED SYMBOLS
HAL_GetTick
