ARM GAS  /tmp/cc8LcH9P.s 			page 1


   1              		.cpu cortex-m3
   2              		.arch armv7-m
   3              		.fpu softvfp
   4              		.eabi_attribute 20, 1
   5              		.eabi_attribute 21, 1
   6              		.eabi_attribute 23, 3
   7              		.eabi_attribute 24, 1
   8              		.eabi_attribute 25, 1
   9              		.eabi_attribute 26, 1
  10              		.eabi_attribute 30, 1
  11              		.eabi_attribute 34, 1
  12              		.eabi_attribute 18, 4
  13              		.file	"fatfs_sd.c"
  14              		.text
  15              	.Ltext0:
  16              		.cfi_sections	.debug_frame
  17              		.section	.text.SD_PowerOff,"ax",%progbits
  18              		.align	1
  19              		.syntax unified
  20              		.thumb
  21              		.thumb_func
  23              	SD_PowerOff:
  24              	.LFB72:
  25              		.file 1 "FATFS/App/fatfs_sd.c"
   1:FATFS/App/fatfs_sd.c **** #define TRUE 1
   2:FATFS/App/fatfs_sd.c **** #define FALSE 0
   3:FATFS/App/fatfs_sd.c **** #define bool BYTE
   4:FATFS/App/fatfs_sd.c **** 
   5:FATFS/App/fatfs_sd.c **** #include "stm32f1xx_hal.h"
   6:FATFS/App/fatfs_sd.c **** #include "stm32f1xx_hal_spi.h"
   7:FATFS/App/fatfs_sd.c **** #include "stm32f1xx_hal_gpio.h"
   8:FATFS/App/fatfs_sd.c **** #include "main.h"
   9:FATFS/App/fatfs_sd.c **** 
  10:FATFS/App/fatfs_sd.c **** #include "diskio.h"
  11:FATFS/App/fatfs_sd.c **** #include "fatfs_sd.h"
  12:FATFS/App/fatfs_sd.c **** 
  13:FATFS/App/fatfs_sd.c **** extern SPI_HandleTypeDef hspi1;
  14:FATFS/App/fatfs_sd.c **** extern volatile uint16_t Timer1, Timer2;     // Timer que decrementa cada 1 ms
  15:FATFS/App/fatfs_sd.c **** 
  16:FATFS/App/fatfs_sd.c **** static volatile DSTATUS Stat = STA_NOINIT;  // Flag de estado del disco
  17:FATFS/App/fatfs_sd.c **** static uint8_t CardType;                    // Tipo SD  0:MMC, 1:SDC, 2:Block addressing */
  18:FATFS/App/fatfs_sd.c **** static uint8_t PowerFlag = 0;               // Power Flag
  19:FATFS/App/fatfs_sd.c **** 
  20:FATFS/App/fatfs_sd.c **** /* SPI Chip Select */
  21:FATFS/App/fatfs_sd.c **** static void SELECT(void)
  22:FATFS/App/fatfs_sd.c **** {
  23:FATFS/App/fatfs_sd.c ****   HAL_GPIO_WritePin(CS_SPI_GPIO_Port, CS_SPI_Pin, GPIO_PIN_RESET);
  24:FATFS/App/fatfs_sd.c **** }
  25:FATFS/App/fatfs_sd.c **** 
  26:FATFS/App/fatfs_sd.c **** /* SPI Chip Deselect */
  27:FATFS/App/fatfs_sd.c **** static void DESELECT(void)
  28:FATFS/App/fatfs_sd.c **** {
  29:FATFS/App/fatfs_sd.c ****   HAL_GPIO_WritePin(CS_SPI_GPIO_Port, CS_SPI_Pin, GPIO_PIN_SET);
  30:FATFS/App/fatfs_sd.c **** }
  31:FATFS/App/fatfs_sd.c **** 
  32:FATFS/App/fatfs_sd.c **** /* Transferencia de datos SPI */
  33:FATFS/App/fatfs_sd.c **** static void SPI_TxByte(BYTE data)
ARM GAS  /tmp/cc8LcH9P.s 			page 2


  34:FATFS/App/fatfs_sd.c **** {
  35:FATFS/App/fatfs_sd.c ****   while (HAL_SPI_GetState(&hspi1) != HAL_SPI_STATE_READY)
  36:FATFS/App/fatfs_sd.c ****     ;
  37:FATFS/App/fatfs_sd.c ****   HAL_SPI_Transmit(&hspi1, &data, 1, SPI_TIMEOUT);
  38:FATFS/App/fatfs_sd.c **** }
  39:FATFS/App/fatfs_sd.c **** 
  40:FATFS/App/fatfs_sd.c **** /* Función tipo retorno para envío y recepción SPI */
  41:FATFS/App/fatfs_sd.c **** static uint8_t SPI_RxByte(void)
  42:FATFS/App/fatfs_sd.c **** {
  43:FATFS/App/fatfs_sd.c ****   uint8_t dummy, data;
  44:FATFS/App/fatfs_sd.c ****   dummy = 0xFF;
  45:FATFS/App/fatfs_sd.c ****   data = 0;
  46:FATFS/App/fatfs_sd.c **** 
  47:FATFS/App/fatfs_sd.c ****   while ((HAL_SPI_GetState(&hspi1) != HAL_SPI_STATE_READY))
  48:FATFS/App/fatfs_sd.c ****     ;
  49:FATFS/App/fatfs_sd.c ****   HAL_SPI_TransmitReceive(&hspi1, &dummy, &data, 1, SPI_TIMEOUT);
  50:FATFS/App/fatfs_sd.c **** 
  51:FATFS/App/fatfs_sd.c ****   return data;
  52:FATFS/App/fatfs_sd.c **** }
  53:FATFS/App/fatfs_sd.c **** 
  54:FATFS/App/fatfs_sd.c **** /* Función de tipo puntero para envío y recepción SPI */
  55:FATFS/App/fatfs_sd.c **** static void SPI_RxBytePtr(uint8_t *buff)
  56:FATFS/App/fatfs_sd.c **** {
  57:FATFS/App/fatfs_sd.c ****   *buff = SPI_RxByte();
  58:FATFS/App/fatfs_sd.c **** }
  59:FATFS/App/fatfs_sd.c **** 
  60:FATFS/App/fatfs_sd.c **** /* Espera de SD Card Ready (Lista) */
  61:FATFS/App/fatfs_sd.c **** static uint8_t SD_ReadyWait(void)
  62:FATFS/App/fatfs_sd.c **** {
  63:FATFS/App/fatfs_sd.c ****   uint8_t res;
  64:FATFS/App/fatfs_sd.c **** 
  65:FATFS/App/fatfs_sd.c ****   Timer2 = 500;
  66:FATFS/App/fatfs_sd.c ****   SPI_RxByte();
  67:FATFS/App/fatfs_sd.c **** 
  68:FATFS/App/fatfs_sd.c ****   do
  69:FATFS/App/fatfs_sd.c ****   {
  70:FATFS/App/fatfs_sd.c ****     // Comunicación SPI hasta que se reciba el valor 0xFF
  71:FATFS/App/fatfs_sd.c ****     res = SPI_RxByte();
  72:FATFS/App/fatfs_sd.c ****   } while ((res != 0xFF) && Timer2);
  73:FATFS/App/fatfs_sd.c **** 
  74:FATFS/App/fatfs_sd.c ****   return res;
  75:FATFS/App/fatfs_sd.c **** }
  76:FATFS/App/fatfs_sd.c **** 
  77:FATFS/App/fatfs_sd.c **** /* Encendido */
  78:FATFS/App/fatfs_sd.c **** static void SD_PowerOn(void)
  79:FATFS/App/fatfs_sd.c **** {
  80:FATFS/App/fatfs_sd.c ****   uint8_t cmd_arg[6];
  81:FATFS/App/fatfs_sd.c ****   uint32_t Count = 0x1FFF;
  82:FATFS/App/fatfs_sd.c **** 
  83:FATFS/App/fatfs_sd.c ****   // Envía un mensaje SPI en estado Deselect (deseleccionado) para ponerlo en modo de espera (stan
  84:FATFS/App/fatfs_sd.c ****   DESELECT();
  85:FATFS/App/fatfs_sd.c **** 
  86:FATFS/App/fatfs_sd.c ****   for (int i = 0; i < 10; i++)
  87:FATFS/App/fatfs_sd.c ****   {
  88:FATFS/App/fatfs_sd.c ****     SPI_TxByte(0xFF);
  89:FATFS/App/fatfs_sd.c ****   }
  90:FATFS/App/fatfs_sd.c **** 
ARM GAS  /tmp/cc8LcH9P.s 			page 3


  91:FATFS/App/fatfs_sd.c ****   // SPI Chips Select 
  92:FATFS/App/fatfs_sd.c ****   SELECT();
  93:FATFS/App/fatfs_sd.c **** 
  94:FATFS/App/fatfs_sd.c ****   // Transicion al estado GO_IDLE_STATE
  95:FATFS/App/fatfs_sd.c ****   cmd_arg[0] = (CMD0 | 0x40);
  96:FATFS/App/fatfs_sd.c ****   cmd_arg[1] = 0;
  97:FATFS/App/fatfs_sd.c ****   cmd_arg[2] = 0;
  98:FATFS/App/fatfs_sd.c ****   cmd_arg[3] = 0;
  99:FATFS/App/fatfs_sd.c ****   cmd_arg[4] = 0;
 100:FATFS/App/fatfs_sd.c ****   cmd_arg[5] = 0x95;
 101:FATFS/App/fatfs_sd.c **** 
 102:FATFS/App/fatfs_sd.c ****   // Envío de comando
 103:FATFS/App/fatfs_sd.c ****   for (int i = 0; i < 6; i++)
 104:FATFS/App/fatfs_sd.c ****   {
 105:FATFS/App/fatfs_sd.c ****     SPI_TxByte(cmd_arg[i]);
 106:FATFS/App/fatfs_sd.c ****   }
 107:FATFS/App/fatfs_sd.c **** 
 108:FATFS/App/fatfs_sd.c ****   // Espera de respuesta
 109:FATFS/App/fatfs_sd.c ****   while ((SPI_RxByte() != 0x01) && Count)
 110:FATFS/App/fatfs_sd.c ****   {
 111:FATFS/App/fatfs_sd.c ****     Count--;
 112:FATFS/App/fatfs_sd.c ****   }
 113:FATFS/App/fatfs_sd.c **** 
 114:FATFS/App/fatfs_sd.c ****   DESELECT();
 115:FATFS/App/fatfs_sd.c ****   SPI_TxByte(0XFF);
 116:FATFS/App/fatfs_sd.c **** 
 117:FATFS/App/fatfs_sd.c ****   PowerFlag = 1;
 118:FATFS/App/fatfs_sd.c **** }
 119:FATFS/App/fatfs_sd.c **** 
 120:FATFS/App/fatfs_sd.c **** /* Apagado */
 121:FATFS/App/fatfs_sd.c **** static void SD_PowerOff(void)
 122:FATFS/App/fatfs_sd.c **** {
  26              		.loc 1 122 1 view -0
  27              		.cfi_startproc
  28              		@ args = 0, pretend = 0, frame = 0
  29              		@ frame_needed = 0, uses_anonymous_args = 0
  30              		@ link register save eliminated.
 123:FATFS/App/fatfs_sd.c ****   PowerFlag = 0;
  31              		.loc 1 123 3 view .LVU1
  32              		.loc 1 123 13 is_stmt 0 view .LVU2
  33 0000 014B     		ldr	r3, .L2
  34 0002 0022     		movs	r2, #0
  35 0004 1A70     		strb	r2, [r3]
 124:FATFS/App/fatfs_sd.c **** }
  36              		.loc 1 124 1 view .LVU3
  37 0006 7047     		bx	lr
  38              	.L3:
  39              		.align	2
  40              	.L2:
  41 0008 00000000 		.word	.LANCHOR0
  42              		.cfi_endproc
  43              	.LFE72:
  45              		.section	.text.SD_CheckPower,"ax",%progbits
  46              		.align	1
  47              		.syntax unified
  48              		.thumb
  49              		.thumb_func
ARM GAS  /tmp/cc8LcH9P.s 			page 4


  51              	SD_CheckPower:
  52              	.LFB73:
 125:FATFS/App/fatfs_sd.c **** 
 126:FATFS/App/fatfs_sd.c **** /* Verificación del estado de alimentación */
 127:FATFS/App/fatfs_sd.c **** static uint8_t SD_CheckPower(void)
 128:FATFS/App/fatfs_sd.c **** {
  53              		.loc 1 128 1 is_stmt 1 view -0
  54              		.cfi_startproc
  55              		@ args = 0, pretend = 0, frame = 0
  56              		@ frame_needed = 0, uses_anonymous_args = 0
  57              		@ link register save eliminated.
 129:FATFS/App/fatfs_sd.c ****   //  0=off, 1=on
 130:FATFS/App/fatfs_sd.c ****   return PowerFlag;
  58              		.loc 1 130 3 view .LVU5
 131:FATFS/App/fatfs_sd.c **** }
  59              		.loc 1 131 1 is_stmt 0 view .LVU6
  60 0000 014B     		ldr	r3, .L5
  61 0002 1878     		ldrb	r0, [r3]	@ zero_extendqisi2
  62 0004 7047     		bx	lr
  63              	.L6:
  64 0006 00BF     		.align	2
  65              	.L5:
  66 0008 00000000 		.word	.LANCHOR0
  67              		.cfi_endproc
  68              	.LFE73:
  70              		.section	.text.SPI_TxByte,"ax",%progbits
  71              		.align	1
  72              		.syntax unified
  73              		.thumb
  74              		.thumb_func
  76              	SPI_TxByte:
  77              	.LVL0:
  78              	.LFB67:
  34:FATFS/App/fatfs_sd.c ****   while (HAL_SPI_GetState(&hspi1) != HAL_SPI_STATE_READY)
  79              		.loc 1 34 1 is_stmt 1 view -0
  80              		.cfi_startproc
  81              		@ args = 0, pretend = 0, frame = 8
  82              		@ frame_needed = 0, uses_anonymous_args = 0
  34:FATFS/App/fatfs_sd.c ****   while (HAL_SPI_GetState(&hspi1) != HAL_SPI_STATE_READY)
  83              		.loc 1 34 1 is_stmt 0 view .LVU8
  84 0000 00B5     		push	{lr}
  85              	.LCFI0:
  86              		.cfi_def_cfa_offset 4
  87              		.cfi_offset 14, -4
  88 0002 83B0     		sub	sp, sp, #12
  89              	.LCFI1:
  90              		.cfi_def_cfa_offset 16
  91 0004 8DF80700 		strb	r0, [sp, #7]
  35:FATFS/App/fatfs_sd.c ****     ;
  92              		.loc 1 35 3 is_stmt 1 view .LVU9
  93              	.LVL1:
  94              	.L8:
  36:FATFS/App/fatfs_sd.c ****   HAL_SPI_Transmit(&hspi1, &data, 1, SPI_TIMEOUT);
  95              		.loc 1 36 5 discriminator 1 view .LVU10
  35:FATFS/App/fatfs_sd.c ****     ;
  96              		.loc 1 35 9 discriminator 1 view .LVU11
  35:FATFS/App/fatfs_sd.c ****     ;
ARM GAS  /tmp/cc8LcH9P.s 			page 5


  97              		.loc 1 35 10 is_stmt 0 discriminator 1 view .LVU12
  98 0008 0748     		ldr	r0, .L10
  99 000a FFF7FEFF 		bl	HAL_SPI_GetState
 100              	.LVL2:
  35:FATFS/App/fatfs_sd.c ****     ;
 101              		.loc 1 35 9 discriminator 1 view .LVU13
 102 000e 0128     		cmp	r0, #1
 103 0010 FAD1     		bne	.L8
  37:FATFS/App/fatfs_sd.c **** }
 104              		.loc 1 37 3 is_stmt 1 view .LVU14
 105 0012 4FF47A73 		mov	r3, #1000
 106 0016 0122     		movs	r2, #1
 107 0018 0DF10701 		add	r1, sp, #7
 108 001c 0248     		ldr	r0, .L10
 109 001e FFF7FEFF 		bl	HAL_SPI_Transmit
 110              	.LVL3:
  38:FATFS/App/fatfs_sd.c **** 
 111              		.loc 1 38 1 is_stmt 0 view .LVU15
 112 0022 03B0     		add	sp, sp, #12
 113              	.LCFI2:
 114              		.cfi_def_cfa_offset 4
 115              		@ sp needed
 116 0024 5DF804FB 		ldr	pc, [sp], #4
 117              	.L11:
 118              		.align	2
 119              	.L10:
 120 0028 00000000 		.word	hspi1
 121              		.cfi_endproc
 122              	.LFE67:
 124              		.section	.text.SELECT,"ax",%progbits
 125              		.align	1
 126              		.syntax unified
 127              		.thumb
 128              		.thumb_func
 130              	SELECT:
 131              	.LFB65:
  22:FATFS/App/fatfs_sd.c ****   HAL_GPIO_WritePin(CS_SPI_GPIO_Port, CS_SPI_Pin, GPIO_PIN_RESET);
 132              		.loc 1 22 1 is_stmt 1 view -0
 133              		.cfi_startproc
 134              		@ args = 0, pretend = 0, frame = 0
 135              		@ frame_needed = 0, uses_anonymous_args = 0
 136 0000 08B5     		push	{r3, lr}
 137              	.LCFI3:
 138              		.cfi_def_cfa_offset 8
 139              		.cfi_offset 3, -8
 140              		.cfi_offset 14, -4
  23:FATFS/App/fatfs_sd.c **** }
 141              		.loc 1 23 3 view .LVU17
 142 0002 0022     		movs	r2, #0
 143 0004 1021     		movs	r1, #16
 144 0006 0248     		ldr	r0, .L14
 145 0008 FFF7FEFF 		bl	HAL_GPIO_WritePin
 146              	.LVL4:
  24:FATFS/App/fatfs_sd.c **** 
 147              		.loc 1 24 1 is_stmt 0 view .LVU18
 148 000c 08BD     		pop	{r3, pc}
 149              	.L15:
ARM GAS  /tmp/cc8LcH9P.s 			page 6


 150 000e 00BF     		.align	2
 151              	.L14:
 152 0010 00080140 		.word	1073809408
 153              		.cfi_endproc
 154              	.LFE65:
 156              		.section	.text.DESELECT,"ax",%progbits
 157              		.align	1
 158              		.syntax unified
 159              		.thumb
 160              		.thumb_func
 162              	DESELECT:
 163              	.LFB66:
  28:FATFS/App/fatfs_sd.c ****   HAL_GPIO_WritePin(CS_SPI_GPIO_Port, CS_SPI_Pin, GPIO_PIN_SET);
 164              		.loc 1 28 1 is_stmt 1 view -0
 165              		.cfi_startproc
 166              		@ args = 0, pretend = 0, frame = 0
 167              		@ frame_needed = 0, uses_anonymous_args = 0
 168 0000 08B5     		push	{r3, lr}
 169              	.LCFI4:
 170              		.cfi_def_cfa_offset 8
 171              		.cfi_offset 3, -8
 172              		.cfi_offset 14, -4
  29:FATFS/App/fatfs_sd.c **** }
 173              		.loc 1 29 3 view .LVU20
 174 0002 0122     		movs	r2, #1
 175 0004 1021     		movs	r1, #16
 176 0006 0248     		ldr	r0, .L18
 177 0008 FFF7FEFF 		bl	HAL_GPIO_WritePin
 178              	.LVL5:
  30:FATFS/App/fatfs_sd.c **** 
 179              		.loc 1 30 1 is_stmt 0 view .LVU21
 180 000c 08BD     		pop	{r3, pc}
 181              	.L19:
 182 000e 00BF     		.align	2
 183              	.L18:
 184 0010 00080140 		.word	1073809408
 185              		.cfi_endproc
 186              	.LFE66:
 188              		.section	.text.SPI_RxByte,"ax",%progbits
 189              		.align	1
 190              		.syntax unified
 191              		.thumb
 192              		.thumb_func
 194              	SPI_RxByte:
 195              	.LFB68:
  42:FATFS/App/fatfs_sd.c ****   uint8_t dummy, data;
 196              		.loc 1 42 1 is_stmt 1 view -0
 197              		.cfi_startproc
 198              		@ args = 0, pretend = 0, frame = 8
 199              		@ frame_needed = 0, uses_anonymous_args = 0
 200 0000 00B5     		push	{lr}
 201              	.LCFI5:
 202              		.cfi_def_cfa_offset 4
 203              		.cfi_offset 14, -4
 204 0002 85B0     		sub	sp, sp, #20
 205              	.LCFI6:
 206              		.cfi_def_cfa_offset 24
ARM GAS  /tmp/cc8LcH9P.s 			page 7


  43:FATFS/App/fatfs_sd.c ****   dummy = 0xFF;
 207              		.loc 1 43 3 view .LVU23
  44:FATFS/App/fatfs_sd.c ****   data = 0;
 208              		.loc 1 44 3 view .LVU24
  44:FATFS/App/fatfs_sd.c ****   data = 0;
 209              		.loc 1 44 9 is_stmt 0 view .LVU25
 210 0004 FF23     		movs	r3, #255
 211 0006 8DF80F30 		strb	r3, [sp, #15]
  45:FATFS/App/fatfs_sd.c **** 
 212              		.loc 1 45 3 is_stmt 1 view .LVU26
  45:FATFS/App/fatfs_sd.c **** 
 213              		.loc 1 45 8 is_stmt 0 view .LVU27
 214 000a 0023     		movs	r3, #0
 215 000c 8DF80E30 		strb	r3, [sp, #14]
  47:FATFS/App/fatfs_sd.c ****     ;
 216              		.loc 1 47 3 is_stmt 1 view .LVU28
 217              	.L21:
  48:FATFS/App/fatfs_sd.c ****   HAL_SPI_TransmitReceive(&hspi1, &dummy, &data, 1, SPI_TIMEOUT);
 218              		.loc 1 48 5 discriminator 1 view .LVU29
  47:FATFS/App/fatfs_sd.c ****     ;
 219              		.loc 1 47 9 discriminator 1 view .LVU30
  47:FATFS/App/fatfs_sd.c ****     ;
 220              		.loc 1 47 11 is_stmt 0 discriminator 1 view .LVU31
 221 0010 0A48     		ldr	r0, .L23
 222 0012 FFF7FEFF 		bl	HAL_SPI_GetState
 223              	.LVL6:
  47:FATFS/App/fatfs_sd.c ****     ;
 224              		.loc 1 47 9 discriminator 1 view .LVU32
 225 0016 0128     		cmp	r0, #1
 226 0018 FAD1     		bne	.L21
  49:FATFS/App/fatfs_sd.c **** 
 227              		.loc 1 49 3 is_stmt 1 view .LVU33
 228 001a 4FF47A73 		mov	r3, #1000
 229 001e 0093     		str	r3, [sp]
 230 0020 0123     		movs	r3, #1
 231 0022 0DF10E02 		add	r2, sp, #14
 232 0026 0DF10F01 		add	r1, sp, #15
 233 002a 0448     		ldr	r0, .L23
 234 002c FFF7FEFF 		bl	HAL_SPI_TransmitReceive
 235              	.LVL7:
  51:FATFS/App/fatfs_sd.c **** }
 236              		.loc 1 51 3 view .LVU34
  52:FATFS/App/fatfs_sd.c **** 
 237              		.loc 1 52 1 is_stmt 0 view .LVU35
 238 0030 9DF80E00 		ldrb	r0, [sp, #14]	@ zero_extendqisi2
 239 0034 05B0     		add	sp, sp, #20
 240              	.LCFI7:
 241              		.cfi_def_cfa_offset 4
 242              		@ sp needed
 243 0036 5DF804FB 		ldr	pc, [sp], #4
 244              	.L24:
 245 003a 00BF     		.align	2
 246              	.L23:
 247 003c 00000000 		.word	hspi1
 248              		.cfi_endproc
 249              	.LFE68:
 251              		.section	.text.SD_PowerOn,"ax",%progbits
ARM GAS  /tmp/cc8LcH9P.s 			page 8


 252              		.align	1
 253              		.syntax unified
 254              		.thumb
 255              		.thumb_func
 257              	SD_PowerOn:
 258              	.LFB71:
  79:FATFS/App/fatfs_sd.c ****   uint8_t cmd_arg[6];
 259              		.loc 1 79 1 is_stmt 1 view -0
 260              		.cfi_startproc
 261              		@ args = 0, pretend = 0, frame = 8
 262              		@ frame_needed = 0, uses_anonymous_args = 0
 263 0000 10B5     		push	{r4, lr}
 264              	.LCFI8:
 265              		.cfi_def_cfa_offset 8
 266              		.cfi_offset 4, -8
 267              		.cfi_offset 14, -4
 268 0002 82B0     		sub	sp, sp, #8
 269              	.LCFI9:
 270              		.cfi_def_cfa_offset 16
  80:FATFS/App/fatfs_sd.c ****   uint32_t Count = 0x1FFF;
 271              		.loc 1 80 3 view .LVU37
  81:FATFS/App/fatfs_sd.c **** 
 272              		.loc 1 81 3 view .LVU38
 273              	.LVL8:
  84:FATFS/App/fatfs_sd.c **** 
 274              		.loc 1 84 3 view .LVU39
 275 0004 FFF7FEFF 		bl	DESELECT
 276              	.LVL9:
  86:FATFS/App/fatfs_sd.c ****   {
 277              		.loc 1 86 3 view .LVU40
 278              	.LBB2:
  86:FATFS/App/fatfs_sd.c ****   {
 279              		.loc 1 86 8 view .LVU41
  86:FATFS/App/fatfs_sd.c ****   {
 280              		.loc 1 86 12 is_stmt 0 view .LVU42
 281 0008 0024     		movs	r4, #0
  86:FATFS/App/fatfs_sd.c ****   {
 282              		.loc 1 86 3 view .LVU43
 283 000a 03E0     		b	.L26
 284              	.LVL10:
 285              	.L27:
  88:FATFS/App/fatfs_sd.c ****   }
 286              		.loc 1 88 5 is_stmt 1 discriminator 3 view .LVU44
 287 000c FF20     		movs	r0, #255
 288 000e FFF7FEFF 		bl	SPI_TxByte
 289              	.LVL11:
  86:FATFS/App/fatfs_sd.c ****   {
 290              		.loc 1 86 27 discriminator 3 view .LVU45
  86:FATFS/App/fatfs_sd.c ****   {
 291              		.loc 1 86 28 is_stmt 0 discriminator 3 view .LVU46
 292 0012 0134     		adds	r4, r4, #1
 293              	.LVL12:
 294              	.L26:
  86:FATFS/App/fatfs_sd.c ****   {
 295              		.loc 1 86 19 is_stmt 1 discriminator 1 view .LVU47
  86:FATFS/App/fatfs_sd.c ****   {
 296              		.loc 1 86 3 is_stmt 0 discriminator 1 view .LVU48
ARM GAS  /tmp/cc8LcH9P.s 			page 9


 297 0014 092C     		cmp	r4, #9
 298 0016 F9DD     		ble	.L27
 299              	.LBE2:
  92:FATFS/App/fatfs_sd.c **** 
 300              		.loc 1 92 3 is_stmt 1 view .LVU49
 301 0018 FFF7FEFF 		bl	SELECT
 302              	.LVL13:
  95:FATFS/App/fatfs_sd.c ****   cmd_arg[1] = 0;
 303              		.loc 1 95 3 view .LVU50
  95:FATFS/App/fatfs_sd.c ****   cmd_arg[1] = 0;
 304              		.loc 1 95 14 is_stmt 0 view .LVU51
 305 001c 4023     		movs	r3, #64
 306 001e 8DF80030 		strb	r3, [sp]
  96:FATFS/App/fatfs_sd.c ****   cmd_arg[2] = 0;
 307              		.loc 1 96 3 is_stmt 1 view .LVU52
  96:FATFS/App/fatfs_sd.c ****   cmd_arg[2] = 0;
 308              		.loc 1 96 14 is_stmt 0 view .LVU53
 309 0022 0024     		movs	r4, #0
 310              	.LVL14:
  96:FATFS/App/fatfs_sd.c ****   cmd_arg[2] = 0;
 311              		.loc 1 96 14 view .LVU54
 312 0024 8DF80140 		strb	r4, [sp, #1]
  97:FATFS/App/fatfs_sd.c ****   cmd_arg[3] = 0;
 313              		.loc 1 97 3 is_stmt 1 view .LVU55
  97:FATFS/App/fatfs_sd.c ****   cmd_arg[3] = 0;
 314              		.loc 1 97 14 is_stmt 0 view .LVU56
 315 0028 8DF80240 		strb	r4, [sp, #2]
  98:FATFS/App/fatfs_sd.c ****   cmd_arg[4] = 0;
 316              		.loc 1 98 3 is_stmt 1 view .LVU57
  98:FATFS/App/fatfs_sd.c ****   cmd_arg[4] = 0;
 317              		.loc 1 98 14 is_stmt 0 view .LVU58
 318 002c 8DF80340 		strb	r4, [sp, #3]
  99:FATFS/App/fatfs_sd.c ****   cmd_arg[5] = 0x95;
 319              		.loc 1 99 3 is_stmt 1 view .LVU59
  99:FATFS/App/fatfs_sd.c ****   cmd_arg[5] = 0x95;
 320              		.loc 1 99 14 is_stmt 0 view .LVU60
 321 0030 8DF80440 		strb	r4, [sp, #4]
 100:FATFS/App/fatfs_sd.c **** 
 322              		.loc 1 100 3 is_stmt 1 view .LVU61
 100:FATFS/App/fatfs_sd.c **** 
 323              		.loc 1 100 14 is_stmt 0 view .LVU62
 324 0034 9523     		movs	r3, #149
 325 0036 8DF80530 		strb	r3, [sp, #5]
 103:FATFS/App/fatfs_sd.c ****   {
 326              		.loc 1 103 3 is_stmt 1 view .LVU63
 327              	.LBB3:
 103:FATFS/App/fatfs_sd.c ****   {
 328              		.loc 1 103 8 view .LVU64
 329              	.LVL15:
 103:FATFS/App/fatfs_sd.c ****   {
 330              		.loc 1 103 3 is_stmt 0 view .LVU65
 331 003a 07E0     		b	.L28
 332              	.LVL16:
 333              	.L29:
 105:FATFS/App/fatfs_sd.c ****   }
 334              		.loc 1 105 5 is_stmt 1 discriminator 3 view .LVU66
 335 003c 04F10803 		add	r3, r4, #8
ARM GAS  /tmp/cc8LcH9P.s 			page 10


 336 0040 6B44     		add	r3, sp, r3
 337 0042 13F8080C 		ldrb	r0, [r3, #-8]	@ zero_extendqisi2
 338 0046 FFF7FEFF 		bl	SPI_TxByte
 339              	.LVL17:
 103:FATFS/App/fatfs_sd.c ****   {
 340              		.loc 1 103 26 discriminator 3 view .LVU67
 103:FATFS/App/fatfs_sd.c ****   {
 341              		.loc 1 103 27 is_stmt 0 discriminator 3 view .LVU68
 342 004a 0134     		adds	r4, r4, #1
 343              	.LVL18:
 344              	.L28:
 103:FATFS/App/fatfs_sd.c ****   {
 345              		.loc 1 103 19 is_stmt 1 discriminator 1 view .LVU69
 103:FATFS/App/fatfs_sd.c ****   {
 346              		.loc 1 103 3 is_stmt 0 discriminator 1 view .LVU70
 347 004c 052C     		cmp	r4, #5
 348 004e F5DD     		ble	.L29
 349              	.LBE3:
  81:FATFS/App/fatfs_sd.c **** 
 350              		.loc 1 81 12 view .LVU71
 351 0050 41F6FF74 		movw	r4, #8191
 352              	.LVL19:
 353              	.L30:
 109:FATFS/App/fatfs_sd.c ****   {
 354              		.loc 1 109 9 is_stmt 1 view .LVU72
 109:FATFS/App/fatfs_sd.c ****   {
 355              		.loc 1 109 11 is_stmt 0 view .LVU73
 356 0054 FFF7FEFF 		bl	SPI_RxByte
 357              	.LVL20:
 109:FATFS/App/fatfs_sd.c ****   {
 358              		.loc 1 109 9 view .LVU74
 359 0058 0128     		cmp	r0, #1
 360 005a 02D0     		beq	.L31
 109:FATFS/App/fatfs_sd.c ****   {
 361              		.loc 1 109 33 discriminator 1 view .LVU75
 362 005c 0CB1     		cbz	r4, .L31
 111:FATFS/App/fatfs_sd.c ****   }
 363              		.loc 1 111 5 is_stmt 1 view .LVU76
 111:FATFS/App/fatfs_sd.c ****   }
 364              		.loc 1 111 10 is_stmt 0 view .LVU77
 365 005e 013C     		subs	r4, r4, #1
 366              	.LVL21:
 111:FATFS/App/fatfs_sd.c ****   }
 367              		.loc 1 111 10 view .LVU78
 368 0060 F8E7     		b	.L30
 369              	.L31:
 114:FATFS/App/fatfs_sd.c ****   SPI_TxByte(0XFF);
 370              		.loc 1 114 3 is_stmt 1 view .LVU79
 371 0062 FFF7FEFF 		bl	DESELECT
 372              	.LVL22:
 115:FATFS/App/fatfs_sd.c **** 
 373              		.loc 1 115 3 view .LVU80
 374 0066 FF20     		movs	r0, #255
 375 0068 FFF7FEFF 		bl	SPI_TxByte
 376              	.LVL23:
 117:FATFS/App/fatfs_sd.c **** }
 377              		.loc 1 117 3 view .LVU81
ARM GAS  /tmp/cc8LcH9P.s 			page 11


 117:FATFS/App/fatfs_sd.c **** }
 378              		.loc 1 117 13 is_stmt 0 view .LVU82
 379 006c 024B     		ldr	r3, .L34
 380 006e 0122     		movs	r2, #1
 381 0070 1A70     		strb	r2, [r3]
 118:FATFS/App/fatfs_sd.c **** 
 382              		.loc 1 118 1 view .LVU83
 383 0072 02B0     		add	sp, sp, #8
 384              	.LCFI10:
 385              		.cfi_def_cfa_offset 8
 386              		@ sp needed
 387 0074 10BD     		pop	{r4, pc}
 388              	.LVL24:
 389              	.L35:
 118:FATFS/App/fatfs_sd.c **** 
 390              		.loc 1 118 1 view .LVU84
 391 0076 00BF     		.align	2
 392              	.L34:
 393 0078 00000000 		.word	.LANCHOR0
 394              		.cfi_endproc
 395              	.LFE71:
 397              		.section	.text.SD_ReadyWait,"ax",%progbits
 398              		.align	1
 399              		.syntax unified
 400              		.thumb
 401              		.thumb_func
 403              	SD_ReadyWait:
 404              	.LFB70:
  62:FATFS/App/fatfs_sd.c ****   uint8_t res;
 405              		.loc 1 62 1 is_stmt 1 view -0
 406              		.cfi_startproc
 407              		@ args = 0, pretend = 0, frame = 0
 408              		@ frame_needed = 0, uses_anonymous_args = 0
 409 0000 08B5     		push	{r3, lr}
 410              	.LCFI11:
 411              		.cfi_def_cfa_offset 8
 412              		.cfi_offset 3, -8
 413              		.cfi_offset 14, -4
  63:FATFS/App/fatfs_sd.c **** 
 414              		.loc 1 63 3 view .LVU86
  65:FATFS/App/fatfs_sd.c ****   SPI_RxByte();
 415              		.loc 1 65 3 view .LVU87
  65:FATFS/App/fatfs_sd.c ****   SPI_RxByte();
 416              		.loc 1 65 10 is_stmt 0 view .LVU88
 417 0002 084B     		ldr	r3, .L40
 418 0004 4FF4FA72 		mov	r2, #500
 419 0008 1A80     		strh	r2, [r3]	@ movhi
  66:FATFS/App/fatfs_sd.c **** 
 420              		.loc 1 66 3 is_stmt 1 view .LVU89
 421 000a FFF7FEFF 		bl	SPI_RxByte
 422              	.LVL25:
 423              	.L38:
  68:FATFS/App/fatfs_sd.c ****   {
 424              		.loc 1 68 3 discriminator 2 view .LVU90
  71:FATFS/App/fatfs_sd.c ****   } while ((res != 0xFF) && Timer2);
 425              		.loc 1 71 5 discriminator 2 view .LVU91
  71:FATFS/App/fatfs_sd.c ****   } while ((res != 0xFF) && Timer2);
ARM GAS  /tmp/cc8LcH9P.s 			page 12


 426              		.loc 1 71 11 is_stmt 0 discriminator 2 view .LVU92
 427 000e FFF7FEFF 		bl	SPI_RxByte
 428              	.LVL26:
  72:FATFS/App/fatfs_sd.c **** 
 429              		.loc 1 72 11 is_stmt 1 discriminator 2 view .LVU93
  72:FATFS/App/fatfs_sd.c **** 
 430              		.loc 1 72 3 is_stmt 0 discriminator 2 view .LVU94
 431 0012 FF28     		cmp	r0, #255
 432 0014 04D0     		beq	.L37
  72:FATFS/App/fatfs_sd.c **** 
 433              		.loc 1 72 26 discriminator 1 view .LVU95
 434 0016 034B     		ldr	r3, .L40
 435 0018 1B88     		ldrh	r3, [r3]
 436 001a 9BB2     		uxth	r3, r3
 437 001c 002B     		cmp	r3, #0
 438 001e F6D1     		bne	.L38
 439              	.L37:
  74:FATFS/App/fatfs_sd.c **** }
 440              		.loc 1 74 3 is_stmt 1 view .LVU96
  75:FATFS/App/fatfs_sd.c **** 
 441              		.loc 1 75 1 is_stmt 0 view .LVU97
 442 0020 08BD     		pop	{r3, pc}
 443              	.L41:
 444 0022 00BF     		.align	2
 445              	.L40:
 446 0024 00000000 		.word	Timer2
 447              		.cfi_endproc
 448              	.LFE70:
 450              		.section	.text.SD_SendCmd,"ax",%progbits
 451              		.align	1
 452              		.syntax unified
 453              		.thumb
 454              		.thumb_func
 456              	SD_SendCmd:
 457              	.LVL27:
 458              	.LFB76:
 132:FATFS/App/fatfs_sd.c **** 
 133:FATFS/App/fatfs_sd.c **** /* Recepción de paquetes de datos */
 134:FATFS/App/fatfs_sd.c **** static bool SD_RxDataBlock(BYTE *buff, UINT btr)
 135:FATFS/App/fatfs_sd.c **** {
 136:FATFS/App/fatfs_sd.c ****   uint8_t token;
 137:FATFS/App/fatfs_sd.c **** 
 138:FATFS/App/fatfs_sd.c ****   Timer1 = 100;
 139:FATFS/App/fatfs_sd.c **** 
 140:FATFS/App/fatfs_sd.c ****   // Espera de respuesta
 141:FATFS/App/fatfs_sd.c ****   do
 142:FATFS/App/fatfs_sd.c ****   {
 143:FATFS/App/fatfs_sd.c ****     token = SPI_RxByte();
 144:FATFS/App/fatfs_sd.c ****   } while ((token == 0xFF) && Timer1);
 145:FATFS/App/fatfs_sd.c **** 
 146:FATFS/App/fatfs_sd.c ****   // Manejo de errores al recibir un token distinto de 0xFE
 147:FATFS/App/fatfs_sd.c ****   if (token != 0xFE)
 148:FATFS/App/fatfs_sd.c ****     return FALSE;
 149:FATFS/App/fatfs_sd.c **** 
 150:FATFS/App/fatfs_sd.c ****   // Recepción de datos en el búfer
 151:FATFS/App/fatfs_sd.c ****   while (btr--)
 152:FATFS/App/fatfs_sd.c ****   {
ARM GAS  /tmp/cc8LcH9P.s 			page 13


 153:FATFS/App/fatfs_sd.c ****     SPI_RxBytePtr(buff++);
 154:FATFS/App/fatfs_sd.c ****   }
 155:FATFS/App/fatfs_sd.c **** 
 156:FATFS/App/fatfs_sd.c ****   SPI_RxByte(); // Ignorar CRC
 157:FATFS/App/fatfs_sd.c ****   SPI_RxByte();
 158:FATFS/App/fatfs_sd.c **** 
 159:FATFS/App/fatfs_sd.c ****   return TRUE;
 160:FATFS/App/fatfs_sd.c **** }
 161:FATFS/App/fatfs_sd.c **** 
 162:FATFS/App/fatfs_sd.c **** /* Paquete de transferencia de datos */
 163:FATFS/App/fatfs_sd.c **** #if _READONLY == 0
 164:FATFS/App/fatfs_sd.c **** static bool SD_TxDataBlock(const BYTE *buff, BYTE token)
 165:FATFS/App/fatfs_sd.c **** {
 166:FATFS/App/fatfs_sd.c ****   uint8_t resp = 0xFF, i = 0; // Inicialización de respuesta
 167:FATFS/App/fatfs_sd.c ****   uint16_t wc;
 168:FATFS/App/fatfs_sd.c **** 
 169:FATFS/App/fatfs_sd.c ****   // Espera de preparación de la tarjeta SD
 170:FATFS/App/fatfs_sd.c ****   if (SD_ReadyWait() != 0xFF)
 171:FATFS/App/fatfs_sd.c ****     return FALSE;
 172:FATFS/App/fatfs_sd.c **** 
 173:FATFS/App/fatfs_sd.c ****   // Envío de token
 174:FATFS/App/fatfs_sd.c ****   SPI_TxByte(token);
 175:FATFS/App/fatfs_sd.c **** 
 176:FATFS/App/fatfs_sd.c ****   // En caso de ser un token de datos
 177:FATFS/App/fatfs_sd.c ****   if (token != 0xFD)
 178:FATFS/App/fatfs_sd.c ****   {
 179:FATFS/App/fatfs_sd.c ****     wc = 512;
 180:FATFS/App/fatfs_sd.c **** 
 181:FATFS/App/fatfs_sd.c ****     // Transferencia de datos de 512 bytes
 182:FATFS/App/fatfs_sd.c ****     while (wc--)
 183:FATFS/App/fatfs_sd.c ****     {
 184:FATFS/App/fatfs_sd.c ****       SPI_TxByte(*buff++);
 185:FATFS/App/fatfs_sd.c ****     }
 186:FATFS/App/fatfs_sd.c **** 
 187:FATFS/App/fatfs_sd.c ****     SPI_RxByte(); // Ignorar CRC
 188:FATFS/App/fatfs_sd.c ****     SPI_RxByte();
 189:FATFS/App/fatfs_sd.c **** 
 190:FATFS/App/fatfs_sd.c ****     // Recepción de respuesta de datos
 191:FATFS/App/fatfs_sd.c ****     while (i <= 64)
 192:FATFS/App/fatfs_sd.c ****     {
 193:FATFS/App/fatfs_sd.c ****       resp = SPI_RxByte();
 194:FATFS/App/fatfs_sd.c **** 
 195:FATFS/App/fatfs_sd.c ****       if ((resp & 0x1F) == 0x05)
 196:FATFS/App/fatfs_sd.c ****         break;
 197:FATFS/App/fatfs_sd.c **** 
 198:FATFS/App/fatfs_sd.c ****       i++;
 199:FATFS/App/fatfs_sd.c ****     }
 200:FATFS/App/fatfs_sd.c **** 
 201:FATFS/App/fatfs_sd.c ****     // Limpieza del búfer de recepción SPI - Tiempo de espera (timeout) añadido
 202:FATFS/App/fatfs_sd.c ****     Timer1 = 200;
 203:FATFS/App/fatfs_sd.c ****     while (SPI_RxByte() == 0 && Timer1)
 204:FATFS/App/fatfs_sd.c ****       ;
 205:FATFS/App/fatfs_sd.c ****   }
 206:FATFS/App/fatfs_sd.c **** 
 207:FATFS/App/fatfs_sd.c ****   if ((resp & 0x1F) == 0x05)
 208:FATFS/App/fatfs_sd.c ****     return TRUE;
 209:FATFS/App/fatfs_sd.c ****   else
ARM GAS  /tmp/cc8LcH9P.s 			page 14


 210:FATFS/App/fatfs_sd.c ****     return FALSE;
 211:FATFS/App/fatfs_sd.c **** }
 212:FATFS/App/fatfs_sd.c **** #endif /* _READONLY */
 213:FATFS/App/fatfs_sd.c **** 
 214:FATFS/App/fatfs_sd.c **** /* Envío de paquete de comando (CMD) */
 215:FATFS/App/fatfs_sd.c **** static BYTE SD_SendCmd(BYTE cmd, DWORD arg)
 216:FATFS/App/fatfs_sd.c **** {
 459              		.loc 1 216 1 is_stmt 1 view -0
 460              		.cfi_startproc
 461              		@ args = 0, pretend = 0, frame = 0
 462              		@ frame_needed = 0, uses_anonymous_args = 0
 463              		.loc 1 216 1 is_stmt 0 view .LVU99
 464 0000 38B5     		push	{r3, r4, r5, lr}
 465              	.LCFI12:
 466              		.cfi_def_cfa_offset 16
 467              		.cfi_offset 3, -16
 468              		.cfi_offset 4, -12
 469              		.cfi_offset 5, -8
 470              		.cfi_offset 14, -4
 471 0002 0446     		mov	r4, r0
 472 0004 0D46     		mov	r5, r1
 217:FATFS/App/fatfs_sd.c ****   uint8_t crc, res;
 473              		.loc 1 217 3 is_stmt 1 view .LVU100
 218:FATFS/App/fatfs_sd.c **** 
 219:FATFS/App/fatfs_sd.c ****   if (SD_ReadyWait() != 0xFF)
 474              		.loc 1 219 3 view .LVU101
 475              		.loc 1 219 7 is_stmt 0 view .LVU102
 476 0006 FFF7FEFF 		bl	SD_ReadyWait
 477              	.LVL28:
 478              		.loc 1 219 6 view .LVU103
 479 000a FF28     		cmp	r0, #255
 480 000c 01D0     		beq	.L52
 220:FATFS/App/fatfs_sd.c ****     return 0xFF;
 481              		.loc 1 220 12 view .LVU104
 482 000e FF20     		movs	r0, #255
 483              	.L43:
 221:FATFS/App/fatfs_sd.c **** 
 222:FATFS/App/fatfs_sd.c ****   // Envío de paquete de comando
 223:FATFS/App/fatfs_sd.c ****   SPI_TxByte(cmd);               // Command
 224:FATFS/App/fatfs_sd.c ****   SPI_TxByte((BYTE)(arg >> 24)); // Argument[31..24]
 225:FATFS/App/fatfs_sd.c ****   SPI_TxByte((BYTE)(arg >> 16)); // Argument[23..16]
 226:FATFS/App/fatfs_sd.c ****   SPI_TxByte((BYTE)(arg >> 8));  // Argument[15..8]
 227:FATFS/App/fatfs_sd.c ****   SPI_TxByte((BYTE)arg);         // Argument[7..0]
 228:FATFS/App/fatfs_sd.c ****   // Preparación de CRC según comando
 229:FATFS/App/fatfs_sd.c ****   crc = 0;
 230:FATFS/App/fatfs_sd.c ****   if (cmd == CMD0)
 231:FATFS/App/fatfs_sd.c ****     crc = 0x95; // CRC for CMD0(0)
 232:FATFS/App/fatfs_sd.c **** 
 233:FATFS/App/fatfs_sd.c ****   if (cmd == CMD8)
 234:FATFS/App/fatfs_sd.c ****     crc = 0x87; // CRC for CMD8(0x1AA)
 235:FATFS/App/fatfs_sd.c **** 
 236:FATFS/App/fatfs_sd.c ****   // Transferencia CRC
 237:FATFS/App/fatfs_sd.c ****   SPI_TxByte(crc);
 238:FATFS/App/fatfs_sd.c **** 
 239:FATFS/App/fatfs_sd.c ****   // En caso del comando CMD12 (Stop Reading), se descarta un byte de respuesta
 240:FATFS/App/fatfs_sd.c ****   if (cmd == CMD12)
 241:FATFS/App/fatfs_sd.c ****     SPI_RxByte();
ARM GAS  /tmp/cc8LcH9P.s 			page 15


 242:FATFS/App/fatfs_sd.c **** 
 243:FATFS/App/fatfs_sd.c ****   // Se reciben datos normales dentro de 10 intentos
 244:FATFS/App/fatfs_sd.c ****   uint8_t n = 10;
 245:FATFS/App/fatfs_sd.c ****   do
 246:FATFS/App/fatfs_sd.c ****   {
 247:FATFS/App/fatfs_sd.c ****     res = SPI_RxByte();
 248:FATFS/App/fatfs_sd.c ****   } while ((res & 0x80) && --n);
 249:FATFS/App/fatfs_sd.c **** 
 250:FATFS/App/fatfs_sd.c ****   return res;
 251:FATFS/App/fatfs_sd.c **** }
 484              		.loc 1 251 1 view .LVU105
 485 0010 38BD     		pop	{r3, r4, r5, pc}
 486              	.LVL29:
 487              	.L52:
 223:FATFS/App/fatfs_sd.c ****   SPI_TxByte((BYTE)(arg >> 24)); // Argument[31..24]
 488              		.loc 1 223 3 is_stmt 1 view .LVU106
 489 0012 2046     		mov	r0, r4
 490 0014 FFF7FEFF 		bl	SPI_TxByte
 491              	.LVL30:
 224:FATFS/App/fatfs_sd.c ****   SPI_TxByte((BYTE)(arg >> 16)); // Argument[23..16]
 492              		.loc 1 224 3 view .LVU107
 493 0018 280E     		lsrs	r0, r5, #24
 494 001a FFF7FEFF 		bl	SPI_TxByte
 495              	.LVL31:
 225:FATFS/App/fatfs_sd.c ****   SPI_TxByte((BYTE)(arg >> 8));  // Argument[15..8]
 496              		.loc 1 225 3 view .LVU108
 497 001e C5F30740 		ubfx	r0, r5, #16, #8
 498 0022 FFF7FEFF 		bl	SPI_TxByte
 499              	.LVL32:
 226:FATFS/App/fatfs_sd.c ****   SPI_TxByte((BYTE)arg);         // Argument[7..0]
 500              		.loc 1 226 3 view .LVU109
 501 0026 C5F30720 		ubfx	r0, r5, #8, #8
 502 002a FFF7FEFF 		bl	SPI_TxByte
 503              	.LVL33:
 227:FATFS/App/fatfs_sd.c ****   // Preparación de CRC según comando
 504              		.loc 1 227 3 view .LVU110
 505 002e E8B2     		uxtb	r0, r5
 506 0030 FFF7FEFF 		bl	SPI_TxByte
 507              	.LVL34:
 229:FATFS/App/fatfs_sd.c ****   if (cmd == CMD0)
 508              		.loc 1 229 3 view .LVU111
 230:FATFS/App/fatfs_sd.c ****     crc = 0x95; // CRC for CMD0(0)
 509              		.loc 1 230 3 view .LVU112
 230:FATFS/App/fatfs_sd.c ****     crc = 0x95; // CRC for CMD0(0)
 510              		.loc 1 230 6 is_stmt 0 view .LVU113
 511 0034 402C     		cmp	r4, #64
 512 0036 11D0     		beq	.L49
 229:FATFS/App/fatfs_sd.c ****   if (cmd == CMD0)
 513              		.loc 1 229 7 view .LVU114
 514 0038 0020     		movs	r0, #0
 515              	.L44:
 516              	.LVL35:
 233:FATFS/App/fatfs_sd.c ****     crc = 0x87; // CRC for CMD8(0x1AA)
 517              		.loc 1 233 3 is_stmt 1 view .LVU115
 233:FATFS/App/fatfs_sd.c ****     crc = 0x87; // CRC for CMD8(0x1AA)
 518              		.loc 1 233 6 is_stmt 0 view .LVU116
 519 003a 482C     		cmp	r4, #72
ARM GAS  /tmp/cc8LcH9P.s 			page 16


 520 003c 10D0     		beq	.L53
 521              	.LVL36:
 522              	.L45:
 237:FATFS/App/fatfs_sd.c **** 
 523              		.loc 1 237 3 is_stmt 1 view .LVU117
 524 003e FFF7FEFF 		bl	SPI_TxByte
 525              	.LVL37:
 240:FATFS/App/fatfs_sd.c ****     SPI_RxByte();
 526              		.loc 1 240 3 view .LVU118
 240:FATFS/App/fatfs_sd.c ****     SPI_RxByte();
 527              		.loc 1 240 6 is_stmt 0 view .LVU119
 528 0042 4C2C     		cmp	r4, #76
 529 0044 0ED0     		beq	.L54
 530              	.L46:
 234:FATFS/App/fatfs_sd.c **** 
 531              		.loc 1 234 9 discriminator 2 view .LVU120
 532 0046 0A24     		movs	r4, #10
 533              	.L47:
 534              	.LVL38:
 245:FATFS/App/fatfs_sd.c ****   {
 535              		.loc 1 245 3 is_stmt 1 discriminator 2 view .LVU121
 247:FATFS/App/fatfs_sd.c ****   } while ((res & 0x80) && --n);
 536              		.loc 1 247 5 discriminator 2 view .LVU122
 247:FATFS/App/fatfs_sd.c ****   } while ((res & 0x80) && --n);
 537              		.loc 1 247 11 is_stmt 0 discriminator 2 view .LVU123
 538 0048 FFF7FEFF 		bl	SPI_RxByte
 539              	.LVL39:
 248:FATFS/App/fatfs_sd.c **** 
 540              		.loc 1 248 11 is_stmt 1 discriminator 2 view .LVU124
 248:FATFS/App/fatfs_sd.c **** 
 541              		.loc 1 248 3 is_stmt 0 discriminator 2 view .LVU125
 542 004c 10F0800F 		tst	r0, #128
 543 0050 DED0     		beq	.L43
 248:FATFS/App/fatfs_sd.c **** 
 544              		.loc 1 248 25 discriminator 1 view .LVU126
 545 0052 631E     		subs	r3, r4, #1
 546              	.LVL40:
 248:FATFS/App/fatfs_sd.c **** 
 547              		.loc 1 248 25 discriminator 1 view .LVU127
 548 0054 13F0FF04 		ands	r4, r3, #255
 549 0058 F6D1     		bne	.L47
 550 005a D9E7     		b	.L43
 551              	.LVL41:
 552              	.L49:
 231:FATFS/App/fatfs_sd.c **** 
 553              		.loc 1 231 9 view .LVU128
 554 005c 9520     		movs	r0, #149
 555 005e ECE7     		b	.L44
 556              	.LVL42:
 557              	.L53:
 234:FATFS/App/fatfs_sd.c **** 
 558              		.loc 1 234 9 view .LVU129
 559 0060 8720     		movs	r0, #135
 560              	.LVL43:
 234:FATFS/App/fatfs_sd.c **** 
 561              		.loc 1 234 9 view .LVU130
 562 0062 ECE7     		b	.L45
ARM GAS  /tmp/cc8LcH9P.s 			page 17


 563              	.L54:
 241:FATFS/App/fatfs_sd.c **** 
 564              		.loc 1 241 5 is_stmt 1 view .LVU131
 565 0064 FFF7FEFF 		bl	SPI_RxByte
 566              	.LVL44:
 567 0068 EDE7     		b	.L46
 568              		.cfi_endproc
 569              	.LFE76:
 571              		.section	.text.SPI_RxBytePtr,"ax",%progbits
 572              		.align	1
 573              		.syntax unified
 574              		.thumb
 575              		.thumb_func
 577              	SPI_RxBytePtr:
 578              	.LVL45:
 579              	.LFB69:
  56:FATFS/App/fatfs_sd.c ****   *buff = SPI_RxByte();
 580              		.loc 1 56 1 view -0
 581              		.cfi_startproc
 582              		@ args = 0, pretend = 0, frame = 0
 583              		@ frame_needed = 0, uses_anonymous_args = 0
  56:FATFS/App/fatfs_sd.c ****   *buff = SPI_RxByte();
 584              		.loc 1 56 1 is_stmt 0 view .LVU133
 585 0000 10B5     		push	{r4, lr}
 586              	.LCFI13:
 587              		.cfi_def_cfa_offset 8
 588              		.cfi_offset 4, -8
 589              		.cfi_offset 14, -4
 590 0002 0446     		mov	r4, r0
  57:FATFS/App/fatfs_sd.c **** }
 591              		.loc 1 57 3 is_stmt 1 view .LVU134
  57:FATFS/App/fatfs_sd.c **** }
 592              		.loc 1 57 11 is_stmt 0 view .LVU135
 593 0004 FFF7FEFF 		bl	SPI_RxByte
 594              	.LVL46:
  57:FATFS/App/fatfs_sd.c **** }
 595              		.loc 1 57 9 view .LVU136
 596 0008 2070     		strb	r0, [r4]
  58:FATFS/App/fatfs_sd.c **** 
 597              		.loc 1 58 1 view .LVU137
 598 000a 10BD     		pop	{r4, pc}
  58:FATFS/App/fatfs_sd.c **** 
 599              		.loc 1 58 1 view .LVU138
 600              		.cfi_endproc
 601              	.LFE69:
 603              		.section	.text.SD_RxDataBlock,"ax",%progbits
 604              		.align	1
 605              		.syntax unified
 606              		.thumb
 607              		.thumb_func
 609              	SD_RxDataBlock:
 610              	.LVL47:
 611              	.LFB74:
 135:FATFS/App/fatfs_sd.c ****   uint8_t token;
 612              		.loc 1 135 1 is_stmt 1 view -0
 613              		.cfi_startproc
 614              		@ args = 0, pretend = 0, frame = 0
ARM GAS  /tmp/cc8LcH9P.s 			page 18


 615              		@ frame_needed = 0, uses_anonymous_args = 0
 135:FATFS/App/fatfs_sd.c ****   uint8_t token;
 616              		.loc 1 135 1 is_stmt 0 view .LVU140
 617 0000 F8B5     		push	{r3, r4, r5, r6, r7, lr}
 618              	.LCFI14:
 619              		.cfi_def_cfa_offset 24
 620              		.cfi_offset 3, -24
 621              		.cfi_offset 4, -20
 622              		.cfi_offset 5, -16
 623              		.cfi_offset 6, -12
 624              		.cfi_offset 7, -8
 625              		.cfi_offset 14, -4
 626 0002 0546     		mov	r5, r0
 627 0004 0C46     		mov	r4, r1
 136:FATFS/App/fatfs_sd.c **** 
 628              		.loc 1 136 3 is_stmt 1 view .LVU141
 138:FATFS/App/fatfs_sd.c **** 
 629              		.loc 1 138 3 view .LVU142
 138:FATFS/App/fatfs_sd.c **** 
 630              		.loc 1 138 10 is_stmt 0 view .LVU143
 631 0006 0F4B     		ldr	r3, .L65
 632 0008 6422     		movs	r2, #100
 633 000a 1A80     		strh	r2, [r3]	@ movhi
 634              	.LVL48:
 635              	.L59:
 141:FATFS/App/fatfs_sd.c ****   {
 636              		.loc 1 141 3 is_stmt 1 discriminator 2 view .LVU144
 143:FATFS/App/fatfs_sd.c ****   } while ((token == 0xFF) && Timer1);
 637              		.loc 1 143 5 discriminator 2 view .LVU145
 143:FATFS/App/fatfs_sd.c ****   } while ((token == 0xFF) && Timer1);
 638              		.loc 1 143 13 is_stmt 0 discriminator 2 view .LVU146
 639 000c FFF7FEFF 		bl	SPI_RxByte
 640              	.LVL49:
 144:FATFS/App/fatfs_sd.c **** 
 641              		.loc 1 144 11 is_stmt 1 discriminator 2 view .LVU147
 144:FATFS/App/fatfs_sd.c **** 
 642              		.loc 1 144 3 is_stmt 0 discriminator 2 view .LVU148
 643 0010 FF28     		cmp	r0, #255
 644 0012 04D1     		bne	.L58
 144:FATFS/App/fatfs_sd.c **** 
 645              		.loc 1 144 28 discriminator 1 view .LVU149
 646 0014 0B4B     		ldr	r3, .L65
 647 0016 1B88     		ldrh	r3, [r3]
 648 0018 9BB2     		uxth	r3, r3
 649 001a 002B     		cmp	r3, #0
 650 001c F6D1     		bne	.L59
 651              	.L58:
 147:FATFS/App/fatfs_sd.c ****     return FALSE;
 652              		.loc 1 147 3 is_stmt 1 view .LVU150
 147:FATFS/App/fatfs_sd.c ****     return FALSE;
 653              		.loc 1 147 6 is_stmt 0 view .LVU151
 654 001e FE28     		cmp	r0, #254
 655 0020 07D0     		beq	.L61
 148:FATFS/App/fatfs_sd.c **** 
 656              		.loc 1 148 12 view .LVU152
 657 0022 0020     		movs	r0, #0
 658              	.LVL50:
ARM GAS  /tmp/cc8LcH9P.s 			page 19


 148:FATFS/App/fatfs_sd.c **** 
 659              		.loc 1 148 12 view .LVU153
 660 0024 0DE0     		b	.L60
 661              	.LVL51:
 662              	.L62:
 153:FATFS/App/fatfs_sd.c ****   }
 663              		.loc 1 153 5 is_stmt 1 view .LVU154
 664 0026 6F1C     		adds	r7, r5, #1
 665              	.LVL52:
 153:FATFS/App/fatfs_sd.c ****   }
 666              		.loc 1 153 5 is_stmt 0 view .LVU155
 667 0028 2846     		mov	r0, r5
 668 002a FFF7FEFF 		bl	SPI_RxBytePtr
 669              	.LVL53:
 151:FATFS/App/fatfs_sd.c ****   {
 670              		.loc 1 151 13 view .LVU156
 671 002e 3446     		mov	r4, r6
 153:FATFS/App/fatfs_sd.c ****   }
 672              		.loc 1 153 5 view .LVU157
 673 0030 3D46     		mov	r5, r7
 674              	.LVL54:
 675              	.L61:
 151:FATFS/App/fatfs_sd.c ****   {
 676              		.loc 1 151 9 is_stmt 1 view .LVU158
 151:FATFS/App/fatfs_sd.c ****   {
 677              		.loc 1 151 13 is_stmt 0 view .LVU159
 678 0032 661E     		subs	r6, r4, #1
 679              	.LVL55:
 151:FATFS/App/fatfs_sd.c ****   {
 680              		.loc 1 151 9 view .LVU160
 681 0034 002C     		cmp	r4, #0
 682 0036 F6D1     		bne	.L62
 156:FATFS/App/fatfs_sd.c ****   SPI_RxByte();
 683              		.loc 1 156 3 is_stmt 1 view .LVU161
 684 0038 FFF7FEFF 		bl	SPI_RxByte
 685              	.LVL56:
 157:FATFS/App/fatfs_sd.c **** 
 686              		.loc 1 157 3 view .LVU162
 687 003c FFF7FEFF 		bl	SPI_RxByte
 688              	.LVL57:
 159:FATFS/App/fatfs_sd.c **** }
 689              		.loc 1 159 3 view .LVU163
 159:FATFS/App/fatfs_sd.c **** }
 690              		.loc 1 159 10 is_stmt 0 view .LVU164
 691 0040 0120     		movs	r0, #1
 692              	.LVL58:
 693              	.L60:
 160:FATFS/App/fatfs_sd.c **** 
 694              		.loc 1 160 1 view .LVU165
 695 0042 F8BD     		pop	{r3, r4, r5, r6, r7, pc}
 696              	.LVL59:
 697              	.L66:
 160:FATFS/App/fatfs_sd.c **** 
 698              		.loc 1 160 1 view .LVU166
 699              		.align	2
 700              	.L65:
 701 0044 00000000 		.word	Timer1
ARM GAS  /tmp/cc8LcH9P.s 			page 20


 702              		.cfi_endproc
 703              	.LFE74:
 705              		.section	.text.SD_TxDataBlock,"ax",%progbits
 706              		.align	1
 707              		.syntax unified
 708              		.thumb
 709              		.thumb_func
 711              	SD_TxDataBlock:
 712              	.LVL60:
 713              	.LFB75:
 165:FATFS/App/fatfs_sd.c ****   uint8_t resp = 0xFF, i = 0; // Inicialización de respuesta
 714              		.loc 1 165 1 is_stmt 1 view -0
 715              		.cfi_startproc
 716              		@ args = 0, pretend = 0, frame = 0
 717              		@ frame_needed = 0, uses_anonymous_args = 0
 165:FATFS/App/fatfs_sd.c ****   uint8_t resp = 0xFF, i = 0; // Inicialización de respuesta
 718              		.loc 1 165 1 is_stmt 0 view .LVU168
 719 0000 70B5     		push	{r4, r5, r6, lr}
 720              	.LCFI15:
 721              		.cfi_def_cfa_offset 16
 722              		.cfi_offset 4, -16
 723              		.cfi_offset 5, -12
 724              		.cfi_offset 6, -8
 725              		.cfi_offset 14, -4
 726 0002 0446     		mov	r4, r0
 727 0004 0D46     		mov	r5, r1
 166:FATFS/App/fatfs_sd.c ****   uint16_t wc;
 728              		.loc 1 166 3 is_stmt 1 view .LVU169
 729              	.LVL61:
 167:FATFS/App/fatfs_sd.c **** 
 730              		.loc 1 167 3 view .LVU170
 170:FATFS/App/fatfs_sd.c ****     return FALSE;
 731              		.loc 1 170 3 view .LVU171
 170:FATFS/App/fatfs_sd.c ****     return FALSE;
 732              		.loc 1 170 7 is_stmt 0 view .LVU172
 733 0006 FFF7FEFF 		bl	SD_ReadyWait
 734              	.LVL62:
 170:FATFS/App/fatfs_sd.c ****     return FALSE;
 735              		.loc 1 170 6 view .LVU173
 736 000a FF28     		cmp	r0, #255
 737 000c 01D0     		beq	.L80
 171:FATFS/App/fatfs_sd.c **** 
 738              		.loc 1 171 12 view .LVU174
 739 000e 0020     		movs	r0, #0
 740              	.LVL63:
 741              	.L68:
 211:FATFS/App/fatfs_sd.c **** #endif /* _READONLY */
 742              		.loc 1 211 1 view .LVU175
 743 0010 70BD     		pop	{r4, r5, r6, pc}
 744              	.LVL64:
 745              	.L80:
 211:FATFS/App/fatfs_sd.c **** #endif /* _READONLY */
 746              		.loc 1 211 1 view .LVU176
 747 0012 0646     		mov	r6, r0
 174:FATFS/App/fatfs_sd.c **** 
 748              		.loc 1 174 3 is_stmt 1 view .LVU177
 749 0014 2846     		mov	r0, r5
ARM GAS  /tmp/cc8LcH9P.s 			page 21


 750 0016 FFF7FEFF 		bl	SPI_TxByte
 751              	.LVL65:
 177:FATFS/App/fatfs_sd.c ****   {
 752              		.loc 1 177 3 view .LVU178
 177:FATFS/App/fatfs_sd.c ****   {
 753              		.loc 1 177 6 is_stmt 0 view .LVU179
 754 001a FD2D     		cmp	r5, #253
 755 001c 27D0     		beq	.L70
 179:FATFS/App/fatfs_sd.c **** 
 756              		.loc 1 179 8 view .LVU180
 757 001e 4FF40072 		mov	r2, #512
 758 0022 04E0     		b	.L69
 759              	.LVL66:
 760              	.L71:
 184:FATFS/App/fatfs_sd.c ****     }
 761              		.loc 1 184 7 is_stmt 1 view .LVU181
 184:FATFS/App/fatfs_sd.c ****     }
 762              		.loc 1 184 7 is_stmt 0 view .LVU182
 763 0024 14F8010B 		ldrb	r0, [r4], #1	@ zero_extendqisi2
 764              	.LVL67:
 184:FATFS/App/fatfs_sd.c ****     }
 765              		.loc 1 184 7 view .LVU183
 766 0028 FFF7FEFF 		bl	SPI_TxByte
 767              	.LVL68:
 182:FATFS/App/fatfs_sd.c ****     {
 768              		.loc 1 182 14 view .LVU184
 769 002c 2A46     		mov	r2, r5
 770              	.LVL69:
 771              	.L69:
 182:FATFS/App/fatfs_sd.c ****     {
 772              		.loc 1 182 11 is_stmt 1 view .LVU185
 182:FATFS/App/fatfs_sd.c ****     {
 773              		.loc 1 182 14 is_stmt 0 view .LVU186
 774 002e 531E     		subs	r3, r2, #1
 775 0030 9DB2     		uxth	r5, r3
 776              	.LVL70:
 182:FATFS/App/fatfs_sd.c ****     {
 777              		.loc 1 182 11 view .LVU187
 778 0032 002A     		cmp	r2, #0
 779 0034 F6D1     		bne	.L71
 187:FATFS/App/fatfs_sd.c ****     SPI_RxByte();
 780              		.loc 1 187 5 is_stmt 1 view .LVU188
 781 0036 FFF7FEFF 		bl	SPI_RxByte
 782              	.LVL71:
 188:FATFS/App/fatfs_sd.c **** 
 783              		.loc 1 188 5 view .LVU189
 784 003a FFF7FEFF 		bl	SPI_RxByte
 785              	.LVL72:
 191:FATFS/App/fatfs_sd.c ****     {
 786              		.loc 1 191 5 view .LVU190
 166:FATFS/App/fatfs_sd.c ****   uint16_t wc;
 787              		.loc 1 166 24 is_stmt 0 view .LVU191
 788 003e 0024     		movs	r4, #0
 789              	.LVL73:
 790              	.L72:
 191:FATFS/App/fatfs_sd.c ****     {
 791              		.loc 1 191 11 is_stmt 1 view .LVU192
ARM GAS  /tmp/cc8LcH9P.s 			page 22


 792 0040 402C     		cmp	r4, #64
 793 0042 09D8     		bhi	.L73
 193:FATFS/App/fatfs_sd.c **** 
 794              		.loc 1 193 7 view .LVU193
 193:FATFS/App/fatfs_sd.c **** 
 795              		.loc 1 193 14 is_stmt 0 view .LVU194
 796 0044 FFF7FEFF 		bl	SPI_RxByte
 797              	.LVL74:
 798 0048 0646     		mov	r6, r0
 799              	.LVL75:
 195:FATFS/App/fatfs_sd.c ****         break;
 800              		.loc 1 195 7 is_stmt 1 view .LVU195
 195:FATFS/App/fatfs_sd.c ****         break;
 801              		.loc 1 195 10 is_stmt 0 view .LVU196
 802 004a 00F01F03 		and	r3, r0, #31
 803 004e 052B     		cmp	r3, #5
 804 0050 02D0     		beq	.L73
 198:FATFS/App/fatfs_sd.c ****     }
 805              		.loc 1 198 7 is_stmt 1 view .LVU197
 198:FATFS/App/fatfs_sd.c ****     }
 806              		.loc 1 198 8 is_stmt 0 view .LVU198
 807 0052 0134     		adds	r4, r4, #1
 808              	.LVL76:
 198:FATFS/App/fatfs_sd.c ****     }
 809              		.loc 1 198 8 view .LVU199
 810 0054 E4B2     		uxtb	r4, r4
 811              	.LVL77:
 198:FATFS/App/fatfs_sd.c ****     }
 812              		.loc 1 198 8 view .LVU200
 813 0056 F3E7     		b	.L72
 814              	.LVL78:
 815              	.L73:
 202:FATFS/App/fatfs_sd.c ****     while (SPI_RxByte() == 0 && Timer1)
 816              		.loc 1 202 5 is_stmt 1 view .LVU201
 202:FATFS/App/fatfs_sd.c ****     while (SPI_RxByte() == 0 && Timer1)
 817              		.loc 1 202 12 is_stmt 0 view .LVU202
 818 0058 094B     		ldr	r3, .L82
 819 005a C822     		movs	r2, #200
 820 005c 1A80     		strh	r2, [r3]	@ movhi
 203:FATFS/App/fatfs_sd.c ****       ;
 821              		.loc 1 203 5 is_stmt 1 view .LVU203
 822              	.L75:
 204:FATFS/App/fatfs_sd.c ****   }
 823              		.loc 1 204 7 discriminator 2 view .LVU204
 203:FATFS/App/fatfs_sd.c ****       ;
 824              		.loc 1 203 11 discriminator 2 view .LVU205
 203:FATFS/App/fatfs_sd.c ****       ;
 825              		.loc 1 203 12 is_stmt 0 discriminator 2 view .LVU206
 826 005e FFF7FEFF 		bl	SPI_RxByte
 827              	.LVL79:
 203:FATFS/App/fatfs_sd.c ****       ;
 828              		.loc 1 203 11 discriminator 2 view .LVU207
 829 0062 20B9     		cbnz	r0, .L70
 203:FATFS/App/fatfs_sd.c ****       ;
 830              		.loc 1 203 30 discriminator 1 view .LVU208
 831 0064 064B     		ldr	r3, .L82
 832 0066 1B88     		ldrh	r3, [r3]
ARM GAS  /tmp/cc8LcH9P.s 			page 23


 833 0068 9BB2     		uxth	r3, r3
 834 006a 002B     		cmp	r3, #0
 835 006c F7D1     		bne	.L75
 836              	.LVL80:
 837              	.L70:
 207:FATFS/App/fatfs_sd.c ****     return TRUE;
 838              		.loc 1 207 3 is_stmt 1 view .LVU209
 207:FATFS/App/fatfs_sd.c ****     return TRUE;
 839              		.loc 1 207 6 is_stmt 0 view .LVU210
 840 006e 06F01F06 		and	r6, r6, #31
 841              	.LVL81:
 207:FATFS/App/fatfs_sd.c ****     return TRUE;
 842              		.loc 1 207 6 view .LVU211
 843 0072 052E     		cmp	r6, #5
 844 0074 01D0     		beq	.L81
 210:FATFS/App/fatfs_sd.c **** }
 845              		.loc 1 210 12 view .LVU212
 846 0076 0020     		movs	r0, #0
 847 0078 CAE7     		b	.L68
 848              	.L81:
 208:FATFS/App/fatfs_sd.c ****   else
 849              		.loc 1 208 12 view .LVU213
 850 007a 0120     		movs	r0, #1
 851 007c C8E7     		b	.L68
 852              	.L83:
 853 007e 00BF     		.align	2
 854              	.L82:
 855 0080 00000000 		.word	Timer1
 856              		.cfi_endproc
 857              	.LFE75:
 859              		.section	.text.SD_disk_initialize,"ax",%progbits
 860              		.align	1
 861              		.global	SD_disk_initialize
 862              		.syntax unified
 863              		.thumb
 864              		.thumb_func
 866              	SD_disk_initialize:
 867              	.LVL82:
 868              	.LFB77:
 252:FATFS/App/fatfs_sd.c **** 
 253:FATFS/App/fatfs_sd.c **** /*-----------------------------------------------------------------------
 254:FATFS/App/fatfs_sd.c ****   Funciones globales utilizadas en FatFS. Se utilizan en el archivo user_diskio.c.
 255:FATFS/App/fatfs_sd.c **** -----------------------------------------------------------------------*/
 256:FATFS/App/fatfs_sd.c **** 
 257:FATFS/App/fatfs_sd.c **** /* Inicialización del disco SD */
 258:FATFS/App/fatfs_sd.c **** DSTATUS SD_disk_initialize(BYTE drv)
 259:FATFS/App/fatfs_sd.c **** {
 869              		.loc 1 259 1 is_stmt 1 view -0
 870              		.cfi_startproc
 871              		@ args = 0, pretend = 0, frame = 8
 872              		@ frame_needed = 0, uses_anonymous_args = 0
 260:FATFS/App/fatfs_sd.c ****   uint8_t n, type, ocr[4];
 873              		.loc 1 260 3 view .LVU215
 261:FATFS/App/fatfs_sd.c **** 
 262:FATFS/App/fatfs_sd.c ****   // Soporte para un solo tipo de unidad
 263:FATFS/App/fatfs_sd.c ****   if (drv)
 874              		.loc 1 263 3 view .LVU216
ARM GAS  /tmp/cc8LcH9P.s 			page 24


 875              		.loc 1 263 6 is_stmt 0 view .LVU217
 876 0000 0028     		cmp	r0, #0
 877 0002 40F0B680 		bne	.L103
 259:FATFS/App/fatfs_sd.c ****   uint8_t n, type, ocr[4];
 878              		.loc 1 259 1 view .LVU218
 879 0006 30B5     		push	{r4, r5, lr}
 880              	.LCFI16:
 881              		.cfi_def_cfa_offset 12
 882              		.cfi_offset 4, -12
 883              		.cfi_offset 5, -8
 884              		.cfi_offset 14, -4
 885 0008 83B0     		sub	sp, sp, #12
 886              	.LCFI17:
 887              		.cfi_def_cfa_offset 24
 264:FATFS/App/fatfs_sd.c ****     return STA_NOINIT;
 265:FATFS/App/fatfs_sd.c **** 
 266:FATFS/App/fatfs_sd.c ****   // Tarjeta SD no insertada
 267:FATFS/App/fatfs_sd.c ****   if (Stat & STA_NODISK)
 888              		.loc 1 267 3 is_stmt 1 view .LVU219
 889              		.loc 1 267 12 is_stmt 0 view .LVU220
 890 000a 5B4B     		ldr	r3, .L116
 891 000c 1B78     		ldrb	r3, [r3]	@ zero_extendqisi2
 892              		.loc 1 267 6 view .LVU221
 893 000e 13F00204 		ands	r4, r3, #2
 894 0012 04D0     		beq	.L86
 268:FATFS/App/fatfs_sd.c ****     return Stat;
 895              		.loc 1 268 5 is_stmt 1 view .LVU222
 896              		.loc 1 268 12 is_stmt 0 view .LVU223
 897 0014 584B     		ldr	r3, .L116
 898 0016 1878     		ldrb	r0, [r3]	@ zero_extendqisi2
 899              	.LVL83:
 900              		.loc 1 268 12 view .LVU224
 901 0018 C0B2     		uxtb	r0, r0
 902              	.L85:
 269:FATFS/App/fatfs_sd.c **** 
 270:FATFS/App/fatfs_sd.c ****   // SD Power On
 271:FATFS/App/fatfs_sd.c ****   SD_PowerOn();
 272:FATFS/App/fatfs_sd.c **** 
 273:FATFS/App/fatfs_sd.c ****   // SPI Chip Select
 274:FATFS/App/fatfs_sd.c ****   SELECT();
 275:FATFS/App/fatfs_sd.c **** 
 276:FATFS/App/fatfs_sd.c ****   // Inicialización de la variable de tipo de tarjeta SD
 277:FATFS/App/fatfs_sd.c ****   type = 0;
 278:FATFS/App/fatfs_sd.c **** 
 279:FATFS/App/fatfs_sd.c ****   // Entrada al estado Idle
 280:FATFS/App/fatfs_sd.c ****   if (SD_SendCmd(CMD0, 0) == 1)
 281:FATFS/App/fatfs_sd.c ****   {
 282:FATFS/App/fatfs_sd.c **** 
 283:FATFS/App/fatfs_sd.c ****     Timer1 = 1000;
 284:FATFS/App/fatfs_sd.c **** 
 285:FATFS/App/fatfs_sd.c ****     // Verificación de las condiciones de funcionamiento de la interfaz SD
 286:FATFS/App/fatfs_sd.c ****     if (SD_SendCmd(CMD8, 0x1AA) == 1)
 287:FATFS/App/fatfs_sd.c ****     {
 288:FATFS/App/fatfs_sd.c ****       // SDC Ver2+
 289:FATFS/App/fatfs_sd.c ****       for (n = 0; n < 4; n++)
 290:FATFS/App/fatfs_sd.c ****       {
 291:FATFS/App/fatfs_sd.c ****         ocr[n] = SPI_RxByte();
ARM GAS  /tmp/cc8LcH9P.s 			page 25


 292:FATFS/App/fatfs_sd.c ****       }
 293:FATFS/App/fatfs_sd.c **** 
 294:FATFS/App/fatfs_sd.c ****       if (ocr[2] == 0x01 && ocr[3] == 0xAA)
 295:FATFS/App/fatfs_sd.c ****       {
 296:FATFS/App/fatfs_sd.c ****         // Rango de voltaje de operación entre 2.7 y 3.6V
 297:FATFS/App/fatfs_sd.c ****         do
 298:FATFS/App/fatfs_sd.c ****         {
 299:FATFS/App/fatfs_sd.c ****           if (SD_SendCmd(CMD55, 0) <= 1 && SD_SendCmd(CMD41, 1UL << 30) == 0)
 300:FATFS/App/fatfs_sd.c ****             break; // ACMD41 with HCS bit
 301:FATFS/App/fatfs_sd.c ****         } while (Timer1);
 302:FATFS/App/fatfs_sd.c **** 
 303:FATFS/App/fatfs_sd.c ****         if (Timer1 && SD_SendCmd(CMD58, 0) == 0)
 304:FATFS/App/fatfs_sd.c ****         {
 305:FATFS/App/fatfs_sd.c ****           // Check CCS bit
 306:FATFS/App/fatfs_sd.c ****           for (n = 0; n < 4; n++)
 307:FATFS/App/fatfs_sd.c ****           {
 308:FATFS/App/fatfs_sd.c ****             ocr[n] = SPI_RxByte();
 309:FATFS/App/fatfs_sd.c ****           }
 310:FATFS/App/fatfs_sd.c **** 
 311:FATFS/App/fatfs_sd.c ****           type = (ocr[0] & 0x40) ? 6 : 2;
 312:FATFS/App/fatfs_sd.c ****         }
 313:FATFS/App/fatfs_sd.c ****       }
 314:FATFS/App/fatfs_sd.c ****     }
 315:FATFS/App/fatfs_sd.c ****     else
 316:FATFS/App/fatfs_sd.c ****     {
 317:FATFS/App/fatfs_sd.c ****       // SDC Ver1 or MMC
 318:FATFS/App/fatfs_sd.c ****       type = (SD_SendCmd(CMD55, 0) <= 1 && SD_SendCmd(CMD41, 0) <= 1) ? 2 : 1; /* SDC : MMC */
 319:FATFS/App/fatfs_sd.c **** 
 320:FATFS/App/fatfs_sd.c ****       do
 321:FATFS/App/fatfs_sd.c ****       {
 322:FATFS/App/fatfs_sd.c ****         if (type == 2)
 323:FATFS/App/fatfs_sd.c ****         {
 324:FATFS/App/fatfs_sd.c ****           if (SD_SendCmd(CMD55, 0) <= 1 && SD_SendCmd(CMD41, 0) == 0)
 325:FATFS/App/fatfs_sd.c ****             break; // ACMD41 
 326:FATFS/App/fatfs_sd.c ****         }
 327:FATFS/App/fatfs_sd.c ****         else
 328:FATFS/App/fatfs_sd.c ****         {
 329:FATFS/App/fatfs_sd.c ****           if (SD_SendCmd(CMD1, 0) == 0)
 330:FATFS/App/fatfs_sd.c ****             break; // CMD1
 331:FATFS/App/fatfs_sd.c ****         }
 332:FATFS/App/fatfs_sd.c ****       } while (Timer1);
 333:FATFS/App/fatfs_sd.c **** 
 334:FATFS/App/fatfs_sd.c ****       if (!Timer1 || SD_SendCmd(CMD16, 512) != 0)
 335:FATFS/App/fatfs_sd.c ****       {
 336:FATFS/App/fatfs_sd.c ****         // Selección de la longitud del bloque
 337:FATFS/App/fatfs_sd.c ****         type = 0;
 338:FATFS/App/fatfs_sd.c ****       }
 339:FATFS/App/fatfs_sd.c ****     }
 340:FATFS/App/fatfs_sd.c ****   }
 341:FATFS/App/fatfs_sd.c **** 
 342:FATFS/App/fatfs_sd.c ****   CardType = type;
 343:FATFS/App/fatfs_sd.c **** 
 344:FATFS/App/fatfs_sd.c ****   DESELECT();
 345:FATFS/App/fatfs_sd.c **** 
 346:FATFS/App/fatfs_sd.c ****   SPI_RxByte(); // Transición a Idle (Release DO)
 347:FATFS/App/fatfs_sd.c **** 
 348:FATFS/App/fatfs_sd.c ****   if (type)
ARM GAS  /tmp/cc8LcH9P.s 			page 26


 349:FATFS/App/fatfs_sd.c ****   {
 350:FATFS/App/fatfs_sd.c ****     // Clear STA_NOINIT
 351:FATFS/App/fatfs_sd.c ****     Stat &= ~STA_NOINIT;
 352:FATFS/App/fatfs_sd.c ****   }
 353:FATFS/App/fatfs_sd.c ****   else
 354:FATFS/App/fatfs_sd.c ****   {
 355:FATFS/App/fatfs_sd.c ****     // Initialization failed
 356:FATFS/App/fatfs_sd.c ****     SD_PowerOff();
 357:FATFS/App/fatfs_sd.c ****   }
 358:FATFS/App/fatfs_sd.c **** 
 359:FATFS/App/fatfs_sd.c ****   return Stat;
 360:FATFS/App/fatfs_sd.c **** }
 903              		.loc 1 360 1 view .LVU225
 904 001a 03B0     		add	sp, sp, #12
 905              	.LCFI18:
 906              		.cfi_remember_state
 907              		.cfi_def_cfa_offset 12
 908              		@ sp needed
 909 001c 30BD     		pop	{r4, r5, pc}
 910              	.LVL84:
 911              	.L86:
 912              	.LCFI19:
 913              		.cfi_restore_state
 271:FATFS/App/fatfs_sd.c **** 
 914              		.loc 1 271 3 is_stmt 1 view .LVU226
 915 001e FFF7FEFF 		bl	SD_PowerOn
 916              	.LVL85:
 274:FATFS/App/fatfs_sd.c **** 
 917              		.loc 1 274 3 view .LVU227
 918 0022 FFF7FEFF 		bl	SELECT
 919              	.LVL86:
 277:FATFS/App/fatfs_sd.c **** 
 920              		.loc 1 277 3 view .LVU228
 280:FATFS/App/fatfs_sd.c ****   {
 921              		.loc 1 280 3 view .LVU229
 280:FATFS/App/fatfs_sd.c ****   {
 922              		.loc 1 280 7 is_stmt 0 view .LVU230
 923 0026 0021     		movs	r1, #0
 924 0028 4020     		movs	r0, #64
 925 002a FFF7FEFF 		bl	SD_SendCmd
 926              	.LVL87:
 927 002e 0546     		mov	r5, r0
 280:FATFS/App/fatfs_sd.c ****   {
 928              		.loc 1 280 6 view .LVU231
 929 0030 0128     		cmp	r0, #1
 930 0032 11D0     		beq	.L111
 931              	.LVL88:
 932              	.L87:
 342:FATFS/App/fatfs_sd.c **** 
 933              		.loc 1 342 3 is_stmt 1 view .LVU232
 342:FATFS/App/fatfs_sd.c **** 
 934              		.loc 1 342 12 is_stmt 0 view .LVU233
 935 0034 514B     		ldr	r3, .L116+4
 936 0036 1C70     		strb	r4, [r3]
 344:FATFS/App/fatfs_sd.c **** 
 937              		.loc 1 344 3 is_stmt 1 view .LVU234
 938 0038 FFF7FEFF 		bl	DESELECT
ARM GAS  /tmp/cc8LcH9P.s 			page 27


 939              	.LVL89:
 346:FATFS/App/fatfs_sd.c **** 
 940              		.loc 1 346 3 view .LVU235
 941 003c FFF7FEFF 		bl	SPI_RxByte
 942              	.LVL90:
 348:FATFS/App/fatfs_sd.c ****   {
 943              		.loc 1 348 3 view .LVU236
 348:FATFS/App/fatfs_sd.c ****   {
 944              		.loc 1 348 6 is_stmt 0 view .LVU237
 945 0040 002C     		cmp	r4, #0
 946 0042 00F09380 		beq	.L101
 351:FATFS/App/fatfs_sd.c ****   }
 947              		.loc 1 351 5 is_stmt 1 view .LVU238
 351:FATFS/App/fatfs_sd.c ****   }
 948              		.loc 1 351 10 is_stmt 0 view .LVU239
 949 0046 4C4A     		ldr	r2, .L116
 950 0048 1378     		ldrb	r3, [r2]	@ zero_extendqisi2
 951 004a 03F0FE03 		and	r3, r3, #254
 952 004e 1370     		strb	r3, [r2]
 953              	.L102:
 359:FATFS/App/fatfs_sd.c **** }
 954              		.loc 1 359 3 is_stmt 1 view .LVU240
 359:FATFS/App/fatfs_sd.c **** }
 955              		.loc 1 359 10 is_stmt 0 view .LVU241
 956 0050 494B     		ldr	r3, .L116
 957 0052 1878     		ldrb	r0, [r3]	@ zero_extendqisi2
 958 0054 C0B2     		uxtb	r0, r0
 959 0056 E0E7     		b	.L85
 960              	.LVL91:
 961              	.L111:
 283:FATFS/App/fatfs_sd.c **** 
 962              		.loc 1 283 5 is_stmt 1 view .LVU242
 283:FATFS/App/fatfs_sd.c **** 
 963              		.loc 1 283 12 is_stmt 0 view .LVU243
 964 0058 494B     		ldr	r3, .L116+8
 965 005a 4FF47A72 		mov	r2, #1000
 966 005e 1A80     		strh	r2, [r3]	@ movhi
 286:FATFS/App/fatfs_sd.c ****     {
 967              		.loc 1 286 5 is_stmt 1 view .LVU244
 286:FATFS/App/fatfs_sd.c ****     {
 968              		.loc 1 286 9 is_stmt 0 view .LVU245
 969 0060 4FF4D571 		mov	r1, #426
 970 0064 4820     		movs	r0, #72
 971 0066 FFF7FEFF 		bl	SD_SendCmd
 972              	.LVL92:
 286:FATFS/App/fatfs_sd.c ****     {
 973              		.loc 1 286 8 view .LVU246
 974 006a 0128     		cmp	r0, #1
 975 006c 45D1     		bne	.L112
 289:FATFS/App/fatfs_sd.c ****       {
 976              		.loc 1 289 14 view .LVU247
 977 006e 2546     		mov	r5, r4
 978 0070 08E0     		b	.L88
 979              	.LVL93:
 980              	.L90:
 291:FATFS/App/fatfs_sd.c ****       }
 981              		.loc 1 291 9 is_stmt 1 discriminator 3 view .LVU248
ARM GAS  /tmp/cc8LcH9P.s 			page 28


 291:FATFS/App/fatfs_sd.c ****       }
 982              		.loc 1 291 18 is_stmt 0 discriminator 3 view .LVU249
 983 0072 FFF7FEFF 		bl	SPI_RxByte
 984              	.LVL94:
 291:FATFS/App/fatfs_sd.c ****       }
 985              		.loc 1 291 16 discriminator 3 view .LVU250
 986 0076 05F10803 		add	r3, r5, #8
 987 007a 6B44     		add	r3, sp, r3
 988 007c 03F8040C 		strb	r0, [r3, #-4]
 289:FATFS/App/fatfs_sd.c ****       {
 989              		.loc 1 289 26 is_stmt 1 discriminator 3 view .LVU251
 289:FATFS/App/fatfs_sd.c ****       {
 990              		.loc 1 289 27 is_stmt 0 discriminator 3 view .LVU252
 991 0080 0135     		adds	r5, r5, #1
 992              	.LVL95:
 289:FATFS/App/fatfs_sd.c ****       {
 993              		.loc 1 289 27 discriminator 3 view .LVU253
 994 0082 EDB2     		uxtb	r5, r5
 995              	.LVL96:
 996              	.L88:
 289:FATFS/App/fatfs_sd.c ****       {
 997              		.loc 1 289 19 is_stmt 1 discriminator 1 view .LVU254
 289:FATFS/App/fatfs_sd.c ****       {
 998              		.loc 1 289 7 is_stmt 0 discriminator 1 view .LVU255
 999 0084 032D     		cmp	r5, #3
 1000 0086 F4D9     		bls	.L90
 294:FATFS/App/fatfs_sd.c ****       {
 1001              		.loc 1 294 7 is_stmt 1 view .LVU256
 294:FATFS/App/fatfs_sd.c ****       {
 1002              		.loc 1 294 14 is_stmt 0 view .LVU257
 1003 0088 9DF80630 		ldrb	r3, [sp, #6]	@ zero_extendqisi2
 294:FATFS/App/fatfs_sd.c ****       {
 1004              		.loc 1 294 10 view .LVU258
 1005 008c 012B     		cmp	r3, #1
 1006 008e D1D1     		bne	.L87
 294:FATFS/App/fatfs_sd.c ****       {
 1007              		.loc 1 294 32 discriminator 1 view .LVU259
 1008 0090 9DF80730 		ldrb	r3, [sp, #7]	@ zero_extendqisi2
 294:FATFS/App/fatfs_sd.c ****       {
 1009              		.loc 1 294 26 discriminator 1 view .LVU260
 1010 0094 AA2B     		cmp	r3, #170
 1011 0096 CDD1     		bne	.L87
 1012 0098 03E0     		b	.L93
 1013              	.L91:
 301:FATFS/App/fatfs_sd.c **** 
 1014              		.loc 1 301 17 is_stmt 1 view .LVU261
 301:FATFS/App/fatfs_sd.c **** 
 1015              		.loc 1 301 18 is_stmt 0 view .LVU262
 1016 009a 394B     		ldr	r3, .L116+8
 1017 009c 1B88     		ldrh	r3, [r3]
 1018 009e 9BB2     		uxth	r3, r3
 301:FATFS/App/fatfs_sd.c **** 
 1019              		.loc 1 301 9 view .LVU263
 1020 00a0 63B1     		cbz	r3, .L92
 1021              	.L93:
 297:FATFS/App/fatfs_sd.c ****         {
 1022              		.loc 1 297 9 is_stmt 1 view .LVU264
ARM GAS  /tmp/cc8LcH9P.s 			page 29


 299:FATFS/App/fatfs_sd.c ****             break; // ACMD41 with HCS bit
 1023              		.loc 1 299 11 view .LVU265
 299:FATFS/App/fatfs_sd.c ****             break; // ACMD41 with HCS bit
 1024              		.loc 1 299 15 is_stmt 0 view .LVU266
 1025 00a2 0021     		movs	r1, #0
 1026 00a4 7720     		movs	r0, #119
 1027 00a6 FFF7FEFF 		bl	SD_SendCmd
 1028              	.LVL97:
 299:FATFS/App/fatfs_sd.c ****             break; // ACMD41 with HCS bit
 1029              		.loc 1 299 14 view .LVU267
 1030 00aa 0128     		cmp	r0, #1
 1031 00ac F5D8     		bhi	.L91
 299:FATFS/App/fatfs_sd.c ****             break; // ACMD41 with HCS bit
 1032              		.loc 1 299 44 discriminator 1 view .LVU268
 1033 00ae 4FF08041 		mov	r1, #1073741824
 1034 00b2 6920     		movs	r0, #105
 1035 00b4 FFF7FEFF 		bl	SD_SendCmd
 1036              	.LVL98:
 299:FATFS/App/fatfs_sd.c ****             break; // ACMD41 with HCS bit
 1037              		.loc 1 299 41 discriminator 1 view .LVU269
 1038 00b8 0028     		cmp	r0, #0
 1039 00ba EED1     		bne	.L91
 1040              	.L92:
 303:FATFS/App/fatfs_sd.c ****         {
 1041              		.loc 1 303 9 is_stmt 1 view .LVU270
 303:FATFS/App/fatfs_sd.c ****         {
 1042              		.loc 1 303 13 is_stmt 0 view .LVU271
 1043 00bc 304B     		ldr	r3, .L116+8
 1044 00be 1B88     		ldrh	r3, [r3]
 1045 00c0 9BB2     		uxth	r3, r3
 303:FATFS/App/fatfs_sd.c ****         {
 1046              		.loc 1 303 12 view .LVU272
 1047 00c2 002B     		cmp	r3, #0
 1048 00c4 B6D0     		beq	.L87
 303:FATFS/App/fatfs_sd.c ****         {
 1049              		.loc 1 303 23 discriminator 1 view .LVU273
 1050 00c6 0021     		movs	r1, #0
 1051 00c8 7A20     		movs	r0, #122
 1052 00ca FFF7FEFF 		bl	SD_SendCmd
 1053              	.LVL99:
 303:FATFS/App/fatfs_sd.c ****         {
 1054              		.loc 1 303 20 discriminator 1 view .LVU274
 1055 00ce 0546     		mov	r5, r0
 1056              	.LVL100:
 303:FATFS/App/fatfs_sd.c ****         {
 1057              		.loc 1 303 20 discriminator 1 view .LVU275
 1058 00d0 0028     		cmp	r0, #0
 1059 00d2 AFD1     		bne	.L87
 1060              	.L94:
 1061              	.LVL101:
 306:FATFS/App/fatfs_sd.c ****           {
 1062              		.loc 1 306 23 is_stmt 1 discriminator 1 view .LVU276
 306:FATFS/App/fatfs_sd.c ****           {
 1063              		.loc 1 306 11 is_stmt 0 discriminator 1 view .LVU277
 1064 00d4 032D     		cmp	r5, #3
 1065 00d6 09D8     		bhi	.L113
 308:FATFS/App/fatfs_sd.c ****           }
ARM GAS  /tmp/cc8LcH9P.s 			page 30


 1066              		.loc 1 308 13 is_stmt 1 discriminator 3 view .LVU278
 308:FATFS/App/fatfs_sd.c ****           }
 1067              		.loc 1 308 22 is_stmt 0 discriminator 3 view .LVU279
 1068 00d8 FFF7FEFF 		bl	SPI_RxByte
 1069              	.LVL102:
 308:FATFS/App/fatfs_sd.c ****           }
 1070              		.loc 1 308 20 discriminator 3 view .LVU280
 1071 00dc 05F10803 		add	r3, r5, #8
 1072 00e0 6B44     		add	r3, sp, r3
 1073 00e2 03F8040C 		strb	r0, [r3, #-4]
 306:FATFS/App/fatfs_sd.c ****           {
 1074              		.loc 1 306 30 is_stmt 1 discriminator 3 view .LVU281
 306:FATFS/App/fatfs_sd.c ****           {
 1075              		.loc 1 306 31 is_stmt 0 discriminator 3 view .LVU282
 1076 00e6 0135     		adds	r5, r5, #1
 1077              	.LVL103:
 306:FATFS/App/fatfs_sd.c ****           {
 1078              		.loc 1 306 31 discriminator 3 view .LVU283
 1079 00e8 EDB2     		uxtb	r5, r5
 1080              	.LVL104:
 306:FATFS/App/fatfs_sd.c ****           {
 1081              		.loc 1 306 31 discriminator 3 view .LVU284
 1082 00ea F3E7     		b	.L94
 1083              	.L113:
 311:FATFS/App/fatfs_sd.c ****         }
 1084              		.loc 1 311 11 is_stmt 1 view .LVU285
 311:FATFS/App/fatfs_sd.c ****         }
 1085              		.loc 1 311 22 is_stmt 0 view .LVU286
 1086 00ec 9DF80430 		ldrb	r3, [sp, #4]	@ zero_extendqisi2
 311:FATFS/App/fatfs_sd.c ****         }
 1087              		.loc 1 311 16 view .LVU287
 1088 00f0 13F0400F 		tst	r3, #64
 1089 00f4 38D0     		beq	.L105
 1090 00f6 0624     		movs	r4, #6
 1091 00f8 9CE7     		b	.L87
 1092              	.LVL105:
 1093              	.L112:
 318:FATFS/App/fatfs_sd.c **** 
 1094              		.loc 1 318 7 is_stmt 1 view .LVU288
 318:FATFS/App/fatfs_sd.c **** 
 1095              		.loc 1 318 15 is_stmt 0 view .LVU289
 1096 00fa 0021     		movs	r1, #0
 1097 00fc 7720     		movs	r0, #119
 1098 00fe FFF7FEFF 		bl	SD_SendCmd
 1099              	.LVL106:
 318:FATFS/App/fatfs_sd.c **** 
 1100              		.loc 1 318 12 view .LVU290
 1101 0102 0128     		cmp	r0, #1
 1102 0104 11D8     		bhi	.L100
 318:FATFS/App/fatfs_sd.c **** 
 1103              		.loc 1 318 44 discriminator 1 view .LVU291
 1104 0106 0021     		movs	r1, #0
 1105 0108 6920     		movs	r0, #105
 1106 010a FFF7FEFF 		bl	SD_SendCmd
 1107              	.LVL107:
 318:FATFS/App/fatfs_sd.c **** 
 1108              		.loc 1 318 41 discriminator 1 view .LVU292
ARM GAS  /tmp/cc8LcH9P.s 			page 31


 1109 010e 0128     		cmp	r0, #1
 1110 0110 0BD8     		bhi	.L100
 318:FATFS/App/fatfs_sd.c **** 
 1111              		.loc 1 318 12 view .LVU293
 1112 0112 0225     		movs	r5, #2
 1113              	.LVL108:
 318:FATFS/App/fatfs_sd.c **** 
 1114              		.loc 1 318 12 view .LVU294
 1115 0114 09E0     		b	.L100
 1116              	.LVL109:
 1117              	.L115:
 324:FATFS/App/fatfs_sd.c ****             break; // ACMD41 
 1118              		.loc 1 324 11 is_stmt 1 view .LVU295
 324:FATFS/App/fatfs_sd.c ****             break; // ACMD41 
 1119              		.loc 1 324 15 is_stmt 0 view .LVU296
 1120 0116 0021     		movs	r1, #0
 1121 0118 7720     		movs	r0, #119
 1122 011a FFF7FEFF 		bl	SD_SendCmd
 1123              	.LVL110:
 324:FATFS/App/fatfs_sd.c ****             break; // ACMD41 
 1124              		.loc 1 324 14 view .LVU297
 1125 011e 0128     		cmp	r0, #1
 1126 0120 1BD9     		bls	.L114
 1127              	.L98:
 332:FATFS/App/fatfs_sd.c **** 
 1128              		.loc 1 332 15 is_stmt 1 view .LVU298
 332:FATFS/App/fatfs_sd.c **** 
 1129              		.loc 1 332 16 is_stmt 0 view .LVU299
 1130 0122 174B     		ldr	r3, .L116+8
 1131 0124 1B88     		ldrh	r3, [r3]
 1132 0126 9BB2     		uxth	r3, r3
 332:FATFS/App/fatfs_sd.c **** 
 1133              		.loc 1 332 7 view .LVU300
 1134 0128 3BB1     		cbz	r3, .L99
 1135              	.L100:
 320:FATFS/App/fatfs_sd.c ****       {
 1136              		.loc 1 320 7 is_stmt 1 view .LVU301
 322:FATFS/App/fatfs_sd.c ****         {
 1137              		.loc 1 322 9 view .LVU302
 322:FATFS/App/fatfs_sd.c ****         {
 1138              		.loc 1 322 12 is_stmt 0 view .LVU303
 1139 012a 022D     		cmp	r5, #2
 1140 012c F3D0     		beq	.L115
 329:FATFS/App/fatfs_sd.c ****             break; // CMD1
 1141              		.loc 1 329 11 is_stmt 1 view .LVU304
 329:FATFS/App/fatfs_sd.c ****             break; // CMD1
 1142              		.loc 1 329 15 is_stmt 0 view .LVU305
 1143 012e 0021     		movs	r1, #0
 1144 0130 4120     		movs	r0, #65
 1145 0132 FFF7FEFF 		bl	SD_SendCmd
 1146              	.LVL111:
 329:FATFS/App/fatfs_sd.c ****             break; // CMD1
 1147              		.loc 1 329 14 view .LVU306
 1148 0136 0028     		cmp	r0, #0
 1149 0138 F3D1     		bne	.L98
 1150              	.L99:
 334:FATFS/App/fatfs_sd.c ****       {
ARM GAS  /tmp/cc8LcH9P.s 			page 32


 1151              		.loc 1 334 7 is_stmt 1 view .LVU307
 334:FATFS/App/fatfs_sd.c ****       {
 1152              		.loc 1 334 11 is_stmt 0 view .LVU308
 1153 013a 114B     		ldr	r3, .L116+8
 1154 013c 1B88     		ldrh	r3, [r3]
 1155 013e 9BB2     		uxth	r3, r3
 334:FATFS/App/fatfs_sd.c ****       {
 1156              		.loc 1 334 10 view .LVU309
 1157 0140 002B     		cmp	r3, #0
 1158 0142 3FF477AF 		beq	.L87
 334:FATFS/App/fatfs_sd.c ****       {
 1159              		.loc 1 334 22 discriminator 1 view .LVU310
 1160 0146 4FF40071 		mov	r1, #512
 1161 014a 5020     		movs	r0, #80
 1162 014c FFF7FEFF 		bl	SD_SendCmd
 1163              	.LVL112:
 334:FATFS/App/fatfs_sd.c ****       {
 1164              		.loc 1 334 19 discriminator 1 view .LVU311
 1165 0150 0028     		cmp	r0, #0
 1166 0152 7FF46FAF 		bne	.L87
 318:FATFS/App/fatfs_sd.c **** 
 1167              		.loc 1 318 12 view .LVU312
 1168 0156 2C46     		mov	r4, r5
 1169 0158 6CE7     		b	.L87
 1170              	.L114:
 324:FATFS/App/fatfs_sd.c ****             break; // ACMD41 
 1171              		.loc 1 324 44 discriminator 1 view .LVU313
 1172 015a 0021     		movs	r1, #0
 1173 015c 6920     		movs	r0, #105
 1174 015e FFF7FEFF 		bl	SD_SendCmd
 1175              	.LVL113:
 324:FATFS/App/fatfs_sd.c ****             break; // ACMD41 
 1176              		.loc 1 324 41 discriminator 1 view .LVU314
 1177 0162 0028     		cmp	r0, #0
 1178 0164 DDD1     		bne	.L98
 1179 0166 E8E7     		b	.L99
 1180              	.LVL114:
 1181              	.L105:
 311:FATFS/App/fatfs_sd.c ****         }
 1182              		.loc 1 311 16 view .LVU315
 1183 0168 0224     		movs	r4, #2
 1184 016a 63E7     		b	.L87
 1185              	.LVL115:
 1186              	.L101:
 356:FATFS/App/fatfs_sd.c ****   }
 1187              		.loc 1 356 5 is_stmt 1 view .LVU316
 1188 016c FFF7FEFF 		bl	SD_PowerOff
 1189              	.LVL116:
 1190 0170 6EE7     		b	.L102
 1191              	.LVL117:
 1192              	.L103:
 1193              	.LCFI20:
 1194              		.cfi_def_cfa_offset 0
 1195              		.cfi_restore 4
 1196              		.cfi_restore 5
 1197              		.cfi_restore 14
 264:FATFS/App/fatfs_sd.c **** 
ARM GAS  /tmp/cc8LcH9P.s 			page 33


 1198              		.loc 1 264 12 is_stmt 0 view .LVU317
 1199 0172 0120     		movs	r0, #1
 1200              	.LVL118:
 1201              		.loc 1 360 1 view .LVU318
 1202 0174 7047     		bx	lr
 1203              	.L117:
 1204 0176 00BF     		.align	2
 1205              	.L116:
 1206 0178 00000000 		.word	.LANCHOR1
 1207 017c 00000000 		.word	.LANCHOR2
 1208 0180 00000000 		.word	Timer1
 1209              		.cfi_endproc
 1210              	.LFE77:
 1212              		.section	.text.SD_disk_status,"ax",%progbits
 1213              		.align	1
 1214              		.global	SD_disk_status
 1215              		.syntax unified
 1216              		.thumb
 1217              		.thumb_func
 1219              	SD_disk_status:
 1220              	.LVL119:
 1221              	.LFB78:
 361:FATFS/App/fatfs_sd.c **** 
 362:FATFS/App/fatfs_sd.c **** /* Verificación del estado del disco */
 363:FATFS/App/fatfs_sd.c **** DSTATUS SD_disk_status(BYTE drv)
 364:FATFS/App/fatfs_sd.c **** {
 1222              		.loc 1 364 1 is_stmt 1 view -0
 1223              		.cfi_startproc
 1224              		@ args = 0, pretend = 0, frame = 0
 1225              		@ frame_needed = 0, uses_anonymous_args = 0
 1226              		@ link register save eliminated.
 365:FATFS/App/fatfs_sd.c ****   if (drv)
 1227              		.loc 1 365 3 view .LVU320
 1228              		.loc 1 365 6 is_stmt 0 view .LVU321
 1229 0000 18B9     		cbnz	r0, .L120
 366:FATFS/App/fatfs_sd.c ****     return STA_NOINIT;
 367:FATFS/App/fatfs_sd.c **** 
 368:FATFS/App/fatfs_sd.c ****   return Stat;
 1230              		.loc 1 368 3 is_stmt 1 view .LVU322
 1231              		.loc 1 368 10 is_stmt 0 view .LVU323
 1232 0002 034B     		ldr	r3, .L121
 1233 0004 1878     		ldrb	r0, [r3]	@ zero_extendqisi2
 1234              	.LVL120:
 1235              		.loc 1 368 10 view .LVU324
 1236 0006 C0B2     		uxtb	r0, r0
 1237 0008 7047     		bx	lr
 1238              	.LVL121:
 1239              	.L120:
 366:FATFS/App/fatfs_sd.c ****     return STA_NOINIT;
 1240              		.loc 1 366 12 view .LVU325
 1241 000a 0120     		movs	r0, #1
 1242              	.LVL122:
 369:FATFS/App/fatfs_sd.c **** }
 1243              		.loc 1 369 1 view .LVU326
 1244 000c 7047     		bx	lr
 1245              	.L122:
 1246 000e 00BF     		.align	2
ARM GAS  /tmp/cc8LcH9P.s 			page 34


 1247              	.L121:
 1248 0010 00000000 		.word	.LANCHOR1
 1249              		.cfi_endproc
 1250              	.LFE78:
 1252              		.section	.text.SD_disk_read,"ax",%progbits
 1253              		.align	1
 1254              		.global	SD_disk_read
 1255              		.syntax unified
 1256              		.thumb
 1257              		.thumb_func
 1259              	SD_disk_read:
 1260              	.LVL123:
 1261              	.LFB79:
 370:FATFS/App/fatfs_sd.c **** 
 371:FATFS/App/fatfs_sd.c **** /* Lectura del sector */
 372:FATFS/App/fatfs_sd.c **** DRESULT SD_disk_read(BYTE pdrv, BYTE *buff, DWORD sector, UINT count)
 373:FATFS/App/fatfs_sd.c **** {
 1262              		.loc 1 373 1 is_stmt 1 view -0
 1263              		.cfi_startproc
 1264              		@ args = 0, pretend = 0, frame = 0
 1265              		@ frame_needed = 0, uses_anonymous_args = 0
 374:FATFS/App/fatfs_sd.c ****   if (pdrv || !count)
 1266              		.loc 1 374 3 view .LVU328
 1267              		.loc 1 374 6 is_stmt 0 view .LVU329
 1268 0000 0028     		cmp	r0, #0
 1269 0002 3ED1     		bne	.L130
 373:FATFS/App/fatfs_sd.c ****   if (pdrv || !count)
 1270              		.loc 1 373 1 discriminator 1 view .LVU330
 1271 0004 70B5     		push	{r4, r5, r6, lr}
 1272              	.LCFI21:
 1273              		.cfi_def_cfa_offset 16
 1274              		.cfi_offset 4, -16
 1275              		.cfi_offset 5, -12
 1276              		.cfi_offset 6, -8
 1277              		.cfi_offset 14, -4
 1278 0006 0D46     		mov	r5, r1
 1279 0008 1646     		mov	r6, r2
 1280 000a 1C46     		mov	r4, r3
 1281              		.loc 1 374 12 discriminator 1 view .LVU331
 1282 000c 002B     		cmp	r3, #0
 1283 000e 3AD0     		beq	.L131
 375:FATFS/App/fatfs_sd.c ****     return RES_PARERR;
 376:FATFS/App/fatfs_sd.c **** 
 377:FATFS/App/fatfs_sd.c ****   if (Stat & STA_NOINIT)
 1284              		.loc 1 377 3 is_stmt 1 view .LVU332
 1285              		.loc 1 377 12 is_stmt 0 view .LVU333
 1286 0010 1F4B     		ldr	r3, .L139
 1287              	.LVL124:
 1288              		.loc 1 377 12 view .LVU334
 1289 0012 1B78     		ldrb	r3, [r3]	@ zero_extendqisi2
 1290              		.loc 1 377 6 view .LVU335
 1291 0014 13F0010F 		tst	r3, #1
 1292 0018 37D1     		bne	.L132
 378:FATFS/App/fatfs_sd.c ****     return RES_NOTRDY;
 379:FATFS/App/fatfs_sd.c **** 
 380:FATFS/App/fatfs_sd.c ****   if (!(CardType & 4))
 1293              		.loc 1 380 3 is_stmt 1 view .LVU336
ARM GAS  /tmp/cc8LcH9P.s 			page 35


 1294              		.loc 1 380 18 is_stmt 0 view .LVU337
 1295 001a 1E4B     		ldr	r3, .L139+4
 1296 001c 1B78     		ldrb	r3, [r3]	@ zero_extendqisi2
 1297              		.loc 1 380 6 view .LVU338
 1298 001e 13F0040F 		tst	r3, #4
 1299 0022 00D1     		bne	.L125
 381:FATFS/App/fatfs_sd.c ****     sector *= 512; // Conversión del sector especificado a unidades de direccionamiento por bytes 
 1300              		.loc 1 381 5 is_stmt 1 view .LVU339
 1301              		.loc 1 381 12 is_stmt 0 view .LVU340
 1302 0024 5602     		lsls	r6, r2, #9
 1303              	.LVL125:
 1304              	.L125:
 382:FATFS/App/fatfs_sd.c **** 
 383:FATFS/App/fatfs_sd.c ****   SELECT();
 1305              		.loc 1 383 3 is_stmt 1 view .LVU341
 1306 0026 FFF7FEFF 		bl	SELECT
 1307              	.LVL126:
 384:FATFS/App/fatfs_sd.c **** 
 385:FATFS/App/fatfs_sd.c ****   if (count == 1)
 1308              		.loc 1 385 3 view .LVU342
 1309              		.loc 1 385 6 is_stmt 0 view .LVU343
 1310 002a 012C     		cmp	r4, #1
 1311 002c 1AD0     		beq	.L138
 386:FATFS/App/fatfs_sd.c ****   {
 387:FATFS/App/fatfs_sd.c ****     // Lectura de bloque único
 388:FATFS/App/fatfs_sd.c ****     if ((SD_SendCmd(CMD17, sector) == 0) && SD_RxDataBlock(buff, 512))
 389:FATFS/App/fatfs_sd.c ****       count = 0;
 390:FATFS/App/fatfs_sd.c ****   }
 391:FATFS/App/fatfs_sd.c ****   else
 392:FATFS/App/fatfs_sd.c ****   {
 393:FATFS/App/fatfs_sd.c ****     // Lectura de múltiples bloques
 394:FATFS/App/fatfs_sd.c ****     if (SD_SendCmd(CMD18, sector) == 0)
 1312              		.loc 1 394 5 is_stmt 1 view .LVU344
 1313              		.loc 1 394 9 is_stmt 0 view .LVU345
 1314 002e 3146     		mov	r1, r6
 1315 0030 5220     		movs	r0, #82
 1316 0032 FFF7FEFF 		bl	SD_SendCmd
 1317              	.LVL127:
 1318              		.loc 1 394 8 view .LVU346
 1319 0036 68B9     		cbnz	r0, .L127
 1320              	.L129:
 395:FATFS/App/fatfs_sd.c ****     {
 396:FATFS/App/fatfs_sd.c ****       do
 1321              		.loc 1 396 7 is_stmt 1 view .LVU347
 397:FATFS/App/fatfs_sd.c ****       {
 398:FATFS/App/fatfs_sd.c ****         if (!SD_RxDataBlock(buff, 512))
 1322              		.loc 1 398 9 view .LVU348
 1323              		.loc 1 398 14 is_stmt 0 view .LVU349
 1324 0038 4FF40071 		mov	r1, #512
 1325 003c 2846     		mov	r0, r5
 1326 003e FFF7FEFF 		bl	SD_RxDataBlock
 1327              	.LVL128:
 1328              		.loc 1 398 12 view .LVU350
 1329 0042 18B1     		cbz	r0, .L128
 399:FATFS/App/fatfs_sd.c ****           break;
 400:FATFS/App/fatfs_sd.c **** 
 401:FATFS/App/fatfs_sd.c ****         buff += 512;
ARM GAS  /tmp/cc8LcH9P.s 			page 36


 1330              		.loc 1 401 9 is_stmt 1 view .LVU351
 1331              		.loc 1 401 14 is_stmt 0 view .LVU352
 1332 0044 05F50075 		add	r5, r5, #512
 1333              	.LVL129:
 402:FATFS/App/fatfs_sd.c ****       } while (--count);
 1334              		.loc 1 402 15 is_stmt 1 view .LVU353
 1335              		.loc 1 402 7 is_stmt 0 view .LVU354
 1336 0048 013C     		subs	r4, r4, #1
 1337              	.LVL130:
 1338              		.loc 1 402 7 view .LVU355
 1339 004a F5D1     		bne	.L129
 1340              	.L128:
 403:FATFS/App/fatfs_sd.c **** 
 404:FATFS/App/fatfs_sd.c ****       // STOP_TRANSMISSION, todos los bloques fueron leídos, se detiene la transmisión
 405:FATFS/App/fatfs_sd.c ****       SD_SendCmd(CMD12, 0);
 1341              		.loc 1 405 7 is_stmt 1 view .LVU356
 1342 004c 0021     		movs	r1, #0
 1343 004e 4C20     		movs	r0, #76
 1344 0050 FFF7FEFF 		bl	SD_SendCmd
 1345              	.LVL131:
 1346              	.L127:
 406:FATFS/App/fatfs_sd.c ****     }
 407:FATFS/App/fatfs_sd.c ****   }
 408:FATFS/App/fatfs_sd.c **** 
 409:FATFS/App/fatfs_sd.c ****   DESELECT();
 1347              		.loc 1 409 3 view .LVU357
 1348 0054 FFF7FEFF 		bl	DESELECT
 1349              	.LVL132:
 410:FATFS/App/fatfs_sd.c ****   SPI_RxByte(); // Transición a Idle (Release DO)
 1350              		.loc 1 410 3 view .LVU358
 1351 0058 FFF7FEFF 		bl	SPI_RxByte
 1352              	.LVL133:
 411:FATFS/App/fatfs_sd.c **** 
 412:FATFS/App/fatfs_sd.c ****   return count ? RES_ERROR : RES_OK;
 1353              		.loc 1 412 3 view .LVU359
 1354              		.loc 1 412 28 is_stmt 0 view .LVU360
 1355 005c 201E     		subs	r0, r4, #0
 1356 005e 18BF     		it	ne
 1357 0060 0120     		movne	r0, #1
 1358              	.L124:
 413:FATFS/App/fatfs_sd.c **** }
 1359              		.loc 1 413 1 view .LVU361
 1360 0062 70BD     		pop	{r4, r5, r6, pc}
 1361              	.LVL134:
 1362              	.L138:
 388:FATFS/App/fatfs_sd.c ****       count = 0;
 1363              		.loc 1 388 5 is_stmt 1 view .LVU362
 388:FATFS/App/fatfs_sd.c ****       count = 0;
 1364              		.loc 1 388 10 is_stmt 0 view .LVU363
 1365 0064 3146     		mov	r1, r6
 1366 0066 5120     		movs	r0, #81
 1367 0068 FFF7FEFF 		bl	SD_SendCmd
 1368              	.LVL135:
 388:FATFS/App/fatfs_sd.c ****       count = 0;
 1369              		.loc 1 388 8 view .LVU364
 1370 006c 0028     		cmp	r0, #0
 1371 006e F1D1     		bne	.L127
ARM GAS  /tmp/cc8LcH9P.s 			page 37


 388:FATFS/App/fatfs_sd.c ****       count = 0;
 1372              		.loc 1 388 45 discriminator 1 view .LVU365
 1373 0070 4FF40071 		mov	r1, #512
 1374 0074 2846     		mov	r0, r5
 1375 0076 FFF7FEFF 		bl	SD_RxDataBlock
 1376              	.LVL136:
 388:FATFS/App/fatfs_sd.c ****       count = 0;
 1377              		.loc 1 388 42 discriminator 1 view .LVU366
 1378 007a 0028     		cmp	r0, #0
 1379 007c EAD0     		beq	.L127
 389:FATFS/App/fatfs_sd.c ****   }
 1380              		.loc 1 389 13 view .LVU367
 1381 007e 0024     		movs	r4, #0
 1382              	.LVL137:
 389:FATFS/App/fatfs_sd.c ****   }
 1383              		.loc 1 389 13 view .LVU368
 1384 0080 E8E7     		b	.L127
 1385              	.LVL138:
 1386              	.L130:
 1387              	.LCFI22:
 1388              		.cfi_def_cfa_offset 0
 1389              		.cfi_restore 4
 1390              		.cfi_restore 5
 1391              		.cfi_restore 6
 1392              		.cfi_restore 14
 375:FATFS/App/fatfs_sd.c **** 
 1393              		.loc 1 375 12 view .LVU369
 1394 0082 0420     		movs	r0, #4
 1395              	.LVL139:
 1396              		.loc 1 413 1 view .LVU370
 1397 0084 7047     		bx	lr
 1398              	.LVL140:
 1399              	.L131:
 1400              	.LCFI23:
 1401              		.cfi_def_cfa_offset 16
 1402              		.cfi_offset 4, -16
 1403              		.cfi_offset 5, -12
 1404              		.cfi_offset 6, -8
 1405              		.cfi_offset 14, -4
 375:FATFS/App/fatfs_sd.c **** 
 1406              		.loc 1 375 12 view .LVU371
 1407 0086 0420     		movs	r0, #4
 1408              	.LVL141:
 375:FATFS/App/fatfs_sd.c **** 
 1409              		.loc 1 375 12 view .LVU372
 1410 0088 EBE7     		b	.L124
 1411              	.LVL142:
 1412              	.L132:
 378:FATFS/App/fatfs_sd.c **** 
 1413              		.loc 1 378 12 view .LVU373
 1414 008a 0320     		movs	r0, #3
 1415              	.LVL143:
 378:FATFS/App/fatfs_sd.c **** 
 1416              		.loc 1 378 12 view .LVU374
 1417 008c E9E7     		b	.L124
 1418              	.L140:
 1419 008e 00BF     		.align	2
ARM GAS  /tmp/cc8LcH9P.s 			page 38


 1420              	.L139:
 1421 0090 00000000 		.word	.LANCHOR1
 1422 0094 00000000 		.word	.LANCHOR2
 1423              		.cfi_endproc
 1424              	.LFE79:
 1426              		.section	.text.SD_disk_write,"ax",%progbits
 1427              		.align	1
 1428              		.global	SD_disk_write
 1429              		.syntax unified
 1430              		.thumb
 1431              		.thumb_func
 1433              	SD_disk_write:
 1434              	.LVL144:
 1435              	.LFB80:
 414:FATFS/App/fatfs_sd.c **** 
 415:FATFS/App/fatfs_sd.c **** /* Escritura del sector */
 416:FATFS/App/fatfs_sd.c **** #if _READONLY == 0
 417:FATFS/App/fatfs_sd.c **** DRESULT SD_disk_write(BYTE pdrv, const BYTE *buff, DWORD sector, UINT count)
 418:FATFS/App/fatfs_sd.c **** {
 1436              		.loc 1 418 1 is_stmt 1 view -0
 1437              		.cfi_startproc
 1438              		@ args = 0, pretend = 0, frame = 0
 1439              		@ frame_needed = 0, uses_anonymous_args = 0
 419:FATFS/App/fatfs_sd.c ****   if (pdrv || !count)
 1440              		.loc 1 419 3 view .LVU376
 1441              		.loc 1 419 6 is_stmt 0 view .LVU377
 1442 0000 0028     		cmp	r0, #0
 1443 0002 52D1     		bne	.L149
 418:FATFS/App/fatfs_sd.c ****   if (pdrv || !count)
 1444              		.loc 1 418 1 discriminator 1 view .LVU378
 1445 0004 70B5     		push	{r4, r5, r6, lr}
 1446              	.LCFI24:
 1447              		.cfi_def_cfa_offset 16
 1448              		.cfi_offset 4, -16
 1449              		.cfi_offset 5, -12
 1450              		.cfi_offset 6, -8
 1451              		.cfi_offset 14, -4
 1452 0006 0D46     		mov	r5, r1
 1453 0008 1646     		mov	r6, r2
 1454 000a 1C46     		mov	r4, r3
 1455              		.loc 1 419 12 discriminator 1 view .LVU379
 1456 000c 002B     		cmp	r3, #0
 1457 000e 4ED0     		beq	.L150
 420:FATFS/App/fatfs_sd.c ****     return RES_PARERR;
 421:FATFS/App/fatfs_sd.c **** 
 422:FATFS/App/fatfs_sd.c ****   if (Stat & STA_NOINIT)
 1458              		.loc 1 422 3 is_stmt 1 view .LVU380
 1459              		.loc 1 422 12 is_stmt 0 view .LVU381
 1460 0010 2A4B     		ldr	r3, .L161
 1461              	.LVL145:
 1462              		.loc 1 422 12 view .LVU382
 1463 0012 1B78     		ldrb	r3, [r3]	@ zero_extendqisi2
 1464              		.loc 1 422 6 view .LVU383
 1465 0014 13F0010F 		tst	r3, #1
 1466 0018 4BD1     		bne	.L151
 423:FATFS/App/fatfs_sd.c ****     return RES_NOTRDY;
 424:FATFS/App/fatfs_sd.c **** 
ARM GAS  /tmp/cc8LcH9P.s 			page 39


 425:FATFS/App/fatfs_sd.c ****   if (Stat & STA_PROTECT)
 1467              		.loc 1 425 3 is_stmt 1 view .LVU384
 1468              		.loc 1 425 12 is_stmt 0 view .LVU385
 1469 001a 284B     		ldr	r3, .L161
 1470 001c 1B78     		ldrb	r3, [r3]	@ zero_extendqisi2
 1471              		.loc 1 425 6 view .LVU386
 1472 001e 13F0040F 		tst	r3, #4
 1473 0022 48D1     		bne	.L152
 426:FATFS/App/fatfs_sd.c ****     return RES_WRPRT;
 427:FATFS/App/fatfs_sd.c **** 
 428:FATFS/App/fatfs_sd.c ****   if (!(CardType & 4))
 1474              		.loc 1 428 3 is_stmt 1 view .LVU387
 1475              		.loc 1 428 18 is_stmt 0 view .LVU388
 1476 0024 264B     		ldr	r3, .L161+4
 1477 0026 1B78     		ldrb	r3, [r3]	@ zero_extendqisi2
 1478              		.loc 1 428 6 view .LVU389
 1479 0028 13F0040F 		tst	r3, #4
 1480 002c 00D1     		bne	.L143
 429:FATFS/App/fatfs_sd.c ****     sector *= 512; // Conversión del sector especificado a unidades de direccionamiento por bytes 
 1481              		.loc 1 429 5 is_stmt 1 view .LVU390
 1482              		.loc 1 429 12 is_stmt 0 view .LVU391
 1483 002e 5602     		lsls	r6, r2, #9
 1484              	.LVL146:
 1485              	.L143:
 430:FATFS/App/fatfs_sd.c **** 
 431:FATFS/App/fatfs_sd.c ****   SELECT();
 1486              		.loc 1 431 3 is_stmt 1 view .LVU392
 1487 0030 FFF7FEFF 		bl	SELECT
 1488              	.LVL147:
 432:FATFS/App/fatfs_sd.c **** 
 433:FATFS/App/fatfs_sd.c ****   if (count == 1)
 1489              		.loc 1 433 3 view .LVU393
 1490              		.loc 1 433 6 is_stmt 0 view .LVU394
 1491 0034 012C     		cmp	r4, #1
 1492 0036 1FD0     		beq	.L159
 434:FATFS/App/fatfs_sd.c ****   {
 435:FATFS/App/fatfs_sd.c ****     // Escritura de bloque único
 436:FATFS/App/fatfs_sd.c ****     if ((SD_SendCmd(CMD24, sector) == 0) && SD_TxDataBlock(buff, 0xFE))
 437:FATFS/App/fatfs_sd.c ****       count = 0;
 438:FATFS/App/fatfs_sd.c ****   }
 439:FATFS/App/fatfs_sd.c ****   else
 440:FATFS/App/fatfs_sd.c ****   {
 441:FATFS/App/fatfs_sd.c ****     // Escritura de múltiples bloques
 442:FATFS/App/fatfs_sd.c ****     if (CardType & 2)
 1493              		.loc 1 442 5 is_stmt 1 view .LVU395
 1494              		.loc 1 442 18 is_stmt 0 view .LVU396
 1495 0038 214B     		ldr	r3, .L161+4
 1496 003a 1B78     		ldrb	r3, [r3]	@ zero_extendqisi2
 1497              		.loc 1 442 8 view .LVU397
 1498 003c 13F0020F 		tst	r3, #2
 1499 0040 28D1     		bne	.L160
 1500              	.L146:
 443:FATFS/App/fatfs_sd.c ****     {
 444:FATFS/App/fatfs_sd.c ****       SD_SendCmd(CMD55, 0);
 445:FATFS/App/fatfs_sd.c ****       SD_SendCmd(CMD23, count); // ACMD23
 446:FATFS/App/fatfs_sd.c ****     }
 447:FATFS/App/fatfs_sd.c **** 
ARM GAS  /tmp/cc8LcH9P.s 			page 40


 448:FATFS/App/fatfs_sd.c ****     if (SD_SendCmd(CMD25, sector) == 0)
 1501              		.loc 1 448 5 is_stmt 1 view .LVU398
 1502              		.loc 1 448 9 is_stmt 0 view .LVU399
 1503 0042 3146     		mov	r1, r6
 1504 0044 5920     		movs	r0, #89
 1505 0046 FFF7FEFF 		bl	SD_SendCmd
 1506              	.LVL148:
 1507              		.loc 1 448 8 view .LVU400
 1508 004a 68B9     		cbnz	r0, .L145
 1509              	.L148:
 449:FATFS/App/fatfs_sd.c ****     {
 450:FATFS/App/fatfs_sd.c ****       do
 1510              		.loc 1 450 7 is_stmt 1 view .LVU401
 451:FATFS/App/fatfs_sd.c ****       {
 452:FATFS/App/fatfs_sd.c ****         if (!SD_TxDataBlock(buff, 0xFC))
 1511              		.loc 1 452 9 view .LVU402
 1512              		.loc 1 452 14 is_stmt 0 view .LVU403
 1513 004c FC21     		movs	r1, #252
 1514 004e 2846     		mov	r0, r5
 1515 0050 FFF7FEFF 		bl	SD_TxDataBlock
 1516              	.LVL149:
 1517              		.loc 1 452 12 view .LVU404
 1518 0054 18B1     		cbz	r0, .L147
 453:FATFS/App/fatfs_sd.c ****           break;
 454:FATFS/App/fatfs_sd.c **** 
 455:FATFS/App/fatfs_sd.c ****         buff += 512;
 1519              		.loc 1 455 9 is_stmt 1 view .LVU405
 1520              		.loc 1 455 14 is_stmt 0 view .LVU406
 1521 0056 05F50075 		add	r5, r5, #512
 1522              	.LVL150:
 456:FATFS/App/fatfs_sd.c ****       } while (--count);
 1523              		.loc 1 456 15 is_stmt 1 view .LVU407
 1524              		.loc 1 456 7 is_stmt 0 view .LVU408
 1525 005a 013C     		subs	r4, r4, #1
 1526              	.LVL151:
 1527              		.loc 1 456 7 view .LVU409
 1528 005c F6D1     		bne	.L148
 1529              	.L147:
 457:FATFS/App/fatfs_sd.c **** 
 458:FATFS/App/fatfs_sd.c ****       if (!SD_TxDataBlock(0, 0xFD))
 1530              		.loc 1 458 7 is_stmt 1 view .LVU410
 1531              		.loc 1 458 12 is_stmt 0 view .LVU411
 1532 005e FD21     		movs	r1, #253
 1533 0060 0020     		movs	r0, #0
 1534 0062 FFF7FEFF 		bl	SD_TxDataBlock
 1535              	.LVL152:
 1536              		.loc 1 458 10 view .LVU412
 1537 0066 F0B1     		cbz	r0, .L154
 1538              	.LVL153:
 1539              	.L145:
 459:FATFS/App/fatfs_sd.c ****       {
 460:FATFS/App/fatfs_sd.c ****         count = 1;
 461:FATFS/App/fatfs_sd.c ****       }
 462:FATFS/App/fatfs_sd.c ****     }
 463:FATFS/App/fatfs_sd.c ****   }
 464:FATFS/App/fatfs_sd.c **** 
 465:FATFS/App/fatfs_sd.c ****   DESELECT();
ARM GAS  /tmp/cc8LcH9P.s 			page 41


 1540              		.loc 1 465 3 is_stmt 1 view .LVU413
 1541 0068 FFF7FEFF 		bl	DESELECT
 1542              	.LVL154:
 466:FATFS/App/fatfs_sd.c ****   SPI_RxByte();
 1543              		.loc 1 466 3 view .LVU414
 1544 006c FFF7FEFF 		bl	SPI_RxByte
 1545              	.LVL155:
 467:FATFS/App/fatfs_sd.c **** 
 468:FATFS/App/fatfs_sd.c ****   return count ? RES_ERROR : RES_OK;
 1546              		.loc 1 468 3 view .LVU415
 1547              		.loc 1 468 28 is_stmt 0 view .LVU416
 1548 0070 201E     		subs	r0, r4, #0
 1549 0072 18BF     		it	ne
 1550 0074 0120     		movne	r0, #1
 1551              	.L142:
 469:FATFS/App/fatfs_sd.c **** }
 1552              		.loc 1 469 1 view .LVU417
 1553 0076 70BD     		pop	{r4, r5, r6, pc}
 1554              	.LVL156:
 1555              	.L159:
 436:FATFS/App/fatfs_sd.c ****       count = 0;
 1556              		.loc 1 436 5 is_stmt 1 view .LVU418
 436:FATFS/App/fatfs_sd.c ****       count = 0;
 1557              		.loc 1 436 10 is_stmt 0 view .LVU419
 1558 0078 3146     		mov	r1, r6
 1559 007a 5820     		movs	r0, #88
 1560 007c FFF7FEFF 		bl	SD_SendCmd
 1561              	.LVL157:
 436:FATFS/App/fatfs_sd.c ****       count = 0;
 1562              		.loc 1 436 8 view .LVU420
 1563 0080 0028     		cmp	r0, #0
 1564 0082 F1D1     		bne	.L145
 436:FATFS/App/fatfs_sd.c ****       count = 0;
 1565              		.loc 1 436 45 discriminator 1 view .LVU421
 1566 0084 FE21     		movs	r1, #254
 1567 0086 2846     		mov	r0, r5
 1568 0088 FFF7FEFF 		bl	SD_TxDataBlock
 1569              	.LVL158:
 436:FATFS/App/fatfs_sd.c ****       count = 0;
 1570              		.loc 1 436 42 discriminator 1 view .LVU422
 1571 008c 0028     		cmp	r0, #0
 1572 008e EBD0     		beq	.L145
 437:FATFS/App/fatfs_sd.c ****   }
 1573              		.loc 1 437 13 view .LVU423
 1574 0090 0024     		movs	r4, #0
 1575              	.LVL159:
 437:FATFS/App/fatfs_sd.c ****   }
 1576              		.loc 1 437 13 view .LVU424
 1577 0092 E9E7     		b	.L145
 1578              	.LVL160:
 1579              	.L160:
 444:FATFS/App/fatfs_sd.c ****       SD_SendCmd(CMD23, count); // ACMD23
 1580              		.loc 1 444 7 is_stmt 1 view .LVU425
 1581 0094 0021     		movs	r1, #0
 1582 0096 7720     		movs	r0, #119
 1583 0098 FFF7FEFF 		bl	SD_SendCmd
 1584              	.LVL161:
ARM GAS  /tmp/cc8LcH9P.s 			page 42


 445:FATFS/App/fatfs_sd.c ****     }
 1585              		.loc 1 445 7 view .LVU426
 1586 009c 2146     		mov	r1, r4
 1587 009e 5720     		movs	r0, #87
 1588 00a0 FFF7FEFF 		bl	SD_SendCmd
 1589              	.LVL162:
 1590 00a4 CDE7     		b	.L146
 1591              	.L154:
 460:FATFS/App/fatfs_sd.c ****       }
 1592              		.loc 1 460 15 is_stmt 0 view .LVU427
 1593 00a6 0124     		movs	r4, #1
 1594              	.LVL163:
 460:FATFS/App/fatfs_sd.c ****       }
 1595              		.loc 1 460 15 view .LVU428
 1596 00a8 DEE7     		b	.L145
 1597              	.LVL164:
 1598              	.L149:
 1599              	.LCFI25:
 1600              		.cfi_def_cfa_offset 0
 1601              		.cfi_restore 4
 1602              		.cfi_restore 5
 1603              		.cfi_restore 6
 1604              		.cfi_restore 14
 420:FATFS/App/fatfs_sd.c **** 
 1605              		.loc 1 420 12 view .LVU429
 1606 00aa 0420     		movs	r0, #4
 1607              	.LVL165:
 1608              		.loc 1 469 1 view .LVU430
 1609 00ac 7047     		bx	lr
 1610              	.LVL166:
 1611              	.L150:
 1612              	.LCFI26:
 1613              		.cfi_def_cfa_offset 16
 1614              		.cfi_offset 4, -16
 1615              		.cfi_offset 5, -12
 1616              		.cfi_offset 6, -8
 1617              		.cfi_offset 14, -4
 420:FATFS/App/fatfs_sd.c **** 
 1618              		.loc 1 420 12 view .LVU431
 1619 00ae 0420     		movs	r0, #4
 1620              	.LVL167:
 420:FATFS/App/fatfs_sd.c **** 
 1621              		.loc 1 420 12 view .LVU432
 1622 00b0 E1E7     		b	.L142
 1623              	.LVL168:
 1624              	.L151:
 423:FATFS/App/fatfs_sd.c **** 
 1625              		.loc 1 423 12 view .LVU433
 1626 00b2 0320     		movs	r0, #3
 1627              	.LVL169:
 423:FATFS/App/fatfs_sd.c **** 
 1628              		.loc 1 423 12 view .LVU434
 1629 00b4 DFE7     		b	.L142
 1630              	.LVL170:
 1631              	.L152:
 426:FATFS/App/fatfs_sd.c **** 
 1632              		.loc 1 426 12 view .LVU435
ARM GAS  /tmp/cc8LcH9P.s 			page 43


 1633 00b6 0220     		movs	r0, #2
 1634              	.LVL171:
 426:FATFS/App/fatfs_sd.c **** 
 1635              		.loc 1 426 12 view .LVU436
 1636 00b8 DDE7     		b	.L142
 1637              	.L162:
 1638 00ba 00BF     		.align	2
 1639              	.L161:
 1640 00bc 00000000 		.word	.LANCHOR1
 1641 00c0 00000000 		.word	.LANCHOR2
 1642              		.cfi_endproc
 1643              	.LFE80:
 1645              		.section	.text.SD_disk_ioctl,"ax",%progbits
 1646              		.align	1
 1647              		.global	SD_disk_ioctl
 1648              		.syntax unified
 1649              		.thumb
 1650              		.thumb_func
 1652              	SD_disk_ioctl:
 1653              	.LVL172:
 1654              	.LFB81:
 470:FATFS/App/fatfs_sd.c **** #endif /* _READONLY */
 471:FATFS/App/fatfs_sd.c **** 
 472:FATFS/App/fatfs_sd.c **** /* Otras funciones */
 473:FATFS/App/fatfs_sd.c **** DRESULT SD_disk_ioctl(BYTE drv, BYTE ctrl, void *buff)
 474:FATFS/App/fatfs_sd.c **** {
 1655              		.loc 1 474 1 is_stmt 1 view -0
 1656              		.cfi_startproc
 1657              		@ args = 0, pretend = 0, frame = 16
 1658              		@ frame_needed = 0, uses_anonymous_args = 0
 1659              		.loc 1 474 1 is_stmt 0 view .LVU438
 1660 0000 70B5     		push	{r4, r5, r6, lr}
 1661              	.LCFI27:
 1662              		.cfi_def_cfa_offset 16
 1663              		.cfi_offset 4, -16
 1664              		.cfi_offset 5, -12
 1665              		.cfi_offset 6, -8
 1666              		.cfi_offset 14, -4
 1667 0002 84B0     		sub	sp, sp, #16
 1668              	.LCFI28:
 1669              		.cfi_def_cfa_offset 32
 475:FATFS/App/fatfs_sd.c ****   DRESULT res;
 1670              		.loc 1 475 3 is_stmt 1 view .LVU439
 476:FATFS/App/fatfs_sd.c ****   BYTE n, csd[16], *ptr = buff;
 1671              		.loc 1 476 3 view .LVU440
 1672              	.LVL173:
 477:FATFS/App/fatfs_sd.c ****   WORD csize;
 1673              		.loc 1 477 3 view .LVU441
 478:FATFS/App/fatfs_sd.c **** 
 479:FATFS/App/fatfs_sd.c ****   if (drv)
 1674              		.loc 1 479 3 view .LVU442
 1675              		.loc 1 479 6 is_stmt 0 view .LVU443
 1676 0004 0028     		cmp	r0, #0
 1677 0006 40F0B680 		bne	.L179
 1678 000a 0D46     		mov	r5, r1
 1679 000c 1646     		mov	r6, r2
 1680 000e 0446     		mov	r4, r0
ARM GAS  /tmp/cc8LcH9P.s 			page 44


 480:FATFS/App/fatfs_sd.c ****     return RES_PARERR;
 481:FATFS/App/fatfs_sd.c **** 
 482:FATFS/App/fatfs_sd.c ****   res = RES_ERROR;
 1681              		.loc 1 482 3 is_stmt 1 view .LVU444
 1682              	.LVL174:
 483:FATFS/App/fatfs_sd.c **** 
 484:FATFS/App/fatfs_sd.c ****   if (ctrl == CTRL_POWER)
 1683              		.loc 1 484 3 view .LVU445
 1684              		.loc 1 484 6 is_stmt 0 view .LVU446
 1685 0010 0529     		cmp	r1, #5
 1686 0012 13D0     		beq	.L190
 485:FATFS/App/fatfs_sd.c ****   {
 486:FATFS/App/fatfs_sd.c ****     switch (*ptr)
 487:FATFS/App/fatfs_sd.c ****     {
 488:FATFS/App/fatfs_sd.c ****     case 0:
 489:FATFS/App/fatfs_sd.c ****       if (SD_CheckPower())
 490:FATFS/App/fatfs_sd.c ****         SD_PowerOff(); // Power Off
 491:FATFS/App/fatfs_sd.c ****       res = RES_OK;
 492:FATFS/App/fatfs_sd.c ****       break;
 493:FATFS/App/fatfs_sd.c ****     case 1:
 494:FATFS/App/fatfs_sd.c ****       SD_PowerOn(); // Power On
 495:FATFS/App/fatfs_sd.c ****       res = RES_OK;
 496:FATFS/App/fatfs_sd.c ****       break;
 497:FATFS/App/fatfs_sd.c ****     case 2:
 498:FATFS/App/fatfs_sd.c ****       *(ptr + 1) = (BYTE)SD_CheckPower();
 499:FATFS/App/fatfs_sd.c ****       res = RES_OK; // Power Check
 500:FATFS/App/fatfs_sd.c ****       break;
 501:FATFS/App/fatfs_sd.c ****     default:
 502:FATFS/App/fatfs_sd.c ****       res = RES_PARERR;
 503:FATFS/App/fatfs_sd.c ****     }
 504:FATFS/App/fatfs_sd.c ****   }
 505:FATFS/App/fatfs_sd.c ****   else
 506:FATFS/App/fatfs_sd.c ****   {
 507:FATFS/App/fatfs_sd.c ****     if (Stat & STA_NOINIT)
 1687              		.loc 1 507 5 is_stmt 1 view .LVU447
 1688              		.loc 1 507 14 is_stmt 0 view .LVU448
 1689 0014 5A4B     		ldr	r3, .L196
 1690 0016 1C78     		ldrb	r4, [r3]	@ zero_extendqisi2
 1691              		.loc 1 507 8 view .LVU449
 1692 0018 14F00104 		ands	r4, r4, #1
 1693 001c 40F0AD80 		bne	.L181
 508:FATFS/App/fatfs_sd.c ****       return RES_NOTRDY;
 509:FATFS/App/fatfs_sd.c **** 
 510:FATFS/App/fatfs_sd.c ****     SELECT();
 1694              		.loc 1 510 5 is_stmt 1 view .LVU450
 1695 0020 FFF7FEFF 		bl	SELECT
 1696              	.LVL175:
 511:FATFS/App/fatfs_sd.c **** 
 512:FATFS/App/fatfs_sd.c ****     switch (ctrl)
 1697              		.loc 1 512 5 view .LVU451
 1698 0024 0D2D     		cmp	r5, #13
 1699 0026 00F29A80 		bhi	.L182
 1700 002a DFE805F0 		tbb	[pc, r5]
 1701              	.L170:
 1702 002e 61       		.byte	(.L175-.L170)/2
 1703 002f 20       		.byte	(.L174-.L170)/2
 1704 0030 5D       		.byte	(.L173-.L170)/2
ARM GAS  /tmp/cc8LcH9P.s 			page 45


 1705 0031 98       		.byte	(.L182-.L170)/2
 1706 0032 98       		.byte	(.L182-.L170)/2
 1707 0033 98       		.byte	(.L182-.L170)/2
 1708 0034 98       		.byte	(.L182-.L170)/2
 1709 0035 98       		.byte	(.L182-.L170)/2
 1710 0036 98       		.byte	(.L182-.L170)/2
 1711 0037 98       		.byte	(.L182-.L170)/2
 1712 0038 98       		.byte	(.L182-.L170)/2
 1713 0039 67       		.byte	(.L172-.L170)/2
 1714 003a 76       		.byte	(.L171-.L170)/2
 1715 003b 85       		.byte	(.L169-.L170)/2
 1716              	.LVL176:
 1717              		.p2align 1
 1718              	.L190:
 486:FATFS/App/fatfs_sd.c ****     {
 1719              		.loc 1 486 5 view .LVU452
 486:FATFS/App/fatfs_sd.c ****     {
 1720              		.loc 1 486 13 is_stmt 0 view .LVU453
 1721 003c 1578     		ldrb	r5, [r2]	@ zero_extendqisi2
 486:FATFS/App/fatfs_sd.c ****     {
 1722              		.loc 1 486 5 view .LVU454
 1723 003e 012D     		cmp	r5, #1
 1724 0040 0ED0     		beq	.L166
 1725 0042 022D     		cmp	r5, #2
 1726 0044 0FD0     		beq	.L167
 1727 0046 0DB1     		cbz	r5, .L191
 1728 0048 0424     		movs	r4, #4
 1729 004a 8DE0     		b	.L164
 1730              	.L191:
 489:FATFS/App/fatfs_sd.c ****         SD_PowerOff(); // Power Off
 1731              		.loc 1 489 7 is_stmt 1 view .LVU455
 489:FATFS/App/fatfs_sd.c ****         SD_PowerOff(); // Power Off
 1732              		.loc 1 489 11 is_stmt 0 view .LVU456
 1733 004c FFF7FEFF 		bl	SD_CheckPower
 1734              	.LVL177:
 489:FATFS/App/fatfs_sd.c ****         SD_PowerOff(); // Power Off
 1735              		.loc 1 489 10 view .LVU457
 1736 0050 0446     		mov	r4, r0
 1737 0052 0028     		cmp	r0, #0
 1738 0054 00F08880 		beq	.L164
 490:FATFS/App/fatfs_sd.c ****       res = RES_OK;
 1739              		.loc 1 490 9 is_stmt 1 view .LVU458
 1740 0058 FFF7FEFF 		bl	SD_PowerOff
 1741              	.LVL178:
 491:FATFS/App/fatfs_sd.c ****       break;
 1742              		.loc 1 491 11 is_stmt 0 view .LVU459
 1743 005c 2C46     		mov	r4, r5
 1744 005e 83E0     		b	.L164
 1745              	.LVL179:
 1746              	.L166:
 494:FATFS/App/fatfs_sd.c ****       res = RES_OK;
 1747              		.loc 1 494 7 is_stmt 1 view .LVU460
 1748 0060 FFF7FEFF 		bl	SD_PowerOn
 1749              	.LVL180:
 495:FATFS/App/fatfs_sd.c ****       break;
 1750              		.loc 1 495 7 view .LVU461
 496:FATFS/App/fatfs_sd.c ****     case 2:
ARM GAS  /tmp/cc8LcH9P.s 			page 46


 1751              		.loc 1 496 7 view .LVU462
 1752 0064 80E0     		b	.L164
 1753              	.LVL181:
 1754              	.L167:
 498:FATFS/App/fatfs_sd.c ****       res = RES_OK; // Power Check
 1755              		.loc 1 498 7 view .LVU463
 498:FATFS/App/fatfs_sd.c ****       res = RES_OK; // Power Check
 1756              		.loc 1 498 26 is_stmt 0 view .LVU464
 1757 0066 FFF7FEFF 		bl	SD_CheckPower
 1758              	.LVL182:
 498:FATFS/App/fatfs_sd.c ****       res = RES_OK; // Power Check
 1759              		.loc 1 498 18 view .LVU465
 1760 006a 7070     		strb	r0, [r6, #1]
 499:FATFS/App/fatfs_sd.c ****       break;
 1761              		.loc 1 499 7 is_stmt 1 view .LVU466
 1762              	.LVL183:
 500:FATFS/App/fatfs_sd.c ****     default:
 1763              		.loc 1 500 7 view .LVU467
 1764 006c 7CE0     		b	.L164
 1765              	.LVL184:
 1766              	.L174:
 513:FATFS/App/fatfs_sd.c ****     {
 514:FATFS/App/fatfs_sd.c ****     case GET_SECTOR_COUNT:
 515:FATFS/App/fatfs_sd.c ****       // Número de sectores en la tarjeta SD (DWORD)
 516:FATFS/App/fatfs_sd.c ****       if ((SD_SendCmd(CMD9, 0) == 0) && SD_RxDataBlock(csd, 16))
 1767              		.loc 1 516 7 view .LVU468
 1768              		.loc 1 516 12 is_stmt 0 view .LVU469
 1769 006e 0021     		movs	r1, #0
 1770 0070 4920     		movs	r0, #73
 1771 0072 FFF7FEFF 		bl	SD_SendCmd
 1772              	.LVL185:
 1773              		.loc 1 516 10 view .LVU470
 1774 0076 0446     		mov	r4, r0
 1775 0078 08B1     		cbz	r0, .L192
 482:FATFS/App/fatfs_sd.c **** 
 1776              		.loc 1 482 7 view .LVU471
 1777 007a 2C46     		mov	r4, r5
 1778 007c 70E0     		b	.L168
 1779              	.L192:
 1780              		.loc 1 516 41 discriminator 1 view .LVU472
 1781 007e 1021     		movs	r1, #16
 1782 0080 6846     		mov	r0, sp
 1783 0082 FFF7FEFF 		bl	SD_RxDataBlock
 1784              	.LVL186:
 1785              		.loc 1 516 38 discriminator 1 view .LVU473
 1786 0086 0028     		cmp	r0, #0
 1787 0088 71D0     		beq	.L184
 517:FATFS/App/fatfs_sd.c ****       {
 518:FATFS/App/fatfs_sd.c ****         if ((csd[0] >> 6) == 1)
 1788              		.loc 1 518 9 is_stmt 1 view .LVU474
 1789              		.loc 1 518 17 is_stmt 0 view .LVU475
 1790 008a 9DF80030 		ldrb	r3, [sp]	@ zero_extendqisi2
 1791              		.loc 1 518 27 view .LVU476
 1792 008e 9B09     		lsrs	r3, r3, #6
 1793              		.loc 1 518 12 view .LVU477
 1794 0090 012B     		cmp	r3, #1
 1795 0092 1FD0     		beq	.L193
ARM GAS  /tmp/cc8LcH9P.s 			page 47


 519:FATFS/App/fatfs_sd.c ****         {
 520:FATFS/App/fatfs_sd.c ****           // SDC ver 2.00 - Parsing preciso del campo C_SIZE
 521:FATFS/App/fatfs_sd.c ****           csize = ((DWORD)(csd[7] & 0x3F) << 16) | ((DWORD)csd[8] << 8) | csd[9];
 522:FATFS/App/fatfs_sd.c ****           *(DWORD *)buff = (csize + 1) << 10;
 523:FATFS/App/fatfs_sd.c ****         }
 524:FATFS/App/fatfs_sd.c ****         else
 525:FATFS/App/fatfs_sd.c ****         {
 526:FATFS/App/fatfs_sd.c ****           // MMC or SDC ver 1.XX 
 527:FATFS/App/fatfs_sd.c ****           n = (csd[5] & 15) + ((csd[10] & 128) >> 7) + ((csd[9] & 3) << 1) + 2;
 1796              		.loc 1 527 11 is_stmt 1 view .LVU478
 1797              		.loc 1 527 19 is_stmt 0 view .LVU479
 1798 0094 9DF80520 		ldrb	r2, [sp, #5]	@ zero_extendqisi2
 1799              		.loc 1 527 23 view .LVU480
 1800 0098 02F00F02 		and	r2, r2, #15
 1801              		.loc 1 527 36 view .LVU481
 1802 009c 9DF80A30 		ldrb	r3, [sp, #10]	@ zero_extendqisi2
 1803              		.loc 1 527 29 view .LVU482
 1804 00a0 02EBD312 		add	r2, r2, r3, lsr #7
 1805              		.loc 1 527 61 view .LVU483
 1806 00a4 9DF80930 		ldrb	r3, [sp, #9]	@ zero_extendqisi2
 1807              		.loc 1 527 70 view .LVU484
 1808 00a8 5B00     		lsls	r3, r3, #1
 1809 00aa 03F00603 		and	r3, r3, #6
 1810              		.loc 1 527 54 view .LVU485
 1811 00ae 1A44     		add	r2, r2, r3
 1812              	.LVL187:
 528:FATFS/App/fatfs_sd.c ****           csize = (csd[8] >> 6) + ((WORD)csd[7] << 2) + ((WORD)(csd[6] & 3) << 10) + 1;
 1813              		.loc 1 528 11 is_stmt 1 view .LVU486
 1814              		.loc 1 528 23 is_stmt 0 view .LVU487
 1815 00b0 9DF80830 		ldrb	r3, [sp, #8]	@ zero_extendqisi2
 1816              		.loc 1 528 45 view .LVU488
 1817 00b4 9DF80710 		ldrb	r1, [sp, #7]	@ zero_extendqisi2
 1818              		.loc 1 528 33 view .LVU489
 1819 00b8 9B09     		lsrs	r3, r3, #6
 1820 00ba 03EB8103 		add	r3, r3, r1, lsl #2
 1821              		.loc 1 528 68 view .LVU490
 1822 00be 9DF80610 		ldrb	r1, [sp, #6]	@ zero_extendqisi2
 1823              		.loc 1 528 77 view .LVU491
 1824 00c2 8902     		lsls	r1, r1, #10
 1825 00c4 01F44061 		and	r1, r1, #3072
 1826              		.loc 1 528 55 view .LVU492
 1827 00c8 0B44     		add	r3, r3, r1
 1828              		.loc 1 528 17 view .LVU493
 1829 00ca 0133     		adds	r3, r3, #1
 1830              	.LVL188:
 529:FATFS/App/fatfs_sd.c ****           *(DWORD *)buff = (DWORD)csize << (n - 9);
 1831              		.loc 1 529 11 is_stmt 1 view .LVU494
 1832              		.loc 1 529 47 is_stmt 0 view .LVU495
 1833 00cc 073A     		subs	r2, r2, #7
 1834              	.LVL189:
 1835              		.loc 1 529 41 view .LVU496
 1836 00ce 9340     		lsls	r3, r3, r2
 1837              	.LVL190:
 1838              		.loc 1 529 26 view .LVU497
 1839 00d0 3360     		str	r3, [r6]
 1840              	.LVL191:
 1841              		.loc 1 529 26 view .LVU498
ARM GAS  /tmp/cc8LcH9P.s 			page 48


 1842 00d2 45E0     		b	.L168
 1843              	.LVL192:
 1844              	.L193:
 521:FATFS/App/fatfs_sd.c ****           *(DWORD *)buff = (csize + 1) << 10;
 1845              		.loc 1 521 11 is_stmt 1 view .LVU499
 521:FATFS/App/fatfs_sd.c ****           *(DWORD *)buff = (csize + 1) << 10;
 1846              		.loc 1 521 63 is_stmt 0 view .LVU500
 1847 00d4 9DF80820 		ldrb	r2, [sp, #8]	@ zero_extendqisi2
 521:FATFS/App/fatfs_sd.c ****           *(DWORD *)buff = (csize + 1) << 10;
 1848              		.loc 1 521 78 view .LVU501
 1849 00d8 9DF80930 		ldrb	r3, [sp, #9]	@ zero_extendqisi2
 521:FATFS/App/fatfs_sd.c ****           *(DWORD *)buff = (csize + 1) << 10;
 1850              		.loc 1 521 17 view .LVU502
 1851 00dc 43EA0223 		orr	r3, r3, r2, lsl #8
 1852              	.LVL193:
 522:FATFS/App/fatfs_sd.c ****         }
 1853              		.loc 1 522 11 is_stmt 1 view .LVU503
 522:FATFS/App/fatfs_sd.c ****         }
 1854              		.loc 1 522 35 is_stmt 0 view .LVU504
 1855 00e0 0133     		adds	r3, r3, #1
 1856              	.LVL194:
 522:FATFS/App/fatfs_sd.c ****         }
 1857              		.loc 1 522 40 view .LVU505
 1858 00e2 9B02     		lsls	r3, r3, #10
 1859              	.LVL195:
 522:FATFS/App/fatfs_sd.c ****         }
 1860              		.loc 1 522 26 view .LVU506
 1861 00e4 3360     		str	r3, [r6]
 1862              	.LVL196:
 522:FATFS/App/fatfs_sd.c ****         }
 1863              		.loc 1 522 26 view .LVU507
 1864 00e6 3BE0     		b	.L168
 1865              	.L173:
 530:FATFS/App/fatfs_sd.c ****         }
 531:FATFS/App/fatfs_sd.c **** 
 532:FATFS/App/fatfs_sd.c ****         res = RES_OK;
 533:FATFS/App/fatfs_sd.c ****       }
 534:FATFS/App/fatfs_sd.c ****       break;
 535:FATFS/App/fatfs_sd.c **** 
 536:FATFS/App/fatfs_sd.c ****     case GET_SECTOR_SIZE:
 537:FATFS/App/fatfs_sd.c ****       // Tamaño de unidad del sector (WORD)
 538:FATFS/App/fatfs_sd.c ****       *(WORD *)buff = 512;
 1866              		.loc 1 538 7 is_stmt 1 view .LVU508
 1867              		.loc 1 538 21 is_stmt 0 view .LVU509
 1868 00e8 4FF40073 		mov	r3, #512
 1869 00ec 3380     		strh	r3, [r6]	@ movhi
 539:FATFS/App/fatfs_sd.c ****       res = RES_OK;
 1870              		.loc 1 539 7 is_stmt 1 view .LVU510
 1871              	.LVL197:
 540:FATFS/App/fatfs_sd.c ****       break;
 1872              		.loc 1 540 7 view .LVU511
 1873 00ee 37E0     		b	.L168
 1874              	.LVL198:
 1875              	.L175:
 541:FATFS/App/fatfs_sd.c **** 
 542:FATFS/App/fatfs_sd.c ****     case CTRL_SYNC:
 543:FATFS/App/fatfs_sd.c ****       // Sincronización de escritura
ARM GAS  /tmp/cc8LcH9P.s 			page 49


 544:FATFS/App/fatfs_sd.c ****       if (SD_ReadyWait() == 0xFF)
 1876              		.loc 1 544 7 view .LVU512
 1877              		.loc 1 544 11 is_stmt 0 view .LVU513
 1878 00f0 FFF7FEFF 		bl	SD_ReadyWait
 1879              	.LVL199:
 1880              		.loc 1 544 10 view .LVU514
 1881 00f4 FF28     		cmp	r0, #255
 1882 00f6 3CD0     		beq	.L185
 482:FATFS/App/fatfs_sd.c **** 
 1883              		.loc 1 482 7 view .LVU515
 1884 00f8 0124     		movs	r4, #1
 1885 00fa 31E0     		b	.L168
 1886              	.L172:
 545:FATFS/App/fatfs_sd.c ****         res = RES_OK;
 546:FATFS/App/fatfs_sd.c ****       break;
 547:FATFS/App/fatfs_sd.c **** 
 548:FATFS/App/fatfs_sd.c ****     case MMC_GET_CSD:
 549:FATFS/App/fatfs_sd.c ****       // CSD información recibida (16 bytes) 
 550:FATFS/App/fatfs_sd.c ****       if (SD_SendCmd(CMD9, 0) == 0 && SD_RxDataBlock(ptr, 16))
 1887              		.loc 1 550 7 is_stmt 1 view .LVU516
 1888              		.loc 1 550 11 is_stmt 0 view .LVU517
 1889 00fc 0021     		movs	r1, #0
 1890 00fe 4920     		movs	r0, #73
 1891 0100 FFF7FEFF 		bl	SD_SendCmd
 1892              	.LVL200:
 1893              		.loc 1 550 10 view .LVU518
 1894 0104 0446     		mov	r4, r0
 1895 0106 08B1     		cbz	r0, .L194
 482:FATFS/App/fatfs_sd.c **** 
 1896              		.loc 1 482 7 view .LVU519
 1897 0108 0124     		movs	r4, #1
 1898 010a 29E0     		b	.L168
 1899              	.L194:
 1900              		.loc 1 550 39 discriminator 1 view .LVU520
 1901 010c 1021     		movs	r1, #16
 1902 010e 3046     		mov	r0, r6
 1903 0110 FFF7FEFF 		bl	SD_RxDataBlock
 1904              	.LVL201:
 1905              		.loc 1 550 36 discriminator 1 view .LVU521
 1906 0114 20BB     		cbnz	r0, .L168
 482:FATFS/App/fatfs_sd.c **** 
 1907              		.loc 1 482 7 view .LVU522
 1908 0116 0124     		movs	r4, #1
 1909 0118 22E0     		b	.L168
 1910              	.L171:
 551:FATFS/App/fatfs_sd.c ****         res = RES_OK;
 552:FATFS/App/fatfs_sd.c ****       break;
 553:FATFS/App/fatfs_sd.c **** 
 554:FATFS/App/fatfs_sd.c ****     case MMC_GET_CID:
 555:FATFS/App/fatfs_sd.c ****       // CID información recibida (16 bytes) 
 556:FATFS/App/fatfs_sd.c ****       if (SD_SendCmd(CMD10, 0) == 0 && SD_RxDataBlock(ptr, 16))
 1911              		.loc 1 556 7 is_stmt 1 view .LVU523
 1912              		.loc 1 556 11 is_stmt 0 view .LVU524
 1913 011a 0021     		movs	r1, #0
 1914 011c 4A20     		movs	r0, #74
 1915 011e FFF7FEFF 		bl	SD_SendCmd
 1916              	.LVL202:
ARM GAS  /tmp/cc8LcH9P.s 			page 50


 1917              		.loc 1 556 10 view .LVU525
 1918 0122 0446     		mov	r4, r0
 1919 0124 08B1     		cbz	r0, .L195
 482:FATFS/App/fatfs_sd.c **** 
 1920              		.loc 1 482 7 view .LVU526
 1921 0126 0124     		movs	r4, #1
 1922 0128 1AE0     		b	.L168
 1923              	.L195:
 1924              		.loc 1 556 40 discriminator 1 view .LVU527
 1925 012a 1021     		movs	r1, #16
 1926 012c 3046     		mov	r0, r6
 1927 012e FFF7FEFF 		bl	SD_RxDataBlock
 1928              	.LVL203:
 1929              		.loc 1 556 37 discriminator 1 view .LVU528
 1930 0132 A8B9     		cbnz	r0, .L168
 482:FATFS/App/fatfs_sd.c **** 
 1931              		.loc 1 482 7 view .LVU529
 1932 0134 0124     		movs	r4, #1
 1933 0136 13E0     		b	.L168
 1934              	.L169:
 557:FATFS/App/fatfs_sd.c ****         res = RES_OK;
 558:FATFS/App/fatfs_sd.c ****       break;
 559:FATFS/App/fatfs_sd.c **** 
 560:FATFS/App/fatfs_sd.c ****     case MMC_GET_OCR:
 561:FATFS/App/fatfs_sd.c ****       // OCR información recibida (4 bytes) 
 562:FATFS/App/fatfs_sd.c ****       if (SD_SendCmd(CMD58, 0) == 0)
 1935              		.loc 1 562 7 is_stmt 1 view .LVU530
 1936              		.loc 1 562 11 is_stmt 0 view .LVU531
 1937 0138 0021     		movs	r1, #0
 1938 013a 7A20     		movs	r0, #122
 1939 013c FFF7FEFF 		bl	SD_SendCmd
 1940              	.LVL204:
 1941              		.loc 1 562 10 view .LVU532
 1942 0140 0446     		mov	r4, r0
 1943 0142 50B1     		cbz	r0, .L188
 482:FATFS/App/fatfs_sd.c **** 
 1944              		.loc 1 482 7 view .LVU533
 1945 0144 0124     		movs	r4, #1
 1946 0146 0BE0     		b	.L168
 1947              	.LVL205:
 1948              	.L178:
 563:FATFS/App/fatfs_sd.c ****       {
 564:FATFS/App/fatfs_sd.c ****         for (n = 0; n < 4; n++)
 565:FATFS/App/fatfs_sd.c ****         {
 566:FATFS/App/fatfs_sd.c ****           *ptr++ = SPI_RxByte();
 1949              		.loc 1 566 11 is_stmt 1 discriminator 3 view .LVU534
 1950              		.loc 1 566 20 is_stmt 0 discriminator 3 view .LVU535
 1951 0148 FFF7FEFF 		bl	SPI_RxByte
 1952              	.LVL206:
 1953              		.loc 1 566 18 discriminator 3 view .LVU536
 1954 014c 06F8010B 		strb	r0, [r6], #1
 1955              	.LVL207:
 564:FATFS/App/fatfs_sd.c ****         {
 1956              		.loc 1 564 28 is_stmt 1 discriminator 3 view .LVU537
 564:FATFS/App/fatfs_sd.c ****         {
 1957              		.loc 1 564 29 is_stmt 0 discriminator 3 view .LVU538
 1958 0150 0135     		adds	r5, r5, #1
ARM GAS  /tmp/cc8LcH9P.s 			page 51


 1959              	.LVL208:
 564:FATFS/App/fatfs_sd.c ****         {
 1960              		.loc 1 564 29 discriminator 3 view .LVU539
 1961 0152 EDB2     		uxtb	r5, r5
 1962              	.LVL209:
 1963              	.L177:
 564:FATFS/App/fatfs_sd.c ****         {
 1964              		.loc 1 564 21 is_stmt 1 discriminator 1 view .LVU540
 564:FATFS/App/fatfs_sd.c ****         {
 1965              		.loc 1 564 9 is_stmt 0 discriminator 1 view .LVU541
 1966 0154 032D     		cmp	r5, #3
 1967 0156 F7D9     		bls	.L178
 1968 0158 02E0     		b	.L168
 1969              	.LVL210:
 1970              	.L188:
 564:FATFS/App/fatfs_sd.c ****         {
 1971              		.loc 1 564 16 view .LVU542
 1972 015a 0546     		mov	r5, r0
 1973 015c FAE7     		b	.L177
 1974              	.L182:
 512:FATFS/App/fatfs_sd.c ****     {
 1975              		.loc 1 512 5 view .LVU543
 1976 015e 0424     		movs	r4, #4
 1977              	.LVL211:
 1978              	.L168:
 567:FATFS/App/fatfs_sd.c ****         }
 568:FATFS/App/fatfs_sd.c **** 
 569:FATFS/App/fatfs_sd.c ****         res = RES_OK;
 570:FATFS/App/fatfs_sd.c ****       }
 571:FATFS/App/fatfs_sd.c ****       break;
 572:FATFS/App/fatfs_sd.c **** 
 573:FATFS/App/fatfs_sd.c ****     default:
 574:FATFS/App/fatfs_sd.c ****       res = RES_PARERR;
 575:FATFS/App/fatfs_sd.c ****     }
 576:FATFS/App/fatfs_sd.c **** 
 577:FATFS/App/fatfs_sd.c ****     DESELECT();
 1979              		.loc 1 577 5 is_stmt 1 view .LVU544
 1980 0160 FFF7FEFF 		bl	DESELECT
 1981              	.LVL212:
 578:FATFS/App/fatfs_sd.c ****     SPI_RxByte();
 1982              		.loc 1 578 5 view .LVU545
 1983 0164 FFF7FEFF 		bl	SPI_RxByte
 1984              	.LVL213:
 1985              	.L164:
 579:FATFS/App/fatfs_sd.c ****   }
 580:FATFS/App/fatfs_sd.c **** 
 581:FATFS/App/fatfs_sd.c ****   return res;
 582:FATFS/App/fatfs_sd.c **** }...
 1986              		.loc 1 582 1 is_stmt 0 view .LVU546
 1987 0168 2046     		mov	r0, r4
 1988 016a 04B0     		add	sp, sp, #16
 1989              	.LCFI29:
 1990              		.cfi_remember_state
 1991              		.cfi_def_cfa_offset 16
 1992              		@ sp needed
 1993 016c 70BD     		pop	{r4, r5, r6, pc}
 1994              	.LVL214:
ARM GAS  /tmp/cc8LcH9P.s 			page 52


 1995              	.L184:
 1996              	.LCFI30:
 1997              		.cfi_restore_state
 482:FATFS/App/fatfs_sd.c ****   res = RES_ERROR;
 1998              		.loc 1 482 7 view .LVU547
 1999 016e 2C46     		mov	r4, r5
 2000 0170 F6E7     		b	.L168
 2001              	.L185:
 545:FATFS/App/fatfs_sd.c ****         res = RES_OK;
 2002              		.loc 1 545 13 view .LVU548
 2003 0172 2C46     		mov	r4, r5
 2004 0174 F4E7     		b	.L168
 2005              	.LVL215:
 2006              	.L179:
 480:FATFS/App/fatfs_sd.c ****     return RES_PARERR;
 2007              		.loc 1 480 12 view .LVU549
 2008 0176 0424     		movs	r4, #4
 2009 0178 F6E7     		b	.L164
 2010              	.LVL216:
 2011              	.L181:
 508:FATFS/App/fatfs_sd.c ****       return RES_NOTRDY;
 2012              		.loc 1 508 14 view .LVU550
 2013 017a 0324     		movs	r4, #3
 2014 017c F4E7     		b	.L164
 2015              	.L197:
 2016 017e 00BF     		.align	2
 2017              	.L196:
 2018 0180 00000000 		.word	.LANCHOR1
 2019              		.cfi_endproc
 2020              	.LFE81:
 2022              		.section	.bss.CardType,"aw",%nobits
 2023              		.set	.LANCHOR2,. + 0
 2026              	CardType:
 2027 0000 00       		.space	1
 2028              		.section	.bss.PowerFlag,"aw",%nobits
 2029              		.set	.LANCHOR0,. + 0
 2032              	PowerFlag:
 2033 0000 00       		.space	1
 2034              		.section	.data.Stat,"aw"
 2035              		.set	.LANCHOR1,. + 0
 2038              	Stat:
 2039 0000 01       		.byte	1
 2040              		.text
 2041              	.Letext0:
 2042              		.file 2 "/home/santiago/gcc-arm-none-eabi-10.3-2021.10-x86_64-linux/gcc-arm-none-eabi-10.3-2021.10
 2043              		.file 3 "/home/santiago/gcc-arm-none-eabi-10.3-2021.10-x86_64-linux/gcc-arm-none-eabi-10.3-2021.10
 2044              		.file 4 "Drivers/CMSIS/Device/ST/STM32F1xx/Include/stm32f103xb.h"
 2045              		.file 5 "Drivers/STM32F1xx_HAL_Driver/Inc/stm32f1xx_hal_def.h"
 2046              		.file 6 "Drivers/STM32F1xx_HAL_Driver/Inc/stm32f1xx_hal_gpio.h"
 2047              		.file 7 "Drivers/STM32F1xx_HAL_Driver/Inc/stm32f1xx_hal_dma.h"
 2048              		.file 8 "Drivers/STM32F1xx_HAL_Driver/Inc/stm32f1xx_hal_spi.h"
 2049              		.file 9 "Middlewares/Third_Party/FatFs/src/integer.h"
 2050              		.file 10 "Middlewares/Third_Party/FatFs/src/diskio.h"
ARM GAS  /tmp/cc8LcH9P.s 			page 53


DEFINED SYMBOLS
                            *ABS*:0000000000000000 fatfs_sd.c
     /tmp/cc8LcH9P.s:18     .text.SD_PowerOff:0000000000000000 $t
     /tmp/cc8LcH9P.s:23     .text.SD_PowerOff:0000000000000000 SD_PowerOff
     /tmp/cc8LcH9P.s:41     .text.SD_PowerOff:0000000000000008 $d
     /tmp/cc8LcH9P.s:46     .text.SD_CheckPower:0000000000000000 $t
     /tmp/cc8LcH9P.s:51     .text.SD_CheckPower:0000000000000000 SD_CheckPower
     /tmp/cc8LcH9P.s:66     .text.SD_CheckPower:0000000000000008 $d
     /tmp/cc8LcH9P.s:71     .text.SPI_TxByte:0000000000000000 $t
     /tmp/cc8LcH9P.s:76     .text.SPI_TxByte:0000000000000000 SPI_TxByte
     /tmp/cc8LcH9P.s:120    .text.SPI_TxByte:0000000000000028 $d
     /tmp/cc8LcH9P.s:125    .text.SELECT:0000000000000000 $t
     /tmp/cc8LcH9P.s:130    .text.SELECT:0000000000000000 SELECT
     /tmp/cc8LcH9P.s:152    .text.SELECT:0000000000000010 $d
     /tmp/cc8LcH9P.s:157    .text.DESELECT:0000000000000000 $t
     /tmp/cc8LcH9P.s:162    .text.DESELECT:0000000000000000 DESELECT
     /tmp/cc8LcH9P.s:184    .text.DESELECT:0000000000000010 $d
     /tmp/cc8LcH9P.s:189    .text.SPI_RxByte:0000000000000000 $t
     /tmp/cc8LcH9P.s:194    .text.SPI_RxByte:0000000000000000 SPI_RxByte
     /tmp/cc8LcH9P.s:247    .text.SPI_RxByte:000000000000003c $d
     /tmp/cc8LcH9P.s:252    .text.SD_PowerOn:0000000000000000 $t
     /tmp/cc8LcH9P.s:257    .text.SD_PowerOn:0000000000000000 SD_PowerOn
     /tmp/cc8LcH9P.s:393    .text.SD_PowerOn:0000000000000078 $d
     /tmp/cc8LcH9P.s:398    .text.SD_ReadyWait:0000000000000000 $t
     /tmp/cc8LcH9P.s:403    .text.SD_ReadyWait:0000000000000000 SD_ReadyWait
     /tmp/cc8LcH9P.s:446    .text.SD_ReadyWait:0000000000000024 $d
     /tmp/cc8LcH9P.s:451    .text.SD_SendCmd:0000000000000000 $t
     /tmp/cc8LcH9P.s:456    .text.SD_SendCmd:0000000000000000 SD_SendCmd
     /tmp/cc8LcH9P.s:572    .text.SPI_RxBytePtr:0000000000000000 $t
     /tmp/cc8LcH9P.s:577    .text.SPI_RxBytePtr:0000000000000000 SPI_RxBytePtr
     /tmp/cc8LcH9P.s:604    .text.SD_RxDataBlock:0000000000000000 $t
     /tmp/cc8LcH9P.s:609    .text.SD_RxDataBlock:0000000000000000 SD_RxDataBlock
     /tmp/cc8LcH9P.s:701    .text.SD_RxDataBlock:0000000000000044 $d
     /tmp/cc8LcH9P.s:706    .text.SD_TxDataBlock:0000000000000000 $t
     /tmp/cc8LcH9P.s:711    .text.SD_TxDataBlock:0000000000000000 SD_TxDataBlock
     /tmp/cc8LcH9P.s:855    .text.SD_TxDataBlock:0000000000000080 $d
     /tmp/cc8LcH9P.s:860    .text.SD_disk_initialize:0000000000000000 $t
     /tmp/cc8LcH9P.s:866    .text.SD_disk_initialize:0000000000000000 SD_disk_initialize
     /tmp/cc8LcH9P.s:1206   .text.SD_disk_initialize:0000000000000178 $d
     /tmp/cc8LcH9P.s:1213   .text.SD_disk_status:0000000000000000 $t
     /tmp/cc8LcH9P.s:1219   .text.SD_disk_status:0000000000000000 SD_disk_status
     /tmp/cc8LcH9P.s:1248   .text.SD_disk_status:0000000000000010 $d
     /tmp/cc8LcH9P.s:1253   .text.SD_disk_read:0000000000000000 $t
     /tmp/cc8LcH9P.s:1259   .text.SD_disk_read:0000000000000000 SD_disk_read
     /tmp/cc8LcH9P.s:1421   .text.SD_disk_read:0000000000000090 $d
     /tmp/cc8LcH9P.s:1427   .text.SD_disk_write:0000000000000000 $t
     /tmp/cc8LcH9P.s:1433   .text.SD_disk_write:0000000000000000 SD_disk_write
     /tmp/cc8LcH9P.s:1640   .text.SD_disk_write:00000000000000bc $d
     /tmp/cc8LcH9P.s:1646   .text.SD_disk_ioctl:0000000000000000 $t
     /tmp/cc8LcH9P.s:1652   .text.SD_disk_ioctl:0000000000000000 SD_disk_ioctl
     /tmp/cc8LcH9P.s:1702   .text.SD_disk_ioctl:000000000000002e $d
     /tmp/cc8LcH9P.s:1717   .text.SD_disk_ioctl:000000000000003c $t
     /tmp/cc8LcH9P.s:2018   .text.SD_disk_ioctl:0000000000000180 $d
     /tmp/cc8LcH9P.s:2026   .bss.CardType:0000000000000000 CardType
     /tmp/cc8LcH9P.s:2027   .bss.CardType:0000000000000000 $d
     /tmp/cc8LcH9P.s:2032   .bss.PowerFlag:0000000000000000 PowerFlag
     /tmp/cc8LcH9P.s:2033   .bss.PowerFlag:0000000000000000 $d
ARM GAS  /tmp/cc8LcH9P.s 			page 54


     /tmp/cc8LcH9P.s:2038   .data.Stat:0000000000000000 Stat

UNDEFINED SYMBOLS
HAL_SPI_GetState
HAL_SPI_Transmit
hspi1
HAL_GPIO_WritePin
HAL_SPI_TransmitReceive
Timer2
Timer1
