:020000040800F2
:1000000000500020898C00083D5600083F5600082B
:1000100041560008435600084556000800000000FD
:1000200000000000000000000000000071840008D3
:10003000475600080000000011850008558500089B
:10004000D18C0008D18C0008D18C0008D18C00081C
:10005000D18C0008D18C0008D18C0008D18C00080C
:10006000D18C0008D18C0008D18C0008D18C0008FC
:10007000D18C0008D18C0008D18C0008D18C0008EC
:10008000D18C0008D18C0008D18C0008D18C0008DC
:10009000D18C0008D18C0008D18C0008D18C0008CC
:1000A000D18C0008D18C0008D18C0008D18C0008BC
:1000B00049560008D18C0008D18C0008D18C00086A
:1000C000D18C0008D18C0008D18C0008D18C00089C
:1000D000D18C0008D18C0008D18C0008D18C00088C
:1000E000D18C0008D18C0008D18C000800000000E1
:1000F0000000000000000000000000000000000000
:0C01000000000000000000005FF808F1A3
:100110000348044B834202D0034B03B11847704796
:10012000D4010020D4010020000000000548064B47
:100130001B1AD90F01EBA301491002D0034B03B1E5
:1001400018477047D4010020D401002000000000AF
:1001500010B5064C237843B9FFF7DAFF044B13B10F
:100160000448AFF300800123237010BDD4010020A8
:1001700000000000D48C000808B5044B1BB10449F2
:100180000448AFF30080BDE80840CFE7000000005E
:10019000D8010020D48C000820F0030110F00300E7
:1001A000C0F1000051F8043B00F1040C4FEACC0C04
:1001B0006FF000021CBF22FA0CF213434FF0010C47
:1001C0004CEA0C2C4CEA0C4CA3EB0C0222EA030286
:1001D00012EACC1204BF51F8043B0430F4D0C2F14F
:1001E000000102EA0102B2FA82F2C2F11F0200EB40
:1001F000D200704770B50F4B0F4DAB42A3EB050615
:1002000007D00024B61055F8043B01349847A642A5
:10021000F9D808F05FFD094D094B5E1BAB424FEA70
:10022000A60606D0002455F8043B01349847A642A0
:10023000F9D870BD80920008809200088092000872
:1002400084920008036A70B506460D468468002B48
:1002500038D0A3891B0714D5236993B1013DA36846
:1002600015F8011F013BA360D9B1002B04DAA26984
:100270009A420FDC0A290DD023685A1C226019709B
:10028000EDE72146304601F0F7FE0028E6D04FF0BA
:10029000FF3070BD2246304602F02EFC0130DED128
:1002A000F5E7002B08DA22460A21304602F024FC4A
:1002B0000130ECD00A2070BD0A222368591C21604D
:1002C0001A70F7E700F0F4F8C3E700BF024B0146ED
:1002D0001868FFF7B7BF00BF0C0000200020704770
:1002E000024A0349034801F0A5BE00BF00000020F8
:1002F000B5060008100000200C4B416810B599426B
:10030000044601D000F0D6F9A168094B994202D009
:10031000204600F0CFF9E168064B994204D0204610
:10032000BDE8104000F0C6B910BD00BFF0010020CC
:1003300058020020C0020020002070472DE9F84339
:1003400000250423294C2A490822C4F8381104F155
:100350005C002946DFF89C90DFF89C80274F284EF0
:10036000C4E90335C4E90055C4E90555A5606566CF
:1003700000F0C6F8234B0822294604F1C400636745
:10038000C4E90849C4E90A87C4E91A55C4E91E55F5
:1003900026632567C4F8CC50C4F8805000F0B0F84C
:1003A000194B2946C4F8DC30082204F1680304F52F
:1003B0009670C4F88830C4E92398C4E92576C4E966
:1003C0003455C4E93855C4F8D850C4F83451C4F889
:1003D000E85000F095F804F1D003C4E93D98C4E971
:1003E0003F76C4F8F030BDE8F88300BFF00100208C
:1003F000E1020008D5360008FD3600083D37000848
:10040000613700080900010012000200F8B5254B11
:100410000646D3F83831002B3CD0234FD7E90134BE
:10042000013B04D51DE05A1C04F1680419D0B4F94D
:100430000C50013B002DF6D11C4B08222946C4E983
:100440000155C4E90455E36065662560A56104F1C2
:100450005C0000F055F8C4E90D55C4E9125520467A
:10046000F8BD3D680DB12F46D8E74FF4D671304640
:1004700000F008FD044680B10423056029462546A6
:100480000C304FF4D072A060636000F039F83C602B
:100490002F46C3E7FFF752FFBFE70C2338603360F6
:1004A000DDE700BFF0010020000000200100FFFF99
:1004B000036A03B17047044B044AD3F8383102622F
:1004C000002BF7D13AE700BFF0010020F902000845
:1004D000704700BF704700BF0020024A024901F088
:1004E000A9BD00BF00000020DD0200080020024A74
:1004F000024901F09FBD00BF000000203903000841
:1005000070B5860747D0541E002A3ED00346CAB2B3
:1005100001E0013C39D303F8012B9D07F9D1032CED
:100520002CD9CDB205EB05250F2C1A4605EB054558
:1005300034D9A4F1100C2CF00F0603F1100EB644C0
:100540004FEA1C1CC2E90055C2E90255103272453F
:10055000F8D10CF1010214F00C0F03EB021204F0BD
:100560000F0C13D0ACF1040323F003030433134442
:1005700042F8045B9342FBD10CF003042CB1C9B2E6
:100580001C4403F8011BA342FBD170BD6446134613
:10059000002CF4D1F9E703461446C0E7A446E1E78E
:1005A000F8B5B1F90C300C461E07074639D44A6835
:1005B000002A53DDE56A002D31D000223E683A6002
:1005C00013F48052216A55D101233846A847451CAF
:1005D000024663D0B4F90C30E56A216A580705D5A4
:1005E0006368D21A636B0BB1236CD21A00233846AE
:1005F000A847421C40D00022236962602360A3897F
:10060000DB0400D56065616B3E6041B104F14403D9
:10061000994202D0384601F0AFFC0023636300200A
:10062000F8BD0E69002EFAD09B0718BF00230D6895
:1006300008BF4B690E60AD1B8B600CE02B46324649
:10064000D4F828C03846216AE047B0F1000CA5EB89
:100650000C05664406DD002DF0DCE0E70A6C002A9C
:10066000A8DCDCE7B4F90C3043F040034FF0FF3076
:10067000A381F8BD626DB1E73968B4F90C301D296A
:10068000F2D80B4ACA40D507EED500226260226933
:100690002260DA04B7D50029B4D0B4E73B68002B58
:1006A00098D01D2B01D0162BDCD13E60B7E700BFE0
:1006B000010040200B69B3B110B5044682B008B107
:1006C000036A5BB1B1F90C3013B9002002B010BD60
:1006D000204602B0BDE81040FFF762BF0191FFF76E
:1006E000E7FE0199EEE70020704700BFB8B138B5CA
:1006F0000D4A0369044615682BB10DB12B6A53B13D
:10070000B4F90C300BB9002038BD21462846BDE8AD
:100710003840FFF745BF2846FFF7CAFEF0E7034A17
:100720000349044801F086BC0C00002000000020B2
:10073000B506000810000020014B1868704700BF84
:100740000C0000202DE9F04D002B88B014461D460A
:10075000109E1299DDF8508041DB0022B8F1650F40
:100760000A7039D040DCB8F1450F35D0B8F1460FEA
:100770005FD103230093139B2246CDE9016307ABAE
:10078000049306AB03932B4600F09CFC074628F02D
:100790002003462B07EB060805D13B78302B3CD0D5
:1007A000139B1E68B044204629460022002304F013
:1007B000E5F800283BD1079B984506D930215A1C03
:1007C00007921970079B4345F9D33846159ADB1BEE
:1007D000136008B0BDE8F08D02230136CAE703F1CB
:1007E000004B2D225D46B9E7B8F1660FC1D0139BCF
:1007F0002246CDE901630223009307AB049306ABC5
:1008000003932B4600F05EFCB8F1670F0746BED19C
:10081000119BDB0721D4079BD7E70022002320464A
:10082000294604F0ABF8D8B1139B1B6898444346A3
:10083000CBE7139B2246CDE901630223009307AB6C
:10084000049306AB03932B4600F03CFCB8F1470F32
:1008500007469CD1119BDB07DDD507EB0608A2E715
:10086000139BC6F101061E609CE700BF0029B4BFC0
:100870002D232B2330B5B8BF4942092983B002701C
:1008800043702CDD0DF107042346194D8C461A46A2
:10089000A5FB01E3DB0803EB830EA1EB4E0101F1A5
:1008A000300EBCF1630F194602F801EC02F1FF3380
:1008B000ECDC303103F8011C931EA34200F1020569
:1008C0000AD2411C13F801CBA34201F801CFF9D1A0
:1008D0000DF109039B1A1D44281A03B030BD3023C3
:1008E000051D1944C1708370281A03B030BD00BFC4
:1008F000CDCCCCCC2DE9F04F91B00C46DDF8688022
:1009000016461F46054602F031FF036818460A9353
:10091000FFF742FC00230E93D8F800300B9007330A
:1009200023F0070303F10802D4F800A094F818B0EC
:10093000C8F80020D3E9008929F000430993CDF8D5
:1009400020804FF0FF32DDE90801C4E91289A04B95
:1009500004F046F840B9DDE908014FF0FF329C4B46
:1009600004F020F8002877D042464B4640464946DE
:1009700004F036F8002840F03B8263684AF4806156
:100980005A1C0BF0DF0A35D0BAF1470F00F028816E
:10099000009321600191002106910EA905910DA9F6
:1009A00003910DF1330142464B462846CDF810B075
:1009B0000291FFF7C7FE8046BBF1650F0D993AD94A
:1009C000BBF1660F00F02E810E9B8B4240F3358108
:1009D0000029CCBF0122C1F10202134423614FF070
:1009E000000AA1659DF83330002B4DD02D2384F8EB
:1009F000433049E0216001910021062006910EA9B3
:100A0000CDF810B0606005910DA903910DF133018F
:100A1000424600904B4628460291FFF793FEBAF1FA
:100A2000470F8046C8D10D99C81C80F2F480ABF105
:100A3000020B5FFA8BFB5A46013904F150000D910D
:100A4000FFF714FF0E9A82461318012A236140F320
:100A5000428101332361C5E7404649460022002315
:100A600003F096FF10B12D2384F843302AF00403DD
:100A700023600323574A2361574B4FF0000ABBF111
:100A8000470F8CBF9046984633462146284600972C
:100A90000FAA01F0D9FB013023D0236858052BD4CD
:100AA0004246314628462369B847013019D02268AA
:100AB0009207E0680F9B19D5984217DD4FF00008A8
:100AC00004F1190904E0E0680F9BC21A42450DDDEC
:100AD00001234A4631462846B847013008F101084B
:100AE000F1D14FF0FF3011B0BDE8F08F9842B8BFA0
:100AF000184611B0BDE8F08FBBF1650F33D9D4E9CA
:100B000012010022002303F039FF002800F09D802D
:100B1000012331462846314AB8470130E1D0DDE9AA
:100B20000D3A534502DB2268D107C1D5DDE90A231E
:100B300031462846B8470130D3D0BAF1010FB6DDAF
:100B40004FF000080AF1FF3A04F11A0901E0D0451C
:100B5000ADD001234A4631462846B847013008F156
:100B60000108F4D1BDE7DDF83890B9F1010F40F389
:100B70009D800123424631462846B8470130B0D017
:100B8000DDE90A2331462846B8470130A9D0D4E927
:100B900012010022002309F1FF3B03F0EFFE0028C1
:100BA00000F09E80B9F1010F40F38B804FF00008F8
:100BB00004F11A0902E0D84500F0838001234A4677
:100BC00031462846B847013008F10108F3D188E7DB
:100BD000FFFFEF7F1891000814910008249100088E
:100BE0000BB90123636000932160019100210691FC
:100BF0000EA905910DA903910DF133014246029111
:100C00004B462846CDF810B0FFF79CFD0D99804665
:100C1000C81CFFF60CAF636899423FF708AF4FF06E
:100C2000670BD1E6002963685EDD2161002B00F0CF
:100C30008D8001330B442361D1E623682161DB07FA
:100C40007FF5CDAE4B1C2361C9E60D9B002B52DD19
:100C50000E9BD4F858B099465B45A8BFD946B9F168
:100C6000000F089309DD4B46424631462846B847F7
:100C700001303FF436AFD4F858B029EAE972934511
:100C800071DD4FF0000A934604F11A0904E0A36DE8
:100C9000A3EB0B02524565DD01234A463146284647
:100CA000B84701300AF1010AF1D11AE7D9073FF537
:100CB00060AF4246012331462846B84701303FF431
:100CC00010AF53463146284604F15002B847013070
:100CD0007FF4EDAE05E72268D2077FF583AEB8E674
:100CE0005B4608F10102E6E7002B34D12268D20707
:100CF00031D4012372E60123314628464B4AB847D6
:100D000001303FF4EEAEDDE90D3A5AEA030324D098
:100D1000DDE90A2331462846B84701303FF4E1AE09
:100D20000D9B002B79DA4FF0000B04F11A0903E058
:100D30000D9B5B425B4570DD01234A4631462846E8
:100D4000B84701300BF1010BF2D1CAE62268D00797
:100D50007FF545AE6DE7023340E62268D3077FF5A5
:100D6000A7AED5E79B460D9B089A9A4202DC226803
:100D7000D00708D5DDE90A2331462846B8470130B7
:100D80003FF4AFAE0D9B089AA2EB0B0AD31A9A451B
:100D9000A8BF9A46BAF1000F91460BDD5346314683
:100DA000284608EB0B02B84701303FF49AAE4A469A
:100DB0000D9BD31A2AEAEA7A53457FF778AE4FF0B3
:100DC0000008DDF820B004F11A0907E00D9BABEB39
:100DD0000303A3EB0A0343457FF769AE01234A46A9
:100DE00031462846B847013008F10108EED178E6CF
:100DF0004B46002BBCBF2D2384F843302AF004035C
:100E0000236003230A4A23610A4B4FF0000ABBF117
:100E1000470F8CBF9046984636E6534642463146C9
:100E20002846B84701307FF442AE5AE624910008C4
:100E3000209100081C91000870B5114E05463368DA
:100E40000C46BBB12146284602F032FC431C014649
:100E50000CD0C41C24F00304A04205D02846611A1B
:100E600002F026FC013001D0204670BD4FF0FF3467
:100E7000204670BD194602F01BFC3060E2E700BF5F
:100E80002C0300202DE9F843CD1C25F0030508357F
:100E90000C2D38BF0C25002D064618DBA94216D8AC
:100EA000DFF8DC8001F0A4FBD8F80420A2B11446DE
:100EB00003E0636822467BB11C4623685B1BF8D4C1
:100EC0000B2B1FD89442636854D053600CE00C2362
:100ED00033600020BDE8F88329463046FFF7ACFFB9
:100EE000431C044619D00560304601F083FB04F131
:100EF0000B00231D20F00700C21A1CBF1B1AA350B1
:100F0000BDE8F88361199442256014BF5160C8F8A8
:100F10000410635163684B60E6E7D8F804701FB3B0
:100F20003C467F68002FFBD123683946304604EBEE
:100F3000030902F0BDFB814516D123683046ED1A46
:100F40002946FFF779FF01300ED02368D8F8042036
:100F50002B442360536883B1A34203D01A465B68D5
:100F60009C42FBD10023B0E70C233046336001F0F4
:100F700041FBAEE7C8F80430B6E7C8F80470B3E741
:100F80002C030020000000002DE9F04F03690C69DC
:100F900085B0A342C0F291808146013C01F1140565
:100FA00009F1140855F8243058F824C001339C4541
:100FB000BCFBF3F64FEA840005EB840708EB8402E0
:100FC00043D34FF0000CAA46CDE90105C64663465F
:100FD00065469346CDF80C805AF8040BDEF80020E5
:100FE0001FFA80FC06FB0C554FEA10484FEA154CDF
:100FF00006FB08CCADB290B2401B18441FFA8CF32C
:10100000C3EB204303EB124380B240EA0340574551
:101010004EF8040B4FEA1C454FEA2343DCD2DDE9CE
:101020000105DDF80C8058F8003073B9ABF104020B
:10103000904504D307E0904504F1FF3403D252F801
:101040000439002BF7D0C9F81040484602F0CEF81A
:1010500000282EDB4146002255F8040BD1F800C0D1
:101060001FFA80FE1FFA8CF3A3EB0E031344020C4D
:10107000C2EB234202EB1C429BB243EA0243AF4263
:1010800041F8043B4FEA2242E6D258F8242008EB0C
:1010900084036AB9043B434504D807E0984504F14A
:1010A000FF3403D253F80429002AF7D0C9F81040BE
:1010B0000136304605B0BDE8F08F002005B0BDE830
:1010C000F08F00BF2DE9F04F16461F46C5699DB051
:1010D000CDE90667299C0390002D00F0B2832968B2
:1010E00051B101236A6893404A608B6001F0B8FDFA
:1010F0000022039BDB691A60B7F10009B4BF01232A
:1011000000232360784BBCBF29F00049CDF81C9028
:1011100033EA090300F0AE80DDE9063418462146C3
:1011200000220023CDE9040103F028FC804668B1C9
:101130000123289A13602A9B13B16C4B2A9A1360DF
:101140006B4B089308981DB0BDE8F08F1AAB019364
:101150001BAB00930398DDE9042302F0A5F95FEAD5
:101160001955824640F09C80DDE91A85454405F218
:101170003243202B40F39983C3F1400309FA03F96A
:1011800005F2124326FA03F349EA030003F014F9C7
:101190000123013D1193A1F1F8710022554B02F09A
:1011A000CDFF4BA3D3E9002303F080F94AA3D3E991
:1011B000002302F0C5FF064628460F4603F00CF94F
:1011C00047A3D3E9002303F071F902460B463046EA
:1011D000394602F0B5FF06460F4603F017FC002221
:1011E0000446099000233046394603F0D1FB00281D
:1011F00040F03483099CA8EB0508162C08F1FF3B4E
:1012000000F21383DDE904013B4B03EBC403D3E994
:10121000002303F0BDFB002874D0631E0993002354
:10122000BBF1000F1093C0F2068300230B93099BC0
:10123000002B6DDA099B0B9A0E93D21A5B420F9327
:1012400000230993269B0B92092B69D8052BC4BF59
:10125000043B2693269BC8BF0025A3F10203D8BFF9
:101260000125032B00F24C86DFE813F07A047704A3
:101270006E04500442F20F73289AC9F3130959EA15
:10128000060913601CD12A9B002B00F02F861B4BF4
:10129000089308332A9A089813601DB0BDE8F08FB0
:1012A000DDE90412C2F31303084643F07F51CDF881
:1012B0004480A5F2FF35DDF8688041F440116CE709
:1012C0002A9B002B40F0FE830D4B08933AE700BFAA
:1012D00061436F63A787D23FB3C8608B288AC63F3C
:1012E000FB799F501344D33F0000F07F2591000805
:1012F000249100080000F83F588D0008289100084C
:1013000034910008B8F1000F40F3AF8410900B90B7
:10131000099B9B440E9300230F93269B092B95D981
:10132000002326934FF0FF3301250A9300230C95E9
:1013300027930021039BDB6959600A9B189303984C
:1013400001F04EFC0890002800F0E385039B089A0A
:10135000DB691A600A9B0E2B00F20D81002D00F054
:101360000A810E99002940F34E84AE4B01F00F0222
:1013700003EBC2030A46D3E90067D2054FEA211501
:1013800040F11084DDE90401A74B4FF00309D3E9D4
:10139000082303F0B5F9CDE9120105F00F058DB171
:1013A000DFF88482EB0709D5D8E9002330463946B7
:1013B00003F07CF806460F4609F101096D1008F1AB
:1013C0000808EFD1DDE912013B46324603F098F9F7
:1013D00007468846109B43B1002238464146934B4E
:1013E00003F0D6FA002840F01285484602F0F4FFD8
:1013F0003A46434603F05AF88D4B002202F0A0FE15
:101400000A9B0446A1F15075002B00F09D800E9BB5
:1014100019930A9B12934146384603F0F7FA129942
:10142000804BCDE9144503EBC10353E90234054673
:10143000CDE9163402F0D0FF0B460246414638464D
:1014400002F07CFE089F0C9B30357E1CECB280467F
:1014500089463546002B00F06B84DDE91623002019
:10146000744903F04DF9DDE9142302F067FE3C7086
:1014700042464B4604460D4603F0A8FA002840F0C9
:10148000B984CDF858B0CDF850A0AB460027A2469D
:10149000129D2AE00137AF4280F20185504659463D
:1014A0000022654B03F002F80022634B82468B4614
:1014B0004046494602F0FAFF8946804603F0A6FA04
:1014C000044602F089FF02460B464046494602F0B8
:1014D00035FE303452465B4606F8014B804689465D
:1014E00003F056FA002840F0D78442464B460020CD
:1014F0004E4902F023FE52465B4603F049FA0028AB
:10150000C8D0199B3746DDF850A0089A03F10108AE
:1015100002E0974200F0A1843E4617F8013D392BC6
:10152000F7D00133DBB245463B706DE1484602F02F
:1015300053FF3A46434602F0B9FF00223C4B02F00B
:10154000FFFD0446A1F15075384600223B4B414651
:1015500002F0F4FD22462B4606460F4603F036FA0B
:10156000002840F0898430463946224605F1004380
:1015700003F00EFA28BB1B9B002BC0F291800E9A41
:101580000E2A00F38D80274B0E9A03EBC203D3E99A
:101590000034CDE90634279B002B19DA0A9B002B77
:1015A00016DC0ED1DDE906010022244B02F07EFF9D
:1015B00002460B46DDE9040103F0F4F9002800F0CF
:1015C0005B8400231F46089E0493279BDD4340E273
:1015D000089B5D1CDDE90678DDE904013A464346D7
:1015E00003F08EF803F012FA064602F0F5FE3A46D2
:1015F000434602F05BFF02460B46DDE9040102F0C0
:101600009DFD089A06F1300313700A9B2F46012BAB
:1016100000F036830125CDF810A0A846DDE906AB21
:1016200099462BE0588D0008488E00080000F03FD6
:1016300000001C400000E03F000024400000144077
:1016400052465B462046294603F05AF803F0DEF97D
:10165000064602F0C1FE52465B4602F027FF08F143
:1016600001080B4602462946204602F067FD06F1B6
:101670003003C84507F8013B00F0008300228D4B82
:1016800002F014FF0022002304460D4603F076F911
:101690000028D5D00E9D3E46DDF810A00135B3E000
:1016A0000C9A002A40F0EE8000231F460F9E0B9DEF
:1016B0000C9365B1BBF1000F09DD5D452B46A8BF5A
:1016C0005B460B9AED1AD21A0B92ABEB030B0F9BF6
:1016D00053B10C9B13B1002E40F00B8351460F9A6F
:1016E000039801F09FFC82460121039801F0D2FB90
:1016F000099B0490002B40F0D081269B012B40F3E6
:10170000E6810120584410F01F0000F0B480C0F1C1
:101710002003042B40F3F5810B9BC0F11C00034414
:101720000B93054483440B9B002B05DD51461A4661
:10173000039801F0E7FC8246BBF1000F05DDDDE90F
:1017400003015A4601F0DEFC0490109B002B40F090
:1017500089810A9B002B40F361810C9B002B40F098
:10176000B8800E9D01350126DDF82080049CDDF84F
:1017700028B0DDF80C9007E0514600230A224846C5
:1017800001F092FA8246013621465046FFF7FCFBF3
:10179000B34500F1300008F8010BEDDC0A9B8146EF
:1017A000002BCCBF1E4601260024089B03EB060B32
:1017B00051460122039801F0A5FC0499824601F0EC
:1017C00015FD002840F30282089A02E0934500F0DC
:1017D00015821BF8013C5E46392B0BF1FF3BF5D01F
:1017E00001338BF80030DDE90381404601F038FA1F
:1017F00057B12CB1BC4203D02146404601F030FA2B
:101800003946039801F02CFA5146039801F028FA62
:1018100000233370289B1D602A9B002B3FF492AC61
:1018200008981E601DB0BDE8F08F0123BBF1000FCA
:101830001093BFF6FAACC8F101034FF0000B0B9305
:10184000F5E4102000F0F0FC039BD861002800F0C4
:101850005183C0E90055C0E902554DE4204602F02D
:10186000BBFD32463B4603F089F800287FF4C2AC4A
:10187000631E0993BEE41C230B9A1D441A440B9269
:101880009B4450E7269A012A40F3AB810A9A0F9BAA
:10189000561EB342C0F26781002AA3EB060680F20F
:1018A000EF82DDE90A239D1A6AE1C3F1200306FAFB
:1018B00003F06BE400002440394600230A22039819
:1018C00001F0F2F9189B0746002B40F302830E96B5
:1018D0000A93002D05DD39462A46039801F012FCD3
:1018E0000746099B002B40F0E881B846089B0A9CFC
:1018F0001E46013B1C44069B03F00103CDE90A434D
:10190000039C04995046FFF73FFB394683465046F7
:1019100001F06CFC049905464246204601F086FC25
:10192000C36801460BF13009ABBB0990504601F08A
:101930005DFC09990990204601F092F9099A002A64
:1019400054D1269B1BB90B9B002B00F0AE82002DBF
:101950003FDBB3460A9B0BF8019BB34200F0C48106
:10196000514600230A22204601F09EF9474582464F
:1019700039464FF000034FF00A02204630D001F004
:1019800093F9414600230A220746204601F08CF9CC
:101990005E468046B5E7039801F062F9002D06DB4C
:1019A000069B03F00102269B1D432A4329D1514681
:1019B0000122039801F0A6FB0499824601F016FC6F
:1019C000002840F3F780B9F1390F00F04B820BF19A
:1019D00031090E9D3C460135474606F8019B02E75A
:1019E00001F062F95E46074680468AE7002DC0F2A4
:1019F000A282269B1D430B9B1D4300F09C82002A64
:101A0000A7DDB9F1390F00F02D820E9D09F1010318
:101A10003C460135474606F8013BE4E6269B022B8F
:101A20007FF79BAE0A9B002B40F02681052204998C
:101A3000039801F039F901460490504601F0D6FBB5
:101A4000002840F3198131230E9D089E013506F8C8
:101A5000013BDDE9030101F003F90135002F7FF4BB
:101A6000CFAED1E65046049901F0C0FB0028BFF686
:101A700070AE514600230A2203980E9C01F014F91F
:101A80000C9B8246661E002B7FF416AF189B002B22
:101A900040F312820E9D0A9365E601461A460398AA
:101AA00001F0C0FA269B0490012B6FDD00230993FF
:101AB000049A136902EB8303186901F09BF9C0F1E2
:101AC00020001FE6964B08930333FFF7E3BB069B0A
:101AD000002B7FF416AEDDE90612C2F31303002BD0
:101AE0007FF40FAE8F4B13402BB10B9B0BF1010B0F
:101AF00001330B930123099A0993002A3FF401AEA5
:101B0000D6E73FF410AEC0F13C03B5E601230C93D9
:101B1000279B0E9A134418930133012B1F46B8BF1D
:101B200001270A93039B172FDE6940F200820122EE
:101B300004235B0003F11400B842114602F10102D4
:101B4000F7D97160FFF7FBBB01230C93279B002B98
:101B500037DD1F4618930A93E4E700230C93D7E779
:101B600000230C93F2E70F9B0F96F31A0026099AB5
:101B70001A4409920B9B0A9A1D46134493440B93F3
:101B80000121039801F086F9074692E5069B002B98
:101B90008CD1DDE90601C1F313030A46002BA1D065
:101BA000099085E7DDE904344FF00209CDE91234EC
:101BB000FFF7F5BB7FF40DAF19F0010F7FF403AF12
:101BC00007E7012327930A93FFF7B3BB03D119F06B
:101BD000010F7FF4F9AD5E461BF8013D302BFAD0C2
:101BE00001E6119A002A00F0088103F233430B9AB0
:101BF0000F9E15461A449B440B92C1E73123089A65
:101C000001351370EFE500F0FC80DDE904010E9A68
:101C1000454B554205F00F0203EBC203D3E9002305
:101C200002F044FC2D11CDE9120100F0598100238E
:101C30004FF00209074688463C4EEC070AD5D6E924
:101C400000233846414602F031FC0123074688460E
:101C500009F101096D1006F10806EED1002B7FF4A1
:101C6000B9ABDDE91278FFF7B5BBC8F101038346D4
:101C70000B931090FFF74CBB089EA6E4DDF810A074
:101C800002460B4602F05CFA02460B460E9DCDE979
:101C90000423DDE906230135A84602F097FE40B98A
:101CA000DDE90623DDE9040102F068FE18B1F00762
:101CB00001D5089A30E43E46A6E50398796800F01D
:101CC0008FFF0546002800F02B813B6907F10C01CE
:101CD00002339A000C3000F031FA012229460398B1
:101CE00001F010FA804601E60E9D3C46013547465C
:101CF0005EE5039C39463246204601F093F90746DB
:101D000052463946204601F0DBF8514682462046CD
:101D100000F0A6FF0F9B9B1B0F933FF4E5ACDDE4A7
:101D2000349100080000F07F588D0008488E0008AC
:101D3000DDE91623DDE9140102F0B8FB089BCDE9CB
:101D40000C011C70129B012B00F0C180129F089B9C
:101D500011961F440022804B4046494602F0A6FBE4
:101D60000D46044602F052FE814602F035FB024663
:101D70000B462046294602F0E1F909F1300906F840
:101D8000019BB74280468946E4D1119D0022DDE9DE
:101D90000C01724B02F0D4F902460B46404649460C
:101DA00002F014FE002871D1DDE90C2300206B49FC
:101DB00002F0C4F902460B464046494602F0E8FDEF
:101DC00088B91B9B002BFFF66FAC0E9B0E2B3FF7C9
:101DD0006BAC634B0E9A03EBC203D3E90034CDE93D
:101DE0000634FFF7F7BB17F8013C3E46302B07F1EE
:101DF000FF37F8D0199D013506E51A9BC3F136036C
:101E0000F5E64FF00209DDE90478FFF7E3BA0A9B33
:101E1000002B3FF48BAB189C002C7FF7ACAB0E9BD8
:101E20003846013B4146002219934B4B02F03EFBE2
:101E300002468846174609F1010002F0CDFA3A46FB
:101E4000434602F033FB0022464B02F079F912942C
:101E5000A1F150750446FFF7DEBA312308F10108FD
:101E6000FFF761BBB34639230E9D3C46089A4746AF
:101E700001350BF8013BACE400231F460493E2E577
:101E80000B9B93441D4613440B9379E6199B089AC8
:101E900003F10108FFF740BBDDF850A0AAE7DDF829
:101EA00058B0DDF850A0FFF766BBB9F1390FD9D0B3
:101EB000002D3FF78CAD8CE5269B022B03DC189B95
:101EC0000E9D0A934FE4189B0E960A93AAE5374697
:101ED0005CE7269B022BF6DC189B0E960A93F8E42F
:101EE0004FF00209DDE91278FFF774BA1E4B089330
:101EF000FFF728B90246EF211C4B1D4800F04AFEAF
:101F0000002503982946C3695D6000F069FE0890CA
:101F1000A8B9002240F2AF11164B154800F03AFE66
:101F2000024640F2EF21134B114800F033FE00212E
:101F30007160FFF704BA002A3FF739AD49E5039B0A
:101F40000899DB694FF0FF32196001232795189239
:101F50000C930A92FFF70FBB000024400000E03F03
:101F6000588D000800001C40289100083891000896
:101F7000509100087C910008002950D038B551F8E4
:101F8000043C0C1F002BB8BFE418054600F030FBE2
:101F9000274A13682BB1A3420CD9216860188342E9
:101FA0002CD0284663601460BDE8384000F022BBA6
:101FB000A3420FD81A465B68002BF9D1116850185C
:101FC000844217D02CD3636054602846BDE8384063
:101FD00000F010BB11685018A04214D020D821681E
:101FE00060188342EFD118685B680844C4E90003B5
:101FF0005460EAE723680B441360E6E718685B68FF
:1020000008442060CDE720680144501883421160E5
:10201000DBD1D3E900040144C2E90014D5E77047DD
:102020000C2328462B60BDE8384000F0E3BA00BF1F
:10203000300300202DE9F8434FF0000980460F4699
:102040001646D6E90154013D10D4A389012B08D9C5
:10205000B4F90E30013304D021464046B84749EA6E
:102060000009013D6B1C04F16804EED13668002EB6
:10207000E7D14846BDE8F88338B52F4B05461B68C5
:102080000C4613B11A6A002A4BD0B4F90C30180769
:102090001CD5226922B313F0010107D00020616929
:1020A000A0604942A1613AB1002038BD980758BFED
:1020B0006169A160002AF7D1190658BF1046F4D50E
:1020C00043F04003A3814FF0FF3038BDD9062CD533
:1020D0005A0712D4226943F00803A381002ADAD1F7
:1020E00003F42071B1F5007FD5D02146284600F0D9
:1020F00083FAB4F90C302269CDE7616B51B104F178
:102100004402914204D02846FFF736FFB4F90C3060
:10211000002262630021226923F02403C4E9002124
:10212000D9E71846FEF7C4F9AFE7092243F04003A8
:102130002A60A381C7E700BF0C000020844641EA63
:10214000000313F0030349D1403A23D30B68036023
:102150004B6843608B688360CB68C3600B69036125
:102160004B6943618B698361CB69C3610B6A03620D
:102170004B6A43628B6A8362CB6AC3620B6B0363F5
:102180004B6B43638B6B8363CB6BC36340304031DA
:10219000403ADBD230320BD30B6803604B684360AC
:1021A0008B688360CB68C36010301031103AF3D273
:1021B0000C3205D351F8043B40F8043B043AF9D201
:1021C000043208D0D2071CBF11F8013B00F8013BD4
:1021D00001D30B8803806046704700BF082A13D3E1
:1021E0008B07B1D010F00303AED0C3F10403D21AB1
:1021F000DB071CBF11F8013B00F8013BA4D331F809
:10220000023B20F8023B9FE7043AD9D3013A11F888
:10221000013B00F8013BF9D20B7803704B78437017
:102220008B78837060467047024B01461868FEF752
:1022300029BE00BF0C000020024B01461868FFF7C2
:102240009BBE00BF0C0000202DE9F84F92461F46B0
:102250000A698B680C469A42B8BF1A46CAF8002031
:1022600091F843300646DDF8289013B10132CAF8E0
:102270000020226891065FD5DAF800300233CAF8F0
:102280000030226812F0060F11461DD1E168994214
:10229000D8BF114618DD4FF0000804F1190B05E016
:1022A000E568DAF80030ED1A45450CDD01235A46A1
:1022B00039463046C847013008F10108F0D14FF0E7
:1022C000FF30BDE8F88F216894F84330003B18BF19
:1022D00001238A060AD53021E21882F8431094F8C7
:1022E00045105A1C2244023382F8431039463046C6
:1022F00004F14302C8470130E1D0D4E90220236849
:10230000DAF8005003F00603042B21691BD08A423F
:1023100020DD4FF00008521A904400251A3401E0E5
:10232000454517DA0123224639463046C847013071
:1023300005F10105F4D1C2E712F0060F0DD0003B04
:1023400018BF0123D2E7401B8A4220EAE078E2DC92
:102350000028E2DC0020BDE8F88FE168DAF8003000
:102360009942D8BF114696DCAEE700BF2DE9F04791
:1023700017460A7E84B00C46064698460C9D01F12D
:10238000430C002A35D0A2F15803D9B2202969D8CC
:10239000202B67D8DFE813F0E600660066006600D1
:1023A0006600660066006600660066006600AC00B7
:1023B00070006600660066006600700066006600D9
:1023C0006600660021008300C60066006600B60055
:1023D0006600830066006600EC002B682268181D0A
:1023E0006169286010061B6802D4520600F1E08083
:1023F00019600023E14623613B4621463046CDF873
:10240000008003AAFFF720FF013020D04A4639465A
:1024100030462369C047013019D02368E0689B0724
:10242000DDF80C9018D5484516DD002504F1190A91
:1024300004E0E068A0EB0903AB420DDD0123524646
:1024400039463046C047013005F10105F1D14FF062
:10245000FF3004B0BDE8F0874845B8BF484604B037
:10246000BDE8F087012084F8422004F142090023EE
:10247000206184F84330BFE72A682368111D1806DD
:10248000296002D4590600F19580106801460028A1
:102490006268C0F293804FF00A0E534815E020683E
:1024A0002B6810F0800F53F8041B02D1400648BF80
:1024B00089B26F2A14BF4FF00A0E4FF0080E4A4837
:1024C0002B600023626884F84330002AA26051DB4D
:1024D000236823F00403236000294BD1002A7BD119
:1024E000E146BEF1080F56D0ACEB0903236183E748
:1024F0002A680120116804322A6004F1420984F834
:102500004210B4E72B6800211A1D2A60D3F800900E
:102510006268484600F0F8F8002863D0A0EB090094
:102520006060A4E7236843F02003236078222F48EB
:1025300084F845202A6813F0800F52F8041B03D159
:1025400013F0400F18BF89B22A60DA0744BF43F086
:102550002003236019B9236823F0200323604FF080
:10256000100EAEE75823204884F845302368E1E791
:102570002368DBE77546E146B1FBF5F30A4605FB48
:10258000131A194610F80A30AA4209F8013DF3D28D
:10259000BEF1080FA8D12368DD07A5D562682369BD
:1025A0009A42A1DC302309F1FF3989F800309BE71A
:1025B00019801EE7B2F90010084668E72D20002AAE
:1025C000A26084F8430002DB23F0040323600A25A1
:1025D0000548AE464942CEE7037804F1420984F843
:1025E00042307EE7606842E790910008A4910008BD
:1025F000704700BF704700BF70B5B1F90C300C4692
:10260000990796B007D5012204F14703C4E90432C3
:10261000236016B070BDB4F90E100546002929DB01
:102620006A4601F04FFB002822DB4FF48061284608
:10263000019EFEF727FC88B3A38906F4704643F099
:102640008003A3814FF48063B6F5005FC4E90403FF
:102650002060DED12846B4F90E1000F0C5F800283D
:10266000D7D0A38923F0030343F00103A381D0E76C
:10267000B4F90C3013F0800F14BF40264FF480667D
:1026800028463146FEF7FEFB40B1A389C4E90406A3
:1026900043F080032060A38116B070BDB4F90C3004
:1026A0009A05B6D4012123F0030304F1470243F055
:1026B0000203C4E90421A3812260AAE770B50C4695
:1026C000B1F90E10154600291E4696B00FDB6A467A
:1026D00001F0F8FA00280ADB019B4FF4806203F452
:1026E0007043A3F50053B3FA83F35B0907E0A289B3
:1026F000002312F0800F14BF40224FF480620020AC
:1027000033602A6016B070BD5FFA81FC810744D047
:102710000346511E22B909E09A0709D0013905D3B1
:102720001846027801336245F6D1704700207047A1
:10273000184603290CD80029F8D00346014401E0CB
:102740008B42F3D0184613F8012B6245F8D170473D
:1027500010B50CEB0C24024604EB044402E00439EF
:10276000032915D9104652F8043B6340A3F1013EFA
:102770002EEA030313F0803FF1D00346014401E049
:102780008B4208D0184613F8012B6245F8D110BDD2
:1027900010460029F1D1002010BD1146C9E700BF45
:1027A0000EB400B582B003AB53F8042B81680193DB
:1027B00000F068F802B05DF804EB03B0704700BFAA
:1027C0000FB400B5074A83B004AB106853F8042B6C
:1027D0008168019300F056F803B05DF804EB04B093
:1027E000704700BF0C000020002238B5064D04469B
:1027F00008462A6005F084FF431C00D038BD2B68D2
:10280000002BFBD0236038BD340300209368013BCC
:10281000002B936005DAD2F818C0634507DB0A295C
:1028200005D01368581C106008461970704700F0F6
:1028300063B900BF9BB1F8B5134406460F46541E5A
:102840005D1E01E0AC4208D03A46304614F8011F44
:10285000FFF7DCFF431CF5D1F8BD0020F8BD0020D8
:10286000704700BF936810B514461BB91846002383
:10287000636010BD00F082FF0023A360002363604B
:1028800010BD00BF2DE9F04FA1B08B4691461C460C
:10289000049018B1036A002B00F01381BBF80C30D0
:1028A000180740F18E80DBF81030002B00F0898093
:1028B000002343F220020D9399F800300127824E45
:1028C0000794ADF83920002B73D04D4603E015F87E
:1028D000013F002B7FD0252BF9D1B5EB090A7DD123
:1028E0002B78002B65D000234FF0FF320135CDE966
:1028F000092308930B938DF863301E9306E0254659
:10290000089B801B07FA00F0034308932C4605221E
:1029100014F8011B3046FFF7F7FEA1460028EED160
:10292000089BD90644BF20228DF863201A0748BFB0
:102930002B22297848BF8DF863202A2964D1079A71
:102940001168043200290792C0F296800B916978D1
:102950002E296FD05D4C03222046FFF7D5FE38B1FB
:102960004022089B001B8240134309F10109089390
:1029700019F8011B062256488DF83810FFF7C4FEDF
:1029800000287FD0534B002B69D007A900915A46ED
:102990000498514B08A9FDF7ADFF0390039B013349
:1029A00007D00D9B039A13440D9399F80030002B28
:1029B0008BD1BBF80C305B060AD40D9821B0BDE872
:1029C000F08F59460498FFF757FB00283FF470AF8B
:1029D0004FF0FF30F2E7B5EB090AEAD009F1FF3812
:1029E00005954546DDF8108001E0A2453ED92C460C
:1029F0005A46404615F8011FFFF708FF0234013020
:102A0000A4EB0904F1D1D4E7A1F13002092A88BF6F
:102A1000A9469DD80B9B00E00134217803EB83038A
:102A200002EB4303A1F13002092AF5D92E29A14670
:102A30000B938FD199F801102A292DD1079B09F109
:102A400002001A680433002A0793B8BF4FF0FF331F
:102A500099F8021009928146B8BF09937AE7079B5B
:102A6000073323F00703083307939AE70D99059D71
:102A700051442B780D9134E7494243F002030B9106
:102A8000089364E707A900915A460498124B08A9D5
:102A9000FFF76CFC039081E70023A1F13002092AC3
:102AA00009F1010909933FF655AF19F8011F03EB2E
:102AB000830302EB4303A1F13002092AF5D90993FC
:102AC00048E7FDF7F5FCE9E6B8910008C091000879
:102AD000C4910008F5080008352800088C4600B5A8
:102AE00086461346034A714610685DF804EB624659
:102AF000FFF7C8BE0C000020F8B506460D46144688
:102B000010B1036A002B37D0A269A389A2601A070B
:102B100019D52369BBB122686169D31AEDB2994214
:102B20002F4620DD0133A1680139A160511C2160CD
:102B3000157062699A420DD0A389DB0701D50A2D71
:102B400008D03846F8BD21463046FFF795FA38B927
:102B50002369E0E721463046FDF7ACFD0028F0D0C0
:102B60004FF0FF37EDE721463046FDF7A3FD002883
:102B7000F6D101232268D6E7FDF79AFCC4E700BF2F
:102B800003460A46024908681946FFF7B5BF00BF69
:102B90000C000020144600B51A460A4B0D461B686F
:102BA00085B0DE6803464CB10749019130460749BC
:102BB0000294009501F040F800F056FF04490C46DD
:102BC000F3E700BF0C000020CC910008DC91000866
:102BD0006C90000808B513460022FFF7DBFF00BF2A
:102BE00070B5C66905460C465EB1F368A3B153F8EB
:102BF0002400E8B1026843F824200023C0E903332D
:102C000070BD1020FFF710FB0646E861E8B1002315
:102C1000C0E90033C0E9023321220421284600F034
:102C20003DFFEB69F060DB68002BE0D1002070BD58
:102C30000121284601FA04F56A1D920000F02EFFDA
:102C40000028F3D0C0E90145D7E702466B21024BCB
:102C50000248FFF79FFF00BF389100080C92000860
:102C600070B5C66905460C464EB13CB1EB69626869
:102C7000DB6853F82210216043F8224070BD102019
:102C8000FFF7D2FAE86120B1C0E90066C0E9026648
:102C9000EBE702468F21024B0248FFF77BFF00BFA4
:102CA000389100080C9200082DE9F0414FF0000E19
:102CB0000E461C460D69074601F1140001680EF12D
:102CC000010E8BB202FB0343090C4FEA134C02FBCB
:102CD00001CC9BB203EB0C43754540F8043B4FEA33
:102CE0001C44EBDC3CB1B368AB4207DD06EB85036B
:102CF00001355C6135613046BDE8F0817168384668
:102D00000131FFF76DFF804690B1326906F10C0189
:102D1000023292000C30FFF711FA3146464638462F
:102D2000FFF79EFF06EB850301355C613561E2E745
:102D30000246BA21014B0248FFF72CFF7C910008A4
:102D40000C9200082DE9F8431E460C46264908332C
:102D5000174681FB032C092E4FEAE3730546C3EBAC
:102D60006C0339DD4FF0010C00214FEA4C0C634538
:102D700001F10101F9DC2846FFF732FF014668B393
:102D8000089B092F43614FF00103036112DC0927FF
:102D90000A34BE420BDDF61B264414F8013B0A221E
:102DA0002846303BFFF780FFB4420146F5D1084684
:102DB000BDE8F88304F10909C8463C4418F8013B12
:102DC0000A222846303BFFF76FFFA0450146F5D1A8
:102DD000A7F108044C44DCE70021CCE70246D321EC
:102DE000024B0348FFF7D6FE398EE3387C9100088A
:102DF0000C920008B0F5803F03463ABF1020834094
:102E00000020B3F1807F3CBF1B020830B3F1805F2C
:102E10003CBF1B010430B3F1804F03D3002B06DB12
:102E2000013070479B0003D45B0003D4202070471F
:102E300002307047033070470368014613F0070201
:102E400009D0DA0721D498074BBF5B089B08012003
:102E500002200B60704798B2A0B11046DAB20AB9EE
:102E600008301B0A1A0704BF1B0904309A0704BF65
:102E70009B080230DA0703D45B0800F1010006D09A
:102E80000B6070471020C340E8E700207047202007
:102E9000704700BF10B50C460121FFF7A1FE0246A6
:102EA00018B10123C0E9043410BD40F24511024BB2
:102EB0000248FFF76FFE00BF7C9100080C920008EB
:102EC0002DE9F04FD1F8108015690E46A8459246BD
:102ED00085B005DB2A46534645468A4690461E463F
:102EE000DAF80830DAF8041005EB0804A342B8BF9A
:102EF0000131FFF775FE002800F0898000F114070A
:102F000007EB840E774505D23B46002243F8042B9D
:102F10009E45FBD8143606EB88080AF1140946458D
:102F200009EB850566D2A5EB0A03153B23F00303E5
:102F30000AF1150A043355452CBF9B464FF0040B8C
:102F4000CDF808E08246AE46039405E0090C2AD18C
:102F5000B04507F104074AD956F8041B8DB2002D7D
:102F6000F4D0CC463C46002301965CF8040B216863
:102F700086B28AB205FB0622000C090C05FB001183
:102F80001A4401EB124192B242EA0142E64544F88A
:102F9000042B4FEA1143E8D8019E47F80B3056F84E
:102FA000041C090CD4D000223B6848461D463C4610
:102FB000944602889BB201FB02C202EB154243EA2F
:102FC000024344F8043B50F8043B25684FEA134C95
:102FD000ABB201FB0C33704503EB12434FEA134CC9
:102FE000E7D3B04547F80B3007F10407B4D8DDE963
:102FF00002E45046002C02DC05E0013C03D05EF800
:10300000043D002BF9D0046105B0BDE8F08F024605
:103010004FF4B171014B0248FFF7BCFD7C910008F1
:103020000C9200082DE9F04112F003031446074604
:1030300082B02DD10E46A4101CD0FA698AB39568CF
:10304000002D39D0E3074FF0000806D4641011D0EA
:10305000286898B10546E307F8D531462A46384630
:10306000FFF72EFF0346314638461E46FFF7F8FDB0
:103070006410EDD1304602B0BDE8F0812A46294601
:103080003846FFF71DFF28600546C0F80080E2E7DC
:10309000184A013B52F823200023FFF705FE06469D
:1030A000C9E71020FFF7C0F80246F861E0B100233D
:1030B000C0E90033C0E90233012138460192FFF72D
:1030C0008FFD019A054640B1012340F27121C0E90C
:1030D0000431002390600360B4E7024640F24511DA
:1030E000054B0648FFF756FD40F2B311044B034869
:1030F000FFF750FD488D00087C9100080C920008F5
:10310000389100082DE9F0470D462F69AB6807EBB1
:1031100062177C1C9C429146064649684FEA621A37
:1031200004DD5B009C4201F10101FADC3046FFF74F
:1031300057FD804600284ED0BAF1000F00F1140070
:103140000EDD034600210AF105024FEA820C08EB6E
:10315000820243F8041B9342FBD1ACF114031844E0
:10316000296905F1140319F01F0903EB81012AD025
:1031700084464FF0000AC9F1200E1A6802FA09F2DB
:1031800042EA0A024CF8042B53F8042B994222FA23
:103190000EFAF2D84B1B153B23F00303043305F161
:1031A0001502914238BF042340F803A0BAF1000F82
:1031B00000D13C4630462946C8F81040FFF750FD84
:1031C0004046BDE8F087043853F8042B994240F894
:1031D000042FF9D8EDE702464FF4EF71014B024896
:1031E000FFF7D8FC7C9100080C92000884460B691C
:1031F0000069C01A15D10CF1140C14310CEB8302C8
:1032000010B401EB830301E0944508D252F8044D59
:1032100053F8041D8C42F7D004D24FF0FF3010BC9D
:1032200070477047012010BC704700BF2DE9F04F78
:1032300014460A6923698846D21A002A83B040F0EE
:10324000888001F1140604F1140202EB830206EBFC
:10325000830301E09E427FD253F8045D52F8041DBF
:103260008D42F7D076D323460025444698466168C0
:10327000FFF7B6FC002800F0898000F114094946E8
:103280004FF0000C2769D8F8106004F1140B08F116
:10329000140EC56004F110020EEB86060BEB870AD4
:1032A000CDF804B05EF8044B52F8045F1FFA84FBBB
:1032B000ABB2A3EB0B03240C6344C4EB154404EB47
:1032C00023449BB243EA0443764541F8043B4FEA6A
:1032D000244CE7D808F115018E4234BF00210121AA
:1032E000A6EB0806153EB608002906F101024FEAD2
:1032F000820208BF0422DDF804B00BEB0204A245F1
:103300004A4434D915462146E04651F8046BB3B21D
:1033100063444FEA164E0EEB234E06EB08039BB2B6
:1033200043EA0E438A454FEA2E4C45F8043BEBD85E
:103330000AF1FF3AAAEB040A2AF0030A524423B91D
:1033400052F8043D013F002BFAD0076103B0BDE8FD
:10335000F08F88DA01258AE70021FFF741FC70B180
:1033600001220023C0E9042303B0BDE8F08F002947
:103370004FEA860608BF002609EB0602DFE7024691
:1033800040F23721054B0648FFF704FC024640F2A5
:103390004521024B0248FFF7FDFB00BF7C9100086E
:1033A0000C920008124B0A460B40A3F15073002BFD
:1033B00003DD00221946104670475B42B3F1A07F3F
:1033C0004FEA235106DA4FF4002300220B4119463D
:1033D0001046704714391E29D4BF4FF00042012215
:1033E0004FF00003D8BFCA4010461946704700BFCF
:1033F0000000F07FF8B5046900F1140202EB8404C8
:1034000054F8045C261F2846FFF7F4FC0346C0F17D
:1034100020000A2B086030DDB242A3F10B071AD25C
:1034200054F8083C1FB3C7F1200C23FA0CF1BD403F
:1034300045EA0106A4F1080546F07F51AA4203FAC5
:1034400007F341F4401116D254F80C2C22FA0CF276
:1034500013431846F8BD0B2B08D0002305FA07F7D5
:1034600047F07F51184641F44011F8BD002345F064
:103470007F5141F440111846F8BDB2422CBF0022E2
:1034800054F8082CC3F10B0703F1150325FA07FCC8
:1034900038BFFA4005FA03F34CF07F511343184646
:1034A00041F44011F8BD00BFF0B5012183B01646CC
:1034B0001F46FFF795FB0546002847D0C7F30A547F
:1034C000C7F313030CB143F48013002E019314D1FE
:1034D00001A8FFF7B1FC0122019B20306B612A613A
:1034E00014B3089BA4F2334404441C60099BC0F14C
:1034F00035001860284603B0F0BD68460096FFF717
:103500009BFC019B00B30099C0F1200203FA02F278
:10351000C34001930A43002B6A610CBF01220222BF
:10352000AB612A61002CDCD105EB8201A0F23243B1
:10353000086908990B60FFF75DFC099BC0EB42101E
:103540001860284603B0F0BD009AE4E7024640F256
:103550000F31024B0248FFF71DFB00BF7C910008B2
:103560000C9200082DE9F04383B0884669468146F5
:10357000FFF740FF04460D46404601A9FFF73AFF1A
:10358000D9F81030D8F81020A3EB020CDDE9003296
:103590009B1A03EB4C13002B0BDD05EB03573D4649
:1035A00002460B462046294601F0AAF803B0BDE8C2
:1035B000F083C3EB033301EB03594946F0E700BF47
:1035C000172870B506460ADD002000240749084D7B
:1035D00022462B4600F06AFF013EF9D170BD054B33
:1035E00003EBC003D3E9040170BD00BF0000F03F4E
:1035F00000002440488D000801F1FF3C116902F1F0
:1036000014034FEA6C1C03EB81010CF1010C8B429B
:1036100000EB8C0C16D210B5A0F1040E53F8044B3D
:1036200099424EF8044FF9D88B1A153B23F0030347
:1036300004331844844504D9002340F8043B8445EE
:10364000FBD810BD844505D9002340F8043B8445D0
:10365000FBD87047704700BF03694A11934200F1DD
:10366000140009DA00EB830302E053F8042DA2B939
:103670008342FAD80020704700EB8203F8DD11F096
:103680001F01F5D010B450F8224024FA01F28A400C
:10369000944208D0012010BC70470120704753F8B5
:1036A000042D002AF6D18342F9D8002010BC7047BF
:1036B000002238B5064D044608462A6004F0D4FFBF
:1036C000431C00D038BD2B68002BFBD0236038BDD5
:1036D0003403002010B50C46B1F90E1000F088FA42
:1036E000002803DB636D0344636510BDA38923F4E5
:1036F0008053A38110BD00BF002070472DE9F04129
:103700000C46B1F90C101F46CB05054616460BD4E6
:1037100021F48051A1813B4632462846B4F90E106F
:10372000BDE8F04100F0F8BAB4F90E10022300220F
:1037300000F0DCFAB4F90C10EAE700BF10B50C4653
:10374000B1F90E1000F0D2FAB4F90C30421C0EBFE1
:1037500023F4805343F480536065A38110BD00BF00
:10376000B1F90E1000F088B9F0307047004870478A
:103770004C010020004870474C0100209368002B4A
:1037800000F0F0802DE9F04FB1F90CC090461CF02C
:10379000080F81460C4683B02BD00B694BB31CF04D
:1037A0000207D8F8006032D04FF0000A5546D4F82E
:1037B00028B0216AAB4FC5B1BD422B46524628BF47
:1037C0003B464846D847002840F3C280D8F8083026
:1037D00082441B1A2D1AC8F80830002B00F0AE8066
:1037E000D4F828B0216A002DE6D1D6E900A5083624
:1037F000E1E721464846FEF73FFC002840F0AD8057
:10380000B4F90CC0D8F800601CF00207CCD11CF051
:10381000010A63D157462368A16818468B46002FDA
:1038200058D01CF4007F00F0B180B9420A4600F283
:10383000DD801CF4906F2FD0216962695D1A02EB64
:10384000420202EBD2726B1C52103B44934292BF75
:1038500093469B461A461CF4806F00F0E6801146A2
:103860004846FDF70FFB002800F0F5802A46216945
:103870000190FEF763FCA289019B22F4906242F062
:103880008002A2815819C4F814B0ABEB05053A4682
:10389000BB462361A56020603D460027514601924A
:1038A00000F010F9A1682368019AA1EB0B011A44FA
:1038B000A1602260D8F80830AA445B1BC8F8083021
:1038C000002B3BD02368A16818468B46B4F90CC086
:1038D000002FA6D1D6E900A708369EE73846BB469A
:1038E0003D46002D40D0002845D03A46D4E904C3D7
:1038F0002068AA4228BF2A466045A16804D901EB86
:10390000030A524500F38280934272DC5A464846CD
:10391000216AD4F828C0E047B0F1000A18DDB7EBFF
:103920000A070FD00120D8F80830D344A3EB0A03CC
:10393000A5EB0A05C8F80830002BD2D1002003B04F
:10394000BDE8F08F21464846FCF7B4FE0028EAD0D7
:10395000B4F90C3043F04003A3814FF0FF3003B0C3
:10396000BDE8F08F00207047756833460836002D9B
:10397000FAD0D3F800B02A460A215846FEF7C4FE12
:10398000002865D00130A0EB0B07AEE722699A4210
:1039900014D36569BD4211D86FF00043BB4228BF04
:1039A0003B4693FBF5F3524605FB03F34846A56AF5
:1039B000216AA847051ECBDD7F1B7BE7B94228BFE4
:1039C00039460D46184651462A4600F07BF8A16854
:1039D0002368491B2B44A16023600029ECD12146B8
:1039E0004846FCF767FE0028E6D0B1E7BB463A46FA
:1039F00052E75946019200F065F8019AA368924691
:103A00009B1AA36023681344236088E759465246F3
:103A100000F058F823682146534448462360FCF7D9
:103A200049FE00283FF47BAF92E7484600F018F9C2
:103A3000034600287FF426AF48462169FEF79CFA2A
:103A40000C22B4F90C30C9F8002023F0800381E780
:103A50006A1C17464AE70C22B4F90C30C9F800205A
:103A600078E700BF00FCFF7F062008B500F028FAC9
:103A7000012004F027FE00BF002238B5064D0446A1
:103A800008462A6004F034FE431C00D038BD2B6881
:103A9000002BFBD0236038BD3403002070B5A1FBA0
:103AA000025454B92946FDF7EDF9064618B12A46E5
:103AB0002146FCF725FD304670BD0C220026026031
:103AC000F9E700BF88420ED98B1883420BD900EB6F
:103AD000020C002A6DD0624613F801CD994202F81B
:103AE00001CDF9D170470F2A0FD8034602F1FF3CF0
:103AF000002A5ED00CF1010C013B8C4411F8012B23
:103B0000614503F8012FF9D1704740EA01039B0793
:103B100050D1A2F1100370B501F1200C23F00F0574
:103B200001F1100E00F11004AC441B095EF8105CAA
:103B30000EF1100E44F8105C5EF81C5C103444F872
:103B40001C5C5EF8185C44F8185C5EF8145CE64592
:103B500044F8145CEAD1013312F00C0F01EB0311AD
:103B600002F00F0400EB031328D08E46043C24F02F
:103B700003064FEA940C1E441C1F5EF8045B44F8D5
:103B8000045FB442F9D10CF1010402F0030203EB2B
:103B9000840301EB840102F1FF3C4AB10CF1010CFA
:103BA000013B8C4411F8012B614503F8012FF9D139
:103BB00070BD7047034602F1FF3C9BE72246EAE7EF
:103BC00010B4034CD4F8E040A44610BC604700BFDA
:103BD0005C000020034649B1FF2A02D801200A7088
:103BE00070478A224FF0FF301A60704708467047CE
:103BF00038B50C46114600228446074D20462A60FF
:103C00001A46644604F064FD431C00D038BD2B689E
:103C1000002BFBD0236038BD340300200CB400B56A
:103C200083B004AB53F8042B0193FEF72BFE03B0D3
:103C30005DF804EB02B070470EB400B5074A82B0DD
:103C400003AB0146106853F8042B0193FEF71AFEEC
:103C500002B05DF804EB03B0704700BF0C00002019
:103C60002DE9F041144641B30AB306460D4600F073
:103C700069F88442074602D8B4EB500F13D82146A6
:103C80003046FDF7FFF8804650B1BC422246294637
:103C900028BF3A46FEF752FA29463046FEF76CF93D
:103CA0004046BDE8F081A8464046BDE8F081A04608
:103CB000FEF762F94046BDE8F0811146BDE8F041EB
:103CC000FDF7E0B870B50026074D044608461146DA
:103CD0002E6004F010FD431C00D070BD2B68002B3B
:103CE000FBD0236070BD00BF3403002038B50C4604
:103CF000114600228446074D20462A601A46644633
:103D000004F000FD431C00D038BD2B68002BFBD015
:103D1000236038BD3403002038B50C46114600221C
:103D20008446074D20462A601A46644601F080F911
:103D3000431C00D038BD2B68002BFBD0236038BD5E
:103D40003403002051F8043C181F002BBCBF0B5853
:103D5000C018704710B4034CD4F8E440A44610BC1B
:103D6000604700BF5C00002082B049B15AB16BB11E
:103D700013780B601278101E18BF012002B0704734
:103D800001A9002AF3D1104602B070476FF001007C
:103D9000F4E700BF38B5C46B0CB1002038BD8021FA
:103DA0000546FDF76FF80246E86330B1031F7C3229
:103DB00043F8044F9342FBD1EFE74FF0FF3038BD9B
:103DC00030B51F29054683B008D8C36B0C4653B1E4
:103DD00053F8240043F8242003B030BD16230360B9
:103DE0004FF0FF30F8E780210192FDF74BF8019A80
:103DF0000346E8630028F3D0011F00F17C05002092
:103E000041F8040FA942FBD1E2E700BF1F2938B5F2
:103E100005461ED8C26B0C466AB152F8213053B128
:103E2000012B06D0591C10D00021204642F8241046
:103E30009847002038BD284600F0F2F82246014697
:103E40002846BDE8384000F0D7B8162301202B6083
:103E500038BD16234FF0FF302B6038BD1F292BD8FB
:103E600038B5C36B0C460546A3B153F8242003EBC9
:103E700084034AB1511C0BD0012A07D000252046EB
:103E80001D609047284638BD012038BD032038BD4D
:103E9000022038BD8021FCF7F5FF0346E86340B1FE
:103EA00000201A1F03F17C0142F8040F8A42FBD163
:103EB000DBE74FF0FF3038BD4FF0FF30704700BFF9
:103EC00038B5134B1F281D681DD8EA6B044662B134
:103ED00052F820304BB1012B05D0591C0FD00021D6
:103EE00042F820109847002038BD284600F098F886
:103EF000224601462846BDE8384000F07DB816232A
:103F000001202B6038BD16234FF0FF302B6038BDE9
:103F10000C000020114B1F2870B51E6808D8F36BE9
:103F200004460D464BB153F8240043F8245070BDAD
:103F3000162333604FF0FF3070BD80213046FCF710
:103F4000A1FF0346F0630028F4D00021021F7C305B
:103F500042F8041F8242FBD1E5E700BF0C000020BD
:103F600038B50B4B1D68EC6B0CB1002038BD8021BF
:103F70002846FCF787FFE86338B1031F00F17C0295
:103F800043F8044F9342FBD1EFE74FF0FF3038BDC9
:103F90000C00002038B5174B1F281D6826D8044692
:103FA000E86BA0B150F8242000EB84034AB1511C07
:103FB0000BD0012A07D0002520461D6090472846D7
:103FC00038BD012038BD032038BD022038BD802116
:103FD0002846FCF757FFE86340B10021031F00F1BA
:103FE0007C0243F8041F9342FBD1DBE74FF0FF3024
:103FF00038BD00BF0C00002070B50026074D0446F8
:10400000084611462E6004F055FB431C00D070BDDD
:104010002B68002BFBD0236070BD00BF3403002051
:1040200004F046BB38B5044600F01AF821460546B0
:10403000204600F0E7FF20B92046002100F0BAFF3B
:1040400008B9284638BDFCF777FB2122034600213A
:104050001A60084600F0C4FE0546284638BD00BF79
:1040600020F00042B2F1FF4FF8B504464ED2002ACC
:1040700043D00028034650DB10F0FF423ED0C1156C
:104080000024C3F31602A1F17F05CB074FF0190EF0
:104090004FF0807C214642F4000258BF52006D1060
:1040A000520001EB0C039342CFBF134603EB0C010C
:1040B0006444D31ABEF1010E4FEA43024FEA5C0C8E
:1040C000EFD1ABB11A4E3068716800F0CBFC3768A5
:1040D0000146384600F078FF50B13068716800F052
:1040E000C3FC36680146304600F064FFE0B102349C
:1040F000601000F17C5000EBC550F8BD5B00180269
:10410000114602F10102F9D54942B9E7014600F032
:10411000B3FD214600F0A8FCF8BD014600F0A2FC6A
:10412000014600F05DFEF8BD013424F00104DFE734
:10413000748F000881F0004102E000BF83F000436B
:1041400030B54FEA41044FEA430594EA050F08BF32
:1041500090EA020F1FBF54EA000C55EA020C7FEAF6
:10416000645C7FEA655C00F0E2804FEA5454D4EB73
:104170005555B8BF6D420CDD2C4480EA020281EA3D
:10418000030382EA000083EA010180EA020281EA75
:104190000303362D88BF30BD11F0004F4FEA0131C7
:1041A0004FF4801C4CEA113102D0404261EB4101D6
:1041B00013F0004F4FEA03334CEA133302D052425C
:1041C00063EB430394EA050F00F0A780A4F1010418
:1041D000D5F1200E0DDB02FA0EFC22FA05F2801852
:1041E00041F1000103FA0EF2801843FA05F3594138
:1041F0000EE0A5F120050EF1200E012A03FA0EFCB7
:1042000028BF4CF0020C43FA05F3C01851EBE371E0
:1042100001F0004507D54FF0000EDCF1000C7EEBFD
:1042200000006EEB0101B1F5801F1BD3B1F5001F3B
:104230000CD349085FEA30004FEA3C0C04F101045A
:104240004FEA445212F5800F80F09A80BCF1004F83
:1042500008BF5FEA500C50F1000041EB045141EA05
:10426000050130BD5FEA4C0C404141EB0101013CCE
:1042700028BFB1F5801FE9D291F0000F04BF0146BD
:104280000020B1FA81F308BF2033A3F10B03B3F18F
:1042900020020CDA0C3208DD02F1140CC2F10C021F
:1042A00001FA0CF021FA02F10CE002F11402D8BF7D
:1042B000C2F1200C01FA02F120FA0CFCDCBF41EA49
:1042C0000C019040E41AA2BF01EB0451294330BD18
:1042D0006FEA04041F3C1CDA0C340EDC04F11404F5
:1042E000C4F1200220FA04F001FA02F340EA0300CC
:1042F00021FA04F345EA030130BDC4F10C04C4F112
:10430000200220FA02F001FA04F340EA03002946F1
:1043100030BD21FA04F0294630BD94F0000F83F43B
:10432000801306BF81F480110134013D4EE77FEA1E
:10433000645C18BF7FEA655C29D094EA050F08BF6A
:1043400090EA020F05D054EA000C04BF194610464B
:1043500030BD91EA030F1EBF0021002030BD5FEA8F
:10436000545C05D14000494128BF41F0004130BDB7
:1043700014F580043CBF01F5801130BD01F000450B
:1043800045F0FE4141F470014FF0000030BD7FEA7E
:10439000645C1ABF194610467FEA655C1CBF0B4679
:1043A000024650EA013406BF52EA033591EA030F90
:1043B00041F4002130BD00BF90F0000F04BF002188
:1043C000704730B54FF4806404F132044FF00005BB
:1043D0004FF0000150E700BF90F0000F04BF002134
:1043E000704730B54FF4806404F1320410F000459A
:1043F00048BF40424FF000013EE700BF42004FEA95
:10440000E2014FEA31014FEA02701FBF12F07F4311
:1044100093F07F4F81F06051704732F07F4208BFC8
:10442000704793F07F4F04BF41F40021704730B5CF
:104430004FF4607401F0004521F000411CE700BF1B
:1044400050EA010208BF704730B54FF000050AE09E
:1044500050EA010208BF704730B511F0004502D59F
:10446000404261EB41014FF4806404F132045FEAA1
:10447000915C3FF4D8AE4FF003025FEADC0C18BF4A
:1044800003325FEADC0C18BF033202EBDC02C2F13C
:10449000200300FA03FC20FA02F001FA03FE40EACE
:1044A0000E0021FA02F11444BDE600BF70B54FF0D2
:1044B000FF0C4CF4E06C1CEA11541DBF1CEA1355B0
:1044C00094EA0C0F95EA0C0F00F0DEF82C4481EA18
:1044D000030621EA4C5123EA4C5350EA013518BF38
:1044E00052EA033541F4801143F4801338D0A0FB25
:1044F00002CE4FF00005E1FB02E506F00042E0FBD2
:1045000003E54FF00006E1FB03569CF0000F18BFD7
:104510004EF0010EA4F1FF04B6F5007F64F540747F
:1045200004D25FEA4E0E6D4146EB060642EAC62112
:1045300041EA55514FEAC52040EA5E504FEACE2E7F
:10454000B4F1FD0C88BFBCF5E06F1ED8BEF1004F82
:1045500008BF5FEA500E50F1000041EB045170BDFE
:1045600006F0004646EA010140EA020081EA030142
:10457000B4EB5C04C2BFD4EB0C0541EA045170BD3E
:1045800041F480114FF0000E013C00F3AB8014F1B8
:10459000360FDEBF002001F0004170BDC4F1000401
:1045A000203C35DA0C341BDC04F11404C4F1200582
:1045B00000FA05F320FA04F001FA05F240EA0200DD
:1045C00001F0004221F0004110EBD37021FA04F613
:1045D00042EB06015EEA430E08BF20EAD37070BDCD
:1045E000C4F10C04C4F1200500FA04F320FA05F02C
:1045F00001FA04F240EA020001F0004110EBD3702E
:1046000041F100015EEA430E08BF20EAD37070BD9D
:10461000C4F1200500FA05F24EEA020E20FA04F376
:1046200001FA05F243EA020321FA04F001F0004125
:1046300021FA04F220EA020000EBD3705EEA430E96
:1046400008BF20EAD37070BD94F0000F0FD101F0C5
:104650000046400041EB010111F4801F08BF013CFE
:10466000F7D041EA060195F0000F18BF704703F03C
:104670000046520043EB030313F4801F08BF013DC3
:10468000F7D043EA0603704794EA0C0F0CEA13557F
:1046900018BF95EA0C0F0CD050EA410618BF52EA39
:1046A0004306D1D181EA030101F000414FF000003F
:1046B00070BD50EA410606BF1046194652EA43064D
:1046C00019D094EA0C0F02D150EA013613D195EAC1
:1046D0000C0F05D152EA03361CBF104619460AD109
:1046E00081EA030101F0004141F0FE4141F4700113
:1046F0004FF0000070BD41F0FE4141F4780170BD03
:1047000070B54FF0FF0C4CF4E06C1CEA11541DBF67
:104710001CEA135594EA0C0F95EA0C0F00F0A7F869
:10472000A4EB050481EA030E52EA03354FEA013196
:1047300000F088804FEA03334FF0805545EA1313A9
:1047400043EA12634FEA022245EA111545EA106571
:104750004FEA00260EF000419D4208BF964244F108
:10476000FD0404F5407402D25B084FEA3202B61A27
:1047700065EB03055B084FEA32024FF480104FF4FB
:10478000002CB6EB020E75EB030E22BFB61A75466F
:1047900040EA0C005B084FEA3202B6EB020E75EB02
:1047A000030E22BFB61A754640EA5C005B084FEA6A
:1047B0003202B6EB020E75EB030E22BFB61A754637
:1047C00040EA9C005B084FEA3202B6EB020E75EB42
:1047D000030E22BFB61A754640EADC0055EA060E03
:1047E00018D04FEA051545EA16754FEA06164FEA46
:1047F000C30343EA52734FEAC2025FEA1C1CC0D1F2
:1048000011F4801F0BD141EA00014FF000004FF07E
:10481000004CB6E711F4801F04BF01430020B4F13F
:10482000FD0C88BFBCF5E06F3FF6AFAEB5EB030CF7
:1048300004BFB6EB020C5FEA500C50F1000041EBF4
:10484000045170BD0EF0004E4EEA113114EB5C04C1
:10485000C2BFD4EB0C0541EA045170BD41F4801194
:104860004FF0000E013C90E645EA060E8DE60CEA9C
:10487000135594EA0C0F08BF95EA0C0F3FF43BAFB9
:1048800094EA0C0F0AD150EA01347FF434AF95EA70
:104890000C0F7FF425AF104619462CE795EA0C0F54
:1048A00006D152EA03353FF4FDAE1046194622E721
:1048B00050EA410618BF52EA43067FF4C5AE50EAFB
:1048C00041047FF40DAF52EA43057FF4EBAE12E7EB
:1048D0004FF0FF3C06E000BF4FF0010C02E000BFCC
:1048E0004FF0010C4DF804CD4FEA410C7FEA6C5CAF
:1048F0004FEA430C18BF7FEA6C5C1BD001B050EA52
:10490000410C0CBF52EA430C91EA030F02BF90EA3C
:10491000020F0020704710F1000F91EA030F58BFFB
:10492000994208BF90422CBFD8176FEAE37040F05D
:10493000010070474FEA410C7FEA6C5C02D150EAFB
:10494000013C07D14FEA430C7FEA6C5CD6D152EAB6
:10495000033CD3D05DF8040B704700BF844610467B
:1049600062468C461946634600E000BF01B5FFF77A
:10497000B7FF002848BF10F1000F01BD4DF808ED4A
:10498000FFF7F4FF0CBF012000205DF808FB00BF1B
:104990004DF808EDFFF7EAFF34BF012000205DF875
:1049A00008FB00BF4DF808EDFFF7E0FF94BF0120C2
:1049B00000205DF808FB00BF4DF808EDFFF7CEFFC3
:1049C00094BF012000205DF808FB00BF4DF808ED02
:1049D000FFF7C4FF34BF012000205DF808FB00BFD3
:1049E0004FEA410C7FEA6C5C02D150EA013C0AD1EB
:1049F0004FEA430C7FEA6C5C02D152EA033C02D1DD
:104A00004FF0000070474FF0010070474FEA41023D
:104A100012F5001215D211D56FF47873B3EB625210
:104A200012D94FEAC12343F0004343EA505311F037
:104A3000004F23FA02F018BF404270474FF00000C9
:104A4000704750EA013005D111F0004008BF6FF007
:104A5000004070474FF00000704700BF80F00040FA
:104A600002E000BF81F0004142001FBF5FEA410346
:104A700092EA030F7FEA226C7FEA236C6AD04FEA46
:104A80001262D2EB1363C1BFD2184140484041408B
:104A9000B8BF5B42192B88BF704710F0004F40F43D
:104AA000000020F07F4018BF404211F0004F41F459
:104AB000000121F07F4118BF494292EA030F3FD025
:104AC000A2F1010241FA03FC10EB0C00C3F1200338
:104AD00001FA03F100F0004302D5494260EB4000C7
:104AE000B0F5000F13D3B0F1807F06D340084FEA32
:104AF000310102F10102FE2A51D2B1F1004F40EB27
:104B0000C25008BF20F0010040EA0300704749008E
:104B100040EB0000013A28BFB0F5000FEDD2B0FA2B
:104B200080FCACF1080CB2EB0C0200FA0CF0AABF4E
:104B300000EBC25052421843BCBFD04018437047EC
:104B400092F0000F81F4000106BF80F400000132F2
:104B5000013BB5E74FEA41037FEA226C18BF7FEAC9
:104B6000236C21D092EA030F04D092F0000F08BF0B
:104B70000846704790EA010F1CBF0020704712F0F2
:104B80007F4F04D1400028BF40F00040704712F131
:104B900000723CBF00F50000704700F0004343F096
:104BA000FE4040F4000070477FEA226216BF0846CC
:104BB0007FEA23630146420206BF5FEA412390EA8F
:104BC000010F40F4800070474FF0000304E000BF85
:104BD00010F0004348BF40425FEA000C08BF704736
:104BE00043F0964301464FF000001CE050EA0102FA
:104BF00008BF70474FF000030AE000BF50EA01020F
:104C000008BF704711F0004302D5404261EB4101FB
:104C10005FEA010C02BF84460146002043F0B64320
:104C200008BFA3F18053A3F50003BCFA8CF2083A45
:104C3000A3EBC25310DB01FA02FC634400FA02FC4E
:104C4000C2F12002BCF1004F20FA02F243EB020055
:104C500008BF20F00100704702F1200201FA02FCB7
:104C6000C2F1200250EA4C0021FA02F243EB0200AA
:104C700008BF20EADC7070474FF0FF0C1CEAD052EE
:104C80001EBF1CEAD15392EA0C0F93EA0C0F6FD0AF
:104C90001A4480EA010C400218BF5FEA41211ED08D
:104CA0004FF0006343EA501043EA5111A0FB013179
:104CB0000CF00040B1F5000F3EBF490041EAD3714E
:104CC0005B0040EA010062F17F02FD2A1DD8B3F1CA
:104CD000004F40EBC25008BF20F00100704790F039
:104CE000000F0CF0004C08BF49024CEA502040EA8B
:104CF00051207F3AC2BFD2F1FF0340EAC250704751
:104D000040F400004FF00003013A5DDC12F1190F8E
:104D1000DCBF00F000407047C2F10002410021FA00
:104D200002F1C2F1200200FA02FC5FEA310040F118
:104D3000000053EA4C0308BF20EADC70704792F091
:104D4000000F00F0004C02BF400010F4000F013AC9
:104D5000F9D040EA0C0093F0000F01F0004C02BFC4
:104D6000490011F4000F013BF9D041EA0C018FE733
:104D70000CEAD15392EA0C0F18BF93EA0C0F0AD039
:104D800030F0004C18BF31F0004CD8D180EA01005F
:104D900000F00040704790F0000F17BF90F0004FF8
:104DA000084691F0000F91F0004F14D092EA0C0FDA
:104DB00001D142020FD193EA0C0F03D14B0218BF6D
:104DC000084608D180EA010000F0004040F0FE40B3
:104DD00040F40000704740F0FE4040F4400070474F
:104DE0004FF0FF0C1CEAD0521EBF1CEAD15392EACE
:104DF0000C0F93EA0C0F69D0A2EB030280EA010CBE
:104E000049024FEA402037D04FF0805343EA111156
:104E100043EA10130CF000408B4238BF5B0042F1B4
:104E20007D024FF4000C8B4224BF5B1A40EA0C0059
:104E3000B3EB510F24BFA3EB510340EA5C00B3EB8B
:104E4000910F24BFA3EB910340EA9C00B3EBD10F79
:104E500024BFA3EBD10340EADC001B0118BF5FEACB
:104E60001C1CE0D1FD2A3FF650AF8B4240EBC250F4
:104E700008BF20F0010070470CF0004C4CEA5020B5
:104E80007F32C2BFD2F1FF0340EAC250704740F404
:104E900000004FF00003013A37E792F0000F00F0F6
:104EA000004C02BF400010F4000F013AF9D040EA74
:104EB0000C0093F0000F01F0004C02BF490011F408
:104EC000000F013BF9D041EA0C0195E70CEAD15300
:104ED00092EA0C0F08D142027FF47DAF93EA0C0FE7
:104EE0007FF470AF084676E793EA0C0F04D14B02CB
:104EF0003FF44CAF08466EE730F0004C18BF31F07D
:104F0000004CCAD130F000427FF45CAF31F0004376
:104F10007FF43CAF5FE700BF4FF0FF3C06E000BF0F
:104F20004FF0010C02E000BF4FF0010C4DF804CD32
:104F30004FEA40024FEA41037FEA226C18BF7FEA42
:104F4000236C11D001B052EA530C18BF90EA010F44
:104F500058BFB2EB030088BFC81738BF6FEAE170D3
:104F600018BF40F0010070477FEA226C02D15FEA6F
:104F7000402C05D17FEA236CE4D15FEA412CE1D0DB
:104F80005DF8040B704700BF844608466146FFE7A2
:104F90000FB5FFF7C9FF002848BF10F1000F0FBD84
:104FA0004DF808EDFFF7F4FF0CBF012000205DF87D
:104FB00008FB00BF4DF808EDFFF7EAFF34BF012002
:104FC00000205DF808FB00BF4DF808EDFFF7E0FF9B
:104FD00094BF012000205DF808FB00BF4DF808EDEC
:104FE000FFF7D2FF94BF012000205DF808FB00BF4F
:104FF0004DF808EDFFF7C8FF34BF012000205DF831
:1050000008FB00BF4FEA40024FEA41037FEA226CEF
:1050100002D15FEA402C08D17FEA236C02D15FEA1B
:10502000412C02D14FF0000070474FF00100704753
:1050300010B514464FF0FF3392B2024802F065F803
:10504000204610BD6C06002072B6FEE700B591B098
:105050002822002106A8FBF753FA002301930293AC
:10506000039304930593012206924FF48033079330
:105070000A9202220D920E934FF400230F9306A87A
:1050800000F0ECFC78B90F23019302230293002374
:10509000039304930593012101A800F011FF20B9A7
:1050A00011B05DF804FBFFF7CFFFFFF7CDFF000065
:1050B00008B500F0A5FCFFF7C9FF00F02BF800F0E1
:1050C000D1F900F049F90D4800F062FA0C48FBF7FD
:1050D000FDF803F019FB0B4803F01AFD50B90A481C
:1050E000FBF7F4F800F0CCF80848FBF7EFF803F012
:1050F00017F8FEE70648FBF7E9F8F3E71806002083
:105100007C8F00085C440020988F0008BC8F00084A
:10511000A88F000830B589B0002404940594069443
:105120000794184B9A6942F010029A619A6902F04A
:1051300010020192019A9A6942F004029A619A69F6
:1051400002F004020292029A9A6942F008029A61FD
:105150009B6903F008030393039B0B4D01224FF45B
:105160000051284601F0B4F84FF400530493012392
:10517000059306940223079304A9284600F09AFF9A
:1051800009B030BD001002400010014010B51248B7
:10519000FBF79CF800240BE000234FF0FF320F498F
:1051A0000F48006802F071F90024022002F0F0FFBD
:1051B00004F11402094804F1080100EB410100EB7D
:1051C0004202043100EB440000F00AFA0134A4B2B8
:1051D000092CE1D8E9E700BFD08F00087403002054
:1051E0000806002000B585B00B48FBF76FF80B4CA4
:1051F0004FF0FF3221460A4B186802F00AFA01A963
:10520000204600F0F9F800234FF0FF3201A90548CD
:10521000006802F03AF9EAE7E88F00083803002056
:10522000080600200406002000B585B00C48FBF7F6
:105230004DF84FF0FF3201A90A4B186802F0E9F966
:10524000019940F2011000F063F903994FF4817065
:1052500000F05EF9029940F2031000F059F9E8E716
:105260000090000804060020034B0360034B0B6012
:1052700080231360704700BFB0050020B0030020FA
:1052800010B596B000223C21022002F0DAF82C4C36
:10529000206000220C21052002F0D3F8294B186071
:1052A0002368002B39D0002840D0274C0DF13C0C4E
:1052B000A646BEE80F00ACE80F009EE807008CE8A9
:1052C000070000210FA802F030FF204B18600DF1FD
:1052D000200C04F11C0EBEE80F00ACE80F009EE8A5
:1052E00007008CE80700002108A802F01EFF184BF9
:1052F00018600DF1040E04F1380CBCE80F00AEE8A4
:105300000F009CE807008EE80700002101A802F0CA
:105310000CFF104B186016B010BD4FF0500383F314
:105320001188BFF36F8FBFF34F8FFEE74FF050032D
:1053300083F31188BFF36F8FBFF34F8FFEE700BF7A
:105340000806002004060020F08C00081406002047
:10535000100600200C06002008B50B480B4B03601C
:105360000B4B436000238360C3604FF480420261B3
:1053700043618361C361036201F09EFA00B908BD15
:10538000FFF762FEFBE700BF180600200054004054
:10539000A086010010B586B0002302930393049306
:1053A00005930268114B9A4201D006B010BD104C13
:1053B000A36943F00803A361A36903F00803009302
:1053C000009BC0230293122303930323059302A996
:1053D000084800F06FFEE36943F40013E361E369FA
:1053E00003F400130193019BDFE700BF005400406A
:1053F00000100240000C01402DE9F8438046894628
:10540000002500273E4600E00135092D16DC38F95D
:105410001500FFF7DDFB04460146FFF72DFC0146B2
:105420003046FFF721FB064624F00044394620466B
:10543000FFF7DEFD0028E7D02746E5E708493046BC
:10544000FFF7CEFCFEF7EEFD0146C9F80000C9F8F3
:1054500004703846FFF7C4FCC9F80800BDE8F883BB
:105460000000204108B50A480A4B03604FF4E133BD
:10547000436000238360C36003610C224261836147
:10548000C36101F012FE00B908BDFFF7DDFDFBE7C7
:105490006C0600200038014010B586B0002302934E
:1054A0000393049305930268174B9A4201D006B008
:1054B00010BD03F558439A6942F480429A619A6993
:1054C00002F480420092009A9A6942F004029A61C2
:1054D0009B6903F004030193019B4FF40073029353
:1054E0000223039303230593084C02A9204600F0EE
:1054F000E1FD4FF48063029300230393049302A918
:10550000204600F0D7FDD2E70038014000080140F6
:105510002DE9F0438FB004460D4606910890002314
:105520000B930A9304220C928DF83430154803F043
:1055300092FB0028FAD007AB06AA08A9114803F08D
:1055400015FBD0B99DF818609DF819709DF81A8068
:105550009DF81B902846FEF751FFCDE90401CDF8D8
:105560000890CDF80480009733460C9A21460648EF
:10557000FDF726F90FB0BDE8F08321460348FDF79B
:105580001FF9F7E75C4400202C9000087090000899
:105590002DE9F04186B0114D28604FF008088DF8D4
:1055A00017804FF0FF370297012401940DF1170681
:1055B000009623462D22A62101F05CFA8DF8178073
:1055C00002970194009623463122A621286801F013
:1055D00051FA002006B0BDE8F08100BFB4060020FB
:1055E00070B586B006460D4614464FF0FF33029361
:1055F0000623019304AB009301233222A6210E4817
:10560000006801F0E9FA9DF811209DF8103043EA96
:10561000022333809DF813209DF8123043EA0223C1
:105620002B809DF815209DF8143043EA0223238037
:10563000002006B070BD00BFB4060020FEE7FEE704
:10564000FEE7FEE7FEE7704708B5024800F0B9F84C
:1056500008BD00BFB806002000B583B0114B9A69A1
:1056600042F001029A619A6902F001020092009AE6
:10567000DA6942F08052DA61DB6903F0805301930A
:10568000019B00220F216FF0010000F06DFE064A21
:10569000536823F0E06343F00073536003B05DF898
:1056A00004FB00BF001002400000014030B589B08B
:1056B0000446224BDA6942F00102DA61DB6903F049
:1056C00001030193019B02A903A800F0D5FC069BEE
:1056D000D3B900F0B1FC0346194AA2FB03239B0C8B
:1056E000013B18484FF08042026040F2E732C2604E
:1056F0004360002303618360836100F053F9054632
:1057000030B1284609B030BD00F096FC4300E3E715
:105710000C4800F01DF805460028F2D11C2000F0CE
:1057200033FE0F2C01D90125EBE7002221461C2076
:1057300000F01AFE044B1C60E3E700BF00100240BB
:1057400083DE1B43B8060020C8010020704700001C
:1057500090F83D30DBB2012B27D1022380F83D3099
:105760000268D36843F00103D3600368114A93428F
:1057700010D0B3F1804F0DD0A2F59432934209D0EE
:1057800002F58062934205D01A6842F001021A6065
:10579000002070479A6802F00702062A07D01A68AC
:1057A00042F001021A60002070470120704700207B
:1057B000704700BF002C014070477047704770472A
:1057C000704770B504460368DE681D6915F0020F66
:1057D00010D016F0020F0DD06FF002021A610123F3
:1057E000037703689B6913F0030F5ED0FFF7E6FFB2
:1057F0000023237715F0040F12D016F0040F0FD0FA
:1058000023686FF004021A610223237723689B69DF
:1058100013F4407F4FD02046FFF7D0FF00232377BB
:1058200015F0080F12D016F0080F0FD023686FF094
:1058300008021A61042323772368DB6913F0030F3E
:1058400040D02046FFF7BAFF0023237715F0100F52
:1058500012D016F0100F0FD023686FF010021A61EB
:10586000082323772368DB6913F4407F31D0204677
:10587000FFF7A4FF0023237715F0010F02D016F0E5
:10588000010F2DD115F0800F02D016F0800F2FD10F
:1058900015F0400F02D016F0400F31D115F0200F57
:1058A00002D016F0200F33D170BDFFF786FF2046DF
:1058B000FFF785FF9CE72046FFF77FFF2046FFF7B5
:1058C0007EFFABE72046FFF778FF2046FFF777FF24
:1058D000BAE72046FFF771FF2046FFF770FFC9E7E0
:1058E00023686FF001021A612046FFF765FFC9E7E0
:1058F00023686FF080021A61204600F080F8C7E745
:1059000023686FF040021A612046FFF759FFC5E790
:1059100023686FF020021A61204600F06FF8C3E799
:1059200003681F4A90420AD0B0F1804F07D0A2F519
:105930009432904203D002F58062904203D123F06A
:1059400070034A681343164A90420AD0B0F1804F60
:1059500007D0A2F59432904203D002F580629042C3
:1059600003D123F44073CA68134323F080034A69C8
:10597000134303608B68C3620B688362084B9842D1
:105980000AD001234361036913F0010F03D00369B7
:1059900023F00103036170470B690363F1E700BF64
:1059A000002C014040B310B5044690F83D30F3B1EF
:1059B000022384F83D30214651F8040BFFF7B0FF75
:1059C000012384F8463084F83E3084F83F3084F870
:1059D000403084F8413084F8423084F8433084F811
:1059E000443084F8453084F83D30002010BD80F804
:1059F0003C30FFF7ABFEDBE7012070477047704794
:105A000008B5074A136843F010031360032000F041
:105A100099FC0F20FFF74AFEFFF71EFE002008BD8D
:105A200000200240014B1868704700BF00070020AB
:105A300082B0084B1B68084AA2FB03235B0A00FBE9
:105A400003F3019300BF019B5A1E0192002BF9D171
:105A500002B07047CC010020D34D6210002800F046
:105A6000F18170B582B00446036813F0010F2CD0A9
:105A7000994B5B6803F00C03042B1DD0964B5B68BD
:105A800003F00C03082B12D06368B3F5803F41D0BC
:105A9000002B55D103F1804303F504331A6822F437
:105AA00080321A601A6822F480221A6037E08A4B2A
:105AB0005B6813F4803FE7D0874B1B6813F4003F0B
:105AC00003D06368002B00F0BF81236813F0020F3E
:105AD00075D0814B5B6813F00C0F5FD07E4B5B6819
:105AE00003F00C03082B54D02369002B00F08A80AC
:105AF0007A4B01221A60FFF795FF0546764B1B682B
:105B000013F0020F75D1FFF78DFF401B0228F5D966
:105B100003209EE1704A136843F480331360636886
:105B200043B3FFF77FFF05466B4B1B6813F4003F41
:105B3000CBD1FFF777FF401B6428F5D9032088E11C
:105B4000B3F5A02F09D0644B1A6822F480321A6092
:105B50001A6822F480221A60E1E703F18043A3F57A
:105B60003C331A6842F480221A601A6842F4803288
:105B70001A60D4E7FFF756FF0546574B1B6813F42E
:105B8000003FA2D0FFF74EFF401B6428F5D9032049
:105B90005FE1514B5B6813F4803FA5D14E4B1B680E
:105BA00013F0020F03D02369012B40F04F814A4AC2
:105BB000136823F0F803616943EAC10313602368A3
:105BC00013F0080F33D0A369002B5CD0434B0122A4
:105BD000C3F88024FFF726FF05463F4B5B6A13F0AE
:105BE000020F21D1FFF71EFF401B0228F5D9032029
:105BF0002FE1394A136823F0F803616943EAC103CE
:105C00001360DCE7354B00221A60FFF70BFF0546F7
:105C1000314B1B6813F0020FD1D0FFF703FF401B7D
:105C20000228F5D9032014E10120FFF701FF2368C2
:105C300013F0040F00F09680274BDB6913F0805FB0
:105C400034D1254BDA6942F08052DA61DB6903F026
:105C500080530193019B0125214B1B6813F4807F26
:105C600026D0E368012B3DD0002B53D103F18043B4
:105C700003F504331A6A22F001021A621A6A22F04A
:105C800004021A6233E0154B0022C3F88024FFF7A8
:105C9000C9FE0546104B5B6A13F0020FC7D0FFF731
:105CA000C1FE401B0228F5D90320D2E00025D3E72E
:105CB0000B4A136843F480731360FFF7B3FE064684
:105CC000074B1B6813F4807FCBD1FFF7ABFE801B23
:105CD0006428F5D90320BCE00010024000004242D5
:105CE000007000405F4A136A43F001031362E368E7
:105CF00033B3FFF797FE06465A4B1B6A13F0020FA9
:105D00002FD1FFF78FFE801B41F288339842F3D9E1
:105D100003209EE0052B09D0524B1A6A22F00102A3
:105D20001A621A6A22F004021A62E0E74D4B1A6AFC
:105D300042F004021A621A6A42F001021A62D6E7BD
:105D4000FFF770FE0646474B1B6A13F0020F08D0A0
:105D5000FFF768FE801B41F288339842F3D9032095
:105D600077E0E5B9E369002B72D03E4A526802F051
:105D70000C02082A56D0022B17D03B4B00221A6681
:105D8000FFF750FE0446374B1B6813F0007F47D0E7
:105D9000FFF748FE001B0228F5D9032059E0314ADD
:105DA000D36923F08053D361DCE72F4B00221A66BE
:105DB000FFF738FE05462B4B1B6813F0007F06D01B
:105DC000FFF730FE401B0228F5D9032041E0236A8B
:105DD000B3F5803F1AD023494B6823F47413226A29
:105DE000606A024313434B601F4B01221A66FFF7A0
:105DF00019FE04461B4B1B6813F0007F0ED1FFF702
:105E000011FE001B0228F5D9032022E0154A536831
:105E100023F40033A1680B435360DCE7002018E053
:105E2000002016E0012B16D00E4B5B6803F4803186
:105E3000226A914211D103F47013626A93420ED127
:105E4000002006E001207047012002E0012000E070
:105E5000002002B070BD0120FBE70120F9E701201E
:105E6000F7E700BF00100240000042420F4B5B68A2
:105E700003F00C02082A01D00D487047C3F3834297
:105E80000C49885C13F4803F0BD0084B5B68C3F36C
:105E90004043094AD35C064A02FB00F0B0FBF3F032
:105EA0007047064B03FB00F0704700BF0010024034
:105EB00000127A00509200084C92000800093D0040
:105EC000002800F0A08070B50D460446524B1B68B8
:105ED00003F007038B420BD24F4A136823F00703EA
:105EE0000B431360136803F007038B4240F08D806F
:105EF000236813F0020F17D013F0040F04D0474AA1
:105F0000536843F4E0635360236813F0080F04D030
:105F1000424A536843F460535360404A536823F045
:105F2000F003A1680B435360236813F0010F31D0D5
:105F30006368012B20D0022B25D0384A126812F05A
:105F4000020F64D035494A6822F0030213434B60C4
:105F5000FFF768FD0646314B5B6803F00C0362688F
:105F6000B3EB820F16D0FFF75DFD801B41F2883343
:105F70009842F0D9032045E0284A126812F4003F05
:105F8000E0D101203EE0254A126812F0007FD9D10D
:105F9000012037E0204B1B6803F00703AB420AD90E
:105FA0001D4A136823F007032B431360136803F0A3
:105FB0000703AB422DD1236813F0040F06D0174A14
:105FC000536823F4E063E1680B435360236813F0E4
:105FD000080F07D0114A536823F46053216943EA3C
:105FE000C1035360FFF742FF0C4B5B68C3F303131D
:105FF0000B4AD35CD8400B4B18600B4B1868FFF76B
:1060000055FB002070BD012070470120FAE70120F8
:10601000F8E70120F6E700BF002002400010024030
:1060200068920008CC010020C8010020014B1868CC
:10603000704700BFCC01002008B5FFF7F7FF044B05
:106040005B68C3F30223034AD35CD84008BD00BF9A
:10605000001002406092000808B5FFF7E7FF044B0C
:106060005B68C3F3C223034AD35CD84008BD00BFBA
:1060700000100240609200080F2303600B4B5A6827
:1060800002F0030242605A6802F0F00282605A682D
:1060900002F4E062C2605B68DB0803F4E063036162
:1060A000034B1B6803F007030B60704700100240AE
:1060B0000020024070B582B00024A446A1E07E4DCD
:1060C000AB4214D00CD8A5F58015AB420FD005F526
:1060D0007025AB420BD0A5F58015AB4210D106E080
:1060E000764DAB4203D005F58035AB4208D18B68C5
:1060F000002B50D0012B49D04261082400E0CC682D
:10610000BEF1FF0F49D806464FEA8C0233680F25CF
:10611000954023EA050304FA02F2134333604B6807
:1061200013F0805F6BD0664B9A6942F001029A616E
:106130009B6903F001030193019B4FEA9C02951CAC
:10614000604B53F825600CF00305AD000F23AB4006
:1061500026EA03065C4B984226D003F580639842FA
:1061600000F08C8003F58063984200F0898003F58D
:106170008063984216D0042317E0CC680434BFE74C
:10618000CC680834BCE7CC680C34B9E70261082459
:10619000B6E70024B4E70424B2E7061DACF1080218
:1061A0009200B3E7032300E00023AB403343023205
:1061B000444D45F822304B6813F4801F62D0434AA7
:1061C000936843EA0E0393604B6813F4001F5FD09B
:1061D0003E4AD36843EA0E03D3604B6813F4003F92
:1061E0005CD03A4A536843EA0E0353604B6813F499
:1061F000803F59D0354A136843EA0E0313600CF10F
:10620000010C0B6833FA0CF254D0012202FA0CF2A2
:1062100003EA020E32EA0303F1D14B68122B3FF678
:106220004EAF122B3FF66CAF01A555F823F000BF1F
:10623000EF600008FF6000088161000893610008BA
:1062400001610008016100080161000801610008A6
:106250000161000801610008016100080161000896
:106260000161000801610008016100080161000886
:10627000016100087B61000887610008012394E741
:10628000022392E7114A936823EA0E0393609BE787
:106290000E4AD36823EA0E03D3609EE70B4A536885
:1062A00023EA0E035360A1E7084A136823EA0E03AA
:1062B0001360A4E702B070BD00002210000031108E
:1062C00000100240000001400008014000040140AD
:1062D0000AB101617047090401617047002808DBB9
:1062E0000901C9B200F1604000F5614080F8001377
:1062F000704700F00F000901C9B2014B19547047F3
:1063000014ED00E000B500F00700C0F1070CBCF18F
:10631000040F28BF4FF0040C031D062B0FD9C31E1A
:106320004FF0FF3E0EFA0CF021EA000199400EFA00
:1063300003FE22EA0E0241EA02005DF804FB00239C
:10634000EEE70000074AD36823F4E0631B041B0C4C
:10635000000200F4E060034343F0BF6343F4003302
:10636000D360704700ED00E010B50446054BD868D7
:10637000C0F30220FFF7C6FF01462046FFF7AEFF3D
:1063800010BD00BF00ED00E0002807DB00F01F0299
:10639000400901239340024A42F82030704700BF71
:1063A00000E100E003685A6912F4806F01D1002017
:1063B00070476FF480625A6100230363202280F8E3
:1063C0003D2080F83E30026C42F00402026480F806
:1063D0003C30012070472DE9F04106460C46174637
:1063E00098463BE0FFF71EFB069BC01A404502D8CB
:1063F000B8F1000F32D1012D18D033689B6924EA1F
:1064000003039BB2B3FA83F35B099F4226D10023B7
:106410003363202286F83D2086F83E30326C42F00D
:106420002002326486F83C30012027E033685B6943
:1064300024EA03039BB2B3FA83F35B09E5E733680D
:106440005B6924EA030C1FFA8CFCBCFA8CFC4FEA53
:106450005C1C674511D1B8F1FF3FC3D1C4F30745B8
:10646000012DECD033689B6924EA030C1FFA8CFCE5
:10647000BCFA8CFC4FEA5C1CEBE70020BDE8F08125
:106480002DE9F84305460E469046994653E01A68B2
:1064900042F400721A602B686FF480625A61002324
:1064A0002B63202285F83D2085F83E302A6C42F08F
:1064B00004022A6485F83C3001204AE0FFF7B2FA72
:1064C000A0EB0900404502D8B8F1000F33D1012FED
:1064D00017D02B689B6926EA03039BB2003B18BFC9
:1064E000012343B300232B63202285F83D2085F848
:1064F0003E302A6C42F020022A6485F83C300120AC
:1065000027E02B685B6926EA03039BB2003B18BFB8
:106510000123E6E72B689C6926EA0404A4B2003C48
:1065200018BF0124A4B12B685A6912F4806FAED150
:10653000B8F1FF3FC2D1C6F30747012FEAD12B685C
:106540005C6926EA0404A4B2003C18BF0124E9E710
:106550000020BDE8F88370B504460D461646236852
:106560005B6913F0800F21D12046FFF71BFFF8B9BC
:10657000B5F1FF3FF3D0FFF755FA801BA84201D8D1
:10658000002DECD123685B6913F0800FE7D1002365
:106590002363202284F83D2084F83E30226C42F0B0
:1065A0002002226484F83C30012000E0002070BD0D
:1065B0000120FCE72DE9F04385B004460D469146E5
:1065C0001F46DDF830800D9E0368196841F4807124
:1065D00019600096434600224FF00111FFF7FBFEC1
:1065E00060B9236805F0FE051D6133464246264921
:1065F0002046FFF745FF68B1012008E023681B68CB
:1066000013F4807F02D04FF400732364032005B09D
:10661000BDE8F0830023039323685A6903929B69C2
:106620000393039B324641462046FFF794FF30B95F
:10663000012F0FD123685FFA89F61E61E7E7236C0B
:10664000042B01D00120E2E72268136843F40073B1
:106650001360F7E723684FEA19221A613246414670
:106660002046FFF778FF20B923685FFA89F61E619C
:10667000CDE7236C042B01D00120C8E72268136802
:1066800043F400731360F7E7020001002DE9F047BF
:1066900084B004460D46164699460C9FDDF83480BA
:1066A0000268136843F4806313600368196841F457
:1066B00080711960CDF800803B4600224FF0011137
:1066C000FFF789FE70B95FFA85FA236805F0FE05C9
:1066D0001D6143463A4641492046FFF7D1FE68B165
:1066E000012008E023681B6813F4807F02D04FF478
:1066F00000732364032004B0BDE8F08700230393F4
:1067000023685A6903929B690393039B4246394667
:106710002046FFF720FF80B9B9F1010F18D1236897
:10672000F6B21E61424639462046FFF714FF68B3B1
:10673000236C042B24D00120DDE7236C042B01D033
:106740000120D8E72268136843F400731360F7E769
:106750002368320A1A61424639462046FFF7FBFE9B
:1067600018B92368F6B21E61DCE7236C042B01D054
:106770000120C0E72268136843F400731360F7E751
:106780002268136843F400731360D4E72268136827
:1067900043F480731360CDF800803B4600224FF035
:1067A00001112046FFF717FE68B922684AF001037D
:1067B000136143463A4609492046FFF761FE002827
:1067C00099D0012097E723681B6813F4807F02D0DB
:1067D0004FF40073236403208DE700BF0200010023
:1067E00070B504460D46164623685B6913F0040F26
:1067F00021D12046FFF7D6FDF8B9B5F1FF3FF3D020
:10680000FFF710F9801BA84201D8002DECD12368B6
:106810005B6913F0040FE7D100232363202284F87F
:106820003D2084F83E30226C42F02002226484F83D
:106830003C30012000E0002070BD0120FCE770B575
:1068400004460D46164614E06FF010025A6100230C
:106850002363202284F83D2084F83E30226C226499
:1068600084F83C30012025E023685B6913F0400F79
:1068700010D02368586910F0400F1AD1586910F0F1
:10688000100FE1D1FFF7CEF8801BA842ECD8002D05
:10689000EFD1E9E700232363202284F83D2084F828
:1068A0003E30226C42F02002226484F83C30012009
:1068B00000E0002070BD0000002800F0CC8070B522
:1068C000044690F83D30002B77D0242384F83D30E7
:1068D0002268136823F0010313602268136843F4ED
:1068E000004313602268136823F400431360FFF72A
:1068F000A3FB62685A4B9A4264D85A4B98428CBFA9
:1069000000230123002B40F0A8805749A1FB003150
:106910008B0C25686A6822F03F0242EA91426A6065
:1069200021680A6A22F03F0266684D4DAE424FD898
:10693000013313430B622168CA6922F44F4222F0EB
:10694000FF026568464B9D424CD8431E6D00B3FB69
:10695000F5F3013340F6FC70034278D0C3F30B0328
:106960001A43CA6121680B6823F0C003E269206AF8
:10697000024313430B6021688B6823F4034323F025
:10698000FF032269E068024313438B602168CB68F0
:1069900023F0FF036269A06902431343CB602268BE
:1069A000136843F00103136000202064202384F85F
:1069B0003D30206384F83E0070BD80F83C30FEF727
:1069C000E9FC82E7294B98428CBF0023012399E719
:1069D0004FF4967505FB03F3254DA5FB03539B0967
:1069E0000133A6E7A668BEB9431E05EB450CB3FB11
:1069F000FCF30133C3F30B03B3FA83F35B0943BB2B
:106A0000C6B9431E05EB4505B3FBF5F30133C3F3EC
:106A10000B0343F40043A3E7431E05EB850C0CEB8B
:106A20008C0CB3FBFCF30133C3F30B03B3FA83F316
:106A30005B09E4E7431E05EB850505EB8505B3FB24
:106A4000F5F30133C3F30B0343F4404388E7042316
:106A500086E7012384E7012070470120ACE700BFEF
:106A6000A08601007F841E0083DE1B43FF083D00DB
:106A7000D34D62102DE9F04383B004460F46904693
:106A800099460C9EFEF7CEFF054694F83D00C0B235
:106A9000202803D0022003B0BDE8F083009519231D
:106AA00001224B492046FFF796FC002840F08980E0
:106AB00094F83C30012B00F08680012384F83C30B0
:106AC00023681A6812F0010F03D11A6842F001021C
:106AD0001A602268136823F400631360212384F88A
:106AE0003D30402384F83E30002323640A9B6362D8
:106AF000BDF82C306385638D2385364BE3620195A9
:106B000000964B46424639462046FFF753FD002883
:106B10005BD1238D002B35D02A4631462046FFF726
:106B20001AFD20BB626A236812781A61626A531CDC
:106B30006362218D013989B22185638D9BB2013B4E
:106B40009BB263852368586910F0040FE1D00029D7
:106B5000DFD052781A61636A01336362238D013B8F
:106B60002385638D9BB2013B9BB26385D1E7236C88
:106B7000042B01D001208EE72268136843F40073D0
:106B80001360F7E72A4631462046FFF729FE50B149
:106B9000236C042B01D001207DE72268136843F4A5
:106BA00000731360F7E72268136843F400731360FF
:106BB000202384F83D30002384F83E3084F83C30B4
:106BC00069E7022067E7022065E7012063E700BF6D
:106BD000020010000000FFFF2DE9F04389B00446D9
:106BE0000F4690469946129E00230793FEF71AFF20
:106BF000054694F83D00C0B2202804D0022738464C
:106C000009B0BDE8F083009519230122814920468F
:106C1000FFF7E1FB002840F07C8194F83C30012B29
:106C200000F07981012384F83C3023681A6812F05F
:106C3000010F03D11A6842F001021A60226813683A
:106C400023F400631360222384F83D30402384F84A
:106C50003E3000232364109B6362BDF8443063859B
:106C6000638D23856C4BE362019500964B4642464B
:106C700039462046FFF70AFD0746002840F04D81BF
:106C8000238D5BB9039323685A6903929A6903922F
:106C9000039A1A6842F400721A60F2E0012B0FD0D6
:106CA000022B21D02268136843F480631360002311
:106CB000069323685A6906929B690693069BE0E057
:106CC0002268136823F48063136072B60023049370
:106CD00023685A6904929A690492049A1A6842F4E1
:106CE00000721A6062B6CCE02268136843F4006355
:106CF000136072B60023059323685A6905929A6956
:106D00000592059A1A6822F480621A6062B6B8E0A9
:106D10002A4631462046FFF792FD002840F0FF80CA
:106D200023681A69636A1A70636A01336362238D88
:106D3000013B2385638D9BB2013B9BB26385A0E041
:106D400000953346002235492046FFF744FB0028D2
:106D500040F0E9802268136823F48063136072B600
:106D600023681A69636A1A70636A01336362238D48
:106D7000013B2385638D9BB2013B9BB26385284B0E
:106D80001B68DB08274AA2FB03231B0A03EB8303D0
:106D9000C3EBC3030793079B013B0793079B002BA0
:106DA00028D023685A6912F0040FF4D01A6842F40C
:106DB00000721A6023681A69636A1A70636A013381
:106DC0006362238D013B2385638D9BB2013B9BB2A4
:106DD000638562B623681A69636A1A70636A01334D
:106DE0006362238D013B2385638D9BB2013B9BB284
:106DF000638546E02363202284F83D2084F83E30FA
:106E0000226C42F02002226462B684F83C300127F2
:106E1000F5E600BF020010000000FFFF04000100C3
:106E2000CC01002089B5F8142A4631462046FFF7E8
:106E300006FD002879D123681A69636A1A70636AAB
:106E400001336362228D013A92B22285638D9BB237
:106E5000013B9BB263852368596911F0040F10D080
:106E6000032A48D023681A69636A1A70636A013377
:106E70006362238D013B2385638D9BB2013B9BB2F3
:106E80006385238D002B3BD0032BCDD8012B3FF402
:106E90003FAF022B7FF454AF0095334600222449C4
:106EA0002046FFF798FA00283BD172B62268136893
:106EB00043F40073136023681A69636A1A70636A83
:106EC00001336362238D013B2385638D9BB2013BBC
:106ED0009BB2638562B623681A69636A1A70636A33
:106EE00001336362238D013B2385638D9BB2013B9C
:106EF0009BB26385C5E71A6822F480621A60B1E725
:106F0000202384F83D30002384F83E3084F83C3060
:106F100075E6022773E6022771E601276FE601276F
:106F20006DE601276BE6012769E6012767E600BFEA
:106F300004000100026802F10C0353E8003F23F44F
:106F400090730C3242E800310029F3D1026802F15B
:106F5000140353E8003F23F00103143242E80031E8
:106F60000029F3D1036B012B05D0202380F8423098
:106F7000002303637047026802F10C0353E8003FEB
:106F800023F010030C3242E800310029F3D1ECE782
:106F900010B504460268136923F44053C1680B43DB
:106FA000136183680269134342691A430168CB681D
:106FB00023F4B05323F00C031343CB6002685369EE
:106FC00023F4407381690B4353610268134B9A4267
:106FD00020D0FFF731F8024602EB820202EB820278
:106FE00063689B00B2FBF3F20D48A0FB0231490934
:106FF000642303FB11231B013233A0FB03035B0952
:1070000003F0F00202EB011203F00F0321681344B6
:107010008B6010BDFFF720F80246DDE70038014025
:107020001F85EB512DE9F04383B005460E46174608
:107030009946DDF828802B681C6836EA04040CBFEA
:1070400001240024BC4228D1B8F1FF3FF3D0FEF761
:10705000E9FCA0EB0900404523D8B8F1000F22D08D
:107060002B68DA6812F0040FE5D0802EE3D0402EB2
:10707000E1D01A6812F0080FDDD0002401941A68DC
:1070800001925B680193019B2846FFF753FF082399
:107090006B6485F84040012000E0002003B0BDE8AB
:1070A000F0830320FAE70320F8E760B310B5044645
:1070B00090F8413013B3242384F841302268D36818
:1070C00023F40053D3602046FFF762FF2268136960
:1070D00023F4904313612268536923F02A03536118
:1070E0002268D36843F40053D360002060642023F7
:1070F00084F8413084F84230606310BD80F840303D
:10710000FEF7CAF9D7E7012070472DE9F04182B0B8
:107110001E4690F84130DBB2202B56D104460D4676
:107120009046002955D00AB901204FE0002343645E
:10713000212380F84130FEF775FC0746A4F824802F
:10714000A4F82680A368B3F5805F02D04FF0000852
:1071500014E023692BB34FF000080FE0202384F8DC
:107160004130032032E038F8023B2268C3F30803C1
:107170005360E28C92B2013A92B2E284E38C9BB209
:1071800093B100963B46002280212046FFF74AFF3C
:107190000028E3D1002DE6D015F8012B23685A60B2
:1071A000E7E7A8460025E9E700963B460022402194
:1071B0002046FFF737FF18B9202384F8413005E057
:1071C000202384F84130032000E0022002B0BDE813
:1071D000F0810120FAE7704700F1080343604FF0A7
:1071E000FF328260C36003610023036070470023A5
:1071F0000361704743684B609A688A605160996088
:107200000861036801330360704730B40D68B5F15D
:10721000FF3F11D000F108031C465B681A68AA42C0
:10722000FAD963684B6099608C606160086103689B
:107230000133036030BC70470469F2E703694168B9
:1072400082688A60416851605A68824206D0002292
:1072500002611A68013A1A601868704782685A60B9
:10726000F5E710B5044601F015F9A26BE36B9A42FD
:1072700004D0002401F030F9204610BD0124F9E7C4
:1072800010B5044601F006F9A36B23B9012401F0FF
:1072900023F9204610BD0024F9E770B504461546D1
:1072A000866B026C5AB903681BB100200136A663D5
:1072B00070BD806800F0D6FE0023A360F6E76DB9CC
:1072C0004068FAF73BFF6368226C13446360A2686E
:1072D000934219D3236863602846E7E7C068FAF74A
:1072E0002DFFE368226C51429B1AE36022689342AF
:1072F00002D2A3680B44E360022D01D00020D5E741
:1073000026B1013E0020D1E72846CFE70020CDE797
:1073100008B50346026C62B10846D9681144D960C9
:10732000D3F808C0614501D31968D960D968FAF764
:1073300005FF08BD38B5054601F0ACF895F84540A5
:1073400064B201E0013C64B2002C0ADD6B6A43B117
:1073500005F1240000F0DCFD0028F3D000F06CFE05
:10736000F0E7FF2385F8453001F0B6F801F092F818
:1073700095F8444064B201E0013C64B2002C0ADD9F
:107380002B6943B105F1100000F0C2FD0028F3D0D5
:1073900000F052FEF0E7FF2385F8443001F09CF83E
:1073A00038BD38B5E0B10D46044601F073F82368E6
:1073B000E26B216C01FB0230A0600020A0636360DF
:1073C000013A02FB0133E360FF2384F8443084F880
:1073D0004530FDB9236963B901F07EF8012038BD5D
:1073E0004FF0500383F31188BFF36F8FBFF34F8FBC
:1073F000FEE704F1100000F08BFD0028ECD04FF008
:10740000E0234FF08052C3F8042DBFF34F8FBFF33A
:107410006F8FE1E704F11000FFF7DEFE04F12400B6
:10742000FFF7DAFED8E710B5034602980C4631B9EB
:107430000060C36304640121FFF7B3FF10BD026065
:10744000F7E740B94FF0500383F31188BFF36F8F14
:10745000BFF34F8FFEE7F0B583B00D4614460646E6
:1074600001FB00F0483000F0FDFE074650B100235C
:1074700080F846300090234600F148022946304605
:10748000FFF7D1FF384603B0F0BDF0B585B00192EB
:1074900088B10F461D460446B1B1022D20D1E36BE1
:1074A000012B1DD04FF0500383F31188BFF36F8F72
:1074B000BFF34F8FFEE74FF0500383F31188BFF304
:1074C0006F8FBFF34F8FFEE7036C002BE5D04FF0BB
:1074D000500383F31188BFF36F8FBFF34F8FFEE725
:1074E00000F0B0FD064658B9019B002B48D04FF084
:1074F000500383F31188BFF36F8FBFF34F8FFEE705
:1075000000263DE02A4639462046FFF7C6FE636A5C
:107510007BB948B14FF0E0234FF08052C3F8042DFF
:10752000BFF34F8FBFF36F8F00F0D6FF012005B080
:10753000F0BD04F1240000F0EBFC0028F4D04FF083
:10754000E0234FF08052C3F8042DBFF34F8FBFF3F9
:107550006F8FE9E700F0C0FF0020E8E702A800F025
:107560001DFD012619E0002384F8443021E00023AA
:1075700084F8453023E02046FFF7DCFE00F0C2FB34
:1075800000F088FFA26BE36B9A42BBD3022DB9D007
:10759000019B002BDED0002EE0D000F09DFF00F01C
:1075A0001DFB00F077FF94F8442052B2B2F1FF3F88
:1075B000D9D094F8452052B2B2F1FF3FD7D000F0B5
:1075C0008BFF01A902A800F0F5FCD8B92046FFF70F
:1075D00048FE0028CFD0019904F1100000F080FC93
:1075E0002046FFF7A7FE00F08DFB0028C8D14FF022
:1075F000E0234FF08052C3F8042DBFF34F8FBFF349
:107600006F8FBDE72046FFF795FE00F07BFB002063
:107610008DE7F0B585B0019290B10F460446C1B137
:1076200000F010FD064600BB019B002B5ED04FF022
:10763000500383F31188BFF36F8FBFF34F8FFEE7C3
:107640004FF0500383F31188BFF36F8FBFF34F8F59
:10765000FEE7036C002BE3D04FF0500383F3118857
:10766000BFF36F8FBFF34F8FFEE700263EE0394632
:107670002046FFF74DFE013DA563236923B900F0C5
:107680002BFF012005B0F0BD04F1100000F040FC1C
:107690000028F4D04FF0E0234FF08052C3F8042DBF
:1076A000BFF34F8FBFF36F8FE9E700F015FF0020A6
:1076B000E8E702A800F072FC012621E0002384F82C
:1076C000443029E0002384F845302BE02046FFF7C2
:1076D00031FE00F017FB09E02046FFF72BFE00F01B
:1076E00011FB2046FFF7CCFD00283FD100F0D2FE71
:1076F000A56B002DBBD1019B002BD6D0002ED8D07E
:1077000000F0EAFE00F06AFA00F0C4FE94F844309B
:107710005BB2B3F1FF3FD1D094F845305BB2B3F127
:10772000FF3FCFD000F0D8FE01A902A800F042FC34
:107730000028D1D12046FFF7A3FD0028C6D001992B
:1077400004F1240000F0CCFB2046FFF7F3FD00F02D
:10775000D9FA0028CAD14FF0E0234FF08052C3F885
:10776000042DBFF34F8FBFF36F8FBFE7002089E772
:10777000084B1B681B6823B9074B4FF0FF321A6098
:107780007047044B1B68DB68DB685A68024B1A6061
:10779000704700BF740700200C0700202DE9F04758
:1077A00007469846089DDDF824900A9C266B02F156
:1077B0008042013A06EB820626F00706C1B308466E
:1077C0004FF0000CBCF10F0F09D810F80C2004EB9F
:1077D0000C0383F8342012B10CF1010CF2E7002302
:1077E00084F84330062D00D90625E56265644FF024
:1077F000000AC4F848A0201DFFF7F9FC04F11800A6
:10780000FFF7F5FC2461C5F10705A5616462C4F8C2
:107810004CA084F850A042463946304600F012FE93
:107820002060B9F1000F01D0C9F80040BDE8F08731
:10783000002384F83430D5E738B5002407E004EBA2
:10784000840293000E481844FFF7C6FC0134062C4E
:10785000F5D90C4D2846FFF7BFFC0B4C2046FFF72F
:10786000BBFC0A48FFF7B8FC0948FFF7B5FC09481C
:10787000FFF7B2FC084B1D60084B1C6038BD00BF11
:10788000A00700208C070020780700205C0700205C
:1078900048070020300700207407002070070020F0
:1078A00010B5044600F0F6FD214A13680133136059
:1078B000204B1B685BB1204B1B686BB91D4B1B68D1
:1078C000DA6AE36A9A4207D81A4B1C6004E0194B43
:1078D0001C601368012B28D0184A13680133136009
:1078E000E06A01238340164A11680B43136000EBE2
:1078F0008000211D134B03EB8000FFF77BFC00F0A1
:10790000EBFD0D4B1B687BB10A4B1B68DA6AE36A1F
:107910009A4209D24FF0E0234FF08052C3F8042D71
:10792000BFF34F8FBFF36F8F10BDFFF785FFD3E716
:107930002C0700202C080020200700201007002022
:1079400024070020A007002010B5044690F851300D
:1079500063B1012B11D0022B0ED04FF0500383F3F3
:107960001188BFF36F8FBFF34F8FFEE7006B00F0FE
:10797000FBFC204600F0F8FC10BD00F0F5FCFBE736
:107980000F4B1B68D3B110B500F084FD0D4BDB68C5
:10799000DC68201DFFF752FC0B4A1368013B1360A3
:1079A000074A1368013B136000F096FD2046FFF77D
:1079B000CBFF034B1B68002BE6D110BD704700BF07
:1079C00044070020480700202C07002008B5FFF7D7
:1079D000D7FF074B1B68012BF9D94FF0E0234FF07D
:1079E0008052C3F8042DBFF34F8FBFF36F8FEEE7C4
:1079F000A007002070B504460D461D4B1E681D4BA8
:107A000018680430FFF71AFC48B91A4B1B68DB6A88
:107A100001229A4018490B6823EA02030B60B4F173
:107A2000FF3F0DD03444134B1B685C60A64210D955
:107A3000124B18680F4B19680431FFF7E6FB70BD55
:107A4000002DEFD00B4B196804310D48FFF7D2FB26
:107A5000F5E70C4B1868074B19680431FFF7D5FBA5
:107A6000094B1B68A342EAD9074B1C60E7E700BF3C
:107A7000280700202C080020240700207007002081
:107A800030070020740700200C07002030B587B0B5
:107A90000B9C7CB10C9DB5B154250495049D542DCF
:107AA0001AD04FF0500383F31188BFF36F8FBFF3E9
:107AB0004F8FFEE74FF0500383F31188BFF36F8FB2
:107AC000BFF34F8FFEE74FF0500383F31188BFF3EE
:107AD0006F8FBFF34F8FFEE7049D0C9D2C63022434
:107AE00085F8514000240394029505AC01940A9C4A
:107AF0000094FFF753FE0C98FFF7D2FE059807B0ED
:107B000030BD2DE9F04385B00746884614461E4631
:107B1000900000F0A7FB08B38146542000F0A2FBC0
:107B20000546A8B1C0F83090002380F85130039387
:107B300002900D9B01930C9B0093334622464146D5
:107B40003846FFF72BFE2846FFF7AAFE012007E084
:107B5000484600F009FC4FF0FF3001E04FF0FF30E5
:107B600005B0BDE8F083000010B588B0002405948E
:107B7000069407AA06A905A8FDF776FB059B0293C4
:107B8000069B019300942346079A0E490E48FFF77F
:107B90007DFF0E4B186090B14FF0500383F31188B6
:107BA000BFF36F8FBFF34F8F094B4FF0FF321A6057
:107BB000084B01221A60084B1C6000F0F5FC08B06D
:107BC00010BD00BF98900008CD790008080700207C
:107BD0000C0700202007002028070020024A136815
:107BE00001331360704700BF04070020F8B53A4B1B
:107BF0001B68002B69D1394B1D6801351D60C5B963
:107C0000374B1B681B6843B14FF0500383F3118857
:107C1000BFF36F8FBFF34F8FFEE7314A1168314BCF
:107C2000186810601960304A136801331360FFF759
:107C30009FFD2E4B1B68AB423DD900272C4B1B6888
:107C4000DB6A03EB83039A002A4B9B58012B00D974
:107C50000127294B1B68002B3CD001273AE0012764
:107C60001F4B1B681B6843B31D4B1B68DB68DC683C
:107C700063689D4226D3261D3046FFF7DFFAA36ACC
:107C80001BB104F11800FFF7D9FAE36A01229A4008
:107C90001A49086802430A6003EB83039A003146DD
:107CA00014481044FFF7A6FAE26A114B1B68DB6A1E
:107CB0009A42D4D2D4E70027D2E70C4B4FF0FF32E0
:107CC0001A60BBE7094A1360B8E70D4A136801332D
:107CD000136000273846F8BD04070020280700205D
:107CE0007407002070070020140700200C070020F4
:107CF0002C080020A00700201807002024070020DF
:107D00001C07002038B5354B1B6843B94FF05003B2
:107D100083F31188BFF36F8FBFF34F8FFEE700F03F
:107D2000B9FB2E4B1A68013A1A601B68002B4FD121
:107D30002B4B1B680BB900244BE00024294B1B681C
:107D40001BB3284BDB68DC6804F11800FFF776FAF8
:107D5000251D2846FFF772FAE06A01238340224A74
:107D600011680B43136000EB800029461F4B03EBA7
:107D70008000FFF73FFAE26A1D4B1B68DB6A9A42FC
:107D8000DCD31C4B01221A60D8E70CB1FFF7F0FCE2
:107D9000194B1C6884B9174B1C68D4B14FF0E02311
:107DA0004FF08052C3F8042DBFF34F8FBFF36F8F96
:107DB00001240EE0013C07D0FFF718FF0028F9D09E
:107DC0000C4B01221A60F5E70B4B00221A60E2E728
:107DD000002400F081FB204638BD00BF04070020CE
:107DE0002C0700205C07002024070020A0070020AB
:107DF0002C080020180700201C07002010B5A8B18F
:107E00000446104B1B6843B14FF0500383F31188B5
:107E1000BFF36F8FBFF34F8FFEE7FFF7DFFE002149
:107E20002046FFF7E7FDFFF76DFF48B94FF0E0236D
:107E30004FF08052C3F8042DBFF34F8FBFF36F8F05
:107E400010BD00BF04070020204B1B681BB1204B56
:107E500001221A6070471E4B00221A601D4B1B68DE
:107E6000B3FA83F3DBB2C3F11F0303EB83018A0090
:107E700019498A5842B94FF0500383F31188BFF370
:107E80006F8FBFF34F8FFEE7134803EB83018A0028
:107E9000024451684968516003EB830C4FEA8C023D
:107EA00008320244914209D003EB83039A000A4B43
:107EB00013445B68DA68094B1A6070474868624689
:107EC0009100054A0A445060EEE700BF0407002015
:107ED0001807002024070020A00700202C080020FD
:107EE00058B110B50C46094A11681831FFF78DF9E1
:107EF00001212046FFF77EFD10BD4FF0500383F3B4
:107F00001188BFF36F8FBFF34F8FFEE72C0800205F
:107F100038B5C368DC6824B304F118052846FFF7B8
:107F20008DF9184B1B682BBB251D2846FFF786F9DA
:107F3000E06A01238340144A11680B43136000EB8D
:107F400080002946114B03EB8000FFF753F9E26AEA
:107F50000F4B1B68DB6A9A4211D901200D4B186048
:107F600038BD4FF0500383F31188BFF36F8FBFF319
:107F70004F8FFEE729460848FFF73CF9E7E7002066
:107F8000EEE700BF0407002024070020A007002020
:107F90002C080020180700205C070020034B1B68FA
:107FA0000360034B1B684360704700BF1407002049
:107FB00028070020D8B170B50C46054601B300F083
:107FC00069FA1B4B19686B68C81A2268B2F1FF3F47
:107FD00027D0184E3668D5F800C0B44501D08B4282
:107FE00024D9824215D80023236001241AE04FF0DF
:107FF000500383F31188BFF36F8FBFF34F8FFEE7FA
:108000004FF0500383F31188BFF36F8FBFF34F8F8F
:10801000FEE75B1A134423602846FFF7BFFF0024E6
:1080200000E0002400F058FA204670BD0124F9E772
:108030002807002014070020014B01221A60704716
:1080400018070020054B1B6833B1054B1B680BB1AB
:108050000020704702207047012070472007002051
:108060000407002000284BD038B50446264B1B6877
:10807000834208D04FF0500383F31188BFF36F8F12
:10808000BFF34F8FFEE7836C43B94FF0500383F388
:108090001188BFF36F8FBFF34F8FFEE7013B8364FF
:1080A000C16A426C91422DD00BB1002038BD051D34
:1080B0002846FFF7C3F868B9E36A03EB830292002E
:1080C00012498A5832B901229A4011490B6823EAB1
:1080D00002030B60606CE062C0F10703A36101243E
:1080E00004FA00F30A4A11680B43136000EB8000A6
:1080F0002946064B03EB8000FFF77CF82046D5E7C6
:10810000002070470020D1E72C080020A0070020A5
:1081100024070020842801D00330704700207047D6
:1081200008B5FFF721FD002008BD2DE9F04387B019
:108130000E464469C4B18569B5B14768D0F800807E
:10814000D0F81090B0F90800FFF7E4FF0295019411
:10815000009033464A4641463846FFF797FC059063
:10816000059807B0BDE8F083446805680769B0F971
:108170000800FFF7CFFF05AB019300903346BAB27A
:1081800029462046FFF7BDFC0128E9D00020E8E79A
:1081900008B500B90120FFF731FE002008BD00003E
:1081A000124A12F0070F1ED0D11D21F00701C1F5B0
:1081B000705313440A460E48026000214160134484
:1081C000083B23F007030B48036059601960991AB4
:1081D00051601360084B1960084B1960084B4FF051
:1081E00000421A6070474FF47053E4E750080020D3
:1081F00048080020440800203C08002040080020D7
:1082000030080020154B1A461B688342FBD3516887
:1082100002EB010C844509D0416800EB010C634579
:1082200009D00360904218D0106070474068014444
:1082300051601046F0E710B4094C2468A3420AD0FC
:108240005B681944416013681B680360904200D06A
:10825000106010BC70470460F8E7704748080020C1
:108260004408002038B50446FFF7B8FC384B1B68BB
:10827000B3B1384B1B681C4250D1002C50D004F1D4
:10828000080214F0070F02D022F007020832002A79
:1082900055D0314B1B68934253D330490C6804E0EE
:1082A000FFF77EFFE5E721461C466368934202D252
:1082B0002368002BF7D1264B1B68A34243D00D68DF
:1082C000083523680B6063689B1A102B10D9A0181F
:1082D00010F0070F08D04FF0500383F31188BFF35D
:1082E0006F8FBFF34F8FFEE743606260FFF78AFF37
:1082F000626819490B689B1A0B60194909688B421F
:1083000001D217490B60134B1B68134363600023B2
:108310002360144A13680133136002E0002500E073
:108320000025FFF7EFFC15F0070F0ED04FF05003BC
:1083300083F31188BFF36F8FBFF34F8FFEE70025E4
:10834000EFE70025EDE70025EBE7284638BD00BF45
:108350004408002030080020400800204808002081
:108360003C08002038080020002834D038B50446E6
:10837000A0F1080550F8043C174A1268134208D1CE
:108380004FF0500383F31188BFF36F8FBFF34F8F0C
:10839000FEE750F8081C41B14FF0500383F31188F9
:1083A000BFF36F8FBFF34F8FFEE723EA020340F85E
:1083B000043CFFF713FC54F8041C084A13680B44F0
:1083C00013602846FFF71EFF054A13680133136048
:1083D000FFF798FC38BD70473008002040080020A7
:1083E0003408002082B0002301930D4B1B68B3F1C9
:1083F000FF3F08D04FF0500383F31188BFF36F8F16
:10840000BFF34F8FFEE74FF0500383F31188BFF3A4
:108410006F8FBFF34F8F019B002BFCD002B07047D2
:10842000D001002006480068006880F3088862B622
:1084300061B6BFF34F8FBFF36F8F00DF00BF000047
:1084400008ED00E04FF0807340F8043C21F001019A
:1084500040F8081C034B40F80C3C40F8202C4038F6
:10846000704700BFE5830008000000000000000026
:10847000074B19680868B0E8F00F80F30988BFF36C
:108480006F8F4FF0000080F311884EF00D0E704793
:108490002C0800204FF0500383F31188BFF36F8F37
:1084A000BFF34F8F0B4A136801331360012B00D0C9
:1084B00070474FF0E023D3F8043D13F0FF0FF7D0DF
:1084C0004FF0500383F31188BFF36F8FBFF34F8FCB
:1084D000FEE700BFD0010020094B1B6843B94FF0F5
:1084E000500383F31188BFF36F8FBFF34F8FFEE705
:1084F000013B034A13600BB983F31188704700BF37
:10850000D00100200000000000000000000000007A
:10851000EFF30980BFF36F8F0D4B1A6820E9F00F5E
:1085200010602DE908404FF0500080F31188FFF7EC
:108530008BFC4FF0000080F31188BDE808401968FB
:108540000868B0E8F00F80F30988BFF36F8F7047B9
:108550002C08002008B54FF0500383F31188BFF3B7
:108560006F8FBFF34F8FFFF741FB28B14FF0E02330
:108570004FF08052C3F8042D002383F3118808BD07
:108580004FF0E022002313619361054B1B680549FE
:10859000A1FB03139B09013B536107231361704740
:1085A000CC010020D34D621010B582B02A4B1A784E
:1085B000D2B20192FF221A701B78DBB28DF8033021
:1085C0009DF8033003F05003244A1370244B072214
:1085D0001A6009E0224A1368013B13609DF80330DA
:1085E0005B00DBB28DF803309DF8033013F0800F91
:1085F000F0D11B4B1B68032B08D04FF0500383F3C3
:108600001188BFF36F8FBFF34F8FFEE71B02144A31
:10861000136003F4E0631360019BDBB20E4A137036
:108620004FF0E023D3F8202D42F47002C3F8202D40
:10863000D3F8202D42F07042C3F8202DFFF7A0FFA1
:108640000024084B1C60FFF7EDFEFFF7FDFBFFF772
:10865000C9FE204602B010BD00E400E054440020F2
:1086600050440020D001002010B503460C4A0D49AB
:108670000D48006840B10C4800680344521A934208
:1086800006D8094A136010BD0748084C0460F2E799
:10869000F8F752F80C2303604FF0FF30F3E700BF08
:1086A00000500020000400005844002088440020AE
:1086B0000120704708B5F8F73FF8162303604FF024
:1086C000FF3008BD08B54FF0FF31FFF7F3FFFEE7BD
:1086D00070B50C461646002506E0AFF30080214633
:1086E00001F8010B01350C46B542F6DB304670BD92
:1086F0004FF0FF3070474FF400534B60002070473D
:10870000012070470020704710B58CB0374B384CB3
:108710001C6004225A6000229A60DA604FF4402103
:1087200019614FF4801159611A765A769A76DA7681
:108730001A7701225A772F48F7F7C8FD2E4BDA69CE
:1087400042F00072DA61DB6903F000730193019B70
:10875000236823F0020323604FF6FF7300E0134603
:10876000234A526812F0020F02D05A1E002BF6D193
:108770001F4B5B6813F0020F23D020492048FAF703
:108780001FF81A4800F098F8E8B91E48F7F79EFD60
:10879000164800F091F8E0B9144800F08DF8F0B9EF
:1087A00000230793089301220992029303930493F1
:1087B000059306930A9202A90C4800F023F90CB025
:1087C00010BD1149DAE71148F7F780FDFCF73CFCD2
:1087D000DBE70E48F7F77AFDFCF736FCDCE70B48E1
:1087E000F7F774FDFCF730FCDAE700BF5C440020CB
:1087F00000640040AC90000800100240A090000807
:10880000D890000800910008A8900008F090000897
:1088100010B588B00023049305930693079302686C
:10882000224B9A4201D008B010BD03F5D633DA6965
:1088300022F40002DA619A6942F008029A619A69A8
:1088400002F008020192019ADA6942F00072DA61DC
:10885000DA6902F000720292029A9A6942F0010209
:108860009A619B6903F001030393039B104A5368C9
:1088700023F4C04343F0E06343F4804353604FF478
:10888000807304930023059306930A4C04A92046A1
:10889000FDF710FC4FF400730493022305930323A8
:1088A000079304A92046FDF705FCBCE700640040DF
:1088B00000000140000C0140002800F0A18038B504
:1088C000044690F82030D3B12268136843F00103C6
:1088D0001360FDF7A7F8054623685A6812F0010FE8
:1088E00010D1FDF79FF8401B0A28F5D9636A43F4BD
:1088F00000336362052384F82030012038BDFFF780
:1089000087FFE1E71A6822F002021A60FDF78AF891
:10891000054623685A6812F0020F0DD0FDF782F861
:10892000401B0A28F5D9636A43F4003363620523C8
:1089300084F820300120E1E7227E012A3DD01A6828
:1089400022F080021A60637E012B3BD022681368FC
:1089500023F040031360A37E012B39D022681368F3
:1089600023F020031360E37E012B37D022681368C5
:1089700043F010031360237F012B35D02268136866
:1089800023F008031360637F012B33D02268136840
:1089900023F004031360A368E268134322691343BE
:1089A000626913436268013A21681343CB61002076
:1089B0006062012384F82030A0E71A6842F0800248
:1089C0001A60C0E72268136843F040031360C2E7EF
:1089D0002268136843F020031360C4E72268136819
:1089E00023F010031360C6E72268136843F00803FE
:1089F0001360C8E72268136843F004031360CAE7F2
:108A000001207047026890F82030013BDBB2012B57
:108A100005D9436A43F4802343620120704710B5AF
:108A2000D2F8003243F00103C2F800324B6903F080
:108A30001F03012000FA03F3D2F81C026FEA030CB3
:108A400020EA0300C2F81C02C869C0B9D2F80C02BF
:108A50000CEA0000C2F80C028C884869D1F80CE0DE
:108A600044EA0E44483042F830400C884869D1F856
:108A700008E044EA0E44483002EBC0004460C86994
:108A800001281AD0886988BBD2F804020CEA0000D9
:108A9000C2F80402086978BBD2F814020CEA00009C
:108AA000C2F81402096A01292CD0D2F8003223F04E
:108AB0000103C2F80032002010BDD2F80C021843A6
:108AC000C2F80C028C884869D1F800E044EA0E44F0
:108AD000483042F830408C894869D1F808E044EACF
:108AE0000E44483002EBC0004460CBE7D2F80402E9
:108AF0001843C2F80402CDE7D2F814021843C2F8B2
:108B00001402CFE7D2F81C120B43C2F81C32CCE798
:108B100070B5044690F82050EDB2012D06D0436A9E
:108B200043F4002343620125284670BD022380F8E8
:108B300020300268136823F001031360FCF772FF12
:108B4000064623685B6813F0010F0CD0FCF76AFF40
:108B5000831B0A2BF5D9636A43F400336362052350
:108B600084F82030E0E700256562DDE730B590F855
:108B700020C00468A4680CF1FF3C5FFA8CFCBCF1D7
:108B8000010F62D814F0E05F59D0C4F3016C0124E6
:108B900004FA0CF41C608B68002B3DD10D68CB6887
:108BA000046843EA45550CF118031B01E5500368BE
:108BB0000C690CF1180E03EB0E135C600B7D012B9E
:108BC00035D0D17993791B0443EA0163517943EAA3
:108BD000012314790168234301EB0C11C1F88C3196
:108BE000D17893781B0443EA0163517843EA012367
:108BF000117802680B4302EB0C12C2F8883102684C
:108C00000CF1180C4FEA0C1C52F80C3043F0010325
:108C100042F80C3000201DE04C6843EAC403CC68E5
:108C200023430CF11804240105682B51BFE70368A6
:108C300003EB0E13596841F480715960C1E7436A30
:108C400043F400134362012004E0436A43F48023A9
:108C50004362012030BD90F82030013BDBB2012B94
:108C600001D9002070470368986810F0806000D038
:108C700001209A6812F0006F00D001309B6813F059
:108C8000805FEFD001307047FEF7A5FA0B480C4922
:108C90000C4A002302E0D458C4500433C4188C4258
:108CA000F9D3094A094C002301E013600432A242BF
:108CB000FBD3F7F79FFAFCF7FBF9704700000020A1
:108CC000D401002088920008D401002084440020B0
:108CD000FEE70000F8B500BFF8BC08BC9E46704730
:0C8CE000F8B500BFF8BC08BC9E46704709
:108CF000249000088D5100080000000000000000D2
:108D00000001000000000000000000001C900008AE
:108D1000E551000800000000000000000001000014
:108D20000000000000000000149000082952000814
:108D30000000000000000000000200000000000031
:108D40000000000000000000050000001900000005
:108D50007D00000000000000000000000000F03F67
:108D60000000000000002440000000000000594006
:108D70000000000000408F40000000000088C34059
:108D800000000000006AF8400000000080842E41CE
:108D900000000000D01263410000000084D797411A
:108DA0000000000065CDCD41000000205FA0024220
:108DB000000000E876483742000000A2941A6D4295
:108DC000000040E59C30A2420000901EC4BCD64288
:108DD00000003426F56B0C430080E03779C3414333
:108DE00000A0D8855734764300C84E676DC1AB43A9
:108DF000003D9160E458E143408CB5781DAF1544C7
:108E000050EFE2D6E41A4B4492D54D06CFF08044A1
:108E1000F64AE1C7022DB544B49DD9794378EA44B6
:108E2000BC89D897B2D29C3C33A7A8D523F6493940
:108E30003DA7F444FD0FA5329D978CCF08BA5B2562
:108E4000436FAC642806C80A0080E03779C3414309
:108E5000176E05B5B5B89346F5F93FE9034F384DA0
:108E6000321D30F94877825A3CBF737FDD4F15754C
:108E700000202020202020202020282828282820EA
:108E800020202020202020202020202020202020E2
:108E9000208810101010101010101010101010104A
:108EA000100404040404040404040410101010103A
:108EB0001010414141414141010101010101010104
:108EC0000101010101010101010101011010101056
:108ED00010104242424242420202020202020202D6
:108EE000020202020202020202020202101010102A
:108EF0002000000000000000000000000000000052
:108F00000000000000000000000000000000000061
:108F10000000000000000000000000000000000051
:108F20000000000000000000000000000000000041
:108F30000000000000000000000000000000000031
:108F40000000000000000000000000000000000021
:108F50000000000000000000000000000000000011
:108F60000000000000000000000000000000000001
:108F7000000000000000803F6042A20D0D0A3D3D50
:108F80003D2053495354454D4120494E49434941A1
:108F9000444F203D3D3D0D0043414E2073746172AE
:108FA000746564204F4B0D0043414E207374617211
:108FB00074204552524F520D000000004672656504
:108FC00052544F5320696E6974204F4B0D000000BE
:108FD00041637175697265207461736B207374618C
:108FE000727465640D0000005061636B61676520F9
:108FF0007461736B20737461727465640D0000009A
:10900000547843414E207461736B207374617274A1
:1090100065640D00747843414E0000007061636B1D
:109020006167650061637175697265005B43414EFC
:109030002053454E445D2049443D30782530335817
:109040002020444C433D25642020444154413D258B
:1090500030325820253032582025303258202530E3
:109060003258202028252E3366290D0A00000000E2
:109070005B43414E2054585D204552524F5220616F
:109080006C20656E766961722049443D30782530E8
:1090900033580D0A0000000049444C450000000010
:1090A00046414C4CC39300004F4B0000496E69632E
:1090B00069616E646F2073656375656E63696120B5
:1090C0006465206465737065727461722043414EFB
:1090D0002E2E2E0D0000000053616C696461206427
:1090E0006520536C6565703A2025730D0A000000F9
:1090F0004552524F522043414E20494E49540D0093
:1091000043414E20494E495420657869746F736F0E
:10911000210D0000494E4600696E66004E414E002A
:109120006E616E0030000000496E66696E69747988
:10913000000000004E614E005245454E54206D61C6
:109140006C6C6F63207375636365656465640000B0
:109150002E2E2F2E2E2F2E2E2F2E2E2F2E2E2F2E2A
:109160002E2F6E65776C69622F6C6962632F737442
:10917000646C69622F64746F612E630042616C6C71
:109180006F63207375636365656465640000000048
:10919000303132333435363738394142434445462D
:1091A00000000000303132333435363738396162EF
:1091B0006364656600000000232D302B2000000052
:1091C000686C4C0065666745464700002C20667554
:1091D0006E6374696F6E3A200000000061737365FE
:1091E0007274696F6E2022257322206661696C6536
:1091F000643A2066696C6520222573222C206C69F4
:109200006E65202564257325730A00002E2E2F2EEF
:109210002E2F2E2E2F2E2E2F2E2E2F2E2E2F6E65F2
:10922000776C69622F6C6962632F7374646C696216
:109230002F6D707265632E63000000004300000014
:10924000504F5349580000002E000000010200005A
:1092500002030405060708090A0B0C0D0E0F101077
:1092600000000000010203040000000000000000F4
:089270000102030406070809CE
:08927800C48EFF7F010000001D
:049280007901000868
:04928400510100088C
:109288000000000003000000F00100201000002092
:1092980000000000F001002058020020C002002059
:1092A80000000000000000000000000000000000B6
:1092B80000000000000000000000000000000000A6
:1092C8000000000000000000000000000000000096
:1092D8000000000000000000000000004300000043
:1092E8000000000000000000000000000000000076
:1092F8000000000000000000000000004300000023
:109308000000000000000000000000000000000055
:109318000000000000000000000000004300000002
:109328000000000000000000000000000000000035
:1093380000000000000000000000000043000000E2
:109348000000000000000000000000000000000015
:1093580000000000000000000000000043000000C2
:1093680000000000000000000000000000000000F5
:1093780000000000000000000000000043000000A2
:1093880000000000000000000000000000000000D5
:109398000000000000000000000000004300000082
:1093A80000000000000000000000000000000000B5
:1093B800000000000000000000000000D53B00088D
:1093C800693D000800000000708E000848920008FF
:1093D8006C9000086C9000086C9000086C90000875
:1093E8006C9000086C9000086C9000086C90000865
:1093F8006C900008FFFFFFFFFFFFFFFFFFFFFFFF6D
:10940800FFFF0000010041534349490000000000EC
:109418000000000000000000000000000000000044
:1094280000000000000041534349490000000000CB
:109438000000000000000000000000000000000024
:1094480000000000000000001000000000127A0078
:04945800AAAAAAAA68
:0400000508008C89DA
:00000001FF
