:020000040800F2
:1000000000500020657700083514000837140008F8
:10001000391400083B1400083D14000800000000DB
:1000200000000000000000000000000071740008E3
:100030003F14000800000000117500085575000805
:10004000AD770008AD770008AD770008AD77000800
:10005000AD770008AD770008AD770008AD770008F0
:10006000AD770008AD770008AD770008AD770008E0
:10007000AD770008AD770008AD770008AD770008D0
:10008000AD770008AD770008AD770008AD770008C0
:1000900051140008AD770008AD770008AD7700086F
:1000A000AD770008AD770008AD770008AD770008A0
:1000B00041140008AD770008AD770008AD7700085F
:1000C000AD770008AD770008AD770008AD77000880
:1000D000AD770008AD770008AD770008AD77000870
:1000E000AD770008AD770008AD770008000000008C
:1000F0000000000000000000000000000000000000
:0C01000000000000000000005FF808F1A3
:1001100010B5054C237833B9044B13B10448AFF341
:1001200000800123237010BDF801002000000000B2
:10013000E4A6000808B5034B1BB103490348AFF31D
:10014000008008BD00000000FC010020E4A60008BB
:10015000034613F8012B002AFBD1181A0138704707
:1001600081F0004102E000BF83F0004330B54FEA68
:1001700041044FEA430594EA050F08BF90EA020FD5
:100180001FBF54EA000C55EA020C7FEA645C7FEA68
:10019000655C00F0E2804FEA5454D4EB5555B8BF8B
:1001A0006D420CDD2C4480EA020281EA030382EAFC
:1001B000000083EA010180EA020281EA0303362D8E
:1001C00088BF30BD11F0004F4FEA01314FF4801C61
:1001D0004CEA113102D0404261EB410113F0004F73
:1001E0004FEA03334CEA133302D0524263EB43032A
:1001F00094EA050F00F0A780A4F10104D5F1200EC8
:100200000DDB02FA0EFC22FA05F2801841F1000122
:1002100003FA0EF2801843FA05F359410EE0A5F1F6
:1002200020050EF1200E012A03FA0EFC28BF4CF027
:10023000020C43FA05F3C01851EBE37101F00045DD
:1002400007D54FF0000EDCF1000C7EEB00006EEBEA
:100250000101B1F5801F1BD3B1F5001F0CD3490874
:100260005FEA30004FEA3C0C04F101044FEA4452CB
:1002700012F5800F80F09A80BCF1004F08BF5FEA52
:10028000500C50F1000041EB045141EA050130BD32
:100290005FEA4C0C404141EB0101013C28BFB1F544
:1002A000801FE9D291F0000F04BF01460020B1FA8F
:1002B00081F308BF2033A3F10B03B3F120020CDA62
:1002C0000C3208DD02F1140CC2F10C0201FA0CF040
:1002D00021FA02F10CE002F11402D8BFC2F1200CA5
:1002E00001FA02F120FA0CFCDCBF41EA0C0190405B
:1002F000E41AA2BF01EB0451294330BD6FEA0404A4
:100300001F3C1CDA0C340EDC04F11404C4F120028E
:1003100020FA04F001FA02F340EA030021FA04F3A0
:1003200045EA030130BDC4F10C04C4F1200220FAF7
:1003300002F001FA04F340EA0300294630BD21FA35
:1003400004F0294630BD94F0000F83F4801306BFFB
:1003500081F480110134013D4EE77FEA645C18BFEF
:100360007FEA655C29D094EA050F08BF90EA020F86
:1003700005D054EA000C04BF1946104630BD91EA7E
:10038000030F1EBF0021002030BD5FEA545C05D181
:100390004000494128BF41F0004130BD14F58004C0
:1003A0003CBF01F5801130BD01F0004545F0FE4134
:1003B00041F470014FF0000030BD7FEA645C1ABF69
:1003C000194610467FEA655C1CBF0B46024650EAA0
:1003D000013406BF52EA033591EA030F41F40021CC
:1003E00030BD00BF90F0000F04BF0021704730B552
:1003F0004FF4806404F132044FF000054FF0000127
:1004000050E700BF90F0000F04BF0021704730B5E7
:100410004FF4806404F1320410F0004548BF4042BC
:100420004FF000013EE700BF42004FEAE2014FEA11
:1004300031014FEA02701FBF12F07F4393F07F4FEC
:1004400081F06051704732F07F4208BF704793F0EF
:100450007F4F04BF41F40021704730B54FF4607402
:1004600001F0004521F000411CE700BF50EA010205
:1004700008BF704730B54FF000050AE050EA0102AE
:1004800008BF704730B511F0004502D5404261EB1E
:1004900041014FF4806404F132045FEA915C3FF45F
:1004A000D8AE4FF003025FEADC0C18BF03325FEAFC
:1004B000DC0C18BF033202EBDC02C2F1200300FAAD
:1004C00003FC20FA02F001FA03FE40EA0E0021FAD2
:1004D00002F11444BDE600BF70B54FF0FF0C4CF4C0
:1004E000E06C1CEA11541DBF1CEA135594EA0C0F72
:1004F00095EA0C0F00F0DEF82C4481EA030621EAAD
:100500004C5123EA4C5350EA013518BF52EA0335E7
:1005100041F4801143F4801338D0A0FB02CE4FF099
:100520000005E1FB02E506F00042E0FB03E54FF0C9
:100530000006E1FB03569CF0000F18BF4EF0010EC1
:10054000A4F1FF04B6F5007F64F5407404D25FEABD
:100550004E0E6D4146EB060642EAC62141EA555170
:100560004FEAC52040EA5E504FEACE2EB4F1FD0CB2
:1005700088BFBCF5E06F1ED8BEF1004F08BF5FEA30
:10058000500E50F1000041EB045170BD06F00046E2
:1005900046EA010140EA020081EA0301B4EB5C048F
:1005A000C2BFD4EB0C0541EA045170BD41F4801187
:1005B0004FF0000E013C00F3AB8014F1360FDEBFAC
:1005C000002001F0004170BDC4F10004203C35DA88
:1005D0000C341BDC04F11404C4F1200500FA05F30B
:1005E00020FA04F001FA05F240EA020001F00042AC
:1005F00021F0004110EBD37021FA04F642EB060122
:100600005EEA430E08BF20EAD37070BDC4F10C044B
:10061000C4F1200500FA04F320FA05F001FA04F20F
:1006200040EA020001F0004110EBD37041F10001FB
:100630005EEA430E08BF20EAD37070BDC4F1200506
:1006400000FA05F24EEA020E20FA04F301FA05F26E
:1006500043EA020321FA04F001F0004121FA04F216
:1006600020EA020000EBD3705EEA430E08BF20EAE6
:10067000D37070BD94F0000F0FD101F00046400020
:1006800041EB010111F4801F08BF013CF7D041EAA2
:10069000060195F0000F18BF704703F000465200A6
:1006A00043EB030313F4801F08BF013DF7D043EA77
:1006B0000603704794EA0C0F0CEA135518BF95EA2D
:1006C0000C0F0CD050EA410618BF52EA4306D1D1B4
:1006D00081EA030101F000414FF0000070BD50EAD3
:1006E000410606BF1046194652EA430619D094EA5D
:1006F0000C0F02D150EA013613D195EA0C0F05D147
:1007000052EA03361CBF104619460AD181EA03019A
:1007100001F0004141F0FE4141F470014FF0000052
:1007200070BD41F0FE4141F4780170BD70B54FF0ED
:10073000FF0C4CF4E06C1CEA11541DBF1CEA13556D
:1007400094EA0C0F95EA0C0F00F0A7F8A4EB05044F
:1007500081EA030E52EA03354FEA013100F0888046
:100760004FEA03334FF0805545EA131343EA12630F
:100770004FEA022245EA111545EA10654FEA0026C4
:100780000EF000419D4208BF964244F1FD0404F57D
:10079000407402D25B084FEA3202B61A65EB0305D9
:1007A0005B084FEA32024FF480104FF4002CB6EB96
:1007B000020E75EB030E22BFB61A754640EA0C0016
:1007C0005B084FEA3202B6EB020E75EB030E22BF56
:1007D000B61A754640EA5C005B084FEA3202B6EB97
:1007E000020E75EB030E22BFB61A754640EA9C0056
:1007F0005B084FEA3202B6EB020E75EB030E22BF26
:10080000B61A754640EADC0055EA060E18D04FEAE3
:10081000051545EA16754FEA06164FEAC30343EA83
:1008200052734FEAC2025FEA1C1CC0D111F4801F50
:100830000BD141EA00014FF000004FF0004CB6E749
:1008400011F4801F04BF01430020B4F1FD0C88BFE8
:10085000BCF5E06F3FF6AFAEB5EB030C04BFB6EBF3
:10086000020C5FEA500C50F1000041EB045170BDE6
:100870000EF0004E4EEA113114EB5C04C2BFD4EB13
:100880000C0541EA045170BD41F480114FF0000E97
:10089000013C90E645EA060E8DE60CEA135594EA13
:1008A0000C0F08BF95EA0C0F3FF43BAF94EA0C0F16
:1008B0000AD150EA01347FF434AF95EA0C0F7FF48B
:1008C00025AF104619462CE795EA0C0F06D152EADF
:1008D00003353FF4FDAE1046194622E750EA4106C3
:1008E00018BF52EA43067FF4C5AE50EA41047FF4D4
:1008F0000DAF52EA43057FF4EBAE12E74FF0FF3C39
:1009000006E000BF4FF0010C02E000BF4FF0010C09
:100910004DF804CD4FEA410C7FEA6C5C4FEA430C82
:1009200018BF7FEA6C5C1BD001B050EA410C0CBFD1
:1009300052EA430C91EA030F02BF90EA020F002033
:10094000704710F1000F91EA030F58BF994208BF9A
:1009500090422CBFD8176FEAE37040F00100704757
:100960004FEA410C7FEA6C5C02D150EA013C07D1AE
:100970004FEA430C7FEA6C5CD6D152EA033CD3D0F9
:100980005DF8040B704700BF8446104662468C46F3
:100990001946634600E000BF01B5FFF7B7FF002826
:1009A00048BF10F1000F01BD4DF808EDFFF7F4FF4F
:1009B0000CBF012000205DF808FB00BF4DF808EDDA
:1009C000FFF7EAFF34BF012000205DF808FB00BFFD
:1009D0004DF808EDFFF7E0FF94BF012000205DF81F
:1009E00008FB00BF4DF808EDFFF7CEFF94BF0120D4
:1009F00000205DF808FB00BF4DF808EDFFF7C4FFCD
:100A000034BF012000205DF808FB00BF4FEA410C15
:100A10007FEA6C5C02D150EA013C0AD14FEA430CF8
:100A20007FEA6C5C02D152EA033C02D14FF0000035
:100A300070474FF0010070474FEA410212F5001273
:100A400015D211D56FF47873B3EB625212D94FEA15
:100A5000C12343F0004343EA505311F0004F23FAFF
:100A600002F018BF404270474FF00000704750EA54
:100A7000013005D111F0004008BF6FF00040704711
:100A80004FF00000704700BF00B58BB0002100910F
:100A900008AB01AA01F031FC70B1009B4BB14FF0E3
:100AA000E0234FF08052C3F8042DBFF34F8FBFF304
:100AB0006F8F0BB05DF804FB00236A4601A9024862
:100AC000006805F0F2F8E8E73002002008B501F010
:100AD0000BFE0146014807F00BFB08BD54A70008B8
:100AE000084B1B7823B1074A1378013BDBB2137024
:100AF000054B1B7823B1044A1378013BDBB213701A
:100B0000704700BF150200201602002008B50368D8
:100B1000B3F1804F00D008BD01F0FAFD074A137809
:100B20000133DBB213701378DBB2092BF3D9134610
:100B300000221A70FFF7D4FFEDE700BF1402002077
:100B400010B514464FF0FF3392B2024802F097FE00
:100B5000204610BD700D002072B6FEE700B591B0C2
:100B60002822002106A806F05BFE002301930293D1
:100B7000039304930593012206924FF48033079365
:100B80000A9202220D920E934FF4E0130F9306A8DF
:100B900001F0E6FD80B90F230193022102910023A9
:100BA00003934FF480620492059301A802F00AF8BF
:100BB00020B911B05DF804FBFFF7CEFFFFF7CCFFC3
:100BC00000B58BB001F092FDFFF7C8FF00F042F8CE
:100BD00000F0DAFB00F07CFB00F0BCFC00F0AEFAA9
:100BE00000F0FAFA154801F0E5FA90B901AB03AA52
:100BF0000021124801F081FB0028F7D048F602419D
:100C00000E4801F02FFC48B10D4807F0F7FAFFF746
:100C1000A3FF0C4807F0F2FAFFF79EFF00F03AFA44
:100C2000094BD3F80012D3F80422084807F060FA01
:100C3000074807F0E3FA06F0DDF9FEE7F00C0020C4
:100C40008CA700086CA7000800640040B0A700084B
:100C5000CCA700082DE9F04188B000240494059445
:100C600006940794294B9A6942F010029A619A6996
:100C700002F010020092009A9A6942F020029A61F2
:100C80009A6902F020020192019A9A6942F00402E4
:100C90009A619A6902F004020292029A9A6942F0F9
:100CA00008029A619B6903F008030393039BDFF832
:100CB000608022464FF40051404602F096F9154FED
:100CC00001221021384602F090F94FF400560496A4
:100CD0000125059506940223079304A9404602F0D6
:100CE0006BF8102304930595069407950DEB03010B
:100CF000384602F061F804960594069504A9064862
:100D000002F05AF808B0BDE8F08100BF00100240C0
:100D10000010014000080140000C014030B58BB0CC
:100D20004FF4FA7006F0AAF902E00A2006F0A6F9DC
:100D30004FF40051214802F051F90028F5D0002568
:100D40002C462CE0012C27D106F059F9401B322803
:100D500022D91B4807F052FA0023029303934FF461
:100D6000807204920793069301220892AA228DF8BA
:100D700008208DF8243001AB02AA04A9114801F023
:100D800047FA20B9104807F039FA022404E00F4866
:100D900007F034FAF9E70024322006F06FF94FF437
:100DA0000051064802F01AF90028F4D1002CC9D1EC
:100DB00006F025F905460124EEE700BF000C0140CE
:100DC00010A80008F00C00203CA8000868A8000843
:100DD00030B5AFB034E0484D06F011F90446249820
:100DE000FFF722FBCDE90201259B00932B4622460B
:100DF000424904A807F00AFA0446414B186805194D
:100E0000B5F5007F4DDA3F4B1B6800EB43202246CF
:100E100004A93D4B184406F0F5FC394B1D603B4AD4
:100E2000136801331360C72B0AD9394B00221A709B
:100E3000334B1B6893424FDCC821364807F058F902
:100E40004FF0FF3225A9344B186804F0EEFF01285B
:100E5000F6D12F4B1B78002BF2D02C9B2493259B93
:100E600040F201129342B6D0B3F5817F0FD040F229
:100E7000031293420DD0B3F5827F0CD040F20512DD
:100E800093420AD0B3F5837F09D0244DA4E7244DC3
:100E9000A2E7244DA0E7244D9EE7244D9CE7244D76
:100EA0009AE7184A136823490B6023490860B3FA8C
:100EB00083F35B091360224604A9134800EB432027
:100EC00006F0A0FC0E4B1C600023022219461B48B2
:100ED000006806F003F8A2E70A4A1168154A116093
:100EE000154A13600021064B19600B460222134875
:100EF000006805F0F3FF9FE7A8A80008D4A8000841
:100F000098060020240200209C06002034020020C5
:100F100000000020ECA8000830020020CCA8000847
:100F2000ACA80008B4A80008BCA80008C4A8000821
:100F3000A0A80008280200202C0200202002002087
:100F400030B583B03C4807F059F901223B493C4891
:100F500003F0C0FD014610B979B103B030BD394886
:100F600007F0C6F84FF47A7006F088F8012233498A
:100F7000334803F0AFFD0146EEE7334807F03EF992
:100F8000324C12223249204603F0EAFDD4F80C120A
:100F9000204604F0D0F82F49204604F098FA2E4855
:100FA00007F02CF92D4B5B6813F0020F37D14FF08F
:100FB000FF31012005F056FF294D00224FF400516A
:100FC000284602F012F8274B186801AB264A12682F
:100FD000264901EB40211D4803F0BBFE04464FF4B7
:100FE0000051284602F007F814B301224FF40051D3
:100FF0001B4801F0FAFF1E4B1B78002BD2D113487F
:1010000004F07BF81B4807F0F9F800224FF4005178
:10101000134801F0EAFF002005F0D6FCC2E70F4AB2
:10102000136823F002031360134807F0E7F8BEE7E4
:10103000064803F0F6FFD8E728A90008000E0020B4
:101040006404002058A9000884A900083802002080
:10105000A0A90008ACA90008CCA9000800640040C1
:1010600000100140280200202C0200209C060020D5
:101070000000002008AA0008F4A90008034B036040
:10108000034B0B6080231360704700BF9C0C002053
:101090009C0A002010B596B000222421402004F0C4
:1010A0001CFD204B1860002837D01F4C0DF13C0C64
:1010B000A646BEE80F00ACE80F009EE807008CE8EB
:1010C000070000210FA805F0A4FF184B18600DF1D0
:1010D000200C04F11C0EBEE80F00ACE80F009EE8E7
:1010E00007008CE80700002108A805F092FF104BCC
:1010F00018600DF1040E04F1380CBCE80F00AEE8E6
:101100000F009CE807008EE80700002101A805F009
:1011100080FF084B186016B010BD074807F06EF846
:10112000C3E700BF3002002000A70008180200201B
:101130001C0200202002002034AA000800B583B061
:10114000204B2149196008225A6000229A604FF012
:101150004070D8604FF4302018614FF4800058611F
:101160001A76012058769A76DA761A775877174BDE
:10117000DA6942F00072DA61DB6903F0007301930F
:10118000019B0B6823F002030B604FF6FF7300E036
:1011900013460D4A526812F0020F02D05A1E002B5D
:1011A000F6D1084800F0DAFE28B9094807F026F819
:1011B00003B05DF804FB074807F020F8FFF7CCFC0C
:1011C000F3E700BFF00C0020006400400010024074
:1011D00068AA000858AA000800B58BB00023059340
:1011E00006930122079200930193029303930493C1
:1011F00008920E2309936946054800F055FF10B97F
:101200000BB05DF804FB034806F0F8FFF8E700BFF9
:10121000F00C00207CAA000830B589B000230493AC
:101220000593069307930268264B9A4201D009B0B2
:1012300030BD03F5D633DA6922F40002DA619A6927
:1012400042F008029A619A6902F008020192019A3A
:10125000DA6942F00072DA61DA6902F00072029231
:10126000029A9A6942F001029A619B6903F00103B4
:101270000393039B144A536823F4C04343F0E06391
:1012800043F4804353604FF4807304930024059427
:1012900006940E4D04A9284601F08EFD4FF400730C
:1012A0000493022305930323079304A9284601F01E
:1012B00083FD22460521142001F0B8FE142001F020
:1012C000EDFEB4E70064004000000140000C014066
:1012D00008B50E480E4B03604FF482734360002341
:1012E0008360C360036143614FF4007282613822FE
:1012F000C2610362436283620A23C36201F068FF32
:1013000000B908BDFFF728FCFBE700BF180D00205F
:101310000030014010B586B000230293039304937C
:1013200005930268164B9A4201D006B010BD03F532
:1013300060439A6942F480529A619A6902F4805239
:101340000092009A9A6942F004029A619B6903F044
:1013500004030193019BA02302930223039303231D
:101360000593084C02A9204601F026FD4023029374
:1013700000230393049302A9204601F01DFDD4E746
:10138000003001400008014008B50A480A4B0360DC
:101390004FF4E133436000238360C36003610C2298
:1013A00042618361C36102F03AFA00B908BDFFF7F8
:1013B000D3FBFBE7700D00200038014010B586B06C
:1013C000002302930393049305930268174B9A42F8
:1013D00001D006B010BD03F558439A6942F480422B
:1013E0009A619A6902F480420092009A9A6942F0E6
:1013F00004029A619B6903F004030193019B4FF47B
:10140000007302930223039303230593084C02A95C
:10141000204601F0D1FC4FF4806302930023039334
:10142000049302A9204601F0C7FCD2E7003801402E
:1014300000080140FEE7FEE7FEE7FEE7FEE7704733
:1014400008B5024800F06AFC08BD00BFB80D0020D6
:1014500008B5024801F023F808BD00BFF00C0020D9
:1014600000B583B0114B9A6942F001029A619A6902
:1014700002F001020092009ADA6942F08052DA61C9
:10148000DB6903F080530193019B00220F216FF071
:10149000010001F0CBFD064A536823F0E06343F0FE
:1014A0008063536003B05DF804FB00BF001002408E
:1014B0000000014030B589B00446224BDA6942F0A1
:1014C0000102DA61DB6903F001030193019B02A9C8
:1014D00003A801F053FC069BD3B901F02FFC03468F
:1014E0001948A0FB03239B0C013B18484FF0804296
:1014F000026040F2E732C260436000230361836010
:10150000836100F0FDFC054630B1284609B030BDCE
:1015100001F014FC4300E3E70C4800F0C7FB05466C
:101520000028F2D11C2001F0B9FD0F2C01D90125B2
:10153000EBE7002221461C2001F078FD044B1C60E3
:10154000E3E700BF0010024083DE1B43B80D00201C
:101550001C00002008B50349034804F00FF9034BB1
:10156000187008BD000E002004000020040E0020AA
:1015700000207047014B00221A707047060E0020B1
:10158000014B1878704700BF060E002000B583B0ED
:101590008DF80700074802F082F80128FAD14FF4CD
:1015A0007A7301220DF10701024801F06CFE03B0CD
:1015B0005DF804FB180D002008B500221021024838
:1015C00001F013FD08BD00BF0008014008B501226D
:1015D0001021024801F009FD08BD00BF00080140CC
:1015E00000B585B0FF238DF80F3000238DF80E3045
:1015F0000A4802F054F80128FAD14FF47A730093A4
:1016000001230DF10E020DF10F01044801F01DFF41
:101610009DF80E0005B05DF804FB00BF180D00201A
:1016200010B582B0FFF7D2FF002403E0FF20FFF7E0
:10163000ADFF0134092CF9DDFFF7BEFF40238DF823
:10164000003000248DF801408DF802408DF80340F1
:101650008DF8044095238DF8053007E004F1080368
:101660006B4413F8080CFFF791FF0134052CF5DDEE
:1016700041F6FF74FFF7B4FF012802D00CB1013C22
:10168000F8E7FFF7A3FFFF20FFF780FF024B0122DF
:101690001A7002B010BD00BF060E002008B5084B3E
:1016A0004FF4FA721A80FFF79BFFFFF799FFFF28AC
:1016B00004D0034B1B889BB2002BF6D108BD00BFA2
:1016C0001602002038B504460D46FFF7E7FFFF2855
:1016D00001D0FF2038BD2046FFF758FF280EFFF746
:1016E00055FFC5F30740FFF751FFC5F30720FFF78C
:1016F0004DFFE8B2FFF74AFF402C11D00020482CE4
:1017000010D0FFF743FF4C2C0ED00A24FFF768FFE0
:1017100010F0800FDED0631E13F0FF04F6D1D9E77E
:101720009520ECE78720ECE7FFF75AFFEDE710B5CF
:101730000446FFF755FF207010BD0000F8B50546C0
:101740000C460F4B64221A80FFF74AFFFF2804D192
:101750000B4B1B889BB2002BF6D1FE2807D0002034
:101760000DE06F1C2846FFF7E2FF34463D46661E3B
:10177000002CF6D1FFF734FFFFF732FF0120F8BD50
:101780001502002070B504460D46FFF787FFFF28BD
:1017900001D0002070BD06462846FFF7F7FEFD2D5C
:1017A00027D04FF4007204E014F8010BFFF7EEFEAF
:1017B0002A46531E9DB2002AF6D1FFF711FFFFF70C
:1017C0000FFF0024402C09D8FFF70AFF064600F05F
:1017D0001F03052B02D00134E4B2F3E7094BC82202
:1017E0001A80FFF7FDFE20B9064B1B889BB2002B29
:1017F000F7D106F01F06052E01D00020CAE7012010
:10180000C8E700BF15020020002840F0B68030B5C0
:1018100083B05B4B1B7813F0020404D0584B18784C
:10182000C0B203B030BDFFF7FBFEFFF7C5FE0021DD
:101830004020FFF747FF0546012811D0514B1C708F
:10184000FFF7C4FEFFF7CCFE002C00F093804C4A5B
:10185000137803F0FE031370494B1878C0B2E0E729
:10186000494B4FF47A721A804FF4D5714820FFF734
:1018700029FF012845D1254608E0FFF7B1FE05F113
:1018800008036B4403F8040C0135EDB2032DF4D9C1
:101890009DF80630012BD1D19DF80730AA2BCDD170
:1018A00003E0394B1B889BB263B100217720FFF71F
:1018B00009FF0128F5D84FF080416920FFF702FFAA
:1018C0000028EED1304B1B889BB2002BB6D00021F4
:1018D0007A20FFF7F7FE05460028AFD1032D09D87F
:1018E000FFF77EFE05F108036B4403F8040C013595
:1018F000EDB2F3E79DF8043013F0400F38D0062422
:101900009CE700217720FFF7DDFE012811D8002198
:101910006920FFF7D7FE01280BD8022509E0002136
:101920007720FFF7CFFE01281BD9174B1B889BB2EE
:101930003BB1022DF3D000214120FFF7C3FE002868
:10194000F3D1114B1B889BB2002B3FF477AF4FF4C0
:1019500000715020FFF7B6FE00287FF46FAF2C46D1
:101960006CE700216920FFF7ADFE0028DDD1E8E734
:10197000022463E7FFF7FEFD6EE70120704700BF1A
:1019800001000020050E00201502002018B9034BAD
:101990001878C0B270470120704700BF01000020D6
:1019A00000283ED170B50D4616461C46002B3AD095
:1019B0001F4B1B7813F0010F37D11E4B1B7813F010
:1019C000040F00D15602FFF7F7FD012C1AD0314663
:1019D0005220FFF777FE68B94FF400712846FFF7F1
:1019E000ADFE18B105F50075013CF5D100214C2084
:1019F000FFF768FEFFF7EAFDFFF7F2FD201E18BFB4
:101A0000012070BD31465120FFF75CFE0028F1D166
:101A10004FF400712846FFF791FE0028EAD0002419
:101A2000E8E7042070470420EBE70320E9E700BF64
:101A300001000020050E0020002852D170B50D468F
:101A400016461C46002B4ED02A4B1B7813F0010F74
:101A50004BD1284B1B7813F0040F48D1264B1B7831
:101A600013F0040F00D15602FFF7A6FD012C1FD082
:101A7000214B1B7813F0020F28D131465920FFF774
:101A800021FE68B9FC212846FFF77CFE18B105F558
:101A90000075013CF6D1FD210020FFF773FEF0B187
:101AA000FFF794FDFFF79CFD201E18BF012070BDBD
:101AB00031465820FFF706FE0028F1D1FE212846C6
:101AC000FFF760FE0028EBD00024E9E70021772033
:101AD000FFF7F8FD21465720FFF7F4FDCDE701247D
:101AE000DEE7042070470420E1E70320DFE702205F
:101AF000DDE700BF01000020050E002070B584B0B6
:101B0000002840F0B6800D4616460446052913D03D
:101B10005A4B1C7814F0010440F0AD80FFF74CFDE7
:101B20000D2D00F29A80DFE805F061205D9898980D
:101B300098989898986776851578012D0ED0022D83
:101B40000FD00DB104248DE0FFF71AFD04460028E4
:101B500000F08880FFF70EFD2C4683E0FFF760FD64
:101B600080E0FFF70DFD70707CE000214920FFF759
:101B7000A9FD044608B12C4670E010216846FFF725
:101B8000DDFD002871D09DF800309B09012B1FD08E
:101B90009DF8052002F00F029DF80A3002EBD312E7
:101BA0009DF809305B0003F006031A449DF80830E5
:101BB0009DF807109B0903EB81039DF8061089022D
:101BC00001F440610B440133073A9340336045E030
:101BD0009DF808209DF8093043EA022301339B0257
:101BE00033603BE04FF40073338037E0FFF756FD7E
:101BF000FF283CD0012431E000214920FFF762FD9D
:101C0000044608B1012429E010213046FFF796FD73
:101C100020BB012422E000214A20FFF753FD0446A7
:101C200008B101241AE010213046FFF787FDA8B95A
:101C3000012413E000217A20FFF744FD044650B14F
:101C400001240BE0FFF7CCFC06F8010B0135EDB2E7
:101C5000032DF7D902E00546FAE70424FFF7B6FCA6
:101C6000FFF7BEFC204604B070BD2C46F6E72C46BC
:101C7000F4E70424F6E70324F4E700BF01000020A2
:101C800008B5FFF7C1FD08BD08B5FFF77FFE08BD29
:101C900008B5FFF785FE08BD08B5FFF7CDFE08BD06
:101CA00008B5FFF72BFF08BD7047000090F83D30E6
:101CB000DBB2012B27D1022380F83D300268D368C4
:101CC00043F00103D3600368114A934210D0B3F18B
:101CD000804F0DD0A2F59432934209D002F5806274
:101CE000934205D01A6842F001021A600020704742
:101CF0009A6802F00702062A07D01A6842F0010229
:101D00001A6000207047012070470020704700BF14
:101D1000002C0140704770477047704770B504460B
:101D20000368DE681D6915F0020F10D016F0020F6F
:101D30000DD06FF002021A610123037703689B69DB
:101D400013F0030F5ED0FFF7E6FF0023237715F0B3
:101D5000040F12D016F0040F0FD023686FF00402A6
:101D60001A610223237723689B6913F4407F4FD0C5
:101D70002046FFF7D0FF0023237715F0080F12D07D
:101D800016F0080F0FD023686FF008021A610423C1
:101D900023772368DB6913F0030F40D02046FFF759
:101DA000BAFF0023237715F0100F12D016F0100F92
:101DB0000FD023686FF010021A610823237723687D
:101DC000DB6913F4407F31D02046FFF7A4FF0023E6
:101DD000237715F0010F02D016F0010F2DD115F069
:101DE000800F02D016F0800F2FD115F0400F02D0D7
:101DF00016F0400F31D115F0200F02D016F0200F51
:101E000033D170BDFFF786FF2046FFF785FF9CE7C3
:101E10002046FFF77FFF2046FFF77EFFABE7204617
:101E2000FFF778FF2046FFF777FFBAE72046FFF776
:101E300071FF2046FFF770FFC9E723686FF00102CA
:101E40001A612046FEF762FEC9E723686FF0800240
:101E50001A61204600F081F8C7E723686FF040025E
:101E60001A612046FFF759FFC5E723686FF020028B
:101E70001A61204600F070F8C3E7000003681F4AAB
:101E800090420AD0B0F1804F07D0A2F59432904230
:101E900003D002F58062904203D123F070034A68B8
:101EA0001343164A90420AD0B0F1804F07D0A2F5F2
:101EB0009432904203D002F58062904203D123F421
:101EC0004073CA68134323F080034A6913430360D5
:101ED0008B68C3620B688362084B98420AD0012367
:101EE0004361036913F0010F03D0036923F0010379
:101EF000036170470B690363F1E700BF002C0140E9
:101F000040B310B5044690F83D30F3B1022384F895
:101F10003D30214651F8040BFFF7B0FF012384F850
:101F2000463084F83E3084F83F3084F8403084F8FE
:101F3000413084F8423084F8433084F8443084F8E7
:101F4000453084F83D30002010BD80F83C30FFF76C
:101F5000ABFEDBE70120704770477047002800F0B8
:101F6000A18038B5044690F82030D3B122681368B8
:101F700043F00103136000F0D7FB054623685A685D
:101F800012F0010F10D100F0CFFB401B0A28F5D949
:101F9000636A43F400336362052384F82030012030
:101FA00038BDFFF739F9E1E71A6822F002021A603A
:101FB00000F0BAFB054623685A6812F0020F0DD0F4
:101FC00000F0B2FB401B0A28F5D9636A43F40033E2
:101FD0006362052384F820300120E1E7227E012A94
:101FE0003DD01A6822F080021A60637E012B3BD03C
:101FF0002268136823F040031360A37E012B39D0BD
:102000002268136823F020031360E37E012B37D08E
:102010002268136843F010031360237F012B35D02F
:102020002268136823F008031360637F012B33D009
:102030002268136823F004031360A368E268134363
:1020400022691343626913436268013A21681343AA
:10205000CB6100206062012384F82030A0E71A6879
:1020600042F080021A60C0E72268136843F0400320
:102070001360C2E72268136843F020031360C4E7CB
:102080002268136823F010031360C6E72268136800
:1020900043F008031360C8E72268136843F00403A1
:1020A0001360CAE701207047026890F82030013BB6
:1020B000DBB2012B05D9436A43F48023436201203C
:1020C000704710B5D2F8003243F00103C2F8003275
:1020D0004B6903F01F03012000FA03F3D2F81C023E
:1020E0006FEA030C20EA0300C2F81C02C869C0B9F9
:1020F000D2F80C020CEA0000C2F80C028C88486985
:10210000D1F80CE044EA0E44483042F830400C88E4
:102110004869D1F808E044EA0E44483002EBC000B8
:102120004460C86901281AD0886988BBD2F80402C3
:102130000CEA0000C2F80402086978BBD2F8140265
:102140000CEA0000C2F81402096A01292CD0D2F866
:10215000003223F00103C2F80032002010BDD2F893
:102160000C021843C2F80C028C884869D1F800E0D0
:1021700044EA0E44483042F830408C894869D1F82E
:1021800008E044EA0E44483002EBC0004460CBE76C
:10219000D2F804021843C2F80402CDE7D2F81402C0
:1021A0001843C2F81402CFE7D2F81C120B43C2F84E
:1021B0001C32CCE770B5044690F82050EDB2012DEA
:1021C00006D0436A43F4002343620125284670BDCC
:1021D000022380F820300268136823F001031360A3
:1021E00000F0A2FA064623685B6813F0010F0CD0DA
:1021F00000F09AFA831B0A2BF5D9636A43F4003383
:102200006362052384F82030E0E700256562DDE79E
:1022100030B590F820C00468A4680CF1FF3C5FFA68
:102220008CFCBCF1010F62D814F0E05F59D0C4F30C
:10223000016C012404FA0CF41C608B68002B3DD166
:102240000D68CB68046843EA45550CF118031B017F
:10225000E55003680C690CF1180E03EB0E135C607B
:102260000B7D012B35D0D17993791B0443EA0163AF
:10227000517943EA012314790168234301EB0C11DE
:10228000C1F88C31D17893781B0443EA016351780B
:1022900043EA0123117802680B4302EB0C12C2F8E7
:1022A000883102680CF1180C4FEA0C1C52F80C3003
:1022B00043F0010342F80C3000201DE04C6843EA73
:1022C000C403CC6823430CF11804240105682B5186
:1022D000BFE7036803EB0E13596841F4807159603E
:1022E000C1E7436A43F400134362012004E0436AF8
:1022F00043F480234362012030BD90F820C00CF1EC
:10230000FF3C5FFA8CFCBCF1010F00F2A58030B4F9
:1023100051B90468E46814F0030F10D1436A43F420
:102320000013436201207EE00468246914F0030F67
:1023300005D1436A43F400134362012073E005684A
:1023400001F11B0424012C5904F004049460002CB6
:102350006BD1056801F11B0424012C59640D146034
:10236000046801F11B0C4FEA0C1C54F80C4004F0FB
:102370000204D4600468A444DCF8045015F0080F8B
:102380005BD008241461056801F11B0C05EB0C15EA
:102390006D68C5F307259561046804EB0C14646847
:1023A000240C5461026802EB0112D2F8B8211A70B1
:1023B000026802EB0112D2F8B821C2F307225A7068
:1023C000026802EB0112D2F8B821C2F307429A70F8
:1023D000026802EB0112D2F8B821120EDA7002681C
:1023E00002EB0112D2F8BC211A71026802EB011251
:1023F000D2F8BC21C2F307225A71026802EB011223
:10240000D2F8BC21C2F307429A71026802EB0112B2
:10241000D2F8BC21120EDA71C1B90268D36843F058
:102420002003D360002030BC7047056801F11B0415
:1024300024012C59E408546092E701F11B0504EBD8
:102440000514646804F00F0414619CE702681369C2
:1024500043F020031361E5E7436A43F480234362BA
:102460000120704790F82030013BDBB2012B05D9E9
:10247000436A43F480234362012070470268536932
:10248000194351610020704770477047704770478B
:1024900070477047704770477047704770472DE925
:1024A000F84F054603685C69D3F804809F68D3F849
:1024B0000CB0D3F810A0D3F8189014F001063BD05C
:1024C00017F0010616D001229A6017F0020F08D10A
:1024D00017F0040F0CD117F0080606D04FF4805601
:1024E00008E0FFF7D1FF002604E0FFF7D0FF01E08E
:1024F0004FF4006617F4807F0DD02B684FF4807284
:102500009A6017F4007F40F0868017F4806F00F027
:10251000868046F4005617F4803F0DD02B684FF4A8
:1025200080329A6017F4003F40F0838017F4802FC8
:1025300000F0838046F4004614F0080F07D01BF02B
:10254000100F04D046F400762B681022DA6014F0E5
:10255000040F02D01BF0080F79D114F0020F04D041
:102560002B68DB6813F0030F78D114F0400F07D00D
:102570001AF0100F04D046F480662B6810221A61FE
:1025800014F0200F02D01AF0080F6BD114F0100FC6
:1025900004D02B681B6913F0030F6AD114F4003FB9
:1025A00002D018F0100F68D114F4803F02D018F058
:1025B000080F69D114F4004F7AD018F0040F74D0CA
:1025C00014F4807F04D019F0010F01D046F0010609
:1025D00014F4007F04D019F0020F01D046F0020677
:1025E00014F4806F04D019F0040F01D046F00406F3
:1025F00014F4006F59D019F0700956D0B9F1400F9A
:1026000065D058D8B9F1200F5ED0B9F1300F42D162
:1026100046F0200644E02846FFF737FF7BE717F433
:10262000006F02D046F4804675E72846FFF730FF7A
:1026300071E72846FFF72AFF7EE717F4002F02D044
:1026400046F4803678E72846FFF723FF74E72B68C7
:102650000822DA602846FFF71DFF7EE72846FEF7CE
:1026600013FA82E72B6808221A612846FFF714FF45
:102670008CE72846FFF70FFF90E72B6810225A607F
:102680002846FFF70AFF8FE72B6808225A60284682
:10269000FFF704FF8EE7B9F1100F01D146F00806ED
:1026A0002A68936923F0700393612B6804225A60AF
:1026B0009EB9BDE8F88FB9F1500F0BD0B9F1600F9A
:1026C000EED146F48076EBE746F01006E8E746F0F8
:1026D0004006E5E746F08006E2E76B6A1E436E625D
:1026E0002846FEF7F3F9E4E7406A704708B5074A61
:1026F000136843F010031360032000F085FC0F20E3
:10270000FEF7D8FEFEF7ACFE002008BD0020024018
:10271000034A1168034B1B780B441360704700BFDA
:10272000080E002018000020014B1868704700BFF9
:10273000080E002082B0084B1B68084AA2FB032346
:102740005B0A00FB03F3019300BF019B5A1E019239
:10275000002BF9D102B0704720000020D34D621049
:10276000002800F0F18170B582B00446036813F0D0
:10277000010F2CD0994B5B6803F00C03042B1DD088
:10278000964B5B6803F00C03082B12D06368B3F51B
:10279000803F41D0002B55D103F1804303F5043332
:1027A0001A6822F480321A601A6822F480221A60B1
:1027B00037E08A4B5B6813F4803FE7D0874B1B6898
:1027C00013F4003F03D06368002B00F0BF8123683F
:1027D00013F0020F75D0814B5B6813F00C0F5FD0C4
:1027E0007E4B5B6803F00C03082B54D02369002B4D
:1027F00000F08A807A4B01221A60FFF795FF0546A8
:10280000764B1B6813F0020F75D1FFF78DFF401B4D
:102810000228F5D903209EE1704A136843F48033FF
:102820001360636843B3FFF77FFF05466B4B1B687C
:1028300013F4003FCBD1FFF777FF401B6428F5D995
:10284000032088E1B3F5A02F09D0644B1A6822F465
:1028500080321A601A6822F480221A60E1E703F1DC
:102860008043A3F53C331A6842F480221A601A6848
:1028700042F480321A60D4E7FFF756FF0546574B03
:102880001B6813F4003FA2D0FFF74EFF401B6428E3
:10289000F5D903205FE1514B5B6813F4803FA5D16C
:1028A0004E4B1B6813F0020F03D02369012B40F03D
:1028B0004F814A4A136823F0F803616943EAC10370
:1028C0001360236813F0080F33D0A369002B5CD08A
:1028D000434B0122C3F88024FFF726FF05463F4BF8
:1028E0005B6A13F0020F21D1FFF71EFF401B022885
:1028F000F5D903202FE1394A136823F0F803616901
:1029000043EAC1031360DCE7354B00221A60FFF78E
:102910000BFF0546314B1B6813F0020FD1D0FFF7B8
:1029200003FF401B0228F5D9032014E10120FFF723
:1029300001FF236813F0040F00F09680274BDB693A
:1029400013F0805F34D1254BDA6942F08052DA61AE
:10295000DB6903F080530193019B0125214B1B6828
:1029600013F4807F26D0E368012B3DD0002B53D198
:1029700003F1804303F504331A6A22F001021A625C
:102980001A6A22F004021A6233E0154B0022C3F8DF
:102990008024FFF7C9FE0546104B5B6A13F0020F57
:1029A000C7D0FFF7C1FE401B0228F5D90320D2E0B3
:1029B0000025D3E70B4A136843F480731360FFF7D5
:1029C000B3FE0646074B1B6813F4807FCBD1FFF79D
:1029D000ABFE801B6428F5D90320BCE00010024048
:1029E00000004242007000405F4A136A43F0010356
:1029F0001362E36833B3FFF797FE06465A4B1B6A30
:102A000013F0020F2FD1FFF78FFE801B41F28833A6
:102A10009842F3D903209EE0052B09D0524B1A6A45
:102A200022F001021A621A6A22F004021A62E0E736
:102A30004D4B1A6A42F004021A621A6A42F001020D
:102A40001A62D6E7FFF770FE0646474B1B6A13F083
:102A5000020F08D0FFF768FE801B41F288339842CE
:102A6000F3D9032077E0E5B9E369002B72D03E4A41
:102A7000526802F00C02082A56D0022B17D03B4BAA
:102A800000221A66FFF750FE0446374B1B6813F00E
:102A9000007F47D0FFF748FE001B0228F5D903202E
:102AA00059E0314AD36923F08053D361DCE72F4BDF
:102AB00000221A66FFF738FE05462B4B1B6813F001
:102AC000007F06D0FFF730FE401B0228F5D9032017
:102AD00041E0236AB3F5803F1AD023494B6823F4C1
:102AE0007413226A606A024313434B601F4B012236
:102AF0001A66FFF719FE04461B4B1B6813F0007F94
:102B00000ED1FFF711FE001B0228F5D9032022E0A9
:102B1000154A536823F40033A1680B435360DCE784
:102B2000002018E0002016E0012B16D00E4B5B6849
:102B300003F48031226A914211D103F47013626A66
:102B400093420ED1002006E001207047012002E0F0
:102B5000012000E0002002B070BD0120FBE7012051
:102B6000F9E70120F7E700BF0010024000004242F1
:102B70000F4B5B6803F00C02082A01D00D48704728
:102B8000C3F383420C49885C13F4803F0BD0084B9D
:102B90005B68C3F34043094AD35C064A02FB00F07A
:102BA000B0FBF3F07047064B03FB00F0704700BF2B
:102BB0000010024000127A00A0AA0008B0AA000883
:102BC00000093D00002800F0A08070B50D460446C5
:102BD000524B1B6803F007038B420BD24F4A13681A
:102BE00023F007030B431360136803F007038B42C2
:102BF00040F08D80236813F0020F17D013F0040FFC
:102C000004D0474A536843F4E0635360236813F0E9
:102C1000080F04D0424A536843F460535360404A5B
:102C2000536823F0F003A1680B435360236813F04B
:102C3000010F31D06368012B20D0022B25D0384AF8
:102C4000126812F0020F64D035494A6822F003027C
:102C500013434B60FFF768FD0646314B5B6803F09A
:102C60000C036268B3EB820F16D0FFF75DFD801B8B
:102C700041F288339842F0D9032045E0284A12688F
:102C800012F4003FE0D101203EE0254A126812F024
:102C9000007FD9D1012037E0204B1B6803F00703E8
:102CA000AB420AD91D4A136823F007032B43136074
:102CB000136803F00703AB422DD1236813F0040F10
:102CC00006D0174A536823F4E063E1680B4353606E
:102CD000236813F0080F07D0114A536823F4605398
:102CE000216943EAC1035360FFF742FF0C4B5B6865
:102CF000C3F303130B4AD35CD8400B4B18600B4B48
:102D00001868FEF7D7FB002070BD01207047012036
:102D1000FAE70120F8E70120F6E700BF00200240B3
:102D200000100240B4AA0008200000201C0000206F
:102D3000014B1868704700BF2000002008B5FFF75E
:102D4000F7FF044B5B68C3F30223034AD35CD8400C
:102D500008BD00BF00100240C4AA000808B5FFF774
:102D6000E7FF044B5B68C3F3C223034AD35CD8403C
:102D700008BD00BF00100240C4AA00080F23036072
:102D80000B4B5A6802F0030242605A6802F0F002EC
:102D900082605A6802F4E062C2605B68DB0803F498
:102DA000E0630361034B1B6803F007030B6070478C
:102DB000001002400020024070B582B00024A446FA
:102DC000A6E0804DAA4210D007D97F4DAA420CD070
:102DD00005F58035AA4208D013E0A5F58015AA4272
:102DE00003D005F57025AA4207D18A68002A58D079
:102DF000012A51D04361082403E0A5F58015AA42B9
:102E0000F3D0BEF1FF0F4ED80646BEF1FF0F4CD8EF
:102E10004FEA8C0233680F25954023EA050304FA34
:102E200002F2134333604B6813F0805F6ED0674B40
:102E30009A6942F001029A619B6903F001030193D0
:102E4000019B4FEA9C02951C614B53F825600CF0E6
:102E500003039D000F23AB4026EA03065D4B984217
:102E600029D003F58063984200F08E8003F58063DB
:102E7000984200F08B8003F58063984219D00423B8
:102E80001AE0CC68BDE7CC680434BAE7CC680834F3
:102E9000B7E7CC680C34B4E703610824B1E7002439
:102EA000AFE70424ADE7061DAFE7ACF108029200DE
:102EB000B0E7032300E00023AB4033430232444D2C
:102EC00045F822304B6813F4801F61D0424A936862
:102ED00043EA0E0393604B6813F4001F5ED03E4A32
:102EE000D36843EA0E03D3604B6813F4003F5BD012
:102EF000394A536843EA0E0353604B6813F4803F2A
:102F000058D0354A136843EA0E0313600CF1010CE4
:102F10000A6832FA0CF353D0012303FA0CF302EAE5
:102F2000030E33EA0202F1D14A68122A3FF649AF92
:102F3000122A3FF666AF01A555F822F0EB2D0008E6
:102F4000832E00088D2E00089F2E0008032E0008F7
:102F5000032E0008032E0008032E0008032E00088D
:102F6000032E0008032E0008032E0008032E00087D
:102F7000032E0008032E0008032E0008032E00086D
:102F8000872E0008932E0008012395E7022393E77C
:102F9000114A936823EA0E0393609CE70E4AD368B4
:102FA00023EA0E03D3609FE70B4A536823EA0E031C
:102FB0005360A2E7084A136823EA0E031360A5E7EB
:102FC00002B070BD0000221000003110001002405D
:102FD00000000140000801400004014083681942DC
:102FE00001D001207047002070470AB1016170478D
:102FF000090401617047C36801EA030221EA030181
:1030000041EA024101617047074AD36823F4E06353
:103010001B041B0C000200F4E060034343F0BF6399
:1030200043F40033D360704700ED00E000B5194B66
:10303000DB68C3F30223C3F1070CBCF1040F28BF04
:103040004FF0040C03F1040EBEF1060F18D9033B38
:103050004FF0FF3E0EFA0CFC21EA0C0199400EFAEB
:1030600003F322EA0303194300280BDB0901C9B269
:1030700000F1604000F5614080F800135DF804FB4A
:103080000023E5E700F00F000901C9B2024B195413
:10309000F4E700BF00ED00E014ED00E0002807DBDE
:1030A00000F01F02400901239340024A42F82030F9
:1030B000704700BF00E100E02DE9F04782B005460F
:1030C000884617461E46FFF72FFB0A9B1B1A03EB89
:1030D0000609FFF729FB82462B4B1B68C3F3CB3352
:1030E00009FB03F301932B689C6838EA04030CBFC7
:1030F0004FF0010C4FF0000CBC4540D0B6F1FF3F43
:10310000F1D0FFF711FBA0EB0A0048450AD2B9F154
:10311000000F07D0019A02B14A46019B013B01937F
:103120009146E0E72A68536823F0E00353606B6838
:10313000B3F5827F0BD0AB6AB3F5005F14D00123E7
:1031400085F85130002385F85030032018E0AB6833
:10315000B3F5004F02D0B3F5806FECD12A68136845
:1031600023F040031360E6E72A68136823F4005352
:1031700013602A68136843F400531360DFE70020EC
:1031800002B0BDE8F08700BF2000002070B582B01B
:1031900006460C46154600920B4601220221FFF717
:1031A0008BFF48B900952346002280213046FFF767
:1031B00083FF38B902B070BD736D43F020037365AF
:1031C0000320F7E7736D43F0200373650320F1E7F5
:1031D000002856D010B50446436A33B94368B3F5A6
:1031E000827F05D00023C36102E0002303614361B5
:1031F0000023A36294F85130002B3CD0022384F8C2
:1032000051302268136823F040031360636803F4AD
:103210008273A26802F404421343E26802F400627B
:103220001343226902F002021343626902F00102B1
:103230001343A26902F400721343E26902F03802F8
:103240001343226A02F080021343A26A02F400527E
:10325000216813430B60638B226803F004035360FF
:103260002268D36923F40063D361002060650123E1
:1032700084F8513010BD84F850302046FEF74AF8EB
:10328000BCE7012070472DE9F04383B0044689462E
:1032900090461D46FFF748FA94F85160F6B2012EA9
:1032A00040F0CC800746B9F1000F00F0C880B8F1BB
:1032B000000F00F0C48094F85030012B00F0C38060
:1032C000012384F85030032384F8513000236365D0
:1032D000C4F83090A4F83480A4F83680A363A387A0
:1032E000E38763642364A368B3F5004F1ED02368AB
:1032F0001A6812F0400F03D11A6842F040021A60B7
:10330000E368B3F5006F1CD0636813B1B8F1010F27
:103310005FD1226B236812781A73236B0133236306
:10332000E38E9BB2013B9BB2E38652E022681368B6
:1033300023F0400313602268136843F48043136052
:10334000D5E7636813B1B8F1010F15D1226B23687B
:103350001288DA60236B02332363E38E9BB2013B56
:103360009BB2E38608E0FFF7DFF9C01BA84202D357
:10337000B5F1FF3F15D1A5B1E38E9BB2002B42D032
:1033800023689A6812F0020FEDD0226B1288DA607F
:10339000236B02332363E38E9BB2013B9BB2E38634
:1033A000EAE7012384F85130002384F850300326E3
:1033B00045E0226B12781A73236B01332363B4F850
:1033C00036C01FFA8CFC0CF1FF3C1FFA8CFCA4F8F1
:1033D00036C0E38E9BB2B3B123689A6812F0020F35
:1033E000E7D1FFF7A1F9C01BA84202D3B5F1FF3F17
:1033F00001D1002DEDD1012384F85130002384F850
:10340000503003261BE03A4629462046FFF7BEFE11
:1034100008B120236365A36833B901932368DA6890
:1034200001929B680193019B012384F85130002392
:1034300084F85030636D13B9002600E00226304650
:1034400003B0BDE8F0830226F9E72DE9F04383B02D
:103450000446884691461F460A9DFFF765F90646D1
:1034600094F85130DBB26268012B0AD0B2F5827F4A
:1034700040F00581A268002A40F00581042B40F04D
:103480000481B8F1000F00F00281B9F1000F00F0E3
:103490000081002F00F0FF8094F85030012B00F0E5
:1034A000FC80012384F8503094F85130DBB2042BB7
:1034B00002D0052384F8513000236365C4F83890A6
:1034C000E787A787C4F83080E786A786236463640C
:1034D00023681A6812F0400F03D11A6842F04002C4
:1034E0001A60E368B3F5006F11D063680BB1012F68
:1034F0000BD1226B236812781A73236B0133236379
:10350000E38E9BB2013B9BB2E386012771E06368C7
:103510000BB1012F0BD1226B23681288DA60236B69
:1035200002332363E38E9BB2013B9BB2E386012708
:103530001BE023689A6812F0010F0ED0E28F92B25E
:103540005AB1DA68A36B1A80A36B0233A363E38FCB
:103550009BB2013B9BB2E3870127FFF7E5F8801B95
:10356000A84202D3B5F1FF3F1ED1E38E9BB21BB937
:10357000E38F9BB2002B62D023689A6812F0020F8F
:10358000D7D0E28E92B2002AD3D0002FD1D0226BB6
:103590001288DA60236B02332363E38E9BB2013B14
:1035A0009BB2E3860027C4E7012384F8513000234F
:1035B00084F85030032063E023689A6812F0010F0A
:1035C0000ED0E28F92B25AB1DA68A36B1A70A36B75
:1035D0000133A363E38F9BB2013B9BB2E3870127D7
:1035E000FFF7A2F8831BAB4202D3B5F1FF3F1ED118
:1035F000EDB1E38E9BB213B9E38F9BB2FBB12368AD
:103600009A6812F0020FD7D0E28E92B2002AD3D07D
:10361000002FD1D0226B12781A73236B01332363EE
:10362000E38E9BB2013B9BB2E3860027C4E70123F4
:1036300084F85130002384F85030032020E03246D3
:1036400029462046FFF7A2FD90B9A36833B901933C
:103650002368DA6801929B680193019B012384F837
:103660005130002384F85030636D4BB1012007E0E6
:1036700020236365002384F85030012000E00220FD
:1036800003B0BDE8F0830220FAE70220F8E701204A
:10369000F6E70120F4E70120F2E70220F0E790F8D6
:1036A00051007047026802F10C0353E8003F23F415
:1036B00090730C3242E800310029F3D1026802F124
:1036C000140353E8003F23F00103143242E80031B1
:1036D0000029F3D1036B012B05D0202380F8423061
:1036E000002303637047026802F10C0353E8003FB4
:1036F00023F010030C3242E800310029F3D1ECE74B
:1037000010B504460268136923F44053C1680B43A3
:10371000136183680269134342691A430168CB68E5
:1037200023F4B05323F00C031343CB6002685369B6
:1037300023F4407381690B4353610268134B9A422F
:1037400020D0FFF7FBFA024602EB820202EB820274
:1037500063689B00B2FBF3F20D48A0FB02314909FC
:10376000642303FB11231B013233A0FB03235B09FA
:1037700003F0F00202EB011203F00F03216813447F
:103780008B6010BDFFF7EAFA0246DDE70038014022
:103790001F85EB512DE9F04383B005460E461746D1
:1037A0009946DDF828802C68246836EA04030CBFAB
:1037B0004FF0010C4FF0000CBC4528D1B8F1FF3F91
:1037C000F1D0FEF7B1FFA0EB0900404523D8B8F1D6
:1037D000000F22D02B68DA6812F0040FE3D0802E9D
:1037E000E1D0402EDFD01A6812F0080FDBD00024A1
:1037F00001941A6801925B680193019B2846FFF7C8
:1038000051FF08236B6485F84040012000E0002050
:1038100003B0BDE8F0830320FAE70320F8E760B3C4
:1038200010B5044690F8413013B3242384F8413096
:103830002268D36823F40053D3602046FFF760FF6B
:103840002268136923F4904313612268536923F0BB
:103850002A0353612268D36843F40053D3600020E5
:103860006064202384F8413084F84230606310BDE6
:1038700080F84030FDF7A2FDD7E7012070472DE921
:10388000F04182B01E4690F84130DBB2202B56D179
:1038900004460D469046002955D00AB901204FE054
:1038A00000234364212380F84130FEF73DFF0746A3
:1038B000A4F82480A4F82680A368B3F5805F02D022
:1038C0004FF0000814E023692BB34FF000080FE01D
:1038D000202384F84130032032E038F8023B22688C
:1038E000C3F308035360E28C92B2013A92B2E284CD
:1038F000E38C9BB293B100963B4600228021204688
:10390000FFF748FF0028E3D1002DE6D015F8012B82
:1039100023685A60E7E7A8460025E9E700963B469A
:10392000002240212046FFF735FF18B9202384F8F4
:10393000413005E0202384F84130032000E00220DC
:1039400002B0BDE8F0810120FAE7704708B5044BEA
:1039500003EB8002526852680344187A904708BD0E
:103960002C0E002008B5084B1B5C53B9064B0122F6
:103970001A5403EB8002526812681844007A904788
:1039800008BD0020FCE700BF2C0E002038B5044C19
:1039900004EB80056D68AD680444207AA84738BD03
:1039A0002C0E002038B5044C04EB80056D68ED68E2
:1039B0000444207AA84738BD2C0E002010B5044BD3
:1039C00003EB8004646824690344187AA04710BD9F
:1039D0002C0E002004E011F8012B00F8012B1A46F0
:1039E000531E002AF7D1704702E000F8011B1A4667
:1039F000531E002AF9D1704710B403460020144624
:103A0000013A34B113F8010B11F801CBB0EB0C0003
:103A1000F5D010BC7047034600E00133187808B1B8
:103A20008842FAD17047000030B400252B4601E0EF
:103A300001250133012B1ED803EB43021C4C54F823
:103A40002220002AF4D0D0F80042A242F1D103EBA8
:103A50004302174C04EB82025468D0F808229442C7
:103A6000E7D103EB4302124C04EB82021489B0F855
:103A700006229442DDD1022B0CD0B1B903EB4303F3
:103A80000B4A02EB83035B89B3F5807F0BD00020E8
:103A900030BC70472DB9022901D01220F8E7002070
:103AA000F6E70020F4E71020F2E71020F0E700BF6F
:103AB000100E0020002000E00130012806D800EBA5
:103AC00040029300034AD358002BF5D1023818BFA7
:103AD00001207047100E002010B5002300E00133D4
:103AE000012B1CD803EB43022D4C54F82240D0F894
:103AF00000229442F3D103EB4302294C04EB8202EF
:103B00005468D0F808229442E9D103EB4302244CD4
:103B100004EB82021489B0F806229442DFD1022B12
:103B200011D031B103EB43021D4800EB82025289F0
:103B3000A2BB39BB03EB4302194901EB8202518955
:103B4000013189B220E00023012B07D803EB4302A7
:103B5000134C54F822200AB10133F5E7022B1BD095
:103B60000F4C03EB430C04EB8C02D0F800E244F85A
:103B70002CE0D0F808425460B0F806021081002012
:103B80005081CEE74FF4807103EB4300044A02EB0F
:103B900080025181581C10BD0020FCE70020FAE78C
:103BA000100E0020013801281AD800EB40030E4AFD
:103BB00002EB83035B89B3F5807F03D01BB1013B2C
:103BC0009BB200E0002300EB4002074901EB8202B8
:103BD00053813BB900EB400083000020C850704780
:103BE0000220704700207047100E0020002302E0E2
:103BF00010BC70470133012B17D803EB43020B496C
:103C000051F822208242F5D110B403EB4302920016
:103C100000248C500133012BEAD803EB4302034903
:103C200051F822208242F5D1EFE77047100E0020B4
:103C3000D0F824320433490AD0F8002292F8022244
:103C4000B1FBF2F101E0091A0833186818B181429A
:103C5000F9D2586808447047CA7E8B7E43EA022333
:103C600090F80022032A01D018467047487D0A7D4B
:103C700042EA002243EA0243F6E78176C1F30723D2
:103C8000C376C1F307430375090E41757047000001
:103C90002DE9F84F89460C6800E0013423782F2B7A
:103CA000FBD05C2BF9D0D0F818A20B222021504673
:103CB000FFF79AFE002633464FF00808374619E012
:103CC000BF00FFB246464FF00B0812E015F0800F20
:103CD00025D129463148FFF79EFE00285AD1A5F18B
:103CE0004103DBB2192B20D847F002070AF806502F
:103CF00001365B4603F1010BE55C202D1FD92F2D0A
:103D00001DD05C2D1BD02E2D01D0B045DED8B8F1D2
:103D1000080F3DD12E2DD3D00620BDE8F88F47F0F7
:103D20000307803D1E4B5D5DD3E7A5F16103DBB268
:103D3000192BDBD847F00107203DEDB2D6E75C44F4
:103D4000C9F80040202D14D804232EB39AF800207F
:103D5000E52A10D0B8F1080F11D007F00302012AAC
:103D600010D007F00C07042F0FD08AF80B3000207A
:103D7000D3E70023E9E705228AF80020EAE7BF003D
:103D8000FFB2EAE743F01003EBE743F00803ECE788
:103D90000620C2E70620C0E70620BEE7CCAA00083E
:103DA000DCAA00080146006838B102461378202BCF
:103DB00006D93A2B04D00132F8E74FF0FF307047B4
:103DC0003A2B01D00020704710B4034613F8010BC2
:103DD0003038092808D89A4202D04FF0FF3005E069
:103DE00030B901320A6001E04FF0FF3010BC70477B
:103DF0004FF0FF30FAE7F8B590F804520DB92846B5
:103E0000F8BD0446D0F8307201233A46014690F8D6
:103E10000102FFF7C7FD0546D0B9002384F804323C
:103E2000D4F82432FB1AD4F81C229342E7D294F837
:103E300003620AE0D4F81C321F4401233A462146AB
:103E400094F80102FFF7AEFD013E012EF2D8D6E74D
:103E50000125D4E770B5D0F830328B4202D100266C
:103E6000304670BD04460D46FFF7C5FF06460028E4
:103E7000F6D101232A46214694F80102FFF786FD78
:103E800010B101264FF0FF35C4F83052E8E70000CA
:103E900010B50446002380F804324FF0FF33C0F819
:103EA0003032FFF7D7FF98BB024694F8FF1194F821
:103EB000FE3143EA01231BB217498B422AD194F801
:103EC000391094F838301B0443EA016394F8371032
:103ED00043EA012394F836100B4323F07F430F4944
:103EE0008B4213D094F8551094F854301B0443EAD5
:103EF000016394F8531043EA012394F852100B43E2
:103F000023F07F4305498B4200D00122104610BDAB
:103F10000322FBE70222F9E755AAFFFF46415400BE
:103F200008B5D0F80C0201F043FC08BD2DE9F043C0
:103F300085B005461746002303600846FFF732FFA9
:103F4000061EC0F2A481A14B53F82640002C00F0BD
:103F5000A0812046FFF7E4FF002800F09F812C603D
:103F600094F800327BB194F80102FFF7EFFC10F0F7
:103F7000010508D1002F00F08D8110F0040F00F032
:103F800089810A2586E1002384F80032F0B284F8A2
:103F90000102FFF7E7FC10F0010F40F081811FB133
:103FA00010F0040F40F07E8100212046FFF770FFE3
:103FB0000546012800F0D4800027032D00F074810D
:103FC000002D40F07381227BE37A43EA02231BB287
:103FD000B3F5007F40F06C81E27DA37D53EA0223BC
:103FE0000DD194F8272094F826301B0443EA02638D
:103FF00094F8252043EA022394F824201343C4F8BC
:104000001C32217C84F803124A1ED2B2012A00F22B
:10401000518103FB01F1607B84F80202002800F06B
:104020004B81421E104240F04981A27C667C46EAE8
:104030000226A4F8086216F00F0F40F0418194F8B0
:1040400014C0E27C52EA0C220ED194F823C094F8FA
:104050002220120442EA0C6294F821C042EA0C22A7
:1040600094F820C042EA0C0294F80FE094F80EC0D5
:104070005CEA0E2C00F026810CEB010909EB161905
:104080004A45C0F02181A2EB0902B2FBF0FE824258
:10409000C0F01C8140F6F57296457AD84FF00108C1
:1040A0004FF6F572964501D94FF003080EF1020E56
:1040B000C4F818E2C4F820720CEB0702C4F82422FA
:1040C00007EB0900C4F82C02B8F1030F64D0002EEE
:1040D00000F000811144C4F82812B8F1020F71D029
:1040E0000EEB4E010EF0010202EB510202F2FF1242
:1040F000B3EB522FC0F0F0804FF0FF33C4F814320E
:10410000C4F81032802384F80532B8F1030F61D06F
:1041100084F800822E4A138801339BB21380A4F8DE
:1041200006322046FFF762FDB4E0002304AA02EB4A
:10413000810242F8103C0131032913D80B0103F529
:10414000DF7323441A79002AEFD0D87A9A7A1204BE
:1041500042EA0062587A42EA00221B7A1343E5E7FA
:104160000021E9E700260BE039462046FFF790FEE4
:10417000054600283FF421AF0136032E3FF61DAF60
:1041800004AB03EB860353F8107C002FECD102251F
:10419000F2E74FF0020883E7002E40F0998094F890
:1041A0002F1094F82E20120442EA016294F82D1088
:1041B00042EA012294F82C100A43C4F828224FEA5C
:1041C0008E0293E74FEA4E0290E700BF0C0E0020EC
:1041D000280E002094F8312094F8303043EA02236E
:1041E0001BB2012B94D1791C2046FFF733FE002827
:1041F0008ED1002384F8053294F8FF2194F8FE3123
:1042000043EA02231BB2354A934281D1E278A37874
:104210001B0443EA0263627843EA022322781343D1
:104220002F4A93427FF474AF94F8E72194F8E63173
:104230001B0443EA026394F8E52143EA022394F85D
:10424000E4211343274A93427FF462AF94F8EB21B1
:1042500094F8EA311B0443EA026394F8E92143EA43
:10426000022394F8E8211343C4F8143294F8EF21A0
:1042700094F8EE311B0443EA026394F8ED2143EA1B
:10428000022394F8EC211343C4F8103240E70B25C5
:1042900000E00C25284605B0BDE8F0830F25F9E7BE
:1042A0000325F7E70A25F5E70125F3E70D25F1E7F3
:1042B0000D25EFE70D25EDE70D25EBE70D25E9E7EA
:1042C0000D25E7E70D25E5E70D25E3E70D25E1E7FA
:1042D0000D25DFE70D25DDE70D25DBE755AAFFFFFF
:1042E000525261417272416138B560B10546D0F8F1
:1042F000003243B193F800222AB1B3F80612B0F8A5
:104300000422914202D00924204638BD93F80102CC
:10431000FFF71CFB10F00104F5D1D5F80002FFF700
:10432000FFFD0028F0D10F24EEE770B108B50C298D
:1043300005D00B2903D0092901D00F2900D108BDD0
:10434000D0F80C0201F03EFAF9E7704738B50446A0
:10435000FFF751FD054658B994F80032032B09D0F8
:104360000022114694F80102FFF728FB00B1012555
:10437000284638BD94F80532012BF1D14FF4007274
:1043800000212046FFF730FB552384F8FE31AA2395
:1043900084F8FF315223237063706123A37041229C
:1043A000E270722184F8E41184F8E51184F8E621C2
:1043B00084F8E731D4F8143284F8E831C3F30722E3
:1043C00084F8E921C3F3074284F8EA211B0E84F83C
:1043D000EB31D4F8103284F8EC31C3F3072284F8BF
:1043E000ED21C3F3074284F8EE211B0E84F8EF3170
:1043F000D4F820220132C4F830220123214694F857
:104400000102FFF7CFFA002384F80532A8E702394A
:10441000D0F81832023B8B4206D990F80232D0F81D
:104420002C0201FB030070470020704701295ED970
:10443000F8B505460C46D0F818328B4259D990F899
:104440000032022B2BD0032B39D0012B01D00120BD
:1044500050E001EB5106D0F8241201EB5621FFF792
:10446000F9FC10B14FF0FF3044E0771CC6F30806AA
:10447000AE5DD5F8241201EB57212846FFF7EAFC80
:10448000002838D1C7F30807E85D46EA002014F099
:10449000010F01D000092DE0C0F30B002AE0D0F895
:1044A000241201EB1421FFF7D5FC38BB640004F49F
:1044B000FF742B195B78285D40EA03201AE0D0F8DE
:1044C000241201EBD411FFF7C5FCD0B9A40004F409
:1044D000FE742B19DA789878000440EA02605B7861
:1044E00040EA03202B5D184320F0704002E00120D9
:1044F00070470120F8BD4FF0FF30FBE74FF0FF3071
:10450000F8E74FF0FF30F5E7F8B50746A0F80612D8
:10451000D0F80842012C44D00E46D0F80032D3F82F
:104520001822A2423FD91CB993F80022032A17D0BF
:10453000CCB9B3F80822B24237D9D3F82802C7F869
:104540000C42D0B300EB1610C7F81002D7F80032B7
:1045500006F00F0103EB4111C7F814120020F8BD5B
:10456000D3F82842E4E793F802522D01AE4212D369
:104570002146D7F80002FFF759FF0446B0F1FF3F8C
:1045800015D0012815D9D7F80032D3F81832834254
:1045900011D9761BEAE72146D7F80002FFF737FF6B
:1045A000CDE70220DBE70220D9E70220D7E7012090
:1045B000D5E70220D3E70220D1E70220CFE7012987
:1045C00040F285802DE9F04105460C461646D0F8AC
:1045D00018328B427DD990F80032022B42D0032B47
:1045E00054D0012B02D00220BDE8F08101EB51072D
:1045F000D0F8241201EB5721FFF72CFC0028F3D14F
:1046000007F10108C7F3080714F001041FD0EB57A6
:1046100003F00F03320102F47F621343DBB2EB5568
:10462000012385F80432D5F8241201EB58212846DD
:10463000FFF710FC0028D7D1C8F308084CB1C6F327
:10464000071205F80820012385F80432CCE7F3B2FD
:10465000E5E715F9082022F00F02C6F303263243DE
:10466000D2B2EEE7D0F8241201EB1421FFF7F2FBEF
:104670000028B9D1640004F4FF742B192E55C6F339
:1046800007225A70012385F80432ADE7D0F82412CE
:1046900001EBD411FFF7DEFB0028A5D1A40004F440
:1046A000FE742919CA788B781B0443EA026303F06D
:1046B000704333432E55C6F307224A70C6F30742B0
:1046C0008A701B0ECB70012385F804328CE7022020
:1046D0007047022088E7F8B505460F4641B9D0F883
:1046E00010629EB1D0F81832B34210D801260EE005
:1046F000FFF79CFE034601284BD9B0F1FF3F4DD098
:10470000D5F81822824249D83E4600E001263446B8
:104710000CE021462846FFF789FE034678B1B0F148
:10472000FF3F3BD0012839D0B44236D00134D5F810
:104730001832A342EDD8012E2DD90224E9E76FF0FB
:10474000704221462846FFF73AFF034600B997B961
:10475000C3B9C5F81042D5F81432B3F1FF3F1FD0EA
:10476000013BC5F8143295F8053243F0010385F892
:104770000532234612E0224639462846FFF71FFF3E
:104780000346E5E7012B01D0012307E04FF0FF339B
:1047900004E0012302E0002300E000231846F8BDF6
:1047A0002346FBE72DE9F843B0F806526B1C9AB29A
:1047B000002A00F0838004460F46D0F81022002A19
:1047C0007ED013F00F060BD10132C0F81022D0F8C2
:1047D0000C1289B9D0F80022B2F808229A4271D995
:1047E0000135A4F80652D4F8003203EB4613C4F89E
:1047F00014320020BDE8F883D0F8000290F80222BD
:10480000013A12EA1318EBD1FFF710FE8146012896
:104810005AD9B0F1FF3F59D0D4F80002D0F818327D
:104820004B4541D8002F53D0D4F80C12FFF753FF5B
:10483000814600284ED001284ED0B0F1FF3F4DD028
:10484000D4F80002FFF7D7FA08B10120D2E74FF4FD
:1048500000720021D4F80002FFF7C6F8D4F8007205
:1048600049463846FFF7D3FDC7F83002D4F8003286
:1048700093F80222424511D9012283F80422D4F888
:104880000002FFF7B8FA58BBD4F80022D2F8303251
:104890000133C2F8303208F10108E7E7D3F83022DB
:1048A000A2EB0802C3F83022C4F80C924946D4F8AF
:1048B0000002FFF7ACFDC4F8100291E7042099E76D
:1048C000042097E7042095E7022093E7012091E771
:1048D00004208FE707208DE702208BE7012089E77E
:1048E000012087E738B504460021FFF70DFE054695
:1048F00040B1284638BD00212046FFF753FF05464A
:104900000028F6D1D4F81012D4F80002FFF7A2FA6A
:1049100005460028EDD1D4F8140203785BB1C37AC0
:1049200013F0080FE7D10B22D4F81812FFF764F840
:104930000028E0D1DDE70425DBE710B582B00446AE
:1049400001910B782F2B01D05C2B01D1013101910A
:104950000023C4F80832019B1B781F2B1DD901A925
:104960002046FFF795F90346F8B92046FFF7BAFF4E
:10497000D4F81832DA7A0346D0B912F0040F14D101
:10498000D4F81412CB7A13F0100F18D0D4F8000218
:10499000FFF762F9C4F80802E1E700212046FFF7BB
:1049A000B3FD03460022C4F81422184602B010BD1D
:1049B0000428FAD112F0040FF7D10523F5E70523F7
:1049C000F3E770B504460E460021FFF79DFD024651
:1049D000D8B9002508E00135B54216D0012120469E
:1049E000FFF7E0FE024680B9D4F81012D4F80002B6
:1049F000FFF730FA024640B9D4F814321B78E52BA1
:104A0000E9D0002BE7D00025E8E7042A01D01046C2
:104A100070BD0722FBE738B504460121FFF7D1FF3F
:104A2000054608B1284638BDD4F81012D4F8000263
:104A3000FFF710FA05460028F4D120220021D4F80F
:104A40001402FEF7D1FF0B22D4F81812D4F8140286
:104A5000FEF7C0FFD4F80032012283F80422E1E718
:104A6000F8B501292DD904460D46D0F818328B42ED
:104A70002AD9002700E03546D4F81832AB4221D9B4
:104A800029462046FFF7D2FC0646D8B101281DD0A2
:104A9000B0F1FF3F1CD0002229462046FFF78FFDD2
:104AA000074678B9D4F81432B3F1FF3FE3D00133AD
:104AB000C4F8143294F8053243F0010384F8053247
:104AC000D9E702273846F8BD0227FBE70227F9E7B6
:104AD0000127F7E770B584B0019000911646039165
:104AE00003A8FFF75FF9041E2FDB1C4B53F824507B
:104AF00055B12846FFF77AF8D5F80C0200F053FEBE
:104B000028B3002385F80032019941B1002381F8D0
:104B1000003201F50371E0B200F035FEC8B1019B2F
:104B20000E4A42F82430B3B1012E03D000242046AF
:104B300004B070BD0022694601A8FFF7F7F90446EA
:104B400001460198FFF7F1FBF1E70B24EFE70224A0
:104B5000EDE70224EBE70024E9E700BF0C0E00209C
:104B60002DE9F043ADF50F7D0191002800F0EF80B5
:104B7000144606460023C0F8003202F01F0702F078
:104B80001E0201A986A8FFF7D1F9054640B12946C2
:104B90008698FFF7CAFB28460DF50F7DBDE8F08328
:104BA00003AB8C93019906A8FFF7C7FEDDF82C82B2
:104BB000054658B9B8F1000F5DD037F0010314BFB6
:104BC0000121002106A8FEF72FFF054614F01C0F57
:104BD00000F0A780002D5AD0042D4ED047F00807D2
:104BE000DDF82C8215B917F0080F5CD1C5B917F0A4
:104BF000080F01D047F02007869BD3F83032C6F863
:104C00001C32C6F8208237F0010314BF01210021B5
:104C100006A8FEF761FFC6F82802002800F095807C
:104C2000002DB4D186F80672002486F80742869FCC
:104C300041463846FFF710F8C6F8100298F81F20D2
:104C400098F81E301B0443EA026398F81D2043EADB
:104C5000022398F81C201343C6F80C32C6F8084209
:104C6000C6F81842C6F82442C6F80072B7F80632F1
:104C7000A6F804328BE70625A8E7FEF71BFF08B964
:104C80001225ABE706A8FFF7C6FE0546A6E798F88B
:104C90000B3013F0110F04D114F0040FA2D008252B
:104CA000A0E707259EE7FCF763FC88F80E00C0F339
:104CB000072388F80F30C0F3074388F81030000E40
:104CC00088F81100002488F80B4088F81C4088F808
:104CD0001D4088F81E4088F81F4041468698FEF720
:104CE000BBFF814621464046FEF7C7FF8698012359
:104CF00080F80432B9F1000F3FF478AFD0F83042B9
:104D00004946FFF7ADFE054600287FF46FAF869851
:104D100009F1FF33C0F810322146FFF79BF8054632
:104D200064E7002D7FF462AF98F80B3013F0100F9A
:104D300009D114F0020F3FF459AF13F0010F3FF403
:104D400055AF072552E7042550E702251FE709253F
:104D500021E72DE9F04F83B0044688461646994670
:104D60000023C9F80030FFF7BFFA019078B994F832
:104D7000073201938BB994F8063213F0020F15D065
:104D8000D4F80832F342C0F0E1800026DEE00146AC
:104D9000D4F80002FFF7C9FA9AE01946D4F80002E5
:104DA000FFF7C3FA94F80732019391E00721D4F892
:104DB0000002FFF7BAFA0723019389E0D4F82432FE
:104DC000002B3DD02046FEF733FF0346002B00F0BA
:104DD000ED80012B3AD0B3F1FF3F41D0C4F814323B
:104DE000D4F810220AB9C4F8103294F8063213F03D
:104DF000400F3FD1D4F800B2D4F814125846FFF750
:104E000006FB8246002851D0BA44750AB6F5007FE9
:104E100070D37B199BF80222934200D9D51B2B46F5
:104E2000524641469BF80102FEF7BCFD002846D1E0
:104E3000D4F81812A1EB0A01A9424DD36D0279E012
:104E4000D4F81412FFF747FC0346BFE7022584F8A5
:104E500007522946D4F80002FFF767FA019537E0B8
:104E6000012584F807522946D4F80002FFF75DFABD
:104E700001952DE0D4F800020123D4F81822214630
:104E800090F80102FEF78EFD30B994F8063223F057
:104E9000400384F80632ADE7012584F8075229461D
:104EA000D4F80002FFF741FA019511E0022584F8D9
:104EB000075229465846FFF738FA019508E00125C0
:104EC00084F807522946D4F80002FFF72EFA01951C
:104ED000019803B0BDE8F08F4FF4007208EB412158
:104EE0002046FEF777FD94F8063223F0400384F85D
:104EF0000632A3E7D4F81832534505D0D4F8082277
:104F0000D4F80C329A423ED3C4F818A2D4F808025E
:104F1000C0F30800C0F50075AE4200D235462A46FF
:104F200041462044FEF756FD94F8063243F0400314
:104F300084F80632A844D4F808322B44C4F8083266
:104F4000D9F800302B44C9F80030761B76B3D4F87A
:104F50000812C1F30803002BD8D1D4F8000290F84E
:104F60000272013FFFB217EA51277FF43EAF0029DA
:104F70007FF424AFD4F81032002B7FF427AFFFF773
:104F8000AAFB034622E70123524621469BF8010271
:104F9000FEF7FCFC0028B7D0012584F8075229460B
:104FA000D4F80002FFF7C1F9019591E7D4F808326F
:104FB000D4F80C22934201D9C4F80C3294F806328A
:104FC00043F0200384F806320021D4F80002FFF7F2
:104FD000ACF97DE770B582B004460D460A290DD0C4
:104FE0006368002B08DB5E1C23441D733C2E09DC28
:104FF0006660A3680133A36002B070BD0D21FFF7A6
:10500000E9FFEDE7214651F80C0B01AB3246FFF703
:10501000A0FE019B9E4202D04FF0FF36E8E700263B
:10502000E6E738B50446FFF75FF9054600BB94F89C
:10503000063213F0200F1BD013F0400F10D0D4F81D
:1050400000020123D4F81822214690F80102FEF74D
:10505000A9FCA0B994F8063223F0400384F8063284
:10506000D4F81C12D4F80002FEF7F4FE054668B12D
:105070002946D4F80002FFF758F9284638BD012127
:10508000D4F80002FFF751F90125F6E7D4F82052D1
:10509000EB7A43F02003EB7294F80C322B77B4F8E0
:1050A0000C321B0A6B7794F80E32AB7794F80F3200
:1050B000EB77D4F810122846FEF7DFFDFCF758FA1C
:1050C000A875C0F30723EB75C0F307432B76000EDA
:1050D00068760023AB74EB7494F8063223F0200357
:1050E00084F80632D4F80032012283F80422D4F87E
:1050F0000002FFF72BF90546BAE770B50446FFF743
:1051000090FF054608B1284670BD2046FFF7ECF831
:1051100005460028F7D1D4F80062D4F82802FEF73B
:1051200041FD054610B90023C4F800320021304685
:10513000FFF7FBF8E7E72DE9F84F04460D46FFF7C8
:10514000D3F80646D8B994F80712F1B9D4F8243246
:10515000002B00F0C380B5F1FF3F1DD0D4F80C72D6
:10516000AF4200D32F46C4F80872002F60D13146F9
:10517000D4F80002FFF7D9F83046BDE8F88F0146B1
:10518000D4F80002FFF7D1F8F6E7D4F80002FFF7F1
:10519000CCF894F80762EFE7984658F804BBD4F8C7
:1051A00010A2BAF1000F36D04FF0020909F102093E
:1051B0005146002701370D46D4F80002FFF736F9B3
:1051C0000146012815D9B0F1FF3F1BD001358542BA
:1051D000F0D0CB4505D3434643F8087BC8F804A07C
:1051E0009846D4F80032D3F818328B4215D98A4643
:1051F000DCE7022684F807623146D4F80002FFF7A4
:1052000094F8B9E7012684F807623146D4F8000221
:10521000FFF78BF8B0E74FF00209D4F82432C3F857
:105220000090D94500F251810023C8F800309EE774
:1052300007F1FF3949462046FEF7FAFC0146C4F85B
:105240001402D4F800824046FFF7E1F860B398F802
:105250000252013D05EA59250544C7F30807002F0E
:1052600085D0D4F81822AA4281D094F8063213F0DF
:10527000400F0CD00123214698F80102FEF792FB63
:10528000D0B994F8063223F0400384F80632D4F8FB
:10529000000201232A46214690F80102FEF776FB20
:1052A00098B9C4F8185262E7022684F807623146BA
:1052B0004046FFF73AF85FE7012684F80762314677
:1052C000D4F80002FFF731F856E7012684F80762A8
:1052D0003146D4F80002FFF728F84DE7D4F80C3235
:1052E000AB4205D294F8062212F0020F00D11D46FF
:1052F000D4F808320022C4F808220DB3D4F8000212
:1053000090F802824FEA482883B16A1EB2FBF8F295
:10531000013BB3FBF8F18A4208D3C8F100071F40F4
:10532000C4F80872EF1BD4F8145207E0D4F8103216
:10533000002B42D0C4F814322F461D46002D74D1E4
:10534000D4F80832C3F308033BB3D4F81822AA42B6
:1053500023D094F8063213F0400F10D0D4F8000296
:105360000123214690F80102FEF71CFB002840F0C3
:105370009A8094F8063223F0400384F80632D4F879
:10538000000201232A46214690F80102FEF7FEFAA8
:10539000002840F09180C4F81852D4F80832D4F8AC
:1053A0000C2293427FF6E3AEC4F80C3294F8063236
:1053B00043F0200384F80632D9E60021FFF78BF989
:1053C0000346012805D0B0F1FF3F0BD0C4F810020E
:1053D000B0E7022684F807623146D4F80002FEF7EF
:1053E000A4FFC9E6012684F807623146D4F800021A
:1053F000FEF79BFFC0E62946D4F80002FFF716F837
:105400000546B5F1FF3F32D0012D39D9D4F800322D
:10541000D3F81832AB4233D9C4F81452D4F8083256
:105420004344C4F80832A7EB080747450DD994F860
:10543000063213F0020FDED02946D4F80002FFF73F
:105440004AF905460028DCD14746D4F808323B44E7
:10545000C4F80832C7F308031BB3D4F80082294606
:105460004046FEF7D4FFA0B100EB572568E70126C0
:1054700084F807623146D4F80002FEF756FF7BE657
:10548000022684F807623146D4F80002FEF74DFF89
:1054900072E6022684F8076231464046FEF745FF71
:1054A0006AE61D464CE7012684F807623146D4F8C7
:1054B0000002FEF73AFF5FE6012684F807623146F4
:1054C000D4F80002FEF731FF56E611264FE60EB47F
:1054D0002DE9F0479BB023AB53F8045B0190002209
:1054E000029203921993F7E002352178302904D013
:1054F0002D2906D0002600240EE0A51C6178012687
:10550000F9E7A51C61780226F5E704EB840401EBBA
:105510004404303C15F8011BA1F13003DBB2092B28
:10552000F3D96C2901D04C2903D146F0040615F8B3
:10553000011B002900F0DC80A1F16103DBB2192B13
:1055400014D8A1F12003DBB2A3F14202162A53D8EA
:10555000DFE802F0563B43525252525252525252DC
:1055600052585252520E5243525250000B46EBE7E1
:10557000199B1A1D1992D3F80080002700E001370B
:1055800018F80730002BFAD116F0020F0FD104E003
:10559000202101A8FFF71EFD37467E1CA742F7D346
:1055A000374604E008F1010801A8FFF713FD98F859
:1055B00000100029F6D104E0202101A8FFF70AFD20
:1055C00037467E1CA742F7D386E0199B1A1D199215
:1055D000197801A8FFF7FEFC7EE00A2016F0040F00
:1055E00012D0199A171D19971268442B18D04FF032
:1055F000000C2BE01020F1E701A8FFF7EBFC6BE0BB
:105600000220EBE70820E9E7442B04D0199A171D84
:1056100019971268E9E7199A171D19971268E4E7B4
:10562000002AE4DA524246F00806E0E727273B4426
:10563000DBB20CF1010730330CF16809E94409F8D9
:10564000183CC64510D80F2F0ED8BC468646B2FB74
:10565000F0F700FB1723DBB290463A46092BE8D956
:105660007829E3D00727E2E716F0080F08D007F102
:1056700068030DEB03072D2307F8183C0CF1020714
:1056800016F0010F0FD04FF0300AB84616F0020F97
:105690000DD108F10109A04508D2514601A8FFF734
:1056A00099FCC846F2E74FF0200AEEE7C846013FF2
:1056B00007F168036B4413F8181C01A8FFF78AFC74
:1056C000002FF4D104E0514601A8FFF783FCB04657
:1056D00008F10106A045F6D32C4614F8011B39B198
:1056E00025293FF401AF01A8FFF774FC2546F3E735
:1056F000029A002A0FDB18AB04A90198FFF729FBD7
:1057000060B9029A189B9A420BD103981BB0BDE86E
:10571000F04703B070474FF0FF30F7E74FF0FF302E
:10572000F4E74FF0FF30F1E7134B5B7ADBB2012B6C
:1057300001D90120704710B404460F4B93F809C0FB
:105740005FFA8CFC002003F80C0093F809C003EB0F
:105750008C0CCCF804405C7A1C4422725A7A541C9B
:10576000E4B25C7230320A703A234B702F238B7094
:10577000C87010BC704700BF2C0E002008B5002276
:10578000FFF7D2FF08BD10B582B00C46002300938E
:1057900001930121684601F078FC2060003818BFB1
:1057A000012002B010BD08B501F0EFFC012008BDDA
:1057B00008B54FF47A7101F08CFC08B1002008BDE7
:1057C0000120FCE708B501F0B3FC08BD00F10803B7
:1057D00043604FF0FF328260C360036100230360C7
:1057E000704700230361704743684B609A688A6082
:1057F000516099600861036801330360704730B4F9
:105800000D68B5F1FF3F11D000F108031C465B683D
:105810001A68AA42FAD963684B6099608C6061602B
:10582000086103680133036030BC70470469F2E724
:105830000369416882688A60416851605A6882429F
:1058400006D0002202611A68013A1A60186870478F
:1058500082685A60F5E70346406A18B11B6B186806
:10586000C0F10500704710B5044601F013FEA26BAD
:10587000E36B9A4204D0002401F02EFE204610BDB6
:105880000124F9E710B5044601F004FEA36B23B927
:10589000012401F021FE204610BD0024F9E770B577
:1058A00004461546866B026C5AB903681BB100208A
:1058B0000136A66370BD806801F012FA0023A36070
:1058C000F6E76DB9406801F09DFF226C63681344F0
:1058D0006360A268934219D3236863602846E7E7B0
:1058E000C06801F08FFF226C5142E3689B1AE360AD
:1058F0002268934202D2A3680B44E360022D01D0D8
:105900000020D5E726B1013E0020D1E72846CFE7A9
:105910000020CDE708B50346026C62B10846D9689D
:105920001144D960D3F808C0614501D31968D96022
:10593000D96801F067FF08BD38B5054601F0AAFD3A
:1059400095F8454064B201E0013C64B2002C0ADDE8
:105950006B6A43B105F1240001F0C2F80028F3D0CE
:1059600001F052F9F0E7FF2385F8453001F0B4FD6E
:1059700001F090FD95F8444064B201E0013C64B24E
:10598000002C0ADD2B6943B105F1100001F0A8F8E5
:105990000028F3D001F038F9F0E7FF2385F8443010
:1059A00001F09AFD38BD38B5E0B10D46044601F06E
:1059B00071FD2368E26B216C01FB0230A0600020C6
:1059C000A0636360013A02FB0133E360FF2384F8C4
:1059D000443084F84530FDB9236963B901F07CFD9A
:1059E000012038BD4FF0500383F31188BFF36F8F50
:1059F000BFF34F8FFEE704F1100001F071F80028AB
:105A0000ECD04FF0E0234FF08052C3F8042DBFF3E9
:105A10004F8FBFF36F8FE1E704F11000FFF7D6FE61
:105A200004F12400FFF7D2FED8E710B50346029830
:105A30000C4631B90060C36304640121FFF7B3FF72
:105A400010BD0260F7E740B94FF0500383F31188AF
:105A5000BFF36F8FBFF34F8FFEE710B584B01C46C6
:105A6000844653B192B189B94FF0500383F3118842
:105A7000BFF36F8FBFF34F8FFEE74FF0500383F3F9
:105A80001188BFF36F8FBFF34F8FFEE76AB14823D2
:105A90000393039B482B13D04FF0500383F31188DB
:105AA000BFF36F8FBFF34F8FFEE70029EFD04FF0AA
:105AB000500383F31188BFF36F8FBFF34F8FFEE75F
:105AC000039B012384F8463000949DF8183060460B
:105AD000FFF7ABFF204604B010BD40B94FF05003B4
:105AE00083F31188BFF36F8FBFF34F8FFEE7F0B5DD
:105AF00083B00D461446064601FB00F0483001F025
:105B0000B3FB074650B1002380F84630009023468F
:105B100000F1480229463046FFF787FF384603B0B8
:105B2000F0BDF0B585B0019288B10F461D46044620
:105B3000B1B1022D20D1E36B012B1DD04FF05003EA
:105B400083F31188BFF36F8FBFF34F8FFEE74FF0E2
:105B5000500383F31188BFF36F8FBFF34F8FFEE7BE
:105B6000036C002BE5D04FF0500383F31188BFF393
:105B70006F8FBFF34F8FFEE701F04CF8064658B920
:105B8000019B002B48D04FF0500383F31188BFF3E3
:105B90006F8FBFF34F8FFEE700263DE02A46394660
:105BA0002046FFF77CFE636A7BB948B14FF0E023E3
:105BB0004FF08052C3F8042DBFF34F8FBFF36F8FA8
:105BC00001F08AFC012005B0F0BD04F1240000F0D2
:105BD00087FF0028F4D04FF0E0234FF08052C3F845
:105BE000042DBFF34F8FBFF36F8FE9E701F074FC13
:105BF0000020E8E702A800F0B9FF012619E0002321
:105C000084F8443021E0002384F8453023E0204626
:105C1000FFF792FE00F0EAFD01F03CFCA26BE36BA3
:105C20009A42BBD3022DB9D0019B002BDED0002EAF
:105C3000E0D001F051FC00F037FD01F02BFC94F8AE
:105C4000442052B2B2F1FF3FD9D094F8452052B26D
:105C5000B2F1FF3FD7D001F03FFC01A902A800F04C
:105C600091FFD8B92046FFF7FEFD0028CFD001995B
:105C700004F1100000F01CFF2046FFF75DFE00F06D
:105C8000B5FD0028C8D14FF0E0234FF08052C3F893
:105C9000042DBFF34F8FBFF36F8FBDE72046FFF793
:105CA0004BFE00F0A3FD00208DE72DE9F84390B1F5
:105CB0000F4616461C460546B1B1022C20D1EB6BAF
:105CC000012B1DD04FF0500383F31188BFF36F8F6A
:105CD000BFF34F8FFEE74FF0500383F31188BFF3FC
:105CE0006F8FBFF34F8FFEE7036C002BE5D04FF0B3
:105CF000500383F31188BFF36F8FBFF34F8FFEE71D
:105D000001F0B2FCEFF311894FF0500383F31188D7
:105D1000BFF36F8FBFF34F8FAA6BEB6B9A4206D323
:105D2000022C04D0002089F31188BDE8F88395F88F
:105D300045804FFA88F8AB6B224639462846FFF774
:105D4000AEFDB8F1FF3F06D008F101035BB285F864
:105D500045300120E7E76B6A0BB90120E3E705F165
:105D6000240000F0BDFE18B126B101203060DAE752
:105D70000120D8E70120D6E768B170B50C4605468A
:105D8000036C8BB14FF0500383F31188BFF36F8F17
:105D9000BFF34F8FFEE74FF0500383F31188BFF33B
:105DA0006F8FBFF34F8FFEE70368EBB101F05CFC30
:105DB000EFF311864FF0500383F31188BFF36F8F19
:105DC000BFF34F8FAA6BEB6B934226D995F8453002
:105DD0005BB20132AA63B3F1FF3F11D001335BB272
:105DE00085F84530012019E08368002BDED04FF0A4
:105DF000500383F31188BFF36F8FBFF34F8FFEE71C
:105E00006B6A0BB9012009E005F1240000F068FE7F
:105E100038B144B10120206000E0002086F31188F1
:105E200070BD0120FAE70120F8E7F0B585B00192D6
:105E300090B10F460446C1B100F0ECFE064600BB2F
:105E4000019B002B5ED04FF0500383F31188BFF30A
:105E50006F8FBFF34F8FFEE74FF0500383F311882E
:105E6000BFF36F8FBFF34F8FFEE7036C002BE3D0C0
:105E70004FF0500383F31188BFF36F8FBFF34F8F41
:105E8000FEE700263EE039462046FFF743FD013D90
:105E9000A563236923B901F01FFB012005B0F0BD04
:105EA00004F1100000F01CFE0028F4D04FF0E023B5
:105EB0004FF08052C3F8042DBFF34F8FBFF36F8FA5
:105EC000E9E701F009FB0020E8E702A800F04EFE38
:105ED000012621E0002384F8443029E0002384F8DF
:105EE00045302BE02046FFF727FD00F07FFC09E05E
:105EF0002046FFF721FD00F079FC2046FFF7C2FCA9
:105F000000283FD101F0C6FAA56B002DBBD1019B43
:105F1000002BD6D0002ED8D001F0DEFA00F0C4FB62
:105F200001F0B8FA94F844305BB2B3F1FF3FD1D03E
:105F300094F845305BB2B3F1FF3FCFD001F0CCFA1B
:105F400001A902A800F01EFE0028D1D12046FFF7CB
:105F500099FC0028C6D0019904F1240000F0A8FDA6
:105F60002046FFF7E9FC00F041FC0028CAD14FF0C1
:105F7000E0234FF08052C3F8042DBFF34F8FBFF3DF
:105F80006F8FBFE7002089E770B584B0019158B1E9
:105F90000446036C8BB14FF0500383F31188BFF3B9
:105FA0006F8FBFF34F8FFEE74FF0500383F31188DD
:105FB000BFF36F8FBFF34F8FFEE700F02BFE054658
:105FC00050B9019B5BB14FF0500383F31188BFF3CD
:105FD0006F8FBFF34F8FFEE70026354655E006462C
:105FE00053E0013BA36323683BB123694BB901F044
:105FF00073FA0126304604B070BD00F025FFA060A2
:10600000F3E704F1100000F06BFD0028EFD04FF033
:10601000E0234FF08052C3F8042DBFF34F8FBFF33E
:106020006F8FE4E746B14FF0500383F31188BFF35D
:106030006F8FBFF34F8FFEE701F04EFADAE702A849
:1060400000F094FD01252AE0002384F8443032E07A
:10605000002384F8453034E001F01CFAA06800F019
:10606000E9FD064601F038FA3BE02046FFF764FC04
:1060700000F0BCFB09E02046FFF75EFC00F0B6FB39
:106080002046FFF7FFFB002842D101F003FAA36B83
:10609000002BA6D1019B002BC4D0002DCFD001F046
:1060A0001BFA00F001FB01F0F5F994F844305BB203
:1060B000B3F1FF3FC8D094F845305BB2B3F1FF3F76
:1060C000C6D001F009FA01A902A800F05BFD002882
:1060D000D1D12046FFF7D6FB0028C6D02368002B7D
:1060E000BAD0019904F1240000F0E2FC2046FFF749
:1060F00023FC00F07BFB0028C7D14FF0E0234FF0DA
:106100008052C3F8042DBFF34F8FBFF36F8FBCE7EE
:106110000EB900266EE701F0BDF92046FFF79BFBA4
:106120000146A06800F036FE01F0D6F9F1E72DE94E
:10613000F843B0B10D4616460446D9B101F094FAC1
:10614000EFF311884FF0500383F31188BFF36F8F83
:10615000BFF34F8FA76BCFB9002088F31188BDE83C
:10616000F8834FF0500383F31188BFF36F8FBFF3B1
:106170004F8FFEE7036C002BE0D04FF0500383F30A
:106180001188BFF36F8FBFF34F8FFEE794F84490F1
:106190004FFA89F929462046FFF7BCFB013FA76368
:1061A000B9F1FF3F06D009F101035BB284F8443036
:1061B0000120D2E723690BB90120CEE704F11000DA
:1061C00000F08EFC18B126B101203060C5E7012037
:1061D000C3E70120C1E700000023072B0FD8084ABE
:1061E00002EBC3025268824201D00133F5E7044A50
:1061F000002142F8331002EBC30359607047704727
:10620000380E002038B110B50446FFF7E5FF94F8CA
:1062100046304BB110BD4FF0500383F31188BFF3EC
:106220006F8FBFF34F8FFEE7204601F09BF8F1E739
:10623000084B1B681B6823B9074B4FF0FF321A60ED
:106240007047044B1B68DB68DB685A68024B1A60B6
:10625000704700BF7C0E0020280F00202DE9F0477A
:1062600007469846089DDDF824900A9C266B02F1AB
:106270008042013A06EB820626F0070600293AD052
:106280008E464FF0000CBCF10F0F0BD81EF80C20FF
:1062900004EB0C0383F834201EF80C3013B10CF11E
:1062A000010CF0E7002384F84330042D00D90425C5
:1062B000E56265644FF0000AC4F848A0201DFFF7AE
:1062C00090FA04F11800FFF78CFA2461C5F1050576
:1062D000A5616462C4F84CA084F850A042463946D7
:1062E000304601F0ADF82060B9F1000F01D0C9F8D7
:1062F0000040BDE8F087002384F83430D5E7000083
:1063000038B5002407E004EB840293000E481844DB
:10631000FFF75CFA0134042CF5D90C4D2846FFF741
:1063200055FA0B4C2046FFF751FA0A48FFF74EFA90
:106330000948FFF74BFA0948FFF748FA084B1D6078
:10634000084B1C6038BD00BF840E0020FC0E0020EE
:10635000100F0020340F0020600F00204C0F002091
:106360007C0E0020800E002010B5044601F092F84B
:10637000214A136801331360204B1B685BB1204B2B
:106380001B686BB91D4B1B68DA6AE36A9A4207D82F
:106390001A4B1C6004E0194B1C601368012B28D0B9
:1063A000184A136801331360E06A01238340164AD8
:1063B00011680B43136000EB8000211D134B03EBAE
:1063C0008000FFF711FA01F087F80D4B1B687BB1D5
:1063D0000A4B1B68DA6AE36A9A4209D24FF0E0235B
:1063E0004FF08052C3F8042DBFF34F8FBFF36F8F70
:1063F00010BDFFF785FFD3E7E80E0020780E0020E0
:10640000480F0020F40E0020F80E0020840E00201B
:1064100010B5044690F8513063B1012B11D0022B16
:106420000ED04FF0500383F31188BFF36F8FBFF38B
:106430004F8FFEE7006B00F095FF204600F092FFC3
:1064400010BD00F08FFFFBE70F4B1B68D3B110B5F9
:1064500001F020F80D4BDB68DC68201DFFF7E8F940
:106460000B4A1368013B1360074A1368013B136032
:1064700001F032F82046FFF7CBFF034B1B68002BDF
:10648000E6D110BD704700BFEC0E0020600F002069
:10649000E80E002008B5FFF7D7FF074B1B68012B5C
:1064A000F9D94FF0E0234FF08052C3F8042DBFF329
:1064B0004F8FBFF36F8FEEE7840E002070B5044658
:1064C0000D461D4B1E681D4B18680430FFF7B0F9D0
:1064D00050B91A4B1B68DA6A012303FA02F2184911
:1064E0000B6823EA02030B60B4F1FF3F0DD0344484
:1064F000124B1B685C60A64210D9124B18680F4BF8
:1065000019680431FFF77BF970BD002DEFD00B4BFC
:10651000196804310C48FFF767F9F5E70B4B186869
:10652000064B19680431FFF76AF9094B1B68A3424F
:10653000EAD9074B1C60E7E7740F0020780E0020B3
:10654000F80E0020800E00204C0F00207C0E002052
:10655000280F002030B587B00B9C7CB10C9DB5B1E5
:1065600054250495049D542D1AD04FF0500383F305
:106570001188BFF36F8FBFF34F8FFEE74FF05003CB
:1065800083F31188BFF36F8FBFF34F8FFEE74FF098
:10659000500383F31188BFF36F8FBFF34F8FFEE774
:1065A000049D0C9D2C63022485F851400024039423
:1065B000029505AC01940A9C0094FFF74FFE0C98DD
:1065C000FFF7D2FE059807B030BD2DE9F04385B046
:1065D0000746884614461E46900000F045FE00B36C
:1065E0008146542000F040FE0546B0B1C0F830901E
:1065F000E5B1002385F85130039302950D9B01937B
:106600000C9B00933346224641463846FFF726FE50
:106610002846FFF7A9FE012005E0484600F0A2FE4B
:10662000E6E74FF0FF3005B0BDE8F0834FF0FF30F4
:10663000F9E7000010B588B000240594069407AA75
:1066400006A905A8FAF71AFD059B0293069B01937C
:1066500000942346079A0E490E48FFF77BFF0E4B26
:10666000186090B14FF0500383F31188BFF36F8F20
:10667000BFF34F8F094B4FF0FF321A60084B0122D6
:106680001A60084B1C6000F08FFF08B010BD00BFFF
:106690005CAB000895640008240F0020280F002040
:1066A000480F0020740F0020024A13680133136062
:1066B000704700BFF00E0020014B1868704700BF04
:1066C000740F002008B500F0CFFF014B186808BD1B
:1066D000740F0020F8B53A4B1B68002B69D1394B79
:1066E0001D6801351D60C5B9374B1B681B6843B178
:1066F0004FF0500383F31188BFF36F8FBFF34F8FB9
:10670000FEE7314A1168314B186810601960304A51
:10671000136801331360FFF78BFD2E4B1B68AB42F0
:106720003DD900272C4B1B68DB6A03EB83039A00DF
:106730002A4B9B58012B00D90127294B1B68002BA2
:106740003CD001273AE001271F4B1B681B6843B36D
:106750001D4B1B68DB68DC6863689D4226D3261DE1
:106760003046FFF765F8A36A1BB104F11800FFF784
:106770005FF8E36A01229A401A49086802430A60F6
:1067800003EB83039A00314614481044FFF72CF8BA
:10679000E26A114B1B68DB6A9A42D4D2D4E7002725
:1067A000D2E70C4B4FF0FF321A60BBE7094A136087
:1067B000B8E70D4A13680133136000273846F8BD67
:1067C000F00E0020740F00207C0E0020800E0020B0
:1067D0002C0F0020280F0020780E0020840E0020AF
:1067E000780F0020F80E0020300F002038B5354B10
:1067F0001B6843B94FF0500383F31188BFF36F8FC9
:10680000BFF34F8FFEE700F045FE2E4B1A68013AAA
:106810001A601B68002B4FD12B4B1B680BB900244F
:106820004BE00024294B1B681BB3284BDB68DC685A
:1068300004F11800FEF7FCFF251D2846FEF7F8FFBF
:10684000E06A01238340224A11680B43136000EB86
:10685000800029461F4B03EB8000FEF7C5FFE26A6C
:106860001D4B1B68DB6A9A42DCD31C4B01221A6069
:10687000D8E70CB1FFF7DCFC194B1C6884B9174B47
:106880001C68D4B14FF0E0234FF08052C3F8042DC0
:10689000BFF34F8FBFF36F8F01240EE0013C07D091
:1068A000FFF718FF0028F9D00C4B01221A60F5E71A
:1068B0000B4B00221A60E2E7002400F00DFE204698
:1068C00038BD00BFF00E0020E80E0020340F00207D
:1068D000F80E0020840E0020780E0020780F002093
:1068E000300F002010B5A8B10446104B1B6843B10F
:1068F0004FF0500383F31188BFF36F8FBFF34F8FB7
:10690000FEE7FFF7D1FE00212046FFF7D7FDFFF796
:106910006DFF48B94FF0E0234FF08052C3F8042DCB
:10692000BFF34F8FBFF36F8F10BD00BFF00E00207D
:10693000204B1B681BB1204B01221A6070471E4B75
:1069400000221A601D4B1B68B3FA83F3DBB2C3F15C
:106950001F0303EB83018A0019498A5842B94FF09B
:10696000500383F31188BFF36F8FBFF34F8FFEE7A0
:10697000134903EB830082000A445068406850606A
:1069800003EB830C4FEA8C0208321144884209D091
:1069900003EB83039A000A4B13445B68DA68094BE4
:1069A0001A607047406862469100054A0A44506088
:1069B000EEE700BFF00E0020780F0020F80E002058
:1069C000840E0020780E002038B5044600F062FDE9
:1069D0005CB3251D2846FEF72BFF68B9E26A02EB7F
:1069E00082039B002B49CB5833B9012393402A499A
:1069F0000A6822EA03020A60A36A1BB104F11800C4
:106A0000FEF716FF29462548FEF7EEFE94F85030B3
:106A1000DBB2012B0CD000F05FFD214B1B685BB992
:106A2000204B1B68A3420ED038BD1E4B1C68D0E71C
:106A3000002384F85030EEE700F02CFDFFF7F8FB60
:106A400000F04AFDECE7164B1B68B3B1164B1B6810
:106A500043B14FF0500383F31188BFF36F8FBFF33F
:106A60004F8FFEE74FF0E0234FF08052C3F8042D24
:106A7000BFF34F8FBFF36F8FD6E7084B1A680B4BEE
:106A80001B689A4203D1074B00221A60CCE7FFF73C
:106A90004FFFC9E7840E0020F80E00204C0F0020A5
:106AA000480F0020780E0020F00E0020E80E002095
:106AB00058B110B50C46094A11681831FEF79FFE0F
:106AC00001212046FFF7FAFC10BD4FF0500383F37D
:106AD0001188BFF36F8FBFF34F8FFEE7780E002052
:106AE00038B5C368DC6824B304F118052846FEF7FE
:106AF0009FFE184B1B682BBB251D2846FEF798FEF2
:106B0000E06A01238340144A11680B43136000EBD1
:106B100080002946114B03EB8000FEF765FEE26A18
:106B20000F4B1B68DB6A9A4211D901200D4B18608C
:106B300038BD4FF0500383F31188BFF36F8FBFF35D
:106B40004F8FFEE729460848FEF74EFEE7E7002094
:106B5000EEE700BFF00E0020F80E0020840E0020AB
:106B6000780E0020780F0020340F0020034B1B68A4
:106B70000360034B1B684360704700BF2C0F00206D
:106B8000740F0020D8B170B50C46054601B300F073
:106B900081FC1B4B19686B68C81A2268B2F1FF3F71
:106BA00027D0184E3668D5F800C0B44501D08B42C6
:106BB00024D9824215D80023236001241AE04FF023
:106BC000500383F31188BFF36F8FBFF34F8FFEE73E
:106BD0004FF0500383F31188BFF36F8FBFF34F8FD4
:106BE000FEE75B1A134423602846FFF7BFFF00242B
:106BF00000E0002400F070FC204670BD0124F9E79D
:106C0000740F00202C0F0020014B01221A607047E6
:106C1000780F0020054B1B6833B1054B1B680BB187
:106C2000002070470220704701207047480F002065
:106C3000F00E0020002849D038B50446C36A254A22
:106C40001268D26A934239D28269002A05DB214A4E
:106C50001268D26AC2F105028261616903EB8303A3
:106C60001D4A02EB8303994205D01A4B1B68DB6A6D
:106C7000E362012038BD251D2846FEF7D9FD40B945
:106C8000E26A012303FA02F214490B6823EA0203C1
:106C90000B60104B1B68D86AE062012404FA00F311
:106CA0000E4A11680B43136000EB800029460A4B23
:106CB00003EB8000FEF798FD2046DBE7426C054BB6
:106CC0001B68DB6A9A4203D30020D3E70020704799
:106CD0000120CFE7780E0020840E0020F80E00205F
:106CE00000284CD038B50446274B1B68834208D097
:106CF0004FF0500383F31188BFF36F8FBFF34F8FB3
:106D0000FEE7836C43B94FF0500383F31188BFF360
:106D10006F8FBFF34F8FFEE7013B8364C16A426C04
:106D200091422ED00BB1002038BD051D2846FEF73C
:106D30007FFD70B9E26A02EB82039B001349CB58D6
:106D40003BB9012303FA02F211490B6823EA02035B
:106D50000B60606CE062C0F10503A361012404FADA
:106D600000F30B4A11680B43136000EB80002946C7
:106D7000064B03EB8000FEF737FD2046D4E70020EA
:106D800070470020D0E700BF780E0020840E00205E
:106D9000F80E0020002850D038B50446836C43B963
:106DA0004FF0500383F31188BFF36F8FBFF34F8F02
:106DB000FEE7426C8A4200D20A46E16A914201D063
:106DC000012B00D038BD1D4B1B68A3422CD0E262C2
:106DD000A369002B02DBC2F10502A261626901EB2B
:106DE0008101174B03EB81018A42EBD1251D284617
:106DF000FEF71EFD40B9E26A012303FA02F21149CF
:106E00000B6823EA02030B60E06A012383400D4A0A
:106E100011680B43136000EB80002946084B03EB1D
:106E20008000FEF7E1FCCDE74FF0500383F31188BB
:106E3000BFF36F8FBFF34F8FFEE77047780E0020D0
:106E4000840E0020F80E0020054B1B6823B1044B74
:106E50001A68936C01339364014B1868704700BF44
:106E6000780E002038B505460C4600F013FB1A4B8F
:106E70001B68DB6C2BB9184B1B68012283F8502070
:106E8000ACB900F029FB00F005FB134B1B68DC6C70
:106E900024B1DDB1104B1B680022DA640E4B1B6875
:106EA000002283F8502000F017FB204638BD114621
:106EB0002046FFF703FB4FF0E0234FF08052C3F86A
:106EC000042DBFF34F8FBFF36F8FDAE7024B1B68C0
:106ED000621EDA64E2E700BF780E0020F8B5A8B1C0
:106EE0000F4614461D46064600F0D4FA0DB1F36C69
:106EF0002B6096F85030DBB2022286F85020042C2A
:106F00001FD8DFE804F02B0C111619004FF05003C6
:106F100083F31188BFF36F8FBFF34F8FFEE7F26CDF
:106F20001743F76401241AE0F26C0132F264012481
:106F300015E0F764012412E0022B16D0F764012457
:106F40000DE0F26CB2F1FF3F11D04FF0500383F32C
:106F50001188BFF36F8FBFF34F8FFEE70124012B22
:106F600007D000F0B9FA2046F8BD0024F7E7012465
:106F7000F5E7351D2846FEF75BFCF06A01238340E8
:106F8000134A11680B43136000EB80002946114B34
:106F900003EB8000FEF728FCB36A43B14FF05003C7
:106FA00083F31188BFF36F8FBFF34F8FFEE7F26A51
:106FB000094B1B68DB6A9A42D3D94FF0E0234FF0AC
:106FC0008052C3F8042DBFF34F8FBFF36F8FC8E714
:106FD000F80E0020840E0020780E0020842801D0B6
:106FE0000330704700207047EFF30580003818BF6A
:106FF0000120704708B5FFF71DFB002008BD08B54C
:10700000FFF7F2FF10B1FFF75DFB08BDFFF754FB80
:10701000FBE72DE9F04387B004460F464569BDB153
:107020008669AEB1D0F80480D0F80090B0F90800BD
:10703000FFF7D4FF0296019500903B46226949462E
:107040004046FFF787FA0590059807B0BDE8F08342
:1070500065682668D4F81080B4F90800FFF7BEFF11
:1070600005AB019300903B461FFA88F23146284653
:10707000FFF7ABFA0128E7D00020E6E708B500B932
:107080000120FFF72FFC002008BD10B582B0446836
:107090007CB1012903D00024204602B010BD032397
:1070A00000932346002211460120FEF7CCFC044643
:1070B000F2E70129F0D1032200210120FEF70DFDA6
:1070C00004460028E8D000231A461946FEF729FD99
:1070D000E2E770B582B00023019318B30C46064670
:1070E000FFF782FF0546A0B101AA00213046FFF755
:1070F0001EF8012818D1019D8DB14FF0E0234FF00B
:107100008052C3F8042DBFF34F8FBFF36F8F00255C
:1071100005E021463046FEF737FF012806D1284614
:1071200002B070BD8025FAE7FF25F8E7FF25F6E7F6
:1071300010B582B0044600230193FFF755FF98B1C4
:1071400001A92046FEF718FE01281AD1019BD3B1F0
:107150004FF0E0234FF08052C3F8042DBFF34F8F60
:10716000BFF36F8F002008E000231A46194620461F
:10717000FEF7D7FC012802D0FF2002B010BD00208E
:10718000FBE7FF20F9E70020F7E710B50446FFF71B
:107190002BFF20B92046FFF735F8002010BD8220D4
:1071A000FCE70000124A12F0070F1ED0D11D21F09B
:1071B0000701C1F5005313440A460E48026000213E
:1071C00041601344083B23F007030B4803605960F8
:1071D0001960991A51601360084B1960084B1960C7
:1071E000084B4FF000421A6070474FF40053E4E739
:1071F000800F0020942F00207C0F0020882F00207B
:10720000842F0020802F0020154B1A461B688342D4
:10721000FBD3516802EB010C844509D0416800EBB7
:10722000010C634509D00360904218D0106070478C
:107230004068014451601046F0E710B4094C2468DE
:10724000A3420AD05B681944416013681B6803605D
:10725000904200D0106010BC70470460F8E770479F
:10726000942F00207C0F002070B50546FFF71CFA14
:10727000364B1B68A3B1364B1B681D424ED135B14E
:10728000083515F0070F02D025F007050835002D49
:1072900046D0304B1B68AB4251D32F4A146804E0F0
:1072A000FFF780FFE7E722461C466368AB4202D245
:1072B0002368002BF7D1254B1B68A34241D01668E9
:1072C00008362368136063685B1B102B10D96019A4
:1072D00010F0070F08D04FF0500383F31188BFF36D
:1072E0006F8FBFF34F8FFEE743606560FFF78CFF42
:1072F000626818490B689B1A0B60184909688B4231
:1073000001D216490B60124B1B68134363600023C4
:107310002360134A13680133136002E0002600E083
:107320000026FFF763FA16F0070F0CD04FF050035A
:1073300083F31188BFF36F8FBFF34F8FFEE70026F3
:10734000EFE70026EDE7304670BD00BF7C0F002060
:10735000802F0020842F0020942F0020882F0020D1
:107360008C2F0020002834D038B50446A0F1080541
:1073700050F8043C174A1268134208D14FF05003EA
:1073800083F31188BFF36F8FBFF34F8FFEE750F881
:10739000081C41B14FF0500383F31188BFF36F8F86
:1073A000BFF34F8FFEE723EA020340F8043CFFF7E8
:1073B0007BF954F8041C084A13680B4413602846F0
:1073C000FFF722FF054A136801331360FFF70EFA37
:1073D00038BD7047802F0020842F0020902F002080
:1073E00082B0002301930D4B1B68B3F1FF3F08D01F
:1073F0004FF0500383F31188BFF36F8FBFF34F8FAC
:10740000FEE74FF0500383F31188BFF36F8FBFF394
:107410004F8F019B002BFCD002B07047240000204E
:1074200006480068006880F3088862B661B6BFF35A
:107430004F8FBFF36F8F00DF00BF000008ED00E04B
:107440004FF0807340F8043C21F0010140F8081C23
:10745000034B40F80C3C40F8202C4038704700BFEC
:10746000E1730008000000000000000000000000C0
:10747000074B19680868B0E8F00F80F30988BFF37C
:107480006F8F4FF0000080F311884EF00D0E7047A3
:10749000780E00204FF0500383F31188BFF36F8FF5
:1074A000BFF34F8F0B4A136801331360012B00D0D9
:1074B00070474FF0E023D3F8043D13F0FF0FF7D0EF
:1074C0004FF0500383F31188BFF36F8FBFF34F8FDB
:1074D000FEE700BF24000020094B1B6843B94FF0B2
:1074E000500383F31188BFF36F8FBFF34F8FFEE715
:1074F000013B034A13600BB983F31188704700BF47
:107500002400002000000000000000000000000037
:10751000EFF30980BFF36F8F0D4B1A6820E9F00F6E
:1075200010602DE908404FF0500080F31188FFF7FC
:10753000FFF94FF0000080F31188BDE8084019689A
:107540000868B0E8F00F80F30988BFF36F8F7047C9
:10755000780E002008B54FF0500383F31188BFF375
:107560006F8FBFF34F8FFFF7B5F828B14FF0E023CF
:107570004FF08052C3F8042D002383F3118808BD17
:107580004FF0E022002313619361054B1B6805490E
:10759000A1FB03139B09013B536107231361704750
:1075A00020000020D34D621010B582B02A4B1A780B
:1075B000D2B20192FF221A701B78DBB28DF8033031
:1075C0009DF8033003F05003244A1370244B072224
:1075D0001A6009E0224A1368013B13609DF80330EA
:1075E0005B00DBB28DF803309DF8033013F0800FA1
:1075F000F0D11B4B1B68032B08D04FF0500383F3D3
:107600001188BFF36F8FBFF34F8FFEE71B02144A41
:10761000136003F4E0631360019BDBB20E4A137046
:107620004FF0E023D3F8202D42F47002C3F8202D50
:10763000D3F8202D42F07042C3F8202DFFF7A0FFB1
:107640000024084B1C60FFF7EBFEFFF771F9FFF712
:10765000C7FE204602B010BD00E400E09C2F0020D1
:10766000A02F002024000020EFF305830F2B0FD95B
:10767000114A9B5CDBB2114A12789A4208D94FF04A
:10768000500383F31188BFF36F8FBFF34F8FFEE773
:107690004FF0E023D3F80C3D03F4E063084A12688E
:1076A000934208D94FF0500383F31188BFF36F8FD3
:1076B000BFF34F8FFEE77047F0E300E09C2F002000
:1076C000A02F002010B503460C4A0D490D48006854
:1076D00040B10C4800680344521A934206D8094A44
:1076E000136010BD0748084C0460F2E700F060F832
:1076F0000C2303604FF0FF30F3E700BF0050002081
:1077000000040000A42F0020B82F002001207047A3
:1077100008B500F04DF8162303604FF0FF3008BDA8
:1077200008B54FF0FF31FFF7F3FFFEE770B50C46E9
:107730001646002506E0AFF30080214601F8010B54
:1077400001350C46B542F6DB304670BD4FF0FF30D8
:1077500070474FF400534B60002070470120704782
:1077600000207047FCF7F1F80B480C490C4A002345
:1077700002E0D458C4500433C4188C42F9D3094AE7
:10778000094C002301E013600432A242FBD300F055
:1077900015F8F9F715FA704700000020F8010020ED
:1077A0008CAF0008F8010020B82F0020FEE7000091
:1077B000014B1868704700BF2800002070B50026F4
:1077C0000C4D0D4C641BA410A64209D102F08AFF97
:1077D00000260A4D0A4C641BA410A64205D170BDB8
:1077E00055F8043B98470136EEE755F8043B9847B7
:1077F0000136F2E784AF000884AF000884AF0008C8
:1078000088AF00080A44914200F1FF3300D170476D
:1078100010B511F8014B914203F8014FF9D110BD99
:1078200003460244934200D1704703F8011BF9E775
:10783000002B2DE9F0471F46BBBF03F100431F4655
:1078400000232D2388B01446129A109D1370149BA8
:10785000DDF84CA023F02008B8F1460F05D0B8F1B0
:10786000450F00D10135022300E0032307AA04924B
:1078700006AACDE902A2CDE9003522463B4600F03A
:1078800033FEB8F1470F064602D1119BDB0722D524
:10789000B8F1460F06EB050910D13378302B0AD129
:1078A0000022002320463946F9F77EF818B9C5F1C1
:1078B0000105CAF80050DAF800309944002200238C
:1078C00020463946F9F770F808B1CDF81C903022FF
:1078D000079B4B4507D33046079B159A9B1B1360AC
:1078E00008B0BDE8F087591C07911A70F0E703460D
:1078F000F7B5002903F8022BB6BF2D222B224942EF
:10790000092942702BDD0DF10704A4460A2791FBDB
:10791000F7F60A46A64607FB1615632A05F1300559
:10792000314604F1FF340EF8015CF0DC3031AEF189
:10793000020504F8011C2946441C61450AD30DF1D7
:107940000902A2EB0E02654588BF00221344181AF3
:1079500003B0F0BD11F8012B04F8012FEDE730233F
:1079600030318370C170031DF1E700002DE9F04F45
:1079700091B00C46DDF8688016461F46054601F0BA
:1079800055FD036818460993F8F7E2FB00230E93B0
:10799000D8F800300A90073323F0070303F10802F8
:1079A00094F81890D4F800B0C8F80020D3E9002368
:1079B000C4E91223D4E9128A2AF000430B934FF052
:1079C000FF3240469C4B0B99F9F720F870BB4FF003
:1079D000FF324046984B0B99F8F7FAFF30BB002274
:1079E000002340465146F8F7E9FF10B12D2384F8F3
:1079F0004330924B9248B9F1470F94BF9846804666
:107A000003234FF0000A23612BF004032360334665
:107A10002146284600970FAA00F0D4F9013040F023
:107A200090804FF0FF3011B0BDE8F08F42465346D2
:107A300040465146F8F7EAFF48B1BAF1000FB8BF27
:107A40002D238048B8BF84F843307F4BD3E7636869
:107A500009F0DF015A1C42D106236360002206921E
:107A60000EAACDE904920DAA4BF4806303920DF1A6
:107A70003302CDE901322360636842460093284611
:107A800053460B91FFF7D4FE0B99804647290D9979
:107A900008D1C81C02DB6368994240DDA9F10209E4
:107AA0005FFA89F9B9F1650F1FD84A46013904F127
:107AB00050000D91FFF71BFF0E9A82461318012A02
:107AC000236102DC2268D20701D5013323619DF8CE
:107AD0003330002B9BD02D2384F8433097E7472980
:107AE000BCD1002BBAD10123B7E7B9F1660F18D189
:107AF000002963680BDD216113B92268D00702D524
:107B000001330B4423614FF0000AA165DFE713B98D
:107B10002268D20701D50233F4E70123F2E74FF0E0
:107B200067090E9B994205DB23682161D807EAD5D6
:107B30004B1CE7E70029CCBF0122C1F1020213442C
:107B4000E0E723685A0507D42369424631462846B0
:107B5000B84701302BD164E7B9F1650F40F2DD8001
:107B6000D4E9120100220023F8F71EFF002833D0C9
:107B7000012331462846354AB84701303FF451AF1A
:107B8000DDE90D239A4202DB2368D8070FD5DDE932
:107B9000092331462846B84701303FF442AF4FF041
:107BA000000804F11A090E9B013B434509DC2368D8
:107BB0009B0700F10281E0680F9B9842B8BF18460E
:107BC00031E701234A4631462846B84701303FF4A1
:107BD00028AF08F10108E6E70D9B002B38DC0123F4
:107BE00031462846194AB84701303FF41AAFDDE95B
:107BF0000D23134302D12368D907D8D5DDE9092322
:107C000031462846B84701303FF40BAF4FF000092A
:107C100004F11A0A0D9B5B424B4501DC0E9B94E775
:107C20000123524631462846B84701303FF4F9AEA9
:107C300009F10109EEE700BFFFFFEF7F68AB000825
:107C40006CAB000874AB000870AB000878AB0008A0
:107C50000E9AA36D9A42A8BF1A46002A914637DCB5
:107C60004FF0000B29EAE97904F11A02D4F858A080
:107C7000AAEB09035B4533DCDDE90D239A423BDBCC
:107C80002368DA0738D40E9B0D99A3EB0A02A3EB05
:107C900001099145A8BF9146B9F1000F34DC4FF0BE
:107CA000000829EAE97904F11A0ADDE90D239B1A93
:107CB000A3EB090343457FF77AAF012352463146D0
:107CC0002846B84701303FF4ACAE08F10108ECE7B4
:107CD0001346314642462846B8470130C0D1A0E697
:107CE0000123314628460B92B84701303FF499AE44
:107CF0000B9A0BF1010BB9E73146DDE90923284660
:107D0000B8470130BFD18CE64B463146284608EBD8
:107D10000A02B8470130C2D183E60E9A012A01DC7B
:107D2000DB0737D50123424631462846B8470130A4
:107D30003FF477AEDDE9092331462846B8470130E4
:107D40003FF46FAED4E9120100220023F8F72CFEB5
:107D5000D8B90E9B08F10102013B31462846B847CD
:107D600001300ED15DE601234A4631462846B84728
:107D700001303FF456AE08F101080E9B013B43452C
:107D8000F1DC534604F15002E0E64FF0000804F144
:107D90001A09F2E701234246DFE701234A4631464A
:107DA0002846B84701303FF43CAE08F10108E368CB
:107DB0000F995B1A4345F0DCFDE64FF0000804F133
:107DC0001909F4E72DE9F047164699468A680B69C8
:107DD00007469342B8BF1346336091F843200C46E0
:107DE000DDF820800AB1013333602368990642BF71
:107DF000336802333360256815F0060506D104F1B7
:107E0000190AE36832689B1AAB4228DC94F84320D5
:107E1000131E226818BF012392062DD44946384606
:107E200004F14302C047013020D02368E56803F025
:107E30000603042B18BF002532684FF00006A36824
:107E400008BFAD1A226908BF25EAE5759342C4BF91
:107E50009B1AED181A34B5421AD1002008E001230C
:107E6000524649463846C047013003D14FF0FF30F3
:107E7000BDE8F0870135C4E73020E11881F8430000
:107E80005A1C94F845102244023382F84310C5E787
:107E90000123224649463846C0470130E6D0013624
:107EA000D9E700002DE9FF470F7E9146782F8046E5
:107EB0000C469A460C9D01F1430207D8622F0AD85E
:107EC000002F00F0D980582F00F0A48004F1420563
:107ED00084F842703AE0A7F16303152BF6D801A1AC
:107EE00051F823F03D7F0008517F0008CD7E000847
:107EF000CD7E0008CD7E0008CD7E0008517F0008B1
:107F0000CD7E0008CD7E0008CD7E0008CD7E000825
:107F10005F800008817F000841800008CD7E000856
:107F2000CD7E000881800008CD7E0008817F00089A
:107F3000CD7E0008CD7E0008498000082B681A1D00
:107F40001B682A6004F1420584F842300123A4E052
:107F500020682968060601F104030AD50E682B6023
:107F6000002E03DA2D23764284F843300A235E483C
:107F700019E00E6810F0400F2B6018BF36B2EFE723
:107F80002B682068191D2960010601D51E6802E0D2
:107F90004606FBD51E886F2F0CBF08230A235248C4
:107FA000002184F843106568002DA8BF2168A560F2
:107FB000A4BF21F0040121600EB9002D4DD015465B
:107FC000B6FBF3F103FB1167C75D05F8017D37468A
:107FD000BB420E46F4D9082B0BD12368DE0708D527
:107FE000236961689942DEBF302305F8013C05F141
:107FF000FF35521B22614B4621464046CDF800A07A
:1080000003AAFFF7DFFE01304CD14FF0FF3004B080
:10801000BDE8F087344881F845702968236851F835
:10802000046B29601D0614D5DF0744BF43F020030D
:1080300023601EB9236823F0200323601023AFE7D9
:10804000236843F0200323607823284884F84530D0
:10805000E3E7590648BFB6B2E6E71546BBE72B682B
:108060002668181D6169286035061B6801D51960EE
:1080700002E07006FBD51980002315462361BAE79C
:108080002B6800211A1D2A601D686268284601F0CD
:1080900041FA08B1401B606063682361002384F8E3
:1080A0004330A8E72A46494640462369D047013075
:1080B000ABD023689B0713D4E068039B9842B8BFFA
:1080C0001846A4E70123324649464046D0470130CE
:1080D0009BD00135E36803995B1AAB42F2DCEBE716
:1080E000002504F11906F5E77AAB00088BAB000810
:1080F0000FB40A4B13B51C6824B1A36913B9204609
:1081000001F0F6F805AB2046049AA168019302F04D
:1081100005F802B0BDE8104004B070472800002008
:1081200070B50E46054618B183690BB901F0E0F849
:10813000AB69AC6813B9284601F0DAF82C4B9C42C5
:1081400020D16C68636EDB0705D4A389980502D43F
:10815000A06D01F070F9A38919071DD52369DBB162
:10816000013EA36816F8011F013BA36039BB002B39
:1081700038DA22460A21284600F068F8013011D08A
:108180000A2511E01B4B9C4201D1AC68DAE71A4B7F
:108190009C4208BFEC68D5E72146284600F0A8F8C5
:1081A0000028DDD04FF0FF35636EDA0705D4A389D0
:1081B0009B0502D4A06D01F03FF9284670BD002B4D
:1081C00004DAA2699A4206DC0A2904D023685A1C00
:1081D00022601970C5E72246284600F037F80130C2
:1081E000BFD1DFE70A2523685A1C22601D70DBE738
:1081F00070AC000890AC000850AC0008024B01467F
:108200001868FFF78DBF00BF280000200EB46FF084
:10821000004100B59CB01DAB0290069007910491FF
:108220000848094953F8042B0591006802A90193F5
:1082300001F04CFE0022029B1A701CB05DF804EBAA
:1082400003B07047280000200802FFFFF8B50E4673
:108250001446054618B183690BB901F049F8214B62
:108260009C422BD16C68A369A360A3891A072FD500
:1082700023696BB323692068F6B2C01A6369374675
:10828000834204DC2146284600F09EFF30BBA368F1
:108290000130013BA36023685A1C22601E70636991
:1082A000834204D0A389DB0706D50A2E04D12146D8
:1082B000284600F089FF88B93846F8BD0A4B9C4231
:1082C00001D1AC68CFE7094B9C4208BFEC68CAE714
:1082D0002146284600F00CF80028CBD04FF0FF379D
:1082E000EAE700BF70AC000890AC000850AC000892
:1082F000324B70B51D6806460C4625B1AB6913B903
:10830000284600F0F5FF2E4B9C420FD16C68A389E4
:10831000B4F90C2019072CD4DD0611D409233360DD
:1083200042F040034FF0FF30A3813EE0254B9C42DA
:1083300001D1AC68EBE7244B9C4208BFEC68E6E750
:10834000580712D5616B41B104F14403994202D040
:10835000304601F083FC00236363A38923F02403E8
:10836000A3810023636023692360A38943F008038A
:10837000A38123694BB9A38903F42073B3F5007F6C
:1083800003D02146304601F07DF8A089B4F90C20D5
:1083900010F001030AD00023A36063695B42A3616C
:1083A000236943B910F08000BAD170BD810758BF6E
:1083B0006369A360F4E70020F7E700BF280000200E
:1083C00070AC000890AC000850AC00082DE9F74FE5
:1083D00003690C690746A342C0F28280013C00F1A8
:1083E000140501F1140805EB8403019358F82430B7
:1083F00055F8242001339A42B2FBF3F64FEA840B7E
:1084000008EB840931D34FF0000E4046AC46F246EB
:1084100050F8042B93B206FB03E3120C4FEA134E01
:108420009BB206FB02E2AAEB0303DCF800A04FEAD2
:10843000124E1FFA8AFA5344DCF800A092B2C2EB43
:108440001A4202EB23429BB243EA024381454FEAC0
:10845000224A4CF8043BDBD255F80B302BB9019B78
:10846000043B9D421A462FD33C61384601F0DEFAA8
:10847000002825DB28464FF0000C013658F8041B75
:10848000D0F800E08BB2ACEB03031FFA8EF213447A
:108490000A0CC2EB1E4202EB23429BB243EA0243A8
:1084A000C1454FEA224C40F8043BE7D255F824205E
:1084B00005EB840322B9043B9D421A460AD33C6172
:1084C000304603B0BDE8F08F1268043B002ACBD1E0
:1084D000013CC6E71268043B002AF0D1013CEBE7FF
:1084E0000020EEE7000000002DE9F04F16461F4681
:1084F000446A99B00546CDE90467DDF8948074B903
:10850000102000F0FFFF0246686220B9EA21A84B64
:10851000A84801F099FFC0E901440460C4606B6A97
:10852000196851B15A68012393404A608B6028460C
:1085300001F03EF800226B6A1A603B1EAFBF0023B9
:10854000012223F000430593A8BFC8F80030DDF8EE
:108550001490994BB8BFC8F8002033EA090319D129
:1085600042F20F73249A1360C9F31303334300F0EC
:108570007F85269B53B9914B22E0914B039308339F
:10858000269A1360039819B0BDE8F08F8B4B0393C4
:108590000333F5E7DDE90434CDE90C34DDE90C0102
:1085A00000220023F8F700FA804658B10123249AEC
:1085B0001360269B002B00F0588582481860431EEC
:1085C0000393DFE716AB019317AB00932846DDE971
:1085D0000C2301F0D3FAC9F30A548346002C7FD050
:1085E000DDE90C010D9BA4F2FF34C3F3130343F048
:1085F0007F5141F44011CDF84C800022724BF7F7C7
:10860000B3FD65A3D3E90023F7F766FF64A3D3E9BD
:108610000023F7F7ABFD064620460F46F7F7F2FEBC
:1086200061A3D3E90023F7F757FF02460B46304614
:108630003946F7F79BFD06460F46F8F7FDF900228D
:108640008246002330463946F8F7B8F948B150461B
:10865000F7F7D8FE32463B46F8F7A6F908B90AF113
:10866000FF3ABAF1160F58D8DDE90C01574B03EB6E
:10867000CA03D3E90023F8F7A1F900284FD000235B
:108680000AF1FF3A0F93169B1C1B631E099349BF07
:10869000C4F1010300230693002354BF06930993FA
:1086A000BAF1000F3DDB099BCDF838A05344099384
:1086B00000230A93229B092B00F28C80052BC4BF58
:1086C000043B2293229BC8BF0024A3F10203D8BF1E
:1086D0000124032B00F28A80DFE803F02D4F4D5B6D
:1086E000DDE916431C4404F23243202BC3BFC3F11F
:1086F000400304F2124009FA03F3C3F12003C6BF9A
:1087000026FA00F0184306FA03F0F7F76BFE012390
:10871000A1F1F871013C13936FE70123B2E70F90C9
:10872000B1E7069BA3EB0A030693CAF100030A9381
:1087300000230E93BEE700230B93239B002B58DCF2
:108740004FF001094B46CDF82090CDF88C900022D7
:10875000686A4260042202F114069E4241684ED9C2
:10876000284600F0E5FE039000284CD102464FF465
:10877000D571174BCCE60123DEE700230B93239B37
:108780000AEB030909F10103012B0893B8BF012388
:10879000DDE70123F2E700BF61436F63A787D23FA4
:1087A000B3C8608B288AC63FFB799F501344D33FE0
:1087B000A9AB0008C0AB00080000F07FA5AB000823
:1087C0009CAB000879AB00080000F83F58AD0008EA
:1087D0003EAC0008012400230B9422934FF0FF3994
:1087E00000221223CDF820902392B0E701230B93AF
:1087F000F4E7DDF88C904B46CDF82090A7E70131E7
:1088000041605200A7E76B6A039A1A60089B0E2B1F
:1088100000F2A880002C00F0A580BAF1000F34DD32
:108820009A4A0AF00F0302EBC3031AF4807FD3E9DC
:108830000034CDE910344FEA2A1416D0DDE90C01DA
:10884000934B0327D3E90823F7F770FFCDE9040121
:1088500004F00F048E4E54B9DDE91023DDE9040164
:10886000F7F764FFCDE9040129E00227F2E7E10709
:1088700008D5DDE91001D6E90023F7F72DFECDE993
:108880001001013764100836E5E700F0A580DDE946
:108890000C01CAF100047D4B04F00F0203EBC2038C
:1088A000D3E90023F7F718FE02270023CDE90401DE
:1088B000774E2411002C40F08480002BD2D10F9BE6
:1088C000002B00F08B80DDE90434CDE91034DDE9C4
:1088D000100100226F4BF8F771F800287ED0089B3A
:1088E000002B7BD0B9F1000F38DDDDE9100100224B
:1088F000694BF7F7F1FD4C46CDE904010AF1FF3869
:1089000001373846F7F77EFDDDE90423F7F7E4FD8C
:108910000022624BF7F72AFCA1F15076CDE9100155
:108920001196002C5DD1DDE9040100225C4BF7F7C4
:108930001BFC02460B46CDE904233346109AF8F798
:108940005BF8002840F09C82DDE90401109A06F1F2
:108950000043F8F733F8002840F09082DDE90C344A
:10896000CDE90434179B002BC0F25281BAF10E0FEF
:1089700000F34E81454B03EBCA03D3E90034CDE944
:108980000634239B002B80F2DB80089B002B00F336
:10899000D78040F07282DDE906010022404BF7F7F4
:1089A0009BFDDDE90423F8F71DF8089C2646002806
:1089B00040F048823123039F0AF1010A07F8013B86
:1089C00044E2E20705D5D6E90023F7F785FD012348
:1089D0000137641008366DE7022770E7D046089C1F
:1089E0008FE70399294B214412910B9903EBC403A0
:1089F000DDE9106753E90223002955D000202949F9
:108A0000F7F794FE3B463246F7F7AEFBCDE910018F
:108A1000039FDDE90401F8F70FF80446F7F7F2FCCD
:108A200002460B46DDE90401F7F79EFB02460B46C2
:108A30003034CDE90423DDE9102307F8014BF7F7C3
:108A4000BDFF002874D1DDE9042300201149F7F7A8
:108A50008BFBDDE91023F7F7B1FF002840F0B7806A
:108A6000129B9F423FF47AAFDDE9100100220A4BCE
:108A7000F7F732FD0022CDE91001DDE90401064BD4
:108A8000F7F72AFDCDE90401C3E700BF58AD0008A0
:108A900030AD00080000F03F0000244000001C4002
:108AA000000014400000E03F30463946F7F714FD5F
:108AB000129BCDE91001039C1493DDE90401F7F743
:108AC000BBFF1590F7F79EFC02460B46DDE904015B
:108AD000F7F74AFB159B0646303304F8013B129B1F
:108AE0000F469C424FF0000224D1DDE91001B04B4B
:108AF000F7F73CFB02460B4630463946F7F77CFF5A
:108B0000002863D1DDE910230020A949F7F72CFBE9
:108B100002460B4630463946F7F750FF00283FF42F
:108B20001DAF149F7B1E149317F8013C302BF8D017
:108B3000C2463BE09F4BF7F7CFFCCDE90401BCE711
:108B4000039FDDE90489DDE9062340464946F7F73E
:108B5000EDFDF7F771FF0446F7F754FCDDE9062356
:108B6000F7F7BAFC02460B4640464946F7F7FCFACF
:108B700004F1300607F8016B039EDDF820C0BE1B30
:108B8000B44502460B4636D1F7F7F0FADDE9062385
:108B900080468946F7F730FF58BBDDE9062340469B
:108BA0004946F7F701FF08B1E10722D428465946A4
:108BB00000F0FEFC00233B70249B0AF101001860CA
:108BC000269B002B3FF4DEAC1F60DBE427463B46D0
:108BD0001F4613F8012D392A07D1039A9A42F7D17B
:108BE0003022039908F101080A701A7801321A70CC
:108BF0009EE7D046EBE700226E4BF7F76DFC0022B4
:108C0000002380468946F7F7CFFE00289BD0CDE7AA
:108C10000B9A002A00F0D080229A012A00F3AE803D
:108C2000139A002A00F0A68003F233430A9C069FA1
:108C3000069A01211A440692099A28461A44099272
:108C400000F06CFD0646002F0CDD099B002B09DDB2
:108C5000BB42A8BF3B46069AFF1AD21A0692099A4F
:108C6000D31A09930A9BF3B10B9B002B00F0A88049
:108C7000002C10DD31462246284600F00DFE5A46F3
:108C800001460646284600F05FFD804659462846C4
:108C900000F08EFCC3460A9B1A1B04D05946284696
:108CA00000F0FAFD83460121284600F037FD0E9BB7
:108CB0000446002B40F386801A460146284600F001
:108CC000EBFD229B0446012B7FDD4FF0000823695A
:108CD00004EB8303186900F0D3FCC0F12000099B6A
:108CE000184410F01F0000F09280C0F12003042B04
:108CF00040F38A80C0F11C00069B0744034406939E
:108D0000099B03440993069B002B05DD59461A462F
:108D1000284600F01BFE8346099B002B05DD2146FB
:108D20001A46284600F012FE04460F9B002B70D016
:108D30002146584600F07AFE00286ADA0023594698
:108D40000A22284600F056FC0B9B83460AF1FF3AA4
:108D5000002B00F09481314600230A22284600F0BF
:108D600049FCB9F1000F064600F39380229B022BC9
:108D700057DC8EE0169BC3F1360357E7089B5C1E59
:108D80000A9BA342B7BF0A9B1C1BE21A0E9BBEBFE5
:108D90000A949B180E93089BB8BF0024002BBBBFFE
:108DA000069B089A069F9F1AACBF089B00233FE7CB
:108DB0000000E03F000024400A9C069F0B9E42E713
:108DC0000A9A6BE7229B012B19DC049BBBB9059B1C
:108DD000C3F313039BB9059B23F000431B0D1B0535
:108DE00083B14FF00108069B01330693099B0133C1
:108DF00009930E9B002B7FF46AAF01206FE74FF0C1
:108E00000008F6E79846F4E73FF47DAF18461C30BB
:108E100072E7089B002B36DC229B022B33DDDDF84A
:108E20002090B9F1000F0DD121464B46052228466E
:108E300000F0E0FB01460446584600F0F7FD00282C
:108E40003FF7B8AD239B039F6FEA030A4FF000087A
:108E50002146284600F0ACFB002E3FF4A7AEB8F147
:108E6000000F05D0B04503D04146284600F0A0FBD6
:108E70003146284600F09CFB98E600242646E1E7B0
:108E8000C246264696E50B9BDDF82090002B00F0AD
:108E9000FD80002F05DD31463A46284600F056FD9C
:108EA0000646B8F1000F5CD02846716800F040FB20
:108EB000074628B9024640F2EA217F4BFFF728BB5C
:108EC000326906F10C01023292000C30FEF79AFC76
:108ED00001223946284600F039FDB0460646039B7C
:108EE00001330893039B4B440A93049B03F0010353
:108EF0000993089B2146013B58460493FFF766FA05
:108F0000034641463033069058460B9300F08EFDE1
:108F1000324681462146284600F0A4FDC268074635
:108F20000B9B02BB0146584600F080FD02460B9B9E
:108F300039462846CDE90B3200F03AFB229B0C9AC9
:108F4000089F43EA0201099B0B430B9B0DD1392B70
:108F500029D0B9F1000F01DD069B3133049A13705B
:108F600076E73046B9E70122E2E7B9F1000F06DB08
:108F7000229941EA0909099959EA010120D1002AF7
:108F8000ECDD594601222846089300F0DFFC21461B
:108F9000834600F04BFD0028089B02DCDED1DA0797
:108FA000DCD5392BD8D13923049A13703B461F46A0
:108FB00017F8012C013B392A50D001321A7047E7CB
:108FC000002A03DD392BEED00133C7E7089A0A994E
:108FD00002F8013C8A422AD0594600230A22284638
:108FE00000F008FBB04583464FF000034FF00A0243
:108FF0004146284607D100F0FDFA80460646089B08
:109000000133089375E700F0F5FA314680460023F6
:109010000A22284600F0EEFA0646F0E7B9F1000F02
:10902000CCBF4F4601274FF00008039A174459461A
:1090300001222846089300F089FC2146834600F06F
:10904000F5FC0028B2DC02D1089BDB07AED43B461E
:109050001F4613F8012D302AFAD0F9E6039A9A42F6
:10906000A5D131230AF1010A79E7144BFFF7A8BA19
:10907000269B002B7FF481AA114BFFF7A1BAB9F10F
:10908000000F03DC229B022B3FF7CBAE039F214650
:109090005846FFF79BF9039A00F1300307F8013BAC
:1090A000BA1A9145BADD594600230A22284600F033
:1090B000A1FA8346EBE700BF3EAC000878AB00089E
:1090C0009CAB00088A89F8B5054610070C4657D4B2
:1090D0004B68002B04DC0B6C002B01DC0020F8BD7E
:1090E000E66A002EFAD0002312F480522F682B601B
:1090F00032D0606DA3895A0705D56368C01A636BC7
:109100000BB1236CC01A00230246E66A2846216A86
:10911000B047431CA38906D129681D292CD8294AA8
:10912000CA40D60728D5002262602269D90422608D
:1091300004D5421C01D12B6803B96065616B2F60B7
:109140000029CBD004F14403994202D0284600F014
:1091500085FD00206063C2E7216A01232846B047ED
:10916000411CC7D12B68002BC4D01D2B01D0162B5E
:1091700001D12F60B2E7A38943F04003A381AEE79A
:109180000F69002FAAD0930718BF00230E6808BFED
:109190004B69F61B0F608B60002E9FDD33463A460D
:1091A0002846216AD4F828C0E047002806DCA389B5
:1091B0004FF0FF3043F04003A38190E70744361A95
:1091C000EAE700BF0100402038B50B6905460C46B0
:1091D00013B90025284638BD18B183690BB900F0D2
:1091E00087F8144B9C421BD16C68B4F90C30002BEF
:1091F000EFD0626ED00704D4990502D4A06D00F0C0
:109200001AF928462146FFF75DFF636E0546DA0727
:10921000E0D4A3899B05DDD4A06D00F00DF9D9E75A
:10922000054B9C4201D1AC68DFE7044B9C4208BF70
:10923000EC68DAE770AC000890AC000850AC0008AD
:10924000002310B50446C0E90033C0E9043383604D
:1092500081814366C2818361194608225C30FEF732
:10926000DFFA054B24626362044BA362044BE362A2
:10927000044B236310BD00BF9DA30008BFA30008DB
:10928000F7A300081BA40008014900F0AFB800BF15
:10929000C9910008682270B54D1E55430E4605F170
:1092A000740100F043FD044640B10021C0E90016FE
:1092B0000C30A06005F16802FEF7B2FA204670BDDE
:1092C000014800F0B8B800BFA92F0020014800F005
:1092D000B3B800BFA92F0020014800F0ACB800BF10
:1092E000AA2F0020014800F0A7B800BFAA2F002035
:1092F00010B50446FFF7F0FFA3691BB1BDE81040AD
:10930000FFF7F0BFC4E912332365134B134A1B6800
:10931000A262A34208BF0123204608BFA36100F058
:109320001FF86060204600F01BF8A060204600F0A7
:1093300017F800220421E0606068FFF781FF012236
:109340000921A068FFF77CFF02221221E068FFF7E5
:1093500077FF0123A361D1E764AB0008899200087D
:10936000F8B50746FFF7ACFF1E4B1E68B36913B98B
:109370003046FFF7BDFF4836D6E90134013B03D53F
:1093800033680BB33668F7E7B4F90C50D5B9164B10
:1093900004F15800E360656600F04CF8FFF796FFB3
:1093A00008222946C4E90155C4E904552560A56190
:1093B00004F15C00FEF734FAC4E90D55C4E9125516
:1093C0002046F8BD6834D9E704213846FFF762FF2C
:1093D000044630600028D5D1FFF778FF0C233B60AE
:1093E000EEE700BF64AB00080100FFFF2DE9F84382
:1093F00006468846002700F14804D4E90195B9F1F2
:10940000010905D52468002CF7D13846BDE8F8835A
:10941000AB89012B07D9B5F90E30013303D02946AA
:109420003046C04707436835E9E700000048704709
:109430007C01002070477047704770B50E46B1F947
:109440000E10144600291D4696B008DA0022B6F91F
:109450000C302A601A0610D44FF480630EE06A467E
:1094600001F032F80028F1DB019A02F47042A2F513
:1094700000535A425A412A60EEE7402300202360FD
:1094800016B070BD8B8973B59D0706460C4607D58F
:1094900004F14703236023610123636102B070BDBF
:1094A0006A4601ABFFF7C9FF00990546304600F058
:1094B0003DFC48B9B4F90C309A05EFD423F003030E
:1094C00043F00203A381E3E70D4BB362A38920605D
:1094D00043F08003A381009B20616361019B5BB12A
:1094E0003046B4F90E1001F001F828B1A38923F039
:1094F000030343F00103A381A0890543A581CDE7C0
:1095000089920008024B0146186800F00FBC00BFAA
:1095100028000020034610B5C9B202449342184601
:1095200001D1002003E0047801338C42F6D110BD54
:1095300070B5466A04460D4676B91020FFF7E2FF83
:109540000246606220B96621174B184800F07CFF84
:10955000C0E901660660C660666AF36883B1636A43
:10956000DB6853F82500B8B9012101FA05F6721D30
:109570002046920000F05EFB60B1C0E901560EE0AB
:1095800021220421204600F055FB636AF060DB686D
:10959000002BE4D1002070BD026843F82520002391
:1095A000C0E90333F7E700BFA9AB0008B0AC00087F
:1095B00070B5466A05460C4676B91020FFF7A2FF43
:1095C0000246686220B98A21084B094800F03CFF36
:1095D000C0E901660660C6603CB16B6A6268DB6820
:1095E00053F82210216043F8224070BDA9AB000857
:1095F000B0AC00082DE9F04107460C461E4600209D
:109600000D6901F1140CDCF80030013099B202FB55
:1096100001611E0C0B0C02FB063389B201EB034106
:1096200085424FEA13464CF8041BECDC0EB3A368EA
:10963000AB4219DC616838460131FFF779FF80469B
:1096400028B90246B5210C4B0C4800F0FDFE2269FA
:1096500004F10C01023292000C30FEF7D3F82146DF
:109660003846FFF7A5FF444604EB850301355E61EC
:1096700025612046BDE8F0813EAC0008B0AC000892
:10968000020C12040346CAB90304102013F07F4FE2
:1096900004BF1B02083013F0704F04BF1B010430DD
:1096A00013F0404F04BF9B000230002B05DB13F08A
:1096B000804F00F1010008BF202070470020E5E73F
:1096C0000368024613F007000BD0D90721D498078E
:1096D00049BF5B089B08012013605CBF0220136038
:1096E000704799B209B910201B0CD9B209B90830DA
:1096F0001B0A190704BF1B090430990704BF9B0804
:109700000230D90703D45B0800F1010003D01360D5
:1097100070470020704720207047000010B50C46AD
:109720000121FFF705FF024628B94FF4A071044B51
:10973000044800F089FE01234461036110BD00BFAD
:109740003EAC0008B0AC00082DE9F04F91460A6924
:10975000D9F810300C469A42BEBF0B464C4699468B
:109760002769D9F810A0A368616807EB0A06B3421D
:1097700085B0B8BF0131FFF7DBFE30B9024640F2D9
:109780005D11434B434800F05FFE00F114052B468A
:10979000002205EB8608434521D304F1140303EBB3
:1097A000870709F1140303EB8A0202923A1B153A68
:1097B00022F00302043204F115018F4238BF042263
:1097C0000192029A03939A420CD8002E03DD58F8B6
:1097D000043D002B59D0066105B0BDE8F08F43F879
:1097E000042BD8E7B3F800A0BAF1000F23D0A946A4
:1097F0004FF0000C04F1140E5EF8042BD9F80010A1
:109800001FFA82FB89B20AFB0B116144D9F800C030
:10981000120C4FEA1C4C0AFB02C202EB114289B245
:1098200041EA024177454FEA124C49F8041BE3D85C
:10983000019A45F802C0039A0433B2F80290B9F1D4
:10984000000F20D0AE464FF0000A296804F1140C36
:10985000BCF800B0BEF8022089B209FB0B2292448A
:1098600041EA0A414EF8041B5CF8042BBEF80010D4
:10987000120C09FB0211674501EB1A414FEA114A2C
:10988000E6D8019AA95004359BE7013E9DE700BF49
:109890003EAC0008B0AC00082DE9F843154612F0C4
:1098A000030206460F4607D0254C013A002354F820
:1098B0002220FFF79FFE0746AD103DD0746A7CB9A9
:1098C0001020FFF71FFE0246706228B94FF4D771CF
:1098D0001C4B1D4800F0B8FDC0E901440460C460A1
:1098E000D6F82480D8F808404CB940F271213046AF
:1098F000FFF714FF00230446C8F8080003604FF088
:109900000009EB070AD5394622463046FFF71CFF0F
:10991000804639463046FFF74BFE47466D100BD068
:10992000206838B9224621463046FFF70DFF2060F7
:10993000C0F800900446E4E73846BDE8F88300BF6D
:1099400020AE0008A9AB0008B0AC00082DE9F04734
:109950000C46074691462369496803EB6218A368E1
:109960004FEA621A08F10106B3420BDB3846FFF7F3
:10997000DFFD054648B9024640F2D911294B2A4875
:1099800000F062FD01315B00EEE7002300F11401FD
:1099900000F110021846534537DB20692AEAEA7ABB
:1099A00004F1140319F01F0901EB8A0103EB800095
:1099B0002FD08A464FF0000CC9F1200E1A6802FA27
:1099C00009F242EA0C024AF8042B53F8042B98429D
:1099D00022FA0EFCF2D8031B153B23F003030433D9
:1099E00004F11502904238BF042341F803C0BCF1D2
:1099F000000F01D008F10206013E384621462E61D3
:109A0000FFF7D6FD2846BDE8F08742F8040F013382
:109A1000C1E7043953F8042B984241F8042FF9D8D0
:109A2000EAE700BF3EAC0008B0AC000803460A6994
:109A3000006930B5801A0DD11433143103EB820460
:109A400001EB820154F8045D51F8042D954202D0D7
:109A500004D3012030BDA342F4D3FBE74FF0FF3025
:109A6000F8E700002DE9F84F0D4607461146284655
:109A70001446FFF7DBFF061E11D131463846FFF7CB
:109A800057FD024628B940F232213A4B3A4800F0DD
:109A9000DBFC0123C0E904361046BDE8F88FA4BF03
:109AA00023462C4638466168A6BF1D46002601267F
:109AB000FFF73EFD024618B94FF410712D4BE5E754
:109AC00002F11408C2464FF0000C2769C6602E69E7
:109AD00004F1140005F1140900EB870E09EB86066A
:109AE000103454F804BF59F8043B1FFA8BF18C442E
:109AF00099B21B0CACEB0101C3EB1B4303EB2143FD
:109B000089B24FEA234C4E4541EA03434AF8043BED
:109B1000E7D8731B153B23F0030315350433AE421E
:109B200038BF0423184443441E46054675450ED3EA
:109B30000EF10301091A21F003010338864538BFED
:109B40000021194451F8043D8BB11761A4E755F881
:109B5000048B1FFA88F161440C1404EB184489B299
:109B600041EA04414FEA244C46F8041BDEE7013F7A
:109B7000E8E700BF3EAC0008B0AC00082DE9F341B7
:109B80000121DDE9087690461D46FFF7D1FC044629
:109B900030B9024640F20A31244B254800F054FC0B
:109BA000C5F31303C5F30A552DBB0193B8F10003A8
:109BB00026D068460093FFF783FD0099F0B1019A23
:109BC000C0F1200302FA03F30B43C2406361019228
:109BD000019B002B14BF02210121A3612161C5B1AA
:109BE000A5F233450544C0F135003D6030602046A4
:109BF00002B0BDE8F08143F48013D6E76161E7E786
:109C000001A8FFF75DFD0121019B21616361203007
:109C1000E5E704EB8103A0F2324038601869FFF7F2
:109C20002FFDC0EB41113160E1E700BF3EAC000801
:109C3000B0AC000870B5A1FB025434B9294600F05D
:109C400075F8064628B9304670BD0C220026026021
:109C5000F9E72A462146FDF7E3FDF4E738B5054666
:109C6000002940D051F8043C0C1F002BB8BFE41869
:109C700000F08AFC1C4A136833B9636014602846FC
:109C8000BDE8384000F086BCA34208D920682118FE
:109C90008B4201BF19685B6809182160EDE71A461D
:109CA0005B680BB1A342FAD911685018A0420BD1DE
:109CB00020680144501883421160E0D118685B6845
:109CC000014411605360DAE702D90C232B60D6E718
:109CD000206821188B4201BF19685B680918216050
:109CE00063605460CBE738BDAC2F002070B50E4EDA
:109CF0000C463168054611B900F040FB3060214642
:109D0000284600F03BFB431C0AD0C41C24F003048B
:109D1000A04207D0211A284600F030FB013001D1C3
:109D20004FF0FF34204670BDB02F00202DE9F041E8
:109D3000CD1C25F0030508350C2D38BF0C25002D52
:109D4000074601DBA94205D90C2300263B603046BB
:109D5000BDE8F0812E4E00F017FC33681C4634BB82
:109D600029463846FFF7C2FF431C04464DD13468EC
:109D70002646002E40D123683146384604EB0308BE
:109D800000F0FCFA80453AD1216803356D1A25F0C0
:109D9000030508350C2D38BF0C2538462946FFF73A
:109DA000A5FF01302BD023682B4423600EE02268EE
:109DB000521B1ED40B2A16D96119A342256018BF65
:109DC0005960636808BF316062514B60384604F1E6
:109DD0000B0600F0DFFB26F00706231DF21AB6D0B3
:109DE0009B1BA350B3E76268A3420CBF32605A606A
:109DF000ECE723466468B2E734467668B9E70C239B
:109E000038463B6000F0C6FBA1E72560DEE700BFF7
:109E1000AC2F00202DE9F0478E6882469E420C460A
:109E200090461F4638D88A8912F4906F32D0256840
:109E300009690133A5EB010965694B4405EB45054B
:109E400005EBD5756D109D4238BF1D46530531D5C4
:109E50002946FFF76BFF064650B90C234FF0FF3041
:109E6000CAF80030A38943F04003A381BDE8F0871E
:109E70004A462169FDF7C6FCA38923F4906343F0A9
:109E80008003A38126614E4426603E466561A5EBB2
:109E90000905A560BE4200D93E46324641462068CB
:109EA00000F058FBA36800209B1BA3602368334489
:109EB0002360DBE72A4600F073FB06460028E1D169
:109EC00050462169FFF7CAFEC7E700002DE9F04FB1
:109ED00098468B8907461B060D4614469DB00ED545
:109EE0000B6963B94021FFF721FF2860286120B981
:109EF0000C233B604FF0FF30D1E040236B61002327
:109F0000099320238DF8293030234FF00109CDF833
:109F10000C80DFF8A4818DF82A3023469A4613F886
:109F2000012B0AB1252AF9D1BAEB040B0BD05B4601
:109F3000224629463846FFF76DFF013000F0AA801F
:109F4000099A5A4409929AF80030002B00F0A28036
:109F500000234FF0FF32CDE905230AF1010A0493F3
:109F600007938DF853301A935446052214F8011BB9
:109F70005148FFF7CFFA049AD8B9D00644BF20233E
:109F80008DF85330110744BF2B238DF853309AF8C6
:109F900000302A2B15D0544600204FF00A0C079AA7
:109FA000214611F8013B303B092B4ED9B0B1079245
:109FB00014E0A0EB080309FA03F31343A246049349
:109FC000D2E7039B191D1B680391002BBBBF5B42AB
:109FD00042F0020207930793B8BF049223782E2B16
:109FE0000CD163782A2B35D1039B02341A1D1B68D0
:109FF0000392002BB8BF4FF0FF330593DFF8BCA0EE
:10A00000032250462178FFF785FA40B14023A0EBA8
:10A010000A0003FA00F0049B01340343049314F88C
:10A02000011B062226488DF82810FFF773FA002836
:10A0300038D0244B1BBB039B073323F007030833A3
:10A040000393099B3344099367E70C4601200CFBFB
:10A050000232A5E700234FF00A0C1946013405939C
:10A06000204610F8012B303A092A03D9002BC5D01D
:10A070000591C3E7044601230CFB0121F0E703AB84
:10A0800000932A463846104B04A9FDF76FFC421C8A
:10A090000646D6D1AB895B063FF52CAF09981DB0BB
:10A0A000BDE8F08F03AB00932A463846064B04A95F
:10A0B000FDF7F8FEEBE700BF2CAE000832AE00085B
:10A0C00036AE00086D790008159E0008936810B43C
:10A0D000013B002B936007DA9469A34201DB0A2954
:10A0E00002D110BCFEF7B2B81368581C106019708A
:10A0F000084610BC7047F8B506460F461446D518FA
:10A10000AC4201D1002007E03A46304614F8011B6A
:10A11000FFF7DCFF431CF3D1F8BD00002DE9F04F41
:10A120000D461446984606469DB018B183690BB992
:10A13000FFF7DEF8894B9D421BD175686B6ED9071E
:10A1400005D4AB899A0502D4A86DFFF774F9AB89E1
:10A150001B0701D52B69EBB929463046FEF7C8F835
:10A16000C0B16B6EDC070ED54FF0FF301DB0BDE8FF
:10A17000F08F7B4B9D4201D1B568DFE7794B9D4263
:10A1800008BFF568DAE7AB899805EDD4A86DFFF74D
:10A1900053F9E9E70023099320238DF82930302370
:10A1A0004FF00109CDF80C80DFF8BC818DF82A3022
:10A1B00023469A4613F8012B0AB1252AF9D1BAEBA6
:10A1C000040B0BD05B46224629463046FFF793FF2F
:10A1D000013000F0AA80099A5A4409929AF8003096
:10A1E000002B00F0A28000234FF0FF32CDE90523C1
:10A1F0000AF1010A049307938DF853301A935446D9
:10A20000052214F8011B5848FFF784F9049AD8B9BD
:10A21000D10644BF20238DF85330130744BF2B23AE
:10A220008DF853309AF800302A2B15D05446002070
:10A230004FF00A0C079A214611F8013B303B092BDD
:10A240004ED9B0B1079214E0A0EB080309FA03F36A
:10A250001343A2460493D2E7039B191D1B68039185
:10A26000002BBBBF5B4242F0020207930793B8BFCB
:10A27000049223782E2B0CD163782A2B35D1039BA3
:10A2800002341A1D1B680392002BB8BF4FF0FF3336
:10A290000593DFF8D8A0032250462178FFF73AF95A
:10A2A00040B14023A0EB0A0003FA00F0049B013404
:10A2B0000343049314F8011B06222D488DF828103F
:10A2C000FFF728F900283FD02A4B1BBB039B07331D
:10A2D00023F0070308330393099B3B44099367E783
:10A2E0000C4601200CFB0232A5E700234FF00A0CBC
:10A2F000194601340593204610F8012B303A092AFB
:10A3000003D9002BC5D00591C3E7044601230CFBFC
:10A310000121F0E703AB00932A463046164B04A90F
:10A32000FDF724FB0746781CD6D16B6ED90705D400
:10A33000AB899A0502D4A86DFFF77EF8AB895B065E
:10A340003FF512AF099811E703AB00932A46304658
:10A35000094B04A9FDF7A6FDE4E700BF70AC0008B7
:10A3600090AC000850AC00082CAE000832AE0008DB
:10A3700036AE00086D790008F7A0000838B5002354
:10A38000054D044608462B60FDF79CF9431C02D19D
:10A390002B6803B1236038BDB42F002010B50C46E4
:10A3A000B1F90E1000F02CF90028ABBF636DA38942
:10A3B0001B1823F48053ACBF6365A38110BD2DE946
:10A3C000F0411F468B890546DB050C46164605D530
:10A3D00002230022B1F90E1000F098F8A38932464A
:10A3E00023F48053A38128463B46B4F90E10BDE800
:10A3F000F04100F017B810B50C46B1F90E1000F09E
:10A4000085F8431CA38915BF606523F4805343F48A
:10A410008053A38118BFA38110BDB1F90E1000F0C5
:10A4200031B8000038B50446084611460022054DF3
:10A430002A601A46F6F784FB431C02D12B6803B14D
:10A44000236038BDB42F00201FB514461A46094BAF
:10A4500005461B68D8684CB1074BCDE90134009123
:10A460002B46064900F01EF800F0E9F8044B1C46A4
:10A47000F3E700BF280000203DAE00084AAE000808
:10A4800078AE000838B50023054D044608462B6019
:10A49000FDF75CF9431C02D12B6803B1236038BD82
:10A4A000B42F00200EB403B5014603AB054853F8A2
:10A4B000042B00680193FFF731FE02B05DF804EB56
:10A4C00003B070472800002038B50023064D04462D
:10A4D000084611462B60FDF73CF9431C02D12B685E
:10A4E00003B1236038BD00BFB42F002038B500236E
:10A4F000054D044608462B60FDF730F9431C02D198
:10A500002B6803B1236038BDB42F002038B5044652
:10A51000084611460022054D2A601A46FDF720F92B
:10A52000431C02D12B6803B1236038BDB42F002037
:10A5300082B001B901A942B14BB113780B60127816
:10A54000101E18BF012002B070471046FBE76FF0E5
:10A550000100F8E7884210B501EB020402D98442F9
:10A56000234607D8431EA14208D011F8012B03F857
:10A57000012FF8E7014602448A4200D110BD13F8CA
:10A58000014D02F8014DF7E70148FEF754BF00BF47
:10A59000A82F00200148FEF74FBF00BFA82F0020C2
:10A5A0002DE9F041804614460E4621B91146BDE81A
:10A5B000F041FFF7BBBB2AB9FFF750FB2546284601
:10A5C000BDE8F08100F042F88442074602D8B4EBBF
:10A5D000500F12D821464046FFF7A8FB0546002839
:10A5E000EDD0BC422246314628BF3A46FDF70AF973
:10A5F00031464046FFF732FBE1E73546DFE7000032
:10A6000038B50446084611460022054D2A601A4610
:10A61000FDF78CF8431C02D12B6803B1236038BDD1
:10A62000B42F00200346084641B1FF2A04D98A22EC
:10A630004FF0FF301A60704701200A707047062003
:10A6400008B500F033F80120FDF76AF851F8043C32
:10A65000181F002BBCBF0B58C01870471F2938B5F6
:10A6600004460D4604D9162303604FF0FF3038BD71
:10A67000426C12B152F821304BB9204600F030F84C
:10A680002A4601462046BDE8384000F017B8012BA5
:10A690000AD0591C03D1162303600120E7E70024E8
:10A6A000284642F8254098470020E0E7024B014643
:10A6B0001868FFF7D3BF00BF2800002038B500237B
:10A6C000064D0446084611462B60FDF721F8431C51
:10A6D00002D12B6803B1236038BD00BFB42F002026
:10A6E000FDF714B8F8B500BFF8BC08BC9E4670472B
:0CA6F000F8B500BFF8BC08BC9E467047DF
:10A70000ECA700081D0D0008FFFF0000000000007E
:10A71000800000000000000000000000F8A7000812
:10A72000D10D000801000000000000000001000041
:10A73000000000000000000004A80008410F00080D
:10A740000000000000000000000200000000000007
:10A750000000000043414E204552524F523A2030F3
:10A76000782530386C580D0A000000004572726F71
:10A770007220696E696369616E646F2043414E2087
:10A780007265636570746F720D0000004572726FC0
:10A7900072206163746976616E646F206E6F746994
:10A7A0006669636163696F6E65732043414E0D0096
:10A7B000464D523D30782530386C5820464D315248
:10A7C0003D30782530386C580D0A00000D0A3D3DAB
:10A7D0003D204E4F444F2043454E5452414C205251
:10A7E00045414459203D3D3D0D00000042757474C3
:10A7F0006F6E5461736B000043414E50617273651C
:10A8000072000000534457726974657200000000C2
:10A810005B424F544F4E5D20456E7669616E646FAA
:10A82000206F7264656E2064652053544152542039
:10A83000706F722043414E2E2E2E0D005B43414E11
:10A840002054585D20436F6D616E646F20535441F6
:10A85000525420656E766961646F202849443A201D
:10A860003078313030290D005B43414E2054585D23
:10A87000204552524F523A204E6F20686179206D28
:10A8800061696C626F786573206C696272657320B0
:10A890006F2062757320736174757261646F0D004F
:10A8A0005350454544000000524D53004352455318
:10A8B000540000005045414B0000000054454D50ED
:10A8C0000000000043555252454E5400554E4B4E29
:10A8D0004F574E00256C752C25732C30782530335E
:10A8E0006C582C252E33660A000000005B53445D33
:10A8F000204C696D69746520646520256C75206441
:10A9000061746F7320616C63616E7A61646F2E2075
:10A91000477261626163696F6E20646574656E6918
:10A9200064612E0D0A0000000D0A2D2D2D20496EA8
:10A93000696369616E646F204E6F646F2064652087
:10A94000526567697374726F2043414E202D3E201B
:10A950005344202D2D2D0D004572726F7220616CB5
:10A96000206D6F6E7461722053443A2025642E204E
:10A970005265696E74656E74616E646F2E2E2E0D55
:10A980000A000000C2A15344206D6F6E74616461BF
:10A9900020636F6E20657869746F210D00000000E0
:10A9A00043414E5F4C4F472E4353560054696D65EB
:10A9B0007374616D70286D73292C4C6162656C2C09
:10A9C00049442C56616C75650A0000004172636849
:10A9D00069766F2043414E5F4C4F472E43535620BC
:10A9E0006C6973746F20706172612067726162615B
:10A9F000720D00003E3E3E2057414B4555502066AB
:10AA00006F727A61646F0D005B53445D2041726325
:10AA10006869766F206365727261646F2E2052657B
:10AA200067697374726F2066696E616C697A6164BC
:10AA30006F2E0D004572726F7220637265616E64D5
:10AA40006F20636F6C612063616E5278517565751C
:10AA50006553440D000000004552524F52204341BF
:10AA60004E20494E49540D0043414E20494E495411
:10AA700020657869746F736F210D00004572726FE5
:10AA80007220636F6E6669677572616E646F2066AF
:10AA9000696C74726F20656E206D61696E0D0000C7
:10AAA00002030405060708090A0B0C0D0E0F10100F
:10AAB0000102000000000000000000000102030489
:10AAC000060708090000000001020304222A2B2CBB
:10AAD0003A3B3C3D3E3F5B5D7C7F0000809A90B6F8
:10AAE0008EB78F80D2D3D4D8D7DE8E8F909292E259
:10AAF00099E3EAEB59999A9D9C9D9E9FB5D6E0E912
:10AB0000A5A5A6A7A8A9AAABAC21AEAFB0B1B2B318
:10AB1000B4B5B6B7B8B9BABBBCBDBEBFC0C1C2C37D
:10AB2000C4C5C7C7C8C9CACBCCCDCECFD0D1D2D36C
:10AB3000D4D5D6D7D8D9DADBDCDDDEDFE0E1E2E35D
:10AB4000E5E5E6E7E7E9EAEBEDEDEEEFF0F1F2F34C
:10AB5000F4F5F6F7F8F9FAFBFCFDFEFF49444C4525
:10AB6000000000002C000020494E4600696E66007F
:10AB70004E414E006E616E0030003031323334355C
:10AB80003637383941424344454600303132333458
:10AB9000353637383961626364656600496E6669C7
:10ABA0006E697479004E614E005245454E54206DD9
:10ABB000616C6C6F632073756363656564656400C5
:10ABC0002F6D6E742F776F726B73706163652F7763
:10ABD0006F726B73706163652F4743432D31302D66
:10ABE000706970656C696E652F6A656E6B696E73EE
:10ABF0002D4743432D31302D706970656C696E654A
:10AC00002D3333385F32303231313031385F3136C5
:10AC100033343531363230332F7372632F6E6577AC
:10AC20006C69622F6E65776C69622F6C6962632F45
:10AC30007374646C69622F64746F612E6300426187
:10AC40006C6C6F6320737563636565646564000095
:10AC500000000000000000000000000000000000F4
:10AC600000000000000000000000000000000000E4
:10AC700000000000000000000000000000000000D4
:10AC800000000000000000000000000000000000C4
:10AC900000000000000000000000000000000000B4
:10ACA00000000000000000000000000000000000A4
:10ACB0002F6D6E742F776F726B73706163652F7772
:10ACC0006F726B73706163652F4743432D31302D75
:10ACD000706970656C696E652F6A656E6B696E73FD
:10ACE0002D4743432D31302D706970656C696E6559
:10ACF0002D3333385F32303231313031385F3136D5
:10AD000033343531363230332F7372632F6E6577BB
:10AD10006C69622F6E65776C69622F6C6962632F54
:10AD20007374646C69622F6D707265632E630000CA
:10AD30000080E03779C34143176E05B5B5B8934637
:10AD4000F5F93FE9034F384D321D30F94877825A03
:10AD50003CBF737FDD4F1575000000000000F03F21
:10AD600000000000000024400000000000005940E6
:10AD70000000000000408F40000000000088C34039
:10AD800000000000006AF8400000000080842E41AE
:10AD900000000000D01263410000000084D79741FA
:10ADA0000000000065CDCD41000000205FA0024200
:10ADB000000000E876483742000000A2941A6D4275
:10ADC000000040E59C30A2420000901EC4BCD64268
:10ADD00000003426F56B0C430080E03779C3414313
:10ADE00000A0D8855734764300C84E676DC1AB4389
:10ADF000003D9160E458E143408CB5781DAF1544A7
:10AE000050EFE2D6E41A4B4492D54D06CFF0804481
:10AE1000F64AE1C7022DB544B49DD9794378EA4496
:10AE200005000000190000007D000000232D302BDC
:10AE30002000686C4C00656667454647002C20661C
:10AE4000756E6374696F6E3A200061737365727416
:10AE5000696F6E2022257322206661696C65643AF1
:10AE60002066696C6520222573222C206C696E6532
:10AE7000202564257325730A004300504F53495819
:10AE8000002E0000202020202020202020282828FC
:10AE900028282020202020202020202020202020A2
:10AEA00020202020881010101010101010101010EA
:10AEB000101010100404040404040404040410100A
:10AEC00010101010104141414141410101010101A7
:10AED0000101010101010101010101010101011053
:10AEE000101010101042424242424202020202027C
:10AEF0000202020202020202020202020202021024
:10AF000010101020000000000000000000000000F1
:10AF10000000000000000000000000000000000031
:10AF20000000000000000000000000000000000021
:10AF30000000000000000000000000000000000011
:10AF40000000000000000000000000000000000001
:10AF500000000000000000000000000000000000F1
:10AF600000000000000000000000000000000000E1
:10AF700000000000000000000000000000000000D1
:04AF800000000000CD
:04AF8400350100088B
:04AF880011010008AB
:10AF8C0001010000811C0008891C0008911C0008AC
:10AF9C00991C0008A11C0008010000001000000012
:10AFAC0000127A00AAAAAAAA2C0000200000000015
:10AFBC0070AC000890AC000850AC00080000000019
:10AFCC000000000000000000000000000000000075
:10AFDC000000000000000000000000000000000065
:10AFEC000000000000000000000000000000000055
:10AFFC000000000000000000000000000000000045
:10B00C0000000000000000000000000043000000F1
:10B01C000000000000000000000000000000000024
:10B02C0000000000000000000000000043000000D1
:10B03C000000000000000000000000000000000004
:10B04C0000000000000000000000000043000000B1
:10B05C0000000000000000000000000000000000E4
:10B06C000000000000000000000000004300000091
:10B07C0000000000000000000000000000000000C4
:10B08C000000000000000000000000004300000071
:10B09C0000000000000000000000000000000000A4
:10B0AC000000000000000000000000004300000051
:10B0BC000000000000000000000000000000000084
:10B0CC000000000000000000000000004300000031
:10B0DC000000000000000000000000000000000064
:10B0EC0000000000000000000000000025A6000881
:10B0FC0031A500080000000083AE000881AE0008F6
:10B10C0078AE000878AE000878AE000878AE00087B
:10B11C0078AE000878AE000878AE000878AE00086B
:10B12C0078AE0008FFFFFFFFFFFFFFFFFFFFFFFFF1
:10B13C00FFFF00000100415343494900000000009B
:10B14C0000000000000000000000000000000000F3
:10B15C00000000000000415343494900000000007A
:10B16C0000000000000000000000000000000000D3
:08B17C000000000000000000CB
:040000050800776513
:00000001FF
