ARM GAS  /tmp/ccoDOEnO.s 			page 1


   1              		.cpu cortex-m3
   2              		.arch armv7-m
   3              		.fpu softvfp
   4              		.eabi_attribute 20, 1
   5              		.eabi_attribute 21, 1
   6              		.eabi_attribute 23, 3
   7              		.eabi_attribute 24, 1
   8              		.eabi_attribute 25, 1
   9              		.eabi_attribute 26, 1
  10              		.eabi_attribute 30, 1
  11              		.eabi_attribute 34, 1
  12              		.eabi_attribute 18, 4
  13              		.file	"tasks.c"
  14              		.text
  15              	.Ltext0:
  16              		.cfi_sections	.debug_frame
  17              		.section	.text.prvTaskIsTaskSuspended,"ax",%progbits
  18              		.align	1
  19              		.syntax unified
  20              		.thumb
  21              		.thumb_func
  23              	prvTaskIsTaskSuspended:
  24              	.LVL0:
  25              	.LFB15:
  26              		.file 1 "Middlewares/Third_Party/FreeRTOS/Source/tasks.c"
   1:Middlewares/Third_Party/FreeRTOS/Source/tasks.c **** /*
   2:Middlewares/Third_Party/FreeRTOS/Source/tasks.c ****  * FreeRTOS Kernel V10.3.1
   3:Middlewares/Third_Party/FreeRTOS/Source/tasks.c ****  * Copyright (C) 2020 Amazon.com, Inc. or its affiliates.  All Rights Reserved.
   4:Middlewares/Third_Party/FreeRTOS/Source/tasks.c ****  *
   5:Middlewares/Third_Party/FreeRTOS/Source/tasks.c ****  * Permission is hereby granted, free of charge, to any person obtaining a copy of
   6:Middlewares/Third_Party/FreeRTOS/Source/tasks.c ****  * this software and associated documentation files (the "Software"), to deal in
   7:Middlewares/Third_Party/FreeRTOS/Source/tasks.c ****  * the Software without restriction, including without limitation the rights to
   8:Middlewares/Third_Party/FreeRTOS/Source/tasks.c ****  * use, copy, modify, merge, publish, distribute, sublicense, and/or sell copies of
   9:Middlewares/Third_Party/FreeRTOS/Source/tasks.c ****  * the Software, and to permit persons to whom the Software is furnished to do so,
  10:Middlewares/Third_Party/FreeRTOS/Source/tasks.c ****  * subject to the following conditions:
  11:Middlewares/Third_Party/FreeRTOS/Source/tasks.c ****  *
  12:Middlewares/Third_Party/FreeRTOS/Source/tasks.c ****  * The above copyright notice and this permission notice shall be included in all
  13:Middlewares/Third_Party/FreeRTOS/Source/tasks.c ****  * copies or substantial portions of the Software.
  14:Middlewares/Third_Party/FreeRTOS/Source/tasks.c ****  *
  15:Middlewares/Third_Party/FreeRTOS/Source/tasks.c ****  * THE SOFTWARE IS PROVIDED "AS IS", WITHOUT WARRANTY OF ANY KIND, EXPRESS OR
  16:Middlewares/Third_Party/FreeRTOS/Source/tasks.c ****  * IMPLIED, INCLUDING BUT NOT LIMITED TO THE WARRANTIES OF MERCHANTABILITY, FITNESS
  17:Middlewares/Third_Party/FreeRTOS/Source/tasks.c ****  * FOR A PARTICULAR PURPOSE AND NONINFRINGEMENT. IN NO EVENT SHALL THE AUTHORS OR
  18:Middlewares/Third_Party/FreeRTOS/Source/tasks.c ****  * COPYRIGHT HOLDERS BE LIABLE FOR ANY CLAIM, DAMAGES OR OTHER LIABILITY, WHETHER
  19:Middlewares/Third_Party/FreeRTOS/Source/tasks.c ****  * IN AN ACTION OF CONTRACT, TORT OR OTHERWISE, ARISING FROM, OUT OF OR IN
  20:Middlewares/Third_Party/FreeRTOS/Source/tasks.c ****  * CONNECTION WITH THE SOFTWARE OR THE USE OR OTHER DEALINGS IN THE SOFTWARE.
  21:Middlewares/Third_Party/FreeRTOS/Source/tasks.c ****  *
  22:Middlewares/Third_Party/FreeRTOS/Source/tasks.c ****  * http://www.FreeRTOS.org
  23:Middlewares/Third_Party/FreeRTOS/Source/tasks.c ****  * http://aws.amazon.com/freertos
  24:Middlewares/Third_Party/FreeRTOS/Source/tasks.c ****  *
  25:Middlewares/Third_Party/FreeRTOS/Source/tasks.c ****  * 1 tab == 4 spaces!
  26:Middlewares/Third_Party/FreeRTOS/Source/tasks.c ****  */
  27:Middlewares/Third_Party/FreeRTOS/Source/tasks.c **** 
  28:Middlewares/Third_Party/FreeRTOS/Source/tasks.c **** /* Standard includes. */
  29:Middlewares/Third_Party/FreeRTOS/Source/tasks.c **** #include <stdlib.h>
  30:Middlewares/Third_Party/FreeRTOS/Source/tasks.c **** #include <string.h>
  31:Middlewares/Third_Party/FreeRTOS/Source/tasks.c **** 
  32:Middlewares/Third_Party/FreeRTOS/Source/tasks.c **** /* Defining MPU_WRAPPERS_INCLUDED_FROM_API_FILE prevents task.h from redefining
ARM GAS  /tmp/ccoDOEnO.s 			page 2


  33:Middlewares/Third_Party/FreeRTOS/Source/tasks.c **** all the API functions to use the MPU wrappers.  That should only be done when
  34:Middlewares/Third_Party/FreeRTOS/Source/tasks.c **** task.h is included from an application file. */
  35:Middlewares/Third_Party/FreeRTOS/Source/tasks.c **** #define MPU_WRAPPERS_INCLUDED_FROM_API_FILE
  36:Middlewares/Third_Party/FreeRTOS/Source/tasks.c **** 
  37:Middlewares/Third_Party/FreeRTOS/Source/tasks.c **** /* FreeRTOS includes. */
  38:Middlewares/Third_Party/FreeRTOS/Source/tasks.c **** #include "FreeRTOS.h"
  39:Middlewares/Third_Party/FreeRTOS/Source/tasks.c **** #include "task.h"
  40:Middlewares/Third_Party/FreeRTOS/Source/tasks.c **** #include "timers.h"
  41:Middlewares/Third_Party/FreeRTOS/Source/tasks.c **** #include "stack_macros.h"
  42:Middlewares/Third_Party/FreeRTOS/Source/tasks.c **** 
  43:Middlewares/Third_Party/FreeRTOS/Source/tasks.c **** /* Lint e9021, e961 and e750 are suppressed as a MISRA exception justified
  44:Middlewares/Third_Party/FreeRTOS/Source/tasks.c **** because the MPU ports require MPU_WRAPPERS_INCLUDED_FROM_API_FILE to be defined
  45:Middlewares/Third_Party/FreeRTOS/Source/tasks.c **** for the header files above, but not in this file, in order to generate the
  46:Middlewares/Third_Party/FreeRTOS/Source/tasks.c **** correct privileged Vs unprivileged linkage and placement. */
  47:Middlewares/Third_Party/FreeRTOS/Source/tasks.c **** #undef MPU_WRAPPERS_INCLUDED_FROM_API_FILE /*lint !e961 !e750 !e9021. */
  48:Middlewares/Third_Party/FreeRTOS/Source/tasks.c **** 
  49:Middlewares/Third_Party/FreeRTOS/Source/tasks.c **** /* Set configUSE_STATS_FORMATTING_FUNCTIONS to 2 to include the stats formatting
  50:Middlewares/Third_Party/FreeRTOS/Source/tasks.c **** functions but without including stdio.h here. */
  51:Middlewares/Third_Party/FreeRTOS/Source/tasks.c **** #if ( configUSE_STATS_FORMATTING_FUNCTIONS == 1 )
  52:Middlewares/Third_Party/FreeRTOS/Source/tasks.c **** 	/* At the bottom of this file are two optional functions that can be used
  53:Middlewares/Third_Party/FreeRTOS/Source/tasks.c **** 	to generate human readable text from the raw data generated by the
  54:Middlewares/Third_Party/FreeRTOS/Source/tasks.c **** 	uxTaskGetSystemState() function.  Note the formatting functions are provided
  55:Middlewares/Third_Party/FreeRTOS/Source/tasks.c **** 	for convenience only, and are NOT considered part of the kernel. */
  56:Middlewares/Third_Party/FreeRTOS/Source/tasks.c **** 	#include <stdio.h>
  57:Middlewares/Third_Party/FreeRTOS/Source/tasks.c **** #endif /* configUSE_STATS_FORMATTING_FUNCTIONS == 1 ) */
  58:Middlewares/Third_Party/FreeRTOS/Source/tasks.c **** 
  59:Middlewares/Third_Party/FreeRTOS/Source/tasks.c **** #if( configUSE_PREEMPTION == 0 )
  60:Middlewares/Third_Party/FreeRTOS/Source/tasks.c **** 	/* If the cooperative scheduler is being used then a yield should not be
  61:Middlewares/Third_Party/FreeRTOS/Source/tasks.c **** 	performed just because a higher priority task has been woken. */
  62:Middlewares/Third_Party/FreeRTOS/Source/tasks.c **** 	#define taskYIELD_IF_USING_PREEMPTION()
  63:Middlewares/Third_Party/FreeRTOS/Source/tasks.c **** #else
  64:Middlewares/Third_Party/FreeRTOS/Source/tasks.c **** 	#define taskYIELD_IF_USING_PREEMPTION() portYIELD_WITHIN_API()
  65:Middlewares/Third_Party/FreeRTOS/Source/tasks.c **** #endif
  66:Middlewares/Third_Party/FreeRTOS/Source/tasks.c **** 
  67:Middlewares/Third_Party/FreeRTOS/Source/tasks.c **** /* Values that can be assigned to the ucNotifyState member of the TCB. */
  68:Middlewares/Third_Party/FreeRTOS/Source/tasks.c **** #define taskNOT_WAITING_NOTIFICATION	( ( uint8_t ) 0 )
  69:Middlewares/Third_Party/FreeRTOS/Source/tasks.c **** #define taskWAITING_NOTIFICATION		( ( uint8_t ) 1 )
  70:Middlewares/Third_Party/FreeRTOS/Source/tasks.c **** #define taskNOTIFICATION_RECEIVED		( ( uint8_t ) 2 )
  71:Middlewares/Third_Party/FreeRTOS/Source/tasks.c **** 
  72:Middlewares/Third_Party/FreeRTOS/Source/tasks.c **** /*
  73:Middlewares/Third_Party/FreeRTOS/Source/tasks.c ****  * The value used to fill the stack of a task when the task is created.  This
  74:Middlewares/Third_Party/FreeRTOS/Source/tasks.c ****  * is used purely for checking the high water mark for tasks.
  75:Middlewares/Third_Party/FreeRTOS/Source/tasks.c ****  */
  76:Middlewares/Third_Party/FreeRTOS/Source/tasks.c **** #define tskSTACK_FILL_BYTE	( 0xa5U )
  77:Middlewares/Third_Party/FreeRTOS/Source/tasks.c **** 
  78:Middlewares/Third_Party/FreeRTOS/Source/tasks.c **** /* Bits used to recored how a task's stack and TCB were allocated. */
  79:Middlewares/Third_Party/FreeRTOS/Source/tasks.c **** #define tskDYNAMICALLY_ALLOCATED_STACK_AND_TCB 		( ( uint8_t ) 0 )
  80:Middlewares/Third_Party/FreeRTOS/Source/tasks.c **** #define tskSTATICALLY_ALLOCATED_STACK_ONLY 			( ( uint8_t ) 1 )
  81:Middlewares/Third_Party/FreeRTOS/Source/tasks.c **** #define tskSTATICALLY_ALLOCATED_STACK_AND_TCB		( ( uint8_t ) 2 )
  82:Middlewares/Third_Party/FreeRTOS/Source/tasks.c **** 
  83:Middlewares/Third_Party/FreeRTOS/Source/tasks.c **** /* If any of the following are set then task stacks are filled with a known
  84:Middlewares/Third_Party/FreeRTOS/Source/tasks.c **** value so the high water mark can be determined.  If none of the following are
  85:Middlewares/Third_Party/FreeRTOS/Source/tasks.c **** set then don't fill the stack so there is no unnecessary dependency on memset. */
  86:Middlewares/Third_Party/FreeRTOS/Source/tasks.c **** #if( ( configCHECK_FOR_STACK_OVERFLOW > 1 ) || ( configUSE_TRACE_FACILITY == 1 ) || ( INCLUDE_uxTas
  87:Middlewares/Third_Party/FreeRTOS/Source/tasks.c **** 	#define tskSET_NEW_STACKS_TO_KNOWN_VALUE	1
  88:Middlewares/Third_Party/FreeRTOS/Source/tasks.c **** #else
  89:Middlewares/Third_Party/FreeRTOS/Source/tasks.c **** 	#define tskSET_NEW_STACKS_TO_KNOWN_VALUE	0
ARM GAS  /tmp/ccoDOEnO.s 			page 3


  90:Middlewares/Third_Party/FreeRTOS/Source/tasks.c **** #endif
  91:Middlewares/Third_Party/FreeRTOS/Source/tasks.c **** 
  92:Middlewares/Third_Party/FreeRTOS/Source/tasks.c **** /*
  93:Middlewares/Third_Party/FreeRTOS/Source/tasks.c ****  * Macros used by vListTask to indicate which state a task is in.
  94:Middlewares/Third_Party/FreeRTOS/Source/tasks.c ****  */
  95:Middlewares/Third_Party/FreeRTOS/Source/tasks.c **** #define tskRUNNING_CHAR		( 'X' )
  96:Middlewares/Third_Party/FreeRTOS/Source/tasks.c **** #define tskBLOCKED_CHAR		( 'B' )
  97:Middlewares/Third_Party/FreeRTOS/Source/tasks.c **** #define tskREADY_CHAR		( 'R' )
  98:Middlewares/Third_Party/FreeRTOS/Source/tasks.c **** #define tskDELETED_CHAR		( 'D' )
  99:Middlewares/Third_Party/FreeRTOS/Source/tasks.c **** #define tskSUSPENDED_CHAR	( 'S' )
 100:Middlewares/Third_Party/FreeRTOS/Source/tasks.c **** 
 101:Middlewares/Third_Party/FreeRTOS/Source/tasks.c **** /*
 102:Middlewares/Third_Party/FreeRTOS/Source/tasks.c ****  * Some kernel aware debuggers require the data the debugger needs access to be
 103:Middlewares/Third_Party/FreeRTOS/Source/tasks.c ****  * global, rather than file scope.
 104:Middlewares/Third_Party/FreeRTOS/Source/tasks.c ****  */
 105:Middlewares/Third_Party/FreeRTOS/Source/tasks.c **** #ifdef portREMOVE_STATIC_QUALIFIER
 106:Middlewares/Third_Party/FreeRTOS/Source/tasks.c **** 	#define static
 107:Middlewares/Third_Party/FreeRTOS/Source/tasks.c **** #endif
 108:Middlewares/Third_Party/FreeRTOS/Source/tasks.c **** 
 109:Middlewares/Third_Party/FreeRTOS/Source/tasks.c **** /* The name allocated to the Idle task.  This can be overridden by defining
 110:Middlewares/Third_Party/FreeRTOS/Source/tasks.c **** configIDLE_TASK_NAME in FreeRTOSConfig.h. */
 111:Middlewares/Third_Party/FreeRTOS/Source/tasks.c **** #ifndef configIDLE_TASK_NAME
 112:Middlewares/Third_Party/FreeRTOS/Source/tasks.c **** 	#define configIDLE_TASK_NAME "IDLE"
 113:Middlewares/Third_Party/FreeRTOS/Source/tasks.c **** #endif
 114:Middlewares/Third_Party/FreeRTOS/Source/tasks.c **** 
 115:Middlewares/Third_Party/FreeRTOS/Source/tasks.c **** #if ( configUSE_PORT_OPTIMISED_TASK_SELECTION == 0 )
 116:Middlewares/Third_Party/FreeRTOS/Source/tasks.c **** 
 117:Middlewares/Third_Party/FreeRTOS/Source/tasks.c **** 	/* If configUSE_PORT_OPTIMISED_TASK_SELECTION is 0 then task selection is
 118:Middlewares/Third_Party/FreeRTOS/Source/tasks.c **** 	performed in a generic way that is not optimised to any particular
 119:Middlewares/Third_Party/FreeRTOS/Source/tasks.c **** 	microcontroller architecture. */
 120:Middlewares/Third_Party/FreeRTOS/Source/tasks.c **** 
 121:Middlewares/Third_Party/FreeRTOS/Source/tasks.c **** 	/* uxTopReadyPriority holds the priority of the highest priority ready
 122:Middlewares/Third_Party/FreeRTOS/Source/tasks.c **** 	state task. */
 123:Middlewares/Third_Party/FreeRTOS/Source/tasks.c **** 	#define taskRECORD_READY_PRIORITY( uxPriority )														\
 124:Middlewares/Third_Party/FreeRTOS/Source/tasks.c **** 	{																									\
 125:Middlewares/Third_Party/FreeRTOS/Source/tasks.c **** 		if( ( uxPriority ) > uxTopReadyPriority )														\
 126:Middlewares/Third_Party/FreeRTOS/Source/tasks.c **** 		{																								\
 127:Middlewares/Third_Party/FreeRTOS/Source/tasks.c **** 			uxTopReadyPriority = ( uxPriority );														\
 128:Middlewares/Third_Party/FreeRTOS/Source/tasks.c **** 		}																								\
 129:Middlewares/Third_Party/FreeRTOS/Source/tasks.c **** 	} /* taskRECORD_READY_PRIORITY */
 130:Middlewares/Third_Party/FreeRTOS/Source/tasks.c **** 
 131:Middlewares/Third_Party/FreeRTOS/Source/tasks.c **** 	/*-----------------------------------------------------------*/
 132:Middlewares/Third_Party/FreeRTOS/Source/tasks.c **** 
 133:Middlewares/Third_Party/FreeRTOS/Source/tasks.c **** 	#define taskSELECT_HIGHEST_PRIORITY_TASK()															\
 134:Middlewares/Third_Party/FreeRTOS/Source/tasks.c **** 	{																									\
 135:Middlewares/Third_Party/FreeRTOS/Source/tasks.c **** 	UBaseType_t uxTopPriority = uxTopReadyPriority;														\
 136:Middlewares/Third_Party/FreeRTOS/Source/tasks.c **** 																										\
 137:Middlewares/Third_Party/FreeRTOS/Source/tasks.c **** 		/* Find the highest priority queue that contains ready tasks. */								\
 138:Middlewares/Third_Party/FreeRTOS/Source/tasks.c **** 		while( listLIST_IS_EMPTY( &( pxReadyTasksLists[ uxTopPriority ] ) ) )							\
 139:Middlewares/Third_Party/FreeRTOS/Source/tasks.c **** 		{																								\
 140:Middlewares/Third_Party/FreeRTOS/Source/tasks.c **** 			configASSERT( uxTopPriority );																\
 141:Middlewares/Third_Party/FreeRTOS/Source/tasks.c **** 			--uxTopPriority;																			\
 142:Middlewares/Third_Party/FreeRTOS/Source/tasks.c **** 		}																								\
 143:Middlewares/Third_Party/FreeRTOS/Source/tasks.c **** 																										\
 144:Middlewares/Third_Party/FreeRTOS/Source/tasks.c **** 		/* listGET_OWNER_OF_NEXT_ENTRY indexes through the list, so the tasks of						\
 145:Middlewares/Third_Party/FreeRTOS/Source/tasks.c **** 		the	same priority get an equal share of the processor time. */									\
 146:Middlewares/Third_Party/FreeRTOS/Source/tasks.c **** 		listGET_OWNER_OF_NEXT_ENTRY( pxCurrentTCB, &( pxReadyTasksLists[ uxTopPriority ] ) );			\
ARM GAS  /tmp/ccoDOEnO.s 			page 4


 147:Middlewares/Third_Party/FreeRTOS/Source/tasks.c **** 		uxTopReadyPriority = uxTopPriority;																\
 148:Middlewares/Third_Party/FreeRTOS/Source/tasks.c **** 	} /* taskSELECT_HIGHEST_PRIORITY_TASK */
 149:Middlewares/Third_Party/FreeRTOS/Source/tasks.c **** 
 150:Middlewares/Third_Party/FreeRTOS/Source/tasks.c **** 	/*-----------------------------------------------------------*/
 151:Middlewares/Third_Party/FreeRTOS/Source/tasks.c **** 
 152:Middlewares/Third_Party/FreeRTOS/Source/tasks.c **** 	/* Define away taskRESET_READY_PRIORITY() and portRESET_READY_PRIORITY() as
 153:Middlewares/Third_Party/FreeRTOS/Source/tasks.c **** 	they are only required when a port optimised method of task selection is
 154:Middlewares/Third_Party/FreeRTOS/Source/tasks.c **** 	being used. */
 155:Middlewares/Third_Party/FreeRTOS/Source/tasks.c **** 	#define taskRESET_READY_PRIORITY( uxPriority )
 156:Middlewares/Third_Party/FreeRTOS/Source/tasks.c **** 	#define portRESET_READY_PRIORITY( uxPriority, uxTopReadyPriority )
 157:Middlewares/Third_Party/FreeRTOS/Source/tasks.c **** 
 158:Middlewares/Third_Party/FreeRTOS/Source/tasks.c **** #else /* configUSE_PORT_OPTIMISED_TASK_SELECTION */
 159:Middlewares/Third_Party/FreeRTOS/Source/tasks.c **** 
 160:Middlewares/Third_Party/FreeRTOS/Source/tasks.c **** 	/* If configUSE_PORT_OPTIMISED_TASK_SELECTION is 1 then task selection is
 161:Middlewares/Third_Party/FreeRTOS/Source/tasks.c **** 	performed in a way that is tailored to the particular microcontroller
 162:Middlewares/Third_Party/FreeRTOS/Source/tasks.c **** 	architecture being used. */
 163:Middlewares/Third_Party/FreeRTOS/Source/tasks.c **** 
 164:Middlewares/Third_Party/FreeRTOS/Source/tasks.c **** 	/* A port optimised version is provided.  Call the port defined macros. */
 165:Middlewares/Third_Party/FreeRTOS/Source/tasks.c **** 	#define taskRECORD_READY_PRIORITY( uxPriority )	portRECORD_READY_PRIORITY( uxPriority, uxTopReadyP
 166:Middlewares/Third_Party/FreeRTOS/Source/tasks.c **** 
 167:Middlewares/Third_Party/FreeRTOS/Source/tasks.c **** 	/*-----------------------------------------------------------*/
 168:Middlewares/Third_Party/FreeRTOS/Source/tasks.c **** 
 169:Middlewares/Third_Party/FreeRTOS/Source/tasks.c **** 	#define taskSELECT_HIGHEST_PRIORITY_TASK()														\
 170:Middlewares/Third_Party/FreeRTOS/Source/tasks.c **** 	{																								\
 171:Middlewares/Third_Party/FreeRTOS/Source/tasks.c **** 	UBaseType_t uxTopPriority;																		\
 172:Middlewares/Third_Party/FreeRTOS/Source/tasks.c **** 																									\
 173:Middlewares/Third_Party/FreeRTOS/Source/tasks.c **** 		/* Find the highest priority list that contains ready tasks. */								\
 174:Middlewares/Third_Party/FreeRTOS/Source/tasks.c **** 		portGET_HIGHEST_PRIORITY( uxTopPriority, uxTopReadyPriority );								\
 175:Middlewares/Third_Party/FreeRTOS/Source/tasks.c **** 		configASSERT( listCURRENT_LIST_LENGTH( &( pxReadyTasksLists[ uxTopPriority ] ) ) > 0 );		\
 176:Middlewares/Third_Party/FreeRTOS/Source/tasks.c **** 		listGET_OWNER_OF_NEXT_ENTRY( pxCurrentTCB, &( pxReadyTasksLists[ uxTopPriority ] ) );		\
 177:Middlewares/Third_Party/FreeRTOS/Source/tasks.c **** 	} /* taskSELECT_HIGHEST_PRIORITY_TASK() */
 178:Middlewares/Third_Party/FreeRTOS/Source/tasks.c **** 
 179:Middlewares/Third_Party/FreeRTOS/Source/tasks.c **** 	/*-----------------------------------------------------------*/
 180:Middlewares/Third_Party/FreeRTOS/Source/tasks.c **** 
 181:Middlewares/Third_Party/FreeRTOS/Source/tasks.c **** 	/* A port optimised version is provided, call it only if the TCB being reset
 182:Middlewares/Third_Party/FreeRTOS/Source/tasks.c **** 	is being referenced from a ready list.  If it is referenced from a delayed
 183:Middlewares/Third_Party/FreeRTOS/Source/tasks.c **** 	or suspended list then it won't be in a ready list. */
 184:Middlewares/Third_Party/FreeRTOS/Source/tasks.c **** 	#define taskRESET_READY_PRIORITY( uxPriority )														\
 185:Middlewares/Third_Party/FreeRTOS/Source/tasks.c **** 	{																									\
 186:Middlewares/Third_Party/FreeRTOS/Source/tasks.c **** 		if( listCURRENT_LIST_LENGTH( &( pxReadyTasksLists[ ( uxPriority ) ] ) ) == ( UBaseType_t ) 0 )	\
 187:Middlewares/Third_Party/FreeRTOS/Source/tasks.c **** 		{																								\
 188:Middlewares/Third_Party/FreeRTOS/Source/tasks.c **** 			portRESET_READY_PRIORITY( ( uxPriority ), ( uxTopReadyPriority ) );							\
 189:Middlewares/Third_Party/FreeRTOS/Source/tasks.c **** 		}																								\
 190:Middlewares/Third_Party/FreeRTOS/Source/tasks.c **** 	}
 191:Middlewares/Third_Party/FreeRTOS/Source/tasks.c **** 
 192:Middlewares/Third_Party/FreeRTOS/Source/tasks.c **** #endif /* configUSE_PORT_OPTIMISED_TASK_SELECTION */
 193:Middlewares/Third_Party/FreeRTOS/Source/tasks.c **** 
 194:Middlewares/Third_Party/FreeRTOS/Source/tasks.c **** /*-----------------------------------------------------------*/
 195:Middlewares/Third_Party/FreeRTOS/Source/tasks.c **** 
 196:Middlewares/Third_Party/FreeRTOS/Source/tasks.c **** /* pxDelayedTaskList and pxOverflowDelayedTaskList are switched when the tick
 197:Middlewares/Third_Party/FreeRTOS/Source/tasks.c **** count overflows. */
 198:Middlewares/Third_Party/FreeRTOS/Source/tasks.c **** #define taskSWITCH_DELAYED_LISTS()																	\
 199:Middlewares/Third_Party/FreeRTOS/Source/tasks.c **** {																									\
 200:Middlewares/Third_Party/FreeRTOS/Source/tasks.c **** 	List_t *pxTemp;																					\
 201:Middlewares/Third_Party/FreeRTOS/Source/tasks.c **** 																									\
 202:Middlewares/Third_Party/FreeRTOS/Source/tasks.c **** 	/* The delayed tasks list should be empty when the lists are switched. */						\
 203:Middlewares/Third_Party/FreeRTOS/Source/tasks.c **** 	configASSERT( ( listLIST_IS_EMPTY( pxDelayedTaskList ) ) );										\
ARM GAS  /tmp/ccoDOEnO.s 			page 5


 204:Middlewares/Third_Party/FreeRTOS/Source/tasks.c **** 																									\
 205:Middlewares/Third_Party/FreeRTOS/Source/tasks.c **** 	pxTemp = pxDelayedTaskList;																		\
 206:Middlewares/Third_Party/FreeRTOS/Source/tasks.c **** 	pxDelayedTaskList = pxOverflowDelayedTaskList;													\
 207:Middlewares/Third_Party/FreeRTOS/Source/tasks.c **** 	pxOverflowDelayedTaskList = pxTemp;																\
 208:Middlewares/Third_Party/FreeRTOS/Source/tasks.c **** 	xNumOfOverflows++;																				\
 209:Middlewares/Third_Party/FreeRTOS/Source/tasks.c **** 	prvResetNextTaskUnblockTime();																	\
 210:Middlewares/Third_Party/FreeRTOS/Source/tasks.c **** }
 211:Middlewares/Third_Party/FreeRTOS/Source/tasks.c **** 
 212:Middlewares/Third_Party/FreeRTOS/Source/tasks.c **** /*-----------------------------------------------------------*/
 213:Middlewares/Third_Party/FreeRTOS/Source/tasks.c **** 
 214:Middlewares/Third_Party/FreeRTOS/Source/tasks.c **** /*
 215:Middlewares/Third_Party/FreeRTOS/Source/tasks.c ****  * Place the task represented by pxTCB into the appropriate ready list for
 216:Middlewares/Third_Party/FreeRTOS/Source/tasks.c ****  * the task.  It is inserted at the end of the list.
 217:Middlewares/Third_Party/FreeRTOS/Source/tasks.c ****  */
 218:Middlewares/Third_Party/FreeRTOS/Source/tasks.c **** #define prvAddTaskToReadyList( pxTCB )																\
 219:Middlewares/Third_Party/FreeRTOS/Source/tasks.c **** 	traceMOVED_TASK_TO_READY_STATE( pxTCB );														\
 220:Middlewares/Third_Party/FreeRTOS/Source/tasks.c **** 	taskRECORD_READY_PRIORITY( ( pxTCB )->uxPriority );												\
 221:Middlewares/Third_Party/FreeRTOS/Source/tasks.c **** 	vListInsertEnd( &( pxReadyTasksLists[ ( pxTCB )->uxPriority ] ), &( ( pxTCB )->xStateListItem ) );
 222:Middlewares/Third_Party/FreeRTOS/Source/tasks.c **** 	tracePOST_MOVED_TASK_TO_READY_STATE( pxTCB )
 223:Middlewares/Third_Party/FreeRTOS/Source/tasks.c **** /*-----------------------------------------------------------*/
 224:Middlewares/Third_Party/FreeRTOS/Source/tasks.c **** 
 225:Middlewares/Third_Party/FreeRTOS/Source/tasks.c **** /*
 226:Middlewares/Third_Party/FreeRTOS/Source/tasks.c ****  * Several functions take an TaskHandle_t parameter that can optionally be NULL,
 227:Middlewares/Third_Party/FreeRTOS/Source/tasks.c ****  * where NULL is used to indicate that the handle of the currently executing
 228:Middlewares/Third_Party/FreeRTOS/Source/tasks.c ****  * task should be used in place of the parameter.  This macro simply checks to
 229:Middlewares/Third_Party/FreeRTOS/Source/tasks.c ****  * see if the parameter is NULL and returns a pointer to the appropriate TCB.
 230:Middlewares/Third_Party/FreeRTOS/Source/tasks.c ****  */
 231:Middlewares/Third_Party/FreeRTOS/Source/tasks.c **** #define prvGetTCBFromHandle( pxHandle ) ( ( ( pxHandle ) == NULL ) ? pxCurrentTCB : ( pxHandle ) )
 232:Middlewares/Third_Party/FreeRTOS/Source/tasks.c **** 
 233:Middlewares/Third_Party/FreeRTOS/Source/tasks.c **** /* The item value of the event list item is normally used to hold the priority
 234:Middlewares/Third_Party/FreeRTOS/Source/tasks.c **** of the task to which it belongs (coded to allow it to be held in reverse
 235:Middlewares/Third_Party/FreeRTOS/Source/tasks.c **** priority order).  However, it is occasionally borrowed for other purposes.  It
 236:Middlewares/Third_Party/FreeRTOS/Source/tasks.c **** is important its value is not updated due to a task priority change while it is
 237:Middlewares/Third_Party/FreeRTOS/Source/tasks.c **** being used for another purpose.  The following bit definition is used to inform
 238:Middlewares/Third_Party/FreeRTOS/Source/tasks.c **** the scheduler that the value should not be changed - in which case it is the
 239:Middlewares/Third_Party/FreeRTOS/Source/tasks.c **** responsibility of whichever module is using the value to ensure it gets set back
 240:Middlewares/Third_Party/FreeRTOS/Source/tasks.c **** to its original value when it is released. */
 241:Middlewares/Third_Party/FreeRTOS/Source/tasks.c **** #if( configUSE_16_BIT_TICKS == 1 )
 242:Middlewares/Third_Party/FreeRTOS/Source/tasks.c **** 	#define taskEVENT_LIST_ITEM_VALUE_IN_USE	0x8000U
 243:Middlewares/Third_Party/FreeRTOS/Source/tasks.c **** #else
 244:Middlewares/Third_Party/FreeRTOS/Source/tasks.c **** 	#define taskEVENT_LIST_ITEM_VALUE_IN_USE	0x80000000UL
 245:Middlewares/Third_Party/FreeRTOS/Source/tasks.c **** #endif
 246:Middlewares/Third_Party/FreeRTOS/Source/tasks.c **** 
 247:Middlewares/Third_Party/FreeRTOS/Source/tasks.c **** /*
 248:Middlewares/Third_Party/FreeRTOS/Source/tasks.c ****  * Task control block.  A task control block (TCB) is allocated for each task,
 249:Middlewares/Third_Party/FreeRTOS/Source/tasks.c ****  * and stores task state information, including a pointer to the task's context
 250:Middlewares/Third_Party/FreeRTOS/Source/tasks.c ****  * (the task's run time environment, including register values)
 251:Middlewares/Third_Party/FreeRTOS/Source/tasks.c ****  */
 252:Middlewares/Third_Party/FreeRTOS/Source/tasks.c **** typedef struct tskTaskControlBlock 			/* The old naming convention is used to prevent breaking kern
 253:Middlewares/Third_Party/FreeRTOS/Source/tasks.c **** {
 254:Middlewares/Third_Party/FreeRTOS/Source/tasks.c **** 	volatile StackType_t	*pxTopOfStack;	/*< Points to the location of the last item placed on the task
 255:Middlewares/Third_Party/FreeRTOS/Source/tasks.c **** 
 256:Middlewares/Third_Party/FreeRTOS/Source/tasks.c **** 	#if ( portUSING_MPU_WRAPPERS == 1 )
 257:Middlewares/Third_Party/FreeRTOS/Source/tasks.c **** 		xMPU_SETTINGS	xMPUSettings;		/*< The MPU settings are defined as part of the port layer.  THIS MU
 258:Middlewares/Third_Party/FreeRTOS/Source/tasks.c **** 	#endif
 259:Middlewares/Third_Party/FreeRTOS/Source/tasks.c **** 
 260:Middlewares/Third_Party/FreeRTOS/Source/tasks.c **** 	ListItem_t			xStateListItem;	/*< The list that the state list item of a task is reference from den
ARM GAS  /tmp/ccoDOEnO.s 			page 6


 261:Middlewares/Third_Party/FreeRTOS/Source/tasks.c **** 	ListItem_t			xEventListItem;		/*< Used to reference a task from an event list. */
 262:Middlewares/Third_Party/FreeRTOS/Source/tasks.c **** 	UBaseType_t			uxPriority;			/*< The priority of the task.  0 is the lowest priority. */
 263:Middlewares/Third_Party/FreeRTOS/Source/tasks.c **** 	StackType_t			*pxStack;			/*< Points to the start of the stack. */
 264:Middlewares/Third_Party/FreeRTOS/Source/tasks.c **** 	char				pcTaskName[ configMAX_TASK_NAME_LEN ];/*< Descriptive name given to the task when created.
 265:Middlewares/Third_Party/FreeRTOS/Source/tasks.c **** 
 266:Middlewares/Third_Party/FreeRTOS/Source/tasks.c **** 	#if ( ( portSTACK_GROWTH > 0 ) || ( configRECORD_STACK_HIGH_ADDRESS == 1 ) )
 267:Middlewares/Third_Party/FreeRTOS/Source/tasks.c **** 		StackType_t		*pxEndOfStack;		/*< Points to the highest valid address for the stack. */
 268:Middlewares/Third_Party/FreeRTOS/Source/tasks.c **** 	#endif
 269:Middlewares/Third_Party/FreeRTOS/Source/tasks.c **** 
 270:Middlewares/Third_Party/FreeRTOS/Source/tasks.c **** 	#if ( portCRITICAL_NESTING_IN_TCB == 1 )
 271:Middlewares/Third_Party/FreeRTOS/Source/tasks.c **** 		UBaseType_t		uxCriticalNesting;	/*< Holds the critical section nesting depth for ports that do no
 272:Middlewares/Third_Party/FreeRTOS/Source/tasks.c **** 	#endif
 273:Middlewares/Third_Party/FreeRTOS/Source/tasks.c **** 
 274:Middlewares/Third_Party/FreeRTOS/Source/tasks.c **** 	#if ( configUSE_TRACE_FACILITY == 1 )
 275:Middlewares/Third_Party/FreeRTOS/Source/tasks.c **** 		UBaseType_t		uxTCBNumber;		/*< Stores a number that increments each time a TCB is created.  It al
 276:Middlewares/Third_Party/FreeRTOS/Source/tasks.c **** 		UBaseType_t		uxTaskNumber;		/*< Stores a number specifically for use by third party trace code. *
 277:Middlewares/Third_Party/FreeRTOS/Source/tasks.c **** 	#endif
 278:Middlewares/Third_Party/FreeRTOS/Source/tasks.c **** 
 279:Middlewares/Third_Party/FreeRTOS/Source/tasks.c **** 	#if ( configUSE_MUTEXES == 1 )
 280:Middlewares/Third_Party/FreeRTOS/Source/tasks.c **** 		UBaseType_t		uxBasePriority;		/*< The priority last assigned to the task - used by the priority i
 281:Middlewares/Third_Party/FreeRTOS/Source/tasks.c **** 		UBaseType_t		uxMutexesHeld;
 282:Middlewares/Third_Party/FreeRTOS/Source/tasks.c **** 	#endif
 283:Middlewares/Third_Party/FreeRTOS/Source/tasks.c **** 
 284:Middlewares/Third_Party/FreeRTOS/Source/tasks.c **** 	#if ( configUSE_APPLICATION_TASK_TAG == 1 )
 285:Middlewares/Third_Party/FreeRTOS/Source/tasks.c **** 		TaskHookFunction_t pxTaskTag;
 286:Middlewares/Third_Party/FreeRTOS/Source/tasks.c **** 	#endif
 287:Middlewares/Third_Party/FreeRTOS/Source/tasks.c **** 
 288:Middlewares/Third_Party/FreeRTOS/Source/tasks.c **** 	#if( configNUM_THREAD_LOCAL_STORAGE_POINTERS > 0 )
 289:Middlewares/Third_Party/FreeRTOS/Source/tasks.c **** 		void			*pvThreadLocalStoragePointers[ configNUM_THREAD_LOCAL_STORAGE_POINTERS ];
 290:Middlewares/Third_Party/FreeRTOS/Source/tasks.c **** 	#endif
 291:Middlewares/Third_Party/FreeRTOS/Source/tasks.c **** 
 292:Middlewares/Third_Party/FreeRTOS/Source/tasks.c **** 	#if( configGENERATE_RUN_TIME_STATS == 1 )
 293:Middlewares/Third_Party/FreeRTOS/Source/tasks.c **** 		uint32_t		ulRunTimeCounter;	/*< Stores the amount of time the task has spent in the Running state
 294:Middlewares/Third_Party/FreeRTOS/Source/tasks.c **** 	#endif
 295:Middlewares/Third_Party/FreeRTOS/Source/tasks.c **** 
 296:Middlewares/Third_Party/FreeRTOS/Source/tasks.c **** 	#if ( configUSE_NEWLIB_REENTRANT == 1 )
 297:Middlewares/Third_Party/FreeRTOS/Source/tasks.c **** 		/* Allocate a Newlib reent structure that is specific to this task.
 298:Middlewares/Third_Party/FreeRTOS/Source/tasks.c **** 		Note Newlib support has been included by popular demand, but is not
 299:Middlewares/Third_Party/FreeRTOS/Source/tasks.c **** 		used by the FreeRTOS maintainers themselves.  FreeRTOS is not
 300:Middlewares/Third_Party/FreeRTOS/Source/tasks.c **** 		responsible for resulting newlib operation.  User must be familiar with
 301:Middlewares/Third_Party/FreeRTOS/Source/tasks.c **** 		newlib and must provide system-wide implementations of the necessary
 302:Middlewares/Third_Party/FreeRTOS/Source/tasks.c **** 		stubs. Be warned that (at the time of writing) the current newlib design
 303:Middlewares/Third_Party/FreeRTOS/Source/tasks.c **** 		implements a system-wide malloc() that must be provided with locks.
 304:Middlewares/Third_Party/FreeRTOS/Source/tasks.c **** 
 305:Middlewares/Third_Party/FreeRTOS/Source/tasks.c **** 		See the third party link http://www.nadler.com/embedded/newlibAndFreeRTOS.html
 306:Middlewares/Third_Party/FreeRTOS/Source/tasks.c **** 		for additional information. */
 307:Middlewares/Third_Party/FreeRTOS/Source/tasks.c **** 		struct	_reent xNewLib_reent;
 308:Middlewares/Third_Party/FreeRTOS/Source/tasks.c **** 	#endif
 309:Middlewares/Third_Party/FreeRTOS/Source/tasks.c **** 
 310:Middlewares/Third_Party/FreeRTOS/Source/tasks.c **** 	#if( configUSE_TASK_NOTIFICATIONS == 1 )
 311:Middlewares/Third_Party/FreeRTOS/Source/tasks.c **** 		volatile uint32_t ulNotifiedValue;
 312:Middlewares/Third_Party/FreeRTOS/Source/tasks.c **** 		volatile uint8_t ucNotifyState;
 313:Middlewares/Third_Party/FreeRTOS/Source/tasks.c **** 	#endif
 314:Middlewares/Third_Party/FreeRTOS/Source/tasks.c **** 
 315:Middlewares/Third_Party/FreeRTOS/Source/tasks.c **** 	/* See the comments in FreeRTOS.h with the definition of
 316:Middlewares/Third_Party/FreeRTOS/Source/tasks.c **** 	tskSTATIC_AND_DYNAMIC_ALLOCATION_POSSIBLE. */
 317:Middlewares/Third_Party/FreeRTOS/Source/tasks.c **** 	#if( tskSTATIC_AND_DYNAMIC_ALLOCATION_POSSIBLE != 0 ) /*lint !e731 !e9029 Macro has been consolida
ARM GAS  /tmp/ccoDOEnO.s 			page 7


 318:Middlewares/Third_Party/FreeRTOS/Source/tasks.c **** 		uint8_t	ucStaticallyAllocated; 		/*< Set to pdTRUE if the task is a statically allocated to ensur
 319:Middlewares/Third_Party/FreeRTOS/Source/tasks.c **** 	#endif
 320:Middlewares/Third_Party/FreeRTOS/Source/tasks.c **** 
 321:Middlewares/Third_Party/FreeRTOS/Source/tasks.c **** 	#if( INCLUDE_xTaskAbortDelay == 1 )
 322:Middlewares/Third_Party/FreeRTOS/Source/tasks.c **** 		uint8_t ucDelayAborted;
 323:Middlewares/Third_Party/FreeRTOS/Source/tasks.c **** 	#endif
 324:Middlewares/Third_Party/FreeRTOS/Source/tasks.c **** 
 325:Middlewares/Third_Party/FreeRTOS/Source/tasks.c **** 	#if( configUSE_POSIX_ERRNO == 1 )
 326:Middlewares/Third_Party/FreeRTOS/Source/tasks.c **** 		int iTaskErrno;
 327:Middlewares/Third_Party/FreeRTOS/Source/tasks.c **** 	#endif
 328:Middlewares/Third_Party/FreeRTOS/Source/tasks.c **** 
 329:Middlewares/Third_Party/FreeRTOS/Source/tasks.c **** } tskTCB;
 330:Middlewares/Third_Party/FreeRTOS/Source/tasks.c **** 
 331:Middlewares/Third_Party/FreeRTOS/Source/tasks.c **** /* The old tskTCB name is maintained above then typedefed to the new TCB_t name
 332:Middlewares/Third_Party/FreeRTOS/Source/tasks.c **** below to enable the use of older kernel aware debuggers. */
 333:Middlewares/Third_Party/FreeRTOS/Source/tasks.c **** typedef tskTCB TCB_t;
 334:Middlewares/Third_Party/FreeRTOS/Source/tasks.c **** 
 335:Middlewares/Third_Party/FreeRTOS/Source/tasks.c **** /*lint -save -e956 A manual analysis and inspection has been used to determine
 336:Middlewares/Third_Party/FreeRTOS/Source/tasks.c **** which static variables must be declared volatile. */
 337:Middlewares/Third_Party/FreeRTOS/Source/tasks.c **** PRIVILEGED_DATA TCB_t * volatile pxCurrentTCB = NULL;
 338:Middlewares/Third_Party/FreeRTOS/Source/tasks.c **** 
 339:Middlewares/Third_Party/FreeRTOS/Source/tasks.c **** /* Lists for ready and blocked tasks. --------------------
 340:Middlewares/Third_Party/FreeRTOS/Source/tasks.c **** xDelayedTaskList1 and xDelayedTaskList2 could be move to function scople but
 341:Middlewares/Third_Party/FreeRTOS/Source/tasks.c **** doing so breaks some kernel aware debuggers and debuggers that rely on removing
 342:Middlewares/Third_Party/FreeRTOS/Source/tasks.c **** the static qualifier. */
 343:Middlewares/Third_Party/FreeRTOS/Source/tasks.c **** PRIVILEGED_DATA static List_t pxReadyTasksLists[ configMAX_PRIORITIES ];/*< Prioritised ready tasks
 344:Middlewares/Third_Party/FreeRTOS/Source/tasks.c **** PRIVILEGED_DATA static List_t xDelayedTaskList1;						/*< Delayed tasks. */
 345:Middlewares/Third_Party/FreeRTOS/Source/tasks.c **** PRIVILEGED_DATA static List_t xDelayedTaskList2;						/*< Delayed tasks (two lists are used - one f
 346:Middlewares/Third_Party/FreeRTOS/Source/tasks.c **** PRIVILEGED_DATA static List_t * volatile pxDelayedTaskList;				/*< Points to the delayed task list 
 347:Middlewares/Third_Party/FreeRTOS/Source/tasks.c **** PRIVILEGED_DATA static List_t * volatile pxOverflowDelayedTaskList;		/*< Points to the delayed task
 348:Middlewares/Third_Party/FreeRTOS/Source/tasks.c **** PRIVILEGED_DATA static List_t xPendingReadyList;						/*< Tasks that have been readied while the sc
 349:Middlewares/Third_Party/FreeRTOS/Source/tasks.c **** 
 350:Middlewares/Third_Party/FreeRTOS/Source/tasks.c **** #if( INCLUDE_vTaskDelete == 1 )
 351:Middlewares/Third_Party/FreeRTOS/Source/tasks.c **** 
 352:Middlewares/Third_Party/FreeRTOS/Source/tasks.c **** 	PRIVILEGED_DATA static List_t xTasksWaitingTermination;				/*< Tasks that have been deleted - but 
 353:Middlewares/Third_Party/FreeRTOS/Source/tasks.c **** 	PRIVILEGED_DATA static volatile UBaseType_t uxDeletedTasksWaitingCleanUp = ( UBaseType_t ) 0U;
 354:Middlewares/Third_Party/FreeRTOS/Source/tasks.c **** 
 355:Middlewares/Third_Party/FreeRTOS/Source/tasks.c **** #endif
 356:Middlewares/Third_Party/FreeRTOS/Source/tasks.c **** 
 357:Middlewares/Third_Party/FreeRTOS/Source/tasks.c **** #if ( INCLUDE_vTaskSuspend == 1 )
 358:Middlewares/Third_Party/FreeRTOS/Source/tasks.c **** 
 359:Middlewares/Third_Party/FreeRTOS/Source/tasks.c **** 	PRIVILEGED_DATA static List_t xSuspendedTaskList;					/*< Tasks that are currently suspended. */
 360:Middlewares/Third_Party/FreeRTOS/Source/tasks.c **** 
 361:Middlewares/Third_Party/FreeRTOS/Source/tasks.c **** #endif
 362:Middlewares/Third_Party/FreeRTOS/Source/tasks.c **** 
 363:Middlewares/Third_Party/FreeRTOS/Source/tasks.c **** /* Global POSIX errno. Its value is changed upon context switching to match
 364:Middlewares/Third_Party/FreeRTOS/Source/tasks.c **** the errno of the currently running task. */
 365:Middlewares/Third_Party/FreeRTOS/Source/tasks.c **** #if ( configUSE_POSIX_ERRNO == 1 )
 366:Middlewares/Third_Party/FreeRTOS/Source/tasks.c **** 	int FreeRTOS_errno = 0;
 367:Middlewares/Third_Party/FreeRTOS/Source/tasks.c **** #endif
 368:Middlewares/Third_Party/FreeRTOS/Source/tasks.c **** 
 369:Middlewares/Third_Party/FreeRTOS/Source/tasks.c **** /* Other file private variables. --------------------------------*/
 370:Middlewares/Third_Party/FreeRTOS/Source/tasks.c **** PRIVILEGED_DATA static volatile UBaseType_t uxCurrentNumberOfTasks 	= ( UBaseType_t ) 0U;
 371:Middlewares/Third_Party/FreeRTOS/Source/tasks.c **** PRIVILEGED_DATA static volatile TickType_t xTickCount 				= ( TickType_t ) configINITIAL_TICK_COUNT
 372:Middlewares/Third_Party/FreeRTOS/Source/tasks.c **** PRIVILEGED_DATA static volatile UBaseType_t uxTopReadyPriority 		= tskIDLE_PRIORITY;
 373:Middlewares/Third_Party/FreeRTOS/Source/tasks.c **** PRIVILEGED_DATA static volatile BaseType_t xSchedulerRunning 		= pdFALSE;
 374:Middlewares/Third_Party/FreeRTOS/Source/tasks.c **** PRIVILEGED_DATA static volatile TickType_t xPendedTicks 			= ( TickType_t ) 0U;
ARM GAS  /tmp/ccoDOEnO.s 			page 8


 375:Middlewares/Third_Party/FreeRTOS/Source/tasks.c **** PRIVILEGED_DATA static volatile BaseType_t xYieldPending 			= pdFALSE;
 376:Middlewares/Third_Party/FreeRTOS/Source/tasks.c **** PRIVILEGED_DATA static volatile BaseType_t xNumOfOverflows 			= ( BaseType_t ) 0;
 377:Middlewares/Third_Party/FreeRTOS/Source/tasks.c **** PRIVILEGED_DATA static UBaseType_t uxTaskNumber 					= ( UBaseType_t ) 0U;
 378:Middlewares/Third_Party/FreeRTOS/Source/tasks.c **** PRIVILEGED_DATA static volatile TickType_t xNextTaskUnblockTime		= ( TickType_t ) 0U; /* Initialise
 379:Middlewares/Third_Party/FreeRTOS/Source/tasks.c **** PRIVILEGED_DATA static TaskHandle_t xIdleTaskHandle					= NULL;			/*< Holds the handle of the idle 
 380:Middlewares/Third_Party/FreeRTOS/Source/tasks.c **** 
 381:Middlewares/Third_Party/FreeRTOS/Source/tasks.c **** /* Context switches are held pending while the scheduler is suspended.  Also,
 382:Middlewares/Third_Party/FreeRTOS/Source/tasks.c **** interrupts must not manipulate the xStateListItem of a TCB, or any of the
 383:Middlewares/Third_Party/FreeRTOS/Source/tasks.c **** lists the xStateListItem can be referenced from, if the scheduler is suspended.
 384:Middlewares/Third_Party/FreeRTOS/Source/tasks.c **** If an interrupt needs to unblock a task while the scheduler is suspended then it
 385:Middlewares/Third_Party/FreeRTOS/Source/tasks.c **** moves the task's event list item into the xPendingReadyList, ready for the
 386:Middlewares/Third_Party/FreeRTOS/Source/tasks.c **** kernel to move the task from the pending ready list into the real ready list
 387:Middlewares/Third_Party/FreeRTOS/Source/tasks.c **** when the scheduler is unsuspended.  The pending ready list itself can only be
 388:Middlewares/Third_Party/FreeRTOS/Source/tasks.c **** accessed from a critical section. */
 389:Middlewares/Third_Party/FreeRTOS/Source/tasks.c **** PRIVILEGED_DATA static volatile UBaseType_t uxSchedulerSuspended	= ( UBaseType_t ) pdFALSE;
 390:Middlewares/Third_Party/FreeRTOS/Source/tasks.c **** 
 391:Middlewares/Third_Party/FreeRTOS/Source/tasks.c **** #if ( configGENERATE_RUN_TIME_STATS == 1 )
 392:Middlewares/Third_Party/FreeRTOS/Source/tasks.c **** 
 393:Middlewares/Third_Party/FreeRTOS/Source/tasks.c **** 	/* Do not move these variables to function scope as doing so prevents the
 394:Middlewares/Third_Party/FreeRTOS/Source/tasks.c **** 	code working with debuggers that need to remove the static qualifier. */
 395:Middlewares/Third_Party/FreeRTOS/Source/tasks.c **** 	PRIVILEGED_DATA static uint32_t ulTaskSwitchedInTime = 0UL;	/*< Holds the value of a timer/counter
 396:Middlewares/Third_Party/FreeRTOS/Source/tasks.c **** 	PRIVILEGED_DATA static uint32_t ulTotalRunTime = 0UL;		/*< Holds the total amount of execution tim
 397:Middlewares/Third_Party/FreeRTOS/Source/tasks.c **** 
 398:Middlewares/Third_Party/FreeRTOS/Source/tasks.c **** #endif
 399:Middlewares/Third_Party/FreeRTOS/Source/tasks.c **** 
 400:Middlewares/Third_Party/FreeRTOS/Source/tasks.c **** /*lint -restore */
 401:Middlewares/Third_Party/FreeRTOS/Source/tasks.c **** 
 402:Middlewares/Third_Party/FreeRTOS/Source/tasks.c **** /*-----------------------------------------------------------*/
 403:Middlewares/Third_Party/FreeRTOS/Source/tasks.c **** 
 404:Middlewares/Third_Party/FreeRTOS/Source/tasks.c **** /* Callback function prototypes. --------------------------*/
 405:Middlewares/Third_Party/FreeRTOS/Source/tasks.c **** #if(  configCHECK_FOR_STACK_OVERFLOW > 0 )
 406:Middlewares/Third_Party/FreeRTOS/Source/tasks.c **** 
 407:Middlewares/Third_Party/FreeRTOS/Source/tasks.c **** 	extern void vApplicationStackOverflowHook( TaskHandle_t xTask, char *pcTaskName );
 408:Middlewares/Third_Party/FreeRTOS/Source/tasks.c **** 
 409:Middlewares/Third_Party/FreeRTOS/Source/tasks.c **** #endif
 410:Middlewares/Third_Party/FreeRTOS/Source/tasks.c **** 
 411:Middlewares/Third_Party/FreeRTOS/Source/tasks.c **** #if( configUSE_TICK_HOOK > 0 )
 412:Middlewares/Third_Party/FreeRTOS/Source/tasks.c **** 
 413:Middlewares/Third_Party/FreeRTOS/Source/tasks.c **** 	extern void vApplicationTickHook( void ); /*lint !e526 Symbol not defined as it is an application 
 414:Middlewares/Third_Party/FreeRTOS/Source/tasks.c **** 
 415:Middlewares/Third_Party/FreeRTOS/Source/tasks.c **** #endif
 416:Middlewares/Third_Party/FreeRTOS/Source/tasks.c **** 
 417:Middlewares/Third_Party/FreeRTOS/Source/tasks.c **** #if( configSUPPORT_STATIC_ALLOCATION == 1 )
 418:Middlewares/Third_Party/FreeRTOS/Source/tasks.c **** 
 419:Middlewares/Third_Party/FreeRTOS/Source/tasks.c **** 	extern void vApplicationGetIdleTaskMemory( StaticTask_t **ppxIdleTaskTCBBuffer, StackType_t **ppxI
 420:Middlewares/Third_Party/FreeRTOS/Source/tasks.c **** 
 421:Middlewares/Third_Party/FreeRTOS/Source/tasks.c **** #endif
 422:Middlewares/Third_Party/FreeRTOS/Source/tasks.c **** 
 423:Middlewares/Third_Party/FreeRTOS/Source/tasks.c **** /* File private functions. --------------------------------*/
 424:Middlewares/Third_Party/FreeRTOS/Source/tasks.c **** 
 425:Middlewares/Third_Party/FreeRTOS/Source/tasks.c **** /**
 426:Middlewares/Third_Party/FreeRTOS/Source/tasks.c ****  * Utility task that simply returns pdTRUE if the task referenced by xTask is
 427:Middlewares/Third_Party/FreeRTOS/Source/tasks.c ****  * currently in the Suspended state, or pdFALSE if the task referenced by xTask
 428:Middlewares/Third_Party/FreeRTOS/Source/tasks.c ****  * is in any other state.
 429:Middlewares/Third_Party/FreeRTOS/Source/tasks.c ****  */
 430:Middlewares/Third_Party/FreeRTOS/Source/tasks.c **** #if ( INCLUDE_vTaskSuspend == 1 )
 431:Middlewares/Third_Party/FreeRTOS/Source/tasks.c **** 
ARM GAS  /tmp/ccoDOEnO.s 			page 9


 432:Middlewares/Third_Party/FreeRTOS/Source/tasks.c **** 	static BaseType_t prvTaskIsTaskSuspended( const TaskHandle_t xTask ) PRIVILEGED_FUNCTION;
 433:Middlewares/Third_Party/FreeRTOS/Source/tasks.c **** 
 434:Middlewares/Third_Party/FreeRTOS/Source/tasks.c **** #endif /* INCLUDE_vTaskSuspend */
 435:Middlewares/Third_Party/FreeRTOS/Source/tasks.c **** 
 436:Middlewares/Third_Party/FreeRTOS/Source/tasks.c **** /*
 437:Middlewares/Third_Party/FreeRTOS/Source/tasks.c ****  * Utility to ready all the lists used by the scheduler.  This is called
 438:Middlewares/Third_Party/FreeRTOS/Source/tasks.c ****  * automatically upon the creation of the first task.
 439:Middlewares/Third_Party/FreeRTOS/Source/tasks.c ****  */
 440:Middlewares/Third_Party/FreeRTOS/Source/tasks.c **** static void prvInitialiseTaskLists( void ) PRIVILEGED_FUNCTION;
 441:Middlewares/Third_Party/FreeRTOS/Source/tasks.c **** 
 442:Middlewares/Third_Party/FreeRTOS/Source/tasks.c **** /*
 443:Middlewares/Third_Party/FreeRTOS/Source/tasks.c ****  * The idle task, which as all tasks is implemented as a never ending loop.
 444:Middlewares/Third_Party/FreeRTOS/Source/tasks.c ****  * The idle task is automatically created and added to the ready lists upon
 445:Middlewares/Third_Party/FreeRTOS/Source/tasks.c ****  * creation of the first user task.
 446:Middlewares/Third_Party/FreeRTOS/Source/tasks.c ****  *
 447:Middlewares/Third_Party/FreeRTOS/Source/tasks.c ****  * The portTASK_FUNCTION_PROTO() macro is used to allow port/compiler specific
 448:Middlewares/Third_Party/FreeRTOS/Source/tasks.c ****  * language extensions.  The equivalent prototype for this function is:
 449:Middlewares/Third_Party/FreeRTOS/Source/tasks.c ****  *
 450:Middlewares/Third_Party/FreeRTOS/Source/tasks.c ****  * void prvIdleTask( void *pvParameters );
 451:Middlewares/Third_Party/FreeRTOS/Source/tasks.c ****  *
 452:Middlewares/Third_Party/FreeRTOS/Source/tasks.c ****  */
 453:Middlewares/Third_Party/FreeRTOS/Source/tasks.c **** static portTASK_FUNCTION_PROTO( prvIdleTask, pvParameters );
 454:Middlewares/Third_Party/FreeRTOS/Source/tasks.c **** 
 455:Middlewares/Third_Party/FreeRTOS/Source/tasks.c **** /*
 456:Middlewares/Third_Party/FreeRTOS/Source/tasks.c ****  * Utility to free all memory allocated by the scheduler to hold a TCB,
 457:Middlewares/Third_Party/FreeRTOS/Source/tasks.c ****  * including the stack pointed to by the TCB.
 458:Middlewares/Third_Party/FreeRTOS/Source/tasks.c ****  *
 459:Middlewares/Third_Party/FreeRTOS/Source/tasks.c ****  * This does not free memory allocated by the task itself (i.e. memory
 460:Middlewares/Third_Party/FreeRTOS/Source/tasks.c ****  * allocated by calls to pvPortMalloc from within the tasks application code).
 461:Middlewares/Third_Party/FreeRTOS/Source/tasks.c ****  */
 462:Middlewares/Third_Party/FreeRTOS/Source/tasks.c **** #if ( INCLUDE_vTaskDelete == 1 )
 463:Middlewares/Third_Party/FreeRTOS/Source/tasks.c **** 
 464:Middlewares/Third_Party/FreeRTOS/Source/tasks.c **** 	static void prvDeleteTCB( TCB_t *pxTCB ) PRIVILEGED_FUNCTION;
 465:Middlewares/Third_Party/FreeRTOS/Source/tasks.c **** 
 466:Middlewares/Third_Party/FreeRTOS/Source/tasks.c **** #endif
 467:Middlewares/Third_Party/FreeRTOS/Source/tasks.c **** 
 468:Middlewares/Third_Party/FreeRTOS/Source/tasks.c **** /*
 469:Middlewares/Third_Party/FreeRTOS/Source/tasks.c ****  * Used only by the idle task.  This checks to see if anything has been placed
 470:Middlewares/Third_Party/FreeRTOS/Source/tasks.c ****  * in the list of tasks waiting to be deleted.  If so the task is cleaned up
 471:Middlewares/Third_Party/FreeRTOS/Source/tasks.c ****  * and its TCB deleted.
 472:Middlewares/Third_Party/FreeRTOS/Source/tasks.c ****  */
 473:Middlewares/Third_Party/FreeRTOS/Source/tasks.c **** static void prvCheckTasksWaitingTermination( void ) PRIVILEGED_FUNCTION;
 474:Middlewares/Third_Party/FreeRTOS/Source/tasks.c **** 
 475:Middlewares/Third_Party/FreeRTOS/Source/tasks.c **** /*
 476:Middlewares/Third_Party/FreeRTOS/Source/tasks.c ****  * The currently executing task is entering the Blocked state.  Add the task to
 477:Middlewares/Third_Party/FreeRTOS/Source/tasks.c ****  * either the current or the overflow delayed task list.
 478:Middlewares/Third_Party/FreeRTOS/Source/tasks.c ****  */
 479:Middlewares/Third_Party/FreeRTOS/Source/tasks.c **** static void prvAddCurrentTaskToDelayedList( TickType_t xTicksToWait, const BaseType_t xCanBlockInde
 480:Middlewares/Third_Party/FreeRTOS/Source/tasks.c **** 
 481:Middlewares/Third_Party/FreeRTOS/Source/tasks.c **** /*
 482:Middlewares/Third_Party/FreeRTOS/Source/tasks.c ****  * Fills an TaskStatus_t structure with information on each task that is
 483:Middlewares/Third_Party/FreeRTOS/Source/tasks.c ****  * referenced from the pxList list (which may be a ready list, a delayed list,
 484:Middlewares/Third_Party/FreeRTOS/Source/tasks.c ****  * a suspended list, etc.).
 485:Middlewares/Third_Party/FreeRTOS/Source/tasks.c ****  *
 486:Middlewares/Third_Party/FreeRTOS/Source/tasks.c ****  * THIS FUNCTION IS INTENDED FOR DEBUGGING ONLY, AND SHOULD NOT BE CALLED FROM
 487:Middlewares/Third_Party/FreeRTOS/Source/tasks.c ****  * NORMAL APPLICATION CODE.
 488:Middlewares/Third_Party/FreeRTOS/Source/tasks.c ****  */
ARM GAS  /tmp/ccoDOEnO.s 			page 10


 489:Middlewares/Third_Party/FreeRTOS/Source/tasks.c **** #if ( configUSE_TRACE_FACILITY == 1 )
 490:Middlewares/Third_Party/FreeRTOS/Source/tasks.c **** 
 491:Middlewares/Third_Party/FreeRTOS/Source/tasks.c **** 	static UBaseType_t prvListTasksWithinSingleList( TaskStatus_t *pxTaskStatusArray, List_t *pxList, 
 492:Middlewares/Third_Party/FreeRTOS/Source/tasks.c **** 
 493:Middlewares/Third_Party/FreeRTOS/Source/tasks.c **** #endif
 494:Middlewares/Third_Party/FreeRTOS/Source/tasks.c **** 
 495:Middlewares/Third_Party/FreeRTOS/Source/tasks.c **** /*
 496:Middlewares/Third_Party/FreeRTOS/Source/tasks.c ****  * Searches pxList for a task with name pcNameToQuery - returning a handle to
 497:Middlewares/Third_Party/FreeRTOS/Source/tasks.c ****  * the task if it is found, or NULL if the task is not found.
 498:Middlewares/Third_Party/FreeRTOS/Source/tasks.c ****  */
 499:Middlewares/Third_Party/FreeRTOS/Source/tasks.c **** #if ( INCLUDE_xTaskGetHandle == 1 )
 500:Middlewares/Third_Party/FreeRTOS/Source/tasks.c **** 
 501:Middlewares/Third_Party/FreeRTOS/Source/tasks.c **** 	static TCB_t *prvSearchForNameWithinSingleList( List_t *pxList, const char pcNameToQuery[] ) PRIVI
 502:Middlewares/Third_Party/FreeRTOS/Source/tasks.c **** 
 503:Middlewares/Third_Party/FreeRTOS/Source/tasks.c **** #endif
 504:Middlewares/Third_Party/FreeRTOS/Source/tasks.c **** 
 505:Middlewares/Third_Party/FreeRTOS/Source/tasks.c **** /*
 506:Middlewares/Third_Party/FreeRTOS/Source/tasks.c ****  * When a task is created, the stack of the task is filled with a known value.
 507:Middlewares/Third_Party/FreeRTOS/Source/tasks.c ****  * This function determines the 'high water mark' of the task stack by
 508:Middlewares/Third_Party/FreeRTOS/Source/tasks.c ****  * determining how much of the stack remains at the original preset value.
 509:Middlewares/Third_Party/FreeRTOS/Source/tasks.c ****  */
 510:Middlewares/Third_Party/FreeRTOS/Source/tasks.c **** #if ( ( configUSE_TRACE_FACILITY == 1 ) || ( INCLUDE_uxTaskGetStackHighWaterMark == 1 ) || ( INCLUD
 511:Middlewares/Third_Party/FreeRTOS/Source/tasks.c **** 
 512:Middlewares/Third_Party/FreeRTOS/Source/tasks.c **** 	static configSTACK_DEPTH_TYPE prvTaskCheckFreeStackSpace( const uint8_t * pucStackByte ) PRIVILEGE
 513:Middlewares/Third_Party/FreeRTOS/Source/tasks.c **** 
 514:Middlewares/Third_Party/FreeRTOS/Source/tasks.c **** #endif
 515:Middlewares/Third_Party/FreeRTOS/Source/tasks.c **** 
 516:Middlewares/Third_Party/FreeRTOS/Source/tasks.c **** /*
 517:Middlewares/Third_Party/FreeRTOS/Source/tasks.c ****  * Return the amount of time, in ticks, that will pass before the kernel will
 518:Middlewares/Third_Party/FreeRTOS/Source/tasks.c ****  * next move a task from the Blocked state to the Running state.
 519:Middlewares/Third_Party/FreeRTOS/Source/tasks.c ****  *
 520:Middlewares/Third_Party/FreeRTOS/Source/tasks.c ****  * This conditional compilation should use inequality to 0, not equality to 1.
 521:Middlewares/Third_Party/FreeRTOS/Source/tasks.c ****  * This is to ensure portSUPPRESS_TICKS_AND_SLEEP() can be called when user
 522:Middlewares/Third_Party/FreeRTOS/Source/tasks.c ****  * defined low power mode implementations require configUSE_TICKLESS_IDLE to be
 523:Middlewares/Third_Party/FreeRTOS/Source/tasks.c ****  * set to a value other than 1.
 524:Middlewares/Third_Party/FreeRTOS/Source/tasks.c ****  */
 525:Middlewares/Third_Party/FreeRTOS/Source/tasks.c **** #if ( configUSE_TICKLESS_IDLE != 0 )
 526:Middlewares/Third_Party/FreeRTOS/Source/tasks.c **** 
 527:Middlewares/Third_Party/FreeRTOS/Source/tasks.c **** 	static TickType_t prvGetExpectedIdleTime( void ) PRIVILEGED_FUNCTION;
 528:Middlewares/Third_Party/FreeRTOS/Source/tasks.c **** 
 529:Middlewares/Third_Party/FreeRTOS/Source/tasks.c **** #endif
 530:Middlewares/Third_Party/FreeRTOS/Source/tasks.c **** 
 531:Middlewares/Third_Party/FreeRTOS/Source/tasks.c **** /*
 532:Middlewares/Third_Party/FreeRTOS/Source/tasks.c ****  * Set xNextTaskUnblockTime to the time at which the next Blocked state task
 533:Middlewares/Third_Party/FreeRTOS/Source/tasks.c ****  * will exit the Blocked state.
 534:Middlewares/Third_Party/FreeRTOS/Source/tasks.c ****  */
 535:Middlewares/Third_Party/FreeRTOS/Source/tasks.c **** static void prvResetNextTaskUnblockTime( void );
 536:Middlewares/Third_Party/FreeRTOS/Source/tasks.c **** 
 537:Middlewares/Third_Party/FreeRTOS/Source/tasks.c **** #if ( ( configUSE_TRACE_FACILITY == 1 ) && ( configUSE_STATS_FORMATTING_FUNCTIONS > 0 ) )
 538:Middlewares/Third_Party/FreeRTOS/Source/tasks.c **** 
 539:Middlewares/Third_Party/FreeRTOS/Source/tasks.c **** 	/*
 540:Middlewares/Third_Party/FreeRTOS/Source/tasks.c **** 	 * Helper function used to pad task names with spaces when printing out
 541:Middlewares/Third_Party/FreeRTOS/Source/tasks.c **** 	 * human readable tables of task information.
 542:Middlewares/Third_Party/FreeRTOS/Source/tasks.c **** 	 */
 543:Middlewares/Third_Party/FreeRTOS/Source/tasks.c **** 	static char *prvWriteNameToBuffer( char *pcBuffer, const char *pcTaskName ) PRIVILEGED_FUNCTION;
 544:Middlewares/Third_Party/FreeRTOS/Source/tasks.c **** 
 545:Middlewares/Third_Party/FreeRTOS/Source/tasks.c **** #endif
ARM GAS  /tmp/ccoDOEnO.s 			page 11


 546:Middlewares/Third_Party/FreeRTOS/Source/tasks.c **** 
 547:Middlewares/Third_Party/FreeRTOS/Source/tasks.c **** /*
 548:Middlewares/Third_Party/FreeRTOS/Source/tasks.c ****  * Called after a Task_t structure has been allocated either statically or
 549:Middlewares/Third_Party/FreeRTOS/Source/tasks.c ****  * dynamically to fill in the structure's members.
 550:Middlewares/Third_Party/FreeRTOS/Source/tasks.c ****  */
 551:Middlewares/Third_Party/FreeRTOS/Source/tasks.c **** static void prvInitialiseNewTask( 	TaskFunction_t pxTaskCode,
 552:Middlewares/Third_Party/FreeRTOS/Source/tasks.c **** 									const char * const pcName, 		/*lint !e971 Unqualified char types are allowed for strings a
 553:Middlewares/Third_Party/FreeRTOS/Source/tasks.c **** 									const uint32_t ulStackDepth,
 554:Middlewares/Third_Party/FreeRTOS/Source/tasks.c **** 									void * const pvParameters,
 555:Middlewares/Third_Party/FreeRTOS/Source/tasks.c **** 									UBaseType_t uxPriority,
 556:Middlewares/Third_Party/FreeRTOS/Source/tasks.c **** 									TaskHandle_t * const pxCreatedTask,
 557:Middlewares/Third_Party/FreeRTOS/Source/tasks.c **** 									TCB_t *pxNewTCB,
 558:Middlewares/Third_Party/FreeRTOS/Source/tasks.c **** 									const MemoryRegion_t * const xRegions ) PRIVILEGED_FUNCTION;
 559:Middlewares/Third_Party/FreeRTOS/Source/tasks.c **** 
 560:Middlewares/Third_Party/FreeRTOS/Source/tasks.c **** /*
 561:Middlewares/Third_Party/FreeRTOS/Source/tasks.c ****  * Called after a new task has been created and initialised to place the task
 562:Middlewares/Third_Party/FreeRTOS/Source/tasks.c ****  * under the control of the scheduler.
 563:Middlewares/Third_Party/FreeRTOS/Source/tasks.c ****  */
 564:Middlewares/Third_Party/FreeRTOS/Source/tasks.c **** static void prvAddNewTaskToReadyList( TCB_t *pxNewTCB ) PRIVILEGED_FUNCTION;
 565:Middlewares/Third_Party/FreeRTOS/Source/tasks.c **** 
 566:Middlewares/Third_Party/FreeRTOS/Source/tasks.c **** /*
 567:Middlewares/Third_Party/FreeRTOS/Source/tasks.c ****  * freertos_tasks_c_additions_init() should only be called if the user definable
 568:Middlewares/Third_Party/FreeRTOS/Source/tasks.c ****  * macro FREERTOS_TASKS_C_ADDITIONS_INIT() is defined, as that is the only macro
 569:Middlewares/Third_Party/FreeRTOS/Source/tasks.c ****  * called by the function.
 570:Middlewares/Third_Party/FreeRTOS/Source/tasks.c ****  */
 571:Middlewares/Third_Party/FreeRTOS/Source/tasks.c **** #ifdef FREERTOS_TASKS_C_ADDITIONS_INIT
 572:Middlewares/Third_Party/FreeRTOS/Source/tasks.c **** 
 573:Middlewares/Third_Party/FreeRTOS/Source/tasks.c **** 	static void freertos_tasks_c_additions_init( void ) PRIVILEGED_FUNCTION;
 574:Middlewares/Third_Party/FreeRTOS/Source/tasks.c **** 
 575:Middlewares/Third_Party/FreeRTOS/Source/tasks.c **** #endif
 576:Middlewares/Third_Party/FreeRTOS/Source/tasks.c **** 
 577:Middlewares/Third_Party/FreeRTOS/Source/tasks.c **** /*-----------------------------------------------------------*/
 578:Middlewares/Third_Party/FreeRTOS/Source/tasks.c **** 
 579:Middlewares/Third_Party/FreeRTOS/Source/tasks.c **** #if( configSUPPORT_STATIC_ALLOCATION == 1 )
 580:Middlewares/Third_Party/FreeRTOS/Source/tasks.c **** 
 581:Middlewares/Third_Party/FreeRTOS/Source/tasks.c **** 	TaskHandle_t xTaskCreateStatic(	TaskFunction_t pxTaskCode,
 582:Middlewares/Third_Party/FreeRTOS/Source/tasks.c **** 									const char * const pcName,		/*lint !e971 Unqualified char types are allowed for strings an
 583:Middlewares/Third_Party/FreeRTOS/Source/tasks.c **** 									const uint32_t ulStackDepth,
 584:Middlewares/Third_Party/FreeRTOS/Source/tasks.c **** 									void * const pvParameters,
 585:Middlewares/Third_Party/FreeRTOS/Source/tasks.c **** 									UBaseType_t uxPriority,
 586:Middlewares/Third_Party/FreeRTOS/Source/tasks.c **** 									StackType_t * const puxStackBuffer,
 587:Middlewares/Third_Party/FreeRTOS/Source/tasks.c **** 									StaticTask_t * const pxTaskBuffer )
 588:Middlewares/Third_Party/FreeRTOS/Source/tasks.c **** 	{
 589:Middlewares/Third_Party/FreeRTOS/Source/tasks.c **** 	TCB_t *pxNewTCB;
 590:Middlewares/Third_Party/FreeRTOS/Source/tasks.c **** 	TaskHandle_t xReturn;
 591:Middlewares/Third_Party/FreeRTOS/Source/tasks.c **** 
 592:Middlewares/Third_Party/FreeRTOS/Source/tasks.c **** 		configASSERT( puxStackBuffer != NULL );
 593:Middlewares/Third_Party/FreeRTOS/Source/tasks.c **** 		configASSERT( pxTaskBuffer != NULL );
 594:Middlewares/Third_Party/FreeRTOS/Source/tasks.c **** 
 595:Middlewares/Third_Party/FreeRTOS/Source/tasks.c **** 		#if( configASSERT_DEFINED == 1 )
 596:Middlewares/Third_Party/FreeRTOS/Source/tasks.c **** 		{
 597:Middlewares/Third_Party/FreeRTOS/Source/tasks.c **** 			/* Sanity check that the size of the structure used to declare a
 598:Middlewares/Third_Party/FreeRTOS/Source/tasks.c **** 			variable of type StaticTask_t equals the size of the real task
 599:Middlewares/Third_Party/FreeRTOS/Source/tasks.c **** 			structure. */
 600:Middlewares/Third_Party/FreeRTOS/Source/tasks.c **** 			volatile size_t xSize = sizeof( StaticTask_t );
 601:Middlewares/Third_Party/FreeRTOS/Source/tasks.c **** 			configASSERT( xSize == sizeof( TCB_t ) );
 602:Middlewares/Third_Party/FreeRTOS/Source/tasks.c **** 			( void ) xSize; /* Prevent lint warning when configASSERT() is not used. */
ARM GAS  /tmp/ccoDOEnO.s 			page 12


 603:Middlewares/Third_Party/FreeRTOS/Source/tasks.c **** 		}
 604:Middlewares/Third_Party/FreeRTOS/Source/tasks.c **** 		#endif /* configASSERT_DEFINED */
 605:Middlewares/Third_Party/FreeRTOS/Source/tasks.c **** 
 606:Middlewares/Third_Party/FreeRTOS/Source/tasks.c **** 
 607:Middlewares/Third_Party/FreeRTOS/Source/tasks.c **** 		if( ( pxTaskBuffer != NULL ) && ( puxStackBuffer != NULL ) )
 608:Middlewares/Third_Party/FreeRTOS/Source/tasks.c **** 		{
 609:Middlewares/Third_Party/FreeRTOS/Source/tasks.c **** 			/* The memory used for the task's TCB and stack are passed into this
 610:Middlewares/Third_Party/FreeRTOS/Source/tasks.c **** 			function - use them. */
 611:Middlewares/Third_Party/FreeRTOS/Source/tasks.c **** 			pxNewTCB = ( TCB_t * ) pxTaskBuffer; /*lint !e740 !e9087 Unusual cast is ok as the structures ar
 612:Middlewares/Third_Party/FreeRTOS/Source/tasks.c **** 			pxNewTCB->pxStack = ( StackType_t * ) puxStackBuffer;
 613:Middlewares/Third_Party/FreeRTOS/Source/tasks.c **** 
 614:Middlewares/Third_Party/FreeRTOS/Source/tasks.c **** 			#if( tskSTATIC_AND_DYNAMIC_ALLOCATION_POSSIBLE != 0 ) /*lint !e731 !e9029 Macro has been consoli
 615:Middlewares/Third_Party/FreeRTOS/Source/tasks.c **** 			{
 616:Middlewares/Third_Party/FreeRTOS/Source/tasks.c **** 				/* Tasks can be created statically or dynamically, so note this
 617:Middlewares/Third_Party/FreeRTOS/Source/tasks.c **** 				task was created statically in case the task is later deleted. */
 618:Middlewares/Third_Party/FreeRTOS/Source/tasks.c **** 				pxNewTCB->ucStaticallyAllocated = tskSTATICALLY_ALLOCATED_STACK_AND_TCB;
 619:Middlewares/Third_Party/FreeRTOS/Source/tasks.c **** 			}
 620:Middlewares/Third_Party/FreeRTOS/Source/tasks.c **** 			#endif /* tskSTATIC_AND_DYNAMIC_ALLOCATION_POSSIBLE */
 621:Middlewares/Third_Party/FreeRTOS/Source/tasks.c **** 
 622:Middlewares/Third_Party/FreeRTOS/Source/tasks.c **** 			prvInitialiseNewTask( pxTaskCode, pcName, ulStackDepth, pvParameters, uxPriority, &xReturn, pxNe
 623:Middlewares/Third_Party/FreeRTOS/Source/tasks.c **** 			prvAddNewTaskToReadyList( pxNewTCB );
 624:Middlewares/Third_Party/FreeRTOS/Source/tasks.c **** 		}
 625:Middlewares/Third_Party/FreeRTOS/Source/tasks.c **** 		else
 626:Middlewares/Third_Party/FreeRTOS/Source/tasks.c **** 		{
 627:Middlewares/Third_Party/FreeRTOS/Source/tasks.c **** 			xReturn = NULL;
 628:Middlewares/Third_Party/FreeRTOS/Source/tasks.c **** 		}
 629:Middlewares/Third_Party/FreeRTOS/Source/tasks.c **** 
 630:Middlewares/Third_Party/FreeRTOS/Source/tasks.c **** 		return xReturn;
 631:Middlewares/Third_Party/FreeRTOS/Source/tasks.c **** 	}
 632:Middlewares/Third_Party/FreeRTOS/Source/tasks.c **** 
 633:Middlewares/Third_Party/FreeRTOS/Source/tasks.c **** #endif /* SUPPORT_STATIC_ALLOCATION */
 634:Middlewares/Third_Party/FreeRTOS/Source/tasks.c **** /*-----------------------------------------------------------*/
 635:Middlewares/Third_Party/FreeRTOS/Source/tasks.c **** 
 636:Middlewares/Third_Party/FreeRTOS/Source/tasks.c **** #if( ( portUSING_MPU_WRAPPERS == 1 ) && ( configSUPPORT_STATIC_ALLOCATION == 1 ) )
 637:Middlewares/Third_Party/FreeRTOS/Source/tasks.c **** 
 638:Middlewares/Third_Party/FreeRTOS/Source/tasks.c **** 	BaseType_t xTaskCreateRestrictedStatic( const TaskParameters_t * const pxTaskDefinition, TaskHandl
 639:Middlewares/Third_Party/FreeRTOS/Source/tasks.c **** 	{
 640:Middlewares/Third_Party/FreeRTOS/Source/tasks.c **** 	TCB_t *pxNewTCB;
 641:Middlewares/Third_Party/FreeRTOS/Source/tasks.c **** 	BaseType_t xReturn = errCOULD_NOT_ALLOCATE_REQUIRED_MEMORY;
 642:Middlewares/Third_Party/FreeRTOS/Source/tasks.c **** 
 643:Middlewares/Third_Party/FreeRTOS/Source/tasks.c **** 		configASSERT( pxTaskDefinition->puxStackBuffer != NULL );
 644:Middlewares/Third_Party/FreeRTOS/Source/tasks.c **** 		configASSERT( pxTaskDefinition->pxTaskBuffer != NULL );
 645:Middlewares/Third_Party/FreeRTOS/Source/tasks.c **** 
 646:Middlewares/Third_Party/FreeRTOS/Source/tasks.c **** 		if( ( pxTaskDefinition->puxStackBuffer != NULL ) && ( pxTaskDefinition->pxTaskBuffer != NULL ) )
 647:Middlewares/Third_Party/FreeRTOS/Source/tasks.c **** 		{
 648:Middlewares/Third_Party/FreeRTOS/Source/tasks.c **** 			/* Allocate space for the TCB.  Where the memory comes from depends
 649:Middlewares/Third_Party/FreeRTOS/Source/tasks.c **** 			on the implementation of the port malloc function and whether or
 650:Middlewares/Third_Party/FreeRTOS/Source/tasks.c **** 			not static allocation is being used. */
 651:Middlewares/Third_Party/FreeRTOS/Source/tasks.c **** 			pxNewTCB = ( TCB_t * ) pxTaskDefinition->pxTaskBuffer;
 652:Middlewares/Third_Party/FreeRTOS/Source/tasks.c **** 
 653:Middlewares/Third_Party/FreeRTOS/Source/tasks.c **** 			/* Store the stack location in the TCB. */
 654:Middlewares/Third_Party/FreeRTOS/Source/tasks.c **** 			pxNewTCB->pxStack = pxTaskDefinition->puxStackBuffer;
 655:Middlewares/Third_Party/FreeRTOS/Source/tasks.c **** 
 656:Middlewares/Third_Party/FreeRTOS/Source/tasks.c **** 			#if( tskSTATIC_AND_DYNAMIC_ALLOCATION_POSSIBLE != 0 )
 657:Middlewares/Third_Party/FreeRTOS/Source/tasks.c **** 			{
 658:Middlewares/Third_Party/FreeRTOS/Source/tasks.c **** 				/* Tasks can be created statically or dynamically, so note this
 659:Middlewares/Third_Party/FreeRTOS/Source/tasks.c **** 				task was created statically in case the task is later deleted. */
ARM GAS  /tmp/ccoDOEnO.s 			page 13


 660:Middlewares/Third_Party/FreeRTOS/Source/tasks.c **** 				pxNewTCB->ucStaticallyAllocated = tskSTATICALLY_ALLOCATED_STACK_AND_TCB;
 661:Middlewares/Third_Party/FreeRTOS/Source/tasks.c **** 			}
 662:Middlewares/Third_Party/FreeRTOS/Source/tasks.c **** 			#endif /* tskSTATIC_AND_DYNAMIC_ALLOCATION_POSSIBLE */
 663:Middlewares/Third_Party/FreeRTOS/Source/tasks.c **** 
 664:Middlewares/Third_Party/FreeRTOS/Source/tasks.c **** 			prvInitialiseNewTask(	pxTaskDefinition->pvTaskCode,
 665:Middlewares/Third_Party/FreeRTOS/Source/tasks.c **** 									pxTaskDefinition->pcName,
 666:Middlewares/Third_Party/FreeRTOS/Source/tasks.c **** 									( uint32_t ) pxTaskDefinition->usStackDepth,
 667:Middlewares/Third_Party/FreeRTOS/Source/tasks.c **** 									pxTaskDefinition->pvParameters,
 668:Middlewares/Third_Party/FreeRTOS/Source/tasks.c **** 									pxTaskDefinition->uxPriority,
 669:Middlewares/Third_Party/FreeRTOS/Source/tasks.c **** 									pxCreatedTask, pxNewTCB,
 670:Middlewares/Third_Party/FreeRTOS/Source/tasks.c **** 									pxTaskDefinition->xRegions );
 671:Middlewares/Third_Party/FreeRTOS/Source/tasks.c **** 
 672:Middlewares/Third_Party/FreeRTOS/Source/tasks.c **** 			prvAddNewTaskToReadyList( pxNewTCB );
 673:Middlewares/Third_Party/FreeRTOS/Source/tasks.c **** 			xReturn = pdPASS;
 674:Middlewares/Third_Party/FreeRTOS/Source/tasks.c **** 		}
 675:Middlewares/Third_Party/FreeRTOS/Source/tasks.c **** 
 676:Middlewares/Third_Party/FreeRTOS/Source/tasks.c **** 		return xReturn;
 677:Middlewares/Third_Party/FreeRTOS/Source/tasks.c **** 	}
 678:Middlewares/Third_Party/FreeRTOS/Source/tasks.c **** 
 679:Middlewares/Third_Party/FreeRTOS/Source/tasks.c **** #endif /* ( portUSING_MPU_WRAPPERS == 1 ) && ( configSUPPORT_STATIC_ALLOCATION == 1 ) */
 680:Middlewares/Third_Party/FreeRTOS/Source/tasks.c **** /*-----------------------------------------------------------*/
 681:Middlewares/Third_Party/FreeRTOS/Source/tasks.c **** 
 682:Middlewares/Third_Party/FreeRTOS/Source/tasks.c **** #if( ( portUSING_MPU_WRAPPERS == 1 ) && ( configSUPPORT_DYNAMIC_ALLOCATION == 1 ) )
 683:Middlewares/Third_Party/FreeRTOS/Source/tasks.c **** 
 684:Middlewares/Third_Party/FreeRTOS/Source/tasks.c **** 	BaseType_t xTaskCreateRestricted( const TaskParameters_t * const pxTaskDefinition, TaskHandle_t *p
 685:Middlewares/Third_Party/FreeRTOS/Source/tasks.c **** 	{
 686:Middlewares/Third_Party/FreeRTOS/Source/tasks.c **** 	TCB_t *pxNewTCB;
 687:Middlewares/Third_Party/FreeRTOS/Source/tasks.c **** 	BaseType_t xReturn = errCOULD_NOT_ALLOCATE_REQUIRED_MEMORY;
 688:Middlewares/Third_Party/FreeRTOS/Source/tasks.c **** 
 689:Middlewares/Third_Party/FreeRTOS/Source/tasks.c **** 		configASSERT( pxTaskDefinition->puxStackBuffer );
 690:Middlewares/Third_Party/FreeRTOS/Source/tasks.c **** 
 691:Middlewares/Third_Party/FreeRTOS/Source/tasks.c **** 		if( pxTaskDefinition->puxStackBuffer != NULL )
 692:Middlewares/Third_Party/FreeRTOS/Source/tasks.c **** 		{
 693:Middlewares/Third_Party/FreeRTOS/Source/tasks.c **** 			/* Allocate space for the TCB.  Where the memory comes from depends
 694:Middlewares/Third_Party/FreeRTOS/Source/tasks.c **** 			on the implementation of the port malloc function and whether or
 695:Middlewares/Third_Party/FreeRTOS/Source/tasks.c **** 			not static allocation is being used. */
 696:Middlewares/Third_Party/FreeRTOS/Source/tasks.c **** 			pxNewTCB = ( TCB_t * ) pvPortMalloc( sizeof( TCB_t ) );
 697:Middlewares/Third_Party/FreeRTOS/Source/tasks.c **** 
 698:Middlewares/Third_Party/FreeRTOS/Source/tasks.c **** 			if( pxNewTCB != NULL )
 699:Middlewares/Third_Party/FreeRTOS/Source/tasks.c **** 			{
 700:Middlewares/Third_Party/FreeRTOS/Source/tasks.c **** 				/* Store the stack location in the TCB. */
 701:Middlewares/Third_Party/FreeRTOS/Source/tasks.c **** 				pxNewTCB->pxStack = pxTaskDefinition->puxStackBuffer;
 702:Middlewares/Third_Party/FreeRTOS/Source/tasks.c **** 
 703:Middlewares/Third_Party/FreeRTOS/Source/tasks.c **** 				#if( tskSTATIC_AND_DYNAMIC_ALLOCATION_POSSIBLE != 0 )
 704:Middlewares/Third_Party/FreeRTOS/Source/tasks.c **** 				{
 705:Middlewares/Third_Party/FreeRTOS/Source/tasks.c **** 					/* Tasks can be created statically or dynamically, so note
 706:Middlewares/Third_Party/FreeRTOS/Source/tasks.c **** 					this task had a statically allocated stack in case it is
 707:Middlewares/Third_Party/FreeRTOS/Source/tasks.c **** 					later deleted.  The TCB was allocated dynamically. */
 708:Middlewares/Third_Party/FreeRTOS/Source/tasks.c **** 					pxNewTCB->ucStaticallyAllocated = tskSTATICALLY_ALLOCATED_STACK_ONLY;
 709:Middlewares/Third_Party/FreeRTOS/Source/tasks.c **** 				}
 710:Middlewares/Third_Party/FreeRTOS/Source/tasks.c **** 				#endif /* tskSTATIC_AND_DYNAMIC_ALLOCATION_POSSIBLE */
 711:Middlewares/Third_Party/FreeRTOS/Source/tasks.c **** 
 712:Middlewares/Third_Party/FreeRTOS/Source/tasks.c **** 				prvInitialiseNewTask(	pxTaskDefinition->pvTaskCode,
 713:Middlewares/Third_Party/FreeRTOS/Source/tasks.c **** 										pxTaskDefinition->pcName,
 714:Middlewares/Third_Party/FreeRTOS/Source/tasks.c **** 										( uint32_t ) pxTaskDefinition->usStackDepth,
 715:Middlewares/Third_Party/FreeRTOS/Source/tasks.c **** 										pxTaskDefinition->pvParameters,
 716:Middlewares/Third_Party/FreeRTOS/Source/tasks.c **** 										pxTaskDefinition->uxPriority,
ARM GAS  /tmp/ccoDOEnO.s 			page 14


 717:Middlewares/Third_Party/FreeRTOS/Source/tasks.c **** 										pxCreatedTask, pxNewTCB,
 718:Middlewares/Third_Party/FreeRTOS/Source/tasks.c **** 										pxTaskDefinition->xRegions );
 719:Middlewares/Third_Party/FreeRTOS/Source/tasks.c **** 
 720:Middlewares/Third_Party/FreeRTOS/Source/tasks.c **** 				prvAddNewTaskToReadyList( pxNewTCB );
 721:Middlewares/Third_Party/FreeRTOS/Source/tasks.c **** 				xReturn = pdPASS;
 722:Middlewares/Third_Party/FreeRTOS/Source/tasks.c **** 			}
 723:Middlewares/Third_Party/FreeRTOS/Source/tasks.c **** 		}
 724:Middlewares/Third_Party/FreeRTOS/Source/tasks.c **** 
 725:Middlewares/Third_Party/FreeRTOS/Source/tasks.c **** 		return xReturn;
 726:Middlewares/Third_Party/FreeRTOS/Source/tasks.c **** 	}
 727:Middlewares/Third_Party/FreeRTOS/Source/tasks.c **** 
 728:Middlewares/Third_Party/FreeRTOS/Source/tasks.c **** #endif /* portUSING_MPU_WRAPPERS */
 729:Middlewares/Third_Party/FreeRTOS/Source/tasks.c **** /*-----------------------------------------------------------*/
 730:Middlewares/Third_Party/FreeRTOS/Source/tasks.c **** 
 731:Middlewares/Third_Party/FreeRTOS/Source/tasks.c **** #if( configSUPPORT_DYNAMIC_ALLOCATION == 1 )
 732:Middlewares/Third_Party/FreeRTOS/Source/tasks.c **** 
 733:Middlewares/Third_Party/FreeRTOS/Source/tasks.c **** 	BaseType_t xTaskCreate(	TaskFunction_t pxTaskCode,
 734:Middlewares/Third_Party/FreeRTOS/Source/tasks.c **** 							const char * const pcName,		/*lint !e971 Unqualified char types are allowed for strings and 
 735:Middlewares/Third_Party/FreeRTOS/Source/tasks.c **** 							const configSTACK_DEPTH_TYPE usStackDepth,
 736:Middlewares/Third_Party/FreeRTOS/Source/tasks.c **** 							void * const pvParameters,
 737:Middlewares/Third_Party/FreeRTOS/Source/tasks.c **** 							UBaseType_t uxPriority,
 738:Middlewares/Third_Party/FreeRTOS/Source/tasks.c **** 							TaskHandle_t * const pxCreatedTask )
 739:Middlewares/Third_Party/FreeRTOS/Source/tasks.c **** 	{
 740:Middlewares/Third_Party/FreeRTOS/Source/tasks.c **** 	TCB_t *pxNewTCB;
 741:Middlewares/Third_Party/FreeRTOS/Source/tasks.c **** 	BaseType_t xReturn;
 742:Middlewares/Third_Party/FreeRTOS/Source/tasks.c **** 
 743:Middlewares/Third_Party/FreeRTOS/Source/tasks.c **** 		/* If the stack grows down then allocate the stack then the TCB so the stack
 744:Middlewares/Third_Party/FreeRTOS/Source/tasks.c **** 		does not grow into the TCB.  Likewise if the stack grows up then allocate
 745:Middlewares/Third_Party/FreeRTOS/Source/tasks.c **** 		the TCB then the stack. */
 746:Middlewares/Third_Party/FreeRTOS/Source/tasks.c **** 		#if( portSTACK_GROWTH > 0 )
 747:Middlewares/Third_Party/FreeRTOS/Source/tasks.c **** 		{
 748:Middlewares/Third_Party/FreeRTOS/Source/tasks.c **** 			/* Allocate space for the TCB.  Where the memory comes from depends on
 749:Middlewares/Third_Party/FreeRTOS/Source/tasks.c **** 			the implementation of the port malloc function and whether or not static
 750:Middlewares/Third_Party/FreeRTOS/Source/tasks.c **** 			allocation is being used. */
 751:Middlewares/Third_Party/FreeRTOS/Source/tasks.c **** 			pxNewTCB = ( TCB_t * ) pvPortMalloc( sizeof( TCB_t ) );
 752:Middlewares/Third_Party/FreeRTOS/Source/tasks.c **** 
 753:Middlewares/Third_Party/FreeRTOS/Source/tasks.c **** 			if( pxNewTCB != NULL )
 754:Middlewares/Third_Party/FreeRTOS/Source/tasks.c **** 			{
 755:Middlewares/Third_Party/FreeRTOS/Source/tasks.c **** 				/* Allocate space for the stack used by the task being created.
 756:Middlewares/Third_Party/FreeRTOS/Source/tasks.c **** 				The base of the stack memory stored in the TCB so the task can
 757:Middlewares/Third_Party/FreeRTOS/Source/tasks.c **** 				be deleted later if required. */
 758:Middlewares/Third_Party/FreeRTOS/Source/tasks.c **** 				pxNewTCB->pxStack = ( StackType_t * ) pvPortMalloc( ( ( ( size_t ) usStackDepth ) * sizeof( Sta
 759:Middlewares/Third_Party/FreeRTOS/Source/tasks.c **** 
 760:Middlewares/Third_Party/FreeRTOS/Source/tasks.c **** 				if( pxNewTCB->pxStack == NULL )
 761:Middlewares/Third_Party/FreeRTOS/Source/tasks.c **** 				{
 762:Middlewares/Third_Party/FreeRTOS/Source/tasks.c **** 					/* Could not allocate the stack.  Delete the allocated TCB. */
 763:Middlewares/Third_Party/FreeRTOS/Source/tasks.c **** 					vPortFree( pxNewTCB );
 764:Middlewares/Third_Party/FreeRTOS/Source/tasks.c **** 					pxNewTCB = NULL;
 765:Middlewares/Third_Party/FreeRTOS/Source/tasks.c **** 				}
 766:Middlewares/Third_Party/FreeRTOS/Source/tasks.c **** 			}
 767:Middlewares/Third_Party/FreeRTOS/Source/tasks.c **** 		}
 768:Middlewares/Third_Party/FreeRTOS/Source/tasks.c **** 		#else /* portSTACK_GROWTH */
 769:Middlewares/Third_Party/FreeRTOS/Source/tasks.c **** 		{
 770:Middlewares/Third_Party/FreeRTOS/Source/tasks.c **** 		StackType_t *pxStack;
 771:Middlewares/Third_Party/FreeRTOS/Source/tasks.c **** 
 772:Middlewares/Third_Party/FreeRTOS/Source/tasks.c **** 			/* Allocate space for the stack used by the task being created. */
 773:Middlewares/Third_Party/FreeRTOS/Source/tasks.c **** 			pxStack = pvPortMalloc( ( ( ( size_t ) usStackDepth ) * sizeof( StackType_t ) ) ); /*lint !e9079
ARM GAS  /tmp/ccoDOEnO.s 			page 15


 774:Middlewares/Third_Party/FreeRTOS/Source/tasks.c **** 
 775:Middlewares/Third_Party/FreeRTOS/Source/tasks.c **** 			if( pxStack != NULL )
 776:Middlewares/Third_Party/FreeRTOS/Source/tasks.c **** 			{
 777:Middlewares/Third_Party/FreeRTOS/Source/tasks.c **** 				/* Allocate space for the TCB. */
 778:Middlewares/Third_Party/FreeRTOS/Source/tasks.c **** 				pxNewTCB = ( TCB_t * ) pvPortMalloc( sizeof( TCB_t ) ); /*lint !e9087 !e9079 All values returne
 779:Middlewares/Third_Party/FreeRTOS/Source/tasks.c **** 
 780:Middlewares/Third_Party/FreeRTOS/Source/tasks.c **** 				if( pxNewTCB != NULL )
 781:Middlewares/Third_Party/FreeRTOS/Source/tasks.c **** 				{
 782:Middlewares/Third_Party/FreeRTOS/Source/tasks.c **** 					/* Store the stack location in the TCB. */
 783:Middlewares/Third_Party/FreeRTOS/Source/tasks.c **** 					pxNewTCB->pxStack = pxStack;
 784:Middlewares/Third_Party/FreeRTOS/Source/tasks.c **** 				}
 785:Middlewares/Third_Party/FreeRTOS/Source/tasks.c **** 				else
 786:Middlewares/Third_Party/FreeRTOS/Source/tasks.c **** 				{
 787:Middlewares/Third_Party/FreeRTOS/Source/tasks.c **** 					/* The stack cannot be used as the TCB was not created.  Free
 788:Middlewares/Third_Party/FreeRTOS/Source/tasks.c **** 					it again. */
 789:Middlewares/Third_Party/FreeRTOS/Source/tasks.c **** 					vPortFree( pxStack );
 790:Middlewares/Third_Party/FreeRTOS/Source/tasks.c **** 				}
 791:Middlewares/Third_Party/FreeRTOS/Source/tasks.c **** 			}
 792:Middlewares/Third_Party/FreeRTOS/Source/tasks.c **** 			else
 793:Middlewares/Third_Party/FreeRTOS/Source/tasks.c **** 			{
 794:Middlewares/Third_Party/FreeRTOS/Source/tasks.c **** 				pxNewTCB = NULL;
 795:Middlewares/Third_Party/FreeRTOS/Source/tasks.c **** 			}
 796:Middlewares/Third_Party/FreeRTOS/Source/tasks.c **** 		}
 797:Middlewares/Third_Party/FreeRTOS/Source/tasks.c **** 		#endif /* portSTACK_GROWTH */
 798:Middlewares/Third_Party/FreeRTOS/Source/tasks.c **** 
 799:Middlewares/Third_Party/FreeRTOS/Source/tasks.c **** 		if( pxNewTCB != NULL )
 800:Middlewares/Third_Party/FreeRTOS/Source/tasks.c **** 		{
 801:Middlewares/Third_Party/FreeRTOS/Source/tasks.c **** 			#if( tskSTATIC_AND_DYNAMIC_ALLOCATION_POSSIBLE != 0 ) /*lint !e9029 !e731 Macro has been consoli
 802:Middlewares/Third_Party/FreeRTOS/Source/tasks.c **** 			{
 803:Middlewares/Third_Party/FreeRTOS/Source/tasks.c **** 				/* Tasks can be created statically or dynamically, so note this
 804:Middlewares/Third_Party/FreeRTOS/Source/tasks.c **** 				task was created dynamically in case it is later deleted. */
 805:Middlewares/Third_Party/FreeRTOS/Source/tasks.c **** 				pxNewTCB->ucStaticallyAllocated = tskDYNAMICALLY_ALLOCATED_STACK_AND_TCB;
 806:Middlewares/Third_Party/FreeRTOS/Source/tasks.c **** 			}
 807:Middlewares/Third_Party/FreeRTOS/Source/tasks.c **** 			#endif /* tskSTATIC_AND_DYNAMIC_ALLOCATION_POSSIBLE */
 808:Middlewares/Third_Party/FreeRTOS/Source/tasks.c **** 
 809:Middlewares/Third_Party/FreeRTOS/Source/tasks.c **** 			prvInitialiseNewTask( pxTaskCode, pcName, ( uint32_t ) usStackDepth, pvParameters, uxPriority, p
 810:Middlewares/Third_Party/FreeRTOS/Source/tasks.c **** 			prvAddNewTaskToReadyList( pxNewTCB );
 811:Middlewares/Third_Party/FreeRTOS/Source/tasks.c **** 			xReturn = pdPASS;
 812:Middlewares/Third_Party/FreeRTOS/Source/tasks.c **** 		}
 813:Middlewares/Third_Party/FreeRTOS/Source/tasks.c **** 		else
 814:Middlewares/Third_Party/FreeRTOS/Source/tasks.c **** 		{
 815:Middlewares/Third_Party/FreeRTOS/Source/tasks.c **** 			xReturn = errCOULD_NOT_ALLOCATE_REQUIRED_MEMORY;
 816:Middlewares/Third_Party/FreeRTOS/Source/tasks.c **** 		}
 817:Middlewares/Third_Party/FreeRTOS/Source/tasks.c **** 
 818:Middlewares/Third_Party/FreeRTOS/Source/tasks.c **** 		return xReturn;
 819:Middlewares/Third_Party/FreeRTOS/Source/tasks.c **** 	}
 820:Middlewares/Third_Party/FreeRTOS/Source/tasks.c **** 
 821:Middlewares/Third_Party/FreeRTOS/Source/tasks.c **** #endif /* configSUPPORT_DYNAMIC_ALLOCATION */
 822:Middlewares/Third_Party/FreeRTOS/Source/tasks.c **** /*-----------------------------------------------------------*/
 823:Middlewares/Third_Party/FreeRTOS/Source/tasks.c **** 
 824:Middlewares/Third_Party/FreeRTOS/Source/tasks.c **** static void prvInitialiseNewTask( 	TaskFunction_t pxTaskCode,
 825:Middlewares/Third_Party/FreeRTOS/Source/tasks.c **** 									const char * const pcName,		/*lint !e971 Unqualified char types are allowed for strings an
 826:Middlewares/Third_Party/FreeRTOS/Source/tasks.c **** 									const uint32_t ulStackDepth,
 827:Middlewares/Third_Party/FreeRTOS/Source/tasks.c **** 									void * const pvParameters,
 828:Middlewares/Third_Party/FreeRTOS/Source/tasks.c **** 									UBaseType_t uxPriority,
 829:Middlewares/Third_Party/FreeRTOS/Source/tasks.c **** 									TaskHandle_t * const pxCreatedTask,
 830:Middlewares/Third_Party/FreeRTOS/Source/tasks.c **** 									TCB_t *pxNewTCB,
ARM GAS  /tmp/ccoDOEnO.s 			page 16


 831:Middlewares/Third_Party/FreeRTOS/Source/tasks.c **** 									const MemoryRegion_t * const xRegions )
 832:Middlewares/Third_Party/FreeRTOS/Source/tasks.c **** {
 833:Middlewares/Third_Party/FreeRTOS/Source/tasks.c **** StackType_t *pxTopOfStack;
 834:Middlewares/Third_Party/FreeRTOS/Source/tasks.c **** UBaseType_t x;
 835:Middlewares/Third_Party/FreeRTOS/Source/tasks.c **** 
 836:Middlewares/Third_Party/FreeRTOS/Source/tasks.c **** 	#if( portUSING_MPU_WRAPPERS == 1 )
 837:Middlewares/Third_Party/FreeRTOS/Source/tasks.c **** 		/* Should the task be created in privileged mode? */
 838:Middlewares/Third_Party/FreeRTOS/Source/tasks.c **** 		BaseType_t xRunPrivileged;
 839:Middlewares/Third_Party/FreeRTOS/Source/tasks.c **** 		if( ( uxPriority & portPRIVILEGE_BIT ) != 0U )
 840:Middlewares/Third_Party/FreeRTOS/Source/tasks.c **** 		{
 841:Middlewares/Third_Party/FreeRTOS/Source/tasks.c **** 			xRunPrivileged = pdTRUE;
 842:Middlewares/Third_Party/FreeRTOS/Source/tasks.c **** 		}
 843:Middlewares/Third_Party/FreeRTOS/Source/tasks.c **** 		else
 844:Middlewares/Third_Party/FreeRTOS/Source/tasks.c **** 		{
 845:Middlewares/Third_Party/FreeRTOS/Source/tasks.c **** 			xRunPrivileged = pdFALSE;
 846:Middlewares/Third_Party/FreeRTOS/Source/tasks.c **** 		}
 847:Middlewares/Third_Party/FreeRTOS/Source/tasks.c **** 		uxPriority &= ~portPRIVILEGE_BIT;
 848:Middlewares/Third_Party/FreeRTOS/Source/tasks.c **** 	#endif /* portUSING_MPU_WRAPPERS == 1 */
 849:Middlewares/Third_Party/FreeRTOS/Source/tasks.c **** 
 850:Middlewares/Third_Party/FreeRTOS/Source/tasks.c **** 	/* Avoid dependency on memset() if it is not required. */
 851:Middlewares/Third_Party/FreeRTOS/Source/tasks.c **** 	#if( tskSET_NEW_STACKS_TO_KNOWN_VALUE == 1 )
 852:Middlewares/Third_Party/FreeRTOS/Source/tasks.c **** 	{
 853:Middlewares/Third_Party/FreeRTOS/Source/tasks.c **** 		/* Fill the stack with a known value to assist debugging. */
 854:Middlewares/Third_Party/FreeRTOS/Source/tasks.c **** 		( void ) memset( pxNewTCB->pxStack, ( int ) tskSTACK_FILL_BYTE, ( size_t ) ulStackDepth * sizeof(
 855:Middlewares/Third_Party/FreeRTOS/Source/tasks.c **** 	}
 856:Middlewares/Third_Party/FreeRTOS/Source/tasks.c **** 	#endif /* tskSET_NEW_STACKS_TO_KNOWN_VALUE */
 857:Middlewares/Third_Party/FreeRTOS/Source/tasks.c **** 
 858:Middlewares/Third_Party/FreeRTOS/Source/tasks.c **** 	/* Calculate the top of stack address.  This depends on whether the stack
 859:Middlewares/Third_Party/FreeRTOS/Source/tasks.c **** 	grows from high memory to low (as per the 80x86) or vice versa.
 860:Middlewares/Third_Party/FreeRTOS/Source/tasks.c **** 	portSTACK_GROWTH is used to make the result positive or negative as required
 861:Middlewares/Third_Party/FreeRTOS/Source/tasks.c **** 	by the port. */
 862:Middlewares/Third_Party/FreeRTOS/Source/tasks.c **** 	#if( portSTACK_GROWTH < 0 )
 863:Middlewares/Third_Party/FreeRTOS/Source/tasks.c **** 	{
 864:Middlewares/Third_Party/FreeRTOS/Source/tasks.c **** 		pxTopOfStack = &( pxNewTCB->pxStack[ ulStackDepth - ( uint32_t ) 1 ] );
 865:Middlewares/Third_Party/FreeRTOS/Source/tasks.c **** 		pxTopOfStack = ( StackType_t * ) ( ( ( portPOINTER_SIZE_TYPE ) pxTopOfStack ) & ( ~( ( portPOINTE
 866:Middlewares/Third_Party/FreeRTOS/Source/tasks.c **** 
 867:Middlewares/Third_Party/FreeRTOS/Source/tasks.c **** 		/* Check the alignment of the calculated top of stack is correct. */
 868:Middlewares/Third_Party/FreeRTOS/Source/tasks.c **** 		configASSERT( ( ( ( portPOINTER_SIZE_TYPE ) pxTopOfStack & ( portPOINTER_SIZE_TYPE ) portBYTE_ALI
 869:Middlewares/Third_Party/FreeRTOS/Source/tasks.c **** 
 870:Middlewares/Third_Party/FreeRTOS/Source/tasks.c **** 		#if( configRECORD_STACK_HIGH_ADDRESS == 1 )
 871:Middlewares/Third_Party/FreeRTOS/Source/tasks.c **** 		{
 872:Middlewares/Third_Party/FreeRTOS/Source/tasks.c **** 			/* Also record the stack's high address, which may assist
 873:Middlewares/Third_Party/FreeRTOS/Source/tasks.c **** 			debugging. */
 874:Middlewares/Third_Party/FreeRTOS/Source/tasks.c **** 			pxNewTCB->pxEndOfStack = pxTopOfStack;
 875:Middlewares/Third_Party/FreeRTOS/Source/tasks.c **** 		}
 876:Middlewares/Third_Party/FreeRTOS/Source/tasks.c **** 		#endif /* configRECORD_STACK_HIGH_ADDRESS */
 877:Middlewares/Third_Party/FreeRTOS/Source/tasks.c **** 	}
 878:Middlewares/Third_Party/FreeRTOS/Source/tasks.c **** 	#else /* portSTACK_GROWTH */
 879:Middlewares/Third_Party/FreeRTOS/Source/tasks.c **** 	{
 880:Middlewares/Third_Party/FreeRTOS/Source/tasks.c **** 		pxTopOfStack = pxNewTCB->pxStack;
 881:Middlewares/Third_Party/FreeRTOS/Source/tasks.c **** 
 882:Middlewares/Third_Party/FreeRTOS/Source/tasks.c **** 		/* Check the alignment of the stack buffer is correct. */
 883:Middlewares/Third_Party/FreeRTOS/Source/tasks.c **** 		configASSERT( ( ( ( portPOINTER_SIZE_TYPE ) pxNewTCB->pxStack & ( portPOINTER_SIZE_TYPE ) portBYT
 884:Middlewares/Third_Party/FreeRTOS/Source/tasks.c **** 
 885:Middlewares/Third_Party/FreeRTOS/Source/tasks.c **** 		/* The other extreme of the stack space is required if stack checking is
 886:Middlewares/Third_Party/FreeRTOS/Source/tasks.c **** 		performed. */
 887:Middlewares/Third_Party/FreeRTOS/Source/tasks.c **** 		pxNewTCB->pxEndOfStack = pxNewTCB->pxStack + ( ulStackDepth - ( uint32_t ) 1 );
ARM GAS  /tmp/ccoDOEnO.s 			page 17


 888:Middlewares/Third_Party/FreeRTOS/Source/tasks.c **** 	}
 889:Middlewares/Third_Party/FreeRTOS/Source/tasks.c **** 	#endif /* portSTACK_GROWTH */
 890:Middlewares/Third_Party/FreeRTOS/Source/tasks.c **** 
 891:Middlewares/Third_Party/FreeRTOS/Source/tasks.c **** 	/* Store the task name in the TCB. */
 892:Middlewares/Third_Party/FreeRTOS/Source/tasks.c **** 	if( pcName != NULL )
 893:Middlewares/Third_Party/FreeRTOS/Source/tasks.c **** 	{
 894:Middlewares/Third_Party/FreeRTOS/Source/tasks.c **** 		for( x = ( UBaseType_t ) 0; x < ( UBaseType_t ) configMAX_TASK_NAME_LEN; x++ )
 895:Middlewares/Third_Party/FreeRTOS/Source/tasks.c **** 		{
 896:Middlewares/Third_Party/FreeRTOS/Source/tasks.c **** 			pxNewTCB->pcTaskName[ x ] = pcName[ x ];
 897:Middlewares/Third_Party/FreeRTOS/Source/tasks.c **** 
 898:Middlewares/Third_Party/FreeRTOS/Source/tasks.c **** 			/* Don't copy all configMAX_TASK_NAME_LEN if the string is shorter than
 899:Middlewares/Third_Party/FreeRTOS/Source/tasks.c **** 			configMAX_TASK_NAME_LEN characters just in case the memory after the
 900:Middlewares/Third_Party/FreeRTOS/Source/tasks.c **** 			string is not accessible (extremely unlikely). */
 901:Middlewares/Third_Party/FreeRTOS/Source/tasks.c **** 			if( pcName[ x ] == ( char ) 0x00 )
 902:Middlewares/Third_Party/FreeRTOS/Source/tasks.c **** 			{
 903:Middlewares/Third_Party/FreeRTOS/Source/tasks.c **** 				break;
 904:Middlewares/Third_Party/FreeRTOS/Source/tasks.c **** 			}
 905:Middlewares/Third_Party/FreeRTOS/Source/tasks.c **** 			else
 906:Middlewares/Third_Party/FreeRTOS/Source/tasks.c **** 			{
 907:Middlewares/Third_Party/FreeRTOS/Source/tasks.c **** 				mtCOVERAGE_TEST_MARKER();
 908:Middlewares/Third_Party/FreeRTOS/Source/tasks.c **** 			}
 909:Middlewares/Third_Party/FreeRTOS/Source/tasks.c **** 		}
 910:Middlewares/Third_Party/FreeRTOS/Source/tasks.c **** 
 911:Middlewares/Third_Party/FreeRTOS/Source/tasks.c **** 		/* Ensure the name string is terminated in the case that the string length
 912:Middlewares/Third_Party/FreeRTOS/Source/tasks.c **** 		was greater or equal to configMAX_TASK_NAME_LEN. */
 913:Middlewares/Third_Party/FreeRTOS/Source/tasks.c **** 		pxNewTCB->pcTaskName[ configMAX_TASK_NAME_LEN - 1 ] = '\0';
 914:Middlewares/Third_Party/FreeRTOS/Source/tasks.c **** 	}
 915:Middlewares/Third_Party/FreeRTOS/Source/tasks.c **** 	else
 916:Middlewares/Third_Party/FreeRTOS/Source/tasks.c **** 	{
 917:Middlewares/Third_Party/FreeRTOS/Source/tasks.c **** 		/* The task has not been given a name, so just ensure there is a NULL
 918:Middlewares/Third_Party/FreeRTOS/Source/tasks.c **** 		terminator when it is read out. */
 919:Middlewares/Third_Party/FreeRTOS/Source/tasks.c **** 		pxNewTCB->pcTaskName[ 0 ] = 0x00;
 920:Middlewares/Third_Party/FreeRTOS/Source/tasks.c **** 	}
 921:Middlewares/Third_Party/FreeRTOS/Source/tasks.c **** 
 922:Middlewares/Third_Party/FreeRTOS/Source/tasks.c **** 	/* This is used as an array index so must ensure it's not too large.  First
 923:Middlewares/Third_Party/FreeRTOS/Source/tasks.c **** 	remove the privilege bit if one is present. */
 924:Middlewares/Third_Party/FreeRTOS/Source/tasks.c **** 	if( uxPriority >= ( UBaseType_t ) configMAX_PRIORITIES )
 925:Middlewares/Third_Party/FreeRTOS/Source/tasks.c **** 	{
 926:Middlewares/Third_Party/FreeRTOS/Source/tasks.c **** 		uxPriority = ( UBaseType_t ) configMAX_PRIORITIES - ( UBaseType_t ) 1U;
 927:Middlewares/Third_Party/FreeRTOS/Source/tasks.c **** 	}
 928:Middlewares/Third_Party/FreeRTOS/Source/tasks.c **** 	else
 929:Middlewares/Third_Party/FreeRTOS/Source/tasks.c **** 	{
 930:Middlewares/Third_Party/FreeRTOS/Source/tasks.c **** 		mtCOVERAGE_TEST_MARKER();
 931:Middlewares/Third_Party/FreeRTOS/Source/tasks.c **** 	}
 932:Middlewares/Third_Party/FreeRTOS/Source/tasks.c **** 
 933:Middlewares/Third_Party/FreeRTOS/Source/tasks.c **** 	pxNewTCB->uxPriority = uxPriority;
 934:Middlewares/Third_Party/FreeRTOS/Source/tasks.c **** 	#if ( configUSE_MUTEXES == 1 )
 935:Middlewares/Third_Party/FreeRTOS/Source/tasks.c **** 	{
 936:Middlewares/Third_Party/FreeRTOS/Source/tasks.c **** 		pxNewTCB->uxBasePriority = uxPriority;
 937:Middlewares/Third_Party/FreeRTOS/Source/tasks.c **** 		pxNewTCB->uxMutexesHeld = 0;
 938:Middlewares/Third_Party/FreeRTOS/Source/tasks.c **** 	}
 939:Middlewares/Third_Party/FreeRTOS/Source/tasks.c **** 	#endif /* configUSE_MUTEXES */
 940:Middlewares/Third_Party/FreeRTOS/Source/tasks.c **** 
 941:Middlewares/Third_Party/FreeRTOS/Source/tasks.c **** 	vListInitialiseItem( &( pxNewTCB->xStateListItem ) );
 942:Middlewares/Third_Party/FreeRTOS/Source/tasks.c **** 	vListInitialiseItem( &( pxNewTCB->xEventListItem ) );
 943:Middlewares/Third_Party/FreeRTOS/Source/tasks.c **** 
 944:Middlewares/Third_Party/FreeRTOS/Source/tasks.c **** 	/* Set the pxNewTCB as a link back from the ListItem_t.  This is so we can get
ARM GAS  /tmp/ccoDOEnO.s 			page 18


 945:Middlewares/Third_Party/FreeRTOS/Source/tasks.c **** 	back to	the containing TCB from a generic item in a list. */
 946:Middlewares/Third_Party/FreeRTOS/Source/tasks.c **** 	listSET_LIST_ITEM_OWNER( &( pxNewTCB->xStateListItem ), pxNewTCB );
 947:Middlewares/Third_Party/FreeRTOS/Source/tasks.c **** 
 948:Middlewares/Third_Party/FreeRTOS/Source/tasks.c **** 	/* Event lists are always in priority order. */
 949:Middlewares/Third_Party/FreeRTOS/Source/tasks.c **** 	listSET_LIST_ITEM_VALUE( &( pxNewTCB->xEventListItem ), ( TickType_t ) configMAX_PRIORITIES - ( Ti
 950:Middlewares/Third_Party/FreeRTOS/Source/tasks.c **** 	listSET_LIST_ITEM_OWNER( &( pxNewTCB->xEventListItem ), pxNewTCB );
 951:Middlewares/Third_Party/FreeRTOS/Source/tasks.c **** 
 952:Middlewares/Third_Party/FreeRTOS/Source/tasks.c **** 	#if ( portCRITICAL_NESTING_IN_TCB == 1 )
 953:Middlewares/Third_Party/FreeRTOS/Source/tasks.c **** 	{
 954:Middlewares/Third_Party/FreeRTOS/Source/tasks.c **** 		pxNewTCB->uxCriticalNesting = ( UBaseType_t ) 0U;
 955:Middlewares/Third_Party/FreeRTOS/Source/tasks.c **** 	}
 956:Middlewares/Third_Party/FreeRTOS/Source/tasks.c **** 	#endif /* portCRITICAL_NESTING_IN_TCB */
 957:Middlewares/Third_Party/FreeRTOS/Source/tasks.c **** 
 958:Middlewares/Third_Party/FreeRTOS/Source/tasks.c **** 	#if ( configUSE_APPLICATION_TASK_TAG == 1 )
 959:Middlewares/Third_Party/FreeRTOS/Source/tasks.c **** 	{
 960:Middlewares/Third_Party/FreeRTOS/Source/tasks.c **** 		pxNewTCB->pxTaskTag = NULL;
 961:Middlewares/Third_Party/FreeRTOS/Source/tasks.c **** 	}
 962:Middlewares/Third_Party/FreeRTOS/Source/tasks.c **** 	#endif /* configUSE_APPLICATION_TASK_TAG */
 963:Middlewares/Third_Party/FreeRTOS/Source/tasks.c **** 
 964:Middlewares/Third_Party/FreeRTOS/Source/tasks.c **** 	#if ( configGENERATE_RUN_TIME_STATS == 1 )
 965:Middlewares/Third_Party/FreeRTOS/Source/tasks.c **** 	{
 966:Middlewares/Third_Party/FreeRTOS/Source/tasks.c **** 		pxNewTCB->ulRunTimeCounter = 0UL;
 967:Middlewares/Third_Party/FreeRTOS/Source/tasks.c **** 	}
 968:Middlewares/Third_Party/FreeRTOS/Source/tasks.c **** 	#endif /* configGENERATE_RUN_TIME_STATS */
 969:Middlewares/Third_Party/FreeRTOS/Source/tasks.c **** 
 970:Middlewares/Third_Party/FreeRTOS/Source/tasks.c **** 	#if ( portUSING_MPU_WRAPPERS == 1 )
 971:Middlewares/Third_Party/FreeRTOS/Source/tasks.c **** 	{
 972:Middlewares/Third_Party/FreeRTOS/Source/tasks.c **** 		vPortStoreTaskMPUSettings( &( pxNewTCB->xMPUSettings ), xRegions, pxNewTCB->pxStack, ulStackDepth
 973:Middlewares/Third_Party/FreeRTOS/Source/tasks.c **** 	}
 974:Middlewares/Third_Party/FreeRTOS/Source/tasks.c **** 	#else
 975:Middlewares/Third_Party/FreeRTOS/Source/tasks.c **** 	{
 976:Middlewares/Third_Party/FreeRTOS/Source/tasks.c **** 		/* Avoid compiler warning about unreferenced parameter. */
 977:Middlewares/Third_Party/FreeRTOS/Source/tasks.c **** 		( void ) xRegions;
 978:Middlewares/Third_Party/FreeRTOS/Source/tasks.c **** 	}
 979:Middlewares/Third_Party/FreeRTOS/Source/tasks.c **** 	#endif
 980:Middlewares/Third_Party/FreeRTOS/Source/tasks.c **** 
 981:Middlewares/Third_Party/FreeRTOS/Source/tasks.c **** 	#if( configNUM_THREAD_LOCAL_STORAGE_POINTERS != 0 )
 982:Middlewares/Third_Party/FreeRTOS/Source/tasks.c **** 	{
 983:Middlewares/Third_Party/FreeRTOS/Source/tasks.c **** 		for( x = 0; x < ( UBaseType_t ) configNUM_THREAD_LOCAL_STORAGE_POINTERS; x++ )
 984:Middlewares/Third_Party/FreeRTOS/Source/tasks.c **** 		{
 985:Middlewares/Third_Party/FreeRTOS/Source/tasks.c **** 			pxNewTCB->pvThreadLocalStoragePointers[ x ] = NULL;
 986:Middlewares/Third_Party/FreeRTOS/Source/tasks.c **** 		}
 987:Middlewares/Third_Party/FreeRTOS/Source/tasks.c **** 	}
 988:Middlewares/Third_Party/FreeRTOS/Source/tasks.c **** 	#endif
 989:Middlewares/Third_Party/FreeRTOS/Source/tasks.c **** 
 990:Middlewares/Third_Party/FreeRTOS/Source/tasks.c **** 	#if ( configUSE_TASK_NOTIFICATIONS == 1 )
 991:Middlewares/Third_Party/FreeRTOS/Source/tasks.c **** 	{
 992:Middlewares/Third_Party/FreeRTOS/Source/tasks.c **** 		pxNewTCB->ulNotifiedValue = 0;
 993:Middlewares/Third_Party/FreeRTOS/Source/tasks.c **** 		pxNewTCB->ucNotifyState = taskNOT_WAITING_NOTIFICATION;
 994:Middlewares/Third_Party/FreeRTOS/Source/tasks.c **** 	}
 995:Middlewares/Third_Party/FreeRTOS/Source/tasks.c **** 	#endif
 996:Middlewares/Third_Party/FreeRTOS/Source/tasks.c **** 
 997:Middlewares/Third_Party/FreeRTOS/Source/tasks.c **** 	#if ( configUSE_NEWLIB_REENTRANT == 1 )
 998:Middlewares/Third_Party/FreeRTOS/Source/tasks.c **** 	{
 999:Middlewares/Third_Party/FreeRTOS/Source/tasks.c **** 		/* Initialise this task's Newlib reent structure.
1000:Middlewares/Third_Party/FreeRTOS/Source/tasks.c **** 		See the third party link http://www.nadler.com/embedded/newlibAndFreeRTOS.html
1001:Middlewares/Third_Party/FreeRTOS/Source/tasks.c **** 		for additional information. */
ARM GAS  /tmp/ccoDOEnO.s 			page 19


1002:Middlewares/Third_Party/FreeRTOS/Source/tasks.c **** 		_REENT_INIT_PTR( ( &( pxNewTCB->xNewLib_reent ) ) );
1003:Middlewares/Third_Party/FreeRTOS/Source/tasks.c **** 	}
1004:Middlewares/Third_Party/FreeRTOS/Source/tasks.c **** 	#endif
1005:Middlewares/Third_Party/FreeRTOS/Source/tasks.c **** 
1006:Middlewares/Third_Party/FreeRTOS/Source/tasks.c **** 	#if( INCLUDE_xTaskAbortDelay == 1 )
1007:Middlewares/Third_Party/FreeRTOS/Source/tasks.c **** 	{
1008:Middlewares/Third_Party/FreeRTOS/Source/tasks.c **** 		pxNewTCB->ucDelayAborted = pdFALSE;
1009:Middlewares/Third_Party/FreeRTOS/Source/tasks.c **** 	}
1010:Middlewares/Third_Party/FreeRTOS/Source/tasks.c **** 	#endif
1011:Middlewares/Third_Party/FreeRTOS/Source/tasks.c **** 
1012:Middlewares/Third_Party/FreeRTOS/Source/tasks.c **** 	/* Initialize the TCB stack to look as if the task was already running,
1013:Middlewares/Third_Party/FreeRTOS/Source/tasks.c **** 	but had been interrupted by the scheduler.  The return address is set
1014:Middlewares/Third_Party/FreeRTOS/Source/tasks.c **** 	to the start of the task function. Once the stack has been initialised
1015:Middlewares/Third_Party/FreeRTOS/Source/tasks.c **** 	the top of stack variable is updated. */
1016:Middlewares/Third_Party/FreeRTOS/Source/tasks.c **** 	#if( portUSING_MPU_WRAPPERS == 1 )
1017:Middlewares/Third_Party/FreeRTOS/Source/tasks.c **** 	{
1018:Middlewares/Third_Party/FreeRTOS/Source/tasks.c **** 		/* If the port has capability to detect stack overflow,
1019:Middlewares/Third_Party/FreeRTOS/Source/tasks.c **** 		pass the stack end address to the stack initialization
1020:Middlewares/Third_Party/FreeRTOS/Source/tasks.c **** 		function as well. */
1021:Middlewares/Third_Party/FreeRTOS/Source/tasks.c **** 		#if( portHAS_STACK_OVERFLOW_CHECKING == 1 )
1022:Middlewares/Third_Party/FreeRTOS/Source/tasks.c **** 		{
1023:Middlewares/Third_Party/FreeRTOS/Source/tasks.c **** 			#if( portSTACK_GROWTH < 0 )
1024:Middlewares/Third_Party/FreeRTOS/Source/tasks.c **** 			{
1025:Middlewares/Third_Party/FreeRTOS/Source/tasks.c **** 				pxNewTCB->pxTopOfStack = pxPortInitialiseStack( pxTopOfStack, pxNewTCB->pxStack, pxTaskCode, pv
1026:Middlewares/Third_Party/FreeRTOS/Source/tasks.c **** 			}
1027:Middlewares/Third_Party/FreeRTOS/Source/tasks.c **** 			#else /* portSTACK_GROWTH */
1028:Middlewares/Third_Party/FreeRTOS/Source/tasks.c **** 			{
1029:Middlewares/Third_Party/FreeRTOS/Source/tasks.c **** 				pxNewTCB->pxTopOfStack = pxPortInitialiseStack( pxTopOfStack, pxNewTCB->pxEndOfStack, pxTaskCod
1030:Middlewares/Third_Party/FreeRTOS/Source/tasks.c **** 			}
1031:Middlewares/Third_Party/FreeRTOS/Source/tasks.c **** 			#endif /* portSTACK_GROWTH */
1032:Middlewares/Third_Party/FreeRTOS/Source/tasks.c **** 		}
1033:Middlewares/Third_Party/FreeRTOS/Source/tasks.c **** 		#else /* portHAS_STACK_OVERFLOW_CHECKING */
1034:Middlewares/Third_Party/FreeRTOS/Source/tasks.c **** 		{
1035:Middlewares/Third_Party/FreeRTOS/Source/tasks.c **** 			pxNewTCB->pxTopOfStack = pxPortInitialiseStack( pxTopOfStack, pxTaskCode, pvParameters, xRunPriv
1036:Middlewares/Third_Party/FreeRTOS/Source/tasks.c **** 		}
1037:Middlewares/Third_Party/FreeRTOS/Source/tasks.c **** 		#endif /* portHAS_STACK_OVERFLOW_CHECKING */
1038:Middlewares/Third_Party/FreeRTOS/Source/tasks.c **** 	}
1039:Middlewares/Third_Party/FreeRTOS/Source/tasks.c **** 	#else /* portUSING_MPU_WRAPPERS */
1040:Middlewares/Third_Party/FreeRTOS/Source/tasks.c **** 	{
1041:Middlewares/Third_Party/FreeRTOS/Source/tasks.c **** 		/* If the port has capability to detect stack overflow,
1042:Middlewares/Third_Party/FreeRTOS/Source/tasks.c **** 		pass the stack end address to the stack initialization
1043:Middlewares/Third_Party/FreeRTOS/Source/tasks.c **** 		function as well. */
1044:Middlewares/Third_Party/FreeRTOS/Source/tasks.c **** 		#if( portHAS_STACK_OVERFLOW_CHECKING == 1 )
1045:Middlewares/Third_Party/FreeRTOS/Source/tasks.c **** 		{
1046:Middlewares/Third_Party/FreeRTOS/Source/tasks.c **** 			#if( portSTACK_GROWTH < 0 )
1047:Middlewares/Third_Party/FreeRTOS/Source/tasks.c **** 			{
1048:Middlewares/Third_Party/FreeRTOS/Source/tasks.c **** 				pxNewTCB->pxTopOfStack = pxPortInitialiseStack( pxTopOfStack, pxNewTCB->pxStack, pxTaskCode, pv
1049:Middlewares/Third_Party/FreeRTOS/Source/tasks.c **** 			}
1050:Middlewares/Third_Party/FreeRTOS/Source/tasks.c **** 			#else /* portSTACK_GROWTH */
1051:Middlewares/Third_Party/FreeRTOS/Source/tasks.c **** 			{
1052:Middlewares/Third_Party/FreeRTOS/Source/tasks.c **** 				pxNewTCB->pxTopOfStack = pxPortInitialiseStack( pxTopOfStack, pxNewTCB->pxEndOfStack, pxTaskCod
1053:Middlewares/Third_Party/FreeRTOS/Source/tasks.c **** 			}
1054:Middlewares/Third_Party/FreeRTOS/Source/tasks.c **** 			#endif /* portSTACK_GROWTH */
1055:Middlewares/Third_Party/FreeRTOS/Source/tasks.c **** 		}
1056:Middlewares/Third_Party/FreeRTOS/Source/tasks.c **** 		#else /* portHAS_STACK_OVERFLOW_CHECKING */
1057:Middlewares/Third_Party/FreeRTOS/Source/tasks.c **** 		{
1058:Middlewares/Third_Party/FreeRTOS/Source/tasks.c **** 			pxNewTCB->pxTopOfStack = pxPortInitialiseStack( pxTopOfStack, pxTaskCode, pvParameters );
ARM GAS  /tmp/ccoDOEnO.s 			page 20


1059:Middlewares/Third_Party/FreeRTOS/Source/tasks.c **** 		}
1060:Middlewares/Third_Party/FreeRTOS/Source/tasks.c **** 		#endif /* portHAS_STACK_OVERFLOW_CHECKING */
1061:Middlewares/Third_Party/FreeRTOS/Source/tasks.c **** 	}
1062:Middlewares/Third_Party/FreeRTOS/Source/tasks.c **** 	#endif /* portUSING_MPU_WRAPPERS */
1063:Middlewares/Third_Party/FreeRTOS/Source/tasks.c **** 
1064:Middlewares/Third_Party/FreeRTOS/Source/tasks.c **** 	if( pxCreatedTask != NULL )
1065:Middlewares/Third_Party/FreeRTOS/Source/tasks.c **** 	{
1066:Middlewares/Third_Party/FreeRTOS/Source/tasks.c **** 		/* Pass the handle out in an anonymous way.  The handle can be used to
1067:Middlewares/Third_Party/FreeRTOS/Source/tasks.c **** 		change the created task's priority, delete the created task, etc.*/
1068:Middlewares/Third_Party/FreeRTOS/Source/tasks.c **** 		*pxCreatedTask = ( TaskHandle_t ) pxNewTCB;
1069:Middlewares/Third_Party/FreeRTOS/Source/tasks.c **** 	}
1070:Middlewares/Third_Party/FreeRTOS/Source/tasks.c **** 	else
1071:Middlewares/Third_Party/FreeRTOS/Source/tasks.c **** 	{
1072:Middlewares/Third_Party/FreeRTOS/Source/tasks.c **** 		mtCOVERAGE_TEST_MARKER();
1073:Middlewares/Third_Party/FreeRTOS/Source/tasks.c **** 	}
1074:Middlewares/Third_Party/FreeRTOS/Source/tasks.c **** }
1075:Middlewares/Third_Party/FreeRTOS/Source/tasks.c **** /*-----------------------------------------------------------*/
1076:Middlewares/Third_Party/FreeRTOS/Source/tasks.c **** 
1077:Middlewares/Third_Party/FreeRTOS/Source/tasks.c **** static void prvAddNewTaskToReadyList( TCB_t *pxNewTCB )
1078:Middlewares/Third_Party/FreeRTOS/Source/tasks.c **** {
1079:Middlewares/Third_Party/FreeRTOS/Source/tasks.c **** 	/* Ensure interrupts don't access the task lists while the lists are being
1080:Middlewares/Third_Party/FreeRTOS/Source/tasks.c **** 	updated. */
1081:Middlewares/Third_Party/FreeRTOS/Source/tasks.c **** 	taskENTER_CRITICAL();
1082:Middlewares/Third_Party/FreeRTOS/Source/tasks.c **** 	{
1083:Middlewares/Third_Party/FreeRTOS/Source/tasks.c **** 		uxCurrentNumberOfTasks++;
1084:Middlewares/Third_Party/FreeRTOS/Source/tasks.c **** 		if( pxCurrentTCB == NULL )
1085:Middlewares/Third_Party/FreeRTOS/Source/tasks.c **** 		{
1086:Middlewares/Third_Party/FreeRTOS/Source/tasks.c **** 			/* There are no other tasks, or all the other tasks are in
1087:Middlewares/Third_Party/FreeRTOS/Source/tasks.c **** 			the suspended state - make this the current task. */
1088:Middlewares/Third_Party/FreeRTOS/Source/tasks.c **** 			pxCurrentTCB = pxNewTCB;
1089:Middlewares/Third_Party/FreeRTOS/Source/tasks.c **** 
1090:Middlewares/Third_Party/FreeRTOS/Source/tasks.c **** 			if( uxCurrentNumberOfTasks == ( UBaseType_t ) 1 )
1091:Middlewares/Third_Party/FreeRTOS/Source/tasks.c **** 			{
1092:Middlewares/Third_Party/FreeRTOS/Source/tasks.c **** 				/* This is the first task to be created so do the preliminary
1093:Middlewares/Third_Party/FreeRTOS/Source/tasks.c **** 				initialisation required.  We will not recover if this call
1094:Middlewares/Third_Party/FreeRTOS/Source/tasks.c **** 				fails, but we will report the failure. */
1095:Middlewares/Third_Party/FreeRTOS/Source/tasks.c **** 				prvInitialiseTaskLists();
1096:Middlewares/Third_Party/FreeRTOS/Source/tasks.c **** 			}
1097:Middlewares/Third_Party/FreeRTOS/Source/tasks.c **** 			else
1098:Middlewares/Third_Party/FreeRTOS/Source/tasks.c **** 			{
1099:Middlewares/Third_Party/FreeRTOS/Source/tasks.c **** 				mtCOVERAGE_TEST_MARKER();
1100:Middlewares/Third_Party/FreeRTOS/Source/tasks.c **** 			}
1101:Middlewares/Third_Party/FreeRTOS/Source/tasks.c **** 		}
1102:Middlewares/Third_Party/FreeRTOS/Source/tasks.c **** 		else
1103:Middlewares/Third_Party/FreeRTOS/Source/tasks.c **** 		{
1104:Middlewares/Third_Party/FreeRTOS/Source/tasks.c **** 			/* If the scheduler is not already running, make this task the
1105:Middlewares/Third_Party/FreeRTOS/Source/tasks.c **** 			current task if it is the highest priority task to be created
1106:Middlewares/Third_Party/FreeRTOS/Source/tasks.c **** 			so far. */
1107:Middlewares/Third_Party/FreeRTOS/Source/tasks.c **** 			if( xSchedulerRunning == pdFALSE )
1108:Middlewares/Third_Party/FreeRTOS/Source/tasks.c **** 			{
1109:Middlewares/Third_Party/FreeRTOS/Source/tasks.c **** 				if( pxCurrentTCB->uxPriority <= pxNewTCB->uxPriority )
1110:Middlewares/Third_Party/FreeRTOS/Source/tasks.c **** 				{
1111:Middlewares/Third_Party/FreeRTOS/Source/tasks.c **** 					pxCurrentTCB = pxNewTCB;
1112:Middlewares/Third_Party/FreeRTOS/Source/tasks.c **** 				}
1113:Middlewares/Third_Party/FreeRTOS/Source/tasks.c **** 				else
1114:Middlewares/Third_Party/FreeRTOS/Source/tasks.c **** 				{
1115:Middlewares/Third_Party/FreeRTOS/Source/tasks.c **** 					mtCOVERAGE_TEST_MARKER();
ARM GAS  /tmp/ccoDOEnO.s 			page 21


1116:Middlewares/Third_Party/FreeRTOS/Source/tasks.c **** 				}
1117:Middlewares/Third_Party/FreeRTOS/Source/tasks.c **** 			}
1118:Middlewares/Third_Party/FreeRTOS/Source/tasks.c **** 			else
1119:Middlewares/Third_Party/FreeRTOS/Source/tasks.c **** 			{
1120:Middlewares/Third_Party/FreeRTOS/Source/tasks.c **** 				mtCOVERAGE_TEST_MARKER();
1121:Middlewares/Third_Party/FreeRTOS/Source/tasks.c **** 			}
1122:Middlewares/Third_Party/FreeRTOS/Source/tasks.c **** 		}
1123:Middlewares/Third_Party/FreeRTOS/Source/tasks.c **** 
1124:Middlewares/Third_Party/FreeRTOS/Source/tasks.c **** 		uxTaskNumber++;
1125:Middlewares/Third_Party/FreeRTOS/Source/tasks.c **** 
1126:Middlewares/Third_Party/FreeRTOS/Source/tasks.c **** 		#if ( configUSE_TRACE_FACILITY == 1 )
1127:Middlewares/Third_Party/FreeRTOS/Source/tasks.c **** 		{
1128:Middlewares/Third_Party/FreeRTOS/Source/tasks.c **** 			/* Add a counter into the TCB for tracing only. */
1129:Middlewares/Third_Party/FreeRTOS/Source/tasks.c **** 			pxNewTCB->uxTCBNumber = uxTaskNumber;
1130:Middlewares/Third_Party/FreeRTOS/Source/tasks.c **** 		}
1131:Middlewares/Third_Party/FreeRTOS/Source/tasks.c **** 		#endif /* configUSE_TRACE_FACILITY */
1132:Middlewares/Third_Party/FreeRTOS/Source/tasks.c **** 		traceTASK_CREATE( pxNewTCB );
1133:Middlewares/Third_Party/FreeRTOS/Source/tasks.c **** 
1134:Middlewares/Third_Party/FreeRTOS/Source/tasks.c **** 		prvAddTaskToReadyList( pxNewTCB );
1135:Middlewares/Third_Party/FreeRTOS/Source/tasks.c **** 
1136:Middlewares/Third_Party/FreeRTOS/Source/tasks.c **** 		portSETUP_TCB( pxNewTCB );
1137:Middlewares/Third_Party/FreeRTOS/Source/tasks.c **** 	}
1138:Middlewares/Third_Party/FreeRTOS/Source/tasks.c **** 	taskEXIT_CRITICAL();
1139:Middlewares/Third_Party/FreeRTOS/Source/tasks.c **** 
1140:Middlewares/Third_Party/FreeRTOS/Source/tasks.c **** 	if( xSchedulerRunning != pdFALSE )
1141:Middlewares/Third_Party/FreeRTOS/Source/tasks.c **** 	{
1142:Middlewares/Third_Party/FreeRTOS/Source/tasks.c **** 		/* If the created task is of a higher priority than the current task
1143:Middlewares/Third_Party/FreeRTOS/Source/tasks.c **** 		then it should run now. */
1144:Middlewares/Third_Party/FreeRTOS/Source/tasks.c **** 		if( pxCurrentTCB->uxPriority < pxNewTCB->uxPriority )
1145:Middlewares/Third_Party/FreeRTOS/Source/tasks.c **** 		{
1146:Middlewares/Third_Party/FreeRTOS/Source/tasks.c **** 			taskYIELD_IF_USING_PREEMPTION();
1147:Middlewares/Third_Party/FreeRTOS/Source/tasks.c **** 		}
1148:Middlewares/Third_Party/FreeRTOS/Source/tasks.c **** 		else
1149:Middlewares/Third_Party/FreeRTOS/Source/tasks.c **** 		{
1150:Middlewares/Third_Party/FreeRTOS/Source/tasks.c **** 			mtCOVERAGE_TEST_MARKER();
1151:Middlewares/Third_Party/FreeRTOS/Source/tasks.c **** 		}
1152:Middlewares/Third_Party/FreeRTOS/Source/tasks.c **** 	}
1153:Middlewares/Third_Party/FreeRTOS/Source/tasks.c **** 	else
1154:Middlewares/Third_Party/FreeRTOS/Source/tasks.c **** 	{
1155:Middlewares/Third_Party/FreeRTOS/Source/tasks.c **** 		mtCOVERAGE_TEST_MARKER();
1156:Middlewares/Third_Party/FreeRTOS/Source/tasks.c **** 	}
1157:Middlewares/Third_Party/FreeRTOS/Source/tasks.c **** }
1158:Middlewares/Third_Party/FreeRTOS/Source/tasks.c **** /*-----------------------------------------------------------*/
1159:Middlewares/Third_Party/FreeRTOS/Source/tasks.c **** 
1160:Middlewares/Third_Party/FreeRTOS/Source/tasks.c **** #if ( INCLUDE_vTaskDelete == 1 )
1161:Middlewares/Third_Party/FreeRTOS/Source/tasks.c **** 
1162:Middlewares/Third_Party/FreeRTOS/Source/tasks.c **** 	void vTaskDelete( TaskHandle_t xTaskToDelete )
1163:Middlewares/Third_Party/FreeRTOS/Source/tasks.c **** 	{
1164:Middlewares/Third_Party/FreeRTOS/Source/tasks.c **** 	TCB_t *pxTCB;
1165:Middlewares/Third_Party/FreeRTOS/Source/tasks.c **** 
1166:Middlewares/Third_Party/FreeRTOS/Source/tasks.c **** 		taskENTER_CRITICAL();
1167:Middlewares/Third_Party/FreeRTOS/Source/tasks.c **** 		{
1168:Middlewares/Third_Party/FreeRTOS/Source/tasks.c **** 			/* If null is passed in here then it is the calling task that is
1169:Middlewares/Third_Party/FreeRTOS/Source/tasks.c **** 			being deleted. */
1170:Middlewares/Third_Party/FreeRTOS/Source/tasks.c **** 			pxTCB = prvGetTCBFromHandle( xTaskToDelete );
1171:Middlewares/Third_Party/FreeRTOS/Source/tasks.c **** 
1172:Middlewares/Third_Party/FreeRTOS/Source/tasks.c **** 			/* Remove task from the ready/delayed list. */
ARM GAS  /tmp/ccoDOEnO.s 			page 22


1173:Middlewares/Third_Party/FreeRTOS/Source/tasks.c **** 			if( uxListRemove( &( pxTCB->xStateListItem ) ) == ( UBaseType_t ) 0 )
1174:Middlewares/Third_Party/FreeRTOS/Source/tasks.c **** 			{
1175:Middlewares/Third_Party/FreeRTOS/Source/tasks.c **** 				taskRESET_READY_PRIORITY( pxTCB->uxPriority );
1176:Middlewares/Third_Party/FreeRTOS/Source/tasks.c **** 			}
1177:Middlewares/Third_Party/FreeRTOS/Source/tasks.c **** 			else
1178:Middlewares/Third_Party/FreeRTOS/Source/tasks.c **** 			{
1179:Middlewares/Third_Party/FreeRTOS/Source/tasks.c **** 				mtCOVERAGE_TEST_MARKER();
1180:Middlewares/Third_Party/FreeRTOS/Source/tasks.c **** 			}
1181:Middlewares/Third_Party/FreeRTOS/Source/tasks.c **** 
1182:Middlewares/Third_Party/FreeRTOS/Source/tasks.c **** 			/* Is the task waiting on an event also? */
1183:Middlewares/Third_Party/FreeRTOS/Source/tasks.c **** 			if( listLIST_ITEM_CONTAINER( &( pxTCB->xEventListItem ) ) != NULL )
1184:Middlewares/Third_Party/FreeRTOS/Source/tasks.c **** 			{
1185:Middlewares/Third_Party/FreeRTOS/Source/tasks.c **** 				( void ) uxListRemove( &( pxTCB->xEventListItem ) );
1186:Middlewares/Third_Party/FreeRTOS/Source/tasks.c **** 			}
1187:Middlewares/Third_Party/FreeRTOS/Source/tasks.c **** 			else
1188:Middlewares/Third_Party/FreeRTOS/Source/tasks.c **** 			{
1189:Middlewares/Third_Party/FreeRTOS/Source/tasks.c **** 				mtCOVERAGE_TEST_MARKER();
1190:Middlewares/Third_Party/FreeRTOS/Source/tasks.c **** 			}
1191:Middlewares/Third_Party/FreeRTOS/Source/tasks.c **** 
1192:Middlewares/Third_Party/FreeRTOS/Source/tasks.c **** 			/* Increment the uxTaskNumber also so kernel aware debuggers can
1193:Middlewares/Third_Party/FreeRTOS/Source/tasks.c **** 			detect that the task lists need re-generating.  This is done before
1194:Middlewares/Third_Party/FreeRTOS/Source/tasks.c **** 			portPRE_TASK_DELETE_HOOK() as in the Windows port that macro will
1195:Middlewares/Third_Party/FreeRTOS/Source/tasks.c **** 			not return. */
1196:Middlewares/Third_Party/FreeRTOS/Source/tasks.c **** 			uxTaskNumber++;
1197:Middlewares/Third_Party/FreeRTOS/Source/tasks.c **** 
1198:Middlewares/Third_Party/FreeRTOS/Source/tasks.c **** 			if( pxTCB == pxCurrentTCB )
1199:Middlewares/Third_Party/FreeRTOS/Source/tasks.c **** 			{
1200:Middlewares/Third_Party/FreeRTOS/Source/tasks.c **** 				/* A task is deleting itself.  This cannot complete within the
1201:Middlewares/Third_Party/FreeRTOS/Source/tasks.c **** 				task itself, as a context switch to another task is required.
1202:Middlewares/Third_Party/FreeRTOS/Source/tasks.c **** 				Place the task in the termination list.  The idle task will
1203:Middlewares/Third_Party/FreeRTOS/Source/tasks.c **** 				check the termination list and free up any memory allocated by
1204:Middlewares/Third_Party/FreeRTOS/Source/tasks.c **** 				the scheduler for the TCB and stack of the deleted task. */
1205:Middlewares/Third_Party/FreeRTOS/Source/tasks.c **** 				vListInsertEnd( &xTasksWaitingTermination, &( pxTCB->xStateListItem ) );
1206:Middlewares/Third_Party/FreeRTOS/Source/tasks.c **** 
1207:Middlewares/Third_Party/FreeRTOS/Source/tasks.c **** 				/* Increment the ucTasksDeleted variable so the idle task knows
1208:Middlewares/Third_Party/FreeRTOS/Source/tasks.c **** 				there is a task that has been deleted and that it should therefore
1209:Middlewares/Third_Party/FreeRTOS/Source/tasks.c **** 				check the xTasksWaitingTermination list. */
1210:Middlewares/Third_Party/FreeRTOS/Source/tasks.c **** 				++uxDeletedTasksWaitingCleanUp;
1211:Middlewares/Third_Party/FreeRTOS/Source/tasks.c **** 
1212:Middlewares/Third_Party/FreeRTOS/Source/tasks.c **** 				/* Call the delete hook before portPRE_TASK_DELETE_HOOK() as
1213:Middlewares/Third_Party/FreeRTOS/Source/tasks.c **** 				portPRE_TASK_DELETE_HOOK() does not return in the Win32 port. */
1214:Middlewares/Third_Party/FreeRTOS/Source/tasks.c **** 				traceTASK_DELETE( pxTCB );
1215:Middlewares/Third_Party/FreeRTOS/Source/tasks.c **** 
1216:Middlewares/Third_Party/FreeRTOS/Source/tasks.c **** 				/* The pre-delete hook is primarily for the Windows simulator,
1217:Middlewares/Third_Party/FreeRTOS/Source/tasks.c **** 				in which Windows specific clean up operations are performed,
1218:Middlewares/Third_Party/FreeRTOS/Source/tasks.c **** 				after which it is not possible to yield away from this task -
1219:Middlewares/Third_Party/FreeRTOS/Source/tasks.c **** 				hence xYieldPending is used to latch that a context switch is
1220:Middlewares/Third_Party/FreeRTOS/Source/tasks.c **** 				required. */
1221:Middlewares/Third_Party/FreeRTOS/Source/tasks.c **** 				portPRE_TASK_DELETE_HOOK( pxTCB, &xYieldPending );
1222:Middlewares/Third_Party/FreeRTOS/Source/tasks.c **** 			}
1223:Middlewares/Third_Party/FreeRTOS/Source/tasks.c **** 			else
1224:Middlewares/Third_Party/FreeRTOS/Source/tasks.c **** 			{
1225:Middlewares/Third_Party/FreeRTOS/Source/tasks.c **** 				--uxCurrentNumberOfTasks;
1226:Middlewares/Third_Party/FreeRTOS/Source/tasks.c **** 				traceTASK_DELETE( pxTCB );
1227:Middlewares/Third_Party/FreeRTOS/Source/tasks.c **** 				prvDeleteTCB( pxTCB );
1228:Middlewares/Third_Party/FreeRTOS/Source/tasks.c **** 
1229:Middlewares/Third_Party/FreeRTOS/Source/tasks.c **** 				/* Reset the next expected unblock time in case it referred to
ARM GAS  /tmp/ccoDOEnO.s 			page 23


1230:Middlewares/Third_Party/FreeRTOS/Source/tasks.c **** 				the task that has just been deleted. */
1231:Middlewares/Third_Party/FreeRTOS/Source/tasks.c **** 				prvResetNextTaskUnblockTime();
1232:Middlewares/Third_Party/FreeRTOS/Source/tasks.c **** 			}
1233:Middlewares/Third_Party/FreeRTOS/Source/tasks.c **** 		}
1234:Middlewares/Third_Party/FreeRTOS/Source/tasks.c **** 		taskEXIT_CRITICAL();
1235:Middlewares/Third_Party/FreeRTOS/Source/tasks.c **** 
1236:Middlewares/Third_Party/FreeRTOS/Source/tasks.c **** 		/* Force a reschedule if it is the currently running task that has just
1237:Middlewares/Third_Party/FreeRTOS/Source/tasks.c **** 		been deleted. */
1238:Middlewares/Third_Party/FreeRTOS/Source/tasks.c **** 		if( xSchedulerRunning != pdFALSE )
1239:Middlewares/Third_Party/FreeRTOS/Source/tasks.c **** 		{
1240:Middlewares/Third_Party/FreeRTOS/Source/tasks.c **** 			if( pxTCB == pxCurrentTCB )
1241:Middlewares/Third_Party/FreeRTOS/Source/tasks.c **** 			{
1242:Middlewares/Third_Party/FreeRTOS/Source/tasks.c **** 				configASSERT( uxSchedulerSuspended == 0 );
1243:Middlewares/Third_Party/FreeRTOS/Source/tasks.c **** 				portYIELD_WITHIN_API();
1244:Middlewares/Third_Party/FreeRTOS/Source/tasks.c **** 			}
1245:Middlewares/Third_Party/FreeRTOS/Source/tasks.c **** 			else
1246:Middlewares/Third_Party/FreeRTOS/Source/tasks.c **** 			{
1247:Middlewares/Third_Party/FreeRTOS/Source/tasks.c **** 				mtCOVERAGE_TEST_MARKER();
1248:Middlewares/Third_Party/FreeRTOS/Source/tasks.c **** 			}
1249:Middlewares/Third_Party/FreeRTOS/Source/tasks.c **** 		}
1250:Middlewares/Third_Party/FreeRTOS/Source/tasks.c **** 	}
1251:Middlewares/Third_Party/FreeRTOS/Source/tasks.c **** 
1252:Middlewares/Third_Party/FreeRTOS/Source/tasks.c **** #endif /* INCLUDE_vTaskDelete */
1253:Middlewares/Third_Party/FreeRTOS/Source/tasks.c **** /*-----------------------------------------------------------*/
1254:Middlewares/Third_Party/FreeRTOS/Source/tasks.c **** 
1255:Middlewares/Third_Party/FreeRTOS/Source/tasks.c **** #if ( INCLUDE_vTaskDelayUntil == 1 )
1256:Middlewares/Third_Party/FreeRTOS/Source/tasks.c **** 
1257:Middlewares/Third_Party/FreeRTOS/Source/tasks.c **** 	void vTaskDelayUntil( TickType_t * const pxPreviousWakeTime, const TickType_t xTimeIncrement )
1258:Middlewares/Third_Party/FreeRTOS/Source/tasks.c **** 	{
1259:Middlewares/Third_Party/FreeRTOS/Source/tasks.c **** 	TickType_t xTimeToWake;
1260:Middlewares/Third_Party/FreeRTOS/Source/tasks.c **** 	BaseType_t xAlreadyYielded, xShouldDelay = pdFALSE;
1261:Middlewares/Third_Party/FreeRTOS/Source/tasks.c **** 
1262:Middlewares/Third_Party/FreeRTOS/Source/tasks.c **** 		configASSERT( pxPreviousWakeTime );
1263:Middlewares/Third_Party/FreeRTOS/Source/tasks.c **** 		configASSERT( ( xTimeIncrement > 0U ) );
1264:Middlewares/Third_Party/FreeRTOS/Source/tasks.c **** 		configASSERT( uxSchedulerSuspended == 0 );
1265:Middlewares/Third_Party/FreeRTOS/Source/tasks.c **** 
1266:Middlewares/Third_Party/FreeRTOS/Source/tasks.c **** 		vTaskSuspendAll();
1267:Middlewares/Third_Party/FreeRTOS/Source/tasks.c **** 		{
1268:Middlewares/Third_Party/FreeRTOS/Source/tasks.c **** 			/* Minor optimisation.  The tick count cannot change in this
1269:Middlewares/Third_Party/FreeRTOS/Source/tasks.c **** 			block. */
1270:Middlewares/Third_Party/FreeRTOS/Source/tasks.c **** 			const TickType_t xConstTickCount = xTickCount;
1271:Middlewares/Third_Party/FreeRTOS/Source/tasks.c **** 
1272:Middlewares/Third_Party/FreeRTOS/Source/tasks.c **** 			/* Generate the tick time at which the task wants to wake. */
1273:Middlewares/Third_Party/FreeRTOS/Source/tasks.c **** 			xTimeToWake = *pxPreviousWakeTime + xTimeIncrement;
1274:Middlewares/Third_Party/FreeRTOS/Source/tasks.c **** 
1275:Middlewares/Third_Party/FreeRTOS/Source/tasks.c **** 			if( xConstTickCount < *pxPreviousWakeTime )
1276:Middlewares/Third_Party/FreeRTOS/Source/tasks.c **** 			{
1277:Middlewares/Third_Party/FreeRTOS/Source/tasks.c **** 				/* The tick count has overflowed since this function was
1278:Middlewares/Third_Party/FreeRTOS/Source/tasks.c **** 				lasted called.  In this case the only time we should ever
1279:Middlewares/Third_Party/FreeRTOS/Source/tasks.c **** 				actually delay is if the wake time has also	overflowed,
1280:Middlewares/Third_Party/FreeRTOS/Source/tasks.c **** 				and the wake time is greater than the tick time.  When this
1281:Middlewares/Third_Party/FreeRTOS/Source/tasks.c **** 				is the case it is as if neither time had overflowed. */
1282:Middlewares/Third_Party/FreeRTOS/Source/tasks.c **** 				if( ( xTimeToWake < *pxPreviousWakeTime ) && ( xTimeToWake > xConstTickCount ) )
1283:Middlewares/Third_Party/FreeRTOS/Source/tasks.c **** 				{
1284:Middlewares/Third_Party/FreeRTOS/Source/tasks.c **** 					xShouldDelay = pdTRUE;
1285:Middlewares/Third_Party/FreeRTOS/Source/tasks.c **** 				}
1286:Middlewares/Third_Party/FreeRTOS/Source/tasks.c **** 				else
ARM GAS  /tmp/ccoDOEnO.s 			page 24


1287:Middlewares/Third_Party/FreeRTOS/Source/tasks.c **** 				{
1288:Middlewares/Third_Party/FreeRTOS/Source/tasks.c **** 					mtCOVERAGE_TEST_MARKER();
1289:Middlewares/Third_Party/FreeRTOS/Source/tasks.c **** 				}
1290:Middlewares/Third_Party/FreeRTOS/Source/tasks.c **** 			}
1291:Middlewares/Third_Party/FreeRTOS/Source/tasks.c **** 			else
1292:Middlewares/Third_Party/FreeRTOS/Source/tasks.c **** 			{
1293:Middlewares/Third_Party/FreeRTOS/Source/tasks.c **** 				/* The tick time has not overflowed.  In this case we will
1294:Middlewares/Third_Party/FreeRTOS/Source/tasks.c **** 				delay if either the wake time has overflowed, and/or the
1295:Middlewares/Third_Party/FreeRTOS/Source/tasks.c **** 				tick time is less than the wake time. */
1296:Middlewares/Third_Party/FreeRTOS/Source/tasks.c **** 				if( ( xTimeToWake < *pxPreviousWakeTime ) || ( xTimeToWake > xConstTickCount ) )
1297:Middlewares/Third_Party/FreeRTOS/Source/tasks.c **** 				{
1298:Middlewares/Third_Party/FreeRTOS/Source/tasks.c **** 					xShouldDelay = pdTRUE;
1299:Middlewares/Third_Party/FreeRTOS/Source/tasks.c **** 				}
1300:Middlewares/Third_Party/FreeRTOS/Source/tasks.c **** 				else
1301:Middlewares/Third_Party/FreeRTOS/Source/tasks.c **** 				{
1302:Middlewares/Third_Party/FreeRTOS/Source/tasks.c **** 					mtCOVERAGE_TEST_MARKER();
1303:Middlewares/Third_Party/FreeRTOS/Source/tasks.c **** 				}
1304:Middlewares/Third_Party/FreeRTOS/Source/tasks.c **** 			}
1305:Middlewares/Third_Party/FreeRTOS/Source/tasks.c **** 
1306:Middlewares/Third_Party/FreeRTOS/Source/tasks.c **** 			/* Update the wake time ready for the next call. */
1307:Middlewares/Third_Party/FreeRTOS/Source/tasks.c **** 			*pxPreviousWakeTime = xTimeToWake;
1308:Middlewares/Third_Party/FreeRTOS/Source/tasks.c **** 
1309:Middlewares/Third_Party/FreeRTOS/Source/tasks.c **** 			if( xShouldDelay != pdFALSE )
1310:Middlewares/Third_Party/FreeRTOS/Source/tasks.c **** 			{
1311:Middlewares/Third_Party/FreeRTOS/Source/tasks.c **** 				traceTASK_DELAY_UNTIL( xTimeToWake );
1312:Middlewares/Third_Party/FreeRTOS/Source/tasks.c **** 
1313:Middlewares/Third_Party/FreeRTOS/Source/tasks.c **** 				/* prvAddCurrentTaskToDelayedList() needs the block time, not
1314:Middlewares/Third_Party/FreeRTOS/Source/tasks.c **** 				the time to wake, so subtract the current tick count. */
1315:Middlewares/Third_Party/FreeRTOS/Source/tasks.c **** 				prvAddCurrentTaskToDelayedList( xTimeToWake - xConstTickCount, pdFALSE );
1316:Middlewares/Third_Party/FreeRTOS/Source/tasks.c **** 			}
1317:Middlewares/Third_Party/FreeRTOS/Source/tasks.c **** 			else
1318:Middlewares/Third_Party/FreeRTOS/Source/tasks.c **** 			{
1319:Middlewares/Third_Party/FreeRTOS/Source/tasks.c **** 				mtCOVERAGE_TEST_MARKER();
1320:Middlewares/Third_Party/FreeRTOS/Source/tasks.c **** 			}
1321:Middlewares/Third_Party/FreeRTOS/Source/tasks.c **** 		}
1322:Middlewares/Third_Party/FreeRTOS/Source/tasks.c **** 		xAlreadyYielded = xTaskResumeAll();
1323:Middlewares/Third_Party/FreeRTOS/Source/tasks.c **** 
1324:Middlewares/Third_Party/FreeRTOS/Source/tasks.c **** 		/* Force a reschedule if xTaskResumeAll has not already done so, we may
1325:Middlewares/Third_Party/FreeRTOS/Source/tasks.c **** 		have put ourselves to sleep. */
1326:Middlewares/Third_Party/FreeRTOS/Source/tasks.c **** 		if( xAlreadyYielded == pdFALSE )
1327:Middlewares/Third_Party/FreeRTOS/Source/tasks.c **** 		{
1328:Middlewares/Third_Party/FreeRTOS/Source/tasks.c **** 			portYIELD_WITHIN_API();
1329:Middlewares/Third_Party/FreeRTOS/Source/tasks.c **** 		}
1330:Middlewares/Third_Party/FreeRTOS/Source/tasks.c **** 		else
1331:Middlewares/Third_Party/FreeRTOS/Source/tasks.c **** 		{
1332:Middlewares/Third_Party/FreeRTOS/Source/tasks.c **** 			mtCOVERAGE_TEST_MARKER();
1333:Middlewares/Third_Party/FreeRTOS/Source/tasks.c **** 		}
1334:Middlewares/Third_Party/FreeRTOS/Source/tasks.c **** 	}
1335:Middlewares/Third_Party/FreeRTOS/Source/tasks.c **** 
1336:Middlewares/Third_Party/FreeRTOS/Source/tasks.c **** #endif /* INCLUDE_vTaskDelayUntil */
1337:Middlewares/Third_Party/FreeRTOS/Source/tasks.c **** /*-----------------------------------------------------------*/
1338:Middlewares/Third_Party/FreeRTOS/Source/tasks.c **** 
1339:Middlewares/Third_Party/FreeRTOS/Source/tasks.c **** #if ( INCLUDE_vTaskDelay == 1 )
1340:Middlewares/Third_Party/FreeRTOS/Source/tasks.c **** 
1341:Middlewares/Third_Party/FreeRTOS/Source/tasks.c **** 	void vTaskDelay( const TickType_t xTicksToDelay )
1342:Middlewares/Third_Party/FreeRTOS/Source/tasks.c **** 	{
1343:Middlewares/Third_Party/FreeRTOS/Source/tasks.c **** 	BaseType_t xAlreadyYielded = pdFALSE;
ARM GAS  /tmp/ccoDOEnO.s 			page 25


1344:Middlewares/Third_Party/FreeRTOS/Source/tasks.c **** 
1345:Middlewares/Third_Party/FreeRTOS/Source/tasks.c **** 		/* A delay time of zero just forces a reschedule. */
1346:Middlewares/Third_Party/FreeRTOS/Source/tasks.c **** 		if( xTicksToDelay > ( TickType_t ) 0U )
1347:Middlewares/Third_Party/FreeRTOS/Source/tasks.c **** 		{
1348:Middlewares/Third_Party/FreeRTOS/Source/tasks.c **** 			configASSERT( uxSchedulerSuspended == 0 );
1349:Middlewares/Third_Party/FreeRTOS/Source/tasks.c **** 			vTaskSuspendAll();
1350:Middlewares/Third_Party/FreeRTOS/Source/tasks.c **** 			{
1351:Middlewares/Third_Party/FreeRTOS/Source/tasks.c **** 				traceTASK_DELAY();
1352:Middlewares/Third_Party/FreeRTOS/Source/tasks.c **** 
1353:Middlewares/Third_Party/FreeRTOS/Source/tasks.c **** 				/* A task that is removed from the event list while the
1354:Middlewares/Third_Party/FreeRTOS/Source/tasks.c **** 				scheduler is suspended will not get placed in the ready
1355:Middlewares/Third_Party/FreeRTOS/Source/tasks.c **** 				list or removed from the blocked list until the scheduler
1356:Middlewares/Third_Party/FreeRTOS/Source/tasks.c **** 				is resumed.
1357:Middlewares/Third_Party/FreeRTOS/Source/tasks.c **** 
1358:Middlewares/Third_Party/FreeRTOS/Source/tasks.c **** 				This task cannot be in an event list as it is the currently
1359:Middlewares/Third_Party/FreeRTOS/Source/tasks.c **** 				executing task. */
1360:Middlewares/Third_Party/FreeRTOS/Source/tasks.c **** 				prvAddCurrentTaskToDelayedList( xTicksToDelay, pdFALSE );
1361:Middlewares/Third_Party/FreeRTOS/Source/tasks.c **** 			}
1362:Middlewares/Third_Party/FreeRTOS/Source/tasks.c **** 			xAlreadyYielded = xTaskResumeAll();
1363:Middlewares/Third_Party/FreeRTOS/Source/tasks.c **** 		}
1364:Middlewares/Third_Party/FreeRTOS/Source/tasks.c **** 		else
1365:Middlewares/Third_Party/FreeRTOS/Source/tasks.c **** 		{
1366:Middlewares/Third_Party/FreeRTOS/Source/tasks.c **** 			mtCOVERAGE_TEST_MARKER();
1367:Middlewares/Third_Party/FreeRTOS/Source/tasks.c **** 		}
1368:Middlewares/Third_Party/FreeRTOS/Source/tasks.c **** 
1369:Middlewares/Third_Party/FreeRTOS/Source/tasks.c **** 		/* Force a reschedule if xTaskResumeAll has not already done so, we may
1370:Middlewares/Third_Party/FreeRTOS/Source/tasks.c **** 		have put ourselves to sleep. */
1371:Middlewares/Third_Party/FreeRTOS/Source/tasks.c **** 		if( xAlreadyYielded == pdFALSE )
1372:Middlewares/Third_Party/FreeRTOS/Source/tasks.c **** 		{
1373:Middlewares/Third_Party/FreeRTOS/Source/tasks.c **** 			portYIELD_WITHIN_API();
1374:Middlewares/Third_Party/FreeRTOS/Source/tasks.c **** 		}
1375:Middlewares/Third_Party/FreeRTOS/Source/tasks.c **** 		else
1376:Middlewares/Third_Party/FreeRTOS/Source/tasks.c **** 		{
1377:Middlewares/Third_Party/FreeRTOS/Source/tasks.c **** 			mtCOVERAGE_TEST_MARKER();
1378:Middlewares/Third_Party/FreeRTOS/Source/tasks.c **** 		}
1379:Middlewares/Third_Party/FreeRTOS/Source/tasks.c **** 	}
1380:Middlewares/Third_Party/FreeRTOS/Source/tasks.c **** 
1381:Middlewares/Third_Party/FreeRTOS/Source/tasks.c **** #endif /* INCLUDE_vTaskDelay */
1382:Middlewares/Third_Party/FreeRTOS/Source/tasks.c **** /*-----------------------------------------------------------*/
1383:Middlewares/Third_Party/FreeRTOS/Source/tasks.c **** 
1384:Middlewares/Third_Party/FreeRTOS/Source/tasks.c **** #if( ( INCLUDE_eTaskGetState == 1 ) || ( configUSE_TRACE_FACILITY == 1 ) || ( INCLUDE_xTaskAbortDel
1385:Middlewares/Third_Party/FreeRTOS/Source/tasks.c **** 
1386:Middlewares/Third_Party/FreeRTOS/Source/tasks.c **** 	eTaskState eTaskGetState( TaskHandle_t xTask )
1387:Middlewares/Third_Party/FreeRTOS/Source/tasks.c **** 	{
1388:Middlewares/Third_Party/FreeRTOS/Source/tasks.c **** 	eTaskState eReturn;
1389:Middlewares/Third_Party/FreeRTOS/Source/tasks.c **** 	List_t const * pxStateList, *pxDelayedList, *pxOverflowedDelayedList;
1390:Middlewares/Third_Party/FreeRTOS/Source/tasks.c **** 	const TCB_t * const pxTCB = xTask;
1391:Middlewares/Third_Party/FreeRTOS/Source/tasks.c **** 
1392:Middlewares/Third_Party/FreeRTOS/Source/tasks.c **** 		configASSERT( pxTCB );
1393:Middlewares/Third_Party/FreeRTOS/Source/tasks.c **** 
1394:Middlewares/Third_Party/FreeRTOS/Source/tasks.c **** 		if( pxTCB == pxCurrentTCB )
1395:Middlewares/Third_Party/FreeRTOS/Source/tasks.c **** 		{
1396:Middlewares/Third_Party/FreeRTOS/Source/tasks.c **** 			/* The task calling this function is querying its own state. */
1397:Middlewares/Third_Party/FreeRTOS/Source/tasks.c **** 			eReturn = eRunning;
1398:Middlewares/Third_Party/FreeRTOS/Source/tasks.c **** 		}
1399:Middlewares/Third_Party/FreeRTOS/Source/tasks.c **** 		else
1400:Middlewares/Third_Party/FreeRTOS/Source/tasks.c **** 		{
ARM GAS  /tmp/ccoDOEnO.s 			page 26


1401:Middlewares/Third_Party/FreeRTOS/Source/tasks.c **** 			taskENTER_CRITICAL();
1402:Middlewares/Third_Party/FreeRTOS/Source/tasks.c **** 			{
1403:Middlewares/Third_Party/FreeRTOS/Source/tasks.c **** 				pxStateList = listLIST_ITEM_CONTAINER( &( pxTCB->xStateListItem ) );
1404:Middlewares/Third_Party/FreeRTOS/Source/tasks.c **** 				pxDelayedList = pxDelayedTaskList;
1405:Middlewares/Third_Party/FreeRTOS/Source/tasks.c **** 				pxOverflowedDelayedList = pxOverflowDelayedTaskList;
1406:Middlewares/Third_Party/FreeRTOS/Source/tasks.c **** 			}
1407:Middlewares/Third_Party/FreeRTOS/Source/tasks.c **** 			taskEXIT_CRITICAL();
1408:Middlewares/Third_Party/FreeRTOS/Source/tasks.c **** 
1409:Middlewares/Third_Party/FreeRTOS/Source/tasks.c **** 			if( ( pxStateList == pxDelayedList ) || ( pxStateList == pxOverflowedDelayedList ) )
1410:Middlewares/Third_Party/FreeRTOS/Source/tasks.c **** 			{
1411:Middlewares/Third_Party/FreeRTOS/Source/tasks.c **** 				/* The task being queried is referenced from one of the Blocked
1412:Middlewares/Third_Party/FreeRTOS/Source/tasks.c **** 				lists. */
1413:Middlewares/Third_Party/FreeRTOS/Source/tasks.c **** 				eReturn = eBlocked;
1414:Middlewares/Third_Party/FreeRTOS/Source/tasks.c **** 			}
1415:Middlewares/Third_Party/FreeRTOS/Source/tasks.c **** 
1416:Middlewares/Third_Party/FreeRTOS/Source/tasks.c **** 			#if ( INCLUDE_vTaskSuspend == 1 )
1417:Middlewares/Third_Party/FreeRTOS/Source/tasks.c **** 				else if( pxStateList == &xSuspendedTaskList )
1418:Middlewares/Third_Party/FreeRTOS/Source/tasks.c **** 				{
1419:Middlewares/Third_Party/FreeRTOS/Source/tasks.c **** 					/* The task being queried is referenced from the suspended
1420:Middlewares/Third_Party/FreeRTOS/Source/tasks.c **** 					list.  Is it genuinely suspended or is it blocked
1421:Middlewares/Third_Party/FreeRTOS/Source/tasks.c **** 					indefinitely? */
1422:Middlewares/Third_Party/FreeRTOS/Source/tasks.c **** 					if( listLIST_ITEM_CONTAINER( &( pxTCB->xEventListItem ) ) == NULL )
1423:Middlewares/Third_Party/FreeRTOS/Source/tasks.c **** 					{
1424:Middlewares/Third_Party/FreeRTOS/Source/tasks.c **** 						#if( configUSE_TASK_NOTIFICATIONS == 1 )
1425:Middlewares/Third_Party/FreeRTOS/Source/tasks.c **** 						{
1426:Middlewares/Third_Party/FreeRTOS/Source/tasks.c **** 							/* The task does not appear on the event list item of
1427:Middlewares/Third_Party/FreeRTOS/Source/tasks.c **** 							and of the RTOS objects, but could still be in the
1428:Middlewares/Third_Party/FreeRTOS/Source/tasks.c **** 							blocked state if it is waiting on its notification
1429:Middlewares/Third_Party/FreeRTOS/Source/tasks.c **** 							rather than waiting on an object. */
1430:Middlewares/Third_Party/FreeRTOS/Source/tasks.c **** 							if( pxTCB->ucNotifyState == taskWAITING_NOTIFICATION )
1431:Middlewares/Third_Party/FreeRTOS/Source/tasks.c **** 							{
1432:Middlewares/Third_Party/FreeRTOS/Source/tasks.c **** 								eReturn = eBlocked;
1433:Middlewares/Third_Party/FreeRTOS/Source/tasks.c **** 							}
1434:Middlewares/Third_Party/FreeRTOS/Source/tasks.c **** 							else
1435:Middlewares/Third_Party/FreeRTOS/Source/tasks.c **** 							{
1436:Middlewares/Third_Party/FreeRTOS/Source/tasks.c **** 								eReturn = eSuspended;
1437:Middlewares/Third_Party/FreeRTOS/Source/tasks.c **** 							}
1438:Middlewares/Third_Party/FreeRTOS/Source/tasks.c **** 						}
1439:Middlewares/Third_Party/FreeRTOS/Source/tasks.c **** 						#else
1440:Middlewares/Third_Party/FreeRTOS/Source/tasks.c **** 						{
1441:Middlewares/Third_Party/FreeRTOS/Source/tasks.c **** 							eReturn = eSuspended;
1442:Middlewares/Third_Party/FreeRTOS/Source/tasks.c **** 						}
1443:Middlewares/Third_Party/FreeRTOS/Source/tasks.c **** 						#endif
1444:Middlewares/Third_Party/FreeRTOS/Source/tasks.c **** 					}
1445:Middlewares/Third_Party/FreeRTOS/Source/tasks.c **** 					else
1446:Middlewares/Third_Party/FreeRTOS/Source/tasks.c **** 					{
1447:Middlewares/Third_Party/FreeRTOS/Source/tasks.c **** 						eReturn = eBlocked;
1448:Middlewares/Third_Party/FreeRTOS/Source/tasks.c **** 					}
1449:Middlewares/Third_Party/FreeRTOS/Source/tasks.c **** 				}
1450:Middlewares/Third_Party/FreeRTOS/Source/tasks.c **** 			#endif
1451:Middlewares/Third_Party/FreeRTOS/Source/tasks.c **** 
1452:Middlewares/Third_Party/FreeRTOS/Source/tasks.c **** 			#if ( INCLUDE_vTaskDelete == 1 )
1453:Middlewares/Third_Party/FreeRTOS/Source/tasks.c **** 				else if( ( pxStateList == &xTasksWaitingTermination ) || ( pxStateList == NULL ) )
1454:Middlewares/Third_Party/FreeRTOS/Source/tasks.c **** 				{
1455:Middlewares/Third_Party/FreeRTOS/Source/tasks.c **** 					/* The task being queried is referenced from the deleted
1456:Middlewares/Third_Party/FreeRTOS/Source/tasks.c **** 					tasks list, or it is not referenced from any lists at
1457:Middlewares/Third_Party/FreeRTOS/Source/tasks.c **** 					all. */
ARM GAS  /tmp/ccoDOEnO.s 			page 27


1458:Middlewares/Third_Party/FreeRTOS/Source/tasks.c **** 					eReturn = eDeleted;
1459:Middlewares/Third_Party/FreeRTOS/Source/tasks.c **** 				}
1460:Middlewares/Third_Party/FreeRTOS/Source/tasks.c **** 			#endif
1461:Middlewares/Third_Party/FreeRTOS/Source/tasks.c **** 
1462:Middlewares/Third_Party/FreeRTOS/Source/tasks.c **** 			else /*lint !e525 Negative indentation is intended to make use of pre-processor clearer. */
1463:Middlewares/Third_Party/FreeRTOS/Source/tasks.c **** 			{
1464:Middlewares/Third_Party/FreeRTOS/Source/tasks.c **** 				/* If the task is not in any other state, it must be in the
1465:Middlewares/Third_Party/FreeRTOS/Source/tasks.c **** 				Ready (including pending ready) state. */
1466:Middlewares/Third_Party/FreeRTOS/Source/tasks.c **** 				eReturn = eReady;
1467:Middlewares/Third_Party/FreeRTOS/Source/tasks.c **** 			}
1468:Middlewares/Third_Party/FreeRTOS/Source/tasks.c **** 		}
1469:Middlewares/Third_Party/FreeRTOS/Source/tasks.c **** 
1470:Middlewares/Third_Party/FreeRTOS/Source/tasks.c **** 		return eReturn;
1471:Middlewares/Third_Party/FreeRTOS/Source/tasks.c **** 	} /*lint !e818 xTask cannot be a pointer to const because it is a typedef. */
1472:Middlewares/Third_Party/FreeRTOS/Source/tasks.c **** 
1473:Middlewares/Third_Party/FreeRTOS/Source/tasks.c **** #endif /* INCLUDE_eTaskGetState */
1474:Middlewares/Third_Party/FreeRTOS/Source/tasks.c **** /*-----------------------------------------------------------*/
1475:Middlewares/Third_Party/FreeRTOS/Source/tasks.c **** 
1476:Middlewares/Third_Party/FreeRTOS/Source/tasks.c **** #if ( INCLUDE_uxTaskPriorityGet == 1 )
1477:Middlewares/Third_Party/FreeRTOS/Source/tasks.c **** 
1478:Middlewares/Third_Party/FreeRTOS/Source/tasks.c **** 	UBaseType_t uxTaskPriorityGet( const TaskHandle_t xTask )
1479:Middlewares/Third_Party/FreeRTOS/Source/tasks.c **** 	{
1480:Middlewares/Third_Party/FreeRTOS/Source/tasks.c **** 	TCB_t const *pxTCB;
1481:Middlewares/Third_Party/FreeRTOS/Source/tasks.c **** 	UBaseType_t uxReturn;
1482:Middlewares/Third_Party/FreeRTOS/Source/tasks.c **** 
1483:Middlewares/Third_Party/FreeRTOS/Source/tasks.c **** 		taskENTER_CRITICAL();
1484:Middlewares/Third_Party/FreeRTOS/Source/tasks.c **** 		{
1485:Middlewares/Third_Party/FreeRTOS/Source/tasks.c **** 			/* If null is passed in here then it is the priority of the task
1486:Middlewares/Third_Party/FreeRTOS/Source/tasks.c **** 			that called uxTaskPriorityGet() that is being queried. */
1487:Middlewares/Third_Party/FreeRTOS/Source/tasks.c **** 			pxTCB = prvGetTCBFromHandle( xTask );
1488:Middlewares/Third_Party/FreeRTOS/Source/tasks.c **** 			uxReturn = pxTCB->uxPriority;
1489:Middlewares/Third_Party/FreeRTOS/Source/tasks.c **** 		}
1490:Middlewares/Third_Party/FreeRTOS/Source/tasks.c **** 		taskEXIT_CRITICAL();
1491:Middlewares/Third_Party/FreeRTOS/Source/tasks.c **** 
1492:Middlewares/Third_Party/FreeRTOS/Source/tasks.c **** 		return uxReturn;
1493:Middlewares/Third_Party/FreeRTOS/Source/tasks.c **** 	}
1494:Middlewares/Third_Party/FreeRTOS/Source/tasks.c **** 
1495:Middlewares/Third_Party/FreeRTOS/Source/tasks.c **** #endif /* INCLUDE_uxTaskPriorityGet */
1496:Middlewares/Third_Party/FreeRTOS/Source/tasks.c **** /*-----------------------------------------------------------*/
1497:Middlewares/Third_Party/FreeRTOS/Source/tasks.c **** 
1498:Middlewares/Third_Party/FreeRTOS/Source/tasks.c **** #if ( INCLUDE_uxTaskPriorityGet == 1 )
1499:Middlewares/Third_Party/FreeRTOS/Source/tasks.c **** 
1500:Middlewares/Third_Party/FreeRTOS/Source/tasks.c **** 	UBaseType_t uxTaskPriorityGetFromISR( const TaskHandle_t xTask )
1501:Middlewares/Third_Party/FreeRTOS/Source/tasks.c **** 	{
1502:Middlewares/Third_Party/FreeRTOS/Source/tasks.c **** 	TCB_t const *pxTCB;
1503:Middlewares/Third_Party/FreeRTOS/Source/tasks.c **** 	UBaseType_t uxReturn, uxSavedInterruptState;
1504:Middlewares/Third_Party/FreeRTOS/Source/tasks.c **** 
1505:Middlewares/Third_Party/FreeRTOS/Source/tasks.c **** 		/* RTOS ports that support interrupt nesting have the concept of a
1506:Middlewares/Third_Party/FreeRTOS/Source/tasks.c **** 		maximum	system call (or maximum API call) interrupt priority.
1507:Middlewares/Third_Party/FreeRTOS/Source/tasks.c **** 		Interrupts that are	above the maximum system call priority are keep
1508:Middlewares/Third_Party/FreeRTOS/Source/tasks.c **** 		permanently enabled, even when the RTOS kernel is in a critical section,
1509:Middlewares/Third_Party/FreeRTOS/Source/tasks.c **** 		but cannot make any calls to FreeRTOS API functions.  If configASSERT()
1510:Middlewares/Third_Party/FreeRTOS/Source/tasks.c **** 		is defined in FreeRTOSConfig.h then
1511:Middlewares/Third_Party/FreeRTOS/Source/tasks.c **** 		portASSERT_IF_INTERRUPT_PRIORITY_INVALID() will result in an assertion
1512:Middlewares/Third_Party/FreeRTOS/Source/tasks.c **** 		failure if a FreeRTOS API function is called from an interrupt that has
1513:Middlewares/Third_Party/FreeRTOS/Source/tasks.c **** 		been assigned a priority above the configured maximum system call
1514:Middlewares/Third_Party/FreeRTOS/Source/tasks.c **** 		priority.  Only FreeRTOS functions that end in FromISR can be called
ARM GAS  /tmp/ccoDOEnO.s 			page 28


1515:Middlewares/Third_Party/FreeRTOS/Source/tasks.c **** 		from interrupts	that have been assigned a priority at or (logically)
1516:Middlewares/Third_Party/FreeRTOS/Source/tasks.c **** 		below the maximum system call interrupt priority.  FreeRTOS maintains a
1517:Middlewares/Third_Party/FreeRTOS/Source/tasks.c **** 		separate interrupt safe API to ensure interrupt entry is as fast and as
1518:Middlewares/Third_Party/FreeRTOS/Source/tasks.c **** 		simple as possible.  More information (albeit Cortex-M specific) is
1519:Middlewares/Third_Party/FreeRTOS/Source/tasks.c **** 		provided on the following link:
1520:Middlewares/Third_Party/FreeRTOS/Source/tasks.c **** 		https://www.freertos.org/RTOS-Cortex-M3-M4.html */
1521:Middlewares/Third_Party/FreeRTOS/Source/tasks.c **** 		portASSERT_IF_INTERRUPT_PRIORITY_INVALID();
1522:Middlewares/Third_Party/FreeRTOS/Source/tasks.c **** 
1523:Middlewares/Third_Party/FreeRTOS/Source/tasks.c **** 		uxSavedInterruptState = portSET_INTERRUPT_MASK_FROM_ISR();
1524:Middlewares/Third_Party/FreeRTOS/Source/tasks.c **** 		{
1525:Middlewares/Third_Party/FreeRTOS/Source/tasks.c **** 			/* If null is passed in here then it is the priority of the calling
1526:Middlewares/Third_Party/FreeRTOS/Source/tasks.c **** 			task that is being queried. */
1527:Middlewares/Third_Party/FreeRTOS/Source/tasks.c **** 			pxTCB = prvGetTCBFromHandle( xTask );
1528:Middlewares/Third_Party/FreeRTOS/Source/tasks.c **** 			uxReturn = pxTCB->uxPriority;
1529:Middlewares/Third_Party/FreeRTOS/Source/tasks.c **** 		}
1530:Middlewares/Third_Party/FreeRTOS/Source/tasks.c **** 		portCLEAR_INTERRUPT_MASK_FROM_ISR( uxSavedInterruptState );
1531:Middlewares/Third_Party/FreeRTOS/Source/tasks.c **** 
1532:Middlewares/Third_Party/FreeRTOS/Source/tasks.c **** 		return uxReturn;
1533:Middlewares/Third_Party/FreeRTOS/Source/tasks.c **** 	}
1534:Middlewares/Third_Party/FreeRTOS/Source/tasks.c **** 
1535:Middlewares/Third_Party/FreeRTOS/Source/tasks.c **** #endif /* INCLUDE_uxTaskPriorityGet */
1536:Middlewares/Third_Party/FreeRTOS/Source/tasks.c **** /*-----------------------------------------------------------*/
1537:Middlewares/Third_Party/FreeRTOS/Source/tasks.c **** 
1538:Middlewares/Third_Party/FreeRTOS/Source/tasks.c **** #if ( INCLUDE_vTaskPrioritySet == 1 )
1539:Middlewares/Third_Party/FreeRTOS/Source/tasks.c **** 
1540:Middlewares/Third_Party/FreeRTOS/Source/tasks.c **** 	void vTaskPrioritySet( TaskHandle_t xTask, UBaseType_t uxNewPriority )
1541:Middlewares/Third_Party/FreeRTOS/Source/tasks.c **** 	{
1542:Middlewares/Third_Party/FreeRTOS/Source/tasks.c **** 	TCB_t *pxTCB;
1543:Middlewares/Third_Party/FreeRTOS/Source/tasks.c **** 	UBaseType_t uxCurrentBasePriority, uxPriorityUsedOnEntry;
1544:Middlewares/Third_Party/FreeRTOS/Source/tasks.c **** 	BaseType_t xYieldRequired = pdFALSE;
1545:Middlewares/Third_Party/FreeRTOS/Source/tasks.c **** 
1546:Middlewares/Third_Party/FreeRTOS/Source/tasks.c **** 		configASSERT( ( uxNewPriority < configMAX_PRIORITIES ) );
1547:Middlewares/Third_Party/FreeRTOS/Source/tasks.c **** 
1548:Middlewares/Third_Party/FreeRTOS/Source/tasks.c **** 		/* Ensure the new priority is valid. */
1549:Middlewares/Third_Party/FreeRTOS/Source/tasks.c **** 		if( uxNewPriority >= ( UBaseType_t ) configMAX_PRIORITIES )
1550:Middlewares/Third_Party/FreeRTOS/Source/tasks.c **** 		{
1551:Middlewares/Third_Party/FreeRTOS/Source/tasks.c **** 			uxNewPriority = ( UBaseType_t ) configMAX_PRIORITIES - ( UBaseType_t ) 1U;
1552:Middlewares/Third_Party/FreeRTOS/Source/tasks.c **** 		}
1553:Middlewares/Third_Party/FreeRTOS/Source/tasks.c **** 		else
1554:Middlewares/Third_Party/FreeRTOS/Source/tasks.c **** 		{
1555:Middlewares/Third_Party/FreeRTOS/Source/tasks.c **** 			mtCOVERAGE_TEST_MARKER();
1556:Middlewares/Third_Party/FreeRTOS/Source/tasks.c **** 		}
1557:Middlewares/Third_Party/FreeRTOS/Source/tasks.c **** 
1558:Middlewares/Third_Party/FreeRTOS/Source/tasks.c **** 		taskENTER_CRITICAL();
1559:Middlewares/Third_Party/FreeRTOS/Source/tasks.c **** 		{
1560:Middlewares/Third_Party/FreeRTOS/Source/tasks.c **** 			/* If null is passed in here then it is the priority of the calling
1561:Middlewares/Third_Party/FreeRTOS/Source/tasks.c **** 			task that is being changed. */
1562:Middlewares/Third_Party/FreeRTOS/Source/tasks.c **** 			pxTCB = prvGetTCBFromHandle( xTask );
1563:Middlewares/Third_Party/FreeRTOS/Source/tasks.c **** 
1564:Middlewares/Third_Party/FreeRTOS/Source/tasks.c **** 			traceTASK_PRIORITY_SET( pxTCB, uxNewPriority );
1565:Middlewares/Third_Party/FreeRTOS/Source/tasks.c **** 
1566:Middlewares/Third_Party/FreeRTOS/Source/tasks.c **** 			#if ( configUSE_MUTEXES == 1 )
1567:Middlewares/Third_Party/FreeRTOS/Source/tasks.c **** 			{
1568:Middlewares/Third_Party/FreeRTOS/Source/tasks.c **** 				uxCurrentBasePriority = pxTCB->uxBasePriority;
1569:Middlewares/Third_Party/FreeRTOS/Source/tasks.c **** 			}
1570:Middlewares/Third_Party/FreeRTOS/Source/tasks.c **** 			#else
1571:Middlewares/Third_Party/FreeRTOS/Source/tasks.c **** 			{
ARM GAS  /tmp/ccoDOEnO.s 			page 29


1572:Middlewares/Third_Party/FreeRTOS/Source/tasks.c **** 				uxCurrentBasePriority = pxTCB->uxPriority;
1573:Middlewares/Third_Party/FreeRTOS/Source/tasks.c **** 			}
1574:Middlewares/Third_Party/FreeRTOS/Source/tasks.c **** 			#endif
1575:Middlewares/Third_Party/FreeRTOS/Source/tasks.c **** 
1576:Middlewares/Third_Party/FreeRTOS/Source/tasks.c **** 			if( uxCurrentBasePriority != uxNewPriority )
1577:Middlewares/Third_Party/FreeRTOS/Source/tasks.c **** 			{
1578:Middlewares/Third_Party/FreeRTOS/Source/tasks.c **** 				/* The priority change may have readied a task of higher
1579:Middlewares/Third_Party/FreeRTOS/Source/tasks.c **** 				priority than the calling task. */
1580:Middlewares/Third_Party/FreeRTOS/Source/tasks.c **** 				if( uxNewPriority > uxCurrentBasePriority )
1581:Middlewares/Third_Party/FreeRTOS/Source/tasks.c **** 				{
1582:Middlewares/Third_Party/FreeRTOS/Source/tasks.c **** 					if( pxTCB != pxCurrentTCB )
1583:Middlewares/Third_Party/FreeRTOS/Source/tasks.c **** 					{
1584:Middlewares/Third_Party/FreeRTOS/Source/tasks.c **** 						/* The priority of a task other than the currently
1585:Middlewares/Third_Party/FreeRTOS/Source/tasks.c **** 						running task is being raised.  Is the priority being
1586:Middlewares/Third_Party/FreeRTOS/Source/tasks.c **** 						raised above that of the running task? */
1587:Middlewares/Third_Party/FreeRTOS/Source/tasks.c **** 						if( uxNewPriority >= pxCurrentTCB->uxPriority )
1588:Middlewares/Third_Party/FreeRTOS/Source/tasks.c **** 						{
1589:Middlewares/Third_Party/FreeRTOS/Source/tasks.c **** 							xYieldRequired = pdTRUE;
1590:Middlewares/Third_Party/FreeRTOS/Source/tasks.c **** 						}
1591:Middlewares/Third_Party/FreeRTOS/Source/tasks.c **** 						else
1592:Middlewares/Third_Party/FreeRTOS/Source/tasks.c **** 						{
1593:Middlewares/Third_Party/FreeRTOS/Source/tasks.c **** 							mtCOVERAGE_TEST_MARKER();
1594:Middlewares/Third_Party/FreeRTOS/Source/tasks.c **** 						}
1595:Middlewares/Third_Party/FreeRTOS/Source/tasks.c **** 					}
1596:Middlewares/Third_Party/FreeRTOS/Source/tasks.c **** 					else
1597:Middlewares/Third_Party/FreeRTOS/Source/tasks.c **** 					{
1598:Middlewares/Third_Party/FreeRTOS/Source/tasks.c **** 						/* The priority of the running task is being raised,
1599:Middlewares/Third_Party/FreeRTOS/Source/tasks.c **** 						but the running task must already be the highest
1600:Middlewares/Third_Party/FreeRTOS/Source/tasks.c **** 						priority task able to run so no yield is required. */
1601:Middlewares/Third_Party/FreeRTOS/Source/tasks.c **** 					}
1602:Middlewares/Third_Party/FreeRTOS/Source/tasks.c **** 				}
1603:Middlewares/Third_Party/FreeRTOS/Source/tasks.c **** 				else if( pxTCB == pxCurrentTCB )
1604:Middlewares/Third_Party/FreeRTOS/Source/tasks.c **** 				{
1605:Middlewares/Third_Party/FreeRTOS/Source/tasks.c **** 					/* Setting the priority of the running task down means
1606:Middlewares/Third_Party/FreeRTOS/Source/tasks.c **** 					there may now be another task of higher priority that
1607:Middlewares/Third_Party/FreeRTOS/Source/tasks.c **** 					is ready to execute. */
1608:Middlewares/Third_Party/FreeRTOS/Source/tasks.c **** 					xYieldRequired = pdTRUE;
1609:Middlewares/Third_Party/FreeRTOS/Source/tasks.c **** 				}
1610:Middlewares/Third_Party/FreeRTOS/Source/tasks.c **** 				else
1611:Middlewares/Third_Party/FreeRTOS/Source/tasks.c **** 				{
1612:Middlewares/Third_Party/FreeRTOS/Source/tasks.c **** 					/* Setting the priority of any other task down does not
1613:Middlewares/Third_Party/FreeRTOS/Source/tasks.c **** 					require a yield as the running task must be above the
1614:Middlewares/Third_Party/FreeRTOS/Source/tasks.c **** 					new priority of the task being modified. */
1615:Middlewares/Third_Party/FreeRTOS/Source/tasks.c **** 				}
1616:Middlewares/Third_Party/FreeRTOS/Source/tasks.c **** 
1617:Middlewares/Third_Party/FreeRTOS/Source/tasks.c **** 				/* Remember the ready list the task might be referenced from
1618:Middlewares/Third_Party/FreeRTOS/Source/tasks.c **** 				before its uxPriority member is changed so the
1619:Middlewares/Third_Party/FreeRTOS/Source/tasks.c **** 				taskRESET_READY_PRIORITY() macro can function correctly. */
1620:Middlewares/Third_Party/FreeRTOS/Source/tasks.c **** 				uxPriorityUsedOnEntry = pxTCB->uxPriority;
1621:Middlewares/Third_Party/FreeRTOS/Source/tasks.c **** 
1622:Middlewares/Third_Party/FreeRTOS/Source/tasks.c **** 				#if ( configUSE_MUTEXES == 1 )
1623:Middlewares/Third_Party/FreeRTOS/Source/tasks.c **** 				{
1624:Middlewares/Third_Party/FreeRTOS/Source/tasks.c **** 					/* Only change the priority being used if the task is not
1625:Middlewares/Third_Party/FreeRTOS/Source/tasks.c **** 					currently using an inherited priority. */
1626:Middlewares/Third_Party/FreeRTOS/Source/tasks.c **** 					if( pxTCB->uxBasePriority == pxTCB->uxPriority )
1627:Middlewares/Third_Party/FreeRTOS/Source/tasks.c **** 					{
1628:Middlewares/Third_Party/FreeRTOS/Source/tasks.c **** 						pxTCB->uxPriority = uxNewPriority;
ARM GAS  /tmp/ccoDOEnO.s 			page 30


1629:Middlewares/Third_Party/FreeRTOS/Source/tasks.c **** 					}
1630:Middlewares/Third_Party/FreeRTOS/Source/tasks.c **** 					else
1631:Middlewares/Third_Party/FreeRTOS/Source/tasks.c **** 					{
1632:Middlewares/Third_Party/FreeRTOS/Source/tasks.c **** 						mtCOVERAGE_TEST_MARKER();
1633:Middlewares/Third_Party/FreeRTOS/Source/tasks.c **** 					}
1634:Middlewares/Third_Party/FreeRTOS/Source/tasks.c **** 
1635:Middlewares/Third_Party/FreeRTOS/Source/tasks.c **** 					/* The base priority gets set whatever. */
1636:Middlewares/Third_Party/FreeRTOS/Source/tasks.c **** 					pxTCB->uxBasePriority = uxNewPriority;
1637:Middlewares/Third_Party/FreeRTOS/Source/tasks.c **** 				}
1638:Middlewares/Third_Party/FreeRTOS/Source/tasks.c **** 				#else
1639:Middlewares/Third_Party/FreeRTOS/Source/tasks.c **** 				{
1640:Middlewares/Third_Party/FreeRTOS/Source/tasks.c **** 					pxTCB->uxPriority = uxNewPriority;
1641:Middlewares/Third_Party/FreeRTOS/Source/tasks.c **** 				}
1642:Middlewares/Third_Party/FreeRTOS/Source/tasks.c **** 				#endif
1643:Middlewares/Third_Party/FreeRTOS/Source/tasks.c **** 
1644:Middlewares/Third_Party/FreeRTOS/Source/tasks.c **** 				/* Only reset the event list item value if the value is not
1645:Middlewares/Third_Party/FreeRTOS/Source/tasks.c **** 				being used for anything else. */
1646:Middlewares/Third_Party/FreeRTOS/Source/tasks.c **** 				if( ( listGET_LIST_ITEM_VALUE( &( pxTCB->xEventListItem ) ) & taskEVENT_LIST_ITEM_VALUE_IN_USE 
1647:Middlewares/Third_Party/FreeRTOS/Source/tasks.c **** 				{
1648:Middlewares/Third_Party/FreeRTOS/Source/tasks.c **** 					listSET_LIST_ITEM_VALUE( &( pxTCB->xEventListItem ), ( ( TickType_t ) configMAX_PRIORITIES - (
1649:Middlewares/Third_Party/FreeRTOS/Source/tasks.c **** 				}
1650:Middlewares/Third_Party/FreeRTOS/Source/tasks.c **** 				else
1651:Middlewares/Third_Party/FreeRTOS/Source/tasks.c **** 				{
1652:Middlewares/Third_Party/FreeRTOS/Source/tasks.c **** 					mtCOVERAGE_TEST_MARKER();
1653:Middlewares/Third_Party/FreeRTOS/Source/tasks.c **** 				}
1654:Middlewares/Third_Party/FreeRTOS/Source/tasks.c **** 
1655:Middlewares/Third_Party/FreeRTOS/Source/tasks.c **** 				/* If the task is in the blocked or suspended list we need do
1656:Middlewares/Third_Party/FreeRTOS/Source/tasks.c **** 				nothing more than change its priority variable. However, if
1657:Middlewares/Third_Party/FreeRTOS/Source/tasks.c **** 				the task is in a ready list it needs to be removed and placed
1658:Middlewares/Third_Party/FreeRTOS/Source/tasks.c **** 				in the list appropriate to its new priority. */
1659:Middlewares/Third_Party/FreeRTOS/Source/tasks.c **** 				if( listIS_CONTAINED_WITHIN( &( pxReadyTasksLists[ uxPriorityUsedOnEntry ] ), &( pxTCB->xStateL
1660:Middlewares/Third_Party/FreeRTOS/Source/tasks.c **** 				{
1661:Middlewares/Third_Party/FreeRTOS/Source/tasks.c **** 					/* The task is currently in its ready list - remove before
1662:Middlewares/Third_Party/FreeRTOS/Source/tasks.c **** 					adding it to it's new ready list.  As we are in a critical
1663:Middlewares/Third_Party/FreeRTOS/Source/tasks.c **** 					section we can do this even if the scheduler is suspended. */
1664:Middlewares/Third_Party/FreeRTOS/Source/tasks.c **** 					if( uxListRemove( &( pxTCB->xStateListItem ) ) == ( UBaseType_t ) 0 )
1665:Middlewares/Third_Party/FreeRTOS/Source/tasks.c **** 					{
1666:Middlewares/Third_Party/FreeRTOS/Source/tasks.c **** 						/* It is known that the task is in its ready list so
1667:Middlewares/Third_Party/FreeRTOS/Source/tasks.c **** 						there is no need to check again and the port level
1668:Middlewares/Third_Party/FreeRTOS/Source/tasks.c **** 						reset macro can be called directly. */
1669:Middlewares/Third_Party/FreeRTOS/Source/tasks.c **** 						portRESET_READY_PRIORITY( uxPriorityUsedOnEntry, uxTopReadyPriority );
1670:Middlewares/Third_Party/FreeRTOS/Source/tasks.c **** 					}
1671:Middlewares/Third_Party/FreeRTOS/Source/tasks.c **** 					else
1672:Middlewares/Third_Party/FreeRTOS/Source/tasks.c **** 					{
1673:Middlewares/Third_Party/FreeRTOS/Source/tasks.c **** 						mtCOVERAGE_TEST_MARKER();
1674:Middlewares/Third_Party/FreeRTOS/Source/tasks.c **** 					}
1675:Middlewares/Third_Party/FreeRTOS/Source/tasks.c **** 					prvAddTaskToReadyList( pxTCB );
1676:Middlewares/Third_Party/FreeRTOS/Source/tasks.c **** 				}
1677:Middlewares/Third_Party/FreeRTOS/Source/tasks.c **** 				else
1678:Middlewares/Third_Party/FreeRTOS/Source/tasks.c **** 				{
1679:Middlewares/Third_Party/FreeRTOS/Source/tasks.c **** 					mtCOVERAGE_TEST_MARKER();
1680:Middlewares/Third_Party/FreeRTOS/Source/tasks.c **** 				}
1681:Middlewares/Third_Party/FreeRTOS/Source/tasks.c **** 
1682:Middlewares/Third_Party/FreeRTOS/Source/tasks.c **** 				if( xYieldRequired != pdFALSE )
1683:Middlewares/Third_Party/FreeRTOS/Source/tasks.c **** 				{
1684:Middlewares/Third_Party/FreeRTOS/Source/tasks.c **** 					taskYIELD_IF_USING_PREEMPTION();
1685:Middlewares/Third_Party/FreeRTOS/Source/tasks.c **** 				}
ARM GAS  /tmp/ccoDOEnO.s 			page 31


1686:Middlewares/Third_Party/FreeRTOS/Source/tasks.c **** 				else
1687:Middlewares/Third_Party/FreeRTOS/Source/tasks.c **** 				{
1688:Middlewares/Third_Party/FreeRTOS/Source/tasks.c **** 					mtCOVERAGE_TEST_MARKER();
1689:Middlewares/Third_Party/FreeRTOS/Source/tasks.c **** 				}
1690:Middlewares/Third_Party/FreeRTOS/Source/tasks.c **** 
1691:Middlewares/Third_Party/FreeRTOS/Source/tasks.c **** 				/* Remove compiler warning about unused variables when the port
1692:Middlewares/Third_Party/FreeRTOS/Source/tasks.c **** 				optimised task selection is not being used. */
1693:Middlewares/Third_Party/FreeRTOS/Source/tasks.c **** 				( void ) uxPriorityUsedOnEntry;
1694:Middlewares/Third_Party/FreeRTOS/Source/tasks.c **** 			}
1695:Middlewares/Third_Party/FreeRTOS/Source/tasks.c **** 		}
1696:Middlewares/Third_Party/FreeRTOS/Source/tasks.c **** 		taskEXIT_CRITICAL();
1697:Middlewares/Third_Party/FreeRTOS/Source/tasks.c **** 	}
1698:Middlewares/Third_Party/FreeRTOS/Source/tasks.c **** 
1699:Middlewares/Third_Party/FreeRTOS/Source/tasks.c **** #endif /* INCLUDE_vTaskPrioritySet */
1700:Middlewares/Third_Party/FreeRTOS/Source/tasks.c **** /*-----------------------------------------------------------*/
1701:Middlewares/Third_Party/FreeRTOS/Source/tasks.c **** 
1702:Middlewares/Third_Party/FreeRTOS/Source/tasks.c **** #if ( INCLUDE_vTaskSuspend == 1 )
1703:Middlewares/Third_Party/FreeRTOS/Source/tasks.c **** 
1704:Middlewares/Third_Party/FreeRTOS/Source/tasks.c **** 	void vTaskSuspend( TaskHandle_t xTaskToSuspend )
1705:Middlewares/Third_Party/FreeRTOS/Source/tasks.c **** 	{
1706:Middlewares/Third_Party/FreeRTOS/Source/tasks.c **** 	TCB_t *pxTCB;
1707:Middlewares/Third_Party/FreeRTOS/Source/tasks.c **** 
1708:Middlewares/Third_Party/FreeRTOS/Source/tasks.c **** 		taskENTER_CRITICAL();
1709:Middlewares/Third_Party/FreeRTOS/Source/tasks.c **** 		{
1710:Middlewares/Third_Party/FreeRTOS/Source/tasks.c **** 			/* If null is passed in here then it is the running task that is
1711:Middlewares/Third_Party/FreeRTOS/Source/tasks.c **** 			being suspended. */
1712:Middlewares/Third_Party/FreeRTOS/Source/tasks.c **** 			pxTCB = prvGetTCBFromHandle( xTaskToSuspend );
1713:Middlewares/Third_Party/FreeRTOS/Source/tasks.c **** 
1714:Middlewares/Third_Party/FreeRTOS/Source/tasks.c **** 			traceTASK_SUSPEND( pxTCB );
1715:Middlewares/Third_Party/FreeRTOS/Source/tasks.c **** 
1716:Middlewares/Third_Party/FreeRTOS/Source/tasks.c **** 			/* Remove task from the ready/delayed list and place in the
1717:Middlewares/Third_Party/FreeRTOS/Source/tasks.c **** 			suspended list. */
1718:Middlewares/Third_Party/FreeRTOS/Source/tasks.c **** 			if( uxListRemove( &( pxTCB->xStateListItem ) ) == ( UBaseType_t ) 0 )
1719:Middlewares/Third_Party/FreeRTOS/Source/tasks.c **** 			{
1720:Middlewares/Third_Party/FreeRTOS/Source/tasks.c **** 				taskRESET_READY_PRIORITY( pxTCB->uxPriority );
1721:Middlewares/Third_Party/FreeRTOS/Source/tasks.c **** 			}
1722:Middlewares/Third_Party/FreeRTOS/Source/tasks.c **** 			else
1723:Middlewares/Third_Party/FreeRTOS/Source/tasks.c **** 			{
1724:Middlewares/Third_Party/FreeRTOS/Source/tasks.c **** 				mtCOVERAGE_TEST_MARKER();
1725:Middlewares/Third_Party/FreeRTOS/Source/tasks.c **** 			}
1726:Middlewares/Third_Party/FreeRTOS/Source/tasks.c **** 
1727:Middlewares/Third_Party/FreeRTOS/Source/tasks.c **** 			/* Is the task waiting on an event also? */
1728:Middlewares/Third_Party/FreeRTOS/Source/tasks.c **** 			if( listLIST_ITEM_CONTAINER( &( pxTCB->xEventListItem ) ) != NULL )
1729:Middlewares/Third_Party/FreeRTOS/Source/tasks.c **** 			{
1730:Middlewares/Third_Party/FreeRTOS/Source/tasks.c **** 				( void ) uxListRemove( &( pxTCB->xEventListItem ) );
1731:Middlewares/Third_Party/FreeRTOS/Source/tasks.c **** 			}
1732:Middlewares/Third_Party/FreeRTOS/Source/tasks.c **** 			else
1733:Middlewares/Third_Party/FreeRTOS/Source/tasks.c **** 			{
1734:Middlewares/Third_Party/FreeRTOS/Source/tasks.c **** 				mtCOVERAGE_TEST_MARKER();
1735:Middlewares/Third_Party/FreeRTOS/Source/tasks.c **** 			}
1736:Middlewares/Third_Party/FreeRTOS/Source/tasks.c **** 
1737:Middlewares/Third_Party/FreeRTOS/Source/tasks.c **** 			vListInsertEnd( &xSuspendedTaskList, &( pxTCB->xStateListItem ) );
1738:Middlewares/Third_Party/FreeRTOS/Source/tasks.c **** 
1739:Middlewares/Third_Party/FreeRTOS/Source/tasks.c **** 			#if( configUSE_TASK_NOTIFICATIONS == 1 )
1740:Middlewares/Third_Party/FreeRTOS/Source/tasks.c **** 			{
1741:Middlewares/Third_Party/FreeRTOS/Source/tasks.c **** 				if( pxTCB->ucNotifyState == taskWAITING_NOTIFICATION )
1742:Middlewares/Third_Party/FreeRTOS/Source/tasks.c **** 				{
ARM GAS  /tmp/ccoDOEnO.s 			page 32


1743:Middlewares/Third_Party/FreeRTOS/Source/tasks.c **** 					/* The task was blocked to wait for a notification, but is
1744:Middlewares/Third_Party/FreeRTOS/Source/tasks.c **** 					now suspended, so no notification was received. */
1745:Middlewares/Third_Party/FreeRTOS/Source/tasks.c **** 					pxTCB->ucNotifyState = taskNOT_WAITING_NOTIFICATION;
1746:Middlewares/Third_Party/FreeRTOS/Source/tasks.c **** 				}
1747:Middlewares/Third_Party/FreeRTOS/Source/tasks.c **** 			}
1748:Middlewares/Third_Party/FreeRTOS/Source/tasks.c **** 			#endif
1749:Middlewares/Third_Party/FreeRTOS/Source/tasks.c **** 		}
1750:Middlewares/Third_Party/FreeRTOS/Source/tasks.c **** 		taskEXIT_CRITICAL();
1751:Middlewares/Third_Party/FreeRTOS/Source/tasks.c **** 
1752:Middlewares/Third_Party/FreeRTOS/Source/tasks.c **** 		if( xSchedulerRunning != pdFALSE )
1753:Middlewares/Third_Party/FreeRTOS/Source/tasks.c **** 		{
1754:Middlewares/Third_Party/FreeRTOS/Source/tasks.c **** 			/* Reset the next expected unblock time in case it referred to the
1755:Middlewares/Third_Party/FreeRTOS/Source/tasks.c **** 			task that is now in the Suspended state. */
1756:Middlewares/Third_Party/FreeRTOS/Source/tasks.c **** 			taskENTER_CRITICAL();
1757:Middlewares/Third_Party/FreeRTOS/Source/tasks.c **** 			{
1758:Middlewares/Third_Party/FreeRTOS/Source/tasks.c **** 				prvResetNextTaskUnblockTime();
1759:Middlewares/Third_Party/FreeRTOS/Source/tasks.c **** 			}
1760:Middlewares/Third_Party/FreeRTOS/Source/tasks.c **** 			taskEXIT_CRITICAL();
1761:Middlewares/Third_Party/FreeRTOS/Source/tasks.c **** 		}
1762:Middlewares/Third_Party/FreeRTOS/Source/tasks.c **** 		else
1763:Middlewares/Third_Party/FreeRTOS/Source/tasks.c **** 		{
1764:Middlewares/Third_Party/FreeRTOS/Source/tasks.c **** 			mtCOVERAGE_TEST_MARKER();
1765:Middlewares/Third_Party/FreeRTOS/Source/tasks.c **** 		}
1766:Middlewares/Third_Party/FreeRTOS/Source/tasks.c **** 
1767:Middlewares/Third_Party/FreeRTOS/Source/tasks.c **** 		if( pxTCB == pxCurrentTCB )
1768:Middlewares/Third_Party/FreeRTOS/Source/tasks.c **** 		{
1769:Middlewares/Third_Party/FreeRTOS/Source/tasks.c **** 			if( xSchedulerRunning != pdFALSE )
1770:Middlewares/Third_Party/FreeRTOS/Source/tasks.c **** 			{
1771:Middlewares/Third_Party/FreeRTOS/Source/tasks.c **** 				/* The current task has just been suspended. */
1772:Middlewares/Third_Party/FreeRTOS/Source/tasks.c **** 				configASSERT( uxSchedulerSuspended == 0 );
1773:Middlewares/Third_Party/FreeRTOS/Source/tasks.c **** 				portYIELD_WITHIN_API();
1774:Middlewares/Third_Party/FreeRTOS/Source/tasks.c **** 			}
1775:Middlewares/Third_Party/FreeRTOS/Source/tasks.c **** 			else
1776:Middlewares/Third_Party/FreeRTOS/Source/tasks.c **** 			{
1777:Middlewares/Third_Party/FreeRTOS/Source/tasks.c **** 				/* The scheduler is not running, but the task that was pointed
1778:Middlewares/Third_Party/FreeRTOS/Source/tasks.c **** 				to by pxCurrentTCB has just been suspended and pxCurrentTCB
1779:Middlewares/Third_Party/FreeRTOS/Source/tasks.c **** 				must be adjusted to point to a different task. */
1780:Middlewares/Third_Party/FreeRTOS/Source/tasks.c **** 				if( listCURRENT_LIST_LENGTH( &xSuspendedTaskList ) == uxCurrentNumberOfTasks ) /*lint !e931 Rig
1781:Middlewares/Third_Party/FreeRTOS/Source/tasks.c **** 				{
1782:Middlewares/Third_Party/FreeRTOS/Source/tasks.c **** 					/* No other tasks are ready, so set pxCurrentTCB back to
1783:Middlewares/Third_Party/FreeRTOS/Source/tasks.c **** 					NULL so when the next task is created pxCurrentTCB will
1784:Middlewares/Third_Party/FreeRTOS/Source/tasks.c **** 					be set to point to it no matter what its relative priority
1785:Middlewares/Third_Party/FreeRTOS/Source/tasks.c **** 					is. */
1786:Middlewares/Third_Party/FreeRTOS/Source/tasks.c **** 					pxCurrentTCB = NULL;
1787:Middlewares/Third_Party/FreeRTOS/Source/tasks.c **** 				}
1788:Middlewares/Third_Party/FreeRTOS/Source/tasks.c **** 				else
1789:Middlewares/Third_Party/FreeRTOS/Source/tasks.c **** 				{
1790:Middlewares/Third_Party/FreeRTOS/Source/tasks.c **** 					vTaskSwitchContext();
1791:Middlewares/Third_Party/FreeRTOS/Source/tasks.c **** 				}
1792:Middlewares/Third_Party/FreeRTOS/Source/tasks.c **** 			}
1793:Middlewares/Third_Party/FreeRTOS/Source/tasks.c **** 		}
1794:Middlewares/Third_Party/FreeRTOS/Source/tasks.c **** 		else
1795:Middlewares/Third_Party/FreeRTOS/Source/tasks.c **** 		{
1796:Middlewares/Third_Party/FreeRTOS/Source/tasks.c **** 			mtCOVERAGE_TEST_MARKER();
1797:Middlewares/Third_Party/FreeRTOS/Source/tasks.c **** 		}
1798:Middlewares/Third_Party/FreeRTOS/Source/tasks.c **** 	}
1799:Middlewares/Third_Party/FreeRTOS/Source/tasks.c **** 
ARM GAS  /tmp/ccoDOEnO.s 			page 33


1800:Middlewares/Third_Party/FreeRTOS/Source/tasks.c **** #endif /* INCLUDE_vTaskSuspend */
1801:Middlewares/Third_Party/FreeRTOS/Source/tasks.c **** /*-----------------------------------------------------------*/
1802:Middlewares/Third_Party/FreeRTOS/Source/tasks.c **** 
1803:Middlewares/Third_Party/FreeRTOS/Source/tasks.c **** #if ( INCLUDE_vTaskSuspend == 1 )
1804:Middlewares/Third_Party/FreeRTOS/Source/tasks.c **** 
1805:Middlewares/Third_Party/FreeRTOS/Source/tasks.c **** 	static BaseType_t prvTaskIsTaskSuspended( const TaskHandle_t xTask )
1806:Middlewares/Third_Party/FreeRTOS/Source/tasks.c **** 	{
  27              		.loc 1 1806 2 view -0
  28              		.cfi_startproc
  29              		@ args = 0, pretend = 0, frame = 0
  30              		@ frame_needed = 0, uses_anonymous_args = 0
  31              		@ link register save eliminated.
1807:Middlewares/Third_Party/FreeRTOS/Source/tasks.c **** 	BaseType_t xReturn = pdFALSE;
  32              		.loc 1 1807 2 view .LVU1
1808:Middlewares/Third_Party/FreeRTOS/Source/tasks.c **** 	const TCB_t * const pxTCB = xTask;
  33              		.loc 1 1808 2 view .LVU2
1809:Middlewares/Third_Party/FreeRTOS/Source/tasks.c **** 
1810:Middlewares/Third_Party/FreeRTOS/Source/tasks.c **** 		/* Accesses xPendingReadyList so must be called from a critical
1811:Middlewares/Third_Party/FreeRTOS/Source/tasks.c **** 		section. */
1812:Middlewares/Third_Party/FreeRTOS/Source/tasks.c **** 
1813:Middlewares/Third_Party/FreeRTOS/Source/tasks.c **** 		/* It does not make sense to check if the calling task is suspended. */
1814:Middlewares/Third_Party/FreeRTOS/Source/tasks.c **** 		configASSERT( xTask );
  34              		.loc 1 1814 3 view .LVU3
  35 0000 28B1     		cbz	r0, .L8
  36              		.loc 1 1814 24 discriminator 2 view .LVU4
1815:Middlewares/Third_Party/FreeRTOS/Source/tasks.c **** 
1816:Middlewares/Third_Party/FreeRTOS/Source/tasks.c **** 		/* Is the task being resumed actually in the suspended list? */
1817:Middlewares/Third_Party/FreeRTOS/Source/tasks.c **** 		if( listIS_CONTAINED_WITHIN( &xSuspendedTaskList, &( pxTCB->xStateListItem ) ) != pdFALSE )
  37              		.loc 1 1817 3 discriminator 2 view .LVU5
  38              		.loc 1 1817 7 is_stmt 0 discriminator 2 view .LVU6
  39 0002 4169     		ldr	r1, [r0, #20]
  40              		.loc 1 1817 5 discriminator 2 view .LVU7
  41 0004 0C4A     		ldr	r2, .L10
  42 0006 9142     		cmp	r1, r2
  43 0008 0AD0     		beq	.L9
1807:Middlewares/Third_Party/FreeRTOS/Source/tasks.c **** 	const TCB_t * const pxTCB = xTask;
  44              		.loc 1 1807 13 view .LVU8
  45 000a 0020     		movs	r0, #0
  46              	.LVL1:
1807:Middlewares/Third_Party/FreeRTOS/Source/tasks.c **** 	const TCB_t * const pxTCB = xTask;
  47              		.loc 1 1807 13 view .LVU9
  48 000c 7047     		bx	lr
  49              	.LVL2:
  50              	.L8:
1814:Middlewares/Third_Party/FreeRTOS/Source/tasks.c **** 
  51              		.loc 1 1814 3 is_stmt 1 view .LVU10
  52              	.LBB110:
  53              	.LBI110:
  54              		.file 2 "Middlewares/Third_Party/FreeRTOS/Source/portable/GCC/ARM_CM3/portmacro.h"
   1:Middlewares/Third_Party/FreeRTOS/Source/portable/GCC/ARM_CM3/portmacro.h **** /*
   2:Middlewares/Third_Party/FreeRTOS/Source/portable/GCC/ARM_CM3/portmacro.h ****  * FreeRTOS Kernel V10.3.1
   3:Middlewares/Third_Party/FreeRTOS/Source/portable/GCC/ARM_CM3/portmacro.h ****  * Copyright (C) 2020 Amazon.com, Inc. or its affiliates.  All Rights Reserved.
   4:Middlewares/Third_Party/FreeRTOS/Source/portable/GCC/ARM_CM3/portmacro.h ****  *
   5:Middlewares/Third_Party/FreeRTOS/Source/portable/GCC/ARM_CM3/portmacro.h ****  * Permission is hereby granted, free of charge, to any person obtaining a copy of
   6:Middlewares/Third_Party/FreeRTOS/Source/portable/GCC/ARM_CM3/portmacro.h ****  * this software and associated documentation files (the "Software"), to deal in
   7:Middlewares/Third_Party/FreeRTOS/Source/portable/GCC/ARM_CM3/portmacro.h ****  * the Software without restriction, including without limitation the rights to
   8:Middlewares/Third_Party/FreeRTOS/Source/portable/GCC/ARM_CM3/portmacro.h ****  * use, copy, modify, merge, publish, distribute, sublicense, and/or sell copies of
ARM GAS  /tmp/ccoDOEnO.s 			page 34


   9:Middlewares/Third_Party/FreeRTOS/Source/portable/GCC/ARM_CM3/portmacro.h ****  * the Software, and to permit persons to whom the Software is furnished to do so,
  10:Middlewares/Third_Party/FreeRTOS/Source/portable/GCC/ARM_CM3/portmacro.h ****  * subject to the following conditions:
  11:Middlewares/Third_Party/FreeRTOS/Source/portable/GCC/ARM_CM3/portmacro.h ****  *
  12:Middlewares/Third_Party/FreeRTOS/Source/portable/GCC/ARM_CM3/portmacro.h ****  * The above copyright notice and this permission notice shall be included in all
  13:Middlewares/Third_Party/FreeRTOS/Source/portable/GCC/ARM_CM3/portmacro.h ****  * copies or substantial portions of the Software.
  14:Middlewares/Third_Party/FreeRTOS/Source/portable/GCC/ARM_CM3/portmacro.h ****  *
  15:Middlewares/Third_Party/FreeRTOS/Source/portable/GCC/ARM_CM3/portmacro.h ****  * THE SOFTWARE IS PROVIDED "AS IS", WITHOUT WARRANTY OF ANY KIND, EXPRESS OR
  16:Middlewares/Third_Party/FreeRTOS/Source/portable/GCC/ARM_CM3/portmacro.h ****  * IMPLIED, INCLUDING BUT NOT LIMITED TO THE WARRANTIES OF MERCHANTABILITY, FITNESS
  17:Middlewares/Third_Party/FreeRTOS/Source/portable/GCC/ARM_CM3/portmacro.h ****  * FOR A PARTICULAR PURPOSE AND NONINFRINGEMENT. IN NO EVENT SHALL THE AUTHORS OR
  18:Middlewares/Third_Party/FreeRTOS/Source/portable/GCC/ARM_CM3/portmacro.h ****  * COPYRIGHT HOLDERS BE LIABLE FOR ANY CLAIM, DAMAGES OR OTHER LIABILITY, WHETHER
  19:Middlewares/Third_Party/FreeRTOS/Source/portable/GCC/ARM_CM3/portmacro.h ****  * IN AN ACTION OF CONTRACT, TORT OR OTHERWISE, ARISING FROM, OUT OF OR IN
  20:Middlewares/Third_Party/FreeRTOS/Source/portable/GCC/ARM_CM3/portmacro.h ****  * CONNECTION WITH THE SOFTWARE OR THE USE OR OTHER DEALINGS IN THE SOFTWARE.
  21:Middlewares/Third_Party/FreeRTOS/Source/portable/GCC/ARM_CM3/portmacro.h ****  *
  22:Middlewares/Third_Party/FreeRTOS/Source/portable/GCC/ARM_CM3/portmacro.h ****  * http://www.FreeRTOS.org
  23:Middlewares/Third_Party/FreeRTOS/Source/portable/GCC/ARM_CM3/portmacro.h ****  * http://aws.amazon.com/freertos
  24:Middlewares/Third_Party/FreeRTOS/Source/portable/GCC/ARM_CM3/portmacro.h ****  *
  25:Middlewares/Third_Party/FreeRTOS/Source/portable/GCC/ARM_CM3/portmacro.h ****  * 1 tab == 4 spaces!
  26:Middlewares/Third_Party/FreeRTOS/Source/portable/GCC/ARM_CM3/portmacro.h ****  */
  27:Middlewares/Third_Party/FreeRTOS/Source/portable/GCC/ARM_CM3/portmacro.h **** 
  28:Middlewares/Third_Party/FreeRTOS/Source/portable/GCC/ARM_CM3/portmacro.h **** 
  29:Middlewares/Third_Party/FreeRTOS/Source/portable/GCC/ARM_CM3/portmacro.h **** #ifndef PORTMACRO_H
  30:Middlewares/Third_Party/FreeRTOS/Source/portable/GCC/ARM_CM3/portmacro.h **** #define PORTMACRO_H
  31:Middlewares/Third_Party/FreeRTOS/Source/portable/GCC/ARM_CM3/portmacro.h **** 
  32:Middlewares/Third_Party/FreeRTOS/Source/portable/GCC/ARM_CM3/portmacro.h **** #ifdef __cplusplus
  33:Middlewares/Third_Party/FreeRTOS/Source/portable/GCC/ARM_CM3/portmacro.h **** extern "C" {
  34:Middlewares/Third_Party/FreeRTOS/Source/portable/GCC/ARM_CM3/portmacro.h **** #endif
  35:Middlewares/Third_Party/FreeRTOS/Source/portable/GCC/ARM_CM3/portmacro.h **** 
  36:Middlewares/Third_Party/FreeRTOS/Source/portable/GCC/ARM_CM3/portmacro.h **** /*-----------------------------------------------------------
  37:Middlewares/Third_Party/FreeRTOS/Source/portable/GCC/ARM_CM3/portmacro.h ****  * Port specific definitions.
  38:Middlewares/Third_Party/FreeRTOS/Source/portable/GCC/ARM_CM3/portmacro.h ****  *
  39:Middlewares/Third_Party/FreeRTOS/Source/portable/GCC/ARM_CM3/portmacro.h ****  * The settings in this file configure FreeRTOS correctly for the
  40:Middlewares/Third_Party/FreeRTOS/Source/portable/GCC/ARM_CM3/portmacro.h ****  * given hardware and compiler.
  41:Middlewares/Third_Party/FreeRTOS/Source/portable/GCC/ARM_CM3/portmacro.h ****  *
  42:Middlewares/Third_Party/FreeRTOS/Source/portable/GCC/ARM_CM3/portmacro.h ****  * These settings should not be altered.
  43:Middlewares/Third_Party/FreeRTOS/Source/portable/GCC/ARM_CM3/portmacro.h ****  *-----------------------------------------------------------
  44:Middlewares/Third_Party/FreeRTOS/Source/portable/GCC/ARM_CM3/portmacro.h ****  */
  45:Middlewares/Third_Party/FreeRTOS/Source/portable/GCC/ARM_CM3/portmacro.h **** 
  46:Middlewares/Third_Party/FreeRTOS/Source/portable/GCC/ARM_CM3/portmacro.h **** /* Type definitions. */
  47:Middlewares/Third_Party/FreeRTOS/Source/portable/GCC/ARM_CM3/portmacro.h **** #define portCHAR		char
  48:Middlewares/Third_Party/FreeRTOS/Source/portable/GCC/ARM_CM3/portmacro.h **** #define portFLOAT		float
  49:Middlewares/Third_Party/FreeRTOS/Source/portable/GCC/ARM_CM3/portmacro.h **** #define portDOUBLE		double
  50:Middlewares/Third_Party/FreeRTOS/Source/portable/GCC/ARM_CM3/portmacro.h **** #define portLONG		long
  51:Middlewares/Third_Party/FreeRTOS/Source/portable/GCC/ARM_CM3/portmacro.h **** #define portSHORT		short
  52:Middlewares/Third_Party/FreeRTOS/Source/portable/GCC/ARM_CM3/portmacro.h **** #define portSTACK_TYPE	uint32_t
  53:Middlewares/Third_Party/FreeRTOS/Source/portable/GCC/ARM_CM3/portmacro.h **** #define portBASE_TYPE	long
  54:Middlewares/Third_Party/FreeRTOS/Source/portable/GCC/ARM_CM3/portmacro.h **** 
  55:Middlewares/Third_Party/FreeRTOS/Source/portable/GCC/ARM_CM3/portmacro.h **** typedef portSTACK_TYPE StackType_t;
  56:Middlewares/Third_Party/FreeRTOS/Source/portable/GCC/ARM_CM3/portmacro.h **** typedef long BaseType_t;
  57:Middlewares/Third_Party/FreeRTOS/Source/portable/GCC/ARM_CM3/portmacro.h **** typedef unsigned long UBaseType_t;
  58:Middlewares/Third_Party/FreeRTOS/Source/portable/GCC/ARM_CM3/portmacro.h **** 
  59:Middlewares/Third_Party/FreeRTOS/Source/portable/GCC/ARM_CM3/portmacro.h **** #if( configUSE_16_BIT_TICKS == 1 )
  60:Middlewares/Third_Party/FreeRTOS/Source/portable/GCC/ARM_CM3/portmacro.h **** 	typedef uint16_t TickType_t;
  61:Middlewares/Third_Party/FreeRTOS/Source/portable/GCC/ARM_CM3/portmacro.h **** 	#define portMAX_DELAY ( TickType_t ) 0xffff
  62:Middlewares/Third_Party/FreeRTOS/Source/portable/GCC/ARM_CM3/portmacro.h **** #else
  63:Middlewares/Third_Party/FreeRTOS/Source/portable/GCC/ARM_CM3/portmacro.h **** 	typedef uint32_t TickType_t;
  64:Middlewares/Third_Party/FreeRTOS/Source/portable/GCC/ARM_CM3/portmacro.h **** 	#define portMAX_DELAY ( TickType_t ) 0xffffffffUL
  65:Middlewares/Third_Party/FreeRTOS/Source/portable/GCC/ARM_CM3/portmacro.h **** 
ARM GAS  /tmp/ccoDOEnO.s 			page 35


  66:Middlewares/Third_Party/FreeRTOS/Source/portable/GCC/ARM_CM3/portmacro.h **** 	/* 32-bit tick type on a 32-bit architecture, so reads of the tick count do
  67:Middlewares/Third_Party/FreeRTOS/Source/portable/GCC/ARM_CM3/portmacro.h **** 	not need to be guarded with a critical section. */
  68:Middlewares/Third_Party/FreeRTOS/Source/portable/GCC/ARM_CM3/portmacro.h **** 	#define portTICK_TYPE_IS_ATOMIC 1
  69:Middlewares/Third_Party/FreeRTOS/Source/portable/GCC/ARM_CM3/portmacro.h **** #endif
  70:Middlewares/Third_Party/FreeRTOS/Source/portable/GCC/ARM_CM3/portmacro.h **** /*-----------------------------------------------------------*/
  71:Middlewares/Third_Party/FreeRTOS/Source/portable/GCC/ARM_CM3/portmacro.h **** 
  72:Middlewares/Third_Party/FreeRTOS/Source/portable/GCC/ARM_CM3/portmacro.h **** /* Architecture specifics. */
  73:Middlewares/Third_Party/FreeRTOS/Source/portable/GCC/ARM_CM3/portmacro.h **** #define portSTACK_GROWTH			( -1 )
  74:Middlewares/Third_Party/FreeRTOS/Source/portable/GCC/ARM_CM3/portmacro.h **** #define portTICK_PERIOD_MS			( ( TickType_t ) 1000 / configTICK_RATE_HZ )
  75:Middlewares/Third_Party/FreeRTOS/Source/portable/GCC/ARM_CM3/portmacro.h **** #define portBYTE_ALIGNMENT			8
  76:Middlewares/Third_Party/FreeRTOS/Source/portable/GCC/ARM_CM3/portmacro.h **** /*-----------------------------------------------------------*/
  77:Middlewares/Third_Party/FreeRTOS/Source/portable/GCC/ARM_CM3/portmacro.h **** 
  78:Middlewares/Third_Party/FreeRTOS/Source/portable/GCC/ARM_CM3/portmacro.h **** /* Scheduler utilities. */
  79:Middlewares/Third_Party/FreeRTOS/Source/portable/GCC/ARM_CM3/portmacro.h **** #define portYIELD() 															\
  80:Middlewares/Third_Party/FreeRTOS/Source/portable/GCC/ARM_CM3/portmacro.h **** {																				\
  81:Middlewares/Third_Party/FreeRTOS/Source/portable/GCC/ARM_CM3/portmacro.h **** 	/* Set a PendSV to request a context switch. */								\
  82:Middlewares/Third_Party/FreeRTOS/Source/portable/GCC/ARM_CM3/portmacro.h **** 	portNVIC_INT_CTRL_REG = portNVIC_PENDSVSET_BIT;								\
  83:Middlewares/Third_Party/FreeRTOS/Source/portable/GCC/ARM_CM3/portmacro.h **** 																				\
  84:Middlewares/Third_Party/FreeRTOS/Source/portable/GCC/ARM_CM3/portmacro.h **** 	/* Barriers are normally not required but do ensure the code is completely	\
  85:Middlewares/Third_Party/FreeRTOS/Source/portable/GCC/ARM_CM3/portmacro.h **** 	within the specified behaviour for the architecture. */						\
  86:Middlewares/Third_Party/FreeRTOS/Source/portable/GCC/ARM_CM3/portmacro.h **** 	__asm volatile( "dsb" ::: "memory" );										\
  87:Middlewares/Third_Party/FreeRTOS/Source/portable/GCC/ARM_CM3/portmacro.h **** 	__asm volatile( "isb" );													\
  88:Middlewares/Third_Party/FreeRTOS/Source/portable/GCC/ARM_CM3/portmacro.h **** }
  89:Middlewares/Third_Party/FreeRTOS/Source/portable/GCC/ARM_CM3/portmacro.h **** 
  90:Middlewares/Third_Party/FreeRTOS/Source/portable/GCC/ARM_CM3/portmacro.h **** #define portNVIC_INT_CTRL_REG		( * ( ( volatile uint32_t * ) 0xe000ed04 ) )
  91:Middlewares/Third_Party/FreeRTOS/Source/portable/GCC/ARM_CM3/portmacro.h **** #define portNVIC_PENDSVSET_BIT		( 1UL << 28UL )
  92:Middlewares/Third_Party/FreeRTOS/Source/portable/GCC/ARM_CM3/portmacro.h **** #define portEND_SWITCHING_ISR( xSwitchRequired ) if( xSwitchRequired != pdFALSE ) portYIELD()
  93:Middlewares/Third_Party/FreeRTOS/Source/portable/GCC/ARM_CM3/portmacro.h **** #define portYIELD_FROM_ISR( x ) portEND_SWITCHING_ISR( x )
  94:Middlewares/Third_Party/FreeRTOS/Source/portable/GCC/ARM_CM3/portmacro.h **** /*-----------------------------------------------------------*/
  95:Middlewares/Third_Party/FreeRTOS/Source/portable/GCC/ARM_CM3/portmacro.h **** 
  96:Middlewares/Third_Party/FreeRTOS/Source/portable/GCC/ARM_CM3/portmacro.h **** /* Critical section management. */
  97:Middlewares/Third_Party/FreeRTOS/Source/portable/GCC/ARM_CM3/portmacro.h **** extern void vPortEnterCritical( void );
  98:Middlewares/Third_Party/FreeRTOS/Source/portable/GCC/ARM_CM3/portmacro.h **** extern void vPortExitCritical( void );
  99:Middlewares/Third_Party/FreeRTOS/Source/portable/GCC/ARM_CM3/portmacro.h **** #define portSET_INTERRUPT_MASK_FROM_ISR()		ulPortRaiseBASEPRI()
 100:Middlewares/Third_Party/FreeRTOS/Source/portable/GCC/ARM_CM3/portmacro.h **** #define portCLEAR_INTERRUPT_MASK_FROM_ISR(x)	vPortSetBASEPRI(x)
 101:Middlewares/Third_Party/FreeRTOS/Source/portable/GCC/ARM_CM3/portmacro.h **** #define portDISABLE_INTERRUPTS()				vPortRaiseBASEPRI()
 102:Middlewares/Third_Party/FreeRTOS/Source/portable/GCC/ARM_CM3/portmacro.h **** #define portENABLE_INTERRUPTS()					vPortSetBASEPRI(0)
 103:Middlewares/Third_Party/FreeRTOS/Source/portable/GCC/ARM_CM3/portmacro.h **** #define portENTER_CRITICAL()					vPortEnterCritical()
 104:Middlewares/Third_Party/FreeRTOS/Source/portable/GCC/ARM_CM3/portmacro.h **** #define portEXIT_CRITICAL()						vPortExitCritical()
 105:Middlewares/Third_Party/FreeRTOS/Source/portable/GCC/ARM_CM3/portmacro.h **** 
 106:Middlewares/Third_Party/FreeRTOS/Source/portable/GCC/ARM_CM3/portmacro.h **** /*-----------------------------------------------------------*/
 107:Middlewares/Third_Party/FreeRTOS/Source/portable/GCC/ARM_CM3/portmacro.h **** 
 108:Middlewares/Third_Party/FreeRTOS/Source/portable/GCC/ARM_CM3/portmacro.h **** /* Task function macros as described on the FreeRTOS.org WEB site.  These are
 109:Middlewares/Third_Party/FreeRTOS/Source/portable/GCC/ARM_CM3/portmacro.h **** not necessary for to use this port.  They are defined so the common demo files
 110:Middlewares/Third_Party/FreeRTOS/Source/portable/GCC/ARM_CM3/portmacro.h **** (which build with all the ports) will build. */
 111:Middlewares/Third_Party/FreeRTOS/Source/portable/GCC/ARM_CM3/portmacro.h **** #define portTASK_FUNCTION_PROTO( vFunction, pvParameters ) void vFunction( void *pvParameters )
 112:Middlewares/Third_Party/FreeRTOS/Source/portable/GCC/ARM_CM3/portmacro.h **** #define portTASK_FUNCTION( vFunction, pvParameters ) void vFunction( void *pvParameters )
 113:Middlewares/Third_Party/FreeRTOS/Source/portable/GCC/ARM_CM3/portmacro.h **** /*-----------------------------------------------------------*/
 114:Middlewares/Third_Party/FreeRTOS/Source/portable/GCC/ARM_CM3/portmacro.h **** 
 115:Middlewares/Third_Party/FreeRTOS/Source/portable/GCC/ARM_CM3/portmacro.h **** /* Tickless idle/low power functionality. */
 116:Middlewares/Third_Party/FreeRTOS/Source/portable/GCC/ARM_CM3/portmacro.h **** #ifndef portSUPPRESS_TICKS_AND_SLEEP
 117:Middlewares/Third_Party/FreeRTOS/Source/portable/GCC/ARM_CM3/portmacro.h **** 	extern void vPortSuppressTicksAndSleep( TickType_t xExpectedIdleTime );
 118:Middlewares/Third_Party/FreeRTOS/Source/portable/GCC/ARM_CM3/portmacro.h **** 	#define portSUPPRESS_TICKS_AND_SLEEP( xExpectedIdleTime ) vPortSuppressTicksAndSleep( xExpectedIdl
 119:Middlewares/Third_Party/FreeRTOS/Source/portable/GCC/ARM_CM3/portmacro.h **** #endif
 120:Middlewares/Third_Party/FreeRTOS/Source/portable/GCC/ARM_CM3/portmacro.h **** /*-----------------------------------------------------------*/
 121:Middlewares/Third_Party/FreeRTOS/Source/portable/GCC/ARM_CM3/portmacro.h **** 
 122:Middlewares/Third_Party/FreeRTOS/Source/portable/GCC/ARM_CM3/portmacro.h **** /* Architecture specific optimisations. */
ARM GAS  /tmp/ccoDOEnO.s 			page 36


 123:Middlewares/Third_Party/FreeRTOS/Source/portable/GCC/ARM_CM3/portmacro.h **** #ifndef configUSE_PORT_OPTIMISED_TASK_SELECTION
 124:Middlewares/Third_Party/FreeRTOS/Source/portable/GCC/ARM_CM3/portmacro.h **** 	#define configUSE_PORT_OPTIMISED_TASK_SELECTION 1
 125:Middlewares/Third_Party/FreeRTOS/Source/portable/GCC/ARM_CM3/portmacro.h **** #endif
 126:Middlewares/Third_Party/FreeRTOS/Source/portable/GCC/ARM_CM3/portmacro.h **** 
 127:Middlewares/Third_Party/FreeRTOS/Source/portable/GCC/ARM_CM3/portmacro.h **** #if configUSE_PORT_OPTIMISED_TASK_SELECTION == 1
 128:Middlewares/Third_Party/FreeRTOS/Source/portable/GCC/ARM_CM3/portmacro.h **** 
 129:Middlewares/Third_Party/FreeRTOS/Source/portable/GCC/ARM_CM3/portmacro.h **** 	/* Generic helper function. */
 130:Middlewares/Third_Party/FreeRTOS/Source/portable/GCC/ARM_CM3/portmacro.h **** 	__attribute__( ( always_inline ) ) static inline uint8_t ucPortCountLeadingZeros( uint32_t ulBitma
 131:Middlewares/Third_Party/FreeRTOS/Source/portable/GCC/ARM_CM3/portmacro.h **** 	{
 132:Middlewares/Third_Party/FreeRTOS/Source/portable/GCC/ARM_CM3/portmacro.h **** 	uint8_t ucReturn;
 133:Middlewares/Third_Party/FreeRTOS/Source/portable/GCC/ARM_CM3/portmacro.h **** 
 134:Middlewares/Third_Party/FreeRTOS/Source/portable/GCC/ARM_CM3/portmacro.h **** 		__asm volatile ( "clz %0, %1" : "=r" ( ucReturn ) : "r" ( ulBitmap ) : "memory" );
 135:Middlewares/Third_Party/FreeRTOS/Source/portable/GCC/ARM_CM3/portmacro.h **** 		return ucReturn;
 136:Middlewares/Third_Party/FreeRTOS/Source/portable/GCC/ARM_CM3/portmacro.h **** 	}
 137:Middlewares/Third_Party/FreeRTOS/Source/portable/GCC/ARM_CM3/portmacro.h **** 
 138:Middlewares/Third_Party/FreeRTOS/Source/portable/GCC/ARM_CM3/portmacro.h **** 	/* Check the configuration. */
 139:Middlewares/Third_Party/FreeRTOS/Source/portable/GCC/ARM_CM3/portmacro.h **** 	#if( configMAX_PRIORITIES > 32 )
 140:Middlewares/Third_Party/FreeRTOS/Source/portable/GCC/ARM_CM3/portmacro.h **** 		#error configUSE_PORT_OPTIMISED_TASK_SELECTION can only be set to 1 when configMAX_PRIORITIES is 
 141:Middlewares/Third_Party/FreeRTOS/Source/portable/GCC/ARM_CM3/portmacro.h **** 	#endif
 142:Middlewares/Third_Party/FreeRTOS/Source/portable/GCC/ARM_CM3/portmacro.h **** 
 143:Middlewares/Third_Party/FreeRTOS/Source/portable/GCC/ARM_CM3/portmacro.h **** 	/* Store/clear the ready priorities in a bit map. */
 144:Middlewares/Third_Party/FreeRTOS/Source/portable/GCC/ARM_CM3/portmacro.h **** 	#define portRECORD_READY_PRIORITY( uxPriority, uxReadyPriorities ) ( uxReadyPriorities ) |= ( 1UL 
 145:Middlewares/Third_Party/FreeRTOS/Source/portable/GCC/ARM_CM3/portmacro.h **** 	#define portRESET_READY_PRIORITY( uxPriority, uxReadyPriorities ) ( uxReadyPriorities ) &= ~( 1UL 
 146:Middlewares/Third_Party/FreeRTOS/Source/portable/GCC/ARM_CM3/portmacro.h **** 
 147:Middlewares/Third_Party/FreeRTOS/Source/portable/GCC/ARM_CM3/portmacro.h **** 	/*-----------------------------------------------------------*/
 148:Middlewares/Third_Party/FreeRTOS/Source/portable/GCC/ARM_CM3/portmacro.h **** 
 149:Middlewares/Third_Party/FreeRTOS/Source/portable/GCC/ARM_CM3/portmacro.h **** 	#define portGET_HIGHEST_PRIORITY( uxTopPriority, uxReadyPriorities ) uxTopPriority = ( 31UL - ( ui
 150:Middlewares/Third_Party/FreeRTOS/Source/portable/GCC/ARM_CM3/portmacro.h **** 
 151:Middlewares/Third_Party/FreeRTOS/Source/portable/GCC/ARM_CM3/portmacro.h **** #endif /* configUSE_PORT_OPTIMISED_TASK_SELECTION */
 152:Middlewares/Third_Party/FreeRTOS/Source/portable/GCC/ARM_CM3/portmacro.h **** 
 153:Middlewares/Third_Party/FreeRTOS/Source/portable/GCC/ARM_CM3/portmacro.h **** /*-----------------------------------------------------------*/
 154:Middlewares/Third_Party/FreeRTOS/Source/portable/GCC/ARM_CM3/portmacro.h **** 
 155:Middlewares/Third_Party/FreeRTOS/Source/portable/GCC/ARM_CM3/portmacro.h **** #ifdef configASSERT
 156:Middlewares/Third_Party/FreeRTOS/Source/portable/GCC/ARM_CM3/portmacro.h **** 	void vPortValidateInterruptPriority( void );
 157:Middlewares/Third_Party/FreeRTOS/Source/portable/GCC/ARM_CM3/portmacro.h **** 	#define portASSERT_IF_INTERRUPT_PRIORITY_INVALID() 	vPortValidateInterruptPriority()
 158:Middlewares/Third_Party/FreeRTOS/Source/portable/GCC/ARM_CM3/portmacro.h **** #endif
 159:Middlewares/Third_Party/FreeRTOS/Source/portable/GCC/ARM_CM3/portmacro.h **** 
 160:Middlewares/Third_Party/FreeRTOS/Source/portable/GCC/ARM_CM3/portmacro.h **** /* portNOP() is not required by this port. */
 161:Middlewares/Third_Party/FreeRTOS/Source/portable/GCC/ARM_CM3/portmacro.h **** #define portNOP()
 162:Middlewares/Third_Party/FreeRTOS/Source/portable/GCC/ARM_CM3/portmacro.h **** 
 163:Middlewares/Third_Party/FreeRTOS/Source/portable/GCC/ARM_CM3/portmacro.h **** #define portINLINE	__inline
 164:Middlewares/Third_Party/FreeRTOS/Source/portable/GCC/ARM_CM3/portmacro.h **** 
 165:Middlewares/Third_Party/FreeRTOS/Source/portable/GCC/ARM_CM3/portmacro.h **** #ifndef portFORCE_INLINE
 166:Middlewares/Third_Party/FreeRTOS/Source/portable/GCC/ARM_CM3/portmacro.h **** 	#define portFORCE_INLINE inline __attribute__(( always_inline))
 167:Middlewares/Third_Party/FreeRTOS/Source/portable/GCC/ARM_CM3/portmacro.h **** #endif
 168:Middlewares/Third_Party/FreeRTOS/Source/portable/GCC/ARM_CM3/portmacro.h **** 
 169:Middlewares/Third_Party/FreeRTOS/Source/portable/GCC/ARM_CM3/portmacro.h **** /*-----------------------------------------------------------*/
 170:Middlewares/Third_Party/FreeRTOS/Source/portable/GCC/ARM_CM3/portmacro.h **** 
 171:Middlewares/Third_Party/FreeRTOS/Source/portable/GCC/ARM_CM3/portmacro.h **** portFORCE_INLINE static BaseType_t xPortIsInsideInterrupt( void )
 172:Middlewares/Third_Party/FreeRTOS/Source/portable/GCC/ARM_CM3/portmacro.h **** {
 173:Middlewares/Third_Party/FreeRTOS/Source/portable/GCC/ARM_CM3/portmacro.h **** uint32_t ulCurrentInterrupt;
 174:Middlewares/Third_Party/FreeRTOS/Source/portable/GCC/ARM_CM3/portmacro.h **** BaseType_t xReturn;
 175:Middlewares/Third_Party/FreeRTOS/Source/portable/GCC/ARM_CM3/portmacro.h **** 
 176:Middlewares/Third_Party/FreeRTOS/Source/portable/GCC/ARM_CM3/portmacro.h **** 	/* Obtain the number of the currently executing interrupt. */
 177:Middlewares/Third_Party/FreeRTOS/Source/portable/GCC/ARM_CM3/portmacro.h **** 	__asm volatile( "mrs %0, ipsr" : "=r"( ulCurrentInterrupt ) :: "memory" );
 178:Middlewares/Third_Party/FreeRTOS/Source/portable/GCC/ARM_CM3/portmacro.h **** 
 179:Middlewares/Third_Party/FreeRTOS/Source/portable/GCC/ARM_CM3/portmacro.h **** 	if( ulCurrentInterrupt == 0 )
ARM GAS  /tmp/ccoDOEnO.s 			page 37


 180:Middlewares/Third_Party/FreeRTOS/Source/portable/GCC/ARM_CM3/portmacro.h **** 	{
 181:Middlewares/Third_Party/FreeRTOS/Source/portable/GCC/ARM_CM3/portmacro.h **** 		xReturn = pdFALSE;
 182:Middlewares/Third_Party/FreeRTOS/Source/portable/GCC/ARM_CM3/portmacro.h **** 	}
 183:Middlewares/Third_Party/FreeRTOS/Source/portable/GCC/ARM_CM3/portmacro.h **** 	else
 184:Middlewares/Third_Party/FreeRTOS/Source/portable/GCC/ARM_CM3/portmacro.h **** 	{
 185:Middlewares/Third_Party/FreeRTOS/Source/portable/GCC/ARM_CM3/portmacro.h **** 		xReturn = pdTRUE;
 186:Middlewares/Third_Party/FreeRTOS/Source/portable/GCC/ARM_CM3/portmacro.h **** 	}
 187:Middlewares/Third_Party/FreeRTOS/Source/portable/GCC/ARM_CM3/portmacro.h **** 
 188:Middlewares/Third_Party/FreeRTOS/Source/portable/GCC/ARM_CM3/portmacro.h **** 	return xReturn;
 189:Middlewares/Third_Party/FreeRTOS/Source/portable/GCC/ARM_CM3/portmacro.h **** }
 190:Middlewares/Third_Party/FreeRTOS/Source/portable/GCC/ARM_CM3/portmacro.h **** 
 191:Middlewares/Third_Party/FreeRTOS/Source/portable/GCC/ARM_CM3/portmacro.h **** /*-----------------------------------------------------------*/
 192:Middlewares/Third_Party/FreeRTOS/Source/portable/GCC/ARM_CM3/portmacro.h **** 
 193:Middlewares/Third_Party/FreeRTOS/Source/portable/GCC/ARM_CM3/portmacro.h **** portFORCE_INLINE static void vPortRaiseBASEPRI( void )
  55              		.loc 2 193 30 view .LVU11
  56              	.LBB111:
 194:Middlewares/Third_Party/FreeRTOS/Source/portable/GCC/ARM_CM3/portmacro.h **** {
 195:Middlewares/Third_Party/FreeRTOS/Source/portable/GCC/ARM_CM3/portmacro.h **** uint32_t ulNewBASEPRI;
  57              		.loc 2 195 1 view .LVU12
 196:Middlewares/Third_Party/FreeRTOS/Source/portable/GCC/ARM_CM3/portmacro.h **** 
 197:Middlewares/Third_Party/FreeRTOS/Source/portable/GCC/ARM_CM3/portmacro.h **** 	__asm volatile
  58              		.loc 2 197 2 view .LVU13
  59              		.syntax unified
  60              	@ 197 "Middlewares/Third_Party/FreeRTOS/Source/portable/GCC/ARM_CM3/portmacro.h" 1
  61 000e 4FF05003 			mov r3, #80												
  62 0012 83F31188 		msr basepri, r3											
  63 0016 BFF36F8F 		isb														
  64 001a BFF34F8F 		dsb														
  65              	
  66              	@ 0 "" 2
  67              	.LVL3:
  68              		.thumb
  69              		.syntax unified
  70              	.L3:
  71              		.loc 2 197 2 is_stmt 0 view .LVU14
  72              	.LBE111:
  73              	.LBE110:
1814:Middlewares/Third_Party/FreeRTOS/Source/tasks.c **** 
  74              		.loc 1 1814 3 is_stmt 1 discriminator 1 view .LVU15
1814:Middlewares/Third_Party/FreeRTOS/Source/tasks.c **** 
  75              		.loc 1 1814 3 discriminator 1 view .LVU16
1814:Middlewares/Third_Party/FreeRTOS/Source/tasks.c **** 
  76              		.loc 1 1814 3 discriminator 1 view .LVU17
  77 001e FEE7     		b	.L3
  78              	.L9:
1818:Middlewares/Third_Party/FreeRTOS/Source/tasks.c **** 		{
1819:Middlewares/Third_Party/FreeRTOS/Source/tasks.c **** 			/* Has the task already been resumed from within an ISR? */
1820:Middlewares/Third_Party/FreeRTOS/Source/tasks.c **** 			if( listIS_CONTAINED_WITHIN( &xPendingReadyList, &( pxTCB->xEventListItem ) ) == pdFALSE )
  79              		.loc 1 1820 4 view .LVU18
  80              		.loc 1 1820 8 is_stmt 0 view .LVU19
  81 0020 836A     		ldr	r3, [r0, #40]
  82              		.loc 1 1820 6 view .LVU20
  83 0022 064A     		ldr	r2, .L10+4
  84 0024 9342     		cmp	r3, r2
  85 0026 02D0     		beq	.L6
1821:Middlewares/Third_Party/FreeRTOS/Source/tasks.c **** 			{
1822:Middlewares/Third_Party/FreeRTOS/Source/tasks.c **** 				/* Is it in the suspended list because it is in the	Suspended
ARM GAS  /tmp/ccoDOEnO.s 			page 38


1823:Middlewares/Third_Party/FreeRTOS/Source/tasks.c **** 				state, or because is is blocked with no timeout? */
1824:Middlewares/Third_Party/FreeRTOS/Source/tasks.c **** 				if( listIS_CONTAINED_WITHIN( NULL, &( pxTCB->xEventListItem ) ) != pdFALSE ) /*lint !e961.  The
  86              		.loc 1 1824 5 is_stmt 1 view .LVU21
  87              		.loc 1 1824 7 is_stmt 0 view .LVU22
  88 0028 1BB1     		cbz	r3, .L7
1807:Middlewares/Third_Party/FreeRTOS/Source/tasks.c **** 	const TCB_t * const pxTCB = xTask;
  89              		.loc 1 1807 13 view .LVU23
  90 002a 0020     		movs	r0, #0
  91              	.LVL4:
1807:Middlewares/Third_Party/FreeRTOS/Source/tasks.c **** 	const TCB_t * const pxTCB = xTask;
  92              		.loc 1 1807 13 view .LVU24
  93 002c 7047     		bx	lr
  94              	.LVL5:
  95              	.L6:
1807:Middlewares/Third_Party/FreeRTOS/Source/tasks.c **** 	const TCB_t * const pxTCB = xTask;
  96              		.loc 1 1807 13 view .LVU25
  97 002e 0020     		movs	r0, #0
  98              	.LVL6:
1807:Middlewares/Third_Party/FreeRTOS/Source/tasks.c **** 	const TCB_t * const pxTCB = xTask;
  99              		.loc 1 1807 13 view .LVU26
 100 0030 7047     		bx	lr
 101              	.LVL7:
 102              	.L7:
1825:Middlewares/Third_Party/FreeRTOS/Source/tasks.c **** 				{
1826:Middlewares/Third_Party/FreeRTOS/Source/tasks.c **** 					xReturn = pdTRUE;
 103              		.loc 1 1826 14 view .LVU27
 104 0032 0120     		movs	r0, #1
 105              	.LVL8:
1827:Middlewares/Third_Party/FreeRTOS/Source/tasks.c **** 				}
1828:Middlewares/Third_Party/FreeRTOS/Source/tasks.c **** 				else
1829:Middlewares/Third_Party/FreeRTOS/Source/tasks.c **** 				{
1830:Middlewares/Third_Party/FreeRTOS/Source/tasks.c **** 					mtCOVERAGE_TEST_MARKER();
1831:Middlewares/Third_Party/FreeRTOS/Source/tasks.c **** 				}
1832:Middlewares/Third_Party/FreeRTOS/Source/tasks.c **** 			}
1833:Middlewares/Third_Party/FreeRTOS/Source/tasks.c **** 			else
1834:Middlewares/Third_Party/FreeRTOS/Source/tasks.c **** 			{
1835:Middlewares/Third_Party/FreeRTOS/Source/tasks.c **** 				mtCOVERAGE_TEST_MARKER();
1836:Middlewares/Third_Party/FreeRTOS/Source/tasks.c **** 			}
1837:Middlewares/Third_Party/FreeRTOS/Source/tasks.c **** 		}
1838:Middlewares/Third_Party/FreeRTOS/Source/tasks.c **** 		else
1839:Middlewares/Third_Party/FreeRTOS/Source/tasks.c **** 		{
1840:Middlewares/Third_Party/FreeRTOS/Source/tasks.c **** 			mtCOVERAGE_TEST_MARKER();
 106              		.loc 1 1840 28 is_stmt 1 view .LVU28
1841:Middlewares/Third_Party/FreeRTOS/Source/tasks.c **** 		}
1842:Middlewares/Third_Party/FreeRTOS/Source/tasks.c **** 
1843:Middlewares/Third_Party/FreeRTOS/Source/tasks.c **** 		return xReturn;
 107              		.loc 1 1843 3 view .LVU29
1844:Middlewares/Third_Party/FreeRTOS/Source/tasks.c **** 	} /*lint !e818 xTask cannot be a pointer to const because it is a typedef. */
 108              		.loc 1 1844 2 is_stmt 0 view .LVU30
 109 0034 7047     		bx	lr
 110              	.L11:
 111 0036 00BF     		.align	2
 112              	.L10:
 113 0038 00000000 		.word	.LANCHOR0
 114 003c 00000000 		.word	.LANCHOR1
 115              		.cfi_endproc
 116              	.LFE15:
ARM GAS  /tmp/ccoDOEnO.s 			page 39


 118              		.section	.text.prvResetNextTaskUnblockTime,"ax",%progbits
 119              		.align	1
 120              		.syntax unified
 121              		.thumb
 122              		.thumb_func
 124              	prvResetNextTaskUnblockTime:
 125              	.LFB41:
1845:Middlewares/Third_Party/FreeRTOS/Source/tasks.c **** 
1846:Middlewares/Third_Party/FreeRTOS/Source/tasks.c **** #endif /* INCLUDE_vTaskSuspend */
1847:Middlewares/Third_Party/FreeRTOS/Source/tasks.c **** /*-----------------------------------------------------------*/
1848:Middlewares/Third_Party/FreeRTOS/Source/tasks.c **** 
1849:Middlewares/Third_Party/FreeRTOS/Source/tasks.c **** #if ( INCLUDE_vTaskSuspend == 1 )
1850:Middlewares/Third_Party/FreeRTOS/Source/tasks.c **** 
1851:Middlewares/Third_Party/FreeRTOS/Source/tasks.c **** 	void vTaskResume( TaskHandle_t xTaskToResume )
1852:Middlewares/Third_Party/FreeRTOS/Source/tasks.c **** 	{
1853:Middlewares/Third_Party/FreeRTOS/Source/tasks.c **** 	TCB_t * const pxTCB = xTaskToResume;
1854:Middlewares/Third_Party/FreeRTOS/Source/tasks.c **** 
1855:Middlewares/Third_Party/FreeRTOS/Source/tasks.c **** 		/* It does not make sense to resume the calling task. */
1856:Middlewares/Third_Party/FreeRTOS/Source/tasks.c **** 		configASSERT( xTaskToResume );
1857:Middlewares/Third_Party/FreeRTOS/Source/tasks.c **** 
1858:Middlewares/Third_Party/FreeRTOS/Source/tasks.c **** 		/* The parameter cannot be NULL as it is impossible to resume the
1859:Middlewares/Third_Party/FreeRTOS/Source/tasks.c **** 		currently executing task. */
1860:Middlewares/Third_Party/FreeRTOS/Source/tasks.c **** 		if( ( pxTCB != pxCurrentTCB ) && ( pxTCB != NULL ) )
1861:Middlewares/Third_Party/FreeRTOS/Source/tasks.c **** 		{
1862:Middlewares/Third_Party/FreeRTOS/Source/tasks.c **** 			taskENTER_CRITICAL();
1863:Middlewares/Third_Party/FreeRTOS/Source/tasks.c **** 			{
1864:Middlewares/Third_Party/FreeRTOS/Source/tasks.c **** 				if( prvTaskIsTaskSuspended( pxTCB ) != pdFALSE )
1865:Middlewares/Third_Party/FreeRTOS/Source/tasks.c **** 				{
1866:Middlewares/Third_Party/FreeRTOS/Source/tasks.c **** 					traceTASK_RESUME( pxTCB );
1867:Middlewares/Third_Party/FreeRTOS/Source/tasks.c **** 
1868:Middlewares/Third_Party/FreeRTOS/Source/tasks.c **** 					/* The ready list can be accessed even if the scheduler is
1869:Middlewares/Third_Party/FreeRTOS/Source/tasks.c **** 					suspended because this is inside a critical section. */
1870:Middlewares/Third_Party/FreeRTOS/Source/tasks.c **** 					( void ) uxListRemove(  &( pxTCB->xStateListItem ) );
1871:Middlewares/Third_Party/FreeRTOS/Source/tasks.c **** 					prvAddTaskToReadyList( pxTCB );
1872:Middlewares/Third_Party/FreeRTOS/Source/tasks.c **** 
1873:Middlewares/Third_Party/FreeRTOS/Source/tasks.c **** 					/* A higher priority task may have just been resumed. */
1874:Middlewares/Third_Party/FreeRTOS/Source/tasks.c **** 					if( pxTCB->uxPriority >= pxCurrentTCB->uxPriority )
1875:Middlewares/Third_Party/FreeRTOS/Source/tasks.c **** 					{
1876:Middlewares/Third_Party/FreeRTOS/Source/tasks.c **** 						/* This yield may not cause the task just resumed to run,
1877:Middlewares/Third_Party/FreeRTOS/Source/tasks.c **** 						but will leave the lists in the correct state for the
1878:Middlewares/Third_Party/FreeRTOS/Source/tasks.c **** 						next yield. */
1879:Middlewares/Third_Party/FreeRTOS/Source/tasks.c **** 						taskYIELD_IF_USING_PREEMPTION();
1880:Middlewares/Third_Party/FreeRTOS/Source/tasks.c **** 					}
1881:Middlewares/Third_Party/FreeRTOS/Source/tasks.c **** 					else
1882:Middlewares/Third_Party/FreeRTOS/Source/tasks.c **** 					{
1883:Middlewares/Third_Party/FreeRTOS/Source/tasks.c **** 						mtCOVERAGE_TEST_MARKER();
1884:Middlewares/Third_Party/FreeRTOS/Source/tasks.c **** 					}
1885:Middlewares/Third_Party/FreeRTOS/Source/tasks.c **** 				}
1886:Middlewares/Third_Party/FreeRTOS/Source/tasks.c **** 				else
1887:Middlewares/Third_Party/FreeRTOS/Source/tasks.c **** 				{
1888:Middlewares/Third_Party/FreeRTOS/Source/tasks.c **** 					mtCOVERAGE_TEST_MARKER();
1889:Middlewares/Third_Party/FreeRTOS/Source/tasks.c **** 				}
1890:Middlewares/Third_Party/FreeRTOS/Source/tasks.c **** 			}
1891:Middlewares/Third_Party/FreeRTOS/Source/tasks.c **** 			taskEXIT_CRITICAL();
1892:Middlewares/Third_Party/FreeRTOS/Source/tasks.c **** 		}
1893:Middlewares/Third_Party/FreeRTOS/Source/tasks.c **** 		else
1894:Middlewares/Third_Party/FreeRTOS/Source/tasks.c **** 		{
ARM GAS  /tmp/ccoDOEnO.s 			page 40


1895:Middlewares/Third_Party/FreeRTOS/Source/tasks.c **** 			mtCOVERAGE_TEST_MARKER();
1896:Middlewares/Third_Party/FreeRTOS/Source/tasks.c **** 		}
1897:Middlewares/Third_Party/FreeRTOS/Source/tasks.c **** 	}
1898:Middlewares/Third_Party/FreeRTOS/Source/tasks.c **** 
1899:Middlewares/Third_Party/FreeRTOS/Source/tasks.c **** #endif /* INCLUDE_vTaskSuspend */
1900:Middlewares/Third_Party/FreeRTOS/Source/tasks.c **** 
1901:Middlewares/Third_Party/FreeRTOS/Source/tasks.c **** /*-----------------------------------------------------------*/
1902:Middlewares/Third_Party/FreeRTOS/Source/tasks.c **** 
1903:Middlewares/Third_Party/FreeRTOS/Source/tasks.c **** #if ( ( INCLUDE_xTaskResumeFromISR == 1 ) && ( INCLUDE_vTaskSuspend == 1 ) )
1904:Middlewares/Third_Party/FreeRTOS/Source/tasks.c **** 
1905:Middlewares/Third_Party/FreeRTOS/Source/tasks.c **** 	BaseType_t xTaskResumeFromISR( TaskHandle_t xTaskToResume )
1906:Middlewares/Third_Party/FreeRTOS/Source/tasks.c **** 	{
1907:Middlewares/Third_Party/FreeRTOS/Source/tasks.c **** 	BaseType_t xYieldRequired = pdFALSE;
1908:Middlewares/Third_Party/FreeRTOS/Source/tasks.c **** 	TCB_t * const pxTCB = xTaskToResume;
1909:Middlewares/Third_Party/FreeRTOS/Source/tasks.c **** 	UBaseType_t uxSavedInterruptStatus;
1910:Middlewares/Third_Party/FreeRTOS/Source/tasks.c **** 
1911:Middlewares/Third_Party/FreeRTOS/Source/tasks.c **** 		configASSERT( xTaskToResume );
1912:Middlewares/Third_Party/FreeRTOS/Source/tasks.c **** 
1913:Middlewares/Third_Party/FreeRTOS/Source/tasks.c **** 		/* RTOS ports that support interrupt nesting have the concept of a
1914:Middlewares/Third_Party/FreeRTOS/Source/tasks.c **** 		maximum	system call (or maximum API call) interrupt priority.
1915:Middlewares/Third_Party/FreeRTOS/Source/tasks.c **** 		Interrupts that are	above the maximum system call priority are keep
1916:Middlewares/Third_Party/FreeRTOS/Source/tasks.c **** 		permanently enabled, even when the RTOS kernel is in a critical section,
1917:Middlewares/Third_Party/FreeRTOS/Source/tasks.c **** 		but cannot make any calls to FreeRTOS API functions.  If configASSERT()
1918:Middlewares/Third_Party/FreeRTOS/Source/tasks.c **** 		is defined in FreeRTOSConfig.h then
1919:Middlewares/Third_Party/FreeRTOS/Source/tasks.c **** 		portASSERT_IF_INTERRUPT_PRIORITY_INVALID() will result in an assertion
1920:Middlewares/Third_Party/FreeRTOS/Source/tasks.c **** 		failure if a FreeRTOS API function is called from an interrupt that has
1921:Middlewares/Third_Party/FreeRTOS/Source/tasks.c **** 		been assigned a priority above the configured maximum system call
1922:Middlewares/Third_Party/FreeRTOS/Source/tasks.c **** 		priority.  Only FreeRTOS functions that end in FromISR can be called
1923:Middlewares/Third_Party/FreeRTOS/Source/tasks.c **** 		from interrupts	that have been assigned a priority at or (logically)
1924:Middlewares/Third_Party/FreeRTOS/Source/tasks.c **** 		below the maximum system call interrupt priority.  FreeRTOS maintains a
1925:Middlewares/Third_Party/FreeRTOS/Source/tasks.c **** 		separate interrupt safe API to ensure interrupt entry is as fast and as
1926:Middlewares/Third_Party/FreeRTOS/Source/tasks.c **** 		simple as possible.  More information (albeit Cortex-M specific) is
1927:Middlewares/Third_Party/FreeRTOS/Source/tasks.c **** 		provided on the following link:
1928:Middlewares/Third_Party/FreeRTOS/Source/tasks.c **** 		https://www.freertos.org/RTOS-Cortex-M3-M4.html */
1929:Middlewares/Third_Party/FreeRTOS/Source/tasks.c **** 		portASSERT_IF_INTERRUPT_PRIORITY_INVALID();
1930:Middlewares/Third_Party/FreeRTOS/Source/tasks.c **** 
1931:Middlewares/Third_Party/FreeRTOS/Source/tasks.c **** 		uxSavedInterruptStatus = portSET_INTERRUPT_MASK_FROM_ISR();
1932:Middlewares/Third_Party/FreeRTOS/Source/tasks.c **** 		{
1933:Middlewares/Third_Party/FreeRTOS/Source/tasks.c **** 			if( prvTaskIsTaskSuspended( pxTCB ) != pdFALSE )
1934:Middlewares/Third_Party/FreeRTOS/Source/tasks.c **** 			{
1935:Middlewares/Third_Party/FreeRTOS/Source/tasks.c **** 				traceTASK_RESUME_FROM_ISR( pxTCB );
1936:Middlewares/Third_Party/FreeRTOS/Source/tasks.c **** 
1937:Middlewares/Third_Party/FreeRTOS/Source/tasks.c **** 				/* Check the ready lists can be accessed. */
1938:Middlewares/Third_Party/FreeRTOS/Source/tasks.c **** 				if( uxSchedulerSuspended == ( UBaseType_t ) pdFALSE )
1939:Middlewares/Third_Party/FreeRTOS/Source/tasks.c **** 				{
1940:Middlewares/Third_Party/FreeRTOS/Source/tasks.c **** 					/* Ready lists can be accessed so move the task from the
1941:Middlewares/Third_Party/FreeRTOS/Source/tasks.c **** 					suspended list to the ready list directly. */
1942:Middlewares/Third_Party/FreeRTOS/Source/tasks.c **** 					if( pxTCB->uxPriority >= pxCurrentTCB->uxPriority )
1943:Middlewares/Third_Party/FreeRTOS/Source/tasks.c **** 					{
1944:Middlewares/Third_Party/FreeRTOS/Source/tasks.c **** 						xYieldRequired = pdTRUE;
1945:Middlewares/Third_Party/FreeRTOS/Source/tasks.c **** 					}
1946:Middlewares/Third_Party/FreeRTOS/Source/tasks.c **** 					else
1947:Middlewares/Third_Party/FreeRTOS/Source/tasks.c **** 					{
1948:Middlewares/Third_Party/FreeRTOS/Source/tasks.c **** 						mtCOVERAGE_TEST_MARKER();
1949:Middlewares/Third_Party/FreeRTOS/Source/tasks.c **** 					}
1950:Middlewares/Third_Party/FreeRTOS/Source/tasks.c **** 
1951:Middlewares/Third_Party/FreeRTOS/Source/tasks.c **** 					( void ) uxListRemove( &( pxTCB->xStateListItem ) );
ARM GAS  /tmp/ccoDOEnO.s 			page 41


1952:Middlewares/Third_Party/FreeRTOS/Source/tasks.c **** 					prvAddTaskToReadyList( pxTCB );
1953:Middlewares/Third_Party/FreeRTOS/Source/tasks.c **** 				}
1954:Middlewares/Third_Party/FreeRTOS/Source/tasks.c **** 				else
1955:Middlewares/Third_Party/FreeRTOS/Source/tasks.c **** 				{
1956:Middlewares/Third_Party/FreeRTOS/Source/tasks.c **** 					/* The delayed or ready lists cannot be accessed so the task
1957:Middlewares/Third_Party/FreeRTOS/Source/tasks.c **** 					is held in the pending ready list until the scheduler is
1958:Middlewares/Third_Party/FreeRTOS/Source/tasks.c **** 					unsuspended. */
1959:Middlewares/Third_Party/FreeRTOS/Source/tasks.c **** 					vListInsertEnd( &( xPendingReadyList ), &( pxTCB->xEventListItem ) );
1960:Middlewares/Third_Party/FreeRTOS/Source/tasks.c **** 				}
1961:Middlewares/Third_Party/FreeRTOS/Source/tasks.c **** 			}
1962:Middlewares/Third_Party/FreeRTOS/Source/tasks.c **** 			else
1963:Middlewares/Third_Party/FreeRTOS/Source/tasks.c **** 			{
1964:Middlewares/Third_Party/FreeRTOS/Source/tasks.c **** 				mtCOVERAGE_TEST_MARKER();
1965:Middlewares/Third_Party/FreeRTOS/Source/tasks.c **** 			}
1966:Middlewares/Third_Party/FreeRTOS/Source/tasks.c **** 		}
1967:Middlewares/Third_Party/FreeRTOS/Source/tasks.c **** 		portCLEAR_INTERRUPT_MASK_FROM_ISR( uxSavedInterruptStatus );
1968:Middlewares/Third_Party/FreeRTOS/Source/tasks.c **** 
1969:Middlewares/Third_Party/FreeRTOS/Source/tasks.c **** 		return xYieldRequired;
1970:Middlewares/Third_Party/FreeRTOS/Source/tasks.c **** 	}
1971:Middlewares/Third_Party/FreeRTOS/Source/tasks.c **** 
1972:Middlewares/Third_Party/FreeRTOS/Source/tasks.c **** #endif /* ( ( INCLUDE_xTaskResumeFromISR == 1 ) && ( INCLUDE_vTaskSuspend == 1 ) ) */
1973:Middlewares/Third_Party/FreeRTOS/Source/tasks.c **** /*-----------------------------------------------------------*/
1974:Middlewares/Third_Party/FreeRTOS/Source/tasks.c **** 
1975:Middlewares/Third_Party/FreeRTOS/Source/tasks.c **** void vTaskStartScheduler( void )
1976:Middlewares/Third_Party/FreeRTOS/Source/tasks.c **** {
1977:Middlewares/Third_Party/FreeRTOS/Source/tasks.c **** BaseType_t xReturn;
1978:Middlewares/Third_Party/FreeRTOS/Source/tasks.c **** 
1979:Middlewares/Third_Party/FreeRTOS/Source/tasks.c **** 	/* Add the idle task at the lowest priority. */
1980:Middlewares/Third_Party/FreeRTOS/Source/tasks.c **** 	#if( configSUPPORT_STATIC_ALLOCATION == 1 )
1981:Middlewares/Third_Party/FreeRTOS/Source/tasks.c **** 	{
1982:Middlewares/Third_Party/FreeRTOS/Source/tasks.c **** 		StaticTask_t *pxIdleTaskTCBBuffer = NULL;
1983:Middlewares/Third_Party/FreeRTOS/Source/tasks.c **** 		StackType_t *pxIdleTaskStackBuffer = NULL;
1984:Middlewares/Third_Party/FreeRTOS/Source/tasks.c **** 		uint32_t ulIdleTaskStackSize;
1985:Middlewares/Third_Party/FreeRTOS/Source/tasks.c **** 
1986:Middlewares/Third_Party/FreeRTOS/Source/tasks.c **** 		/* The Idle task is created using user provided RAM - obtain the
1987:Middlewares/Third_Party/FreeRTOS/Source/tasks.c **** 		address of the RAM then create the idle task. */
1988:Middlewares/Third_Party/FreeRTOS/Source/tasks.c **** 		vApplicationGetIdleTaskMemory( &pxIdleTaskTCBBuffer, &pxIdleTaskStackBuffer, &ulIdleTaskStackSize
1989:Middlewares/Third_Party/FreeRTOS/Source/tasks.c **** 		xIdleTaskHandle = xTaskCreateStatic(	prvIdleTask,
1990:Middlewares/Third_Party/FreeRTOS/Source/tasks.c **** 												configIDLE_TASK_NAME,
1991:Middlewares/Third_Party/FreeRTOS/Source/tasks.c **** 												ulIdleTaskStackSize,
1992:Middlewares/Third_Party/FreeRTOS/Source/tasks.c **** 												( void * ) NULL, /*lint !e961.  The cast is not redundant for all compilers. */
1993:Middlewares/Third_Party/FreeRTOS/Source/tasks.c **** 												portPRIVILEGE_BIT, /* In effect ( tskIDLE_PRIORITY | portPRIVILEGE_BIT ), but tskIDLE_P
1994:Middlewares/Third_Party/FreeRTOS/Source/tasks.c **** 												pxIdleTaskStackBuffer,
1995:Middlewares/Third_Party/FreeRTOS/Source/tasks.c **** 												pxIdleTaskTCBBuffer ); /*lint !e961 MISRA exception, justified as it is not a redundant
1996:Middlewares/Third_Party/FreeRTOS/Source/tasks.c **** 
1997:Middlewares/Third_Party/FreeRTOS/Source/tasks.c **** 		if( xIdleTaskHandle != NULL )
1998:Middlewares/Third_Party/FreeRTOS/Source/tasks.c **** 		{
1999:Middlewares/Third_Party/FreeRTOS/Source/tasks.c **** 			xReturn = pdPASS;
2000:Middlewares/Third_Party/FreeRTOS/Source/tasks.c **** 		}
2001:Middlewares/Third_Party/FreeRTOS/Source/tasks.c **** 		else
2002:Middlewares/Third_Party/FreeRTOS/Source/tasks.c **** 		{
2003:Middlewares/Third_Party/FreeRTOS/Source/tasks.c **** 			xReturn = pdFAIL;
2004:Middlewares/Third_Party/FreeRTOS/Source/tasks.c **** 		}
2005:Middlewares/Third_Party/FreeRTOS/Source/tasks.c **** 	}
2006:Middlewares/Third_Party/FreeRTOS/Source/tasks.c **** 	#else
2007:Middlewares/Third_Party/FreeRTOS/Source/tasks.c **** 	{
2008:Middlewares/Third_Party/FreeRTOS/Source/tasks.c **** 		/* The Idle task is being created using dynamically allocated RAM. */
ARM GAS  /tmp/ccoDOEnO.s 			page 42


2009:Middlewares/Third_Party/FreeRTOS/Source/tasks.c **** 		xReturn = xTaskCreate(	prvIdleTask,
2010:Middlewares/Third_Party/FreeRTOS/Source/tasks.c **** 								configIDLE_TASK_NAME,
2011:Middlewares/Third_Party/FreeRTOS/Source/tasks.c **** 								configMINIMAL_STACK_SIZE,
2012:Middlewares/Third_Party/FreeRTOS/Source/tasks.c **** 								( void * ) NULL,
2013:Middlewares/Third_Party/FreeRTOS/Source/tasks.c **** 								portPRIVILEGE_BIT, /* In effect ( tskIDLE_PRIORITY | portPRIVILEGE_BIT ), but tskIDLE_PRIOR
2014:Middlewares/Third_Party/FreeRTOS/Source/tasks.c **** 								&xIdleTaskHandle ); /*lint !e961 MISRA exception, justified as it is not a redundant explic
2015:Middlewares/Third_Party/FreeRTOS/Source/tasks.c **** 	}
2016:Middlewares/Third_Party/FreeRTOS/Source/tasks.c **** 	#endif /* configSUPPORT_STATIC_ALLOCATION */
2017:Middlewares/Third_Party/FreeRTOS/Source/tasks.c **** 
2018:Middlewares/Third_Party/FreeRTOS/Source/tasks.c **** 	#if ( configUSE_TIMERS == 1 )
2019:Middlewares/Third_Party/FreeRTOS/Source/tasks.c **** 	{
2020:Middlewares/Third_Party/FreeRTOS/Source/tasks.c **** 		if( xReturn == pdPASS )
2021:Middlewares/Third_Party/FreeRTOS/Source/tasks.c **** 		{
2022:Middlewares/Third_Party/FreeRTOS/Source/tasks.c **** 			xReturn = xTimerCreateTimerTask();
2023:Middlewares/Third_Party/FreeRTOS/Source/tasks.c **** 		}
2024:Middlewares/Third_Party/FreeRTOS/Source/tasks.c **** 		else
2025:Middlewares/Third_Party/FreeRTOS/Source/tasks.c **** 		{
2026:Middlewares/Third_Party/FreeRTOS/Source/tasks.c **** 			mtCOVERAGE_TEST_MARKER();
2027:Middlewares/Third_Party/FreeRTOS/Source/tasks.c **** 		}
2028:Middlewares/Third_Party/FreeRTOS/Source/tasks.c **** 	}
2029:Middlewares/Third_Party/FreeRTOS/Source/tasks.c **** 	#endif /* configUSE_TIMERS */
2030:Middlewares/Third_Party/FreeRTOS/Source/tasks.c **** 
2031:Middlewares/Third_Party/FreeRTOS/Source/tasks.c **** 	if( xReturn == pdPASS )
2032:Middlewares/Third_Party/FreeRTOS/Source/tasks.c **** 	{
2033:Middlewares/Third_Party/FreeRTOS/Source/tasks.c **** 		/* freertos_tasks_c_additions_init() should only be called if the user
2034:Middlewares/Third_Party/FreeRTOS/Source/tasks.c **** 		definable macro FREERTOS_TASKS_C_ADDITIONS_INIT() is defined, as that is
2035:Middlewares/Third_Party/FreeRTOS/Source/tasks.c **** 		the only macro called by the function. */
2036:Middlewares/Third_Party/FreeRTOS/Source/tasks.c **** 		#ifdef FREERTOS_TASKS_C_ADDITIONS_INIT
2037:Middlewares/Third_Party/FreeRTOS/Source/tasks.c **** 		{
2038:Middlewares/Third_Party/FreeRTOS/Source/tasks.c **** 			freertos_tasks_c_additions_init();
2039:Middlewares/Third_Party/FreeRTOS/Source/tasks.c **** 		}
2040:Middlewares/Third_Party/FreeRTOS/Source/tasks.c **** 		#endif
2041:Middlewares/Third_Party/FreeRTOS/Source/tasks.c **** 
2042:Middlewares/Third_Party/FreeRTOS/Source/tasks.c **** 		/* Interrupts are turned off here, to ensure a tick does not occur
2043:Middlewares/Third_Party/FreeRTOS/Source/tasks.c **** 		before or during the call to xPortStartScheduler().  The stacks of
2044:Middlewares/Third_Party/FreeRTOS/Source/tasks.c **** 		the created tasks contain a status word with interrupts switched on
2045:Middlewares/Third_Party/FreeRTOS/Source/tasks.c **** 		so interrupts will automatically get re-enabled when the first task
2046:Middlewares/Third_Party/FreeRTOS/Source/tasks.c **** 		starts to run. */
2047:Middlewares/Third_Party/FreeRTOS/Source/tasks.c **** 		portDISABLE_INTERRUPTS();
2048:Middlewares/Third_Party/FreeRTOS/Source/tasks.c **** 
2049:Middlewares/Third_Party/FreeRTOS/Source/tasks.c **** 		#if ( configUSE_NEWLIB_REENTRANT == 1 )
2050:Middlewares/Third_Party/FreeRTOS/Source/tasks.c **** 		{
2051:Middlewares/Third_Party/FreeRTOS/Source/tasks.c **** 			/* Switch Newlib's _impure_ptr variable to point to the _reent
2052:Middlewares/Third_Party/FreeRTOS/Source/tasks.c **** 			structure specific to the task that will run first.
2053:Middlewares/Third_Party/FreeRTOS/Source/tasks.c **** 			See the third party link http://www.nadler.com/embedded/newlibAndFreeRTOS.html
2054:Middlewares/Third_Party/FreeRTOS/Source/tasks.c **** 			for additional information. */
2055:Middlewares/Third_Party/FreeRTOS/Source/tasks.c **** 			_impure_ptr = &( pxCurrentTCB->xNewLib_reent );
2056:Middlewares/Third_Party/FreeRTOS/Source/tasks.c **** 		}
2057:Middlewares/Third_Party/FreeRTOS/Source/tasks.c **** 		#endif /* configUSE_NEWLIB_REENTRANT */
2058:Middlewares/Third_Party/FreeRTOS/Source/tasks.c **** 
2059:Middlewares/Third_Party/FreeRTOS/Source/tasks.c **** 		xNextTaskUnblockTime = portMAX_DELAY;
2060:Middlewares/Third_Party/FreeRTOS/Source/tasks.c **** 		xSchedulerRunning = pdTRUE;
2061:Middlewares/Third_Party/FreeRTOS/Source/tasks.c **** 		xTickCount = ( TickType_t ) configINITIAL_TICK_COUNT;
2062:Middlewares/Third_Party/FreeRTOS/Source/tasks.c **** 
2063:Middlewares/Third_Party/FreeRTOS/Source/tasks.c **** 		/* If configGENERATE_RUN_TIME_STATS is defined then the following
2064:Middlewares/Third_Party/FreeRTOS/Source/tasks.c **** 		macro must be defined to configure the timer/counter used to generate
2065:Middlewares/Third_Party/FreeRTOS/Source/tasks.c **** 		the run time counter time base.   NOTE:  If configGENERATE_RUN_TIME_STATS
ARM GAS  /tmp/ccoDOEnO.s 			page 43


2066:Middlewares/Third_Party/FreeRTOS/Source/tasks.c **** 		is set to 0 and the following line fails to build then ensure you do not
2067:Middlewares/Third_Party/FreeRTOS/Source/tasks.c **** 		have portCONFIGURE_TIMER_FOR_RUN_TIME_STATS() defined in your
2068:Middlewares/Third_Party/FreeRTOS/Source/tasks.c **** 		FreeRTOSConfig.h file. */
2069:Middlewares/Third_Party/FreeRTOS/Source/tasks.c **** 		portCONFIGURE_TIMER_FOR_RUN_TIME_STATS();
2070:Middlewares/Third_Party/FreeRTOS/Source/tasks.c **** 
2071:Middlewares/Third_Party/FreeRTOS/Source/tasks.c **** 		traceTASK_SWITCHED_IN();
2072:Middlewares/Third_Party/FreeRTOS/Source/tasks.c **** 
2073:Middlewares/Third_Party/FreeRTOS/Source/tasks.c **** 		/* Setting up the timer tick is hardware specific and thus in the
2074:Middlewares/Third_Party/FreeRTOS/Source/tasks.c **** 		portable interface. */
2075:Middlewares/Third_Party/FreeRTOS/Source/tasks.c **** 		if( xPortStartScheduler() != pdFALSE )
2076:Middlewares/Third_Party/FreeRTOS/Source/tasks.c **** 		{
2077:Middlewares/Third_Party/FreeRTOS/Source/tasks.c **** 			/* Should not reach here as if the scheduler is running the
2078:Middlewares/Third_Party/FreeRTOS/Source/tasks.c **** 			function will not return. */
2079:Middlewares/Third_Party/FreeRTOS/Source/tasks.c **** 		}
2080:Middlewares/Third_Party/FreeRTOS/Source/tasks.c **** 		else
2081:Middlewares/Third_Party/FreeRTOS/Source/tasks.c **** 		{
2082:Middlewares/Third_Party/FreeRTOS/Source/tasks.c **** 			/* Should only reach here if a task calls xTaskEndScheduler(). */
2083:Middlewares/Third_Party/FreeRTOS/Source/tasks.c **** 		}
2084:Middlewares/Third_Party/FreeRTOS/Source/tasks.c **** 	}
2085:Middlewares/Third_Party/FreeRTOS/Source/tasks.c **** 	else
2086:Middlewares/Third_Party/FreeRTOS/Source/tasks.c **** 	{
2087:Middlewares/Third_Party/FreeRTOS/Source/tasks.c **** 		/* This line will only be reached if the kernel could not be started,
2088:Middlewares/Third_Party/FreeRTOS/Source/tasks.c **** 		because there was not enough FreeRTOS heap to create the idle task
2089:Middlewares/Third_Party/FreeRTOS/Source/tasks.c **** 		or the timer task. */
2090:Middlewares/Third_Party/FreeRTOS/Source/tasks.c **** 		configASSERT( xReturn != errCOULD_NOT_ALLOCATE_REQUIRED_MEMORY );
2091:Middlewares/Third_Party/FreeRTOS/Source/tasks.c **** 	}
2092:Middlewares/Third_Party/FreeRTOS/Source/tasks.c **** 
2093:Middlewares/Third_Party/FreeRTOS/Source/tasks.c **** 	/* Prevent compiler warnings if INCLUDE_xTaskGetIdleTaskHandle is set to 0,
2094:Middlewares/Third_Party/FreeRTOS/Source/tasks.c **** 	meaning xIdleTaskHandle is not used anywhere else. */
2095:Middlewares/Third_Party/FreeRTOS/Source/tasks.c **** 	( void ) xIdleTaskHandle;
2096:Middlewares/Third_Party/FreeRTOS/Source/tasks.c **** }
2097:Middlewares/Third_Party/FreeRTOS/Source/tasks.c **** /*-----------------------------------------------------------*/
2098:Middlewares/Third_Party/FreeRTOS/Source/tasks.c **** 
2099:Middlewares/Third_Party/FreeRTOS/Source/tasks.c **** void vTaskEndScheduler( void )
2100:Middlewares/Third_Party/FreeRTOS/Source/tasks.c **** {
2101:Middlewares/Third_Party/FreeRTOS/Source/tasks.c **** 	/* Stop the scheduler interrupts and call the portable scheduler end
2102:Middlewares/Third_Party/FreeRTOS/Source/tasks.c **** 	routine so the original ISRs can be restored if necessary.  The port
2103:Middlewares/Third_Party/FreeRTOS/Source/tasks.c **** 	layer must ensure interrupts enable	bit is left in the correct state. */
2104:Middlewares/Third_Party/FreeRTOS/Source/tasks.c **** 	portDISABLE_INTERRUPTS();
2105:Middlewares/Third_Party/FreeRTOS/Source/tasks.c **** 	xSchedulerRunning = pdFALSE;
2106:Middlewares/Third_Party/FreeRTOS/Source/tasks.c **** 	vPortEndScheduler();
2107:Middlewares/Third_Party/FreeRTOS/Source/tasks.c **** }
2108:Middlewares/Third_Party/FreeRTOS/Source/tasks.c **** /*----------------------------------------------------------*/
2109:Middlewares/Third_Party/FreeRTOS/Source/tasks.c **** 
2110:Middlewares/Third_Party/FreeRTOS/Source/tasks.c **** void vTaskSuspendAll( void )
2111:Middlewares/Third_Party/FreeRTOS/Source/tasks.c **** {
2112:Middlewares/Third_Party/FreeRTOS/Source/tasks.c **** 	/* A critical section is not required as the variable is of type
2113:Middlewares/Third_Party/FreeRTOS/Source/tasks.c **** 	BaseType_t.  Please read Richard Barry's reply in the following link to a
2114:Middlewares/Third_Party/FreeRTOS/Source/tasks.c **** 	post in the FreeRTOS support forum before reporting this as a bug! -
2115:Middlewares/Third_Party/FreeRTOS/Source/tasks.c **** 	http://goo.gl/wu4acr */
2116:Middlewares/Third_Party/FreeRTOS/Source/tasks.c **** 
2117:Middlewares/Third_Party/FreeRTOS/Source/tasks.c **** 	/* portSOFRWARE_BARRIER() is only implemented for emulated/simulated ports that
2118:Middlewares/Third_Party/FreeRTOS/Source/tasks.c **** 	do not otherwise exhibit real time behaviour. */
2119:Middlewares/Third_Party/FreeRTOS/Source/tasks.c **** 	portSOFTWARE_BARRIER();
2120:Middlewares/Third_Party/FreeRTOS/Source/tasks.c **** 
2121:Middlewares/Third_Party/FreeRTOS/Source/tasks.c **** 	/* The scheduler is suspended if uxSchedulerSuspended is non-zero.  An increment
2122:Middlewares/Third_Party/FreeRTOS/Source/tasks.c **** 	is used to allow calls to vTaskSuspendAll() to nest. */
ARM GAS  /tmp/ccoDOEnO.s 			page 44


2123:Middlewares/Third_Party/FreeRTOS/Source/tasks.c **** 	++uxSchedulerSuspended;
2124:Middlewares/Third_Party/FreeRTOS/Source/tasks.c **** 
2125:Middlewares/Third_Party/FreeRTOS/Source/tasks.c **** 	/* Enforces ordering for ports and optimised compilers that may otherwise place
2126:Middlewares/Third_Party/FreeRTOS/Source/tasks.c **** 	the above increment elsewhere. */
2127:Middlewares/Third_Party/FreeRTOS/Source/tasks.c **** 	portMEMORY_BARRIER();
2128:Middlewares/Third_Party/FreeRTOS/Source/tasks.c **** }
2129:Middlewares/Third_Party/FreeRTOS/Source/tasks.c **** /*----------------------------------------------------------*/
2130:Middlewares/Third_Party/FreeRTOS/Source/tasks.c **** 
2131:Middlewares/Third_Party/FreeRTOS/Source/tasks.c **** #if ( configUSE_TICKLESS_IDLE != 0 )
2132:Middlewares/Third_Party/FreeRTOS/Source/tasks.c **** 
2133:Middlewares/Third_Party/FreeRTOS/Source/tasks.c **** 	static TickType_t prvGetExpectedIdleTime( void )
2134:Middlewares/Third_Party/FreeRTOS/Source/tasks.c **** 	{
2135:Middlewares/Third_Party/FreeRTOS/Source/tasks.c **** 	TickType_t xReturn;
2136:Middlewares/Third_Party/FreeRTOS/Source/tasks.c **** 	UBaseType_t uxHigherPriorityReadyTasks = pdFALSE;
2137:Middlewares/Third_Party/FreeRTOS/Source/tasks.c **** 
2138:Middlewares/Third_Party/FreeRTOS/Source/tasks.c **** 		/* uxHigherPriorityReadyTasks takes care of the case where
2139:Middlewares/Third_Party/FreeRTOS/Source/tasks.c **** 		configUSE_PREEMPTION is 0, so there may be tasks above the idle priority
2140:Middlewares/Third_Party/FreeRTOS/Source/tasks.c **** 		task that are in the Ready state, even though the idle task is
2141:Middlewares/Third_Party/FreeRTOS/Source/tasks.c **** 		running. */
2142:Middlewares/Third_Party/FreeRTOS/Source/tasks.c **** 		#if( configUSE_PORT_OPTIMISED_TASK_SELECTION == 0 )
2143:Middlewares/Third_Party/FreeRTOS/Source/tasks.c **** 		{
2144:Middlewares/Third_Party/FreeRTOS/Source/tasks.c **** 			if( uxTopReadyPriority > tskIDLE_PRIORITY )
2145:Middlewares/Third_Party/FreeRTOS/Source/tasks.c **** 			{
2146:Middlewares/Third_Party/FreeRTOS/Source/tasks.c **** 				uxHigherPriorityReadyTasks = pdTRUE;
2147:Middlewares/Third_Party/FreeRTOS/Source/tasks.c **** 			}
2148:Middlewares/Third_Party/FreeRTOS/Source/tasks.c **** 		}
2149:Middlewares/Third_Party/FreeRTOS/Source/tasks.c **** 		#else
2150:Middlewares/Third_Party/FreeRTOS/Source/tasks.c **** 		{
2151:Middlewares/Third_Party/FreeRTOS/Source/tasks.c **** 			const UBaseType_t uxLeastSignificantBit = ( UBaseType_t ) 0x01;
2152:Middlewares/Third_Party/FreeRTOS/Source/tasks.c **** 
2153:Middlewares/Third_Party/FreeRTOS/Source/tasks.c **** 			/* When port optimised task selection is used the uxTopReadyPriority
2154:Middlewares/Third_Party/FreeRTOS/Source/tasks.c **** 			variable is used as a bit map.  If bits other than the least
2155:Middlewares/Third_Party/FreeRTOS/Source/tasks.c **** 			significant bit are set then there are tasks that have a priority
2156:Middlewares/Third_Party/FreeRTOS/Source/tasks.c **** 			above the idle priority that are in the Ready state.  This takes
2157:Middlewares/Third_Party/FreeRTOS/Source/tasks.c **** 			care of the case where the co-operative scheduler is in use. */
2158:Middlewares/Third_Party/FreeRTOS/Source/tasks.c **** 			if( uxTopReadyPriority > uxLeastSignificantBit )
2159:Middlewares/Third_Party/FreeRTOS/Source/tasks.c **** 			{
2160:Middlewares/Third_Party/FreeRTOS/Source/tasks.c **** 				uxHigherPriorityReadyTasks = pdTRUE;
2161:Middlewares/Third_Party/FreeRTOS/Source/tasks.c **** 			}
2162:Middlewares/Third_Party/FreeRTOS/Source/tasks.c **** 		}
2163:Middlewares/Third_Party/FreeRTOS/Source/tasks.c **** 		#endif
2164:Middlewares/Third_Party/FreeRTOS/Source/tasks.c **** 
2165:Middlewares/Third_Party/FreeRTOS/Source/tasks.c **** 		if( pxCurrentTCB->uxPriority > tskIDLE_PRIORITY )
2166:Middlewares/Third_Party/FreeRTOS/Source/tasks.c **** 		{
2167:Middlewares/Third_Party/FreeRTOS/Source/tasks.c **** 			xReturn = 0;
2168:Middlewares/Third_Party/FreeRTOS/Source/tasks.c **** 		}
2169:Middlewares/Third_Party/FreeRTOS/Source/tasks.c **** 		else if( listCURRENT_LIST_LENGTH( &( pxReadyTasksLists[ tskIDLE_PRIORITY ] ) ) > 1 )
2170:Middlewares/Third_Party/FreeRTOS/Source/tasks.c **** 		{
2171:Middlewares/Third_Party/FreeRTOS/Source/tasks.c **** 			/* There are other idle priority tasks in the ready state.  If
2172:Middlewares/Third_Party/FreeRTOS/Source/tasks.c **** 			time slicing is used then the very next tick interrupt must be
2173:Middlewares/Third_Party/FreeRTOS/Source/tasks.c **** 			processed. */
2174:Middlewares/Third_Party/FreeRTOS/Source/tasks.c **** 			xReturn = 0;
2175:Middlewares/Third_Party/FreeRTOS/Source/tasks.c **** 		}
2176:Middlewares/Third_Party/FreeRTOS/Source/tasks.c **** 		else if( uxHigherPriorityReadyTasks != pdFALSE )
2177:Middlewares/Third_Party/FreeRTOS/Source/tasks.c **** 		{
2178:Middlewares/Third_Party/FreeRTOS/Source/tasks.c **** 			/* There are tasks in the Ready state that have a priority above the
2179:Middlewares/Third_Party/FreeRTOS/Source/tasks.c **** 			idle priority.  This path can only be reached if
ARM GAS  /tmp/ccoDOEnO.s 			page 45


2180:Middlewares/Third_Party/FreeRTOS/Source/tasks.c **** 			configUSE_PREEMPTION is 0. */
2181:Middlewares/Third_Party/FreeRTOS/Source/tasks.c **** 			xReturn = 0;
2182:Middlewares/Third_Party/FreeRTOS/Source/tasks.c **** 		}
2183:Middlewares/Third_Party/FreeRTOS/Source/tasks.c **** 		else
2184:Middlewares/Third_Party/FreeRTOS/Source/tasks.c **** 		{
2185:Middlewares/Third_Party/FreeRTOS/Source/tasks.c **** 			xReturn = xNextTaskUnblockTime - xTickCount;
2186:Middlewares/Third_Party/FreeRTOS/Source/tasks.c **** 		}
2187:Middlewares/Third_Party/FreeRTOS/Source/tasks.c **** 
2188:Middlewares/Third_Party/FreeRTOS/Source/tasks.c **** 		return xReturn;
2189:Middlewares/Third_Party/FreeRTOS/Source/tasks.c **** 	}
2190:Middlewares/Third_Party/FreeRTOS/Source/tasks.c **** 
2191:Middlewares/Third_Party/FreeRTOS/Source/tasks.c **** #endif /* configUSE_TICKLESS_IDLE */
2192:Middlewares/Third_Party/FreeRTOS/Source/tasks.c **** /*----------------------------------------------------------*/
2193:Middlewares/Third_Party/FreeRTOS/Source/tasks.c **** 
2194:Middlewares/Third_Party/FreeRTOS/Source/tasks.c **** BaseType_t xTaskResumeAll( void )
2195:Middlewares/Third_Party/FreeRTOS/Source/tasks.c **** {
2196:Middlewares/Third_Party/FreeRTOS/Source/tasks.c **** TCB_t *pxTCB = NULL;
2197:Middlewares/Third_Party/FreeRTOS/Source/tasks.c **** BaseType_t xAlreadyYielded = pdFALSE;
2198:Middlewares/Third_Party/FreeRTOS/Source/tasks.c **** 
2199:Middlewares/Third_Party/FreeRTOS/Source/tasks.c **** 	/* If uxSchedulerSuspended is zero then this function does not match a
2200:Middlewares/Third_Party/FreeRTOS/Source/tasks.c **** 	previous call to vTaskSuspendAll(). */
2201:Middlewares/Third_Party/FreeRTOS/Source/tasks.c **** 	configASSERT( uxSchedulerSuspended );
2202:Middlewares/Third_Party/FreeRTOS/Source/tasks.c **** 
2203:Middlewares/Third_Party/FreeRTOS/Source/tasks.c **** 	/* It is possible that an ISR caused a task to be removed from an event
2204:Middlewares/Third_Party/FreeRTOS/Source/tasks.c **** 	list while the scheduler was suspended.  If this was the case then the
2205:Middlewares/Third_Party/FreeRTOS/Source/tasks.c **** 	removed task will have been added to the xPendingReadyList.  Once the
2206:Middlewares/Third_Party/FreeRTOS/Source/tasks.c **** 	scheduler has been resumed it is safe to move all the pending ready
2207:Middlewares/Third_Party/FreeRTOS/Source/tasks.c **** 	tasks from this list into their appropriate ready list. */
2208:Middlewares/Third_Party/FreeRTOS/Source/tasks.c **** 	taskENTER_CRITICAL();
2209:Middlewares/Third_Party/FreeRTOS/Source/tasks.c **** 	{
2210:Middlewares/Third_Party/FreeRTOS/Source/tasks.c **** 		--uxSchedulerSuspended;
2211:Middlewares/Third_Party/FreeRTOS/Source/tasks.c **** 
2212:Middlewares/Third_Party/FreeRTOS/Source/tasks.c **** 		if( uxSchedulerSuspended == ( UBaseType_t ) pdFALSE )
2213:Middlewares/Third_Party/FreeRTOS/Source/tasks.c **** 		{
2214:Middlewares/Third_Party/FreeRTOS/Source/tasks.c **** 			if( uxCurrentNumberOfTasks > ( UBaseType_t ) 0U )
2215:Middlewares/Third_Party/FreeRTOS/Source/tasks.c **** 			{
2216:Middlewares/Third_Party/FreeRTOS/Source/tasks.c **** 				/* Move any readied tasks from the pending list into the
2217:Middlewares/Third_Party/FreeRTOS/Source/tasks.c **** 				appropriate ready list. */
2218:Middlewares/Third_Party/FreeRTOS/Source/tasks.c **** 				while( listLIST_IS_EMPTY( &xPendingReadyList ) == pdFALSE )
2219:Middlewares/Third_Party/FreeRTOS/Source/tasks.c **** 				{
2220:Middlewares/Third_Party/FreeRTOS/Source/tasks.c **** 					pxTCB = listGET_OWNER_OF_HEAD_ENTRY( ( &xPendingReadyList ) ); /*lint !e9079 void * is used as
2221:Middlewares/Third_Party/FreeRTOS/Source/tasks.c **** 					( void ) uxListRemove( &( pxTCB->xEventListItem ) );
2222:Middlewares/Third_Party/FreeRTOS/Source/tasks.c **** 					( void ) uxListRemove( &( pxTCB->xStateListItem ) );
2223:Middlewares/Third_Party/FreeRTOS/Source/tasks.c **** 					prvAddTaskToReadyList( pxTCB );
2224:Middlewares/Third_Party/FreeRTOS/Source/tasks.c **** 
2225:Middlewares/Third_Party/FreeRTOS/Source/tasks.c **** 					/* If the moved task has a priority higher than the current
2226:Middlewares/Third_Party/FreeRTOS/Source/tasks.c **** 					task then a yield must be performed. */
2227:Middlewares/Third_Party/FreeRTOS/Source/tasks.c **** 					if( pxTCB->uxPriority >= pxCurrentTCB->uxPriority )
2228:Middlewares/Third_Party/FreeRTOS/Source/tasks.c **** 					{
2229:Middlewares/Third_Party/FreeRTOS/Source/tasks.c **** 						xYieldPending = pdTRUE;
2230:Middlewares/Third_Party/FreeRTOS/Source/tasks.c **** 					}
2231:Middlewares/Third_Party/FreeRTOS/Source/tasks.c **** 					else
2232:Middlewares/Third_Party/FreeRTOS/Source/tasks.c **** 					{
2233:Middlewares/Third_Party/FreeRTOS/Source/tasks.c **** 						mtCOVERAGE_TEST_MARKER();
2234:Middlewares/Third_Party/FreeRTOS/Source/tasks.c **** 					}
2235:Middlewares/Third_Party/FreeRTOS/Source/tasks.c **** 				}
2236:Middlewares/Third_Party/FreeRTOS/Source/tasks.c **** 
ARM GAS  /tmp/ccoDOEnO.s 			page 46


2237:Middlewares/Third_Party/FreeRTOS/Source/tasks.c **** 				if( pxTCB != NULL )
2238:Middlewares/Third_Party/FreeRTOS/Source/tasks.c **** 				{
2239:Middlewares/Third_Party/FreeRTOS/Source/tasks.c **** 					/* A task was unblocked while the scheduler was suspended,
2240:Middlewares/Third_Party/FreeRTOS/Source/tasks.c **** 					which may have prevented the next unblock time from being
2241:Middlewares/Third_Party/FreeRTOS/Source/tasks.c **** 					re-calculated, in which case re-calculate it now.  Mainly
2242:Middlewares/Third_Party/FreeRTOS/Source/tasks.c **** 					important for low power tickless implementations, where
2243:Middlewares/Third_Party/FreeRTOS/Source/tasks.c **** 					this can prevent an unnecessary exit from low power
2244:Middlewares/Third_Party/FreeRTOS/Source/tasks.c **** 					state. */
2245:Middlewares/Third_Party/FreeRTOS/Source/tasks.c **** 					prvResetNextTaskUnblockTime();
2246:Middlewares/Third_Party/FreeRTOS/Source/tasks.c **** 				}
2247:Middlewares/Third_Party/FreeRTOS/Source/tasks.c **** 
2248:Middlewares/Third_Party/FreeRTOS/Source/tasks.c **** 				/* If any ticks occurred while the scheduler was suspended then
2249:Middlewares/Third_Party/FreeRTOS/Source/tasks.c **** 				they should be processed now.  This ensures the tick count does
2250:Middlewares/Third_Party/FreeRTOS/Source/tasks.c **** 				not	slip, and that any delayed tasks are resumed at the correct
2251:Middlewares/Third_Party/FreeRTOS/Source/tasks.c **** 				time. */
2252:Middlewares/Third_Party/FreeRTOS/Source/tasks.c **** 				{
2253:Middlewares/Third_Party/FreeRTOS/Source/tasks.c **** 					TickType_t xPendedCounts = xPendedTicks; /* Non-volatile copy. */
2254:Middlewares/Third_Party/FreeRTOS/Source/tasks.c **** 
2255:Middlewares/Third_Party/FreeRTOS/Source/tasks.c **** 					if( xPendedCounts > ( TickType_t ) 0U )
2256:Middlewares/Third_Party/FreeRTOS/Source/tasks.c **** 					{
2257:Middlewares/Third_Party/FreeRTOS/Source/tasks.c **** 						do
2258:Middlewares/Third_Party/FreeRTOS/Source/tasks.c **** 						{
2259:Middlewares/Third_Party/FreeRTOS/Source/tasks.c **** 							if( xTaskIncrementTick() != pdFALSE )
2260:Middlewares/Third_Party/FreeRTOS/Source/tasks.c **** 							{
2261:Middlewares/Third_Party/FreeRTOS/Source/tasks.c **** 								xYieldPending = pdTRUE;
2262:Middlewares/Third_Party/FreeRTOS/Source/tasks.c **** 							}
2263:Middlewares/Third_Party/FreeRTOS/Source/tasks.c **** 							else
2264:Middlewares/Third_Party/FreeRTOS/Source/tasks.c **** 							{
2265:Middlewares/Third_Party/FreeRTOS/Source/tasks.c **** 								mtCOVERAGE_TEST_MARKER();
2266:Middlewares/Third_Party/FreeRTOS/Source/tasks.c **** 							}
2267:Middlewares/Third_Party/FreeRTOS/Source/tasks.c **** 							--xPendedCounts;
2268:Middlewares/Third_Party/FreeRTOS/Source/tasks.c **** 						} while( xPendedCounts > ( TickType_t ) 0U );
2269:Middlewares/Third_Party/FreeRTOS/Source/tasks.c **** 
2270:Middlewares/Third_Party/FreeRTOS/Source/tasks.c **** 						xPendedTicks = 0;
2271:Middlewares/Third_Party/FreeRTOS/Source/tasks.c **** 					}
2272:Middlewares/Third_Party/FreeRTOS/Source/tasks.c **** 					else
2273:Middlewares/Third_Party/FreeRTOS/Source/tasks.c **** 					{
2274:Middlewares/Third_Party/FreeRTOS/Source/tasks.c **** 						mtCOVERAGE_TEST_MARKER();
2275:Middlewares/Third_Party/FreeRTOS/Source/tasks.c **** 					}
2276:Middlewares/Third_Party/FreeRTOS/Source/tasks.c **** 				}
2277:Middlewares/Third_Party/FreeRTOS/Source/tasks.c **** 
2278:Middlewares/Third_Party/FreeRTOS/Source/tasks.c **** 				if( xYieldPending != pdFALSE )
2279:Middlewares/Third_Party/FreeRTOS/Source/tasks.c **** 				{
2280:Middlewares/Third_Party/FreeRTOS/Source/tasks.c **** 					#if( configUSE_PREEMPTION != 0 )
2281:Middlewares/Third_Party/FreeRTOS/Source/tasks.c **** 					{
2282:Middlewares/Third_Party/FreeRTOS/Source/tasks.c **** 						xAlreadyYielded = pdTRUE;
2283:Middlewares/Third_Party/FreeRTOS/Source/tasks.c **** 					}
2284:Middlewares/Third_Party/FreeRTOS/Source/tasks.c **** 					#endif
2285:Middlewares/Third_Party/FreeRTOS/Source/tasks.c **** 					taskYIELD_IF_USING_PREEMPTION();
2286:Middlewares/Third_Party/FreeRTOS/Source/tasks.c **** 				}
2287:Middlewares/Third_Party/FreeRTOS/Source/tasks.c **** 				else
2288:Middlewares/Third_Party/FreeRTOS/Source/tasks.c **** 				{
2289:Middlewares/Third_Party/FreeRTOS/Source/tasks.c **** 					mtCOVERAGE_TEST_MARKER();
2290:Middlewares/Third_Party/FreeRTOS/Source/tasks.c **** 				}
2291:Middlewares/Third_Party/FreeRTOS/Source/tasks.c **** 			}
2292:Middlewares/Third_Party/FreeRTOS/Source/tasks.c **** 		}
2293:Middlewares/Third_Party/FreeRTOS/Source/tasks.c **** 		else
ARM GAS  /tmp/ccoDOEnO.s 			page 47


2294:Middlewares/Third_Party/FreeRTOS/Source/tasks.c **** 		{
2295:Middlewares/Third_Party/FreeRTOS/Source/tasks.c **** 			mtCOVERAGE_TEST_MARKER();
2296:Middlewares/Third_Party/FreeRTOS/Source/tasks.c **** 		}
2297:Middlewares/Third_Party/FreeRTOS/Source/tasks.c **** 	}
2298:Middlewares/Third_Party/FreeRTOS/Source/tasks.c **** 	taskEXIT_CRITICAL();
2299:Middlewares/Third_Party/FreeRTOS/Source/tasks.c **** 
2300:Middlewares/Third_Party/FreeRTOS/Source/tasks.c **** 	return xAlreadyYielded;
2301:Middlewares/Third_Party/FreeRTOS/Source/tasks.c **** }
2302:Middlewares/Third_Party/FreeRTOS/Source/tasks.c **** /*-----------------------------------------------------------*/
2303:Middlewares/Third_Party/FreeRTOS/Source/tasks.c **** 
2304:Middlewares/Third_Party/FreeRTOS/Source/tasks.c **** TickType_t xTaskGetTickCount( void )
2305:Middlewares/Third_Party/FreeRTOS/Source/tasks.c **** {
2306:Middlewares/Third_Party/FreeRTOS/Source/tasks.c **** TickType_t xTicks;
2307:Middlewares/Third_Party/FreeRTOS/Source/tasks.c **** 
2308:Middlewares/Third_Party/FreeRTOS/Source/tasks.c **** 	/* Critical section required if running on a 16 bit processor. */
2309:Middlewares/Third_Party/FreeRTOS/Source/tasks.c **** 	portTICK_TYPE_ENTER_CRITICAL();
2310:Middlewares/Third_Party/FreeRTOS/Source/tasks.c **** 	{
2311:Middlewares/Third_Party/FreeRTOS/Source/tasks.c **** 		xTicks = xTickCount;
2312:Middlewares/Third_Party/FreeRTOS/Source/tasks.c **** 	}
2313:Middlewares/Third_Party/FreeRTOS/Source/tasks.c **** 	portTICK_TYPE_EXIT_CRITICAL();
2314:Middlewares/Third_Party/FreeRTOS/Source/tasks.c **** 
2315:Middlewares/Third_Party/FreeRTOS/Source/tasks.c **** 	return xTicks;
2316:Middlewares/Third_Party/FreeRTOS/Source/tasks.c **** }
2317:Middlewares/Third_Party/FreeRTOS/Source/tasks.c **** /*-----------------------------------------------------------*/
2318:Middlewares/Third_Party/FreeRTOS/Source/tasks.c **** 
2319:Middlewares/Third_Party/FreeRTOS/Source/tasks.c **** TickType_t xTaskGetTickCountFromISR( void )
2320:Middlewares/Third_Party/FreeRTOS/Source/tasks.c **** {
2321:Middlewares/Third_Party/FreeRTOS/Source/tasks.c **** TickType_t xReturn;
2322:Middlewares/Third_Party/FreeRTOS/Source/tasks.c **** UBaseType_t uxSavedInterruptStatus;
2323:Middlewares/Third_Party/FreeRTOS/Source/tasks.c **** 
2324:Middlewares/Third_Party/FreeRTOS/Source/tasks.c **** 	/* RTOS ports that support interrupt nesting have the concept of a maximum
2325:Middlewares/Third_Party/FreeRTOS/Source/tasks.c **** 	system call (or maximum API call) interrupt priority.  Interrupts that are
2326:Middlewares/Third_Party/FreeRTOS/Source/tasks.c **** 	above the maximum system call priority are kept permanently enabled, even
2327:Middlewares/Third_Party/FreeRTOS/Source/tasks.c **** 	when the RTOS kernel is in a critical section, but cannot make any calls to
2328:Middlewares/Third_Party/FreeRTOS/Source/tasks.c **** 	FreeRTOS API functions.  If configASSERT() is defined in FreeRTOSConfig.h
2329:Middlewares/Third_Party/FreeRTOS/Source/tasks.c **** 	then portASSERT_IF_INTERRUPT_PRIORITY_INVALID() will result in an assertion
2330:Middlewares/Third_Party/FreeRTOS/Source/tasks.c **** 	failure if a FreeRTOS API function is called from an interrupt that has been
2331:Middlewares/Third_Party/FreeRTOS/Source/tasks.c **** 	assigned a priority above the configured maximum system call priority.
2332:Middlewares/Third_Party/FreeRTOS/Source/tasks.c **** 	Only FreeRTOS functions that end in FromISR can be called from interrupts
2333:Middlewares/Third_Party/FreeRTOS/Source/tasks.c **** 	that have been assigned a priority at or (logically) below the maximum
2334:Middlewares/Third_Party/FreeRTOS/Source/tasks.c **** 	system call	interrupt priority.  FreeRTOS maintains a separate interrupt
2335:Middlewares/Third_Party/FreeRTOS/Source/tasks.c **** 	safe API to ensure interrupt entry is as fast and as simple as possible.
2336:Middlewares/Third_Party/FreeRTOS/Source/tasks.c **** 	More information (albeit Cortex-M specific) is provided on the following
2337:Middlewares/Third_Party/FreeRTOS/Source/tasks.c **** 	link: https://www.freertos.org/RTOS-Cortex-M3-M4.html */
2338:Middlewares/Third_Party/FreeRTOS/Source/tasks.c **** 	portASSERT_IF_INTERRUPT_PRIORITY_INVALID();
2339:Middlewares/Third_Party/FreeRTOS/Source/tasks.c **** 
2340:Middlewares/Third_Party/FreeRTOS/Source/tasks.c **** 	uxSavedInterruptStatus = portTICK_TYPE_SET_INTERRUPT_MASK_FROM_ISR();
2341:Middlewares/Third_Party/FreeRTOS/Source/tasks.c **** 	{
2342:Middlewares/Third_Party/FreeRTOS/Source/tasks.c **** 		xReturn = xTickCount;
2343:Middlewares/Third_Party/FreeRTOS/Source/tasks.c **** 	}
2344:Middlewares/Third_Party/FreeRTOS/Source/tasks.c **** 	portTICK_TYPE_CLEAR_INTERRUPT_MASK_FROM_ISR( uxSavedInterruptStatus );
2345:Middlewares/Third_Party/FreeRTOS/Source/tasks.c **** 
2346:Middlewares/Third_Party/FreeRTOS/Source/tasks.c **** 	return xReturn;
2347:Middlewares/Third_Party/FreeRTOS/Source/tasks.c **** }
2348:Middlewares/Third_Party/FreeRTOS/Source/tasks.c **** /*-----------------------------------------------------------*/
2349:Middlewares/Third_Party/FreeRTOS/Source/tasks.c **** 
2350:Middlewares/Third_Party/FreeRTOS/Source/tasks.c **** UBaseType_t uxTaskGetNumberOfTasks( void )
ARM GAS  /tmp/ccoDOEnO.s 			page 48


2351:Middlewares/Third_Party/FreeRTOS/Source/tasks.c **** {
2352:Middlewares/Third_Party/FreeRTOS/Source/tasks.c **** 	/* A critical section is not required because the variables are of type
2353:Middlewares/Third_Party/FreeRTOS/Source/tasks.c **** 	BaseType_t. */
2354:Middlewares/Third_Party/FreeRTOS/Source/tasks.c **** 	return uxCurrentNumberOfTasks;
2355:Middlewares/Third_Party/FreeRTOS/Source/tasks.c **** }
2356:Middlewares/Third_Party/FreeRTOS/Source/tasks.c **** /*-----------------------------------------------------------*/
2357:Middlewares/Third_Party/FreeRTOS/Source/tasks.c **** 
2358:Middlewares/Third_Party/FreeRTOS/Source/tasks.c **** char *pcTaskGetName( TaskHandle_t xTaskToQuery ) /*lint !e971 Unqualified char types are allowed fo
2359:Middlewares/Third_Party/FreeRTOS/Source/tasks.c **** {
2360:Middlewares/Third_Party/FreeRTOS/Source/tasks.c **** TCB_t *pxTCB;
2361:Middlewares/Third_Party/FreeRTOS/Source/tasks.c **** 
2362:Middlewares/Third_Party/FreeRTOS/Source/tasks.c **** 	/* If null is passed in here then the name of the calling task is being
2363:Middlewares/Third_Party/FreeRTOS/Source/tasks.c **** 	queried. */
2364:Middlewares/Third_Party/FreeRTOS/Source/tasks.c **** 	pxTCB = prvGetTCBFromHandle( xTaskToQuery );
2365:Middlewares/Third_Party/FreeRTOS/Source/tasks.c **** 	configASSERT( pxTCB );
2366:Middlewares/Third_Party/FreeRTOS/Source/tasks.c **** 	return &( pxTCB->pcTaskName[ 0 ] );
2367:Middlewares/Third_Party/FreeRTOS/Source/tasks.c **** }
2368:Middlewares/Third_Party/FreeRTOS/Source/tasks.c **** /*-----------------------------------------------------------*/
2369:Middlewares/Third_Party/FreeRTOS/Source/tasks.c **** 
2370:Middlewares/Third_Party/FreeRTOS/Source/tasks.c **** #if ( INCLUDE_xTaskGetHandle == 1 )
2371:Middlewares/Third_Party/FreeRTOS/Source/tasks.c **** 
2372:Middlewares/Third_Party/FreeRTOS/Source/tasks.c **** 	static TCB_t *prvSearchForNameWithinSingleList( List_t *pxList, const char pcNameToQuery[] )
2373:Middlewares/Third_Party/FreeRTOS/Source/tasks.c **** 	{
2374:Middlewares/Third_Party/FreeRTOS/Source/tasks.c **** 	TCB_t *pxNextTCB, *pxFirstTCB, *pxReturn = NULL;
2375:Middlewares/Third_Party/FreeRTOS/Source/tasks.c **** 	UBaseType_t x;
2376:Middlewares/Third_Party/FreeRTOS/Source/tasks.c **** 	char cNextChar;
2377:Middlewares/Third_Party/FreeRTOS/Source/tasks.c **** 	BaseType_t xBreakLoop;
2378:Middlewares/Third_Party/FreeRTOS/Source/tasks.c **** 
2379:Middlewares/Third_Party/FreeRTOS/Source/tasks.c **** 		/* This function is called with the scheduler suspended. */
2380:Middlewares/Third_Party/FreeRTOS/Source/tasks.c **** 
2381:Middlewares/Third_Party/FreeRTOS/Source/tasks.c **** 		if( listCURRENT_LIST_LENGTH( pxList ) > ( UBaseType_t ) 0 )
2382:Middlewares/Third_Party/FreeRTOS/Source/tasks.c **** 		{
2383:Middlewares/Third_Party/FreeRTOS/Source/tasks.c **** 			listGET_OWNER_OF_NEXT_ENTRY( pxFirstTCB, pxList );  /*lint !e9079 void * is used as this macro i
2384:Middlewares/Third_Party/FreeRTOS/Source/tasks.c **** 
2385:Middlewares/Third_Party/FreeRTOS/Source/tasks.c **** 			do
2386:Middlewares/Third_Party/FreeRTOS/Source/tasks.c **** 			{
2387:Middlewares/Third_Party/FreeRTOS/Source/tasks.c **** 				listGET_OWNER_OF_NEXT_ENTRY( pxNextTCB, pxList ); /*lint !e9079 void * is used as this macro is
2388:Middlewares/Third_Party/FreeRTOS/Source/tasks.c **** 
2389:Middlewares/Third_Party/FreeRTOS/Source/tasks.c **** 				/* Check each character in the name looking for a match or
2390:Middlewares/Third_Party/FreeRTOS/Source/tasks.c **** 				mismatch. */
2391:Middlewares/Third_Party/FreeRTOS/Source/tasks.c **** 				xBreakLoop = pdFALSE;
2392:Middlewares/Third_Party/FreeRTOS/Source/tasks.c **** 				for( x = ( UBaseType_t ) 0; x < ( UBaseType_t ) configMAX_TASK_NAME_LEN; x++ )
2393:Middlewares/Third_Party/FreeRTOS/Source/tasks.c **** 				{
2394:Middlewares/Third_Party/FreeRTOS/Source/tasks.c **** 					cNextChar = pxNextTCB->pcTaskName[ x ];
2395:Middlewares/Third_Party/FreeRTOS/Source/tasks.c **** 
2396:Middlewares/Third_Party/FreeRTOS/Source/tasks.c **** 					if( cNextChar != pcNameToQuery[ x ] )
2397:Middlewares/Third_Party/FreeRTOS/Source/tasks.c **** 					{
2398:Middlewares/Third_Party/FreeRTOS/Source/tasks.c **** 						/* Characters didn't match. */
2399:Middlewares/Third_Party/FreeRTOS/Source/tasks.c **** 						xBreakLoop = pdTRUE;
2400:Middlewares/Third_Party/FreeRTOS/Source/tasks.c **** 					}
2401:Middlewares/Third_Party/FreeRTOS/Source/tasks.c **** 					else if( cNextChar == ( char ) 0x00 )
2402:Middlewares/Third_Party/FreeRTOS/Source/tasks.c **** 					{
2403:Middlewares/Third_Party/FreeRTOS/Source/tasks.c **** 						/* Both strings terminated, a match must have been
2404:Middlewares/Third_Party/FreeRTOS/Source/tasks.c **** 						found. */
2405:Middlewares/Third_Party/FreeRTOS/Source/tasks.c **** 						pxReturn = pxNextTCB;
2406:Middlewares/Third_Party/FreeRTOS/Source/tasks.c **** 						xBreakLoop = pdTRUE;
2407:Middlewares/Third_Party/FreeRTOS/Source/tasks.c **** 					}
ARM GAS  /tmp/ccoDOEnO.s 			page 49


2408:Middlewares/Third_Party/FreeRTOS/Source/tasks.c **** 					else
2409:Middlewares/Third_Party/FreeRTOS/Source/tasks.c **** 					{
2410:Middlewares/Third_Party/FreeRTOS/Source/tasks.c **** 						mtCOVERAGE_TEST_MARKER();
2411:Middlewares/Third_Party/FreeRTOS/Source/tasks.c **** 					}
2412:Middlewares/Third_Party/FreeRTOS/Source/tasks.c **** 
2413:Middlewares/Third_Party/FreeRTOS/Source/tasks.c **** 					if( xBreakLoop != pdFALSE )
2414:Middlewares/Third_Party/FreeRTOS/Source/tasks.c **** 					{
2415:Middlewares/Third_Party/FreeRTOS/Source/tasks.c **** 						break;
2416:Middlewares/Third_Party/FreeRTOS/Source/tasks.c **** 					}
2417:Middlewares/Third_Party/FreeRTOS/Source/tasks.c **** 				}
2418:Middlewares/Third_Party/FreeRTOS/Source/tasks.c **** 
2419:Middlewares/Third_Party/FreeRTOS/Source/tasks.c **** 				if( pxReturn != NULL )
2420:Middlewares/Third_Party/FreeRTOS/Source/tasks.c **** 				{
2421:Middlewares/Third_Party/FreeRTOS/Source/tasks.c **** 					/* The handle has been found. */
2422:Middlewares/Third_Party/FreeRTOS/Source/tasks.c **** 					break;
2423:Middlewares/Third_Party/FreeRTOS/Source/tasks.c **** 				}
2424:Middlewares/Third_Party/FreeRTOS/Source/tasks.c **** 
2425:Middlewares/Third_Party/FreeRTOS/Source/tasks.c **** 			} while( pxNextTCB != pxFirstTCB );
2426:Middlewares/Third_Party/FreeRTOS/Source/tasks.c **** 		}
2427:Middlewares/Third_Party/FreeRTOS/Source/tasks.c **** 		else
2428:Middlewares/Third_Party/FreeRTOS/Source/tasks.c **** 		{
2429:Middlewares/Third_Party/FreeRTOS/Source/tasks.c **** 			mtCOVERAGE_TEST_MARKER();
2430:Middlewares/Third_Party/FreeRTOS/Source/tasks.c **** 		}
2431:Middlewares/Third_Party/FreeRTOS/Source/tasks.c **** 
2432:Middlewares/Third_Party/FreeRTOS/Source/tasks.c **** 		return pxReturn;
2433:Middlewares/Third_Party/FreeRTOS/Source/tasks.c **** 	}
2434:Middlewares/Third_Party/FreeRTOS/Source/tasks.c **** 
2435:Middlewares/Third_Party/FreeRTOS/Source/tasks.c **** #endif /* INCLUDE_xTaskGetHandle */
2436:Middlewares/Third_Party/FreeRTOS/Source/tasks.c **** /*-----------------------------------------------------------*/
2437:Middlewares/Third_Party/FreeRTOS/Source/tasks.c **** 
2438:Middlewares/Third_Party/FreeRTOS/Source/tasks.c **** #if ( INCLUDE_xTaskGetHandle == 1 )
2439:Middlewares/Third_Party/FreeRTOS/Source/tasks.c **** 
2440:Middlewares/Third_Party/FreeRTOS/Source/tasks.c **** 	TaskHandle_t xTaskGetHandle( const char *pcNameToQuery ) /*lint !e971 Unqualified char types are a
2441:Middlewares/Third_Party/FreeRTOS/Source/tasks.c **** 	{
2442:Middlewares/Third_Party/FreeRTOS/Source/tasks.c **** 	UBaseType_t uxQueue = configMAX_PRIORITIES;
2443:Middlewares/Third_Party/FreeRTOS/Source/tasks.c **** 	TCB_t* pxTCB;
2444:Middlewares/Third_Party/FreeRTOS/Source/tasks.c **** 
2445:Middlewares/Third_Party/FreeRTOS/Source/tasks.c **** 		/* Task names will be truncated to configMAX_TASK_NAME_LEN - 1 bytes. */
2446:Middlewares/Third_Party/FreeRTOS/Source/tasks.c **** 		configASSERT( strlen( pcNameToQuery ) < configMAX_TASK_NAME_LEN );
2447:Middlewares/Third_Party/FreeRTOS/Source/tasks.c **** 
2448:Middlewares/Third_Party/FreeRTOS/Source/tasks.c **** 		vTaskSuspendAll();
2449:Middlewares/Third_Party/FreeRTOS/Source/tasks.c **** 		{
2450:Middlewares/Third_Party/FreeRTOS/Source/tasks.c **** 			/* Search the ready lists. */
2451:Middlewares/Third_Party/FreeRTOS/Source/tasks.c **** 			do
2452:Middlewares/Third_Party/FreeRTOS/Source/tasks.c **** 			{
2453:Middlewares/Third_Party/FreeRTOS/Source/tasks.c **** 				uxQueue--;
2454:Middlewares/Third_Party/FreeRTOS/Source/tasks.c **** 				pxTCB = prvSearchForNameWithinSingleList( ( List_t * ) &( pxReadyTasksLists[ uxQueue ] ), pcNam
2455:Middlewares/Third_Party/FreeRTOS/Source/tasks.c **** 
2456:Middlewares/Third_Party/FreeRTOS/Source/tasks.c **** 				if( pxTCB != NULL )
2457:Middlewares/Third_Party/FreeRTOS/Source/tasks.c **** 				{
2458:Middlewares/Third_Party/FreeRTOS/Source/tasks.c **** 					/* Found the handle. */
2459:Middlewares/Third_Party/FreeRTOS/Source/tasks.c **** 					break;
2460:Middlewares/Third_Party/FreeRTOS/Source/tasks.c **** 				}
2461:Middlewares/Third_Party/FreeRTOS/Source/tasks.c **** 
2462:Middlewares/Third_Party/FreeRTOS/Source/tasks.c **** 			} while( uxQueue > ( UBaseType_t ) tskIDLE_PRIORITY ); /*lint !e961 MISRA exception as the casts
2463:Middlewares/Third_Party/FreeRTOS/Source/tasks.c **** 
2464:Middlewares/Third_Party/FreeRTOS/Source/tasks.c **** 			/* Search the delayed lists. */
ARM GAS  /tmp/ccoDOEnO.s 			page 50


2465:Middlewares/Third_Party/FreeRTOS/Source/tasks.c **** 			if( pxTCB == NULL )
2466:Middlewares/Third_Party/FreeRTOS/Source/tasks.c **** 			{
2467:Middlewares/Third_Party/FreeRTOS/Source/tasks.c **** 				pxTCB = prvSearchForNameWithinSingleList( ( List_t * ) pxDelayedTaskList, pcNameToQuery );
2468:Middlewares/Third_Party/FreeRTOS/Source/tasks.c **** 			}
2469:Middlewares/Third_Party/FreeRTOS/Source/tasks.c **** 
2470:Middlewares/Third_Party/FreeRTOS/Source/tasks.c **** 			if( pxTCB == NULL )
2471:Middlewares/Third_Party/FreeRTOS/Source/tasks.c **** 			{
2472:Middlewares/Third_Party/FreeRTOS/Source/tasks.c **** 				pxTCB = prvSearchForNameWithinSingleList( ( List_t * ) pxOverflowDelayedTaskList, pcNameToQuery
2473:Middlewares/Third_Party/FreeRTOS/Source/tasks.c **** 			}
2474:Middlewares/Third_Party/FreeRTOS/Source/tasks.c **** 
2475:Middlewares/Third_Party/FreeRTOS/Source/tasks.c **** 			#if ( INCLUDE_vTaskSuspend == 1 )
2476:Middlewares/Third_Party/FreeRTOS/Source/tasks.c **** 			{
2477:Middlewares/Third_Party/FreeRTOS/Source/tasks.c **** 				if( pxTCB == NULL )
2478:Middlewares/Third_Party/FreeRTOS/Source/tasks.c **** 				{
2479:Middlewares/Third_Party/FreeRTOS/Source/tasks.c **** 					/* Search the suspended list. */
2480:Middlewares/Third_Party/FreeRTOS/Source/tasks.c **** 					pxTCB = prvSearchForNameWithinSingleList( &xSuspendedTaskList, pcNameToQuery );
2481:Middlewares/Third_Party/FreeRTOS/Source/tasks.c **** 				}
2482:Middlewares/Third_Party/FreeRTOS/Source/tasks.c **** 			}
2483:Middlewares/Third_Party/FreeRTOS/Source/tasks.c **** 			#endif
2484:Middlewares/Third_Party/FreeRTOS/Source/tasks.c **** 
2485:Middlewares/Third_Party/FreeRTOS/Source/tasks.c **** 			#if( INCLUDE_vTaskDelete == 1 )
2486:Middlewares/Third_Party/FreeRTOS/Source/tasks.c **** 			{
2487:Middlewares/Third_Party/FreeRTOS/Source/tasks.c **** 				if( pxTCB == NULL )
2488:Middlewares/Third_Party/FreeRTOS/Source/tasks.c **** 				{
2489:Middlewares/Third_Party/FreeRTOS/Source/tasks.c **** 					/* Search the deleted list. */
2490:Middlewares/Third_Party/FreeRTOS/Source/tasks.c **** 					pxTCB = prvSearchForNameWithinSingleList( &xTasksWaitingTermination, pcNameToQuery );
2491:Middlewares/Third_Party/FreeRTOS/Source/tasks.c **** 				}
2492:Middlewares/Third_Party/FreeRTOS/Source/tasks.c **** 			}
2493:Middlewares/Third_Party/FreeRTOS/Source/tasks.c **** 			#endif
2494:Middlewares/Third_Party/FreeRTOS/Source/tasks.c **** 		}
2495:Middlewares/Third_Party/FreeRTOS/Source/tasks.c **** 		( void ) xTaskResumeAll();
2496:Middlewares/Third_Party/FreeRTOS/Source/tasks.c **** 
2497:Middlewares/Third_Party/FreeRTOS/Source/tasks.c **** 		return pxTCB;
2498:Middlewares/Third_Party/FreeRTOS/Source/tasks.c **** 	}
2499:Middlewares/Third_Party/FreeRTOS/Source/tasks.c **** 
2500:Middlewares/Third_Party/FreeRTOS/Source/tasks.c **** #endif /* INCLUDE_xTaskGetHandle */
2501:Middlewares/Third_Party/FreeRTOS/Source/tasks.c **** /*-----------------------------------------------------------*/
2502:Middlewares/Third_Party/FreeRTOS/Source/tasks.c **** 
2503:Middlewares/Third_Party/FreeRTOS/Source/tasks.c **** #if ( configUSE_TRACE_FACILITY == 1 )
2504:Middlewares/Third_Party/FreeRTOS/Source/tasks.c **** 
2505:Middlewares/Third_Party/FreeRTOS/Source/tasks.c **** 	UBaseType_t uxTaskGetSystemState( TaskStatus_t * const pxTaskStatusArray, const UBaseType_t uxArra
2506:Middlewares/Third_Party/FreeRTOS/Source/tasks.c **** 	{
2507:Middlewares/Third_Party/FreeRTOS/Source/tasks.c **** 	UBaseType_t uxTask = 0, uxQueue = configMAX_PRIORITIES;
2508:Middlewares/Third_Party/FreeRTOS/Source/tasks.c **** 
2509:Middlewares/Third_Party/FreeRTOS/Source/tasks.c **** 		vTaskSuspendAll();
2510:Middlewares/Third_Party/FreeRTOS/Source/tasks.c **** 		{
2511:Middlewares/Third_Party/FreeRTOS/Source/tasks.c **** 			/* Is there a space in the array for each task in the system? */
2512:Middlewares/Third_Party/FreeRTOS/Source/tasks.c **** 			if( uxArraySize >= uxCurrentNumberOfTasks )
2513:Middlewares/Third_Party/FreeRTOS/Source/tasks.c **** 			{
2514:Middlewares/Third_Party/FreeRTOS/Source/tasks.c **** 				/* Fill in an TaskStatus_t structure with information on each
2515:Middlewares/Third_Party/FreeRTOS/Source/tasks.c **** 				task in the Ready state. */
2516:Middlewares/Third_Party/FreeRTOS/Source/tasks.c **** 				do
2517:Middlewares/Third_Party/FreeRTOS/Source/tasks.c **** 				{
2518:Middlewares/Third_Party/FreeRTOS/Source/tasks.c **** 					uxQueue--;
2519:Middlewares/Third_Party/FreeRTOS/Source/tasks.c **** 					uxTask += prvListTasksWithinSingleList( &( pxTaskStatusArray[ uxTask ] ), &( pxReadyTasksLists
2520:Middlewares/Third_Party/FreeRTOS/Source/tasks.c **** 
2521:Middlewares/Third_Party/FreeRTOS/Source/tasks.c **** 				} while( uxQueue > ( UBaseType_t ) tskIDLE_PRIORITY ); /*lint !e961 MISRA exception as the cast
ARM GAS  /tmp/ccoDOEnO.s 			page 51


2522:Middlewares/Third_Party/FreeRTOS/Source/tasks.c **** 
2523:Middlewares/Third_Party/FreeRTOS/Source/tasks.c **** 				/* Fill in an TaskStatus_t structure with information on each
2524:Middlewares/Third_Party/FreeRTOS/Source/tasks.c **** 				task in the Blocked state. */
2525:Middlewares/Third_Party/FreeRTOS/Source/tasks.c **** 				uxTask += prvListTasksWithinSingleList( &( pxTaskStatusArray[ uxTask ] ), ( List_t * ) pxDelaye
2526:Middlewares/Third_Party/FreeRTOS/Source/tasks.c **** 				uxTask += prvListTasksWithinSingleList( &( pxTaskStatusArray[ uxTask ] ), ( List_t * ) pxOverfl
2527:Middlewares/Third_Party/FreeRTOS/Source/tasks.c **** 
2528:Middlewares/Third_Party/FreeRTOS/Source/tasks.c **** 				#if( INCLUDE_vTaskDelete == 1 )
2529:Middlewares/Third_Party/FreeRTOS/Source/tasks.c **** 				{
2530:Middlewares/Third_Party/FreeRTOS/Source/tasks.c **** 					/* Fill in an TaskStatus_t structure with information on
2531:Middlewares/Third_Party/FreeRTOS/Source/tasks.c **** 					each task that has been deleted but not yet cleaned up. */
2532:Middlewares/Third_Party/FreeRTOS/Source/tasks.c **** 					uxTask += prvListTasksWithinSingleList( &( pxTaskStatusArray[ uxTask ] ), &xTasksWaitingTermin
2533:Middlewares/Third_Party/FreeRTOS/Source/tasks.c **** 				}
2534:Middlewares/Third_Party/FreeRTOS/Source/tasks.c **** 				#endif
2535:Middlewares/Third_Party/FreeRTOS/Source/tasks.c **** 
2536:Middlewares/Third_Party/FreeRTOS/Source/tasks.c **** 				#if ( INCLUDE_vTaskSuspend == 1 )
2537:Middlewares/Third_Party/FreeRTOS/Source/tasks.c **** 				{
2538:Middlewares/Third_Party/FreeRTOS/Source/tasks.c **** 					/* Fill in an TaskStatus_t structure with information on
2539:Middlewares/Third_Party/FreeRTOS/Source/tasks.c **** 					each task in the Suspended state. */
2540:Middlewares/Third_Party/FreeRTOS/Source/tasks.c **** 					uxTask += prvListTasksWithinSingleList( &( pxTaskStatusArray[ uxTask ] ), &xSuspendedTaskList,
2541:Middlewares/Third_Party/FreeRTOS/Source/tasks.c **** 				}
2542:Middlewares/Third_Party/FreeRTOS/Source/tasks.c **** 				#endif
2543:Middlewares/Third_Party/FreeRTOS/Source/tasks.c **** 
2544:Middlewares/Third_Party/FreeRTOS/Source/tasks.c **** 				#if ( configGENERATE_RUN_TIME_STATS == 1)
2545:Middlewares/Third_Party/FreeRTOS/Source/tasks.c **** 				{
2546:Middlewares/Third_Party/FreeRTOS/Source/tasks.c **** 					if( pulTotalRunTime != NULL )
2547:Middlewares/Third_Party/FreeRTOS/Source/tasks.c **** 					{
2548:Middlewares/Third_Party/FreeRTOS/Source/tasks.c **** 						#ifdef portALT_GET_RUN_TIME_COUNTER_VALUE
2549:Middlewares/Third_Party/FreeRTOS/Source/tasks.c **** 							portALT_GET_RUN_TIME_COUNTER_VALUE( ( *pulTotalRunTime ) );
2550:Middlewares/Third_Party/FreeRTOS/Source/tasks.c **** 						#else
2551:Middlewares/Third_Party/FreeRTOS/Source/tasks.c **** 							*pulTotalRunTime = portGET_RUN_TIME_COUNTER_VALUE();
2552:Middlewares/Third_Party/FreeRTOS/Source/tasks.c **** 						#endif
2553:Middlewares/Third_Party/FreeRTOS/Source/tasks.c **** 					}
2554:Middlewares/Third_Party/FreeRTOS/Source/tasks.c **** 				}
2555:Middlewares/Third_Party/FreeRTOS/Source/tasks.c **** 				#else
2556:Middlewares/Third_Party/FreeRTOS/Source/tasks.c **** 				{
2557:Middlewares/Third_Party/FreeRTOS/Source/tasks.c **** 					if( pulTotalRunTime != NULL )
2558:Middlewares/Third_Party/FreeRTOS/Source/tasks.c **** 					{
2559:Middlewares/Third_Party/FreeRTOS/Source/tasks.c **** 						*pulTotalRunTime = 0;
2560:Middlewares/Third_Party/FreeRTOS/Source/tasks.c **** 					}
2561:Middlewares/Third_Party/FreeRTOS/Source/tasks.c **** 				}
2562:Middlewares/Third_Party/FreeRTOS/Source/tasks.c **** 				#endif
2563:Middlewares/Third_Party/FreeRTOS/Source/tasks.c **** 			}
2564:Middlewares/Third_Party/FreeRTOS/Source/tasks.c **** 			else
2565:Middlewares/Third_Party/FreeRTOS/Source/tasks.c **** 			{
2566:Middlewares/Third_Party/FreeRTOS/Source/tasks.c **** 				mtCOVERAGE_TEST_MARKER();
2567:Middlewares/Third_Party/FreeRTOS/Source/tasks.c **** 			}
2568:Middlewares/Third_Party/FreeRTOS/Source/tasks.c **** 		}
2569:Middlewares/Third_Party/FreeRTOS/Source/tasks.c **** 		( void ) xTaskResumeAll();
2570:Middlewares/Third_Party/FreeRTOS/Source/tasks.c **** 
2571:Middlewares/Third_Party/FreeRTOS/Source/tasks.c **** 		return uxTask;
2572:Middlewares/Third_Party/FreeRTOS/Source/tasks.c **** 	}
2573:Middlewares/Third_Party/FreeRTOS/Source/tasks.c **** 
2574:Middlewares/Third_Party/FreeRTOS/Source/tasks.c **** #endif /* configUSE_TRACE_FACILITY */
2575:Middlewares/Third_Party/FreeRTOS/Source/tasks.c **** /*----------------------------------------------------------*/
2576:Middlewares/Third_Party/FreeRTOS/Source/tasks.c **** 
2577:Middlewares/Third_Party/FreeRTOS/Source/tasks.c **** #if ( INCLUDE_xTaskGetIdleTaskHandle == 1 )
2578:Middlewares/Third_Party/FreeRTOS/Source/tasks.c **** 
ARM GAS  /tmp/ccoDOEnO.s 			page 52


2579:Middlewares/Third_Party/FreeRTOS/Source/tasks.c **** 	TaskHandle_t xTaskGetIdleTaskHandle( void )
2580:Middlewares/Third_Party/FreeRTOS/Source/tasks.c **** 	{
2581:Middlewares/Third_Party/FreeRTOS/Source/tasks.c **** 		/* If xTaskGetIdleTaskHandle() is called before the scheduler has been
2582:Middlewares/Third_Party/FreeRTOS/Source/tasks.c **** 		started, then xIdleTaskHandle will be NULL. */
2583:Middlewares/Third_Party/FreeRTOS/Source/tasks.c **** 		configASSERT( ( xIdleTaskHandle != NULL ) );
2584:Middlewares/Third_Party/FreeRTOS/Source/tasks.c **** 		return xIdleTaskHandle;
2585:Middlewares/Third_Party/FreeRTOS/Source/tasks.c **** 	}
2586:Middlewares/Third_Party/FreeRTOS/Source/tasks.c **** 
2587:Middlewares/Third_Party/FreeRTOS/Source/tasks.c **** #endif /* INCLUDE_xTaskGetIdleTaskHandle */
2588:Middlewares/Third_Party/FreeRTOS/Source/tasks.c **** /*----------------------------------------------------------*/
2589:Middlewares/Third_Party/FreeRTOS/Source/tasks.c **** 
2590:Middlewares/Third_Party/FreeRTOS/Source/tasks.c **** /* This conditional compilation should use inequality to 0, not equality to 1.
2591:Middlewares/Third_Party/FreeRTOS/Source/tasks.c **** This is to ensure vTaskStepTick() is available when user defined low power mode
2592:Middlewares/Third_Party/FreeRTOS/Source/tasks.c **** implementations require configUSE_TICKLESS_IDLE to be set to a value other than
2593:Middlewares/Third_Party/FreeRTOS/Source/tasks.c **** 1. */
2594:Middlewares/Third_Party/FreeRTOS/Source/tasks.c **** #if ( configUSE_TICKLESS_IDLE != 0 )
2595:Middlewares/Third_Party/FreeRTOS/Source/tasks.c **** 
2596:Middlewares/Third_Party/FreeRTOS/Source/tasks.c **** 	void vTaskStepTick( const TickType_t xTicksToJump )
2597:Middlewares/Third_Party/FreeRTOS/Source/tasks.c **** 	{
2598:Middlewares/Third_Party/FreeRTOS/Source/tasks.c **** 		/* Correct the tick count value after a period during which the tick
2599:Middlewares/Third_Party/FreeRTOS/Source/tasks.c **** 		was suppressed.  Note this does *not* call the tick hook function for
2600:Middlewares/Third_Party/FreeRTOS/Source/tasks.c **** 		each stepped tick. */
2601:Middlewares/Third_Party/FreeRTOS/Source/tasks.c **** 		configASSERT( ( xTickCount + xTicksToJump ) <= xNextTaskUnblockTime );
2602:Middlewares/Third_Party/FreeRTOS/Source/tasks.c **** 		xTickCount += xTicksToJump;
2603:Middlewares/Third_Party/FreeRTOS/Source/tasks.c **** 		traceINCREASE_TICK_COUNT( xTicksToJump );
2604:Middlewares/Third_Party/FreeRTOS/Source/tasks.c **** 	}
2605:Middlewares/Third_Party/FreeRTOS/Source/tasks.c **** 
2606:Middlewares/Third_Party/FreeRTOS/Source/tasks.c **** #endif /* configUSE_TICKLESS_IDLE */
2607:Middlewares/Third_Party/FreeRTOS/Source/tasks.c **** /*----------------------------------------------------------*/
2608:Middlewares/Third_Party/FreeRTOS/Source/tasks.c **** 
2609:Middlewares/Third_Party/FreeRTOS/Source/tasks.c **** BaseType_t xTaskCatchUpTicks( TickType_t xTicksToCatchUp )
2610:Middlewares/Third_Party/FreeRTOS/Source/tasks.c **** {
2611:Middlewares/Third_Party/FreeRTOS/Source/tasks.c **** BaseType_t xYieldRequired = pdFALSE;
2612:Middlewares/Third_Party/FreeRTOS/Source/tasks.c **** 
2613:Middlewares/Third_Party/FreeRTOS/Source/tasks.c **** 	/* Must not be called with the scheduler suspended as the implementation
2614:Middlewares/Third_Party/FreeRTOS/Source/tasks.c **** 	relies on xPendedTicks being wound down to 0 in xTaskResumeAll(). */
2615:Middlewares/Third_Party/FreeRTOS/Source/tasks.c **** 	configASSERT( uxSchedulerSuspended == 0 );
2616:Middlewares/Third_Party/FreeRTOS/Source/tasks.c **** 
2617:Middlewares/Third_Party/FreeRTOS/Source/tasks.c **** 	/* Use xPendedTicks to mimic xTicksToCatchUp number of ticks occurring when
2618:Middlewares/Third_Party/FreeRTOS/Source/tasks.c **** 	the scheduler is suspended so the ticks are executed in xTaskResumeAll(). */
2619:Middlewares/Third_Party/FreeRTOS/Source/tasks.c **** 	vTaskSuspendAll();
2620:Middlewares/Third_Party/FreeRTOS/Source/tasks.c **** 	xPendedTicks += xTicksToCatchUp;
2621:Middlewares/Third_Party/FreeRTOS/Source/tasks.c **** 	xYieldRequired = xTaskResumeAll();
2622:Middlewares/Third_Party/FreeRTOS/Source/tasks.c **** 
2623:Middlewares/Third_Party/FreeRTOS/Source/tasks.c **** 	return xYieldRequired;
2624:Middlewares/Third_Party/FreeRTOS/Source/tasks.c **** }
2625:Middlewares/Third_Party/FreeRTOS/Source/tasks.c **** /*----------------------------------------------------------*/
2626:Middlewares/Third_Party/FreeRTOS/Source/tasks.c **** 
2627:Middlewares/Third_Party/FreeRTOS/Source/tasks.c **** #if ( INCLUDE_xTaskAbortDelay == 1 )
2628:Middlewares/Third_Party/FreeRTOS/Source/tasks.c **** 
2629:Middlewares/Third_Party/FreeRTOS/Source/tasks.c **** 	BaseType_t xTaskAbortDelay( TaskHandle_t xTask )
2630:Middlewares/Third_Party/FreeRTOS/Source/tasks.c **** 	{
2631:Middlewares/Third_Party/FreeRTOS/Source/tasks.c **** 	TCB_t *pxTCB = xTask;
2632:Middlewares/Third_Party/FreeRTOS/Source/tasks.c **** 	BaseType_t xReturn;
2633:Middlewares/Third_Party/FreeRTOS/Source/tasks.c **** 
2634:Middlewares/Third_Party/FreeRTOS/Source/tasks.c **** 		configASSERT( pxTCB );
2635:Middlewares/Third_Party/FreeRTOS/Source/tasks.c **** 
ARM GAS  /tmp/ccoDOEnO.s 			page 53


2636:Middlewares/Third_Party/FreeRTOS/Source/tasks.c **** 		vTaskSuspendAll();
2637:Middlewares/Third_Party/FreeRTOS/Source/tasks.c **** 		{
2638:Middlewares/Third_Party/FreeRTOS/Source/tasks.c **** 			/* A task can only be prematurely removed from the Blocked state if
2639:Middlewares/Third_Party/FreeRTOS/Source/tasks.c **** 			it is actually in the Blocked state. */
2640:Middlewares/Third_Party/FreeRTOS/Source/tasks.c **** 			if( eTaskGetState( xTask ) == eBlocked )
2641:Middlewares/Third_Party/FreeRTOS/Source/tasks.c **** 			{
2642:Middlewares/Third_Party/FreeRTOS/Source/tasks.c **** 				xReturn = pdPASS;
2643:Middlewares/Third_Party/FreeRTOS/Source/tasks.c **** 
2644:Middlewares/Third_Party/FreeRTOS/Source/tasks.c **** 				/* Remove the reference to the task from the blocked list.  An
2645:Middlewares/Third_Party/FreeRTOS/Source/tasks.c **** 				interrupt won't touch the xStateListItem because the
2646:Middlewares/Third_Party/FreeRTOS/Source/tasks.c **** 				scheduler is suspended. */
2647:Middlewares/Third_Party/FreeRTOS/Source/tasks.c **** 				( void ) uxListRemove( &( pxTCB->xStateListItem ) );
2648:Middlewares/Third_Party/FreeRTOS/Source/tasks.c **** 
2649:Middlewares/Third_Party/FreeRTOS/Source/tasks.c **** 				/* Is the task waiting on an event also?  If so remove it from
2650:Middlewares/Third_Party/FreeRTOS/Source/tasks.c **** 				the event list too.  Interrupts can touch the event list item,
2651:Middlewares/Third_Party/FreeRTOS/Source/tasks.c **** 				even though the scheduler is suspended, so a critical section
2652:Middlewares/Third_Party/FreeRTOS/Source/tasks.c **** 				is used. */
2653:Middlewares/Third_Party/FreeRTOS/Source/tasks.c **** 				taskENTER_CRITICAL();
2654:Middlewares/Third_Party/FreeRTOS/Source/tasks.c **** 				{
2655:Middlewares/Third_Party/FreeRTOS/Source/tasks.c **** 					if( listLIST_ITEM_CONTAINER( &( pxTCB->xEventListItem ) ) != NULL )
2656:Middlewares/Third_Party/FreeRTOS/Source/tasks.c **** 					{
2657:Middlewares/Third_Party/FreeRTOS/Source/tasks.c **** 						( void ) uxListRemove( &( pxTCB->xEventListItem ) );
2658:Middlewares/Third_Party/FreeRTOS/Source/tasks.c **** 
2659:Middlewares/Third_Party/FreeRTOS/Source/tasks.c **** 						/* This lets the task know it was forcibly removed from the
2660:Middlewares/Third_Party/FreeRTOS/Source/tasks.c **** 						blocked state so it should not re-evaluate its block time and
2661:Middlewares/Third_Party/FreeRTOS/Source/tasks.c **** 						then block again. */
2662:Middlewares/Third_Party/FreeRTOS/Source/tasks.c **** 						pxTCB->ucDelayAborted = pdTRUE;
2663:Middlewares/Third_Party/FreeRTOS/Source/tasks.c **** 					}
2664:Middlewares/Third_Party/FreeRTOS/Source/tasks.c **** 					else
2665:Middlewares/Third_Party/FreeRTOS/Source/tasks.c **** 					{
2666:Middlewares/Third_Party/FreeRTOS/Source/tasks.c **** 						mtCOVERAGE_TEST_MARKER();
2667:Middlewares/Third_Party/FreeRTOS/Source/tasks.c **** 					}
2668:Middlewares/Third_Party/FreeRTOS/Source/tasks.c **** 				}
2669:Middlewares/Third_Party/FreeRTOS/Source/tasks.c **** 				taskEXIT_CRITICAL();
2670:Middlewares/Third_Party/FreeRTOS/Source/tasks.c **** 
2671:Middlewares/Third_Party/FreeRTOS/Source/tasks.c **** 				/* Place the unblocked task into the appropriate ready list. */
2672:Middlewares/Third_Party/FreeRTOS/Source/tasks.c **** 				prvAddTaskToReadyList( pxTCB );
2673:Middlewares/Third_Party/FreeRTOS/Source/tasks.c **** 
2674:Middlewares/Third_Party/FreeRTOS/Source/tasks.c **** 				/* A task being unblocked cannot cause an immediate context
2675:Middlewares/Third_Party/FreeRTOS/Source/tasks.c **** 				switch if preemption is turned off. */
2676:Middlewares/Third_Party/FreeRTOS/Source/tasks.c **** 				#if (  configUSE_PREEMPTION == 1 )
2677:Middlewares/Third_Party/FreeRTOS/Source/tasks.c **** 				{
2678:Middlewares/Third_Party/FreeRTOS/Source/tasks.c **** 					/* Preemption is on, but a context switch should only be
2679:Middlewares/Third_Party/FreeRTOS/Source/tasks.c **** 					performed if the unblocked task has a priority that is
2680:Middlewares/Third_Party/FreeRTOS/Source/tasks.c **** 					equal to or higher than the currently executing task. */
2681:Middlewares/Third_Party/FreeRTOS/Source/tasks.c **** 					if( pxTCB->uxPriority > pxCurrentTCB->uxPriority )
2682:Middlewares/Third_Party/FreeRTOS/Source/tasks.c **** 					{
2683:Middlewares/Third_Party/FreeRTOS/Source/tasks.c **** 						/* Pend the yield to be performed when the scheduler
2684:Middlewares/Third_Party/FreeRTOS/Source/tasks.c **** 						is unsuspended. */
2685:Middlewares/Third_Party/FreeRTOS/Source/tasks.c **** 						xYieldPending = pdTRUE;
2686:Middlewares/Third_Party/FreeRTOS/Source/tasks.c **** 					}
2687:Middlewares/Third_Party/FreeRTOS/Source/tasks.c **** 					else
2688:Middlewares/Third_Party/FreeRTOS/Source/tasks.c **** 					{
2689:Middlewares/Third_Party/FreeRTOS/Source/tasks.c **** 						mtCOVERAGE_TEST_MARKER();
2690:Middlewares/Third_Party/FreeRTOS/Source/tasks.c **** 					}
2691:Middlewares/Third_Party/FreeRTOS/Source/tasks.c **** 				}
2692:Middlewares/Third_Party/FreeRTOS/Source/tasks.c **** 				#endif /* configUSE_PREEMPTION */
ARM GAS  /tmp/ccoDOEnO.s 			page 54


2693:Middlewares/Third_Party/FreeRTOS/Source/tasks.c **** 			}
2694:Middlewares/Third_Party/FreeRTOS/Source/tasks.c **** 			else
2695:Middlewares/Third_Party/FreeRTOS/Source/tasks.c **** 			{
2696:Middlewares/Third_Party/FreeRTOS/Source/tasks.c **** 				xReturn = pdFAIL;
2697:Middlewares/Third_Party/FreeRTOS/Source/tasks.c **** 			}
2698:Middlewares/Third_Party/FreeRTOS/Source/tasks.c **** 		}
2699:Middlewares/Third_Party/FreeRTOS/Source/tasks.c **** 		( void ) xTaskResumeAll();
2700:Middlewares/Third_Party/FreeRTOS/Source/tasks.c **** 
2701:Middlewares/Third_Party/FreeRTOS/Source/tasks.c **** 		return xReturn;
2702:Middlewares/Third_Party/FreeRTOS/Source/tasks.c **** 	}
2703:Middlewares/Third_Party/FreeRTOS/Source/tasks.c **** 
2704:Middlewares/Third_Party/FreeRTOS/Source/tasks.c **** #endif /* INCLUDE_xTaskAbortDelay */
2705:Middlewares/Third_Party/FreeRTOS/Source/tasks.c **** /*----------------------------------------------------------*/
2706:Middlewares/Third_Party/FreeRTOS/Source/tasks.c **** 
2707:Middlewares/Third_Party/FreeRTOS/Source/tasks.c **** BaseType_t xTaskIncrementTick( void )
2708:Middlewares/Third_Party/FreeRTOS/Source/tasks.c **** {
2709:Middlewares/Third_Party/FreeRTOS/Source/tasks.c **** TCB_t * pxTCB;
2710:Middlewares/Third_Party/FreeRTOS/Source/tasks.c **** TickType_t xItemValue;
2711:Middlewares/Third_Party/FreeRTOS/Source/tasks.c **** BaseType_t xSwitchRequired = pdFALSE;
2712:Middlewares/Third_Party/FreeRTOS/Source/tasks.c **** 
2713:Middlewares/Third_Party/FreeRTOS/Source/tasks.c **** 	/* Called by the portable layer each time a tick interrupt occurs.
2714:Middlewares/Third_Party/FreeRTOS/Source/tasks.c **** 	Increments the tick then checks to see if the new tick value will cause any
2715:Middlewares/Third_Party/FreeRTOS/Source/tasks.c **** 	tasks to be unblocked. */
2716:Middlewares/Third_Party/FreeRTOS/Source/tasks.c **** 	traceTASK_INCREMENT_TICK( xTickCount );
2717:Middlewares/Third_Party/FreeRTOS/Source/tasks.c **** 	if( uxSchedulerSuspended == ( UBaseType_t ) pdFALSE )
2718:Middlewares/Third_Party/FreeRTOS/Source/tasks.c **** 	{
2719:Middlewares/Third_Party/FreeRTOS/Source/tasks.c **** 		/* Minor optimisation.  The tick count cannot change in this
2720:Middlewares/Third_Party/FreeRTOS/Source/tasks.c **** 		block. */
2721:Middlewares/Third_Party/FreeRTOS/Source/tasks.c **** 		const TickType_t xConstTickCount = xTickCount + ( TickType_t ) 1;
2722:Middlewares/Third_Party/FreeRTOS/Source/tasks.c **** 
2723:Middlewares/Third_Party/FreeRTOS/Source/tasks.c **** 		/* Increment the RTOS tick, switching the delayed and overflowed
2724:Middlewares/Third_Party/FreeRTOS/Source/tasks.c **** 		delayed lists if it wraps to 0. */
2725:Middlewares/Third_Party/FreeRTOS/Source/tasks.c **** 		xTickCount = xConstTickCount;
2726:Middlewares/Third_Party/FreeRTOS/Source/tasks.c **** 
2727:Middlewares/Third_Party/FreeRTOS/Source/tasks.c **** 		if( xConstTickCount == ( TickType_t ) 0U ) /*lint !e774 'if' does not always evaluate to false as
2728:Middlewares/Third_Party/FreeRTOS/Source/tasks.c **** 		{
2729:Middlewares/Third_Party/FreeRTOS/Source/tasks.c **** 			taskSWITCH_DELAYED_LISTS();
2730:Middlewares/Third_Party/FreeRTOS/Source/tasks.c **** 		}
2731:Middlewares/Third_Party/FreeRTOS/Source/tasks.c **** 		else
2732:Middlewares/Third_Party/FreeRTOS/Source/tasks.c **** 		{
2733:Middlewares/Third_Party/FreeRTOS/Source/tasks.c **** 			mtCOVERAGE_TEST_MARKER();
2734:Middlewares/Third_Party/FreeRTOS/Source/tasks.c **** 		}
2735:Middlewares/Third_Party/FreeRTOS/Source/tasks.c **** 
2736:Middlewares/Third_Party/FreeRTOS/Source/tasks.c **** 		/* See if this tick has made a timeout expire.  Tasks are stored in
2737:Middlewares/Third_Party/FreeRTOS/Source/tasks.c **** 		the	queue in the order of their wake time - meaning once one task
2738:Middlewares/Third_Party/FreeRTOS/Source/tasks.c **** 		has been found whose block time has not expired there is no need to
2739:Middlewares/Third_Party/FreeRTOS/Source/tasks.c **** 		look any further down the list. */
2740:Middlewares/Third_Party/FreeRTOS/Source/tasks.c **** 		if( xConstTickCount >= xNextTaskUnblockTime )
2741:Middlewares/Third_Party/FreeRTOS/Source/tasks.c **** 		{
2742:Middlewares/Third_Party/FreeRTOS/Source/tasks.c **** 			for( ;; )
2743:Middlewares/Third_Party/FreeRTOS/Source/tasks.c **** 			{
2744:Middlewares/Third_Party/FreeRTOS/Source/tasks.c **** 				if( listLIST_IS_EMPTY( pxDelayedTaskList ) != pdFALSE )
2745:Middlewares/Third_Party/FreeRTOS/Source/tasks.c **** 				{
2746:Middlewares/Third_Party/FreeRTOS/Source/tasks.c **** 					/* The delayed list is empty.  Set xNextTaskUnblockTime
2747:Middlewares/Third_Party/FreeRTOS/Source/tasks.c **** 					to the maximum possible value so it is extremely
2748:Middlewares/Third_Party/FreeRTOS/Source/tasks.c **** 					unlikely that the
2749:Middlewares/Third_Party/FreeRTOS/Source/tasks.c **** 					if( xTickCount >= xNextTaskUnblockTime ) test will pass
ARM GAS  /tmp/ccoDOEnO.s 			page 55


2750:Middlewares/Third_Party/FreeRTOS/Source/tasks.c **** 					next time through. */
2751:Middlewares/Third_Party/FreeRTOS/Source/tasks.c **** 					xNextTaskUnblockTime = portMAX_DELAY; /*lint !e961 MISRA exception as the casts are only redun
2752:Middlewares/Third_Party/FreeRTOS/Source/tasks.c **** 					break;
2753:Middlewares/Third_Party/FreeRTOS/Source/tasks.c **** 				}
2754:Middlewares/Third_Party/FreeRTOS/Source/tasks.c **** 				else
2755:Middlewares/Third_Party/FreeRTOS/Source/tasks.c **** 				{
2756:Middlewares/Third_Party/FreeRTOS/Source/tasks.c **** 					/* The delayed list is not empty, get the value of the
2757:Middlewares/Third_Party/FreeRTOS/Source/tasks.c **** 					item at the head of the delayed list.  This is the time
2758:Middlewares/Third_Party/FreeRTOS/Source/tasks.c **** 					at which the task at the head of the delayed list must
2759:Middlewares/Third_Party/FreeRTOS/Source/tasks.c **** 					be removed from the Blocked state. */
2760:Middlewares/Third_Party/FreeRTOS/Source/tasks.c **** 					pxTCB = listGET_OWNER_OF_HEAD_ENTRY( pxDelayedTaskList ); /*lint !e9079 void * is used as this
2761:Middlewares/Third_Party/FreeRTOS/Source/tasks.c **** 					xItemValue = listGET_LIST_ITEM_VALUE( &( pxTCB->xStateListItem ) );
2762:Middlewares/Third_Party/FreeRTOS/Source/tasks.c **** 
2763:Middlewares/Third_Party/FreeRTOS/Source/tasks.c **** 					if( xConstTickCount < xItemValue )
2764:Middlewares/Third_Party/FreeRTOS/Source/tasks.c **** 					{
2765:Middlewares/Third_Party/FreeRTOS/Source/tasks.c **** 						/* It is not time to unblock this item yet, but the
2766:Middlewares/Third_Party/FreeRTOS/Source/tasks.c **** 						item value is the time at which the task at the head
2767:Middlewares/Third_Party/FreeRTOS/Source/tasks.c **** 						of the blocked list must be removed from the Blocked
2768:Middlewares/Third_Party/FreeRTOS/Source/tasks.c **** 						state -	so record the item value in
2769:Middlewares/Third_Party/FreeRTOS/Source/tasks.c **** 						xNextTaskUnblockTime. */
2770:Middlewares/Third_Party/FreeRTOS/Source/tasks.c **** 						xNextTaskUnblockTime = xItemValue;
2771:Middlewares/Third_Party/FreeRTOS/Source/tasks.c **** 						break; /*lint !e9011 Code structure here is deedmed easier to understand with multiple breaks
2772:Middlewares/Third_Party/FreeRTOS/Source/tasks.c **** 					}
2773:Middlewares/Third_Party/FreeRTOS/Source/tasks.c **** 					else
2774:Middlewares/Third_Party/FreeRTOS/Source/tasks.c **** 					{
2775:Middlewares/Third_Party/FreeRTOS/Source/tasks.c **** 						mtCOVERAGE_TEST_MARKER();
2776:Middlewares/Third_Party/FreeRTOS/Source/tasks.c **** 					}
2777:Middlewares/Third_Party/FreeRTOS/Source/tasks.c **** 
2778:Middlewares/Third_Party/FreeRTOS/Source/tasks.c **** 					/* It is time to remove the item from the Blocked state. */
2779:Middlewares/Third_Party/FreeRTOS/Source/tasks.c **** 					( void ) uxListRemove( &( pxTCB->xStateListItem ) );
2780:Middlewares/Third_Party/FreeRTOS/Source/tasks.c **** 
2781:Middlewares/Third_Party/FreeRTOS/Source/tasks.c **** 					/* Is the task waiting on an event also?  If so remove
2782:Middlewares/Third_Party/FreeRTOS/Source/tasks.c **** 					it from the event list. */
2783:Middlewares/Third_Party/FreeRTOS/Source/tasks.c **** 					if( listLIST_ITEM_CONTAINER( &( pxTCB->xEventListItem ) ) != NULL )
2784:Middlewares/Third_Party/FreeRTOS/Source/tasks.c **** 					{
2785:Middlewares/Third_Party/FreeRTOS/Source/tasks.c **** 						( void ) uxListRemove( &( pxTCB->xEventListItem ) );
2786:Middlewares/Third_Party/FreeRTOS/Source/tasks.c **** 					}
2787:Middlewares/Third_Party/FreeRTOS/Source/tasks.c **** 					else
2788:Middlewares/Third_Party/FreeRTOS/Source/tasks.c **** 					{
2789:Middlewares/Third_Party/FreeRTOS/Source/tasks.c **** 						mtCOVERAGE_TEST_MARKER();
2790:Middlewares/Third_Party/FreeRTOS/Source/tasks.c **** 					}
2791:Middlewares/Third_Party/FreeRTOS/Source/tasks.c **** 
2792:Middlewares/Third_Party/FreeRTOS/Source/tasks.c **** 					/* Place the unblocked task into the appropriate ready
2793:Middlewares/Third_Party/FreeRTOS/Source/tasks.c **** 					list. */
2794:Middlewares/Third_Party/FreeRTOS/Source/tasks.c **** 					prvAddTaskToReadyList( pxTCB );
2795:Middlewares/Third_Party/FreeRTOS/Source/tasks.c **** 
2796:Middlewares/Third_Party/FreeRTOS/Source/tasks.c **** 					/* A task being unblocked cannot cause an immediate
2797:Middlewares/Third_Party/FreeRTOS/Source/tasks.c **** 					context switch if preemption is turned off. */
2798:Middlewares/Third_Party/FreeRTOS/Source/tasks.c **** 					#if (  configUSE_PREEMPTION == 1 )
2799:Middlewares/Third_Party/FreeRTOS/Source/tasks.c **** 					{
2800:Middlewares/Third_Party/FreeRTOS/Source/tasks.c **** 						/* Preemption is on, but a context switch should
2801:Middlewares/Third_Party/FreeRTOS/Source/tasks.c **** 						only be performed if the unblocked task has a
2802:Middlewares/Third_Party/FreeRTOS/Source/tasks.c **** 						priority that is equal to or higher than the
2803:Middlewares/Third_Party/FreeRTOS/Source/tasks.c **** 						currently executing task. */
2804:Middlewares/Third_Party/FreeRTOS/Source/tasks.c **** 						if( pxTCB->uxPriority >= pxCurrentTCB->uxPriority )
2805:Middlewares/Third_Party/FreeRTOS/Source/tasks.c **** 						{
2806:Middlewares/Third_Party/FreeRTOS/Source/tasks.c **** 							xSwitchRequired = pdTRUE;
ARM GAS  /tmp/ccoDOEnO.s 			page 56


2807:Middlewares/Third_Party/FreeRTOS/Source/tasks.c **** 						}
2808:Middlewares/Third_Party/FreeRTOS/Source/tasks.c **** 						else
2809:Middlewares/Third_Party/FreeRTOS/Source/tasks.c **** 						{
2810:Middlewares/Third_Party/FreeRTOS/Source/tasks.c **** 							mtCOVERAGE_TEST_MARKER();
2811:Middlewares/Third_Party/FreeRTOS/Source/tasks.c **** 						}
2812:Middlewares/Third_Party/FreeRTOS/Source/tasks.c **** 					}
2813:Middlewares/Third_Party/FreeRTOS/Source/tasks.c **** 					#endif /* configUSE_PREEMPTION */
2814:Middlewares/Third_Party/FreeRTOS/Source/tasks.c **** 				}
2815:Middlewares/Third_Party/FreeRTOS/Source/tasks.c **** 			}
2816:Middlewares/Third_Party/FreeRTOS/Source/tasks.c **** 		}
2817:Middlewares/Third_Party/FreeRTOS/Source/tasks.c **** 
2818:Middlewares/Third_Party/FreeRTOS/Source/tasks.c **** 		/* Tasks of equal priority to the currently running task will share
2819:Middlewares/Third_Party/FreeRTOS/Source/tasks.c **** 		processing time (time slice) if preemption is on, and the application
2820:Middlewares/Third_Party/FreeRTOS/Source/tasks.c **** 		writer has not explicitly turned time slicing off. */
2821:Middlewares/Third_Party/FreeRTOS/Source/tasks.c **** 		#if ( ( configUSE_PREEMPTION == 1 ) && ( configUSE_TIME_SLICING == 1 ) )
2822:Middlewares/Third_Party/FreeRTOS/Source/tasks.c **** 		{
2823:Middlewares/Third_Party/FreeRTOS/Source/tasks.c **** 			if( listCURRENT_LIST_LENGTH( &( pxReadyTasksLists[ pxCurrentTCB->uxPriority ] ) ) > ( UBaseType_
2824:Middlewares/Third_Party/FreeRTOS/Source/tasks.c **** 			{
2825:Middlewares/Third_Party/FreeRTOS/Source/tasks.c **** 				xSwitchRequired = pdTRUE;
2826:Middlewares/Third_Party/FreeRTOS/Source/tasks.c **** 			}
2827:Middlewares/Third_Party/FreeRTOS/Source/tasks.c **** 			else
2828:Middlewares/Third_Party/FreeRTOS/Source/tasks.c **** 			{
2829:Middlewares/Third_Party/FreeRTOS/Source/tasks.c **** 				mtCOVERAGE_TEST_MARKER();
2830:Middlewares/Third_Party/FreeRTOS/Source/tasks.c **** 			}
2831:Middlewares/Third_Party/FreeRTOS/Source/tasks.c **** 		}
2832:Middlewares/Third_Party/FreeRTOS/Source/tasks.c **** 		#endif /* ( ( configUSE_PREEMPTION == 1 ) && ( configUSE_TIME_SLICING == 1 ) ) */
2833:Middlewares/Third_Party/FreeRTOS/Source/tasks.c **** 
2834:Middlewares/Third_Party/FreeRTOS/Source/tasks.c **** 		#if ( configUSE_TICK_HOOK == 1 )
2835:Middlewares/Third_Party/FreeRTOS/Source/tasks.c **** 		{
2836:Middlewares/Third_Party/FreeRTOS/Source/tasks.c **** 			/* Guard against the tick hook being called when the pended tick
2837:Middlewares/Third_Party/FreeRTOS/Source/tasks.c **** 			count is being unwound (when the scheduler is being unlocked). */
2838:Middlewares/Third_Party/FreeRTOS/Source/tasks.c **** 			if( xPendedTicks == ( TickType_t ) 0 )
2839:Middlewares/Third_Party/FreeRTOS/Source/tasks.c **** 			{
2840:Middlewares/Third_Party/FreeRTOS/Source/tasks.c **** 				vApplicationTickHook();
2841:Middlewares/Third_Party/FreeRTOS/Source/tasks.c **** 			}
2842:Middlewares/Third_Party/FreeRTOS/Source/tasks.c **** 			else
2843:Middlewares/Third_Party/FreeRTOS/Source/tasks.c **** 			{
2844:Middlewares/Third_Party/FreeRTOS/Source/tasks.c **** 				mtCOVERAGE_TEST_MARKER();
2845:Middlewares/Third_Party/FreeRTOS/Source/tasks.c **** 			}
2846:Middlewares/Third_Party/FreeRTOS/Source/tasks.c **** 		}
2847:Middlewares/Third_Party/FreeRTOS/Source/tasks.c **** 		#endif /* configUSE_TICK_HOOK */
2848:Middlewares/Third_Party/FreeRTOS/Source/tasks.c **** 
2849:Middlewares/Third_Party/FreeRTOS/Source/tasks.c **** 		#if ( configUSE_PREEMPTION == 1 )
2850:Middlewares/Third_Party/FreeRTOS/Source/tasks.c **** 		{
2851:Middlewares/Third_Party/FreeRTOS/Source/tasks.c **** 			if( xYieldPending != pdFALSE )
2852:Middlewares/Third_Party/FreeRTOS/Source/tasks.c **** 			{
2853:Middlewares/Third_Party/FreeRTOS/Source/tasks.c **** 				xSwitchRequired = pdTRUE;
2854:Middlewares/Third_Party/FreeRTOS/Source/tasks.c **** 			}
2855:Middlewares/Third_Party/FreeRTOS/Source/tasks.c **** 			else
2856:Middlewares/Third_Party/FreeRTOS/Source/tasks.c **** 			{
2857:Middlewares/Third_Party/FreeRTOS/Source/tasks.c **** 				mtCOVERAGE_TEST_MARKER();
2858:Middlewares/Third_Party/FreeRTOS/Source/tasks.c **** 			}
2859:Middlewares/Third_Party/FreeRTOS/Source/tasks.c **** 		}
2860:Middlewares/Third_Party/FreeRTOS/Source/tasks.c **** 		#endif /* configUSE_PREEMPTION */
2861:Middlewares/Third_Party/FreeRTOS/Source/tasks.c **** 	}
2862:Middlewares/Third_Party/FreeRTOS/Source/tasks.c **** 	else
2863:Middlewares/Third_Party/FreeRTOS/Source/tasks.c **** 	{
ARM GAS  /tmp/ccoDOEnO.s 			page 57


2864:Middlewares/Third_Party/FreeRTOS/Source/tasks.c **** 		++xPendedTicks;
2865:Middlewares/Third_Party/FreeRTOS/Source/tasks.c **** 
2866:Middlewares/Third_Party/FreeRTOS/Source/tasks.c **** 		/* The tick hook gets called at regular intervals, even if the
2867:Middlewares/Third_Party/FreeRTOS/Source/tasks.c **** 		scheduler is locked. */
2868:Middlewares/Third_Party/FreeRTOS/Source/tasks.c **** 		#if ( configUSE_TICK_HOOK == 1 )
2869:Middlewares/Third_Party/FreeRTOS/Source/tasks.c **** 		{
2870:Middlewares/Third_Party/FreeRTOS/Source/tasks.c **** 			vApplicationTickHook();
2871:Middlewares/Third_Party/FreeRTOS/Source/tasks.c **** 		}
2872:Middlewares/Third_Party/FreeRTOS/Source/tasks.c **** 		#endif
2873:Middlewares/Third_Party/FreeRTOS/Source/tasks.c **** 	}
2874:Middlewares/Third_Party/FreeRTOS/Source/tasks.c **** 
2875:Middlewares/Third_Party/FreeRTOS/Source/tasks.c **** 	return xSwitchRequired;
2876:Middlewares/Third_Party/FreeRTOS/Source/tasks.c **** }
2877:Middlewares/Third_Party/FreeRTOS/Source/tasks.c **** /*-----------------------------------------------------------*/
2878:Middlewares/Third_Party/FreeRTOS/Source/tasks.c **** 
2879:Middlewares/Third_Party/FreeRTOS/Source/tasks.c **** #if ( configUSE_APPLICATION_TASK_TAG == 1 )
2880:Middlewares/Third_Party/FreeRTOS/Source/tasks.c **** 
2881:Middlewares/Third_Party/FreeRTOS/Source/tasks.c **** 	void vTaskSetApplicationTaskTag( TaskHandle_t xTask, TaskHookFunction_t pxHookFunction )
2882:Middlewares/Third_Party/FreeRTOS/Source/tasks.c **** 	{
2883:Middlewares/Third_Party/FreeRTOS/Source/tasks.c **** 	TCB_t *xTCB;
2884:Middlewares/Third_Party/FreeRTOS/Source/tasks.c **** 
2885:Middlewares/Third_Party/FreeRTOS/Source/tasks.c **** 		/* If xTask is NULL then it is the task hook of the calling task that is
2886:Middlewares/Third_Party/FreeRTOS/Source/tasks.c **** 		getting set. */
2887:Middlewares/Third_Party/FreeRTOS/Source/tasks.c **** 		if( xTask == NULL )
2888:Middlewares/Third_Party/FreeRTOS/Source/tasks.c **** 		{
2889:Middlewares/Third_Party/FreeRTOS/Source/tasks.c **** 			xTCB = ( TCB_t * ) pxCurrentTCB;
2890:Middlewares/Third_Party/FreeRTOS/Source/tasks.c **** 		}
2891:Middlewares/Third_Party/FreeRTOS/Source/tasks.c **** 		else
2892:Middlewares/Third_Party/FreeRTOS/Source/tasks.c **** 		{
2893:Middlewares/Third_Party/FreeRTOS/Source/tasks.c **** 			xTCB = xTask;
2894:Middlewares/Third_Party/FreeRTOS/Source/tasks.c **** 		}
2895:Middlewares/Third_Party/FreeRTOS/Source/tasks.c **** 
2896:Middlewares/Third_Party/FreeRTOS/Source/tasks.c **** 		/* Save the hook function in the TCB.  A critical section is required as
2897:Middlewares/Third_Party/FreeRTOS/Source/tasks.c **** 		the value can be accessed from an interrupt. */
2898:Middlewares/Third_Party/FreeRTOS/Source/tasks.c **** 		taskENTER_CRITICAL();
2899:Middlewares/Third_Party/FreeRTOS/Source/tasks.c **** 		{
2900:Middlewares/Third_Party/FreeRTOS/Source/tasks.c **** 			xTCB->pxTaskTag = pxHookFunction;
2901:Middlewares/Third_Party/FreeRTOS/Source/tasks.c **** 		}
2902:Middlewares/Third_Party/FreeRTOS/Source/tasks.c **** 		taskEXIT_CRITICAL();
2903:Middlewares/Third_Party/FreeRTOS/Source/tasks.c **** 	}
2904:Middlewares/Third_Party/FreeRTOS/Source/tasks.c **** 
2905:Middlewares/Third_Party/FreeRTOS/Source/tasks.c **** #endif /* configUSE_APPLICATION_TASK_TAG */
2906:Middlewares/Third_Party/FreeRTOS/Source/tasks.c **** /*-----------------------------------------------------------*/
2907:Middlewares/Third_Party/FreeRTOS/Source/tasks.c **** 
2908:Middlewares/Third_Party/FreeRTOS/Source/tasks.c **** #if ( configUSE_APPLICATION_TASK_TAG == 1 )
2909:Middlewares/Third_Party/FreeRTOS/Source/tasks.c **** 
2910:Middlewares/Third_Party/FreeRTOS/Source/tasks.c **** 	TaskHookFunction_t xTaskGetApplicationTaskTag( TaskHandle_t xTask )
2911:Middlewares/Third_Party/FreeRTOS/Source/tasks.c **** 	{
2912:Middlewares/Third_Party/FreeRTOS/Source/tasks.c **** 	TCB_t *pxTCB;
2913:Middlewares/Third_Party/FreeRTOS/Source/tasks.c **** 	TaskHookFunction_t xReturn;
2914:Middlewares/Third_Party/FreeRTOS/Source/tasks.c **** 
2915:Middlewares/Third_Party/FreeRTOS/Source/tasks.c **** 		/* If xTask is NULL then set the calling task's hook. */
2916:Middlewares/Third_Party/FreeRTOS/Source/tasks.c **** 		pxTCB = prvGetTCBFromHandle( xTask );
2917:Middlewares/Third_Party/FreeRTOS/Source/tasks.c **** 
2918:Middlewares/Third_Party/FreeRTOS/Source/tasks.c **** 		/* Save the hook function in the TCB.  A critical section is required as
2919:Middlewares/Third_Party/FreeRTOS/Source/tasks.c **** 		the value can be accessed from an interrupt. */
2920:Middlewares/Third_Party/FreeRTOS/Source/tasks.c **** 		taskENTER_CRITICAL();
ARM GAS  /tmp/ccoDOEnO.s 			page 58


2921:Middlewares/Third_Party/FreeRTOS/Source/tasks.c **** 		{
2922:Middlewares/Third_Party/FreeRTOS/Source/tasks.c **** 			xReturn = pxTCB->pxTaskTag;
2923:Middlewares/Third_Party/FreeRTOS/Source/tasks.c **** 		}
2924:Middlewares/Third_Party/FreeRTOS/Source/tasks.c **** 		taskEXIT_CRITICAL();
2925:Middlewares/Third_Party/FreeRTOS/Source/tasks.c **** 
2926:Middlewares/Third_Party/FreeRTOS/Source/tasks.c **** 		return xReturn;
2927:Middlewares/Third_Party/FreeRTOS/Source/tasks.c **** 	}
2928:Middlewares/Third_Party/FreeRTOS/Source/tasks.c **** 
2929:Middlewares/Third_Party/FreeRTOS/Source/tasks.c **** #endif /* configUSE_APPLICATION_TASK_TAG */
2930:Middlewares/Third_Party/FreeRTOS/Source/tasks.c **** /*-----------------------------------------------------------*/
2931:Middlewares/Third_Party/FreeRTOS/Source/tasks.c **** 
2932:Middlewares/Third_Party/FreeRTOS/Source/tasks.c **** #if ( configUSE_APPLICATION_TASK_TAG == 1 )
2933:Middlewares/Third_Party/FreeRTOS/Source/tasks.c **** 
2934:Middlewares/Third_Party/FreeRTOS/Source/tasks.c **** 	TaskHookFunction_t xTaskGetApplicationTaskTagFromISR( TaskHandle_t xTask )
2935:Middlewares/Third_Party/FreeRTOS/Source/tasks.c **** 	{
2936:Middlewares/Third_Party/FreeRTOS/Source/tasks.c **** 	TCB_t *pxTCB;
2937:Middlewares/Third_Party/FreeRTOS/Source/tasks.c **** 	TaskHookFunction_t xReturn;
2938:Middlewares/Third_Party/FreeRTOS/Source/tasks.c **** 	UBaseType_t uxSavedInterruptStatus;
2939:Middlewares/Third_Party/FreeRTOS/Source/tasks.c **** 
2940:Middlewares/Third_Party/FreeRTOS/Source/tasks.c **** 		/* If xTask is NULL then set the calling task's hook. */
2941:Middlewares/Third_Party/FreeRTOS/Source/tasks.c **** 		pxTCB = prvGetTCBFromHandle( xTask );
2942:Middlewares/Third_Party/FreeRTOS/Source/tasks.c **** 
2943:Middlewares/Third_Party/FreeRTOS/Source/tasks.c **** 		/* Save the hook function in the TCB.  A critical section is required as
2944:Middlewares/Third_Party/FreeRTOS/Source/tasks.c **** 		the value can be accessed from an interrupt. */
2945:Middlewares/Third_Party/FreeRTOS/Source/tasks.c **** 		uxSavedInterruptStatus = portSET_INTERRUPT_MASK_FROM_ISR();
2946:Middlewares/Third_Party/FreeRTOS/Source/tasks.c **** 		{
2947:Middlewares/Third_Party/FreeRTOS/Source/tasks.c **** 			xReturn = pxTCB->pxTaskTag;
2948:Middlewares/Third_Party/FreeRTOS/Source/tasks.c **** 		}
2949:Middlewares/Third_Party/FreeRTOS/Source/tasks.c **** 		portCLEAR_INTERRUPT_MASK_FROM_ISR( uxSavedInterruptStatus );
2950:Middlewares/Third_Party/FreeRTOS/Source/tasks.c **** 
2951:Middlewares/Third_Party/FreeRTOS/Source/tasks.c **** 		return xReturn;
2952:Middlewares/Third_Party/FreeRTOS/Source/tasks.c **** 	}
2953:Middlewares/Third_Party/FreeRTOS/Source/tasks.c **** 
2954:Middlewares/Third_Party/FreeRTOS/Source/tasks.c **** #endif /* configUSE_APPLICATION_TASK_TAG */
2955:Middlewares/Third_Party/FreeRTOS/Source/tasks.c **** /*-----------------------------------------------------------*/
2956:Middlewares/Third_Party/FreeRTOS/Source/tasks.c **** 
2957:Middlewares/Third_Party/FreeRTOS/Source/tasks.c **** #if ( configUSE_APPLICATION_TASK_TAG == 1 )
2958:Middlewares/Third_Party/FreeRTOS/Source/tasks.c **** 
2959:Middlewares/Third_Party/FreeRTOS/Source/tasks.c **** 	BaseType_t xTaskCallApplicationTaskHook( TaskHandle_t xTask, void *pvParameter )
2960:Middlewares/Third_Party/FreeRTOS/Source/tasks.c **** 	{
2961:Middlewares/Third_Party/FreeRTOS/Source/tasks.c **** 	TCB_t *xTCB;
2962:Middlewares/Third_Party/FreeRTOS/Source/tasks.c **** 	BaseType_t xReturn;
2963:Middlewares/Third_Party/FreeRTOS/Source/tasks.c **** 
2964:Middlewares/Third_Party/FreeRTOS/Source/tasks.c **** 		/* If xTask is NULL then we are calling our own task hook. */
2965:Middlewares/Third_Party/FreeRTOS/Source/tasks.c **** 		if( xTask == NULL )
2966:Middlewares/Third_Party/FreeRTOS/Source/tasks.c **** 		{
2967:Middlewares/Third_Party/FreeRTOS/Source/tasks.c **** 			xTCB = pxCurrentTCB;
2968:Middlewares/Third_Party/FreeRTOS/Source/tasks.c **** 		}
2969:Middlewares/Third_Party/FreeRTOS/Source/tasks.c **** 		else
2970:Middlewares/Third_Party/FreeRTOS/Source/tasks.c **** 		{
2971:Middlewares/Third_Party/FreeRTOS/Source/tasks.c **** 			xTCB = xTask;
2972:Middlewares/Third_Party/FreeRTOS/Source/tasks.c **** 		}
2973:Middlewares/Third_Party/FreeRTOS/Source/tasks.c **** 
2974:Middlewares/Third_Party/FreeRTOS/Source/tasks.c **** 		if( xTCB->pxTaskTag != NULL )
2975:Middlewares/Third_Party/FreeRTOS/Source/tasks.c **** 		{
2976:Middlewares/Third_Party/FreeRTOS/Source/tasks.c **** 			xReturn = xTCB->pxTaskTag( pvParameter );
2977:Middlewares/Third_Party/FreeRTOS/Source/tasks.c **** 		}
ARM GAS  /tmp/ccoDOEnO.s 			page 59


2978:Middlewares/Third_Party/FreeRTOS/Source/tasks.c **** 		else
2979:Middlewares/Third_Party/FreeRTOS/Source/tasks.c **** 		{
2980:Middlewares/Third_Party/FreeRTOS/Source/tasks.c **** 			xReturn = pdFAIL;
2981:Middlewares/Third_Party/FreeRTOS/Source/tasks.c **** 		}
2982:Middlewares/Third_Party/FreeRTOS/Source/tasks.c **** 
2983:Middlewares/Third_Party/FreeRTOS/Source/tasks.c **** 		return xReturn;
2984:Middlewares/Third_Party/FreeRTOS/Source/tasks.c **** 	}
2985:Middlewares/Third_Party/FreeRTOS/Source/tasks.c **** 
2986:Middlewares/Third_Party/FreeRTOS/Source/tasks.c **** #endif /* configUSE_APPLICATION_TASK_TAG */
2987:Middlewares/Third_Party/FreeRTOS/Source/tasks.c **** /*-----------------------------------------------------------*/
2988:Middlewares/Third_Party/FreeRTOS/Source/tasks.c **** 
2989:Middlewares/Third_Party/FreeRTOS/Source/tasks.c **** void vTaskSwitchContext( void )
2990:Middlewares/Third_Party/FreeRTOS/Source/tasks.c **** {
2991:Middlewares/Third_Party/FreeRTOS/Source/tasks.c **** 	if( uxSchedulerSuspended != ( UBaseType_t ) pdFALSE )
2992:Middlewares/Third_Party/FreeRTOS/Source/tasks.c **** 	{
2993:Middlewares/Third_Party/FreeRTOS/Source/tasks.c **** 		/* The scheduler is currently suspended - do not allow a context
2994:Middlewares/Third_Party/FreeRTOS/Source/tasks.c **** 		switch. */
2995:Middlewares/Third_Party/FreeRTOS/Source/tasks.c **** 		xYieldPending = pdTRUE;
2996:Middlewares/Third_Party/FreeRTOS/Source/tasks.c **** 	}
2997:Middlewares/Third_Party/FreeRTOS/Source/tasks.c **** 	else
2998:Middlewares/Third_Party/FreeRTOS/Source/tasks.c **** 	{
2999:Middlewares/Third_Party/FreeRTOS/Source/tasks.c **** 		xYieldPending = pdFALSE;
3000:Middlewares/Third_Party/FreeRTOS/Source/tasks.c **** 		traceTASK_SWITCHED_OUT();
3001:Middlewares/Third_Party/FreeRTOS/Source/tasks.c **** 
3002:Middlewares/Third_Party/FreeRTOS/Source/tasks.c **** 		#if ( configGENERATE_RUN_TIME_STATS == 1 )
3003:Middlewares/Third_Party/FreeRTOS/Source/tasks.c **** 		{
3004:Middlewares/Third_Party/FreeRTOS/Source/tasks.c **** 			#ifdef portALT_GET_RUN_TIME_COUNTER_VALUE
3005:Middlewares/Third_Party/FreeRTOS/Source/tasks.c **** 				portALT_GET_RUN_TIME_COUNTER_VALUE( ulTotalRunTime );
3006:Middlewares/Third_Party/FreeRTOS/Source/tasks.c **** 			#else
3007:Middlewares/Third_Party/FreeRTOS/Source/tasks.c **** 				ulTotalRunTime = portGET_RUN_TIME_COUNTER_VALUE();
3008:Middlewares/Third_Party/FreeRTOS/Source/tasks.c **** 			#endif
3009:Middlewares/Third_Party/FreeRTOS/Source/tasks.c **** 
3010:Middlewares/Third_Party/FreeRTOS/Source/tasks.c **** 			/* Add the amount of time the task has been running to the
3011:Middlewares/Third_Party/FreeRTOS/Source/tasks.c **** 			accumulated time so far.  The time the task started running was
3012:Middlewares/Third_Party/FreeRTOS/Source/tasks.c **** 			stored in ulTaskSwitchedInTime.  Note that there is no overflow
3013:Middlewares/Third_Party/FreeRTOS/Source/tasks.c **** 			protection here so count values are only valid until the timer
3014:Middlewares/Third_Party/FreeRTOS/Source/tasks.c **** 			overflows.  The guard against negative values is to protect
3015:Middlewares/Third_Party/FreeRTOS/Source/tasks.c **** 			against suspect run time stat counter implementations - which
3016:Middlewares/Third_Party/FreeRTOS/Source/tasks.c **** 			are provided by the application, not the kernel. */
3017:Middlewares/Third_Party/FreeRTOS/Source/tasks.c **** 			if( ulTotalRunTime > ulTaskSwitchedInTime )
3018:Middlewares/Third_Party/FreeRTOS/Source/tasks.c **** 			{
3019:Middlewares/Third_Party/FreeRTOS/Source/tasks.c **** 				pxCurrentTCB->ulRunTimeCounter += ( ulTotalRunTime - ulTaskSwitchedInTime );
3020:Middlewares/Third_Party/FreeRTOS/Source/tasks.c **** 			}
3021:Middlewares/Third_Party/FreeRTOS/Source/tasks.c **** 			else
3022:Middlewares/Third_Party/FreeRTOS/Source/tasks.c **** 			{
3023:Middlewares/Third_Party/FreeRTOS/Source/tasks.c **** 				mtCOVERAGE_TEST_MARKER();
3024:Middlewares/Third_Party/FreeRTOS/Source/tasks.c **** 			}
3025:Middlewares/Third_Party/FreeRTOS/Source/tasks.c **** 			ulTaskSwitchedInTime = ulTotalRunTime;
3026:Middlewares/Third_Party/FreeRTOS/Source/tasks.c **** 		}
3027:Middlewares/Third_Party/FreeRTOS/Source/tasks.c **** 		#endif /* configGENERATE_RUN_TIME_STATS */
3028:Middlewares/Third_Party/FreeRTOS/Source/tasks.c **** 
3029:Middlewares/Third_Party/FreeRTOS/Source/tasks.c **** 		/* Check for stack overflow, if configured. */
3030:Middlewares/Third_Party/FreeRTOS/Source/tasks.c **** 		taskCHECK_FOR_STACK_OVERFLOW();
3031:Middlewares/Third_Party/FreeRTOS/Source/tasks.c **** 
3032:Middlewares/Third_Party/FreeRTOS/Source/tasks.c **** 		/* Before the currently running task is switched out, save its errno. */
3033:Middlewares/Third_Party/FreeRTOS/Source/tasks.c **** 		#if( configUSE_POSIX_ERRNO == 1 )
3034:Middlewares/Third_Party/FreeRTOS/Source/tasks.c **** 		{
ARM GAS  /tmp/ccoDOEnO.s 			page 60


3035:Middlewares/Third_Party/FreeRTOS/Source/tasks.c **** 			pxCurrentTCB->iTaskErrno = FreeRTOS_errno;
3036:Middlewares/Third_Party/FreeRTOS/Source/tasks.c **** 		}
3037:Middlewares/Third_Party/FreeRTOS/Source/tasks.c **** 		#endif
3038:Middlewares/Third_Party/FreeRTOS/Source/tasks.c **** 
3039:Middlewares/Third_Party/FreeRTOS/Source/tasks.c **** 		/* Select a new task to run using either the generic C or port
3040:Middlewares/Third_Party/FreeRTOS/Source/tasks.c **** 		optimised asm code. */
3041:Middlewares/Third_Party/FreeRTOS/Source/tasks.c **** 		taskSELECT_HIGHEST_PRIORITY_TASK(); /*lint !e9079 void * is used as this macro is used with timer
3042:Middlewares/Third_Party/FreeRTOS/Source/tasks.c **** 		traceTASK_SWITCHED_IN();
3043:Middlewares/Third_Party/FreeRTOS/Source/tasks.c **** 
3044:Middlewares/Third_Party/FreeRTOS/Source/tasks.c **** 		/* After the new task is switched in, update the global errno. */
3045:Middlewares/Third_Party/FreeRTOS/Source/tasks.c **** 		#if( configUSE_POSIX_ERRNO == 1 )
3046:Middlewares/Third_Party/FreeRTOS/Source/tasks.c **** 		{
3047:Middlewares/Third_Party/FreeRTOS/Source/tasks.c **** 			FreeRTOS_errno = pxCurrentTCB->iTaskErrno;
3048:Middlewares/Third_Party/FreeRTOS/Source/tasks.c **** 		}
3049:Middlewares/Third_Party/FreeRTOS/Source/tasks.c **** 		#endif
3050:Middlewares/Third_Party/FreeRTOS/Source/tasks.c **** 
3051:Middlewares/Third_Party/FreeRTOS/Source/tasks.c **** 		#if ( configUSE_NEWLIB_REENTRANT == 1 )
3052:Middlewares/Third_Party/FreeRTOS/Source/tasks.c **** 		{
3053:Middlewares/Third_Party/FreeRTOS/Source/tasks.c **** 			/* Switch Newlib's _impure_ptr variable to point to the _reent
3054:Middlewares/Third_Party/FreeRTOS/Source/tasks.c **** 			structure specific to this task.
3055:Middlewares/Third_Party/FreeRTOS/Source/tasks.c **** 			See the third party link http://www.nadler.com/embedded/newlibAndFreeRTOS.html
3056:Middlewares/Third_Party/FreeRTOS/Source/tasks.c **** 			for additional information. */
3057:Middlewares/Third_Party/FreeRTOS/Source/tasks.c **** 			_impure_ptr = &( pxCurrentTCB->xNewLib_reent );
3058:Middlewares/Third_Party/FreeRTOS/Source/tasks.c **** 		}
3059:Middlewares/Third_Party/FreeRTOS/Source/tasks.c **** 		#endif /* configUSE_NEWLIB_REENTRANT */
3060:Middlewares/Third_Party/FreeRTOS/Source/tasks.c **** 	}
3061:Middlewares/Third_Party/FreeRTOS/Source/tasks.c **** }
3062:Middlewares/Third_Party/FreeRTOS/Source/tasks.c **** /*-----------------------------------------------------------*/
3063:Middlewares/Third_Party/FreeRTOS/Source/tasks.c **** 
3064:Middlewares/Third_Party/FreeRTOS/Source/tasks.c **** void vTaskPlaceOnEventList( List_t * const pxEventList, const TickType_t xTicksToWait )
3065:Middlewares/Third_Party/FreeRTOS/Source/tasks.c **** {
3066:Middlewares/Third_Party/FreeRTOS/Source/tasks.c **** 	configASSERT( pxEventList );
3067:Middlewares/Third_Party/FreeRTOS/Source/tasks.c **** 
3068:Middlewares/Third_Party/FreeRTOS/Source/tasks.c **** 	/* THIS FUNCTION MUST BE CALLED WITH EITHER INTERRUPTS DISABLED OR THE
3069:Middlewares/Third_Party/FreeRTOS/Source/tasks.c **** 	SCHEDULER SUSPENDED AND THE QUEUE BEING ACCESSED LOCKED. */
3070:Middlewares/Third_Party/FreeRTOS/Source/tasks.c **** 
3071:Middlewares/Third_Party/FreeRTOS/Source/tasks.c **** 	/* Place the event list item of the TCB in the appropriate event list.
3072:Middlewares/Third_Party/FreeRTOS/Source/tasks.c **** 	This is placed in the list in priority order so the highest priority task
3073:Middlewares/Third_Party/FreeRTOS/Source/tasks.c **** 	is the first to be woken by the event.  The queue that contains the event
3074:Middlewares/Third_Party/FreeRTOS/Source/tasks.c **** 	list is locked, preventing simultaneous access from interrupts. */
3075:Middlewares/Third_Party/FreeRTOS/Source/tasks.c **** 	vListInsert( pxEventList, &( pxCurrentTCB->xEventListItem ) );
3076:Middlewares/Third_Party/FreeRTOS/Source/tasks.c **** 
3077:Middlewares/Third_Party/FreeRTOS/Source/tasks.c **** 	prvAddCurrentTaskToDelayedList( xTicksToWait, pdTRUE );
3078:Middlewares/Third_Party/FreeRTOS/Source/tasks.c **** }
3079:Middlewares/Third_Party/FreeRTOS/Source/tasks.c **** /*-----------------------------------------------------------*/
3080:Middlewares/Third_Party/FreeRTOS/Source/tasks.c **** 
3081:Middlewares/Third_Party/FreeRTOS/Source/tasks.c **** void vTaskPlaceOnUnorderedEventList( List_t * pxEventList, const TickType_t xItemValue, const TickT
3082:Middlewares/Third_Party/FreeRTOS/Source/tasks.c **** {
3083:Middlewares/Third_Party/FreeRTOS/Source/tasks.c **** 	configASSERT( pxEventList );
3084:Middlewares/Third_Party/FreeRTOS/Source/tasks.c **** 
3085:Middlewares/Third_Party/FreeRTOS/Source/tasks.c **** 	/* THIS FUNCTION MUST BE CALLED WITH THE SCHEDULER SUSPENDED.  It is used by
3086:Middlewares/Third_Party/FreeRTOS/Source/tasks.c **** 	the event groups implementation. */
3087:Middlewares/Third_Party/FreeRTOS/Source/tasks.c **** 	configASSERT( uxSchedulerSuspended != 0 );
3088:Middlewares/Third_Party/FreeRTOS/Source/tasks.c **** 
3089:Middlewares/Third_Party/FreeRTOS/Source/tasks.c **** 	/* Store the item value in the event list item.  It is safe to access the
3090:Middlewares/Third_Party/FreeRTOS/Source/tasks.c **** 	event list item here as interrupts won't access the event list item of a
3091:Middlewares/Third_Party/FreeRTOS/Source/tasks.c **** 	task that is not in the Blocked state. */
ARM GAS  /tmp/ccoDOEnO.s 			page 61


3092:Middlewares/Third_Party/FreeRTOS/Source/tasks.c **** 	listSET_LIST_ITEM_VALUE( &( pxCurrentTCB->xEventListItem ), xItemValue | taskEVENT_LIST_ITEM_VALUE
3093:Middlewares/Third_Party/FreeRTOS/Source/tasks.c **** 
3094:Middlewares/Third_Party/FreeRTOS/Source/tasks.c **** 	/* Place the event list item of the TCB at the end of the appropriate event
3095:Middlewares/Third_Party/FreeRTOS/Source/tasks.c **** 	list.  It is safe to access the event list here because it is part of an
3096:Middlewares/Third_Party/FreeRTOS/Source/tasks.c **** 	event group implementation - and interrupts don't access event groups
3097:Middlewares/Third_Party/FreeRTOS/Source/tasks.c **** 	directly (instead they access them indirectly by pending function calls to
3098:Middlewares/Third_Party/FreeRTOS/Source/tasks.c **** 	the task level). */
3099:Middlewares/Third_Party/FreeRTOS/Source/tasks.c **** 	vListInsertEnd( pxEventList, &( pxCurrentTCB->xEventListItem ) );
3100:Middlewares/Third_Party/FreeRTOS/Source/tasks.c **** 
3101:Middlewares/Third_Party/FreeRTOS/Source/tasks.c **** 	prvAddCurrentTaskToDelayedList( xTicksToWait, pdTRUE );
3102:Middlewares/Third_Party/FreeRTOS/Source/tasks.c **** }
3103:Middlewares/Third_Party/FreeRTOS/Source/tasks.c **** /*-----------------------------------------------------------*/
3104:Middlewares/Third_Party/FreeRTOS/Source/tasks.c **** 
3105:Middlewares/Third_Party/FreeRTOS/Source/tasks.c **** #if( configUSE_TIMERS == 1 )
3106:Middlewares/Third_Party/FreeRTOS/Source/tasks.c **** 
3107:Middlewares/Third_Party/FreeRTOS/Source/tasks.c **** 	void vTaskPlaceOnEventListRestricted( List_t * const pxEventList, TickType_t xTicksToWait, const B
3108:Middlewares/Third_Party/FreeRTOS/Source/tasks.c **** 	{
3109:Middlewares/Third_Party/FreeRTOS/Source/tasks.c **** 		configASSERT( pxEventList );
3110:Middlewares/Third_Party/FreeRTOS/Source/tasks.c **** 
3111:Middlewares/Third_Party/FreeRTOS/Source/tasks.c **** 		/* This function should not be called by application code hence the
3112:Middlewares/Third_Party/FreeRTOS/Source/tasks.c **** 		'Restricted' in its name.  It is not part of the public API.  It is
3113:Middlewares/Third_Party/FreeRTOS/Source/tasks.c **** 		designed for use by kernel code, and has special calling requirements -
3114:Middlewares/Third_Party/FreeRTOS/Source/tasks.c **** 		it should be called with the scheduler suspended. */
3115:Middlewares/Third_Party/FreeRTOS/Source/tasks.c **** 
3116:Middlewares/Third_Party/FreeRTOS/Source/tasks.c **** 
3117:Middlewares/Third_Party/FreeRTOS/Source/tasks.c **** 		/* Place the event list item of the TCB in the appropriate event list.
3118:Middlewares/Third_Party/FreeRTOS/Source/tasks.c **** 		In this case it is assume that this is the only task that is going to
3119:Middlewares/Third_Party/FreeRTOS/Source/tasks.c **** 		be waiting on this event list, so the faster vListInsertEnd() function
3120:Middlewares/Third_Party/FreeRTOS/Source/tasks.c **** 		can be used in place of vListInsert. */
3121:Middlewares/Third_Party/FreeRTOS/Source/tasks.c **** 		vListInsertEnd( pxEventList, &( pxCurrentTCB->xEventListItem ) );
3122:Middlewares/Third_Party/FreeRTOS/Source/tasks.c **** 
3123:Middlewares/Third_Party/FreeRTOS/Source/tasks.c **** 		/* If the task should block indefinitely then set the block time to a
3124:Middlewares/Third_Party/FreeRTOS/Source/tasks.c **** 		value that will be recognised as an indefinite delay inside the
3125:Middlewares/Third_Party/FreeRTOS/Source/tasks.c **** 		prvAddCurrentTaskToDelayedList() function. */
3126:Middlewares/Third_Party/FreeRTOS/Source/tasks.c **** 		if( xWaitIndefinitely != pdFALSE )
3127:Middlewares/Third_Party/FreeRTOS/Source/tasks.c **** 		{
3128:Middlewares/Third_Party/FreeRTOS/Source/tasks.c **** 			xTicksToWait = portMAX_DELAY;
3129:Middlewares/Third_Party/FreeRTOS/Source/tasks.c **** 		}
3130:Middlewares/Third_Party/FreeRTOS/Source/tasks.c **** 
3131:Middlewares/Third_Party/FreeRTOS/Source/tasks.c **** 		traceTASK_DELAY_UNTIL( ( xTickCount + xTicksToWait ) );
3132:Middlewares/Third_Party/FreeRTOS/Source/tasks.c **** 		prvAddCurrentTaskToDelayedList( xTicksToWait, xWaitIndefinitely );
3133:Middlewares/Third_Party/FreeRTOS/Source/tasks.c **** 	}
3134:Middlewares/Third_Party/FreeRTOS/Source/tasks.c **** 
3135:Middlewares/Third_Party/FreeRTOS/Source/tasks.c **** #endif /* configUSE_TIMERS */
3136:Middlewares/Third_Party/FreeRTOS/Source/tasks.c **** /*-----------------------------------------------------------*/
3137:Middlewares/Third_Party/FreeRTOS/Source/tasks.c **** 
3138:Middlewares/Third_Party/FreeRTOS/Source/tasks.c **** BaseType_t xTaskRemoveFromEventList( const List_t * const pxEventList )
3139:Middlewares/Third_Party/FreeRTOS/Source/tasks.c **** {
3140:Middlewares/Third_Party/FreeRTOS/Source/tasks.c **** TCB_t *pxUnblockedTCB;
3141:Middlewares/Third_Party/FreeRTOS/Source/tasks.c **** BaseType_t xReturn;
3142:Middlewares/Third_Party/FreeRTOS/Source/tasks.c **** 
3143:Middlewares/Third_Party/FreeRTOS/Source/tasks.c **** 	/* THIS FUNCTION MUST BE CALLED FROM A CRITICAL SECTION.  It can also be
3144:Middlewares/Third_Party/FreeRTOS/Source/tasks.c **** 	called from a critical section within an ISR. */
3145:Middlewares/Third_Party/FreeRTOS/Source/tasks.c **** 
3146:Middlewares/Third_Party/FreeRTOS/Source/tasks.c **** 	/* The event list is sorted in priority order, so the first in the list can
3147:Middlewares/Third_Party/FreeRTOS/Source/tasks.c **** 	be removed as it is known to be the highest priority.  Remove the TCB from
3148:Middlewares/Third_Party/FreeRTOS/Source/tasks.c **** 	the delayed list, and add it to the ready list.
ARM GAS  /tmp/ccoDOEnO.s 			page 62


3149:Middlewares/Third_Party/FreeRTOS/Source/tasks.c **** 
3150:Middlewares/Third_Party/FreeRTOS/Source/tasks.c **** 	If an event is for a queue that is locked then this function will never
3151:Middlewares/Third_Party/FreeRTOS/Source/tasks.c **** 	get called - the lock count on the queue will get modified instead.  This
3152:Middlewares/Third_Party/FreeRTOS/Source/tasks.c **** 	means exclusive access to the event list is guaranteed here.
3153:Middlewares/Third_Party/FreeRTOS/Source/tasks.c **** 
3154:Middlewares/Third_Party/FreeRTOS/Source/tasks.c **** 	This function assumes that a check has already been made to ensure that
3155:Middlewares/Third_Party/FreeRTOS/Source/tasks.c **** 	pxEventList is not empty. */
3156:Middlewares/Third_Party/FreeRTOS/Source/tasks.c **** 	pxUnblockedTCB = listGET_OWNER_OF_HEAD_ENTRY( pxEventList ); /*lint !e9079 void * is used as this 
3157:Middlewares/Third_Party/FreeRTOS/Source/tasks.c **** 	configASSERT( pxUnblockedTCB );
3158:Middlewares/Third_Party/FreeRTOS/Source/tasks.c **** 	( void ) uxListRemove( &( pxUnblockedTCB->xEventListItem ) );
3159:Middlewares/Third_Party/FreeRTOS/Source/tasks.c **** 
3160:Middlewares/Third_Party/FreeRTOS/Source/tasks.c **** 	if( uxSchedulerSuspended == ( UBaseType_t ) pdFALSE )
3161:Middlewares/Third_Party/FreeRTOS/Source/tasks.c **** 	{
3162:Middlewares/Third_Party/FreeRTOS/Source/tasks.c **** 		( void ) uxListRemove( &( pxUnblockedTCB->xStateListItem ) );
3163:Middlewares/Third_Party/FreeRTOS/Source/tasks.c **** 		prvAddTaskToReadyList( pxUnblockedTCB );
3164:Middlewares/Third_Party/FreeRTOS/Source/tasks.c **** 
3165:Middlewares/Third_Party/FreeRTOS/Source/tasks.c **** 		#if( configUSE_TICKLESS_IDLE != 0 )
3166:Middlewares/Third_Party/FreeRTOS/Source/tasks.c **** 		{
3167:Middlewares/Third_Party/FreeRTOS/Source/tasks.c **** 			/* If a task is blocked on a kernel object then xNextTaskUnblockTime
3168:Middlewares/Third_Party/FreeRTOS/Source/tasks.c **** 			might be set to the blocked task's time out time.  If the task is
3169:Middlewares/Third_Party/FreeRTOS/Source/tasks.c **** 			unblocked for a reason other than a timeout xNextTaskUnblockTime is
3170:Middlewares/Third_Party/FreeRTOS/Source/tasks.c **** 			normally left unchanged, because it is automatically reset to a new
3171:Middlewares/Third_Party/FreeRTOS/Source/tasks.c **** 			value when the tick count equals xNextTaskUnblockTime.  However if
3172:Middlewares/Third_Party/FreeRTOS/Source/tasks.c **** 			tickless idling is used it might be more important to enter sleep mode
3173:Middlewares/Third_Party/FreeRTOS/Source/tasks.c **** 			at the earliest possible time - so reset xNextTaskUnblockTime here to
3174:Middlewares/Third_Party/FreeRTOS/Source/tasks.c **** 			ensure it is updated at the earliest possible time. */
3175:Middlewares/Third_Party/FreeRTOS/Source/tasks.c **** 			prvResetNextTaskUnblockTime();
3176:Middlewares/Third_Party/FreeRTOS/Source/tasks.c **** 		}
3177:Middlewares/Third_Party/FreeRTOS/Source/tasks.c **** 		#endif
3178:Middlewares/Third_Party/FreeRTOS/Source/tasks.c **** 	}
3179:Middlewares/Third_Party/FreeRTOS/Source/tasks.c **** 	else
3180:Middlewares/Third_Party/FreeRTOS/Source/tasks.c **** 	{
3181:Middlewares/Third_Party/FreeRTOS/Source/tasks.c **** 		/* The delayed and ready lists cannot be accessed, so hold this task
3182:Middlewares/Third_Party/FreeRTOS/Source/tasks.c **** 		pending until the scheduler is resumed. */
3183:Middlewares/Third_Party/FreeRTOS/Source/tasks.c **** 		vListInsertEnd( &( xPendingReadyList ), &( pxUnblockedTCB->xEventListItem ) );
3184:Middlewares/Third_Party/FreeRTOS/Source/tasks.c **** 	}
3185:Middlewares/Third_Party/FreeRTOS/Source/tasks.c **** 
3186:Middlewares/Third_Party/FreeRTOS/Source/tasks.c **** 	if( pxUnblockedTCB->uxPriority > pxCurrentTCB->uxPriority )
3187:Middlewares/Third_Party/FreeRTOS/Source/tasks.c **** 	{
3188:Middlewares/Third_Party/FreeRTOS/Source/tasks.c **** 		/* Return true if the task removed from the event list has a higher
3189:Middlewares/Third_Party/FreeRTOS/Source/tasks.c **** 		priority than the calling task.  This allows the calling task to know if
3190:Middlewares/Third_Party/FreeRTOS/Source/tasks.c **** 		it should force a context switch now. */
3191:Middlewares/Third_Party/FreeRTOS/Source/tasks.c **** 		xReturn = pdTRUE;
3192:Middlewares/Third_Party/FreeRTOS/Source/tasks.c **** 
3193:Middlewares/Third_Party/FreeRTOS/Source/tasks.c **** 		/* Mark that a yield is pending in case the user is not using the
3194:Middlewares/Third_Party/FreeRTOS/Source/tasks.c **** 		"xHigherPriorityTaskWoken" parameter to an ISR safe FreeRTOS function. */
3195:Middlewares/Third_Party/FreeRTOS/Source/tasks.c **** 		xYieldPending = pdTRUE;
3196:Middlewares/Third_Party/FreeRTOS/Source/tasks.c **** 	}
3197:Middlewares/Third_Party/FreeRTOS/Source/tasks.c **** 	else
3198:Middlewares/Third_Party/FreeRTOS/Source/tasks.c **** 	{
3199:Middlewares/Third_Party/FreeRTOS/Source/tasks.c **** 		xReturn = pdFALSE;
3200:Middlewares/Third_Party/FreeRTOS/Source/tasks.c **** 	}
3201:Middlewares/Third_Party/FreeRTOS/Source/tasks.c **** 
3202:Middlewares/Third_Party/FreeRTOS/Source/tasks.c **** 	return xReturn;
3203:Middlewares/Third_Party/FreeRTOS/Source/tasks.c **** }
3204:Middlewares/Third_Party/FreeRTOS/Source/tasks.c **** /*-----------------------------------------------------------*/
3205:Middlewares/Third_Party/FreeRTOS/Source/tasks.c **** 
ARM GAS  /tmp/ccoDOEnO.s 			page 63


3206:Middlewares/Third_Party/FreeRTOS/Source/tasks.c **** void vTaskRemoveFromUnorderedEventList( ListItem_t * pxEventListItem, const TickType_t xItemValue )
3207:Middlewares/Third_Party/FreeRTOS/Source/tasks.c **** {
3208:Middlewares/Third_Party/FreeRTOS/Source/tasks.c **** TCB_t *pxUnblockedTCB;
3209:Middlewares/Third_Party/FreeRTOS/Source/tasks.c **** 
3210:Middlewares/Third_Party/FreeRTOS/Source/tasks.c **** 	/* THIS FUNCTION MUST BE CALLED WITH THE SCHEDULER SUSPENDED.  It is used by
3211:Middlewares/Third_Party/FreeRTOS/Source/tasks.c **** 	the event flags implementation. */
3212:Middlewares/Third_Party/FreeRTOS/Source/tasks.c **** 	configASSERT( uxSchedulerSuspended != pdFALSE );
3213:Middlewares/Third_Party/FreeRTOS/Source/tasks.c **** 
3214:Middlewares/Third_Party/FreeRTOS/Source/tasks.c **** 	/* Store the new item value in the event list. */
3215:Middlewares/Third_Party/FreeRTOS/Source/tasks.c **** 	listSET_LIST_ITEM_VALUE( pxEventListItem, xItemValue | taskEVENT_LIST_ITEM_VALUE_IN_USE );
3216:Middlewares/Third_Party/FreeRTOS/Source/tasks.c **** 
3217:Middlewares/Third_Party/FreeRTOS/Source/tasks.c **** 	/* Remove the event list form the event flag.  Interrupts do not access
3218:Middlewares/Third_Party/FreeRTOS/Source/tasks.c **** 	event flags. */
3219:Middlewares/Third_Party/FreeRTOS/Source/tasks.c **** 	pxUnblockedTCB = listGET_LIST_ITEM_OWNER( pxEventListItem ); /*lint !e9079 void * is used as this 
3220:Middlewares/Third_Party/FreeRTOS/Source/tasks.c **** 	configASSERT( pxUnblockedTCB );
3221:Middlewares/Third_Party/FreeRTOS/Source/tasks.c **** 	( void ) uxListRemove( pxEventListItem );
3222:Middlewares/Third_Party/FreeRTOS/Source/tasks.c **** 
3223:Middlewares/Third_Party/FreeRTOS/Source/tasks.c **** 	#if( configUSE_TICKLESS_IDLE != 0 )
3224:Middlewares/Third_Party/FreeRTOS/Source/tasks.c **** 	{
3225:Middlewares/Third_Party/FreeRTOS/Source/tasks.c **** 		/* If a task is blocked on a kernel object then xNextTaskUnblockTime
3226:Middlewares/Third_Party/FreeRTOS/Source/tasks.c **** 		might be set to the blocked task's time out time.  If the task is
3227:Middlewares/Third_Party/FreeRTOS/Source/tasks.c **** 		unblocked for a reason other than a timeout xNextTaskUnblockTime is
3228:Middlewares/Third_Party/FreeRTOS/Source/tasks.c **** 		normally left unchanged, because it is automatically reset to a new
3229:Middlewares/Third_Party/FreeRTOS/Source/tasks.c **** 		value when the tick count equals xNextTaskUnblockTime.  However if
3230:Middlewares/Third_Party/FreeRTOS/Source/tasks.c **** 		tickless idling is used it might be more important to enter sleep mode
3231:Middlewares/Third_Party/FreeRTOS/Source/tasks.c **** 		at the earliest possible time - so reset xNextTaskUnblockTime here to
3232:Middlewares/Third_Party/FreeRTOS/Source/tasks.c **** 		ensure it is updated at the earliest possible time. */
3233:Middlewares/Third_Party/FreeRTOS/Source/tasks.c **** 		prvResetNextTaskUnblockTime();
3234:Middlewares/Third_Party/FreeRTOS/Source/tasks.c **** 	}
3235:Middlewares/Third_Party/FreeRTOS/Source/tasks.c **** 	#endif
3236:Middlewares/Third_Party/FreeRTOS/Source/tasks.c **** 
3237:Middlewares/Third_Party/FreeRTOS/Source/tasks.c **** 	/* Remove the task from the delayed list and add it to the ready list.  The
3238:Middlewares/Third_Party/FreeRTOS/Source/tasks.c **** 	scheduler is suspended so interrupts will not be accessing the ready
3239:Middlewares/Third_Party/FreeRTOS/Source/tasks.c **** 	lists. */
3240:Middlewares/Third_Party/FreeRTOS/Source/tasks.c **** 	( void ) uxListRemove( &( pxUnblockedTCB->xStateListItem ) );
3241:Middlewares/Third_Party/FreeRTOS/Source/tasks.c **** 	prvAddTaskToReadyList( pxUnblockedTCB );
3242:Middlewares/Third_Party/FreeRTOS/Source/tasks.c **** 
3243:Middlewares/Third_Party/FreeRTOS/Source/tasks.c **** 	if( pxUnblockedTCB->uxPriority > pxCurrentTCB->uxPriority )
3244:Middlewares/Third_Party/FreeRTOS/Source/tasks.c **** 	{
3245:Middlewares/Third_Party/FreeRTOS/Source/tasks.c **** 		/* The unblocked task has a priority above that of the calling task, so
3246:Middlewares/Third_Party/FreeRTOS/Source/tasks.c **** 		a context switch is required.  This function is called with the
3247:Middlewares/Third_Party/FreeRTOS/Source/tasks.c **** 		scheduler suspended so xYieldPending is set so the context switch
3248:Middlewares/Third_Party/FreeRTOS/Source/tasks.c **** 		occurs immediately that the scheduler is resumed (unsuspended). */
3249:Middlewares/Third_Party/FreeRTOS/Source/tasks.c **** 		xYieldPending = pdTRUE;
3250:Middlewares/Third_Party/FreeRTOS/Source/tasks.c **** 	}
3251:Middlewares/Third_Party/FreeRTOS/Source/tasks.c **** }
3252:Middlewares/Third_Party/FreeRTOS/Source/tasks.c **** /*-----------------------------------------------------------*/
3253:Middlewares/Third_Party/FreeRTOS/Source/tasks.c **** 
3254:Middlewares/Third_Party/FreeRTOS/Source/tasks.c **** void vTaskSetTimeOutState( TimeOut_t * const pxTimeOut )
3255:Middlewares/Third_Party/FreeRTOS/Source/tasks.c **** {
3256:Middlewares/Third_Party/FreeRTOS/Source/tasks.c **** 	configASSERT( pxTimeOut );
3257:Middlewares/Third_Party/FreeRTOS/Source/tasks.c **** 	taskENTER_CRITICAL();
3258:Middlewares/Third_Party/FreeRTOS/Source/tasks.c **** 	{
3259:Middlewares/Third_Party/FreeRTOS/Source/tasks.c **** 		pxTimeOut->xOverflowCount = xNumOfOverflows;
3260:Middlewares/Third_Party/FreeRTOS/Source/tasks.c **** 		pxTimeOut->xTimeOnEntering = xTickCount;
3261:Middlewares/Third_Party/FreeRTOS/Source/tasks.c **** 	}
3262:Middlewares/Third_Party/FreeRTOS/Source/tasks.c **** 	taskEXIT_CRITICAL();
ARM GAS  /tmp/ccoDOEnO.s 			page 64


3263:Middlewares/Third_Party/FreeRTOS/Source/tasks.c **** }
3264:Middlewares/Third_Party/FreeRTOS/Source/tasks.c **** /*-----------------------------------------------------------*/
3265:Middlewares/Third_Party/FreeRTOS/Source/tasks.c **** 
3266:Middlewares/Third_Party/FreeRTOS/Source/tasks.c **** void vTaskInternalSetTimeOutState( TimeOut_t * const pxTimeOut )
3267:Middlewares/Third_Party/FreeRTOS/Source/tasks.c **** {
3268:Middlewares/Third_Party/FreeRTOS/Source/tasks.c **** 	/* For internal use only as it does not use a critical section. */
3269:Middlewares/Third_Party/FreeRTOS/Source/tasks.c **** 	pxTimeOut->xOverflowCount = xNumOfOverflows;
3270:Middlewares/Third_Party/FreeRTOS/Source/tasks.c **** 	pxTimeOut->xTimeOnEntering = xTickCount;
3271:Middlewares/Third_Party/FreeRTOS/Source/tasks.c **** }
3272:Middlewares/Third_Party/FreeRTOS/Source/tasks.c **** /*-----------------------------------------------------------*/
3273:Middlewares/Third_Party/FreeRTOS/Source/tasks.c **** 
3274:Middlewares/Third_Party/FreeRTOS/Source/tasks.c **** BaseType_t xTaskCheckForTimeOut( TimeOut_t * const pxTimeOut, TickType_t * const pxTicksToWait )
3275:Middlewares/Third_Party/FreeRTOS/Source/tasks.c **** {
3276:Middlewares/Third_Party/FreeRTOS/Source/tasks.c **** BaseType_t xReturn;
3277:Middlewares/Third_Party/FreeRTOS/Source/tasks.c **** 
3278:Middlewares/Third_Party/FreeRTOS/Source/tasks.c **** 	configASSERT( pxTimeOut );
3279:Middlewares/Third_Party/FreeRTOS/Source/tasks.c **** 	configASSERT( pxTicksToWait );
3280:Middlewares/Third_Party/FreeRTOS/Source/tasks.c **** 
3281:Middlewares/Third_Party/FreeRTOS/Source/tasks.c **** 	taskENTER_CRITICAL();
3282:Middlewares/Third_Party/FreeRTOS/Source/tasks.c **** 	{
3283:Middlewares/Third_Party/FreeRTOS/Source/tasks.c **** 		/* Minor optimisation.  The tick count cannot change in this block. */
3284:Middlewares/Third_Party/FreeRTOS/Source/tasks.c **** 		const TickType_t xConstTickCount = xTickCount;
3285:Middlewares/Third_Party/FreeRTOS/Source/tasks.c **** 		const TickType_t xElapsedTime = xConstTickCount - pxTimeOut->xTimeOnEntering;
3286:Middlewares/Third_Party/FreeRTOS/Source/tasks.c **** 
3287:Middlewares/Third_Party/FreeRTOS/Source/tasks.c **** 		#if( INCLUDE_xTaskAbortDelay == 1 )
3288:Middlewares/Third_Party/FreeRTOS/Source/tasks.c **** 			if( pxCurrentTCB->ucDelayAborted != ( uint8_t ) pdFALSE )
3289:Middlewares/Third_Party/FreeRTOS/Source/tasks.c **** 			{
3290:Middlewares/Third_Party/FreeRTOS/Source/tasks.c **** 				/* The delay was aborted, which is not the same as a time out,
3291:Middlewares/Third_Party/FreeRTOS/Source/tasks.c **** 				but has the same result. */
3292:Middlewares/Third_Party/FreeRTOS/Source/tasks.c **** 				pxCurrentTCB->ucDelayAborted = pdFALSE;
3293:Middlewares/Third_Party/FreeRTOS/Source/tasks.c **** 				xReturn = pdTRUE;
3294:Middlewares/Third_Party/FreeRTOS/Source/tasks.c **** 			}
3295:Middlewares/Third_Party/FreeRTOS/Source/tasks.c **** 			else
3296:Middlewares/Third_Party/FreeRTOS/Source/tasks.c **** 		#endif
3297:Middlewares/Third_Party/FreeRTOS/Source/tasks.c **** 
3298:Middlewares/Third_Party/FreeRTOS/Source/tasks.c **** 		#if ( INCLUDE_vTaskSuspend == 1 )
3299:Middlewares/Third_Party/FreeRTOS/Source/tasks.c **** 			if( *pxTicksToWait == portMAX_DELAY )
3300:Middlewares/Third_Party/FreeRTOS/Source/tasks.c **** 			{
3301:Middlewares/Third_Party/FreeRTOS/Source/tasks.c **** 				/* If INCLUDE_vTaskSuspend is set to 1 and the block time
3302:Middlewares/Third_Party/FreeRTOS/Source/tasks.c **** 				specified is the maximum block time then the task should block
3303:Middlewares/Third_Party/FreeRTOS/Source/tasks.c **** 				indefinitely, and therefore never time out. */
3304:Middlewares/Third_Party/FreeRTOS/Source/tasks.c **** 				xReturn = pdFALSE;
3305:Middlewares/Third_Party/FreeRTOS/Source/tasks.c **** 			}
3306:Middlewares/Third_Party/FreeRTOS/Source/tasks.c **** 			else
3307:Middlewares/Third_Party/FreeRTOS/Source/tasks.c **** 		#endif
3308:Middlewares/Third_Party/FreeRTOS/Source/tasks.c **** 
3309:Middlewares/Third_Party/FreeRTOS/Source/tasks.c **** 		if( ( xNumOfOverflows != pxTimeOut->xOverflowCount ) && ( xConstTickCount >= pxTimeOut->xTimeOnEn
3310:Middlewares/Third_Party/FreeRTOS/Source/tasks.c **** 		{
3311:Middlewares/Third_Party/FreeRTOS/Source/tasks.c **** 			/* The tick count is greater than the time at which
3312:Middlewares/Third_Party/FreeRTOS/Source/tasks.c **** 			vTaskSetTimeout() was called, but has also overflowed since
3313:Middlewares/Third_Party/FreeRTOS/Source/tasks.c **** 			vTaskSetTimeOut() was called.  It must have wrapped all the way
3314:Middlewares/Third_Party/FreeRTOS/Source/tasks.c **** 			around and gone past again. This passed since vTaskSetTimeout()
3315:Middlewares/Third_Party/FreeRTOS/Source/tasks.c **** 			was called. */
3316:Middlewares/Third_Party/FreeRTOS/Source/tasks.c **** 			xReturn = pdTRUE;
3317:Middlewares/Third_Party/FreeRTOS/Source/tasks.c **** 		}
3318:Middlewares/Third_Party/FreeRTOS/Source/tasks.c **** 		else if( xElapsedTime < *pxTicksToWait ) /*lint !e961 Explicit casting is only redundant with som
3319:Middlewares/Third_Party/FreeRTOS/Source/tasks.c **** 		{
ARM GAS  /tmp/ccoDOEnO.s 			page 65


3320:Middlewares/Third_Party/FreeRTOS/Source/tasks.c **** 			/* Not a genuine timeout. Adjust parameters for time remaining. */
3321:Middlewares/Third_Party/FreeRTOS/Source/tasks.c **** 			*pxTicksToWait -= xElapsedTime;
3322:Middlewares/Third_Party/FreeRTOS/Source/tasks.c **** 			vTaskInternalSetTimeOutState( pxTimeOut );
3323:Middlewares/Third_Party/FreeRTOS/Source/tasks.c **** 			xReturn = pdFALSE;
3324:Middlewares/Third_Party/FreeRTOS/Source/tasks.c **** 		}
3325:Middlewares/Third_Party/FreeRTOS/Source/tasks.c **** 		else
3326:Middlewares/Third_Party/FreeRTOS/Source/tasks.c **** 		{
3327:Middlewares/Third_Party/FreeRTOS/Source/tasks.c **** 			*pxTicksToWait = 0;
3328:Middlewares/Third_Party/FreeRTOS/Source/tasks.c **** 			xReturn = pdTRUE;
3329:Middlewares/Third_Party/FreeRTOS/Source/tasks.c **** 		}
3330:Middlewares/Third_Party/FreeRTOS/Source/tasks.c **** 	}
3331:Middlewares/Third_Party/FreeRTOS/Source/tasks.c **** 	taskEXIT_CRITICAL();
3332:Middlewares/Third_Party/FreeRTOS/Source/tasks.c **** 
3333:Middlewares/Third_Party/FreeRTOS/Source/tasks.c **** 	return xReturn;
3334:Middlewares/Third_Party/FreeRTOS/Source/tasks.c **** }
3335:Middlewares/Third_Party/FreeRTOS/Source/tasks.c **** /*-----------------------------------------------------------*/
3336:Middlewares/Third_Party/FreeRTOS/Source/tasks.c **** 
3337:Middlewares/Third_Party/FreeRTOS/Source/tasks.c **** void vTaskMissedYield( void )
3338:Middlewares/Third_Party/FreeRTOS/Source/tasks.c **** {
3339:Middlewares/Third_Party/FreeRTOS/Source/tasks.c **** 	xYieldPending = pdTRUE;
3340:Middlewares/Third_Party/FreeRTOS/Source/tasks.c **** }
3341:Middlewares/Third_Party/FreeRTOS/Source/tasks.c **** /*-----------------------------------------------------------*/
3342:Middlewares/Third_Party/FreeRTOS/Source/tasks.c **** 
3343:Middlewares/Third_Party/FreeRTOS/Source/tasks.c **** #if ( configUSE_TRACE_FACILITY == 1 )
3344:Middlewares/Third_Party/FreeRTOS/Source/tasks.c **** 
3345:Middlewares/Third_Party/FreeRTOS/Source/tasks.c **** 	UBaseType_t uxTaskGetTaskNumber( TaskHandle_t xTask )
3346:Middlewares/Third_Party/FreeRTOS/Source/tasks.c **** 	{
3347:Middlewares/Third_Party/FreeRTOS/Source/tasks.c **** 	UBaseType_t uxReturn;
3348:Middlewares/Third_Party/FreeRTOS/Source/tasks.c **** 	TCB_t const *pxTCB;
3349:Middlewares/Third_Party/FreeRTOS/Source/tasks.c **** 
3350:Middlewares/Third_Party/FreeRTOS/Source/tasks.c **** 		if( xTask != NULL )
3351:Middlewares/Third_Party/FreeRTOS/Source/tasks.c **** 		{
3352:Middlewares/Third_Party/FreeRTOS/Source/tasks.c **** 			pxTCB = xTask;
3353:Middlewares/Third_Party/FreeRTOS/Source/tasks.c **** 			uxReturn = pxTCB->uxTaskNumber;
3354:Middlewares/Third_Party/FreeRTOS/Source/tasks.c **** 		}
3355:Middlewares/Third_Party/FreeRTOS/Source/tasks.c **** 		else
3356:Middlewares/Third_Party/FreeRTOS/Source/tasks.c **** 		{
3357:Middlewares/Third_Party/FreeRTOS/Source/tasks.c **** 			uxReturn = 0U;
3358:Middlewares/Third_Party/FreeRTOS/Source/tasks.c **** 		}
3359:Middlewares/Third_Party/FreeRTOS/Source/tasks.c **** 
3360:Middlewares/Third_Party/FreeRTOS/Source/tasks.c **** 		return uxReturn;
3361:Middlewares/Third_Party/FreeRTOS/Source/tasks.c **** 	}
3362:Middlewares/Third_Party/FreeRTOS/Source/tasks.c **** 
3363:Middlewares/Third_Party/FreeRTOS/Source/tasks.c **** #endif /* configUSE_TRACE_FACILITY */
3364:Middlewares/Third_Party/FreeRTOS/Source/tasks.c **** /*-----------------------------------------------------------*/
3365:Middlewares/Third_Party/FreeRTOS/Source/tasks.c **** 
3366:Middlewares/Third_Party/FreeRTOS/Source/tasks.c **** #if ( configUSE_TRACE_FACILITY == 1 )
3367:Middlewares/Third_Party/FreeRTOS/Source/tasks.c **** 
3368:Middlewares/Third_Party/FreeRTOS/Source/tasks.c **** 	void vTaskSetTaskNumber( TaskHandle_t xTask, const UBaseType_t uxHandle )
3369:Middlewares/Third_Party/FreeRTOS/Source/tasks.c **** 	{
3370:Middlewares/Third_Party/FreeRTOS/Source/tasks.c **** 	TCB_t * pxTCB;
3371:Middlewares/Third_Party/FreeRTOS/Source/tasks.c **** 
3372:Middlewares/Third_Party/FreeRTOS/Source/tasks.c **** 		if( xTask != NULL )
3373:Middlewares/Third_Party/FreeRTOS/Source/tasks.c **** 		{
3374:Middlewares/Third_Party/FreeRTOS/Source/tasks.c **** 			pxTCB = xTask;
3375:Middlewares/Third_Party/FreeRTOS/Source/tasks.c **** 			pxTCB->uxTaskNumber = uxHandle;
3376:Middlewares/Third_Party/FreeRTOS/Source/tasks.c **** 		}
ARM GAS  /tmp/ccoDOEnO.s 			page 66


3377:Middlewares/Third_Party/FreeRTOS/Source/tasks.c **** 	}
3378:Middlewares/Third_Party/FreeRTOS/Source/tasks.c **** 
3379:Middlewares/Third_Party/FreeRTOS/Source/tasks.c **** #endif /* configUSE_TRACE_FACILITY */
3380:Middlewares/Third_Party/FreeRTOS/Source/tasks.c **** 
3381:Middlewares/Third_Party/FreeRTOS/Source/tasks.c **** /*
3382:Middlewares/Third_Party/FreeRTOS/Source/tasks.c ****  * -----------------------------------------------------------
3383:Middlewares/Third_Party/FreeRTOS/Source/tasks.c ****  * The Idle task.
3384:Middlewares/Third_Party/FreeRTOS/Source/tasks.c ****  * ----------------------------------------------------------
3385:Middlewares/Third_Party/FreeRTOS/Source/tasks.c ****  *
3386:Middlewares/Third_Party/FreeRTOS/Source/tasks.c ****  * The portTASK_FUNCTION() macro is used to allow port/compiler specific
3387:Middlewares/Third_Party/FreeRTOS/Source/tasks.c ****  * language extensions.  The equivalent prototype for this function is:
3388:Middlewares/Third_Party/FreeRTOS/Source/tasks.c ****  *
3389:Middlewares/Third_Party/FreeRTOS/Source/tasks.c ****  * void prvIdleTask( void *pvParameters );
3390:Middlewares/Third_Party/FreeRTOS/Source/tasks.c ****  *
3391:Middlewares/Third_Party/FreeRTOS/Source/tasks.c ****  */
3392:Middlewares/Third_Party/FreeRTOS/Source/tasks.c **** static portTASK_FUNCTION( prvIdleTask, pvParameters )
3393:Middlewares/Third_Party/FreeRTOS/Source/tasks.c **** {
3394:Middlewares/Third_Party/FreeRTOS/Source/tasks.c **** 	/* Stop warnings. */
3395:Middlewares/Third_Party/FreeRTOS/Source/tasks.c **** 	( void ) pvParameters;
3396:Middlewares/Third_Party/FreeRTOS/Source/tasks.c **** 
3397:Middlewares/Third_Party/FreeRTOS/Source/tasks.c **** 	/** THIS IS THE RTOS IDLE TASK - WHICH IS CREATED AUTOMATICALLY WHEN THE
3398:Middlewares/Third_Party/FreeRTOS/Source/tasks.c **** 	SCHEDULER IS STARTED. **/
3399:Middlewares/Third_Party/FreeRTOS/Source/tasks.c **** 
3400:Middlewares/Third_Party/FreeRTOS/Source/tasks.c **** 	/* In case a task that has a secure context deletes itself, in which case
3401:Middlewares/Third_Party/FreeRTOS/Source/tasks.c **** 	the idle task is responsible for deleting the task's secure context, if
3402:Middlewares/Third_Party/FreeRTOS/Source/tasks.c **** 	any. */
3403:Middlewares/Third_Party/FreeRTOS/Source/tasks.c **** 	portALLOCATE_SECURE_CONTEXT( configMINIMAL_SECURE_STACK_SIZE );
3404:Middlewares/Third_Party/FreeRTOS/Source/tasks.c **** 
3405:Middlewares/Third_Party/FreeRTOS/Source/tasks.c **** 	for( ;; )
3406:Middlewares/Third_Party/FreeRTOS/Source/tasks.c **** 	{
3407:Middlewares/Third_Party/FreeRTOS/Source/tasks.c **** 		/* See if any tasks have deleted themselves - if so then the idle task
3408:Middlewares/Third_Party/FreeRTOS/Source/tasks.c **** 		is responsible for freeing the deleted task's TCB and stack. */
3409:Middlewares/Third_Party/FreeRTOS/Source/tasks.c **** 		prvCheckTasksWaitingTermination();
3410:Middlewares/Third_Party/FreeRTOS/Source/tasks.c **** 
3411:Middlewares/Third_Party/FreeRTOS/Source/tasks.c **** 		#if ( configUSE_PREEMPTION == 0 )
3412:Middlewares/Third_Party/FreeRTOS/Source/tasks.c **** 		{
3413:Middlewares/Third_Party/FreeRTOS/Source/tasks.c **** 			/* If we are not using preemption we keep forcing a task switch to
3414:Middlewares/Third_Party/FreeRTOS/Source/tasks.c **** 			see if any other task has become available.  If we are using
3415:Middlewares/Third_Party/FreeRTOS/Source/tasks.c **** 			preemption we don't need to do this as any task becoming available
3416:Middlewares/Third_Party/FreeRTOS/Source/tasks.c **** 			will automatically get the processor anyway. */
3417:Middlewares/Third_Party/FreeRTOS/Source/tasks.c **** 			taskYIELD();
3418:Middlewares/Third_Party/FreeRTOS/Source/tasks.c **** 		}
3419:Middlewares/Third_Party/FreeRTOS/Source/tasks.c **** 		#endif /* configUSE_PREEMPTION */
3420:Middlewares/Third_Party/FreeRTOS/Source/tasks.c **** 
3421:Middlewares/Third_Party/FreeRTOS/Source/tasks.c **** 		#if ( ( configUSE_PREEMPTION == 1 ) && ( configIDLE_SHOULD_YIELD == 1 ) )
3422:Middlewares/Third_Party/FreeRTOS/Source/tasks.c **** 		{
3423:Middlewares/Third_Party/FreeRTOS/Source/tasks.c **** 			/* When using preemption tasks of equal priority will be
3424:Middlewares/Third_Party/FreeRTOS/Source/tasks.c **** 			timesliced.  If a task that is sharing the idle priority is ready
3425:Middlewares/Third_Party/FreeRTOS/Source/tasks.c **** 			to run then the idle task should yield before the end of the
3426:Middlewares/Third_Party/FreeRTOS/Source/tasks.c **** 			timeslice.
3427:Middlewares/Third_Party/FreeRTOS/Source/tasks.c **** 
3428:Middlewares/Third_Party/FreeRTOS/Source/tasks.c **** 			A critical region is not required here as we are just reading from
3429:Middlewares/Third_Party/FreeRTOS/Source/tasks.c **** 			the list, and an occasional incorrect value will not matter.  If
3430:Middlewares/Third_Party/FreeRTOS/Source/tasks.c **** 			the ready list at the idle priority contains more than one task
3431:Middlewares/Third_Party/FreeRTOS/Source/tasks.c **** 			then a task other than the idle task is ready to execute. */
3432:Middlewares/Third_Party/FreeRTOS/Source/tasks.c **** 			if( listCURRENT_LIST_LENGTH( &( pxReadyTasksLists[ tskIDLE_PRIORITY ] ) ) > ( UBaseType_t ) 1 )
3433:Middlewares/Third_Party/FreeRTOS/Source/tasks.c **** 			{
ARM GAS  /tmp/ccoDOEnO.s 			page 67


3434:Middlewares/Third_Party/FreeRTOS/Source/tasks.c **** 				taskYIELD();
3435:Middlewares/Third_Party/FreeRTOS/Source/tasks.c **** 			}
3436:Middlewares/Third_Party/FreeRTOS/Source/tasks.c **** 			else
3437:Middlewares/Third_Party/FreeRTOS/Source/tasks.c **** 			{
3438:Middlewares/Third_Party/FreeRTOS/Source/tasks.c **** 				mtCOVERAGE_TEST_MARKER();
3439:Middlewares/Third_Party/FreeRTOS/Source/tasks.c **** 			}
3440:Middlewares/Third_Party/FreeRTOS/Source/tasks.c **** 		}
3441:Middlewares/Third_Party/FreeRTOS/Source/tasks.c **** 		#endif /* ( ( configUSE_PREEMPTION == 1 ) && ( configIDLE_SHOULD_YIELD == 1 ) ) */
3442:Middlewares/Third_Party/FreeRTOS/Source/tasks.c **** 
3443:Middlewares/Third_Party/FreeRTOS/Source/tasks.c **** 		#if ( configUSE_IDLE_HOOK == 1 )
3444:Middlewares/Third_Party/FreeRTOS/Source/tasks.c **** 		{
3445:Middlewares/Third_Party/FreeRTOS/Source/tasks.c **** 			extern void vApplicationIdleHook( void );
3446:Middlewares/Third_Party/FreeRTOS/Source/tasks.c **** 
3447:Middlewares/Third_Party/FreeRTOS/Source/tasks.c **** 			/* Call the user defined function from within the idle task.  This
3448:Middlewares/Third_Party/FreeRTOS/Source/tasks.c **** 			allows the application designer to add background functionality
3449:Middlewares/Third_Party/FreeRTOS/Source/tasks.c **** 			without the overhead of a separate task.
3450:Middlewares/Third_Party/FreeRTOS/Source/tasks.c **** 			NOTE: vApplicationIdleHook() MUST NOT, UNDER ANY CIRCUMSTANCES,
3451:Middlewares/Third_Party/FreeRTOS/Source/tasks.c **** 			CALL A FUNCTION THAT MIGHT BLOCK. */
3452:Middlewares/Third_Party/FreeRTOS/Source/tasks.c **** 			vApplicationIdleHook();
3453:Middlewares/Third_Party/FreeRTOS/Source/tasks.c **** 		}
3454:Middlewares/Third_Party/FreeRTOS/Source/tasks.c **** 		#endif /* configUSE_IDLE_HOOK */
3455:Middlewares/Third_Party/FreeRTOS/Source/tasks.c **** 
3456:Middlewares/Third_Party/FreeRTOS/Source/tasks.c **** 		/* This conditional compilation should use inequality to 0, not equality
3457:Middlewares/Third_Party/FreeRTOS/Source/tasks.c **** 		to 1.  This is to ensure portSUPPRESS_TICKS_AND_SLEEP() is called when
3458:Middlewares/Third_Party/FreeRTOS/Source/tasks.c **** 		user defined low power mode	implementations require
3459:Middlewares/Third_Party/FreeRTOS/Source/tasks.c **** 		configUSE_TICKLESS_IDLE to be set to a value other than 1. */
3460:Middlewares/Third_Party/FreeRTOS/Source/tasks.c **** 		#if ( configUSE_TICKLESS_IDLE != 0 )
3461:Middlewares/Third_Party/FreeRTOS/Source/tasks.c **** 		{
3462:Middlewares/Third_Party/FreeRTOS/Source/tasks.c **** 		TickType_t xExpectedIdleTime;
3463:Middlewares/Third_Party/FreeRTOS/Source/tasks.c **** 
3464:Middlewares/Third_Party/FreeRTOS/Source/tasks.c **** 			/* It is not desirable to suspend then resume the scheduler on
3465:Middlewares/Third_Party/FreeRTOS/Source/tasks.c **** 			each iteration of the idle task.  Therefore, a preliminary
3466:Middlewares/Third_Party/FreeRTOS/Source/tasks.c **** 			test of the expected idle time is performed without the
3467:Middlewares/Third_Party/FreeRTOS/Source/tasks.c **** 			scheduler suspended.  The result here is not necessarily
3468:Middlewares/Third_Party/FreeRTOS/Source/tasks.c **** 			valid. */
3469:Middlewares/Third_Party/FreeRTOS/Source/tasks.c **** 			xExpectedIdleTime = prvGetExpectedIdleTime();
3470:Middlewares/Third_Party/FreeRTOS/Source/tasks.c **** 
3471:Middlewares/Third_Party/FreeRTOS/Source/tasks.c **** 			if( xExpectedIdleTime >= configEXPECTED_IDLE_TIME_BEFORE_SLEEP )
3472:Middlewares/Third_Party/FreeRTOS/Source/tasks.c **** 			{
3473:Middlewares/Third_Party/FreeRTOS/Source/tasks.c **** 				vTaskSuspendAll();
3474:Middlewares/Third_Party/FreeRTOS/Source/tasks.c **** 				{
3475:Middlewares/Third_Party/FreeRTOS/Source/tasks.c **** 					/* Now the scheduler is suspended, the expected idle
3476:Middlewares/Third_Party/FreeRTOS/Source/tasks.c **** 					time can be sampled again, and this time its value can
3477:Middlewares/Third_Party/FreeRTOS/Source/tasks.c **** 					be used. */
3478:Middlewares/Third_Party/FreeRTOS/Source/tasks.c **** 					configASSERT( xNextTaskUnblockTime >= xTickCount );
3479:Middlewares/Third_Party/FreeRTOS/Source/tasks.c **** 					xExpectedIdleTime = prvGetExpectedIdleTime();
3480:Middlewares/Third_Party/FreeRTOS/Source/tasks.c **** 
3481:Middlewares/Third_Party/FreeRTOS/Source/tasks.c **** 					/* Define the following macro to set xExpectedIdleTime to 0
3482:Middlewares/Third_Party/FreeRTOS/Source/tasks.c **** 					if the application does not want
3483:Middlewares/Third_Party/FreeRTOS/Source/tasks.c **** 					portSUPPRESS_TICKS_AND_SLEEP() to be called. */
3484:Middlewares/Third_Party/FreeRTOS/Source/tasks.c **** 					configPRE_SUPPRESS_TICKS_AND_SLEEP_PROCESSING( xExpectedIdleTime );
3485:Middlewares/Third_Party/FreeRTOS/Source/tasks.c **** 
3486:Middlewares/Third_Party/FreeRTOS/Source/tasks.c **** 					if( xExpectedIdleTime >= configEXPECTED_IDLE_TIME_BEFORE_SLEEP )
3487:Middlewares/Third_Party/FreeRTOS/Source/tasks.c **** 					{
3488:Middlewares/Third_Party/FreeRTOS/Source/tasks.c **** 						traceLOW_POWER_IDLE_BEGIN();
3489:Middlewares/Third_Party/FreeRTOS/Source/tasks.c **** 						portSUPPRESS_TICKS_AND_SLEEP( xExpectedIdleTime );
3490:Middlewares/Third_Party/FreeRTOS/Source/tasks.c **** 						traceLOW_POWER_IDLE_END();
ARM GAS  /tmp/ccoDOEnO.s 			page 68


3491:Middlewares/Third_Party/FreeRTOS/Source/tasks.c **** 					}
3492:Middlewares/Third_Party/FreeRTOS/Source/tasks.c **** 					else
3493:Middlewares/Third_Party/FreeRTOS/Source/tasks.c **** 					{
3494:Middlewares/Third_Party/FreeRTOS/Source/tasks.c **** 						mtCOVERAGE_TEST_MARKER();
3495:Middlewares/Third_Party/FreeRTOS/Source/tasks.c **** 					}
3496:Middlewares/Third_Party/FreeRTOS/Source/tasks.c **** 				}
3497:Middlewares/Third_Party/FreeRTOS/Source/tasks.c **** 				( void ) xTaskResumeAll();
3498:Middlewares/Third_Party/FreeRTOS/Source/tasks.c **** 			}
3499:Middlewares/Third_Party/FreeRTOS/Source/tasks.c **** 			else
3500:Middlewares/Third_Party/FreeRTOS/Source/tasks.c **** 			{
3501:Middlewares/Third_Party/FreeRTOS/Source/tasks.c **** 				mtCOVERAGE_TEST_MARKER();
3502:Middlewares/Third_Party/FreeRTOS/Source/tasks.c **** 			}
3503:Middlewares/Third_Party/FreeRTOS/Source/tasks.c **** 		}
3504:Middlewares/Third_Party/FreeRTOS/Source/tasks.c **** 		#endif /* configUSE_TICKLESS_IDLE */
3505:Middlewares/Third_Party/FreeRTOS/Source/tasks.c **** 	}
3506:Middlewares/Third_Party/FreeRTOS/Source/tasks.c **** }
3507:Middlewares/Third_Party/FreeRTOS/Source/tasks.c **** /*-----------------------------------------------------------*/
3508:Middlewares/Third_Party/FreeRTOS/Source/tasks.c **** 
3509:Middlewares/Third_Party/FreeRTOS/Source/tasks.c **** #if( configUSE_TICKLESS_IDLE != 0 )
3510:Middlewares/Third_Party/FreeRTOS/Source/tasks.c **** 
3511:Middlewares/Third_Party/FreeRTOS/Source/tasks.c **** 	eSleepModeStatus eTaskConfirmSleepModeStatus( void )
3512:Middlewares/Third_Party/FreeRTOS/Source/tasks.c **** 	{
3513:Middlewares/Third_Party/FreeRTOS/Source/tasks.c **** 	/* The idle task exists in addition to the application tasks. */
3514:Middlewares/Third_Party/FreeRTOS/Source/tasks.c **** 	const UBaseType_t uxNonApplicationTasks = 1;
3515:Middlewares/Third_Party/FreeRTOS/Source/tasks.c **** 	eSleepModeStatus eReturn = eStandardSleep;
3516:Middlewares/Third_Party/FreeRTOS/Source/tasks.c **** 
3517:Middlewares/Third_Party/FreeRTOS/Source/tasks.c **** 		/* This function must be called from a critical section. */
3518:Middlewares/Third_Party/FreeRTOS/Source/tasks.c **** 
3519:Middlewares/Third_Party/FreeRTOS/Source/tasks.c **** 		if( listCURRENT_LIST_LENGTH( &xPendingReadyList ) != 0 )
3520:Middlewares/Third_Party/FreeRTOS/Source/tasks.c **** 		{
3521:Middlewares/Third_Party/FreeRTOS/Source/tasks.c **** 			/* A task was made ready while the scheduler was suspended. */
3522:Middlewares/Third_Party/FreeRTOS/Source/tasks.c **** 			eReturn = eAbortSleep;
3523:Middlewares/Third_Party/FreeRTOS/Source/tasks.c **** 		}
3524:Middlewares/Third_Party/FreeRTOS/Source/tasks.c **** 		else if( xYieldPending != pdFALSE )
3525:Middlewares/Third_Party/FreeRTOS/Source/tasks.c **** 		{
3526:Middlewares/Third_Party/FreeRTOS/Source/tasks.c **** 			/* A yield was pended while the scheduler was suspended. */
3527:Middlewares/Third_Party/FreeRTOS/Source/tasks.c **** 			eReturn = eAbortSleep;
3528:Middlewares/Third_Party/FreeRTOS/Source/tasks.c **** 		}
3529:Middlewares/Third_Party/FreeRTOS/Source/tasks.c **** 		else
3530:Middlewares/Third_Party/FreeRTOS/Source/tasks.c **** 		{
3531:Middlewares/Third_Party/FreeRTOS/Source/tasks.c **** 			/* If all the tasks are in the suspended list (which might mean they
3532:Middlewares/Third_Party/FreeRTOS/Source/tasks.c **** 			have an infinite block time rather than actually being suspended)
3533:Middlewares/Third_Party/FreeRTOS/Source/tasks.c **** 			then it is safe to turn all clocks off and just wait for external
3534:Middlewares/Third_Party/FreeRTOS/Source/tasks.c **** 			interrupts. */
3535:Middlewares/Third_Party/FreeRTOS/Source/tasks.c **** 			if( listCURRENT_LIST_LENGTH( &xSuspendedTaskList ) == ( uxCurrentNumberOfTasks - uxNonApplicatio
3536:Middlewares/Third_Party/FreeRTOS/Source/tasks.c **** 			{
3537:Middlewares/Third_Party/FreeRTOS/Source/tasks.c **** 				eReturn = eNoTasksWaitingTimeout;
3538:Middlewares/Third_Party/FreeRTOS/Source/tasks.c **** 			}
3539:Middlewares/Third_Party/FreeRTOS/Source/tasks.c **** 			else
3540:Middlewares/Third_Party/FreeRTOS/Source/tasks.c **** 			{
3541:Middlewares/Third_Party/FreeRTOS/Source/tasks.c **** 				mtCOVERAGE_TEST_MARKER();
3542:Middlewares/Third_Party/FreeRTOS/Source/tasks.c **** 			}
3543:Middlewares/Third_Party/FreeRTOS/Source/tasks.c **** 		}
3544:Middlewares/Third_Party/FreeRTOS/Source/tasks.c **** 
3545:Middlewares/Third_Party/FreeRTOS/Source/tasks.c **** 		return eReturn;
3546:Middlewares/Third_Party/FreeRTOS/Source/tasks.c **** 	}
3547:Middlewares/Third_Party/FreeRTOS/Source/tasks.c **** 
ARM GAS  /tmp/ccoDOEnO.s 			page 69


3548:Middlewares/Third_Party/FreeRTOS/Source/tasks.c **** #endif /* configUSE_TICKLESS_IDLE */
3549:Middlewares/Third_Party/FreeRTOS/Source/tasks.c **** /*-----------------------------------------------------------*/
3550:Middlewares/Third_Party/FreeRTOS/Source/tasks.c **** 
3551:Middlewares/Third_Party/FreeRTOS/Source/tasks.c **** #if ( configNUM_THREAD_LOCAL_STORAGE_POINTERS != 0 )
3552:Middlewares/Third_Party/FreeRTOS/Source/tasks.c **** 
3553:Middlewares/Third_Party/FreeRTOS/Source/tasks.c **** 	void vTaskSetThreadLocalStoragePointer( TaskHandle_t xTaskToSet, BaseType_t xIndex, void *pvValue 
3554:Middlewares/Third_Party/FreeRTOS/Source/tasks.c **** 	{
3555:Middlewares/Third_Party/FreeRTOS/Source/tasks.c **** 	TCB_t *pxTCB;
3556:Middlewares/Third_Party/FreeRTOS/Source/tasks.c **** 
3557:Middlewares/Third_Party/FreeRTOS/Source/tasks.c **** 		if( xIndex < configNUM_THREAD_LOCAL_STORAGE_POINTERS )
3558:Middlewares/Third_Party/FreeRTOS/Source/tasks.c **** 		{
3559:Middlewares/Third_Party/FreeRTOS/Source/tasks.c **** 			pxTCB = prvGetTCBFromHandle( xTaskToSet );
3560:Middlewares/Third_Party/FreeRTOS/Source/tasks.c **** 			configASSERT( pxTCB != NULL );
3561:Middlewares/Third_Party/FreeRTOS/Source/tasks.c **** 			pxTCB->pvThreadLocalStoragePointers[ xIndex ] = pvValue;
3562:Middlewares/Third_Party/FreeRTOS/Source/tasks.c **** 		}
3563:Middlewares/Third_Party/FreeRTOS/Source/tasks.c **** 	}
3564:Middlewares/Third_Party/FreeRTOS/Source/tasks.c **** 
3565:Middlewares/Third_Party/FreeRTOS/Source/tasks.c **** #endif /* configNUM_THREAD_LOCAL_STORAGE_POINTERS */
3566:Middlewares/Third_Party/FreeRTOS/Source/tasks.c **** /*-----------------------------------------------------------*/
3567:Middlewares/Third_Party/FreeRTOS/Source/tasks.c **** 
3568:Middlewares/Third_Party/FreeRTOS/Source/tasks.c **** #if ( configNUM_THREAD_LOCAL_STORAGE_POINTERS != 0 )
3569:Middlewares/Third_Party/FreeRTOS/Source/tasks.c **** 
3570:Middlewares/Third_Party/FreeRTOS/Source/tasks.c **** 	void *pvTaskGetThreadLocalStoragePointer( TaskHandle_t xTaskToQuery, BaseType_t xIndex )
3571:Middlewares/Third_Party/FreeRTOS/Source/tasks.c **** 	{
3572:Middlewares/Third_Party/FreeRTOS/Source/tasks.c **** 	void *pvReturn = NULL;
3573:Middlewares/Third_Party/FreeRTOS/Source/tasks.c **** 	TCB_t *pxTCB;
3574:Middlewares/Third_Party/FreeRTOS/Source/tasks.c **** 
3575:Middlewares/Third_Party/FreeRTOS/Source/tasks.c **** 		if( xIndex < configNUM_THREAD_LOCAL_STORAGE_POINTERS )
3576:Middlewares/Third_Party/FreeRTOS/Source/tasks.c **** 		{
3577:Middlewares/Third_Party/FreeRTOS/Source/tasks.c **** 			pxTCB = prvGetTCBFromHandle( xTaskToQuery );
3578:Middlewares/Third_Party/FreeRTOS/Source/tasks.c **** 			pvReturn = pxTCB->pvThreadLocalStoragePointers[ xIndex ];
3579:Middlewares/Third_Party/FreeRTOS/Source/tasks.c **** 		}
3580:Middlewares/Third_Party/FreeRTOS/Source/tasks.c **** 		else
3581:Middlewares/Third_Party/FreeRTOS/Source/tasks.c **** 		{
3582:Middlewares/Third_Party/FreeRTOS/Source/tasks.c **** 			pvReturn = NULL;
3583:Middlewares/Third_Party/FreeRTOS/Source/tasks.c **** 		}
3584:Middlewares/Third_Party/FreeRTOS/Source/tasks.c **** 
3585:Middlewares/Third_Party/FreeRTOS/Source/tasks.c **** 		return pvReturn;
3586:Middlewares/Third_Party/FreeRTOS/Source/tasks.c **** 	}
3587:Middlewares/Third_Party/FreeRTOS/Source/tasks.c **** 
3588:Middlewares/Third_Party/FreeRTOS/Source/tasks.c **** #endif /* configNUM_THREAD_LOCAL_STORAGE_POINTERS */
3589:Middlewares/Third_Party/FreeRTOS/Source/tasks.c **** /*-----------------------------------------------------------*/
3590:Middlewares/Third_Party/FreeRTOS/Source/tasks.c **** 
3591:Middlewares/Third_Party/FreeRTOS/Source/tasks.c **** #if ( portUSING_MPU_WRAPPERS == 1 )
3592:Middlewares/Third_Party/FreeRTOS/Source/tasks.c **** 
3593:Middlewares/Third_Party/FreeRTOS/Source/tasks.c **** 	void vTaskAllocateMPURegions( TaskHandle_t xTaskToModify, const MemoryRegion_t * const xRegions )
3594:Middlewares/Third_Party/FreeRTOS/Source/tasks.c **** 	{
3595:Middlewares/Third_Party/FreeRTOS/Source/tasks.c **** 	TCB_t *pxTCB;
3596:Middlewares/Third_Party/FreeRTOS/Source/tasks.c **** 
3597:Middlewares/Third_Party/FreeRTOS/Source/tasks.c **** 		/* If null is passed in here then we are modifying the MPU settings of
3598:Middlewares/Third_Party/FreeRTOS/Source/tasks.c **** 		the calling task. */
3599:Middlewares/Third_Party/FreeRTOS/Source/tasks.c **** 		pxTCB = prvGetTCBFromHandle( xTaskToModify );
3600:Middlewares/Third_Party/FreeRTOS/Source/tasks.c **** 
3601:Middlewares/Third_Party/FreeRTOS/Source/tasks.c **** 		vPortStoreTaskMPUSettings( &( pxTCB->xMPUSettings ), xRegions, NULL, 0 );
3602:Middlewares/Third_Party/FreeRTOS/Source/tasks.c **** 	}
3603:Middlewares/Third_Party/FreeRTOS/Source/tasks.c **** 
3604:Middlewares/Third_Party/FreeRTOS/Source/tasks.c **** #endif /* portUSING_MPU_WRAPPERS */
ARM GAS  /tmp/ccoDOEnO.s 			page 70


3605:Middlewares/Third_Party/FreeRTOS/Source/tasks.c **** /*-----------------------------------------------------------*/
3606:Middlewares/Third_Party/FreeRTOS/Source/tasks.c **** 
3607:Middlewares/Third_Party/FreeRTOS/Source/tasks.c **** static void prvInitialiseTaskLists( void )
3608:Middlewares/Third_Party/FreeRTOS/Source/tasks.c **** {
3609:Middlewares/Third_Party/FreeRTOS/Source/tasks.c **** UBaseType_t uxPriority;
3610:Middlewares/Third_Party/FreeRTOS/Source/tasks.c **** 
3611:Middlewares/Third_Party/FreeRTOS/Source/tasks.c **** 	for( uxPriority = ( UBaseType_t ) 0U; uxPriority < ( UBaseType_t ) configMAX_PRIORITIES; uxPriorit
3612:Middlewares/Third_Party/FreeRTOS/Source/tasks.c **** 	{
3613:Middlewares/Third_Party/FreeRTOS/Source/tasks.c **** 		vListInitialise( &( pxReadyTasksLists[ uxPriority ] ) );
3614:Middlewares/Third_Party/FreeRTOS/Source/tasks.c **** 	}
3615:Middlewares/Third_Party/FreeRTOS/Source/tasks.c **** 
3616:Middlewares/Third_Party/FreeRTOS/Source/tasks.c **** 	vListInitialise( &xDelayedTaskList1 );
3617:Middlewares/Third_Party/FreeRTOS/Source/tasks.c **** 	vListInitialise( &xDelayedTaskList2 );
3618:Middlewares/Third_Party/FreeRTOS/Source/tasks.c **** 	vListInitialise( &xPendingReadyList );
3619:Middlewares/Third_Party/FreeRTOS/Source/tasks.c **** 
3620:Middlewares/Third_Party/FreeRTOS/Source/tasks.c **** 	#if ( INCLUDE_vTaskDelete == 1 )
3621:Middlewares/Third_Party/FreeRTOS/Source/tasks.c **** 	{
3622:Middlewares/Third_Party/FreeRTOS/Source/tasks.c **** 		vListInitialise( &xTasksWaitingTermination );
3623:Middlewares/Third_Party/FreeRTOS/Source/tasks.c **** 	}
3624:Middlewares/Third_Party/FreeRTOS/Source/tasks.c **** 	#endif /* INCLUDE_vTaskDelete */
3625:Middlewares/Third_Party/FreeRTOS/Source/tasks.c **** 
3626:Middlewares/Third_Party/FreeRTOS/Source/tasks.c **** 	#if ( INCLUDE_vTaskSuspend == 1 )
3627:Middlewares/Third_Party/FreeRTOS/Source/tasks.c **** 	{
3628:Middlewares/Third_Party/FreeRTOS/Source/tasks.c **** 		vListInitialise( &xSuspendedTaskList );
3629:Middlewares/Third_Party/FreeRTOS/Source/tasks.c **** 	}
3630:Middlewares/Third_Party/FreeRTOS/Source/tasks.c **** 	#endif /* INCLUDE_vTaskSuspend */
3631:Middlewares/Third_Party/FreeRTOS/Source/tasks.c **** 
3632:Middlewares/Third_Party/FreeRTOS/Source/tasks.c **** 	/* Start with pxDelayedTaskList using list1 and the pxOverflowDelayedTaskList
3633:Middlewares/Third_Party/FreeRTOS/Source/tasks.c **** 	using list2. */
3634:Middlewares/Third_Party/FreeRTOS/Source/tasks.c **** 	pxDelayedTaskList = &xDelayedTaskList1;
3635:Middlewares/Third_Party/FreeRTOS/Source/tasks.c **** 	pxOverflowDelayedTaskList = &xDelayedTaskList2;
3636:Middlewares/Third_Party/FreeRTOS/Source/tasks.c **** }
3637:Middlewares/Third_Party/FreeRTOS/Source/tasks.c **** /*-----------------------------------------------------------*/
3638:Middlewares/Third_Party/FreeRTOS/Source/tasks.c **** 
3639:Middlewares/Third_Party/FreeRTOS/Source/tasks.c **** static void prvCheckTasksWaitingTermination( void )
3640:Middlewares/Third_Party/FreeRTOS/Source/tasks.c **** {
3641:Middlewares/Third_Party/FreeRTOS/Source/tasks.c **** 
3642:Middlewares/Third_Party/FreeRTOS/Source/tasks.c **** 	/** THIS FUNCTION IS CALLED FROM THE RTOS IDLE TASK **/
3643:Middlewares/Third_Party/FreeRTOS/Source/tasks.c **** 
3644:Middlewares/Third_Party/FreeRTOS/Source/tasks.c **** 	#if ( INCLUDE_vTaskDelete == 1 )
3645:Middlewares/Third_Party/FreeRTOS/Source/tasks.c **** 	{
3646:Middlewares/Third_Party/FreeRTOS/Source/tasks.c **** 		TCB_t *pxTCB;
3647:Middlewares/Third_Party/FreeRTOS/Source/tasks.c **** 
3648:Middlewares/Third_Party/FreeRTOS/Source/tasks.c **** 		/* uxDeletedTasksWaitingCleanUp is used to prevent taskENTER_CRITICAL()
3649:Middlewares/Third_Party/FreeRTOS/Source/tasks.c **** 		being called too often in the idle task. */
3650:Middlewares/Third_Party/FreeRTOS/Source/tasks.c **** 		while( uxDeletedTasksWaitingCleanUp > ( UBaseType_t ) 0U )
3651:Middlewares/Third_Party/FreeRTOS/Source/tasks.c **** 		{
3652:Middlewares/Third_Party/FreeRTOS/Source/tasks.c **** 			taskENTER_CRITICAL();
3653:Middlewares/Third_Party/FreeRTOS/Source/tasks.c **** 			{
3654:Middlewares/Third_Party/FreeRTOS/Source/tasks.c **** 				pxTCB = listGET_OWNER_OF_HEAD_ENTRY( ( &xTasksWaitingTermination ) ); /*lint !e9079 void * is u
3655:Middlewares/Third_Party/FreeRTOS/Source/tasks.c **** 				( void ) uxListRemove( &( pxTCB->xStateListItem ) );
3656:Middlewares/Third_Party/FreeRTOS/Source/tasks.c **** 				--uxCurrentNumberOfTasks;
3657:Middlewares/Third_Party/FreeRTOS/Source/tasks.c **** 				--uxDeletedTasksWaitingCleanUp;
3658:Middlewares/Third_Party/FreeRTOS/Source/tasks.c **** 			}
3659:Middlewares/Third_Party/FreeRTOS/Source/tasks.c **** 			taskEXIT_CRITICAL();
3660:Middlewares/Third_Party/FreeRTOS/Source/tasks.c **** 
3661:Middlewares/Third_Party/FreeRTOS/Source/tasks.c **** 			prvDeleteTCB( pxTCB );
ARM GAS  /tmp/ccoDOEnO.s 			page 71


3662:Middlewares/Third_Party/FreeRTOS/Source/tasks.c **** 		}
3663:Middlewares/Third_Party/FreeRTOS/Source/tasks.c **** 	}
3664:Middlewares/Third_Party/FreeRTOS/Source/tasks.c **** 	#endif /* INCLUDE_vTaskDelete */
3665:Middlewares/Third_Party/FreeRTOS/Source/tasks.c **** }
3666:Middlewares/Third_Party/FreeRTOS/Source/tasks.c **** /*-----------------------------------------------------------*/
3667:Middlewares/Third_Party/FreeRTOS/Source/tasks.c **** 
3668:Middlewares/Third_Party/FreeRTOS/Source/tasks.c **** #if( configUSE_TRACE_FACILITY == 1 )
3669:Middlewares/Third_Party/FreeRTOS/Source/tasks.c **** 
3670:Middlewares/Third_Party/FreeRTOS/Source/tasks.c **** 	void vTaskGetInfo( TaskHandle_t xTask, TaskStatus_t *pxTaskStatus, BaseType_t xGetFreeStackSpace, 
3671:Middlewares/Third_Party/FreeRTOS/Source/tasks.c **** 	{
3672:Middlewares/Third_Party/FreeRTOS/Source/tasks.c **** 	TCB_t *pxTCB;
3673:Middlewares/Third_Party/FreeRTOS/Source/tasks.c **** 
3674:Middlewares/Third_Party/FreeRTOS/Source/tasks.c **** 		/* xTask is NULL then get the state of the calling task. */
3675:Middlewares/Third_Party/FreeRTOS/Source/tasks.c **** 		pxTCB = prvGetTCBFromHandle( xTask );
3676:Middlewares/Third_Party/FreeRTOS/Source/tasks.c **** 
3677:Middlewares/Third_Party/FreeRTOS/Source/tasks.c **** 		pxTaskStatus->xHandle = ( TaskHandle_t ) pxTCB;
3678:Middlewares/Third_Party/FreeRTOS/Source/tasks.c **** 		pxTaskStatus->pcTaskName = ( const char * ) &( pxTCB->pcTaskName [ 0 ] );
3679:Middlewares/Third_Party/FreeRTOS/Source/tasks.c **** 		pxTaskStatus->uxCurrentPriority = pxTCB->uxPriority;
3680:Middlewares/Third_Party/FreeRTOS/Source/tasks.c **** 		pxTaskStatus->pxStackBase = pxTCB->pxStack;
3681:Middlewares/Third_Party/FreeRTOS/Source/tasks.c **** 		pxTaskStatus->xTaskNumber = pxTCB->uxTCBNumber;
3682:Middlewares/Third_Party/FreeRTOS/Source/tasks.c **** 
3683:Middlewares/Third_Party/FreeRTOS/Source/tasks.c **** 		#if ( configUSE_MUTEXES == 1 )
3684:Middlewares/Third_Party/FreeRTOS/Source/tasks.c **** 		{
3685:Middlewares/Third_Party/FreeRTOS/Source/tasks.c **** 			pxTaskStatus->uxBasePriority = pxTCB->uxBasePriority;
3686:Middlewares/Third_Party/FreeRTOS/Source/tasks.c **** 		}
3687:Middlewares/Third_Party/FreeRTOS/Source/tasks.c **** 		#else
3688:Middlewares/Third_Party/FreeRTOS/Source/tasks.c **** 		{
3689:Middlewares/Third_Party/FreeRTOS/Source/tasks.c **** 			pxTaskStatus->uxBasePriority = 0;
3690:Middlewares/Third_Party/FreeRTOS/Source/tasks.c **** 		}
3691:Middlewares/Third_Party/FreeRTOS/Source/tasks.c **** 		#endif
3692:Middlewares/Third_Party/FreeRTOS/Source/tasks.c **** 
3693:Middlewares/Third_Party/FreeRTOS/Source/tasks.c **** 		#if ( configGENERATE_RUN_TIME_STATS == 1 )
3694:Middlewares/Third_Party/FreeRTOS/Source/tasks.c **** 		{
3695:Middlewares/Third_Party/FreeRTOS/Source/tasks.c **** 			pxTaskStatus->ulRunTimeCounter = pxTCB->ulRunTimeCounter;
3696:Middlewares/Third_Party/FreeRTOS/Source/tasks.c **** 		}
3697:Middlewares/Third_Party/FreeRTOS/Source/tasks.c **** 		#else
3698:Middlewares/Third_Party/FreeRTOS/Source/tasks.c **** 		{
3699:Middlewares/Third_Party/FreeRTOS/Source/tasks.c **** 			pxTaskStatus->ulRunTimeCounter = 0;
3700:Middlewares/Third_Party/FreeRTOS/Source/tasks.c **** 		}
3701:Middlewares/Third_Party/FreeRTOS/Source/tasks.c **** 		#endif
3702:Middlewares/Third_Party/FreeRTOS/Source/tasks.c **** 
3703:Middlewares/Third_Party/FreeRTOS/Source/tasks.c **** 		/* Obtaining the task state is a little fiddly, so is only done if the
3704:Middlewares/Third_Party/FreeRTOS/Source/tasks.c **** 		value of eState passed into this function is eInvalid - otherwise the
3705:Middlewares/Third_Party/FreeRTOS/Source/tasks.c **** 		state is just set to whatever is passed in. */
3706:Middlewares/Third_Party/FreeRTOS/Source/tasks.c **** 		if( eState != eInvalid )
3707:Middlewares/Third_Party/FreeRTOS/Source/tasks.c **** 		{
3708:Middlewares/Third_Party/FreeRTOS/Source/tasks.c **** 			if( pxTCB == pxCurrentTCB )
3709:Middlewares/Third_Party/FreeRTOS/Source/tasks.c **** 			{
3710:Middlewares/Third_Party/FreeRTOS/Source/tasks.c **** 				pxTaskStatus->eCurrentState = eRunning;
3711:Middlewares/Third_Party/FreeRTOS/Source/tasks.c **** 			}
3712:Middlewares/Third_Party/FreeRTOS/Source/tasks.c **** 			else
3713:Middlewares/Third_Party/FreeRTOS/Source/tasks.c **** 			{
3714:Middlewares/Third_Party/FreeRTOS/Source/tasks.c **** 				pxTaskStatus->eCurrentState = eState;
3715:Middlewares/Third_Party/FreeRTOS/Source/tasks.c **** 
3716:Middlewares/Third_Party/FreeRTOS/Source/tasks.c **** 				#if ( INCLUDE_vTaskSuspend == 1 )
3717:Middlewares/Third_Party/FreeRTOS/Source/tasks.c **** 				{
3718:Middlewares/Third_Party/FreeRTOS/Source/tasks.c **** 					/* If the task is in the suspended list then there is a
ARM GAS  /tmp/ccoDOEnO.s 			page 72


3719:Middlewares/Third_Party/FreeRTOS/Source/tasks.c **** 					chance it is actually just blocked indefinitely - so really
3720:Middlewares/Third_Party/FreeRTOS/Source/tasks.c **** 					it should be reported as being in the Blocked state. */
3721:Middlewares/Third_Party/FreeRTOS/Source/tasks.c **** 					if( eState == eSuspended )
3722:Middlewares/Third_Party/FreeRTOS/Source/tasks.c **** 					{
3723:Middlewares/Third_Party/FreeRTOS/Source/tasks.c **** 						vTaskSuspendAll();
3724:Middlewares/Third_Party/FreeRTOS/Source/tasks.c **** 						{
3725:Middlewares/Third_Party/FreeRTOS/Source/tasks.c **** 							if( listLIST_ITEM_CONTAINER( &( pxTCB->xEventListItem ) ) != NULL )
3726:Middlewares/Third_Party/FreeRTOS/Source/tasks.c **** 							{
3727:Middlewares/Third_Party/FreeRTOS/Source/tasks.c **** 								pxTaskStatus->eCurrentState = eBlocked;
3728:Middlewares/Third_Party/FreeRTOS/Source/tasks.c **** 							}
3729:Middlewares/Third_Party/FreeRTOS/Source/tasks.c **** 						}
3730:Middlewares/Third_Party/FreeRTOS/Source/tasks.c **** 						( void ) xTaskResumeAll();
3731:Middlewares/Third_Party/FreeRTOS/Source/tasks.c **** 					}
3732:Middlewares/Third_Party/FreeRTOS/Source/tasks.c **** 				}
3733:Middlewares/Third_Party/FreeRTOS/Source/tasks.c **** 				#endif /* INCLUDE_vTaskSuspend */
3734:Middlewares/Third_Party/FreeRTOS/Source/tasks.c **** 			}
3735:Middlewares/Third_Party/FreeRTOS/Source/tasks.c **** 		}
3736:Middlewares/Third_Party/FreeRTOS/Source/tasks.c **** 		else
3737:Middlewares/Third_Party/FreeRTOS/Source/tasks.c **** 		{
3738:Middlewares/Third_Party/FreeRTOS/Source/tasks.c **** 			pxTaskStatus->eCurrentState = eTaskGetState( pxTCB );
3739:Middlewares/Third_Party/FreeRTOS/Source/tasks.c **** 		}
3740:Middlewares/Third_Party/FreeRTOS/Source/tasks.c **** 
3741:Middlewares/Third_Party/FreeRTOS/Source/tasks.c **** 		/* Obtaining the stack space takes some time, so the xGetFreeStackSpace
3742:Middlewares/Third_Party/FreeRTOS/Source/tasks.c **** 		parameter is provided to allow it to be skipped. */
3743:Middlewares/Third_Party/FreeRTOS/Source/tasks.c **** 		if( xGetFreeStackSpace != pdFALSE )
3744:Middlewares/Third_Party/FreeRTOS/Source/tasks.c **** 		{
3745:Middlewares/Third_Party/FreeRTOS/Source/tasks.c **** 			#if ( portSTACK_GROWTH > 0 )
3746:Middlewares/Third_Party/FreeRTOS/Source/tasks.c **** 			{
3747:Middlewares/Third_Party/FreeRTOS/Source/tasks.c **** 				pxTaskStatus->usStackHighWaterMark = prvTaskCheckFreeStackSpace( ( uint8_t * ) pxTCB->pxEndOfSt
3748:Middlewares/Third_Party/FreeRTOS/Source/tasks.c **** 			}
3749:Middlewares/Third_Party/FreeRTOS/Source/tasks.c **** 			#else
3750:Middlewares/Third_Party/FreeRTOS/Source/tasks.c **** 			{
3751:Middlewares/Third_Party/FreeRTOS/Source/tasks.c **** 				pxTaskStatus->usStackHighWaterMark = prvTaskCheckFreeStackSpace( ( uint8_t * ) pxTCB->pxStack )
3752:Middlewares/Third_Party/FreeRTOS/Source/tasks.c **** 			}
3753:Middlewares/Third_Party/FreeRTOS/Source/tasks.c **** 			#endif
3754:Middlewares/Third_Party/FreeRTOS/Source/tasks.c **** 		}
3755:Middlewares/Third_Party/FreeRTOS/Source/tasks.c **** 		else
3756:Middlewares/Third_Party/FreeRTOS/Source/tasks.c **** 		{
3757:Middlewares/Third_Party/FreeRTOS/Source/tasks.c **** 			pxTaskStatus->usStackHighWaterMark = 0;
3758:Middlewares/Third_Party/FreeRTOS/Source/tasks.c **** 		}
3759:Middlewares/Third_Party/FreeRTOS/Source/tasks.c **** 	}
3760:Middlewares/Third_Party/FreeRTOS/Source/tasks.c **** 
3761:Middlewares/Third_Party/FreeRTOS/Source/tasks.c **** #endif /* configUSE_TRACE_FACILITY */
3762:Middlewares/Third_Party/FreeRTOS/Source/tasks.c **** /*-----------------------------------------------------------*/
3763:Middlewares/Third_Party/FreeRTOS/Source/tasks.c **** 
3764:Middlewares/Third_Party/FreeRTOS/Source/tasks.c **** #if ( configUSE_TRACE_FACILITY == 1 )
3765:Middlewares/Third_Party/FreeRTOS/Source/tasks.c **** 
3766:Middlewares/Third_Party/FreeRTOS/Source/tasks.c **** 	static UBaseType_t prvListTasksWithinSingleList( TaskStatus_t *pxTaskStatusArray, List_t *pxList, 
3767:Middlewares/Third_Party/FreeRTOS/Source/tasks.c **** 	{
3768:Middlewares/Third_Party/FreeRTOS/Source/tasks.c **** 	configLIST_VOLATILE TCB_t *pxNextTCB, *pxFirstTCB;
3769:Middlewares/Third_Party/FreeRTOS/Source/tasks.c **** 	UBaseType_t uxTask = 0;
3770:Middlewares/Third_Party/FreeRTOS/Source/tasks.c **** 
3771:Middlewares/Third_Party/FreeRTOS/Source/tasks.c **** 		if( listCURRENT_LIST_LENGTH( pxList ) > ( UBaseType_t ) 0 )
3772:Middlewares/Third_Party/FreeRTOS/Source/tasks.c **** 		{
3773:Middlewares/Third_Party/FreeRTOS/Source/tasks.c **** 			listGET_OWNER_OF_NEXT_ENTRY( pxFirstTCB, pxList ); /*lint !e9079 void * is used as this macro is
3774:Middlewares/Third_Party/FreeRTOS/Source/tasks.c **** 
3775:Middlewares/Third_Party/FreeRTOS/Source/tasks.c **** 			/* Populate an TaskStatus_t structure within the
ARM GAS  /tmp/ccoDOEnO.s 			page 73


3776:Middlewares/Third_Party/FreeRTOS/Source/tasks.c **** 			pxTaskStatusArray array for each task that is referenced from
3777:Middlewares/Third_Party/FreeRTOS/Source/tasks.c **** 			pxList.  See the definition of TaskStatus_t in task.h for the
3778:Middlewares/Third_Party/FreeRTOS/Source/tasks.c **** 			meaning of each TaskStatus_t structure member. */
3779:Middlewares/Third_Party/FreeRTOS/Source/tasks.c **** 			do
3780:Middlewares/Third_Party/FreeRTOS/Source/tasks.c **** 			{
3781:Middlewares/Third_Party/FreeRTOS/Source/tasks.c **** 				listGET_OWNER_OF_NEXT_ENTRY( pxNextTCB, pxList ); /*lint !e9079 void * is used as this macro is
3782:Middlewares/Third_Party/FreeRTOS/Source/tasks.c **** 				vTaskGetInfo( ( TaskHandle_t ) pxNextTCB, &( pxTaskStatusArray[ uxTask ] ), pdTRUE, eState );
3783:Middlewares/Third_Party/FreeRTOS/Source/tasks.c **** 				uxTask++;
3784:Middlewares/Third_Party/FreeRTOS/Source/tasks.c **** 			} while( pxNextTCB != pxFirstTCB );
3785:Middlewares/Third_Party/FreeRTOS/Source/tasks.c **** 		}
3786:Middlewares/Third_Party/FreeRTOS/Source/tasks.c **** 		else
3787:Middlewares/Third_Party/FreeRTOS/Source/tasks.c **** 		{
3788:Middlewares/Third_Party/FreeRTOS/Source/tasks.c **** 			mtCOVERAGE_TEST_MARKER();
3789:Middlewares/Third_Party/FreeRTOS/Source/tasks.c **** 		}
3790:Middlewares/Third_Party/FreeRTOS/Source/tasks.c **** 
3791:Middlewares/Third_Party/FreeRTOS/Source/tasks.c **** 		return uxTask;
3792:Middlewares/Third_Party/FreeRTOS/Source/tasks.c **** 	}
3793:Middlewares/Third_Party/FreeRTOS/Source/tasks.c **** 
3794:Middlewares/Third_Party/FreeRTOS/Source/tasks.c **** #endif /* configUSE_TRACE_FACILITY */
3795:Middlewares/Third_Party/FreeRTOS/Source/tasks.c **** /*-----------------------------------------------------------*/
3796:Middlewares/Third_Party/FreeRTOS/Source/tasks.c **** 
3797:Middlewares/Third_Party/FreeRTOS/Source/tasks.c **** #if ( ( configUSE_TRACE_FACILITY == 1 ) || ( INCLUDE_uxTaskGetStackHighWaterMark == 1 ) || ( INCLUD
3798:Middlewares/Third_Party/FreeRTOS/Source/tasks.c **** 
3799:Middlewares/Third_Party/FreeRTOS/Source/tasks.c **** 	static configSTACK_DEPTH_TYPE prvTaskCheckFreeStackSpace( const uint8_t * pucStackByte )
3800:Middlewares/Third_Party/FreeRTOS/Source/tasks.c **** 	{
3801:Middlewares/Third_Party/FreeRTOS/Source/tasks.c **** 	uint32_t ulCount = 0U;
3802:Middlewares/Third_Party/FreeRTOS/Source/tasks.c **** 
3803:Middlewares/Third_Party/FreeRTOS/Source/tasks.c **** 		while( *pucStackByte == ( uint8_t ) tskSTACK_FILL_BYTE )
3804:Middlewares/Third_Party/FreeRTOS/Source/tasks.c **** 		{
3805:Middlewares/Third_Party/FreeRTOS/Source/tasks.c **** 			pucStackByte -= portSTACK_GROWTH;
3806:Middlewares/Third_Party/FreeRTOS/Source/tasks.c **** 			ulCount++;
3807:Middlewares/Third_Party/FreeRTOS/Source/tasks.c **** 		}
3808:Middlewares/Third_Party/FreeRTOS/Source/tasks.c **** 
3809:Middlewares/Third_Party/FreeRTOS/Source/tasks.c **** 		ulCount /= ( uint32_t ) sizeof( StackType_t ); /*lint !e961 Casting is not redundant on smaller a
3810:Middlewares/Third_Party/FreeRTOS/Source/tasks.c **** 
3811:Middlewares/Third_Party/FreeRTOS/Source/tasks.c **** 		return ( configSTACK_DEPTH_TYPE ) ulCount;
3812:Middlewares/Third_Party/FreeRTOS/Source/tasks.c **** 	}
3813:Middlewares/Third_Party/FreeRTOS/Source/tasks.c **** 
3814:Middlewares/Third_Party/FreeRTOS/Source/tasks.c **** #endif /* ( ( configUSE_TRACE_FACILITY == 1 ) || ( INCLUDE_uxTaskGetStackHighWaterMark == 1 ) || ( 
3815:Middlewares/Third_Party/FreeRTOS/Source/tasks.c **** /*-----------------------------------------------------------*/
3816:Middlewares/Third_Party/FreeRTOS/Source/tasks.c **** 
3817:Middlewares/Third_Party/FreeRTOS/Source/tasks.c **** #if ( INCLUDE_uxTaskGetStackHighWaterMark2 == 1 )
3818:Middlewares/Third_Party/FreeRTOS/Source/tasks.c **** 
3819:Middlewares/Third_Party/FreeRTOS/Source/tasks.c **** 	/* uxTaskGetStackHighWaterMark() and uxTaskGetStackHighWaterMark2() are the
3820:Middlewares/Third_Party/FreeRTOS/Source/tasks.c **** 	same except for their return type.  Using configSTACK_DEPTH_TYPE allows the
3821:Middlewares/Third_Party/FreeRTOS/Source/tasks.c **** 	user to determine the return type.  It gets around the problem of the value
3822:Middlewares/Third_Party/FreeRTOS/Source/tasks.c **** 	overflowing on 8-bit types without breaking backward compatibility for
3823:Middlewares/Third_Party/FreeRTOS/Source/tasks.c **** 	applications that expect an 8-bit return type. */
3824:Middlewares/Third_Party/FreeRTOS/Source/tasks.c **** 	configSTACK_DEPTH_TYPE uxTaskGetStackHighWaterMark2( TaskHandle_t xTask )
3825:Middlewares/Third_Party/FreeRTOS/Source/tasks.c **** 	{
3826:Middlewares/Third_Party/FreeRTOS/Source/tasks.c **** 	TCB_t *pxTCB;
3827:Middlewares/Third_Party/FreeRTOS/Source/tasks.c **** 	uint8_t *pucEndOfStack;
3828:Middlewares/Third_Party/FreeRTOS/Source/tasks.c **** 	configSTACK_DEPTH_TYPE uxReturn;
3829:Middlewares/Third_Party/FreeRTOS/Source/tasks.c **** 
3830:Middlewares/Third_Party/FreeRTOS/Source/tasks.c **** 		/* uxTaskGetStackHighWaterMark() and uxTaskGetStackHighWaterMark2() are
3831:Middlewares/Third_Party/FreeRTOS/Source/tasks.c **** 		the same except for their return type.  Using configSTACK_DEPTH_TYPE
3832:Middlewares/Third_Party/FreeRTOS/Source/tasks.c **** 		allows the user to determine the return type.  It gets around the
ARM GAS  /tmp/ccoDOEnO.s 			page 74


3833:Middlewares/Third_Party/FreeRTOS/Source/tasks.c **** 		problem of the value overflowing on 8-bit types without breaking
3834:Middlewares/Third_Party/FreeRTOS/Source/tasks.c **** 		backward compatibility for applications that expect an 8-bit return
3835:Middlewares/Third_Party/FreeRTOS/Source/tasks.c **** 		type. */
3836:Middlewares/Third_Party/FreeRTOS/Source/tasks.c **** 
3837:Middlewares/Third_Party/FreeRTOS/Source/tasks.c **** 		pxTCB = prvGetTCBFromHandle( xTask );
3838:Middlewares/Third_Party/FreeRTOS/Source/tasks.c **** 
3839:Middlewares/Third_Party/FreeRTOS/Source/tasks.c **** 		#if portSTACK_GROWTH < 0
3840:Middlewares/Third_Party/FreeRTOS/Source/tasks.c **** 		{
3841:Middlewares/Third_Party/FreeRTOS/Source/tasks.c **** 			pucEndOfStack = ( uint8_t * ) pxTCB->pxStack;
3842:Middlewares/Third_Party/FreeRTOS/Source/tasks.c **** 		}
3843:Middlewares/Third_Party/FreeRTOS/Source/tasks.c **** 		#else
3844:Middlewares/Third_Party/FreeRTOS/Source/tasks.c **** 		{
3845:Middlewares/Third_Party/FreeRTOS/Source/tasks.c **** 			pucEndOfStack = ( uint8_t * ) pxTCB->pxEndOfStack;
3846:Middlewares/Third_Party/FreeRTOS/Source/tasks.c **** 		}
3847:Middlewares/Third_Party/FreeRTOS/Source/tasks.c **** 		#endif
3848:Middlewares/Third_Party/FreeRTOS/Source/tasks.c **** 
3849:Middlewares/Third_Party/FreeRTOS/Source/tasks.c **** 		uxReturn = prvTaskCheckFreeStackSpace( pucEndOfStack );
3850:Middlewares/Third_Party/FreeRTOS/Source/tasks.c **** 
3851:Middlewares/Third_Party/FreeRTOS/Source/tasks.c **** 		return uxReturn;
3852:Middlewares/Third_Party/FreeRTOS/Source/tasks.c **** 	}
3853:Middlewares/Third_Party/FreeRTOS/Source/tasks.c **** 
3854:Middlewares/Third_Party/FreeRTOS/Source/tasks.c **** #endif /* INCLUDE_uxTaskGetStackHighWaterMark2 */
3855:Middlewares/Third_Party/FreeRTOS/Source/tasks.c **** /*-----------------------------------------------------------*/
3856:Middlewares/Third_Party/FreeRTOS/Source/tasks.c **** 
3857:Middlewares/Third_Party/FreeRTOS/Source/tasks.c **** #if ( INCLUDE_uxTaskGetStackHighWaterMark == 1 )
3858:Middlewares/Third_Party/FreeRTOS/Source/tasks.c **** 
3859:Middlewares/Third_Party/FreeRTOS/Source/tasks.c **** 	UBaseType_t uxTaskGetStackHighWaterMark( TaskHandle_t xTask )
3860:Middlewares/Third_Party/FreeRTOS/Source/tasks.c **** 	{
3861:Middlewares/Third_Party/FreeRTOS/Source/tasks.c **** 	TCB_t *pxTCB;
3862:Middlewares/Third_Party/FreeRTOS/Source/tasks.c **** 	uint8_t *pucEndOfStack;
3863:Middlewares/Third_Party/FreeRTOS/Source/tasks.c **** 	UBaseType_t uxReturn;
3864:Middlewares/Third_Party/FreeRTOS/Source/tasks.c **** 
3865:Middlewares/Third_Party/FreeRTOS/Source/tasks.c **** 		pxTCB = prvGetTCBFromHandle( xTask );
3866:Middlewares/Third_Party/FreeRTOS/Source/tasks.c **** 
3867:Middlewares/Third_Party/FreeRTOS/Source/tasks.c **** 		#if portSTACK_GROWTH < 0
3868:Middlewares/Third_Party/FreeRTOS/Source/tasks.c **** 		{
3869:Middlewares/Third_Party/FreeRTOS/Source/tasks.c **** 			pucEndOfStack = ( uint8_t * ) pxTCB->pxStack;
3870:Middlewares/Third_Party/FreeRTOS/Source/tasks.c **** 		}
3871:Middlewares/Third_Party/FreeRTOS/Source/tasks.c **** 		#else
3872:Middlewares/Third_Party/FreeRTOS/Source/tasks.c **** 		{
3873:Middlewares/Third_Party/FreeRTOS/Source/tasks.c **** 			pucEndOfStack = ( uint8_t * ) pxTCB->pxEndOfStack;
3874:Middlewares/Third_Party/FreeRTOS/Source/tasks.c **** 		}
3875:Middlewares/Third_Party/FreeRTOS/Source/tasks.c **** 		#endif
3876:Middlewares/Third_Party/FreeRTOS/Source/tasks.c **** 
3877:Middlewares/Third_Party/FreeRTOS/Source/tasks.c **** 		uxReturn = ( UBaseType_t ) prvTaskCheckFreeStackSpace( pucEndOfStack );
3878:Middlewares/Third_Party/FreeRTOS/Source/tasks.c **** 
3879:Middlewares/Third_Party/FreeRTOS/Source/tasks.c **** 		return uxReturn;
3880:Middlewares/Third_Party/FreeRTOS/Source/tasks.c **** 	}
3881:Middlewares/Third_Party/FreeRTOS/Source/tasks.c **** 
3882:Middlewares/Third_Party/FreeRTOS/Source/tasks.c **** #endif /* INCLUDE_uxTaskGetStackHighWaterMark */
3883:Middlewares/Third_Party/FreeRTOS/Source/tasks.c **** /*-----------------------------------------------------------*/
3884:Middlewares/Third_Party/FreeRTOS/Source/tasks.c **** 
3885:Middlewares/Third_Party/FreeRTOS/Source/tasks.c **** #if ( INCLUDE_vTaskDelete == 1 )
3886:Middlewares/Third_Party/FreeRTOS/Source/tasks.c **** 
3887:Middlewares/Third_Party/FreeRTOS/Source/tasks.c **** 	static void prvDeleteTCB( TCB_t *pxTCB )
3888:Middlewares/Third_Party/FreeRTOS/Source/tasks.c **** 	{
3889:Middlewares/Third_Party/FreeRTOS/Source/tasks.c **** 		/* This call is required specifically for the TriCore port.  It must be
ARM GAS  /tmp/ccoDOEnO.s 			page 75


3890:Middlewares/Third_Party/FreeRTOS/Source/tasks.c **** 		above the vPortFree() calls.  The call is also used by ports/demos that
3891:Middlewares/Third_Party/FreeRTOS/Source/tasks.c **** 		want to allocate and clean RAM statically. */
3892:Middlewares/Third_Party/FreeRTOS/Source/tasks.c **** 		portCLEAN_UP_TCB( pxTCB );
3893:Middlewares/Third_Party/FreeRTOS/Source/tasks.c **** 
3894:Middlewares/Third_Party/FreeRTOS/Source/tasks.c **** 		/* Free up the memory allocated by the scheduler for the task.  It is up
3895:Middlewares/Third_Party/FreeRTOS/Source/tasks.c **** 		to the task to free any memory allocated at the application level.
3896:Middlewares/Third_Party/FreeRTOS/Source/tasks.c **** 		See the third party link http://www.nadler.com/embedded/newlibAndFreeRTOS.html
3897:Middlewares/Third_Party/FreeRTOS/Source/tasks.c **** 		for additional information. */
3898:Middlewares/Third_Party/FreeRTOS/Source/tasks.c **** 		#if ( configUSE_NEWLIB_REENTRANT == 1 )
3899:Middlewares/Third_Party/FreeRTOS/Source/tasks.c **** 		{
3900:Middlewares/Third_Party/FreeRTOS/Source/tasks.c **** 			_reclaim_reent( &( pxTCB->xNewLib_reent ) );
3901:Middlewares/Third_Party/FreeRTOS/Source/tasks.c **** 		}
3902:Middlewares/Third_Party/FreeRTOS/Source/tasks.c **** 		#endif /* configUSE_NEWLIB_REENTRANT */
3903:Middlewares/Third_Party/FreeRTOS/Source/tasks.c **** 
3904:Middlewares/Third_Party/FreeRTOS/Source/tasks.c **** 		#if( ( configSUPPORT_DYNAMIC_ALLOCATION == 1 ) && ( configSUPPORT_STATIC_ALLOCATION == 0 ) && ( p
3905:Middlewares/Third_Party/FreeRTOS/Source/tasks.c **** 		{
3906:Middlewares/Third_Party/FreeRTOS/Source/tasks.c **** 			/* The task can only have been allocated dynamically - free both
3907:Middlewares/Third_Party/FreeRTOS/Source/tasks.c **** 			the stack and TCB. */
3908:Middlewares/Third_Party/FreeRTOS/Source/tasks.c **** 			vPortFree( pxTCB->pxStack );
3909:Middlewares/Third_Party/FreeRTOS/Source/tasks.c **** 			vPortFree( pxTCB );
3910:Middlewares/Third_Party/FreeRTOS/Source/tasks.c **** 		}
3911:Middlewares/Third_Party/FreeRTOS/Source/tasks.c **** 		#elif( tskSTATIC_AND_DYNAMIC_ALLOCATION_POSSIBLE != 0 ) /*lint !e731 !e9029 Macro has been consol
3912:Middlewares/Third_Party/FreeRTOS/Source/tasks.c **** 		{
3913:Middlewares/Third_Party/FreeRTOS/Source/tasks.c **** 			/* The task could have been allocated statically or dynamically, so
3914:Middlewares/Third_Party/FreeRTOS/Source/tasks.c **** 			check what was statically allocated before trying to free the
3915:Middlewares/Third_Party/FreeRTOS/Source/tasks.c **** 			memory. */
3916:Middlewares/Third_Party/FreeRTOS/Source/tasks.c **** 			if( pxTCB->ucStaticallyAllocated == tskDYNAMICALLY_ALLOCATED_STACK_AND_TCB )
3917:Middlewares/Third_Party/FreeRTOS/Source/tasks.c **** 			{
3918:Middlewares/Third_Party/FreeRTOS/Source/tasks.c **** 				/* Both the stack and TCB were allocated dynamically, so both
3919:Middlewares/Third_Party/FreeRTOS/Source/tasks.c **** 				must be freed. */
3920:Middlewares/Third_Party/FreeRTOS/Source/tasks.c **** 				vPortFree( pxTCB->pxStack );
3921:Middlewares/Third_Party/FreeRTOS/Source/tasks.c **** 				vPortFree( pxTCB );
3922:Middlewares/Third_Party/FreeRTOS/Source/tasks.c **** 			}
3923:Middlewares/Third_Party/FreeRTOS/Source/tasks.c **** 			else if( pxTCB->ucStaticallyAllocated == tskSTATICALLY_ALLOCATED_STACK_ONLY )
3924:Middlewares/Third_Party/FreeRTOS/Source/tasks.c **** 			{
3925:Middlewares/Third_Party/FreeRTOS/Source/tasks.c **** 				/* Only the stack was statically allocated, so the TCB is the
3926:Middlewares/Third_Party/FreeRTOS/Source/tasks.c **** 				only memory that must be freed. */
3927:Middlewares/Third_Party/FreeRTOS/Source/tasks.c **** 				vPortFree( pxTCB );
3928:Middlewares/Third_Party/FreeRTOS/Source/tasks.c **** 			}
3929:Middlewares/Third_Party/FreeRTOS/Source/tasks.c **** 			else
3930:Middlewares/Third_Party/FreeRTOS/Source/tasks.c **** 			{
3931:Middlewares/Third_Party/FreeRTOS/Source/tasks.c **** 				/* Neither the stack nor the TCB were allocated dynamically, so
3932:Middlewares/Third_Party/FreeRTOS/Source/tasks.c **** 				nothing needs to be freed. */
3933:Middlewares/Third_Party/FreeRTOS/Source/tasks.c **** 				configASSERT( pxTCB->ucStaticallyAllocated == tskSTATICALLY_ALLOCATED_STACK_AND_TCB	);
3934:Middlewares/Third_Party/FreeRTOS/Source/tasks.c **** 				mtCOVERAGE_TEST_MARKER();
3935:Middlewares/Third_Party/FreeRTOS/Source/tasks.c **** 			}
3936:Middlewares/Third_Party/FreeRTOS/Source/tasks.c **** 		}
3937:Middlewares/Third_Party/FreeRTOS/Source/tasks.c **** 		#endif /* configSUPPORT_DYNAMIC_ALLOCATION */
3938:Middlewares/Third_Party/FreeRTOS/Source/tasks.c **** 	}
3939:Middlewares/Third_Party/FreeRTOS/Source/tasks.c **** 
3940:Middlewares/Third_Party/FreeRTOS/Source/tasks.c **** #endif /* INCLUDE_vTaskDelete */
3941:Middlewares/Third_Party/FreeRTOS/Source/tasks.c **** /*-----------------------------------------------------------*/
3942:Middlewares/Third_Party/FreeRTOS/Source/tasks.c **** 
3943:Middlewares/Third_Party/FreeRTOS/Source/tasks.c **** static void prvResetNextTaskUnblockTime( void )
3944:Middlewares/Third_Party/FreeRTOS/Source/tasks.c **** {
 126              		.loc 1 3944 1 is_stmt 1 view -0
 127              		.cfi_startproc
ARM GAS  /tmp/ccoDOEnO.s 			page 76


 128              		@ args = 0, pretend = 0, frame = 0
 129              		@ frame_needed = 0, uses_anonymous_args = 0
 130              		@ link register save eliminated.
3945:Middlewares/Third_Party/FreeRTOS/Source/tasks.c **** TCB_t *pxTCB;
 131              		.loc 1 3945 1 view .LVU32
3946:Middlewares/Third_Party/FreeRTOS/Source/tasks.c **** 
3947:Middlewares/Third_Party/FreeRTOS/Source/tasks.c **** 	if( listLIST_IS_EMPTY( pxDelayedTaskList ) != pdFALSE )
 132              		.loc 1 3947 2 view .LVU33
 133              		.loc 1 3947 6 is_stmt 0 view .LVU34
 134 0000 084B     		ldr	r3, .L15
 135 0002 1B68     		ldr	r3, [r3]
 136 0004 1B68     		ldr	r3, [r3]
 137              		.loc 1 3947 4 view .LVU35
 138 0006 23B9     		cbnz	r3, .L13
3948:Middlewares/Third_Party/FreeRTOS/Source/tasks.c **** 	{
3949:Middlewares/Third_Party/FreeRTOS/Source/tasks.c **** 		/* The new current delayed list is empty.  Set xNextTaskUnblockTime to
3950:Middlewares/Third_Party/FreeRTOS/Source/tasks.c **** 		the maximum possible value so it is	extremely unlikely that the
3951:Middlewares/Third_Party/FreeRTOS/Source/tasks.c **** 		if( xTickCount >= xNextTaskUnblockTime ) test will pass until
3952:Middlewares/Third_Party/FreeRTOS/Source/tasks.c **** 		there is an item in the delayed list. */
3953:Middlewares/Third_Party/FreeRTOS/Source/tasks.c **** 		xNextTaskUnblockTime = portMAX_DELAY;
 139              		.loc 1 3953 3 is_stmt 1 view .LVU36
 140              		.loc 1 3953 24 is_stmt 0 view .LVU37
 141 0008 074B     		ldr	r3, .L15+4
 142 000a 4FF0FF32 		mov	r2, #-1
 143 000e 1A60     		str	r2, [r3]
 144 0010 7047     		bx	lr
 145              	.L13:
3954:Middlewares/Third_Party/FreeRTOS/Source/tasks.c **** 	}
3955:Middlewares/Third_Party/FreeRTOS/Source/tasks.c **** 	else
3956:Middlewares/Third_Party/FreeRTOS/Source/tasks.c **** 	{
3957:Middlewares/Third_Party/FreeRTOS/Source/tasks.c **** 		/* The new current delayed list is not empty, get the value of
3958:Middlewares/Third_Party/FreeRTOS/Source/tasks.c **** 		the item at the head of the delayed list.  This is the time at
3959:Middlewares/Third_Party/FreeRTOS/Source/tasks.c **** 		which the task at the head of the delayed list should be removed
3960:Middlewares/Third_Party/FreeRTOS/Source/tasks.c **** 		from the Blocked state. */
3961:Middlewares/Third_Party/FreeRTOS/Source/tasks.c **** 		( pxTCB ) = listGET_OWNER_OF_HEAD_ENTRY( pxDelayedTaskList ); /*lint !e9079 void * is used as thi
 146              		.loc 1 3961 3 is_stmt 1 view .LVU38
 147              		.loc 1 3961 15 is_stmt 0 view .LVU39
 148 0012 044B     		ldr	r3, .L15
 149 0014 1B68     		ldr	r3, [r3]
 150 0016 DB68     		ldr	r3, [r3, #12]
 151              		.loc 1 3961 13 view .LVU40
 152 0018 DB68     		ldr	r3, [r3, #12]
 153              	.LVL9:
3962:Middlewares/Third_Party/FreeRTOS/Source/tasks.c **** 		xNextTaskUnblockTime = listGET_LIST_ITEM_VALUE( &( ( pxTCB )->xStateListItem ) );
 154              		.loc 1 3962 3 is_stmt 1 view .LVU41
 155              		.loc 1 3962 26 is_stmt 0 view .LVU42
 156 001a 5A68     		ldr	r2, [r3, #4]
 157              		.loc 1 3962 24 view .LVU43
 158 001c 024B     		ldr	r3, .L15+4
 159              	.LVL10:
 160              		.loc 1 3962 24 view .LVU44
 161 001e 1A60     		str	r2, [r3]
3963:Middlewares/Third_Party/FreeRTOS/Source/tasks.c **** 	}
3964:Middlewares/Third_Party/FreeRTOS/Source/tasks.c **** }
 162              		.loc 1 3964 1 view .LVU45
 163 0020 7047     		bx	lr
 164              	.L16:
ARM GAS  /tmp/ccoDOEnO.s 			page 77


 165 0022 00BF     		.align	2
 166              	.L15:
 167 0024 00000000 		.word	.LANCHOR2
 168 0028 00000000 		.word	.LANCHOR3
 169              		.cfi_endproc
 170              	.LFE41:
 172              		.section	.text.prvInitialiseNewTask,"ax",%progbits
 173              		.align	1
 174              		.syntax unified
 175              		.thumb
 176              		.thumb_func
 178              	prvInitialiseNewTask:
 179              	.LVL11:
 180              	.LFB7:
 832:Middlewares/Third_Party/FreeRTOS/Source/tasks.c **** StackType_t *pxTopOfStack;
 181              		.loc 1 832 1 is_stmt 1 view -0
 182              		.cfi_startproc
 183              		@ args = 16, pretend = 0, frame = 0
 184              		@ frame_needed = 0, uses_anonymous_args = 0
 832:Middlewares/Third_Party/FreeRTOS/Source/tasks.c **** StackType_t *pxTopOfStack;
 185              		.loc 1 832 1 is_stmt 0 view .LVU47
 186 0000 2DE9F047 		push	{r4, r5, r6, r7, r8, r9, r10, lr}
 187              	.LCFI0:
 188              		.cfi_def_cfa_offset 32
 189              		.cfi_offset 4, -32
 190              		.cfi_offset 5, -28
 191              		.cfi_offset 6, -24
 192              		.cfi_offset 7, -20
 193              		.cfi_offset 8, -16
 194              		.cfi_offset 9, -12
 195              		.cfi_offset 10, -8
 196              		.cfi_offset 14, -4
 197 0004 0746     		mov	r7, r0
 198 0006 9846     		mov	r8, r3
 199 0008 089D     		ldr	r5, [sp, #32]
 200 000a DDF82490 		ldr	r9, [sp, #36]
 201 000e 0A9C     		ldr	r4, [sp, #40]
 833:Middlewares/Third_Party/FreeRTOS/Source/tasks.c **** UBaseType_t x;
 202              		.loc 1 833 1 is_stmt 1 view .LVU48
 834:Middlewares/Third_Party/FreeRTOS/Source/tasks.c **** 
 203              		.loc 1 834 1 view .LVU49
 864:Middlewares/Third_Party/FreeRTOS/Source/tasks.c **** 		pxTopOfStack = ( StackType_t * ) ( ( ( portPOINTER_SIZE_TYPE ) pxTopOfStack ) & ( ~( ( portPOINTE
 204              		.loc 1 864 3 view .LVU50
 864:Middlewares/Third_Party/FreeRTOS/Source/tasks.c **** 		pxTopOfStack = ( StackType_t * ) ( ( ( portPOINTER_SIZE_TYPE ) pxTopOfStack ) & ( ~( ( portPOINTE
 205              		.loc 1 864 29 is_stmt 0 view .LVU51
 206 0010 266B     		ldr	r6, [r4, #48]
 864:Middlewares/Third_Party/FreeRTOS/Source/tasks.c **** 		pxTopOfStack = ( StackType_t * ) ( ( ( portPOINTER_SIZE_TYPE ) pxTopOfStack ) & ( ~( ( portPOINTE
 207              		.loc 1 864 38 view .LVU52
 208 0012 02F18042 		add	r2, r2, #1073741824
 209              	.LVL12:
 864:Middlewares/Third_Party/FreeRTOS/Source/tasks.c **** 		pxTopOfStack = ( StackType_t * ) ( ( ( portPOINTER_SIZE_TYPE ) pxTopOfStack ) & ( ~( ( portPOINTE
 210              		.loc 1 864 38 view .LVU53
 211 0016 013A     		subs	r2, r2, #1
 212              	.LVL13:
 864:Middlewares/Third_Party/FreeRTOS/Source/tasks.c **** 		pxTopOfStack = ( StackType_t * ) ( ( ( portPOINTER_SIZE_TYPE ) pxTopOfStack ) & ( ~( ( portPOINTE
 213              		.loc 1 864 16 view .LVU54
 214 0018 06EB8206 		add	r6, r6, r2, lsl #2
ARM GAS  /tmp/ccoDOEnO.s 			page 78


 215              	.LVL14:
 865:Middlewares/Third_Party/FreeRTOS/Source/tasks.c **** 
 216              		.loc 1 865 3 is_stmt 1 view .LVU55
 865:Middlewares/Third_Party/FreeRTOS/Source/tasks.c **** 
 217              		.loc 1 865 81 is_stmt 0 view .LVU56
 218 001c 26F00706 		bic	r6, r6, #7
 219              	.LVL15:
 868:Middlewares/Third_Party/FreeRTOS/Source/tasks.c **** 
 220              		.loc 1 868 3 is_stmt 1 view .LVU57
 868:Middlewares/Third_Party/FreeRTOS/Source/tasks.c **** 
 221              		.loc 1 868 124 view .LVU58
 892:Middlewares/Third_Party/FreeRTOS/Source/tasks.c **** 	{
 222              		.loc 1 892 2 view .LVU59
 892:Middlewares/Third_Party/FreeRTOS/Source/tasks.c **** 	{
 223              		.loc 1 892 4 is_stmt 0 view .LVU60
 224 0020 0029     		cmp	r1, #0
 225 0022 3AD0     		beq	.L29
 226 0024 8E46     		mov	lr, r1
 894:Middlewares/Third_Party/FreeRTOS/Source/tasks.c **** 		{
 227              		.loc 1 894 10 view .LVU61
 228 0026 4FF0000C 		mov	ip, #0
 229              	.LVL16:
 230              	.L18:
 894:Middlewares/Third_Party/FreeRTOS/Source/tasks.c **** 		{
 231              		.loc 1 894 31 is_stmt 1 discriminator 1 view .LVU62
 894:Middlewares/Third_Party/FreeRTOS/Source/tasks.c **** 		{
 232              		.loc 1 894 3 is_stmt 0 discriminator 1 view .LVU63
 233 002a BCF10F0F 		cmp	ip, #15
 234 002e 0BD8     		bhi	.L20
 896:Middlewares/Third_Party/FreeRTOS/Source/tasks.c **** 
 235              		.loc 1 896 4 is_stmt 1 view .LVU64
 896:Middlewares/Third_Party/FreeRTOS/Source/tasks.c **** 
 236              		.loc 1 896 38 is_stmt 0 view .LVU65
 237 0030 1EF80C20 		ldrb	r2, [lr, ip]	@ zero_extendqisi2
 896:Middlewares/Third_Party/FreeRTOS/Source/tasks.c **** 
 238              		.loc 1 896 30 view .LVU66
 239 0034 04EB0C03 		add	r3, r4, ip
 240 0038 83F83420 		strb	r2, [r3, #52]
 901:Middlewares/Third_Party/FreeRTOS/Source/tasks.c **** 			{
 241              		.loc 1 901 4 is_stmt 1 view .LVU67
 901:Middlewares/Third_Party/FreeRTOS/Source/tasks.c **** 			{
 242              		.loc 1 901 14 is_stmt 0 view .LVU68
 243 003c 1EF80C30 		ldrb	r3, [lr, ip]	@ zero_extendqisi2
 901:Middlewares/Third_Party/FreeRTOS/Source/tasks.c **** 			{
 244              		.loc 1 901 6 view .LVU69
 245 0040 13B1     		cbz	r3, .L20
 907:Middlewares/Third_Party/FreeRTOS/Source/tasks.c **** 			}
 246              		.loc 1 907 29 is_stmt 1 discriminator 2 view .LVU70
 894:Middlewares/Third_Party/FreeRTOS/Source/tasks.c **** 		{
 247              		.loc 1 894 76 discriminator 2 view .LVU71
 894:Middlewares/Third_Party/FreeRTOS/Source/tasks.c **** 		{
 248              		.loc 1 894 77 is_stmt 0 discriminator 2 view .LVU72
 249 0042 0CF1010C 		add	ip, ip, #1
 250              	.LVL17:
 894:Middlewares/Third_Party/FreeRTOS/Source/tasks.c **** 		{
 251              		.loc 1 894 77 discriminator 2 view .LVU73
 252 0046 F0E7     		b	.L18
ARM GAS  /tmp/ccoDOEnO.s 			page 79


 253              	.L20:
 913:Middlewares/Third_Party/FreeRTOS/Source/tasks.c **** 	}
 254              		.loc 1 913 3 is_stmt 1 view .LVU74
 913:Middlewares/Third_Party/FreeRTOS/Source/tasks.c **** 	}
 255              		.loc 1 913 55 is_stmt 0 view .LVU75
 256 0048 0023     		movs	r3, #0
 257 004a 84F84330 		strb	r3, [r4, #67]
 258              	.LVL18:
 259              	.L22:
 924:Middlewares/Third_Party/FreeRTOS/Source/tasks.c **** 	{
 260              		.loc 1 924 2 is_stmt 1 view .LVU76
 924:Middlewares/Third_Party/FreeRTOS/Source/tasks.c **** 	{
 261              		.loc 1 924 4 is_stmt 0 view .LVU77
 262 004e 042D     		cmp	r5, #4
 263 0050 00D9     		bls	.L23
 926:Middlewares/Third_Party/FreeRTOS/Source/tasks.c **** 	}
 264              		.loc 1 926 14 view .LVU78
 265 0052 0425     		movs	r5, #4
 266              	.L23:
 267              	.LVL19:
 930:Middlewares/Third_Party/FreeRTOS/Source/tasks.c **** 	}
 268              		.loc 1 930 27 is_stmt 1 view .LVU79
 933:Middlewares/Third_Party/FreeRTOS/Source/tasks.c **** 	#if ( configUSE_MUTEXES == 1 )
 269              		.loc 1 933 2 view .LVU80
 933:Middlewares/Third_Party/FreeRTOS/Source/tasks.c **** 	#if ( configUSE_MUTEXES == 1 )
 270              		.loc 1 933 23 is_stmt 0 view .LVU81
 271 0054 E562     		str	r5, [r4, #44]
 936:Middlewares/Third_Party/FreeRTOS/Source/tasks.c **** 		pxNewTCB->uxMutexesHeld = 0;
 272              		.loc 1 936 3 is_stmt 1 view .LVU82
 936:Middlewares/Third_Party/FreeRTOS/Source/tasks.c **** 		pxNewTCB->uxMutexesHeld = 0;
 273              		.loc 1 936 28 is_stmt 0 view .LVU83
 274 0056 6564     		str	r5, [r4, #68]
 937:Middlewares/Third_Party/FreeRTOS/Source/tasks.c **** 	}
 275              		.loc 1 937 3 is_stmt 1 view .LVU84
 937:Middlewares/Third_Party/FreeRTOS/Source/tasks.c **** 	}
 276              		.loc 1 937 27 is_stmt 0 view .LVU85
 277 0058 4FF0000A 		mov	r10, #0
 278 005c C4F848A0 		str	r10, [r4, #72]
 941:Middlewares/Third_Party/FreeRTOS/Source/tasks.c **** 	vListInitialiseItem( &( pxNewTCB->xEventListItem ) );
 279              		.loc 1 941 2 is_stmt 1 view .LVU86
 280 0060 201D     		adds	r0, r4, #4
 281              	.LVL20:
 941:Middlewares/Third_Party/FreeRTOS/Source/tasks.c **** 	vListInitialiseItem( &( pxNewTCB->xEventListItem ) );
 282              		.loc 1 941 2 is_stmt 0 view .LVU87
 283 0062 FFF7FEFF 		bl	vListInitialiseItem
 284              	.LVL21:
 942:Middlewares/Third_Party/FreeRTOS/Source/tasks.c **** 
 285              		.loc 1 942 2 is_stmt 1 view .LVU88
 286 0066 04F11800 		add	r0, r4, #24
 287 006a FFF7FEFF 		bl	vListInitialiseItem
 288              	.LVL22:
 946:Middlewares/Third_Party/FreeRTOS/Source/tasks.c **** 
 289              		.loc 1 946 2 view .LVU89
 290 006e 2461     		str	r4, [r4, #16]
 949:Middlewares/Third_Party/FreeRTOS/Source/tasks.c **** 	listSET_LIST_ITEM_OWNER( &( pxNewTCB->xEventListItem ), pxNewTCB );
 291              		.loc 1 949 2 view .LVU90
 292 0070 C5F10505 		rsb	r5, r5, #5
ARM GAS  /tmp/ccoDOEnO.s 			page 80


 293              	.LVL23:
 949:Middlewares/Third_Party/FreeRTOS/Source/tasks.c **** 	listSET_LIST_ITEM_OWNER( &( pxNewTCB->xEventListItem ), pxNewTCB );
 294              		.loc 1 949 2 is_stmt 0 view .LVU91
 295 0074 A561     		str	r5, [r4, #24]
 950:Middlewares/Third_Party/FreeRTOS/Source/tasks.c **** 
 296              		.loc 1 950 2 is_stmt 1 view .LVU92
 297 0076 6462     		str	r4, [r4, #36]
 977:Middlewares/Third_Party/FreeRTOS/Source/tasks.c **** 	}
 298              		.loc 1 977 3 view .LVU93
 992:Middlewares/Third_Party/FreeRTOS/Source/tasks.c **** 		pxNewTCB->ucNotifyState = taskNOT_WAITING_NOTIFICATION;
 299              		.loc 1 992 3 view .LVU94
 992:Middlewares/Third_Party/FreeRTOS/Source/tasks.c **** 		pxNewTCB->ucNotifyState = taskNOT_WAITING_NOTIFICATION;
 300              		.loc 1 992 29 is_stmt 0 view .LVU95
 301 0078 C4F84CA0 		str	r10, [r4, #76]
 993:Middlewares/Third_Party/FreeRTOS/Source/tasks.c **** 	}
 302              		.loc 1 993 3 is_stmt 1 view .LVU96
 993:Middlewares/Third_Party/FreeRTOS/Source/tasks.c **** 	}
 303              		.loc 1 993 27 is_stmt 0 view .LVU97
 304 007c 84F850A0 		strb	r10, [r4, #80]
1058:Middlewares/Third_Party/FreeRTOS/Source/tasks.c **** 		}
 305              		.loc 1 1058 4 is_stmt 1 view .LVU98
1058:Middlewares/Third_Party/FreeRTOS/Source/tasks.c **** 		}
 306              		.loc 1 1058 29 is_stmt 0 view .LVU99
 307 0080 4246     		mov	r2, r8
 308 0082 3946     		mov	r1, r7
 309 0084 3046     		mov	r0, r6
 310 0086 FFF7FEFF 		bl	pxPortInitialiseStack
 311              	.LVL24:
1058:Middlewares/Third_Party/FreeRTOS/Source/tasks.c **** 		}
 312              		.loc 1 1058 27 view .LVU100
 313 008a 2060     		str	r0, [r4]
1064:Middlewares/Third_Party/FreeRTOS/Source/tasks.c **** 	{
 314              		.loc 1 1064 2 is_stmt 1 view .LVU101
1064:Middlewares/Third_Party/FreeRTOS/Source/tasks.c **** 	{
 315              		.loc 1 1064 4 is_stmt 0 view .LVU102
 316 008c B9F1000F 		cmp	r9, #0
 317 0090 01D0     		beq	.L17
1068:Middlewares/Third_Party/FreeRTOS/Source/tasks.c **** 	}
 318              		.loc 1 1068 3 is_stmt 1 view .LVU103
1068:Middlewares/Third_Party/FreeRTOS/Source/tasks.c **** 	}
 319              		.loc 1 1068 18 is_stmt 0 view .LVU104
 320 0092 C9F80040 		str	r4, [r9]
1072:Middlewares/Third_Party/FreeRTOS/Source/tasks.c **** 	}
 321              		.loc 1 1072 27 is_stmt 1 view .LVU105
 322              	.L17:
1074:Middlewares/Third_Party/FreeRTOS/Source/tasks.c **** /*-----------------------------------------------------------*/
 323              		.loc 1 1074 1 is_stmt 0 view .LVU106
 324 0096 BDE8F087 		pop	{r4, r5, r6, r7, r8, r9, r10, pc}
 325              	.LVL25:
 326              	.L29:
 919:Middlewares/Third_Party/FreeRTOS/Source/tasks.c **** 	}
 327              		.loc 1 919 3 is_stmt 1 view .LVU107
 919:Middlewares/Third_Party/FreeRTOS/Source/tasks.c **** 	}
 328              		.loc 1 919 29 is_stmt 0 view .LVU108
 329 009a 0023     		movs	r3, #0
 330              	.LVL26:
 919:Middlewares/Third_Party/FreeRTOS/Source/tasks.c **** 	}
ARM GAS  /tmp/ccoDOEnO.s 			page 81


 331              		.loc 1 919 29 view .LVU109
 332 009c 84F83430 		strb	r3, [r4, #52]
 333 00a0 D5E7     		b	.L22
 334              		.cfi_endproc
 335              	.LFE7:
 337              		.section	.text.prvInitialiseTaskLists,"ax",%progbits
 338              		.align	1
 339              		.syntax unified
 340              		.thumb
 341              		.thumb_func
 343              	prvInitialiseTaskLists:
 344              	.LFB38:
3608:Middlewares/Third_Party/FreeRTOS/Source/tasks.c **** UBaseType_t uxPriority;
 345              		.loc 1 3608 1 is_stmt 1 view -0
 346              		.cfi_startproc
 347              		@ args = 0, pretend = 0, frame = 0
 348              		@ frame_needed = 0, uses_anonymous_args = 0
 349 0000 38B5     		push	{r3, r4, r5, lr}
 350              	.LCFI1:
 351              		.cfi_def_cfa_offset 16
 352              		.cfi_offset 3, -16
 353              		.cfi_offset 4, -12
 354              		.cfi_offset 5, -8
 355              		.cfi_offset 14, -4
3609:Middlewares/Third_Party/FreeRTOS/Source/tasks.c **** 
 356              		.loc 1 3609 1 view .LVU111
3611:Middlewares/Third_Party/FreeRTOS/Source/tasks.c **** 	{
 357              		.loc 1 3611 2 view .LVU112
 358              	.LVL27:
3611:Middlewares/Third_Party/FreeRTOS/Source/tasks.c **** 	{
 359              		.loc 1 3611 18 is_stmt 0 view .LVU113
 360 0002 0024     		movs	r4, #0
3611:Middlewares/Third_Party/FreeRTOS/Source/tasks.c **** 	{
 361              		.loc 1 3611 2 view .LVU114
 362 0004 07E0     		b	.L31
 363              	.LVL28:
 364              	.L32:
3613:Middlewares/Third_Party/FreeRTOS/Source/tasks.c **** 	}
 365              		.loc 1 3613 3 is_stmt 1 discriminator 3 view .LVU115
 366 0006 04EB8402 		add	r2, r4, r4, lsl #2
 367 000a 9300     		lsls	r3, r2, #2
 368 000c 0E48     		ldr	r0, .L34
 369 000e 1844     		add	r0, r0, r3
 370 0010 FFF7FEFF 		bl	vListInitialise
 371              	.LVL29:
3611:Middlewares/Third_Party/FreeRTOS/Source/tasks.c **** 	{
 372              		.loc 1 3611 91 discriminator 3 view .LVU116
3611:Middlewares/Third_Party/FreeRTOS/Source/tasks.c **** 	{
 373              		.loc 1 3611 101 is_stmt 0 discriminator 3 view .LVU117
 374 0014 0134     		adds	r4, r4, #1
 375              	.LVL30:
 376              	.L31:
3611:Middlewares/Third_Party/FreeRTOS/Source/tasks.c **** 	{
 377              		.loc 1 3611 40 is_stmt 1 discriminator 1 view .LVU118
3611:Middlewares/Third_Party/FreeRTOS/Source/tasks.c **** 	{
 378              		.loc 1 3611 2 is_stmt 0 discriminator 1 view .LVU119
 379 0016 042C     		cmp	r4, #4
ARM GAS  /tmp/ccoDOEnO.s 			page 82


 380 0018 F5D9     		bls	.L32
3616:Middlewares/Third_Party/FreeRTOS/Source/tasks.c **** 	vListInitialise( &xDelayedTaskList2 );
 381              		.loc 1 3616 2 is_stmt 1 view .LVU120
 382 001a 0C4D     		ldr	r5, .L34+4
 383 001c 2846     		mov	r0, r5
 384 001e FFF7FEFF 		bl	vListInitialise
 385              	.LVL31:
3617:Middlewares/Third_Party/FreeRTOS/Source/tasks.c **** 	vListInitialise( &xPendingReadyList );
 386              		.loc 1 3617 2 view .LVU121
 387 0022 0B4C     		ldr	r4, .L34+8
 388              	.LVL32:
3617:Middlewares/Third_Party/FreeRTOS/Source/tasks.c **** 	vListInitialise( &xPendingReadyList );
 389              		.loc 1 3617 2 is_stmt 0 view .LVU122
 390 0024 2046     		mov	r0, r4
 391 0026 FFF7FEFF 		bl	vListInitialise
 392              	.LVL33:
3618:Middlewares/Third_Party/FreeRTOS/Source/tasks.c **** 
 393              		.loc 1 3618 2 is_stmt 1 view .LVU123
 394 002a 0A48     		ldr	r0, .L34+12
 395 002c FFF7FEFF 		bl	vListInitialise
 396              	.LVL34:
3622:Middlewares/Third_Party/FreeRTOS/Source/tasks.c **** 	}
 397              		.loc 1 3622 3 view .LVU124
 398 0030 0948     		ldr	r0, .L34+16
 399 0032 FFF7FEFF 		bl	vListInitialise
 400              	.LVL35:
3628:Middlewares/Third_Party/FreeRTOS/Source/tasks.c **** 	}
 401              		.loc 1 3628 3 view .LVU125
 402 0036 0948     		ldr	r0, .L34+20
 403 0038 FFF7FEFF 		bl	vListInitialise
 404              	.LVL36:
3634:Middlewares/Third_Party/FreeRTOS/Source/tasks.c **** 	pxOverflowDelayedTaskList = &xDelayedTaskList2;
 405              		.loc 1 3634 2 view .LVU126
3634:Middlewares/Third_Party/FreeRTOS/Source/tasks.c **** 	pxOverflowDelayedTaskList = &xDelayedTaskList2;
 406              		.loc 1 3634 20 is_stmt 0 view .LVU127
 407 003c 084B     		ldr	r3, .L34+24
 408 003e 1D60     		str	r5, [r3]
3635:Middlewares/Third_Party/FreeRTOS/Source/tasks.c **** }
 409              		.loc 1 3635 2 is_stmt 1 view .LVU128
3635:Middlewares/Third_Party/FreeRTOS/Source/tasks.c **** }
 410              		.loc 1 3635 28 is_stmt 0 view .LVU129
 411 0040 084B     		ldr	r3, .L34+28
 412 0042 1C60     		str	r4, [r3]
3636:Middlewares/Third_Party/FreeRTOS/Source/tasks.c **** /*-----------------------------------------------------------*/
 413              		.loc 1 3636 1 view .LVU130
 414 0044 38BD     		pop	{r3, r4, r5, pc}
 415              	.L35:
 416 0046 00BF     		.align	2
 417              	.L34:
 418 0048 00000000 		.word	.LANCHOR4
 419 004c 00000000 		.word	.LANCHOR5
 420 0050 00000000 		.word	.LANCHOR6
 421 0054 00000000 		.word	.LANCHOR1
 422 0058 00000000 		.word	.LANCHOR7
 423 005c 00000000 		.word	.LANCHOR0
 424 0060 00000000 		.word	.LANCHOR2
 425 0064 00000000 		.word	.LANCHOR8
ARM GAS  /tmp/ccoDOEnO.s 			page 83


 426              		.cfi_endproc
 427              	.LFE38:
 429              		.section	.text.prvAddNewTaskToReadyList,"ax",%progbits
 430              		.align	1
 431              		.syntax unified
 432              		.thumb
 433              		.thumb_func
 435              	prvAddNewTaskToReadyList:
 436              	.LVL37:
 437              	.LFB8:
1078:Middlewares/Third_Party/FreeRTOS/Source/tasks.c **** 	/* Ensure interrupts don't access the task lists while the lists are being
 438              		.loc 1 1078 1 is_stmt 1 view -0
 439              		.cfi_startproc
 440              		@ args = 0, pretend = 0, frame = 0
 441              		@ frame_needed = 0, uses_anonymous_args = 0
1078:Middlewares/Third_Party/FreeRTOS/Source/tasks.c **** 	/* Ensure interrupts don't access the task lists while the lists are being
 442              		.loc 1 1078 1 is_stmt 0 view .LVU132
 443 0000 10B5     		push	{r4, lr}
 444              	.LCFI2:
 445              		.cfi_def_cfa_offset 8
 446              		.cfi_offset 4, -8
 447              		.cfi_offset 14, -4
 448 0002 0446     		mov	r4, r0
1081:Middlewares/Third_Party/FreeRTOS/Source/tasks.c **** 	{
 449              		.loc 1 1081 2 is_stmt 1 view .LVU133
 450 0004 FFF7FEFF 		bl	vPortEnterCritical
 451              	.LVL38:
1083:Middlewares/Third_Party/FreeRTOS/Source/tasks.c **** 		if( pxCurrentTCB == NULL )
 452              		.loc 1 1083 3 view .LVU134
1083:Middlewares/Third_Party/FreeRTOS/Source/tasks.c **** 		if( pxCurrentTCB == NULL )
 453              		.loc 1 1083 25 is_stmt 0 view .LVU135
 454 0008 214A     		ldr	r2, .L43
 455 000a 1368     		ldr	r3, [r2]
 456 000c 0133     		adds	r3, r3, #1
 457 000e 1360     		str	r3, [r2]
1084:Middlewares/Third_Party/FreeRTOS/Source/tasks.c **** 		{
 458              		.loc 1 1084 3 is_stmt 1 view .LVU136
1084:Middlewares/Third_Party/FreeRTOS/Source/tasks.c **** 		{
 459              		.loc 1 1084 20 is_stmt 0 view .LVU137
 460 0010 204B     		ldr	r3, .L43+4
 461 0012 1B68     		ldr	r3, [r3]
1084:Middlewares/Third_Party/FreeRTOS/Source/tasks.c **** 		{
 462              		.loc 1 1084 5 view .LVU138
 463 0014 5BB1     		cbz	r3, .L41
1107:Middlewares/Third_Party/FreeRTOS/Source/tasks.c **** 			{
 464              		.loc 1 1107 4 is_stmt 1 view .LVU139
1107:Middlewares/Third_Party/FreeRTOS/Source/tasks.c **** 			{
 465              		.loc 1 1107 26 is_stmt 0 view .LVU140
 466 0016 204B     		ldr	r3, .L43+8
 467 0018 1B68     		ldr	r3, [r3]
1107:Middlewares/Third_Party/FreeRTOS/Source/tasks.c **** 			{
 468              		.loc 1 1107 6 view .LVU141
 469 001a 6BB9     		cbnz	r3, .L38
1109:Middlewares/Third_Party/FreeRTOS/Source/tasks.c **** 				{
 470              		.loc 1 1109 5 is_stmt 1 view .LVU142
1109:Middlewares/Third_Party/FreeRTOS/Source/tasks.c **** 				{
 471              		.loc 1 1109 21 is_stmt 0 view .LVU143
ARM GAS  /tmp/ccoDOEnO.s 			page 84


 472 001c 1D4B     		ldr	r3, .L43+4
 473 001e 1B68     		ldr	r3, [r3]
 474 0020 DA6A     		ldr	r2, [r3, #44]
1109:Middlewares/Third_Party/FreeRTOS/Source/tasks.c **** 				{
 475              		.loc 1 1109 45 view .LVU144
 476 0022 E36A     		ldr	r3, [r4, #44]
1109:Middlewares/Third_Party/FreeRTOS/Source/tasks.c **** 				{
 477              		.loc 1 1109 7 view .LVU145
 478 0024 9A42     		cmp	r2, r3
 479 0026 07D8     		bhi	.L38
1111:Middlewares/Third_Party/FreeRTOS/Source/tasks.c **** 				}
 480              		.loc 1 1111 6 is_stmt 1 view .LVU146
1111:Middlewares/Third_Party/FreeRTOS/Source/tasks.c **** 				}
 481              		.loc 1 1111 19 is_stmt 0 view .LVU147
 482 0028 1A4B     		ldr	r3, .L43+4
 483 002a 1C60     		str	r4, [r3]
 484 002c 04E0     		b	.L38
 485              	.L41:
1088:Middlewares/Third_Party/FreeRTOS/Source/tasks.c **** 
 486              		.loc 1 1088 4 is_stmt 1 view .LVU148
1088:Middlewares/Third_Party/FreeRTOS/Source/tasks.c **** 
 487              		.loc 1 1088 17 is_stmt 0 view .LVU149
 488 002e 194B     		ldr	r3, .L43+4
 489 0030 1C60     		str	r4, [r3]
1090:Middlewares/Third_Party/FreeRTOS/Source/tasks.c **** 			{
 490              		.loc 1 1090 4 is_stmt 1 view .LVU150
1090:Middlewares/Third_Party/FreeRTOS/Source/tasks.c **** 			{
 491              		.loc 1 1090 31 is_stmt 0 view .LVU151
 492 0032 1368     		ldr	r3, [r2]
1090:Middlewares/Third_Party/FreeRTOS/Source/tasks.c **** 			{
 493              		.loc 1 1090 6 view .LVU152
 494 0034 012B     		cmp	r3, #1
 495 0036 28D0     		beq	.L42
 496              	.L38:
1120:Middlewares/Third_Party/FreeRTOS/Source/tasks.c **** 			}
 497              		.loc 1 1120 29 is_stmt 1 view .LVU153
1124:Middlewares/Third_Party/FreeRTOS/Source/tasks.c **** 
 498              		.loc 1 1124 3 view .LVU154
1124:Middlewares/Third_Party/FreeRTOS/Source/tasks.c **** 
 499              		.loc 1 1124 15 is_stmt 0 view .LVU155
 500 0038 184A     		ldr	r2, .L43+12
 501 003a 1368     		ldr	r3, [r2]
 502 003c 0133     		adds	r3, r3, #1
 503 003e 1360     		str	r3, [r2]
1132:Middlewares/Third_Party/FreeRTOS/Source/tasks.c **** 
 504              		.loc 1 1132 31 is_stmt 1 view .LVU156
1134:Middlewares/Third_Party/FreeRTOS/Source/tasks.c **** 
 505              		.loc 1 1134 3 view .LVU157
1134:Middlewares/Third_Party/FreeRTOS/Source/tasks.c **** 
 506              		.loc 1 1134 3 view .LVU158
 507 0040 E06A     		ldr	r0, [r4, #44]
 508 0042 0123     		movs	r3, #1
 509 0044 8340     		lsls	r3, r3, r0
 510 0046 164A     		ldr	r2, .L43+16
 511 0048 1168     		ldr	r1, [r2]
 512 004a 0B43     		orrs	r3, r3, r1
 513 004c 1360     		str	r3, [r2]
ARM GAS  /tmp/ccoDOEnO.s 			page 85


1134:Middlewares/Third_Party/FreeRTOS/Source/tasks.c **** 
 514              		.loc 1 1134 3 view .LVU159
 515 004e 00EB8000 		add	r0, r0, r0, lsl #2
 516 0052 211D     		adds	r1, r4, #4
 517 0054 134B     		ldr	r3, .L43+20
 518 0056 03EB8000 		add	r0, r3, r0, lsl #2
 519 005a FFF7FEFF 		bl	vListInsertEnd
 520              	.LVL39:
1134:Middlewares/Third_Party/FreeRTOS/Source/tasks.c **** 
 521              		.loc 1 1134 36 view .LVU160
1136:Middlewares/Third_Party/FreeRTOS/Source/tasks.c **** 	}
 522              		.loc 1 1136 3 view .LVU161
1138:Middlewares/Third_Party/FreeRTOS/Source/tasks.c **** 
 523              		.loc 1 1138 2 view .LVU162
 524 005e FFF7FEFF 		bl	vPortExitCritical
 525              	.LVL40:
1140:Middlewares/Third_Party/FreeRTOS/Source/tasks.c **** 	{
 526              		.loc 1 1140 2 view .LVU163
1140:Middlewares/Third_Party/FreeRTOS/Source/tasks.c **** 	{
 527              		.loc 1 1140 24 is_stmt 0 view .LVU164
 528 0062 0D4B     		ldr	r3, .L43+8
 529 0064 1B68     		ldr	r3, [r3]
1140:Middlewares/Third_Party/FreeRTOS/Source/tasks.c **** 	{
 530              		.loc 1 1140 4 view .LVU165
 531 0066 7BB1     		cbz	r3, .L36
1144:Middlewares/Third_Party/FreeRTOS/Source/tasks.c **** 		{
 532              		.loc 1 1144 3 is_stmt 1 view .LVU166
1144:Middlewares/Third_Party/FreeRTOS/Source/tasks.c **** 		{
 533              		.loc 1 1144 19 is_stmt 0 view .LVU167
 534 0068 0A4B     		ldr	r3, .L43+4
 535 006a 1B68     		ldr	r3, [r3]
 536 006c DA6A     		ldr	r2, [r3, #44]
1144:Middlewares/Third_Party/FreeRTOS/Source/tasks.c **** 		{
 537              		.loc 1 1144 42 view .LVU168
 538 006e E36A     		ldr	r3, [r4, #44]
1144:Middlewares/Third_Party/FreeRTOS/Source/tasks.c **** 		{
 539              		.loc 1 1144 5 view .LVU169
 540 0070 9A42     		cmp	r2, r3
 541 0072 09D2     		bcs	.L36
1146:Middlewares/Third_Party/FreeRTOS/Source/tasks.c **** 		}
 542              		.loc 1 1146 4 is_stmt 1 view .LVU170
 543 0074 4FF0E023 		mov	r3, #-536813568
 544 0078 4FF08052 		mov	r2, #268435456
 545 007c C3F8042D 		str	r2, [r3, #3332]
1146:Middlewares/Third_Party/FreeRTOS/Source/tasks.c **** 		}
 546              		.loc 1 1146 4 view .LVU171
 547              		.syntax unified
 548              	@ 1146 "Middlewares/Third_Party/FreeRTOS/Source/tasks.c" 1
 549 0080 BFF34F8F 		dsb
 550              	@ 0 "" 2
1146:Middlewares/Third_Party/FreeRTOS/Source/tasks.c **** 		}
 551              		.loc 1 1146 4 view .LVU172
 552              	@ 1146 "Middlewares/Third_Party/FreeRTOS/Source/tasks.c" 1
 553 0084 BFF36F8F 		isb
 554              	@ 0 "" 2
1146:Middlewares/Third_Party/FreeRTOS/Source/tasks.c **** 		}
 555              		.loc 1 1146 35 view .LVU173
ARM GAS  /tmp/ccoDOEnO.s 			page 86


1155:Middlewares/Third_Party/FreeRTOS/Source/tasks.c **** 	}
 556              		.loc 1 1155 27 view .LVU174
 557              		.thumb
 558              		.syntax unified
 559              	.L36:
1157:Middlewares/Third_Party/FreeRTOS/Source/tasks.c **** /*-----------------------------------------------------------*/
 560              		.loc 1 1157 1 is_stmt 0 view .LVU175
 561 0088 10BD     		pop	{r4, pc}
 562              	.LVL41:
 563              	.L42:
1095:Middlewares/Third_Party/FreeRTOS/Source/tasks.c **** 			}
 564              		.loc 1 1095 5 is_stmt 1 view .LVU176
 565 008a FFF7FEFF 		bl	prvInitialiseTaskLists
 566              	.LVL42:
 567 008e D3E7     		b	.L38
 568              	.L44:
 569              		.align	2
 570              	.L43:
 571 0090 00000000 		.word	.LANCHOR9
 572 0094 00000000 		.word	.LANCHOR10
 573 0098 00000000 		.word	.LANCHOR11
 574 009c 00000000 		.word	.LANCHOR12
 575 00a0 00000000 		.word	.LANCHOR13
 576 00a4 00000000 		.word	.LANCHOR4
 577              		.cfi_endproc
 578              	.LFE8:
 580              		.section	.text.prvDeleteTCB,"ax",%progbits
 581              		.align	1
 582              		.syntax unified
 583              		.thumb
 584              		.thumb_func
 586              	prvDeleteTCB:
 587              	.LVL43:
 588              	.LFB40:
3888:Middlewares/Third_Party/FreeRTOS/Source/tasks.c **** 		/* This call is required specifically for the TriCore port.  It must be
 589              		.loc 1 3888 2 view -0
 590              		.cfi_startproc
 591              		@ args = 0, pretend = 0, frame = 0
 592              		@ frame_needed = 0, uses_anonymous_args = 0
3888:Middlewares/Third_Party/FreeRTOS/Source/tasks.c **** 		/* This call is required specifically for the TriCore port.  It must be
 593              		.loc 1 3888 2 is_stmt 0 view .LVU178
 594 0000 10B5     		push	{r4, lr}
 595              	.LCFI3:
 596              		.cfi_def_cfa_offset 8
 597              		.cfi_offset 4, -8
 598              		.cfi_offset 14, -4
 599 0002 0446     		mov	r4, r0
3892:Middlewares/Third_Party/FreeRTOS/Source/tasks.c **** 
 600              		.loc 1 3892 3 is_stmt 1 view .LVU179
3916:Middlewares/Third_Party/FreeRTOS/Source/tasks.c **** 			{
 601              		.loc 1 3916 4 view .LVU180
3916:Middlewares/Third_Party/FreeRTOS/Source/tasks.c **** 			{
 602              		.loc 1 3916 13 is_stmt 0 view .LVU181
 603 0004 90F85130 		ldrb	r3, [r0, #81]	@ zero_extendqisi2
3916:Middlewares/Third_Party/FreeRTOS/Source/tasks.c **** 			{
 604              		.loc 1 3916 6 view .LVU182
 605 0008 63B1     		cbz	r3, .L51
ARM GAS  /tmp/ccoDOEnO.s 			page 87


3923:Middlewares/Third_Party/FreeRTOS/Source/tasks.c **** 			{
 606              		.loc 1 3923 9 is_stmt 1 view .LVU183
3923:Middlewares/Third_Party/FreeRTOS/Source/tasks.c **** 			{
 607              		.loc 1 3923 11 is_stmt 0 view .LVU184
 608 000a 012B     		cmp	r3, #1
 609 000c 11D0     		beq	.L52
3933:Middlewares/Third_Party/FreeRTOS/Source/tasks.c **** 				mtCOVERAGE_TEST_MARKER();
 610              		.loc 1 3933 5 is_stmt 1 view .LVU185
 611 000e 022B     		cmp	r3, #2
 612 0010 0ED0     		beq	.L45
3933:Middlewares/Third_Party/FreeRTOS/Source/tasks.c **** 				mtCOVERAGE_TEST_MARKER();
 613              		.loc 1 3933 5 view .LVU186
 614              	.LBB112:
 615              	.LBI112:
 193:Middlewares/Third_Party/FreeRTOS/Source/portable/GCC/ARM_CM3/portmacro.h **** {
 616              		.loc 2 193 30 view .LVU187
 617              	.LBB113:
 195:Middlewares/Third_Party/FreeRTOS/Source/portable/GCC/ARM_CM3/portmacro.h **** 
 618              		.loc 2 195 1 view .LVU188
 619              		.loc 2 197 2 view .LVU189
 620              		.syntax unified
 621              	@ 197 "Middlewares/Third_Party/FreeRTOS/Source/portable/GCC/ARM_CM3/portmacro.h" 1
 622 0012 4FF05003 			mov r3, #80												
 623 0016 83F31188 		msr basepri, r3											
 624 001a BFF36F8F 		isb														
 625 001e BFF34F8F 		dsb														
 626              	
 627              	@ 0 "" 2
 628              	.LVL44:
 629              		.thumb
 630              		.syntax unified
 631              	.L49:
 632              		.loc 2 197 2 is_stmt 0 view .LVU190
 633              	.LBE113:
 634              	.LBE112:
3933:Middlewares/Third_Party/FreeRTOS/Source/tasks.c **** 				mtCOVERAGE_TEST_MARKER();
 635              		.loc 1 3933 5 is_stmt 1 discriminator 1 view .LVU191
3933:Middlewares/Third_Party/FreeRTOS/Source/tasks.c **** 				mtCOVERAGE_TEST_MARKER();
 636              		.loc 1 3933 5 discriminator 1 view .LVU192
3933:Middlewares/Third_Party/FreeRTOS/Source/tasks.c **** 				mtCOVERAGE_TEST_MARKER();
 637              		.loc 1 3933 5 discriminator 1 view .LVU193
 638 0022 FEE7     		b	.L49
 639              	.L51:
3920:Middlewares/Third_Party/FreeRTOS/Source/tasks.c **** 				vPortFree( pxTCB );
 640              		.loc 1 3920 5 view .LVU194
 641 0024 006B     		ldr	r0, [r0, #48]
 642              	.LVL45:
3920:Middlewares/Third_Party/FreeRTOS/Source/tasks.c **** 				vPortFree( pxTCB );
 643              		.loc 1 3920 5 is_stmt 0 view .LVU195
 644 0026 FFF7FEFF 		bl	vPortFree
 645              	.LVL46:
3921:Middlewares/Third_Party/FreeRTOS/Source/tasks.c **** 			}
 646              		.loc 1 3921 5 is_stmt 1 view .LVU196
 647 002a 2046     		mov	r0, r4
 648 002c FFF7FEFF 		bl	vPortFree
 649              	.LVL47:
 650              	.L45:
ARM GAS  /tmp/ccoDOEnO.s 			page 88


3938:Middlewares/Third_Party/FreeRTOS/Source/tasks.c **** 
 651              		.loc 1 3938 2 is_stmt 0 view .LVU197
 652 0030 10BD     		pop	{r4, pc}
 653              	.LVL48:
 654              	.L52:
3927:Middlewares/Third_Party/FreeRTOS/Source/tasks.c **** 			}
 655              		.loc 1 3927 5 is_stmt 1 view .LVU198
 656 0032 FFF7FEFF 		bl	vPortFree
 657              	.LVL49:
3927:Middlewares/Third_Party/FreeRTOS/Source/tasks.c **** 			}
 658              		.loc 1 3927 5 is_stmt 0 view .LVU199
 659 0036 FBE7     		b	.L45
 660              		.cfi_endproc
 661              	.LFE40:
 663              		.section	.text.prvCheckTasksWaitingTermination,"ax",%progbits
 664              		.align	1
 665              		.syntax unified
 666              		.thumb
 667              		.thumb_func
 669              	prvCheckTasksWaitingTermination:
 670              	.LFB39:
3640:Middlewares/Third_Party/FreeRTOS/Source/tasks.c **** 
 671              		.loc 1 3640 1 is_stmt 1 view -0
 672              		.cfi_startproc
 673              		@ args = 0, pretend = 0, frame = 0
 674              		@ frame_needed = 0, uses_anonymous_args = 0
 675              	.LBB114:
3646:Middlewares/Third_Party/FreeRTOS/Source/tasks.c **** 
 676              		.loc 1 3646 3 view .LVU201
3650:Middlewares/Third_Party/FreeRTOS/Source/tasks.c **** 		{
 677              		.loc 1 3650 3 view .LVU202
3650:Middlewares/Third_Party/FreeRTOS/Source/tasks.c **** 		{
 678              		.loc 1 3650 8 view .LVU203
3650:Middlewares/Third_Party/FreeRTOS/Source/tasks.c **** 		{
 679              		.loc 1 3650 39 is_stmt 0 view .LVU204
 680 0000 0F4B     		ldr	r3, .L60
 681 0002 1B68     		ldr	r3, [r3]
3650:Middlewares/Third_Party/FreeRTOS/Source/tasks.c **** 		{
 682              		.loc 1 3650 8 view .LVU205
 683 0004 D3B1     		cbz	r3, .L59
 684              	.LBE114:
3640:Middlewares/Third_Party/FreeRTOS/Source/tasks.c **** 
 685              		.loc 1 3640 1 view .LVU206
 686 0006 10B5     		push	{r4, lr}
 687              	.LCFI4:
 688              		.cfi_def_cfa_offset 8
 689              		.cfi_offset 4, -8
 690              		.cfi_offset 14, -4
 691              	.L55:
 692              	.LBB115:
3652:Middlewares/Third_Party/FreeRTOS/Source/tasks.c **** 			{
 693              		.loc 1 3652 4 is_stmt 1 view .LVU207
 694 0008 FFF7FEFF 		bl	vPortEnterCritical
 695              	.LVL50:
3654:Middlewares/Third_Party/FreeRTOS/Source/tasks.c **** 				( void ) uxListRemove( &( pxTCB->xStateListItem ) );
 696              		.loc 1 3654 5 view .LVU208
3654:Middlewares/Third_Party/FreeRTOS/Source/tasks.c **** 				( void ) uxListRemove( &( pxTCB->xStateListItem ) );
ARM GAS  /tmp/ccoDOEnO.s 			page 89


 697              		.loc 1 3654 13 is_stmt 0 view .LVU209
 698 000c 0D4B     		ldr	r3, .L60+4
 699 000e DB68     		ldr	r3, [r3, #12]
3654:Middlewares/Third_Party/FreeRTOS/Source/tasks.c **** 				( void ) uxListRemove( &( pxTCB->xStateListItem ) );
 700              		.loc 1 3654 11 view .LVU210
 701 0010 DC68     		ldr	r4, [r3, #12]
 702              	.LVL51:
3655:Middlewares/Third_Party/FreeRTOS/Source/tasks.c **** 				--uxCurrentNumberOfTasks;
 703              		.loc 1 3655 5 is_stmt 1 view .LVU211
3655:Middlewares/Third_Party/FreeRTOS/Source/tasks.c **** 				--uxCurrentNumberOfTasks;
 704              		.loc 1 3655 14 is_stmt 0 view .LVU212
 705 0012 201D     		adds	r0, r4, #4
 706 0014 FFF7FEFF 		bl	uxListRemove
 707              	.LVL52:
3656:Middlewares/Third_Party/FreeRTOS/Source/tasks.c **** 				--uxDeletedTasksWaitingCleanUp;
 708              		.loc 1 3656 5 is_stmt 1 view .LVU213
 709 0018 0B4A     		ldr	r2, .L60+8
 710 001a 1368     		ldr	r3, [r2]
 711 001c 013B     		subs	r3, r3, #1
 712 001e 1360     		str	r3, [r2]
3657:Middlewares/Third_Party/FreeRTOS/Source/tasks.c **** 			}
 713              		.loc 1 3657 5 view .LVU214
 714 0020 074A     		ldr	r2, .L60
 715 0022 1368     		ldr	r3, [r2]
 716 0024 013B     		subs	r3, r3, #1
 717 0026 1360     		str	r3, [r2]
3659:Middlewares/Third_Party/FreeRTOS/Source/tasks.c **** 
 718              		.loc 1 3659 4 view .LVU215
 719 0028 FFF7FEFF 		bl	vPortExitCritical
 720              	.LVL53:
3661:Middlewares/Third_Party/FreeRTOS/Source/tasks.c **** 		}
 721              		.loc 1 3661 4 view .LVU216
 722 002c 2046     		mov	r0, r4
 723 002e FFF7FEFF 		bl	prvDeleteTCB
 724              	.LVL54:
3650:Middlewares/Third_Party/FreeRTOS/Source/tasks.c **** 		{
 725              		.loc 1 3650 8 view .LVU217
3650:Middlewares/Third_Party/FreeRTOS/Source/tasks.c **** 		{
 726              		.loc 1 3650 39 is_stmt 0 view .LVU218
 727 0032 034B     		ldr	r3, .L60
 728 0034 1B68     		ldr	r3, [r3]
3650:Middlewares/Third_Party/FreeRTOS/Source/tasks.c **** 		{
 729              		.loc 1 3650 8 view .LVU219
 730 0036 002B     		cmp	r3, #0
 731 0038 E6D1     		bne	.L55
 732              	.LBE115:
3665:Middlewares/Third_Party/FreeRTOS/Source/tasks.c **** /*-----------------------------------------------------------*/
 733              		.loc 1 3665 1 view .LVU220
 734 003a 10BD     		pop	{r4, pc}
 735              	.LVL55:
 736              	.L59:
 737              	.LCFI5:
 738              		.cfi_def_cfa_offset 0
 739              		.cfi_restore 4
 740              		.cfi_restore 14
3665:Middlewares/Third_Party/FreeRTOS/Source/tasks.c **** /*-----------------------------------------------------------*/
 741              		.loc 1 3665 1 view .LVU221
ARM GAS  /tmp/ccoDOEnO.s 			page 90


 742 003c 7047     		bx	lr
 743              	.L61:
 744 003e 00BF     		.align	2
 745              	.L60:
 746 0040 00000000 		.word	.LANCHOR14
 747 0044 00000000 		.word	.LANCHOR7
 748 0048 00000000 		.word	.LANCHOR9
 749              		.cfi_endproc
 750              	.LFE39:
 752              		.section	.text.prvIdleTask,"ax",%progbits
 753              		.align	1
 754              		.syntax unified
 755              		.thumb
 756              		.thumb_func
 758              	prvIdleTask:
 759              	.LFB37:
3393:Middlewares/Third_Party/FreeRTOS/Source/tasks.c **** 	/* Stop warnings. */
 760              		.loc 1 3393 1 is_stmt 1 view -0
 761              		.cfi_startproc
 762              		@ Volatile: function does not return.
 763              		@ args = 0, pretend = 0, frame = 0
 764              		@ frame_needed = 0, uses_anonymous_args = 0
 765              	.LVL56:
3393:Middlewares/Third_Party/FreeRTOS/Source/tasks.c **** 	/* Stop warnings. */
 766              		.loc 1 3393 1 is_stmt 0 view .LVU223
 767 0000 08B5     		push	{r3, lr}
 768              	.LCFI6:
 769              		.cfi_def_cfa_offset 8
 770              		.cfi_offset 3, -8
 771              		.cfi_offset 14, -4
 772              	.LVL57:
 773              	.L63:
3395:Middlewares/Third_Party/FreeRTOS/Source/tasks.c **** 
 774              		.loc 1 3395 2 is_stmt 1 view .LVU224
3403:Middlewares/Third_Party/FreeRTOS/Source/tasks.c **** 
 775              		.loc 1 3403 64 view .LVU225
3405:Middlewares/Third_Party/FreeRTOS/Source/tasks.c **** 	{
 776              		.loc 1 3405 2 view .LVU226
3409:Middlewares/Third_Party/FreeRTOS/Source/tasks.c **** 
 777              		.loc 1 3409 3 view .LVU227
 778 0002 FFF7FEFF 		bl	prvCheckTasksWaitingTermination
 779              	.LVL58:
3432:Middlewares/Third_Party/FreeRTOS/Source/tasks.c **** 			{
 780              		.loc 1 3432 4 view .LVU228
3432:Middlewares/Third_Party/FreeRTOS/Source/tasks.c **** 			{
 781              		.loc 1 3432 8 is_stmt 0 view .LVU229
 782 0006 074B     		ldr	r3, .L66
 783 0008 1B68     		ldr	r3, [r3]
3432:Middlewares/Third_Party/FreeRTOS/Source/tasks.c **** 			{
 784              		.loc 1 3432 6 view .LVU230
 785 000a 012B     		cmp	r3, #1
 786 000c F9D9     		bls	.L63
3434:Middlewares/Third_Party/FreeRTOS/Source/tasks.c **** 			}
 787              		.loc 1 3434 5 is_stmt 1 view .LVU231
 788 000e 4FF0E023 		mov	r3, #-536813568
 789 0012 4FF08052 		mov	r2, #268435456
 790 0016 C3F8042D 		str	r2, [r3, #3332]
ARM GAS  /tmp/ccoDOEnO.s 			page 91


3434:Middlewares/Third_Party/FreeRTOS/Source/tasks.c **** 			}
 791              		.loc 1 3434 5 view .LVU232
 792              		.syntax unified
 793              	@ 3434 "Middlewares/Third_Party/FreeRTOS/Source/tasks.c" 1
 794 001a BFF34F8F 		dsb
 795              	@ 0 "" 2
3434:Middlewares/Third_Party/FreeRTOS/Source/tasks.c **** 			}
 796              		.loc 1 3434 5 view .LVU233
 797              	@ 3434 "Middlewares/Third_Party/FreeRTOS/Source/tasks.c" 1
 798 001e BFF36F8F 		isb
 799              	@ 0 "" 2
3434:Middlewares/Third_Party/FreeRTOS/Source/tasks.c **** 			}
 800              		.loc 1 3434 16 view .LVU234
 801              		.thumb
 802              		.syntax unified
 803 0022 EEE7     		b	.L63
 804              	.L67:
 805              		.align	2
 806              	.L66:
 807 0024 00000000 		.word	.LANCHOR4
 808              		.cfi_endproc
 809              	.LFE37:
 811              		.section	.text.prvAddCurrentTaskToDelayedList,"ax",%progbits
 812              		.align	1
 813              		.syntax unified
 814              		.thumb
 815              		.thumb_func
 817              	prvAddCurrentTaskToDelayedList:
 818              	.LVL59:
 819              	.LFB56:
3965:Middlewares/Third_Party/FreeRTOS/Source/tasks.c **** /*-----------------------------------------------------------*/
3966:Middlewares/Third_Party/FreeRTOS/Source/tasks.c **** 
3967:Middlewares/Third_Party/FreeRTOS/Source/tasks.c **** #if ( ( INCLUDE_xTaskGetCurrentTaskHandle == 1 ) || ( configUSE_MUTEXES == 1 ) )
3968:Middlewares/Third_Party/FreeRTOS/Source/tasks.c **** 
3969:Middlewares/Third_Party/FreeRTOS/Source/tasks.c **** 	TaskHandle_t xTaskGetCurrentTaskHandle( void )
3970:Middlewares/Third_Party/FreeRTOS/Source/tasks.c **** 	{
3971:Middlewares/Third_Party/FreeRTOS/Source/tasks.c **** 	TaskHandle_t xReturn;
3972:Middlewares/Third_Party/FreeRTOS/Source/tasks.c **** 
3973:Middlewares/Third_Party/FreeRTOS/Source/tasks.c **** 		/* A critical section is not required as this is not called from
3974:Middlewares/Third_Party/FreeRTOS/Source/tasks.c **** 		an interrupt and the current TCB will always be the same for any
3975:Middlewares/Third_Party/FreeRTOS/Source/tasks.c **** 		individual execution thread. */
3976:Middlewares/Third_Party/FreeRTOS/Source/tasks.c **** 		xReturn = pxCurrentTCB;
3977:Middlewares/Third_Party/FreeRTOS/Source/tasks.c **** 
3978:Middlewares/Third_Party/FreeRTOS/Source/tasks.c **** 		return xReturn;
3979:Middlewares/Third_Party/FreeRTOS/Source/tasks.c **** 	}
3980:Middlewares/Third_Party/FreeRTOS/Source/tasks.c **** 
3981:Middlewares/Third_Party/FreeRTOS/Source/tasks.c **** #endif /* ( ( INCLUDE_xTaskGetCurrentTaskHandle == 1 ) || ( configUSE_MUTEXES == 1 ) ) */
3982:Middlewares/Third_Party/FreeRTOS/Source/tasks.c **** /*-----------------------------------------------------------*/
3983:Middlewares/Third_Party/FreeRTOS/Source/tasks.c **** 
3984:Middlewares/Third_Party/FreeRTOS/Source/tasks.c **** #if ( ( INCLUDE_xTaskGetSchedulerState == 1 ) || ( configUSE_TIMERS == 1 ) )
3985:Middlewares/Third_Party/FreeRTOS/Source/tasks.c **** 
3986:Middlewares/Third_Party/FreeRTOS/Source/tasks.c **** 	BaseType_t xTaskGetSchedulerState( void )
3987:Middlewares/Third_Party/FreeRTOS/Source/tasks.c **** 	{
3988:Middlewares/Third_Party/FreeRTOS/Source/tasks.c **** 	BaseType_t xReturn;
3989:Middlewares/Third_Party/FreeRTOS/Source/tasks.c **** 
3990:Middlewares/Third_Party/FreeRTOS/Source/tasks.c **** 		if( xSchedulerRunning == pdFALSE )
3991:Middlewares/Third_Party/FreeRTOS/Source/tasks.c **** 		{
ARM GAS  /tmp/ccoDOEnO.s 			page 92


3992:Middlewares/Third_Party/FreeRTOS/Source/tasks.c **** 			xReturn = taskSCHEDULER_NOT_STARTED;
3993:Middlewares/Third_Party/FreeRTOS/Source/tasks.c **** 		}
3994:Middlewares/Third_Party/FreeRTOS/Source/tasks.c **** 		else
3995:Middlewares/Third_Party/FreeRTOS/Source/tasks.c **** 		{
3996:Middlewares/Third_Party/FreeRTOS/Source/tasks.c **** 			if( uxSchedulerSuspended == ( UBaseType_t ) pdFALSE )
3997:Middlewares/Third_Party/FreeRTOS/Source/tasks.c **** 			{
3998:Middlewares/Third_Party/FreeRTOS/Source/tasks.c **** 				xReturn = taskSCHEDULER_RUNNING;
3999:Middlewares/Third_Party/FreeRTOS/Source/tasks.c **** 			}
4000:Middlewares/Third_Party/FreeRTOS/Source/tasks.c **** 			else
4001:Middlewares/Third_Party/FreeRTOS/Source/tasks.c **** 			{
4002:Middlewares/Third_Party/FreeRTOS/Source/tasks.c **** 				xReturn = taskSCHEDULER_SUSPENDED;
4003:Middlewares/Third_Party/FreeRTOS/Source/tasks.c **** 			}
4004:Middlewares/Third_Party/FreeRTOS/Source/tasks.c **** 		}
4005:Middlewares/Third_Party/FreeRTOS/Source/tasks.c **** 
4006:Middlewares/Third_Party/FreeRTOS/Source/tasks.c **** 		return xReturn;
4007:Middlewares/Third_Party/FreeRTOS/Source/tasks.c **** 	}
4008:Middlewares/Third_Party/FreeRTOS/Source/tasks.c **** 
4009:Middlewares/Third_Party/FreeRTOS/Source/tasks.c **** #endif /* ( ( INCLUDE_xTaskGetSchedulerState == 1 ) || ( configUSE_TIMERS == 1 ) ) */
4010:Middlewares/Third_Party/FreeRTOS/Source/tasks.c **** /*-----------------------------------------------------------*/
4011:Middlewares/Third_Party/FreeRTOS/Source/tasks.c **** 
4012:Middlewares/Third_Party/FreeRTOS/Source/tasks.c **** #if ( configUSE_MUTEXES == 1 )
4013:Middlewares/Third_Party/FreeRTOS/Source/tasks.c **** 
4014:Middlewares/Third_Party/FreeRTOS/Source/tasks.c **** 	BaseType_t xTaskPriorityInherit( TaskHandle_t const pxMutexHolder )
4015:Middlewares/Third_Party/FreeRTOS/Source/tasks.c **** 	{
4016:Middlewares/Third_Party/FreeRTOS/Source/tasks.c **** 	TCB_t * const pxMutexHolderTCB = pxMutexHolder;
4017:Middlewares/Third_Party/FreeRTOS/Source/tasks.c **** 	BaseType_t xReturn = pdFALSE;
4018:Middlewares/Third_Party/FreeRTOS/Source/tasks.c **** 
4019:Middlewares/Third_Party/FreeRTOS/Source/tasks.c **** 		/* If the mutex was given back by an interrupt while the queue was
4020:Middlewares/Third_Party/FreeRTOS/Source/tasks.c **** 		locked then the mutex holder might now be NULL.  _RB_ Is this still
4021:Middlewares/Third_Party/FreeRTOS/Source/tasks.c **** 		needed as interrupts can no longer use mutexes? */
4022:Middlewares/Third_Party/FreeRTOS/Source/tasks.c **** 		if( pxMutexHolder != NULL )
4023:Middlewares/Third_Party/FreeRTOS/Source/tasks.c **** 		{
4024:Middlewares/Third_Party/FreeRTOS/Source/tasks.c **** 			/* If the holder of the mutex has a priority below the priority of
4025:Middlewares/Third_Party/FreeRTOS/Source/tasks.c **** 			the task attempting to obtain the mutex then it will temporarily
4026:Middlewares/Third_Party/FreeRTOS/Source/tasks.c **** 			inherit the priority of the task attempting to obtain the mutex. */
4027:Middlewares/Third_Party/FreeRTOS/Source/tasks.c **** 			if( pxMutexHolderTCB->uxPriority < pxCurrentTCB->uxPriority )
4028:Middlewares/Third_Party/FreeRTOS/Source/tasks.c **** 			{
4029:Middlewares/Third_Party/FreeRTOS/Source/tasks.c **** 				/* Adjust the mutex holder state to account for its new
4030:Middlewares/Third_Party/FreeRTOS/Source/tasks.c **** 				priority.  Only reset the event list item value if the value is
4031:Middlewares/Third_Party/FreeRTOS/Source/tasks.c **** 				not being used for anything else. */
4032:Middlewares/Third_Party/FreeRTOS/Source/tasks.c **** 				if( ( listGET_LIST_ITEM_VALUE( &( pxMutexHolderTCB->xEventListItem ) ) & taskEVENT_LIST_ITEM_VA
4033:Middlewares/Third_Party/FreeRTOS/Source/tasks.c **** 				{
4034:Middlewares/Third_Party/FreeRTOS/Source/tasks.c **** 					listSET_LIST_ITEM_VALUE( &( pxMutexHolderTCB->xEventListItem ), ( TickType_t ) configMAX_PRIOR
4035:Middlewares/Third_Party/FreeRTOS/Source/tasks.c **** 				}
4036:Middlewares/Third_Party/FreeRTOS/Source/tasks.c **** 				else
4037:Middlewares/Third_Party/FreeRTOS/Source/tasks.c **** 				{
4038:Middlewares/Third_Party/FreeRTOS/Source/tasks.c **** 					mtCOVERAGE_TEST_MARKER();
4039:Middlewares/Third_Party/FreeRTOS/Source/tasks.c **** 				}
4040:Middlewares/Third_Party/FreeRTOS/Source/tasks.c **** 
4041:Middlewares/Third_Party/FreeRTOS/Source/tasks.c **** 				/* If the task being modified is in the ready state it will need
4042:Middlewares/Third_Party/FreeRTOS/Source/tasks.c **** 				to be moved into a new list. */
4043:Middlewares/Third_Party/FreeRTOS/Source/tasks.c **** 				if( listIS_CONTAINED_WITHIN( &( pxReadyTasksLists[ pxMutexHolderTCB->uxPriority ] ), &( pxMutex
4044:Middlewares/Third_Party/FreeRTOS/Source/tasks.c **** 				{
4045:Middlewares/Third_Party/FreeRTOS/Source/tasks.c **** 					if( uxListRemove( &( pxMutexHolderTCB->xStateListItem ) ) == ( UBaseType_t ) 0 )
4046:Middlewares/Third_Party/FreeRTOS/Source/tasks.c **** 					{
4047:Middlewares/Third_Party/FreeRTOS/Source/tasks.c **** 						/* It is known that the task is in its ready list so
4048:Middlewares/Third_Party/FreeRTOS/Source/tasks.c **** 						there is no need to check again and the port level
ARM GAS  /tmp/ccoDOEnO.s 			page 93


4049:Middlewares/Third_Party/FreeRTOS/Source/tasks.c **** 						reset macro can be called directly. */
4050:Middlewares/Third_Party/FreeRTOS/Source/tasks.c **** 						portRESET_READY_PRIORITY( pxMutexHolderTCB->uxPriority, uxTopReadyPriority );
4051:Middlewares/Third_Party/FreeRTOS/Source/tasks.c **** 					}
4052:Middlewares/Third_Party/FreeRTOS/Source/tasks.c **** 					else
4053:Middlewares/Third_Party/FreeRTOS/Source/tasks.c **** 					{
4054:Middlewares/Third_Party/FreeRTOS/Source/tasks.c **** 						mtCOVERAGE_TEST_MARKER();
4055:Middlewares/Third_Party/FreeRTOS/Source/tasks.c **** 					}
4056:Middlewares/Third_Party/FreeRTOS/Source/tasks.c **** 
4057:Middlewares/Third_Party/FreeRTOS/Source/tasks.c **** 					/* Inherit the priority before being moved into the new list. */
4058:Middlewares/Third_Party/FreeRTOS/Source/tasks.c **** 					pxMutexHolderTCB->uxPriority = pxCurrentTCB->uxPriority;
4059:Middlewares/Third_Party/FreeRTOS/Source/tasks.c **** 					prvAddTaskToReadyList( pxMutexHolderTCB );
4060:Middlewares/Third_Party/FreeRTOS/Source/tasks.c **** 				}
4061:Middlewares/Third_Party/FreeRTOS/Source/tasks.c **** 				else
4062:Middlewares/Third_Party/FreeRTOS/Source/tasks.c **** 				{
4063:Middlewares/Third_Party/FreeRTOS/Source/tasks.c **** 					/* Just inherit the priority. */
4064:Middlewares/Third_Party/FreeRTOS/Source/tasks.c **** 					pxMutexHolderTCB->uxPriority = pxCurrentTCB->uxPriority;
4065:Middlewares/Third_Party/FreeRTOS/Source/tasks.c **** 				}
4066:Middlewares/Third_Party/FreeRTOS/Source/tasks.c **** 
4067:Middlewares/Third_Party/FreeRTOS/Source/tasks.c **** 				traceTASK_PRIORITY_INHERIT( pxMutexHolderTCB, pxCurrentTCB->uxPriority );
4068:Middlewares/Third_Party/FreeRTOS/Source/tasks.c **** 
4069:Middlewares/Third_Party/FreeRTOS/Source/tasks.c **** 				/* Inheritance occurred. */
4070:Middlewares/Third_Party/FreeRTOS/Source/tasks.c **** 				xReturn = pdTRUE;
4071:Middlewares/Third_Party/FreeRTOS/Source/tasks.c **** 			}
4072:Middlewares/Third_Party/FreeRTOS/Source/tasks.c **** 			else
4073:Middlewares/Third_Party/FreeRTOS/Source/tasks.c **** 			{
4074:Middlewares/Third_Party/FreeRTOS/Source/tasks.c **** 				if( pxMutexHolderTCB->uxBasePriority < pxCurrentTCB->uxPriority )
4075:Middlewares/Third_Party/FreeRTOS/Source/tasks.c **** 				{
4076:Middlewares/Third_Party/FreeRTOS/Source/tasks.c **** 					/* The base priority of the mutex holder is lower than the
4077:Middlewares/Third_Party/FreeRTOS/Source/tasks.c **** 					priority of the task attempting to take the mutex, but the
4078:Middlewares/Third_Party/FreeRTOS/Source/tasks.c **** 					current priority of the mutex holder is not lower than the
4079:Middlewares/Third_Party/FreeRTOS/Source/tasks.c **** 					priority of the task attempting to take the mutex.
4080:Middlewares/Third_Party/FreeRTOS/Source/tasks.c **** 					Therefore the mutex holder must have already inherited a
4081:Middlewares/Third_Party/FreeRTOS/Source/tasks.c **** 					priority, but inheritance would have occurred if that had
4082:Middlewares/Third_Party/FreeRTOS/Source/tasks.c **** 					not been the case. */
4083:Middlewares/Third_Party/FreeRTOS/Source/tasks.c **** 					xReturn = pdTRUE;
4084:Middlewares/Third_Party/FreeRTOS/Source/tasks.c **** 				}
4085:Middlewares/Third_Party/FreeRTOS/Source/tasks.c **** 				else
4086:Middlewares/Third_Party/FreeRTOS/Source/tasks.c **** 				{
4087:Middlewares/Third_Party/FreeRTOS/Source/tasks.c **** 					mtCOVERAGE_TEST_MARKER();
4088:Middlewares/Third_Party/FreeRTOS/Source/tasks.c **** 				}
4089:Middlewares/Third_Party/FreeRTOS/Source/tasks.c **** 			}
4090:Middlewares/Third_Party/FreeRTOS/Source/tasks.c **** 		}
4091:Middlewares/Third_Party/FreeRTOS/Source/tasks.c **** 		else
4092:Middlewares/Third_Party/FreeRTOS/Source/tasks.c **** 		{
4093:Middlewares/Third_Party/FreeRTOS/Source/tasks.c **** 			mtCOVERAGE_TEST_MARKER();
4094:Middlewares/Third_Party/FreeRTOS/Source/tasks.c **** 		}
4095:Middlewares/Third_Party/FreeRTOS/Source/tasks.c **** 
4096:Middlewares/Third_Party/FreeRTOS/Source/tasks.c **** 		return xReturn;
4097:Middlewares/Third_Party/FreeRTOS/Source/tasks.c **** 	}
4098:Middlewares/Third_Party/FreeRTOS/Source/tasks.c **** 
4099:Middlewares/Third_Party/FreeRTOS/Source/tasks.c **** #endif /* configUSE_MUTEXES */
4100:Middlewares/Third_Party/FreeRTOS/Source/tasks.c **** /*-----------------------------------------------------------*/
4101:Middlewares/Third_Party/FreeRTOS/Source/tasks.c **** 
4102:Middlewares/Third_Party/FreeRTOS/Source/tasks.c **** #if ( configUSE_MUTEXES == 1 )
4103:Middlewares/Third_Party/FreeRTOS/Source/tasks.c **** 
4104:Middlewares/Third_Party/FreeRTOS/Source/tasks.c **** 	BaseType_t xTaskPriorityDisinherit( TaskHandle_t const pxMutexHolder )
4105:Middlewares/Third_Party/FreeRTOS/Source/tasks.c **** 	{
ARM GAS  /tmp/ccoDOEnO.s 			page 94


4106:Middlewares/Third_Party/FreeRTOS/Source/tasks.c **** 	TCB_t * const pxTCB = pxMutexHolder;
4107:Middlewares/Third_Party/FreeRTOS/Source/tasks.c **** 	BaseType_t xReturn = pdFALSE;
4108:Middlewares/Third_Party/FreeRTOS/Source/tasks.c **** 
4109:Middlewares/Third_Party/FreeRTOS/Source/tasks.c **** 		if( pxMutexHolder != NULL )
4110:Middlewares/Third_Party/FreeRTOS/Source/tasks.c **** 		{
4111:Middlewares/Third_Party/FreeRTOS/Source/tasks.c **** 			/* A task can only have an inherited priority if it holds the mutex.
4112:Middlewares/Third_Party/FreeRTOS/Source/tasks.c **** 			If the mutex is held by a task then it cannot be given from an
4113:Middlewares/Third_Party/FreeRTOS/Source/tasks.c **** 			interrupt, and if a mutex is given by the holding task then it must
4114:Middlewares/Third_Party/FreeRTOS/Source/tasks.c **** 			be the running state task. */
4115:Middlewares/Third_Party/FreeRTOS/Source/tasks.c **** 			configASSERT( pxTCB == pxCurrentTCB );
4116:Middlewares/Third_Party/FreeRTOS/Source/tasks.c **** 			configASSERT( pxTCB->uxMutexesHeld );
4117:Middlewares/Third_Party/FreeRTOS/Source/tasks.c **** 			( pxTCB->uxMutexesHeld )--;
4118:Middlewares/Third_Party/FreeRTOS/Source/tasks.c **** 
4119:Middlewares/Third_Party/FreeRTOS/Source/tasks.c **** 			/* Has the holder of the mutex inherited the priority of another
4120:Middlewares/Third_Party/FreeRTOS/Source/tasks.c **** 			task? */
4121:Middlewares/Third_Party/FreeRTOS/Source/tasks.c **** 			if( pxTCB->uxPriority != pxTCB->uxBasePriority )
4122:Middlewares/Third_Party/FreeRTOS/Source/tasks.c **** 			{
4123:Middlewares/Third_Party/FreeRTOS/Source/tasks.c **** 				/* Only disinherit if no other mutexes are held. */
4124:Middlewares/Third_Party/FreeRTOS/Source/tasks.c **** 				if( pxTCB->uxMutexesHeld == ( UBaseType_t ) 0 )
4125:Middlewares/Third_Party/FreeRTOS/Source/tasks.c **** 				{
4126:Middlewares/Third_Party/FreeRTOS/Source/tasks.c **** 					/* A task can only have an inherited priority if it holds
4127:Middlewares/Third_Party/FreeRTOS/Source/tasks.c **** 					the mutex.  If the mutex is held by a task then it cannot be
4128:Middlewares/Third_Party/FreeRTOS/Source/tasks.c **** 					given from an interrupt, and if a mutex is given by the
4129:Middlewares/Third_Party/FreeRTOS/Source/tasks.c **** 					holding task then it must be the running state task.  Remove
4130:Middlewares/Third_Party/FreeRTOS/Source/tasks.c **** 					the holding task from the ready/delayed list. */
4131:Middlewares/Third_Party/FreeRTOS/Source/tasks.c **** 					if( uxListRemove( &( pxTCB->xStateListItem ) ) == ( UBaseType_t ) 0 )
4132:Middlewares/Third_Party/FreeRTOS/Source/tasks.c **** 					{
4133:Middlewares/Third_Party/FreeRTOS/Source/tasks.c **** 						taskRESET_READY_PRIORITY( pxTCB->uxPriority );
4134:Middlewares/Third_Party/FreeRTOS/Source/tasks.c **** 					}
4135:Middlewares/Third_Party/FreeRTOS/Source/tasks.c **** 					else
4136:Middlewares/Third_Party/FreeRTOS/Source/tasks.c **** 					{
4137:Middlewares/Third_Party/FreeRTOS/Source/tasks.c **** 						mtCOVERAGE_TEST_MARKER();
4138:Middlewares/Third_Party/FreeRTOS/Source/tasks.c **** 					}
4139:Middlewares/Third_Party/FreeRTOS/Source/tasks.c **** 
4140:Middlewares/Third_Party/FreeRTOS/Source/tasks.c **** 					/* Disinherit the priority before adding the task into the
4141:Middlewares/Third_Party/FreeRTOS/Source/tasks.c **** 					new	ready list. */
4142:Middlewares/Third_Party/FreeRTOS/Source/tasks.c **** 					traceTASK_PRIORITY_DISINHERIT( pxTCB, pxTCB->uxBasePriority );
4143:Middlewares/Third_Party/FreeRTOS/Source/tasks.c **** 					pxTCB->uxPriority = pxTCB->uxBasePriority;
4144:Middlewares/Third_Party/FreeRTOS/Source/tasks.c **** 
4145:Middlewares/Third_Party/FreeRTOS/Source/tasks.c **** 					/* Reset the event list item value.  It cannot be in use for
4146:Middlewares/Third_Party/FreeRTOS/Source/tasks.c **** 					any other purpose if this task is running, and it must be
4147:Middlewares/Third_Party/FreeRTOS/Source/tasks.c **** 					running to give back the mutex. */
4148:Middlewares/Third_Party/FreeRTOS/Source/tasks.c **** 					listSET_LIST_ITEM_VALUE( &( pxTCB->xEventListItem ), ( TickType_t ) configMAX_PRIORITIES - ( T
4149:Middlewares/Third_Party/FreeRTOS/Source/tasks.c **** 					prvAddTaskToReadyList( pxTCB );
4150:Middlewares/Third_Party/FreeRTOS/Source/tasks.c **** 
4151:Middlewares/Third_Party/FreeRTOS/Source/tasks.c **** 					/* Return true to indicate that a context switch is required.
4152:Middlewares/Third_Party/FreeRTOS/Source/tasks.c **** 					This is only actually required in the corner case whereby
4153:Middlewares/Third_Party/FreeRTOS/Source/tasks.c **** 					multiple mutexes were held and the mutexes were given back
4154:Middlewares/Third_Party/FreeRTOS/Source/tasks.c **** 					in an order different to that in which they were taken.
4155:Middlewares/Third_Party/FreeRTOS/Source/tasks.c **** 					If a context switch did not occur when the first mutex was
4156:Middlewares/Third_Party/FreeRTOS/Source/tasks.c **** 					returned, even if a task was waiting on it, then a context
4157:Middlewares/Third_Party/FreeRTOS/Source/tasks.c **** 					switch should occur when the last mutex is returned whether
4158:Middlewares/Third_Party/FreeRTOS/Source/tasks.c **** 					a task is waiting on it or not. */
4159:Middlewares/Third_Party/FreeRTOS/Source/tasks.c **** 					xReturn = pdTRUE;
4160:Middlewares/Third_Party/FreeRTOS/Source/tasks.c **** 				}
4161:Middlewares/Third_Party/FreeRTOS/Source/tasks.c **** 				else
4162:Middlewares/Third_Party/FreeRTOS/Source/tasks.c **** 				{
ARM GAS  /tmp/ccoDOEnO.s 			page 95


4163:Middlewares/Third_Party/FreeRTOS/Source/tasks.c **** 					mtCOVERAGE_TEST_MARKER();
4164:Middlewares/Third_Party/FreeRTOS/Source/tasks.c **** 				}
4165:Middlewares/Third_Party/FreeRTOS/Source/tasks.c **** 			}
4166:Middlewares/Third_Party/FreeRTOS/Source/tasks.c **** 			else
4167:Middlewares/Third_Party/FreeRTOS/Source/tasks.c **** 			{
4168:Middlewares/Third_Party/FreeRTOS/Source/tasks.c **** 				mtCOVERAGE_TEST_MARKER();
4169:Middlewares/Third_Party/FreeRTOS/Source/tasks.c **** 			}
4170:Middlewares/Third_Party/FreeRTOS/Source/tasks.c **** 		}
4171:Middlewares/Third_Party/FreeRTOS/Source/tasks.c **** 		else
4172:Middlewares/Third_Party/FreeRTOS/Source/tasks.c **** 		{
4173:Middlewares/Third_Party/FreeRTOS/Source/tasks.c **** 			mtCOVERAGE_TEST_MARKER();
4174:Middlewares/Third_Party/FreeRTOS/Source/tasks.c **** 		}
4175:Middlewares/Third_Party/FreeRTOS/Source/tasks.c **** 
4176:Middlewares/Third_Party/FreeRTOS/Source/tasks.c **** 		return xReturn;
4177:Middlewares/Third_Party/FreeRTOS/Source/tasks.c **** 	}
4178:Middlewares/Third_Party/FreeRTOS/Source/tasks.c **** 
4179:Middlewares/Third_Party/FreeRTOS/Source/tasks.c **** #endif /* configUSE_MUTEXES */
4180:Middlewares/Third_Party/FreeRTOS/Source/tasks.c **** /*-----------------------------------------------------------*/
4181:Middlewares/Third_Party/FreeRTOS/Source/tasks.c **** 
4182:Middlewares/Third_Party/FreeRTOS/Source/tasks.c **** #if ( configUSE_MUTEXES == 1 )
4183:Middlewares/Third_Party/FreeRTOS/Source/tasks.c **** 
4184:Middlewares/Third_Party/FreeRTOS/Source/tasks.c **** 	void vTaskPriorityDisinheritAfterTimeout( TaskHandle_t const pxMutexHolder, UBaseType_t uxHighestP
4185:Middlewares/Third_Party/FreeRTOS/Source/tasks.c **** 	{
4186:Middlewares/Third_Party/FreeRTOS/Source/tasks.c **** 	TCB_t * const pxTCB = pxMutexHolder;
4187:Middlewares/Third_Party/FreeRTOS/Source/tasks.c **** 	UBaseType_t uxPriorityUsedOnEntry, uxPriorityToUse;
4188:Middlewares/Third_Party/FreeRTOS/Source/tasks.c **** 	const UBaseType_t uxOnlyOneMutexHeld = ( UBaseType_t ) 1;
4189:Middlewares/Third_Party/FreeRTOS/Source/tasks.c **** 
4190:Middlewares/Third_Party/FreeRTOS/Source/tasks.c **** 		if( pxMutexHolder != NULL )
4191:Middlewares/Third_Party/FreeRTOS/Source/tasks.c **** 		{
4192:Middlewares/Third_Party/FreeRTOS/Source/tasks.c **** 			/* If pxMutexHolder is not NULL then the holder must hold at least
4193:Middlewares/Third_Party/FreeRTOS/Source/tasks.c **** 			one mutex. */
4194:Middlewares/Third_Party/FreeRTOS/Source/tasks.c **** 			configASSERT( pxTCB->uxMutexesHeld );
4195:Middlewares/Third_Party/FreeRTOS/Source/tasks.c **** 
4196:Middlewares/Third_Party/FreeRTOS/Source/tasks.c **** 			/* Determine the priority to which the priority of the task that
4197:Middlewares/Third_Party/FreeRTOS/Source/tasks.c **** 			holds the mutex should be set.  This will be the greater of the
4198:Middlewares/Third_Party/FreeRTOS/Source/tasks.c **** 			holding task's base priority and the priority of the highest
4199:Middlewares/Third_Party/FreeRTOS/Source/tasks.c **** 			priority task that is waiting to obtain the mutex. */
4200:Middlewares/Third_Party/FreeRTOS/Source/tasks.c **** 			if( pxTCB->uxBasePriority < uxHighestPriorityWaitingTask )
4201:Middlewares/Third_Party/FreeRTOS/Source/tasks.c **** 			{
4202:Middlewares/Third_Party/FreeRTOS/Source/tasks.c **** 				uxPriorityToUse = uxHighestPriorityWaitingTask;
4203:Middlewares/Third_Party/FreeRTOS/Source/tasks.c **** 			}
4204:Middlewares/Third_Party/FreeRTOS/Source/tasks.c **** 			else
4205:Middlewares/Third_Party/FreeRTOS/Source/tasks.c **** 			{
4206:Middlewares/Third_Party/FreeRTOS/Source/tasks.c **** 				uxPriorityToUse = pxTCB->uxBasePriority;
4207:Middlewares/Third_Party/FreeRTOS/Source/tasks.c **** 			}
4208:Middlewares/Third_Party/FreeRTOS/Source/tasks.c **** 
4209:Middlewares/Third_Party/FreeRTOS/Source/tasks.c **** 			/* Does the priority need to change? */
4210:Middlewares/Third_Party/FreeRTOS/Source/tasks.c **** 			if( pxTCB->uxPriority != uxPriorityToUse )
4211:Middlewares/Third_Party/FreeRTOS/Source/tasks.c **** 			{
4212:Middlewares/Third_Party/FreeRTOS/Source/tasks.c **** 				/* Only disinherit if no other mutexes are held.  This is a
4213:Middlewares/Third_Party/FreeRTOS/Source/tasks.c **** 				simplification in the priority inheritance implementation.  If
4214:Middlewares/Third_Party/FreeRTOS/Source/tasks.c **** 				the task that holds the mutex is also holding other mutexes then
4215:Middlewares/Third_Party/FreeRTOS/Source/tasks.c **** 				the other mutexes may have caused the priority inheritance. */
4216:Middlewares/Third_Party/FreeRTOS/Source/tasks.c **** 				if( pxTCB->uxMutexesHeld == uxOnlyOneMutexHeld )
4217:Middlewares/Third_Party/FreeRTOS/Source/tasks.c **** 				{
4218:Middlewares/Third_Party/FreeRTOS/Source/tasks.c **** 					/* If a task has timed out because it already holds the
4219:Middlewares/Third_Party/FreeRTOS/Source/tasks.c **** 					mutex it was trying to obtain then it cannot of inherited
ARM GAS  /tmp/ccoDOEnO.s 			page 96


4220:Middlewares/Third_Party/FreeRTOS/Source/tasks.c **** 					its own priority. */
4221:Middlewares/Third_Party/FreeRTOS/Source/tasks.c **** 					configASSERT( pxTCB != pxCurrentTCB );
4222:Middlewares/Third_Party/FreeRTOS/Source/tasks.c **** 
4223:Middlewares/Third_Party/FreeRTOS/Source/tasks.c **** 					/* Disinherit the priority, remembering the previous
4224:Middlewares/Third_Party/FreeRTOS/Source/tasks.c **** 					priority to facilitate determining the subject task's
4225:Middlewares/Third_Party/FreeRTOS/Source/tasks.c **** 					state. */
4226:Middlewares/Third_Party/FreeRTOS/Source/tasks.c **** 					traceTASK_PRIORITY_DISINHERIT( pxTCB, pxTCB->uxBasePriority );
4227:Middlewares/Third_Party/FreeRTOS/Source/tasks.c **** 					uxPriorityUsedOnEntry = pxTCB->uxPriority;
4228:Middlewares/Third_Party/FreeRTOS/Source/tasks.c **** 					pxTCB->uxPriority = uxPriorityToUse;
4229:Middlewares/Third_Party/FreeRTOS/Source/tasks.c **** 
4230:Middlewares/Third_Party/FreeRTOS/Source/tasks.c **** 					/* Only reset the event list item value if the value is not
4231:Middlewares/Third_Party/FreeRTOS/Source/tasks.c **** 					being used for anything else. */
4232:Middlewares/Third_Party/FreeRTOS/Source/tasks.c **** 					if( ( listGET_LIST_ITEM_VALUE( &( pxTCB->xEventListItem ) ) & taskEVENT_LIST_ITEM_VALUE_IN_USE
4233:Middlewares/Third_Party/FreeRTOS/Source/tasks.c **** 					{
4234:Middlewares/Third_Party/FreeRTOS/Source/tasks.c **** 						listSET_LIST_ITEM_VALUE( &( pxTCB->xEventListItem ), ( TickType_t ) configMAX_PRIORITIES - ( 
4235:Middlewares/Third_Party/FreeRTOS/Source/tasks.c **** 					}
4236:Middlewares/Third_Party/FreeRTOS/Source/tasks.c **** 					else
4237:Middlewares/Third_Party/FreeRTOS/Source/tasks.c **** 					{
4238:Middlewares/Third_Party/FreeRTOS/Source/tasks.c **** 						mtCOVERAGE_TEST_MARKER();
4239:Middlewares/Third_Party/FreeRTOS/Source/tasks.c **** 					}
4240:Middlewares/Third_Party/FreeRTOS/Source/tasks.c **** 
4241:Middlewares/Third_Party/FreeRTOS/Source/tasks.c **** 					/* If the running task is not the task that holds the mutex
4242:Middlewares/Third_Party/FreeRTOS/Source/tasks.c **** 					then the task that holds the mutex could be in either the
4243:Middlewares/Third_Party/FreeRTOS/Source/tasks.c **** 					Ready, Blocked or Suspended states.  Only remove the task
4244:Middlewares/Third_Party/FreeRTOS/Source/tasks.c **** 					from its current state list if it is in the Ready state as
4245:Middlewares/Third_Party/FreeRTOS/Source/tasks.c **** 					the task's priority is going to change and there is one
4246:Middlewares/Third_Party/FreeRTOS/Source/tasks.c **** 					Ready list per priority. */
4247:Middlewares/Third_Party/FreeRTOS/Source/tasks.c **** 					if( listIS_CONTAINED_WITHIN( &( pxReadyTasksLists[ uxPriorityUsedOnEntry ] ), &( pxTCB->xState
4248:Middlewares/Third_Party/FreeRTOS/Source/tasks.c **** 					{
4249:Middlewares/Third_Party/FreeRTOS/Source/tasks.c **** 						if( uxListRemove( &( pxTCB->xStateListItem ) ) == ( UBaseType_t ) 0 )
4250:Middlewares/Third_Party/FreeRTOS/Source/tasks.c **** 						{
4251:Middlewares/Third_Party/FreeRTOS/Source/tasks.c **** 							/* It is known that the task is in its ready list so
4252:Middlewares/Third_Party/FreeRTOS/Source/tasks.c **** 							there is no need to check again and the port level
4253:Middlewares/Third_Party/FreeRTOS/Source/tasks.c **** 							reset macro can be called directly. */
4254:Middlewares/Third_Party/FreeRTOS/Source/tasks.c **** 							portRESET_READY_PRIORITY( pxTCB->uxPriority, uxTopReadyPriority );
4255:Middlewares/Third_Party/FreeRTOS/Source/tasks.c **** 						}
4256:Middlewares/Third_Party/FreeRTOS/Source/tasks.c **** 						else
4257:Middlewares/Third_Party/FreeRTOS/Source/tasks.c **** 						{
4258:Middlewares/Third_Party/FreeRTOS/Source/tasks.c **** 							mtCOVERAGE_TEST_MARKER();
4259:Middlewares/Third_Party/FreeRTOS/Source/tasks.c **** 						}
4260:Middlewares/Third_Party/FreeRTOS/Source/tasks.c **** 
4261:Middlewares/Third_Party/FreeRTOS/Source/tasks.c **** 						prvAddTaskToReadyList( pxTCB );
4262:Middlewares/Third_Party/FreeRTOS/Source/tasks.c **** 					}
4263:Middlewares/Third_Party/FreeRTOS/Source/tasks.c **** 					else
4264:Middlewares/Third_Party/FreeRTOS/Source/tasks.c **** 					{
4265:Middlewares/Third_Party/FreeRTOS/Source/tasks.c **** 						mtCOVERAGE_TEST_MARKER();
4266:Middlewares/Third_Party/FreeRTOS/Source/tasks.c **** 					}
4267:Middlewares/Third_Party/FreeRTOS/Source/tasks.c **** 				}
4268:Middlewares/Third_Party/FreeRTOS/Source/tasks.c **** 				else
4269:Middlewares/Third_Party/FreeRTOS/Source/tasks.c **** 				{
4270:Middlewares/Third_Party/FreeRTOS/Source/tasks.c **** 					mtCOVERAGE_TEST_MARKER();
4271:Middlewares/Third_Party/FreeRTOS/Source/tasks.c **** 				}
4272:Middlewares/Third_Party/FreeRTOS/Source/tasks.c **** 			}
4273:Middlewares/Third_Party/FreeRTOS/Source/tasks.c **** 			else
4274:Middlewares/Third_Party/FreeRTOS/Source/tasks.c **** 			{
4275:Middlewares/Third_Party/FreeRTOS/Source/tasks.c **** 				mtCOVERAGE_TEST_MARKER();
4276:Middlewares/Third_Party/FreeRTOS/Source/tasks.c **** 			}
ARM GAS  /tmp/ccoDOEnO.s 			page 97


4277:Middlewares/Third_Party/FreeRTOS/Source/tasks.c **** 		}
4278:Middlewares/Third_Party/FreeRTOS/Source/tasks.c **** 		else
4279:Middlewares/Third_Party/FreeRTOS/Source/tasks.c **** 		{
4280:Middlewares/Third_Party/FreeRTOS/Source/tasks.c **** 			mtCOVERAGE_TEST_MARKER();
4281:Middlewares/Third_Party/FreeRTOS/Source/tasks.c **** 		}
4282:Middlewares/Third_Party/FreeRTOS/Source/tasks.c **** 	}
4283:Middlewares/Third_Party/FreeRTOS/Source/tasks.c **** 
4284:Middlewares/Third_Party/FreeRTOS/Source/tasks.c **** #endif /* configUSE_MUTEXES */
4285:Middlewares/Third_Party/FreeRTOS/Source/tasks.c **** /*-----------------------------------------------------------*/
4286:Middlewares/Third_Party/FreeRTOS/Source/tasks.c **** 
4287:Middlewares/Third_Party/FreeRTOS/Source/tasks.c **** #if ( portCRITICAL_NESTING_IN_TCB == 1 )
4288:Middlewares/Third_Party/FreeRTOS/Source/tasks.c **** 
4289:Middlewares/Third_Party/FreeRTOS/Source/tasks.c **** 	void vTaskEnterCritical( void )
4290:Middlewares/Third_Party/FreeRTOS/Source/tasks.c **** 	{
4291:Middlewares/Third_Party/FreeRTOS/Source/tasks.c **** 		portDISABLE_INTERRUPTS();
4292:Middlewares/Third_Party/FreeRTOS/Source/tasks.c **** 
4293:Middlewares/Third_Party/FreeRTOS/Source/tasks.c **** 		if( xSchedulerRunning != pdFALSE )
4294:Middlewares/Third_Party/FreeRTOS/Source/tasks.c **** 		{
4295:Middlewares/Third_Party/FreeRTOS/Source/tasks.c **** 			( pxCurrentTCB->uxCriticalNesting )++;
4296:Middlewares/Third_Party/FreeRTOS/Source/tasks.c **** 
4297:Middlewares/Third_Party/FreeRTOS/Source/tasks.c **** 			/* This is not the interrupt safe version of the enter critical
4298:Middlewares/Third_Party/FreeRTOS/Source/tasks.c **** 			function so	assert() if it is being called from an interrupt
4299:Middlewares/Third_Party/FreeRTOS/Source/tasks.c **** 			context.  Only API functions that end in "FromISR" can be used in an
4300:Middlewares/Third_Party/FreeRTOS/Source/tasks.c **** 			interrupt.  Only assert if the critical nesting count is 1 to
4301:Middlewares/Third_Party/FreeRTOS/Source/tasks.c **** 			protect against recursive calls if the assert function also uses a
4302:Middlewares/Third_Party/FreeRTOS/Source/tasks.c **** 			critical section. */
4303:Middlewares/Third_Party/FreeRTOS/Source/tasks.c **** 			if( pxCurrentTCB->uxCriticalNesting == 1 )
4304:Middlewares/Third_Party/FreeRTOS/Source/tasks.c **** 			{
4305:Middlewares/Third_Party/FreeRTOS/Source/tasks.c **** 				portASSERT_IF_IN_ISR();
4306:Middlewares/Third_Party/FreeRTOS/Source/tasks.c **** 			}
4307:Middlewares/Third_Party/FreeRTOS/Source/tasks.c **** 		}
4308:Middlewares/Third_Party/FreeRTOS/Source/tasks.c **** 		else
4309:Middlewares/Third_Party/FreeRTOS/Source/tasks.c **** 		{
4310:Middlewares/Third_Party/FreeRTOS/Source/tasks.c **** 			mtCOVERAGE_TEST_MARKER();
4311:Middlewares/Third_Party/FreeRTOS/Source/tasks.c **** 		}
4312:Middlewares/Third_Party/FreeRTOS/Source/tasks.c **** 	}
4313:Middlewares/Third_Party/FreeRTOS/Source/tasks.c **** 
4314:Middlewares/Third_Party/FreeRTOS/Source/tasks.c **** #endif /* portCRITICAL_NESTING_IN_TCB */
4315:Middlewares/Third_Party/FreeRTOS/Source/tasks.c **** /*-----------------------------------------------------------*/
4316:Middlewares/Third_Party/FreeRTOS/Source/tasks.c **** 
4317:Middlewares/Third_Party/FreeRTOS/Source/tasks.c **** #if ( portCRITICAL_NESTING_IN_TCB == 1 )
4318:Middlewares/Third_Party/FreeRTOS/Source/tasks.c **** 
4319:Middlewares/Third_Party/FreeRTOS/Source/tasks.c **** 	void vTaskExitCritical( void )
4320:Middlewares/Third_Party/FreeRTOS/Source/tasks.c **** 	{
4321:Middlewares/Third_Party/FreeRTOS/Source/tasks.c **** 		if( xSchedulerRunning != pdFALSE )
4322:Middlewares/Third_Party/FreeRTOS/Source/tasks.c **** 		{
4323:Middlewares/Third_Party/FreeRTOS/Source/tasks.c **** 			if( pxCurrentTCB->uxCriticalNesting > 0U )
4324:Middlewares/Third_Party/FreeRTOS/Source/tasks.c **** 			{
4325:Middlewares/Third_Party/FreeRTOS/Source/tasks.c **** 				( pxCurrentTCB->uxCriticalNesting )--;
4326:Middlewares/Third_Party/FreeRTOS/Source/tasks.c **** 
4327:Middlewares/Third_Party/FreeRTOS/Source/tasks.c **** 				if( pxCurrentTCB->uxCriticalNesting == 0U )
4328:Middlewares/Third_Party/FreeRTOS/Source/tasks.c **** 				{
4329:Middlewares/Third_Party/FreeRTOS/Source/tasks.c **** 					portENABLE_INTERRUPTS();
4330:Middlewares/Third_Party/FreeRTOS/Source/tasks.c **** 				}
4331:Middlewares/Third_Party/FreeRTOS/Source/tasks.c **** 				else
4332:Middlewares/Third_Party/FreeRTOS/Source/tasks.c **** 				{
4333:Middlewares/Third_Party/FreeRTOS/Source/tasks.c **** 					mtCOVERAGE_TEST_MARKER();
ARM GAS  /tmp/ccoDOEnO.s 			page 98


4334:Middlewares/Third_Party/FreeRTOS/Source/tasks.c **** 				}
4335:Middlewares/Third_Party/FreeRTOS/Source/tasks.c **** 			}
4336:Middlewares/Third_Party/FreeRTOS/Source/tasks.c **** 			else
4337:Middlewares/Third_Party/FreeRTOS/Source/tasks.c **** 			{
4338:Middlewares/Third_Party/FreeRTOS/Source/tasks.c **** 				mtCOVERAGE_TEST_MARKER();
4339:Middlewares/Third_Party/FreeRTOS/Source/tasks.c **** 			}
4340:Middlewares/Third_Party/FreeRTOS/Source/tasks.c **** 		}
4341:Middlewares/Third_Party/FreeRTOS/Source/tasks.c **** 		else
4342:Middlewares/Third_Party/FreeRTOS/Source/tasks.c **** 		{
4343:Middlewares/Third_Party/FreeRTOS/Source/tasks.c **** 			mtCOVERAGE_TEST_MARKER();
4344:Middlewares/Third_Party/FreeRTOS/Source/tasks.c **** 		}
4345:Middlewares/Third_Party/FreeRTOS/Source/tasks.c **** 	}
4346:Middlewares/Third_Party/FreeRTOS/Source/tasks.c **** 
4347:Middlewares/Third_Party/FreeRTOS/Source/tasks.c **** #endif /* portCRITICAL_NESTING_IN_TCB */
4348:Middlewares/Third_Party/FreeRTOS/Source/tasks.c **** /*-----------------------------------------------------------*/
4349:Middlewares/Third_Party/FreeRTOS/Source/tasks.c **** 
4350:Middlewares/Third_Party/FreeRTOS/Source/tasks.c **** #if ( ( configUSE_TRACE_FACILITY == 1 ) && ( configUSE_STATS_FORMATTING_FUNCTIONS > 0 ) )
4351:Middlewares/Third_Party/FreeRTOS/Source/tasks.c **** 
4352:Middlewares/Third_Party/FreeRTOS/Source/tasks.c **** 	static char *prvWriteNameToBuffer( char *pcBuffer, const char *pcTaskName )
4353:Middlewares/Third_Party/FreeRTOS/Source/tasks.c **** 	{
4354:Middlewares/Third_Party/FreeRTOS/Source/tasks.c **** 	size_t x;
4355:Middlewares/Third_Party/FreeRTOS/Source/tasks.c **** 
4356:Middlewares/Third_Party/FreeRTOS/Source/tasks.c **** 		/* Start by copying the entire string. */
4357:Middlewares/Third_Party/FreeRTOS/Source/tasks.c **** 		strcpy( pcBuffer, pcTaskName );
4358:Middlewares/Third_Party/FreeRTOS/Source/tasks.c **** 
4359:Middlewares/Third_Party/FreeRTOS/Source/tasks.c **** 		/* Pad the end of the string with spaces to ensure columns line up when
4360:Middlewares/Third_Party/FreeRTOS/Source/tasks.c **** 		printed out. */
4361:Middlewares/Third_Party/FreeRTOS/Source/tasks.c **** 		for( x = strlen( pcBuffer ); x < ( size_t ) ( configMAX_TASK_NAME_LEN - 1 ); x++ )
4362:Middlewares/Third_Party/FreeRTOS/Source/tasks.c **** 		{
4363:Middlewares/Third_Party/FreeRTOS/Source/tasks.c **** 			pcBuffer[ x ] = ' ';
4364:Middlewares/Third_Party/FreeRTOS/Source/tasks.c **** 		}
4365:Middlewares/Third_Party/FreeRTOS/Source/tasks.c **** 
4366:Middlewares/Third_Party/FreeRTOS/Source/tasks.c **** 		/* Terminate. */
4367:Middlewares/Third_Party/FreeRTOS/Source/tasks.c **** 		pcBuffer[ x ] = ( char ) 0x00;
4368:Middlewares/Third_Party/FreeRTOS/Source/tasks.c **** 
4369:Middlewares/Third_Party/FreeRTOS/Source/tasks.c **** 		/* Return the new end of string. */
4370:Middlewares/Third_Party/FreeRTOS/Source/tasks.c **** 		return &( pcBuffer[ x ] );
4371:Middlewares/Third_Party/FreeRTOS/Source/tasks.c **** 	}
4372:Middlewares/Third_Party/FreeRTOS/Source/tasks.c **** 
4373:Middlewares/Third_Party/FreeRTOS/Source/tasks.c **** #endif /* ( configUSE_TRACE_FACILITY == 1 ) && ( configUSE_STATS_FORMATTING_FUNCTIONS > 0 ) */
4374:Middlewares/Third_Party/FreeRTOS/Source/tasks.c **** /*-----------------------------------------------------------*/
4375:Middlewares/Third_Party/FreeRTOS/Source/tasks.c **** 
4376:Middlewares/Third_Party/FreeRTOS/Source/tasks.c **** #if ( ( configUSE_TRACE_FACILITY == 1 ) && ( configUSE_STATS_FORMATTING_FUNCTIONS > 0 ) && ( config
4377:Middlewares/Third_Party/FreeRTOS/Source/tasks.c **** 
4378:Middlewares/Third_Party/FreeRTOS/Source/tasks.c **** 	void vTaskList( char * pcWriteBuffer )
4379:Middlewares/Third_Party/FreeRTOS/Source/tasks.c **** 	{
4380:Middlewares/Third_Party/FreeRTOS/Source/tasks.c **** 	TaskStatus_t *pxTaskStatusArray;
4381:Middlewares/Third_Party/FreeRTOS/Source/tasks.c **** 	UBaseType_t uxArraySize, x;
4382:Middlewares/Third_Party/FreeRTOS/Source/tasks.c **** 	char cStatus;
4383:Middlewares/Third_Party/FreeRTOS/Source/tasks.c **** 
4384:Middlewares/Third_Party/FreeRTOS/Source/tasks.c **** 		/*
4385:Middlewares/Third_Party/FreeRTOS/Source/tasks.c **** 		 * PLEASE NOTE:
4386:Middlewares/Third_Party/FreeRTOS/Source/tasks.c **** 		 *
4387:Middlewares/Third_Party/FreeRTOS/Source/tasks.c **** 		 * This function is provided for convenience only, and is used by many
4388:Middlewares/Third_Party/FreeRTOS/Source/tasks.c **** 		 * of the demo applications.  Do not consider it to be part of the
4389:Middlewares/Third_Party/FreeRTOS/Source/tasks.c **** 		 * scheduler.
4390:Middlewares/Third_Party/FreeRTOS/Source/tasks.c **** 		 *
ARM GAS  /tmp/ccoDOEnO.s 			page 99


4391:Middlewares/Third_Party/FreeRTOS/Source/tasks.c **** 		 * vTaskList() calls uxTaskGetSystemState(), then formats part of the
4392:Middlewares/Third_Party/FreeRTOS/Source/tasks.c **** 		 * uxTaskGetSystemState() output into a human readable table that
4393:Middlewares/Third_Party/FreeRTOS/Source/tasks.c **** 		 * displays task names, states and stack usage.
4394:Middlewares/Third_Party/FreeRTOS/Source/tasks.c **** 		 *
4395:Middlewares/Third_Party/FreeRTOS/Source/tasks.c **** 		 * vTaskList() has a dependency on the sprintf() C library function that
4396:Middlewares/Third_Party/FreeRTOS/Source/tasks.c **** 		 * might bloat the code size, use a lot of stack, and provide different
4397:Middlewares/Third_Party/FreeRTOS/Source/tasks.c **** 		 * results on different platforms.  An alternative, tiny, third party,
4398:Middlewares/Third_Party/FreeRTOS/Source/tasks.c **** 		 * and limited functionality implementation of sprintf() is provided in
4399:Middlewares/Third_Party/FreeRTOS/Source/tasks.c **** 		 * many of the FreeRTOS/Demo sub-directories in a file called
4400:Middlewares/Third_Party/FreeRTOS/Source/tasks.c **** 		 * printf-stdarg.c (note printf-stdarg.c does not provide a full
4401:Middlewares/Third_Party/FreeRTOS/Source/tasks.c **** 		 * snprintf() implementation!).
4402:Middlewares/Third_Party/FreeRTOS/Source/tasks.c **** 		 *
4403:Middlewares/Third_Party/FreeRTOS/Source/tasks.c **** 		 * It is recommended that production systems call uxTaskGetSystemState()
4404:Middlewares/Third_Party/FreeRTOS/Source/tasks.c **** 		 * directly to get access to raw stats data, rather than indirectly
4405:Middlewares/Third_Party/FreeRTOS/Source/tasks.c **** 		 * through a call to vTaskList().
4406:Middlewares/Third_Party/FreeRTOS/Source/tasks.c **** 		 */
4407:Middlewares/Third_Party/FreeRTOS/Source/tasks.c **** 
4408:Middlewares/Third_Party/FreeRTOS/Source/tasks.c **** 
4409:Middlewares/Third_Party/FreeRTOS/Source/tasks.c **** 		/* Make sure the write buffer does not contain a string. */
4410:Middlewares/Third_Party/FreeRTOS/Source/tasks.c **** 		*pcWriteBuffer = ( char ) 0x00;
4411:Middlewares/Third_Party/FreeRTOS/Source/tasks.c **** 
4412:Middlewares/Third_Party/FreeRTOS/Source/tasks.c **** 		/* Take a snapshot of the number of tasks in case it changes while this
4413:Middlewares/Third_Party/FreeRTOS/Source/tasks.c **** 		function is executing. */
4414:Middlewares/Third_Party/FreeRTOS/Source/tasks.c **** 		uxArraySize = uxCurrentNumberOfTasks;
4415:Middlewares/Third_Party/FreeRTOS/Source/tasks.c **** 
4416:Middlewares/Third_Party/FreeRTOS/Source/tasks.c **** 		/* Allocate an array index for each task.  NOTE!  if
4417:Middlewares/Third_Party/FreeRTOS/Source/tasks.c **** 		configSUPPORT_DYNAMIC_ALLOCATION is set to 0 then pvPortMalloc() will
4418:Middlewares/Third_Party/FreeRTOS/Source/tasks.c **** 		equate to NULL. */
4419:Middlewares/Third_Party/FreeRTOS/Source/tasks.c **** 		pxTaskStatusArray = pvPortMalloc( uxCurrentNumberOfTasks * sizeof( TaskStatus_t ) ); /*lint !e907
4420:Middlewares/Third_Party/FreeRTOS/Source/tasks.c **** 
4421:Middlewares/Third_Party/FreeRTOS/Source/tasks.c **** 		if( pxTaskStatusArray != NULL )
4422:Middlewares/Third_Party/FreeRTOS/Source/tasks.c **** 		{
4423:Middlewares/Third_Party/FreeRTOS/Source/tasks.c **** 			/* Generate the (binary) data. */
4424:Middlewares/Third_Party/FreeRTOS/Source/tasks.c **** 			uxArraySize = uxTaskGetSystemState( pxTaskStatusArray, uxArraySize, NULL );
4425:Middlewares/Third_Party/FreeRTOS/Source/tasks.c **** 
4426:Middlewares/Third_Party/FreeRTOS/Source/tasks.c **** 			/* Create a human readable table from the binary data. */
4427:Middlewares/Third_Party/FreeRTOS/Source/tasks.c **** 			for( x = 0; x < uxArraySize; x++ )
4428:Middlewares/Third_Party/FreeRTOS/Source/tasks.c **** 			{
4429:Middlewares/Third_Party/FreeRTOS/Source/tasks.c **** 				switch( pxTaskStatusArray[ x ].eCurrentState )
4430:Middlewares/Third_Party/FreeRTOS/Source/tasks.c **** 				{
4431:Middlewares/Third_Party/FreeRTOS/Source/tasks.c **** 					case eRunning:		cStatus = tskRUNNING_CHAR;
4432:Middlewares/Third_Party/FreeRTOS/Source/tasks.c **** 										break;
4433:Middlewares/Third_Party/FreeRTOS/Source/tasks.c **** 
4434:Middlewares/Third_Party/FreeRTOS/Source/tasks.c **** 					case eReady:		cStatus = tskREADY_CHAR;
4435:Middlewares/Third_Party/FreeRTOS/Source/tasks.c **** 										break;
4436:Middlewares/Third_Party/FreeRTOS/Source/tasks.c **** 
4437:Middlewares/Third_Party/FreeRTOS/Source/tasks.c **** 					case eBlocked:		cStatus = tskBLOCKED_CHAR;
4438:Middlewares/Third_Party/FreeRTOS/Source/tasks.c **** 										break;
4439:Middlewares/Third_Party/FreeRTOS/Source/tasks.c **** 
4440:Middlewares/Third_Party/FreeRTOS/Source/tasks.c **** 					case eSuspended:	cStatus = tskSUSPENDED_CHAR;
4441:Middlewares/Third_Party/FreeRTOS/Source/tasks.c **** 										break;
4442:Middlewares/Third_Party/FreeRTOS/Source/tasks.c **** 
4443:Middlewares/Third_Party/FreeRTOS/Source/tasks.c **** 					case eDeleted:		cStatus = tskDELETED_CHAR;
4444:Middlewares/Third_Party/FreeRTOS/Source/tasks.c **** 										break;
4445:Middlewares/Third_Party/FreeRTOS/Source/tasks.c **** 
4446:Middlewares/Third_Party/FreeRTOS/Source/tasks.c **** 					case eInvalid:		/* Fall through. */
4447:Middlewares/Third_Party/FreeRTOS/Source/tasks.c **** 					default:			/* Should not get here, but it is included
ARM GAS  /tmp/ccoDOEnO.s 			page 100


4448:Middlewares/Third_Party/FreeRTOS/Source/tasks.c **** 										to prevent static checking errors. */
4449:Middlewares/Third_Party/FreeRTOS/Source/tasks.c **** 										cStatus = ( char ) 0x00;
4450:Middlewares/Third_Party/FreeRTOS/Source/tasks.c **** 										break;
4451:Middlewares/Third_Party/FreeRTOS/Source/tasks.c **** 				}
4452:Middlewares/Third_Party/FreeRTOS/Source/tasks.c **** 
4453:Middlewares/Third_Party/FreeRTOS/Source/tasks.c **** 				/* Write the task name to the string, padding with spaces so it
4454:Middlewares/Third_Party/FreeRTOS/Source/tasks.c **** 				can be printed in tabular form more easily. */
4455:Middlewares/Third_Party/FreeRTOS/Source/tasks.c **** 				pcWriteBuffer = prvWriteNameToBuffer( pcWriteBuffer, pxTaskStatusArray[ x ].pcTaskName );
4456:Middlewares/Third_Party/FreeRTOS/Source/tasks.c **** 
4457:Middlewares/Third_Party/FreeRTOS/Source/tasks.c **** 				/* Write the rest of the string. */
4458:Middlewares/Third_Party/FreeRTOS/Source/tasks.c **** 				sprintf( pcWriteBuffer, "\t%c\t%u\t%u\t%u\r\n", cStatus, ( unsigned int ) pxTaskStatusArray[ x 
4459:Middlewares/Third_Party/FreeRTOS/Source/tasks.c **** 				pcWriteBuffer += strlen( pcWriteBuffer ); /*lint !e9016 Pointer arithmetic ok on char pointers 
4460:Middlewares/Third_Party/FreeRTOS/Source/tasks.c **** 			}
4461:Middlewares/Third_Party/FreeRTOS/Source/tasks.c **** 
4462:Middlewares/Third_Party/FreeRTOS/Source/tasks.c **** 			/* Free the array again.  NOTE!  If configSUPPORT_DYNAMIC_ALLOCATION
4463:Middlewares/Third_Party/FreeRTOS/Source/tasks.c **** 			is 0 then vPortFree() will be #defined to nothing. */
4464:Middlewares/Third_Party/FreeRTOS/Source/tasks.c **** 			vPortFree( pxTaskStatusArray );
4465:Middlewares/Third_Party/FreeRTOS/Source/tasks.c **** 		}
4466:Middlewares/Third_Party/FreeRTOS/Source/tasks.c **** 		else
4467:Middlewares/Third_Party/FreeRTOS/Source/tasks.c **** 		{
4468:Middlewares/Third_Party/FreeRTOS/Source/tasks.c **** 			mtCOVERAGE_TEST_MARKER();
4469:Middlewares/Third_Party/FreeRTOS/Source/tasks.c **** 		}
4470:Middlewares/Third_Party/FreeRTOS/Source/tasks.c **** 	}
4471:Middlewares/Third_Party/FreeRTOS/Source/tasks.c **** 
4472:Middlewares/Third_Party/FreeRTOS/Source/tasks.c **** #endif /* ( ( configUSE_TRACE_FACILITY == 1 ) && ( configUSE_STATS_FORMATTING_FUNCTIONS > 0 ) && ( 
4473:Middlewares/Third_Party/FreeRTOS/Source/tasks.c **** /*----------------------------------------------------------*/
4474:Middlewares/Third_Party/FreeRTOS/Source/tasks.c **** 
4475:Middlewares/Third_Party/FreeRTOS/Source/tasks.c **** #if ( ( configGENERATE_RUN_TIME_STATS == 1 ) && ( configUSE_STATS_FORMATTING_FUNCTIONS > 0 ) && ( c
4476:Middlewares/Third_Party/FreeRTOS/Source/tasks.c **** 
4477:Middlewares/Third_Party/FreeRTOS/Source/tasks.c **** 	void vTaskGetRunTimeStats( char *pcWriteBuffer )
4478:Middlewares/Third_Party/FreeRTOS/Source/tasks.c **** 	{
4479:Middlewares/Third_Party/FreeRTOS/Source/tasks.c **** 	TaskStatus_t *pxTaskStatusArray;
4480:Middlewares/Third_Party/FreeRTOS/Source/tasks.c **** 	UBaseType_t uxArraySize, x;
4481:Middlewares/Third_Party/FreeRTOS/Source/tasks.c **** 	uint32_t ulTotalTime, ulStatsAsPercentage;
4482:Middlewares/Third_Party/FreeRTOS/Source/tasks.c **** 
4483:Middlewares/Third_Party/FreeRTOS/Source/tasks.c **** 		#if( configUSE_TRACE_FACILITY != 1 )
4484:Middlewares/Third_Party/FreeRTOS/Source/tasks.c **** 		{
4485:Middlewares/Third_Party/FreeRTOS/Source/tasks.c **** 			#error configUSE_TRACE_FACILITY must also be set to 1 in FreeRTOSConfig.h to use vTaskGetRunTime
4486:Middlewares/Third_Party/FreeRTOS/Source/tasks.c **** 		}
4487:Middlewares/Third_Party/FreeRTOS/Source/tasks.c **** 		#endif
4488:Middlewares/Third_Party/FreeRTOS/Source/tasks.c **** 
4489:Middlewares/Third_Party/FreeRTOS/Source/tasks.c **** 		/*
4490:Middlewares/Third_Party/FreeRTOS/Source/tasks.c **** 		 * PLEASE NOTE:
4491:Middlewares/Third_Party/FreeRTOS/Source/tasks.c **** 		 *
4492:Middlewares/Third_Party/FreeRTOS/Source/tasks.c **** 		 * This function is provided for convenience only, and is used by many
4493:Middlewares/Third_Party/FreeRTOS/Source/tasks.c **** 		 * of the demo applications.  Do not consider it to be part of the
4494:Middlewares/Third_Party/FreeRTOS/Source/tasks.c **** 		 * scheduler.
4495:Middlewares/Third_Party/FreeRTOS/Source/tasks.c **** 		 *
4496:Middlewares/Third_Party/FreeRTOS/Source/tasks.c **** 		 * vTaskGetRunTimeStats() calls uxTaskGetSystemState(), then formats part
4497:Middlewares/Third_Party/FreeRTOS/Source/tasks.c **** 		 * of the uxTaskGetSystemState() output into a human readable table that
4498:Middlewares/Third_Party/FreeRTOS/Source/tasks.c **** 		 * displays the amount of time each task has spent in the Running state
4499:Middlewares/Third_Party/FreeRTOS/Source/tasks.c **** 		 * in both absolute and percentage terms.
4500:Middlewares/Third_Party/FreeRTOS/Source/tasks.c **** 		 *
4501:Middlewares/Third_Party/FreeRTOS/Source/tasks.c **** 		 * vTaskGetRunTimeStats() has a dependency on the sprintf() C library
4502:Middlewares/Third_Party/FreeRTOS/Source/tasks.c **** 		 * function that might bloat the code size, use a lot of stack, and
4503:Middlewares/Third_Party/FreeRTOS/Source/tasks.c **** 		 * provide different results on different platforms.  An alternative,
4504:Middlewares/Third_Party/FreeRTOS/Source/tasks.c **** 		 * tiny, third party, and limited functionality implementation of
ARM GAS  /tmp/ccoDOEnO.s 			page 101


4505:Middlewares/Third_Party/FreeRTOS/Source/tasks.c **** 		 * sprintf() is provided in many of the FreeRTOS/Demo sub-directories in
4506:Middlewares/Third_Party/FreeRTOS/Source/tasks.c **** 		 * a file called printf-stdarg.c (note printf-stdarg.c does not provide
4507:Middlewares/Third_Party/FreeRTOS/Source/tasks.c **** 		 * a full snprintf() implementation!).
4508:Middlewares/Third_Party/FreeRTOS/Source/tasks.c **** 		 *
4509:Middlewares/Third_Party/FreeRTOS/Source/tasks.c **** 		 * It is recommended that production systems call uxTaskGetSystemState()
4510:Middlewares/Third_Party/FreeRTOS/Source/tasks.c **** 		 * directly to get access to raw stats data, rather than indirectly
4511:Middlewares/Third_Party/FreeRTOS/Source/tasks.c **** 		 * through a call to vTaskGetRunTimeStats().
4512:Middlewares/Third_Party/FreeRTOS/Source/tasks.c **** 		 */
4513:Middlewares/Third_Party/FreeRTOS/Source/tasks.c **** 
4514:Middlewares/Third_Party/FreeRTOS/Source/tasks.c **** 		/* Make sure the write buffer does not contain a string. */
4515:Middlewares/Third_Party/FreeRTOS/Source/tasks.c **** 		*pcWriteBuffer = ( char ) 0x00;
4516:Middlewares/Third_Party/FreeRTOS/Source/tasks.c **** 
4517:Middlewares/Third_Party/FreeRTOS/Source/tasks.c **** 		/* Take a snapshot of the number of tasks in case it changes while this
4518:Middlewares/Third_Party/FreeRTOS/Source/tasks.c **** 		function is executing. */
4519:Middlewares/Third_Party/FreeRTOS/Source/tasks.c **** 		uxArraySize = uxCurrentNumberOfTasks;
4520:Middlewares/Third_Party/FreeRTOS/Source/tasks.c **** 
4521:Middlewares/Third_Party/FreeRTOS/Source/tasks.c **** 		/* Allocate an array index for each task.  NOTE!  If
4522:Middlewares/Third_Party/FreeRTOS/Source/tasks.c **** 		configSUPPORT_DYNAMIC_ALLOCATION is set to 0 then pvPortMalloc() will
4523:Middlewares/Third_Party/FreeRTOS/Source/tasks.c **** 		equate to NULL. */
4524:Middlewares/Third_Party/FreeRTOS/Source/tasks.c **** 		pxTaskStatusArray = pvPortMalloc( uxCurrentNumberOfTasks * sizeof( TaskStatus_t ) ); /*lint !e907
4525:Middlewares/Third_Party/FreeRTOS/Source/tasks.c **** 
4526:Middlewares/Third_Party/FreeRTOS/Source/tasks.c **** 		if( pxTaskStatusArray != NULL )
4527:Middlewares/Third_Party/FreeRTOS/Source/tasks.c **** 		{
4528:Middlewares/Third_Party/FreeRTOS/Source/tasks.c **** 			/* Generate the (binary) data. */
4529:Middlewares/Third_Party/FreeRTOS/Source/tasks.c **** 			uxArraySize = uxTaskGetSystemState( pxTaskStatusArray, uxArraySize, &ulTotalTime );
4530:Middlewares/Third_Party/FreeRTOS/Source/tasks.c **** 
4531:Middlewares/Third_Party/FreeRTOS/Source/tasks.c **** 			/* For percentage calculations. */
4532:Middlewares/Third_Party/FreeRTOS/Source/tasks.c **** 			ulTotalTime /= 100UL;
4533:Middlewares/Third_Party/FreeRTOS/Source/tasks.c **** 
4534:Middlewares/Third_Party/FreeRTOS/Source/tasks.c **** 			/* Avoid divide by zero errors. */
4535:Middlewares/Third_Party/FreeRTOS/Source/tasks.c **** 			if( ulTotalTime > 0UL )
4536:Middlewares/Third_Party/FreeRTOS/Source/tasks.c **** 			{
4537:Middlewares/Third_Party/FreeRTOS/Source/tasks.c **** 				/* Create a human readable table from the binary data. */
4538:Middlewares/Third_Party/FreeRTOS/Source/tasks.c **** 				for( x = 0; x < uxArraySize; x++ )
4539:Middlewares/Third_Party/FreeRTOS/Source/tasks.c **** 				{
4540:Middlewares/Third_Party/FreeRTOS/Source/tasks.c **** 					/* What percentage of the total run time has the task used?
4541:Middlewares/Third_Party/FreeRTOS/Source/tasks.c **** 					This will always be rounded down to the nearest integer.
4542:Middlewares/Third_Party/FreeRTOS/Source/tasks.c **** 					ulTotalRunTimeDiv100 has already been divided by 100. */
4543:Middlewares/Third_Party/FreeRTOS/Source/tasks.c **** 					ulStatsAsPercentage = pxTaskStatusArray[ x ].ulRunTimeCounter / ulTotalTime;
4544:Middlewares/Third_Party/FreeRTOS/Source/tasks.c **** 
4545:Middlewares/Third_Party/FreeRTOS/Source/tasks.c **** 					/* Write the task name to the string, padding with
4546:Middlewares/Third_Party/FreeRTOS/Source/tasks.c **** 					spaces so it can be printed in tabular form more
4547:Middlewares/Third_Party/FreeRTOS/Source/tasks.c **** 					easily. */
4548:Middlewares/Third_Party/FreeRTOS/Source/tasks.c **** 					pcWriteBuffer = prvWriteNameToBuffer( pcWriteBuffer, pxTaskStatusArray[ x ].pcTaskName );
4549:Middlewares/Third_Party/FreeRTOS/Source/tasks.c **** 
4550:Middlewares/Third_Party/FreeRTOS/Source/tasks.c **** 					if( ulStatsAsPercentage > 0UL )
4551:Middlewares/Third_Party/FreeRTOS/Source/tasks.c **** 					{
4552:Middlewares/Third_Party/FreeRTOS/Source/tasks.c **** 						#ifdef portLU_PRINTF_SPECIFIER_REQUIRED
4553:Middlewares/Third_Party/FreeRTOS/Source/tasks.c **** 						{
4554:Middlewares/Third_Party/FreeRTOS/Source/tasks.c **** 							sprintf( pcWriteBuffer, "\t%lu\t\t%lu%%\r\n", pxTaskStatusArray[ x ].ulRunTimeCounter, ulSta
4555:Middlewares/Third_Party/FreeRTOS/Source/tasks.c **** 						}
4556:Middlewares/Third_Party/FreeRTOS/Source/tasks.c **** 						#else
4557:Middlewares/Third_Party/FreeRTOS/Source/tasks.c **** 						{
4558:Middlewares/Third_Party/FreeRTOS/Source/tasks.c **** 							/* sizeof( int ) == sizeof( long ) so a smaller
4559:Middlewares/Third_Party/FreeRTOS/Source/tasks.c **** 							printf() library can be used. */
4560:Middlewares/Third_Party/FreeRTOS/Source/tasks.c **** 							sprintf( pcWriteBuffer, "\t%u\t\t%u%%\r\n", ( unsigned int ) pxTaskStatusArray[ x ].ulRunTim
4561:Middlewares/Third_Party/FreeRTOS/Source/tasks.c **** 						}
ARM GAS  /tmp/ccoDOEnO.s 			page 102


4562:Middlewares/Third_Party/FreeRTOS/Source/tasks.c **** 						#endif
4563:Middlewares/Third_Party/FreeRTOS/Source/tasks.c **** 					}
4564:Middlewares/Third_Party/FreeRTOS/Source/tasks.c **** 					else
4565:Middlewares/Third_Party/FreeRTOS/Source/tasks.c **** 					{
4566:Middlewares/Third_Party/FreeRTOS/Source/tasks.c **** 						/* If the percentage is zero here then the task has
4567:Middlewares/Third_Party/FreeRTOS/Source/tasks.c **** 						consumed less than 1% of the total run time. */
4568:Middlewares/Third_Party/FreeRTOS/Source/tasks.c **** 						#ifdef portLU_PRINTF_SPECIFIER_REQUIRED
4569:Middlewares/Third_Party/FreeRTOS/Source/tasks.c **** 						{
4570:Middlewares/Third_Party/FreeRTOS/Source/tasks.c **** 							sprintf( pcWriteBuffer, "\t%lu\t\t<1%%\r\n", pxTaskStatusArray[ x ].ulRunTimeCounter );
4571:Middlewares/Third_Party/FreeRTOS/Source/tasks.c **** 						}
4572:Middlewares/Third_Party/FreeRTOS/Source/tasks.c **** 						#else
4573:Middlewares/Third_Party/FreeRTOS/Source/tasks.c **** 						{
4574:Middlewares/Third_Party/FreeRTOS/Source/tasks.c **** 							/* sizeof( int ) == sizeof( long ) so a smaller
4575:Middlewares/Third_Party/FreeRTOS/Source/tasks.c **** 							printf() library can be used. */
4576:Middlewares/Third_Party/FreeRTOS/Source/tasks.c **** 							sprintf( pcWriteBuffer, "\t%u\t\t<1%%\r\n", ( unsigned int ) pxTaskStatusArray[ x ].ulRunTim
4577:Middlewares/Third_Party/FreeRTOS/Source/tasks.c **** 						}
4578:Middlewares/Third_Party/FreeRTOS/Source/tasks.c **** 						#endif
4579:Middlewares/Third_Party/FreeRTOS/Source/tasks.c **** 					}
4580:Middlewares/Third_Party/FreeRTOS/Source/tasks.c **** 
4581:Middlewares/Third_Party/FreeRTOS/Source/tasks.c **** 					pcWriteBuffer += strlen( pcWriteBuffer ); /*lint !e9016 Pointer arithmetic ok on char pointers
4582:Middlewares/Third_Party/FreeRTOS/Source/tasks.c **** 				}
4583:Middlewares/Third_Party/FreeRTOS/Source/tasks.c **** 			}
4584:Middlewares/Third_Party/FreeRTOS/Source/tasks.c **** 			else
4585:Middlewares/Third_Party/FreeRTOS/Source/tasks.c **** 			{
4586:Middlewares/Third_Party/FreeRTOS/Source/tasks.c **** 				mtCOVERAGE_TEST_MARKER();
4587:Middlewares/Third_Party/FreeRTOS/Source/tasks.c **** 			}
4588:Middlewares/Third_Party/FreeRTOS/Source/tasks.c **** 
4589:Middlewares/Third_Party/FreeRTOS/Source/tasks.c **** 			/* Free the array again.  NOTE!  If configSUPPORT_DYNAMIC_ALLOCATION
4590:Middlewares/Third_Party/FreeRTOS/Source/tasks.c **** 			is 0 then vPortFree() will be #defined to nothing. */
4591:Middlewares/Third_Party/FreeRTOS/Source/tasks.c **** 			vPortFree( pxTaskStatusArray );
4592:Middlewares/Third_Party/FreeRTOS/Source/tasks.c **** 		}
4593:Middlewares/Third_Party/FreeRTOS/Source/tasks.c **** 		else
4594:Middlewares/Third_Party/FreeRTOS/Source/tasks.c **** 		{
4595:Middlewares/Third_Party/FreeRTOS/Source/tasks.c **** 			mtCOVERAGE_TEST_MARKER();
4596:Middlewares/Third_Party/FreeRTOS/Source/tasks.c **** 		}
4597:Middlewares/Third_Party/FreeRTOS/Source/tasks.c **** 	}
4598:Middlewares/Third_Party/FreeRTOS/Source/tasks.c **** 
4599:Middlewares/Third_Party/FreeRTOS/Source/tasks.c **** #endif /* ( ( configGENERATE_RUN_TIME_STATS == 1 ) && ( configUSE_STATS_FORMATTING_FUNCTIONS > 0 ) 
4600:Middlewares/Third_Party/FreeRTOS/Source/tasks.c **** /*-----------------------------------------------------------*/
4601:Middlewares/Third_Party/FreeRTOS/Source/tasks.c **** 
4602:Middlewares/Third_Party/FreeRTOS/Source/tasks.c **** TickType_t uxTaskResetEventItemValue( void )
4603:Middlewares/Third_Party/FreeRTOS/Source/tasks.c **** {
4604:Middlewares/Third_Party/FreeRTOS/Source/tasks.c **** TickType_t uxReturn;
4605:Middlewares/Third_Party/FreeRTOS/Source/tasks.c **** 
4606:Middlewares/Third_Party/FreeRTOS/Source/tasks.c **** 	uxReturn = listGET_LIST_ITEM_VALUE( &( pxCurrentTCB->xEventListItem ) );
4607:Middlewares/Third_Party/FreeRTOS/Source/tasks.c **** 
4608:Middlewares/Third_Party/FreeRTOS/Source/tasks.c **** 	/* Reset the event list item to its normal value - so it can be used with
4609:Middlewares/Third_Party/FreeRTOS/Source/tasks.c **** 	queues and semaphores. */
4610:Middlewares/Third_Party/FreeRTOS/Source/tasks.c **** 	listSET_LIST_ITEM_VALUE( &( pxCurrentTCB->xEventListItem ), ( ( TickType_t ) configMAX_PRIORITIES 
4611:Middlewares/Third_Party/FreeRTOS/Source/tasks.c **** 
4612:Middlewares/Third_Party/FreeRTOS/Source/tasks.c **** 	return uxReturn;
4613:Middlewares/Third_Party/FreeRTOS/Source/tasks.c **** }
4614:Middlewares/Third_Party/FreeRTOS/Source/tasks.c **** /*-----------------------------------------------------------*/
4615:Middlewares/Third_Party/FreeRTOS/Source/tasks.c **** 
4616:Middlewares/Third_Party/FreeRTOS/Source/tasks.c **** #if ( configUSE_MUTEXES == 1 )
4617:Middlewares/Third_Party/FreeRTOS/Source/tasks.c **** 
4618:Middlewares/Third_Party/FreeRTOS/Source/tasks.c **** 	TaskHandle_t pvTaskIncrementMutexHeldCount( void )
ARM GAS  /tmp/ccoDOEnO.s 			page 103


4619:Middlewares/Third_Party/FreeRTOS/Source/tasks.c **** 	{
4620:Middlewares/Third_Party/FreeRTOS/Source/tasks.c **** 		/* If xSemaphoreCreateMutex() is called before any tasks have been created
4621:Middlewares/Third_Party/FreeRTOS/Source/tasks.c **** 		then pxCurrentTCB will be NULL. */
4622:Middlewares/Third_Party/FreeRTOS/Source/tasks.c **** 		if( pxCurrentTCB != NULL )
4623:Middlewares/Third_Party/FreeRTOS/Source/tasks.c **** 		{
4624:Middlewares/Third_Party/FreeRTOS/Source/tasks.c **** 			( pxCurrentTCB->uxMutexesHeld )++;
4625:Middlewares/Third_Party/FreeRTOS/Source/tasks.c **** 		}
4626:Middlewares/Third_Party/FreeRTOS/Source/tasks.c **** 
4627:Middlewares/Third_Party/FreeRTOS/Source/tasks.c **** 		return pxCurrentTCB;
4628:Middlewares/Third_Party/FreeRTOS/Source/tasks.c **** 	}
4629:Middlewares/Third_Party/FreeRTOS/Source/tasks.c **** 
4630:Middlewares/Third_Party/FreeRTOS/Source/tasks.c **** #endif /* configUSE_MUTEXES */
4631:Middlewares/Third_Party/FreeRTOS/Source/tasks.c **** /*-----------------------------------------------------------*/
4632:Middlewares/Third_Party/FreeRTOS/Source/tasks.c **** 
4633:Middlewares/Third_Party/FreeRTOS/Source/tasks.c **** #if( configUSE_TASK_NOTIFICATIONS == 1 )
4634:Middlewares/Third_Party/FreeRTOS/Source/tasks.c **** 
4635:Middlewares/Third_Party/FreeRTOS/Source/tasks.c **** 	uint32_t ulTaskNotifyTake( BaseType_t xClearCountOnExit, TickType_t xTicksToWait )
4636:Middlewares/Third_Party/FreeRTOS/Source/tasks.c **** 	{
4637:Middlewares/Third_Party/FreeRTOS/Source/tasks.c **** 	uint32_t ulReturn;
4638:Middlewares/Third_Party/FreeRTOS/Source/tasks.c **** 
4639:Middlewares/Third_Party/FreeRTOS/Source/tasks.c **** 		taskENTER_CRITICAL();
4640:Middlewares/Third_Party/FreeRTOS/Source/tasks.c **** 		{
4641:Middlewares/Third_Party/FreeRTOS/Source/tasks.c **** 			/* Only block if the notification count is not already non-zero. */
4642:Middlewares/Third_Party/FreeRTOS/Source/tasks.c **** 			if( pxCurrentTCB->ulNotifiedValue == 0UL )
4643:Middlewares/Third_Party/FreeRTOS/Source/tasks.c **** 			{
4644:Middlewares/Third_Party/FreeRTOS/Source/tasks.c **** 				/* Mark this task as waiting for a notification. */
4645:Middlewares/Third_Party/FreeRTOS/Source/tasks.c **** 				pxCurrentTCB->ucNotifyState = taskWAITING_NOTIFICATION;
4646:Middlewares/Third_Party/FreeRTOS/Source/tasks.c **** 
4647:Middlewares/Third_Party/FreeRTOS/Source/tasks.c **** 				if( xTicksToWait > ( TickType_t ) 0 )
4648:Middlewares/Third_Party/FreeRTOS/Source/tasks.c **** 				{
4649:Middlewares/Third_Party/FreeRTOS/Source/tasks.c **** 					prvAddCurrentTaskToDelayedList( xTicksToWait, pdTRUE );
4650:Middlewares/Third_Party/FreeRTOS/Source/tasks.c **** 					traceTASK_NOTIFY_TAKE_BLOCK();
4651:Middlewares/Third_Party/FreeRTOS/Source/tasks.c **** 
4652:Middlewares/Third_Party/FreeRTOS/Source/tasks.c **** 					/* All ports are written to allow a yield in a critical
4653:Middlewares/Third_Party/FreeRTOS/Source/tasks.c **** 					section (some will yield immediately, others wait until the
4654:Middlewares/Third_Party/FreeRTOS/Source/tasks.c **** 					critical section exits) - but it is not something that
4655:Middlewares/Third_Party/FreeRTOS/Source/tasks.c **** 					application code should ever do. */
4656:Middlewares/Third_Party/FreeRTOS/Source/tasks.c **** 					portYIELD_WITHIN_API();
4657:Middlewares/Third_Party/FreeRTOS/Source/tasks.c **** 				}
4658:Middlewares/Third_Party/FreeRTOS/Source/tasks.c **** 				else
4659:Middlewares/Third_Party/FreeRTOS/Source/tasks.c **** 				{
4660:Middlewares/Third_Party/FreeRTOS/Source/tasks.c **** 					mtCOVERAGE_TEST_MARKER();
4661:Middlewares/Third_Party/FreeRTOS/Source/tasks.c **** 				}
4662:Middlewares/Third_Party/FreeRTOS/Source/tasks.c **** 			}
4663:Middlewares/Third_Party/FreeRTOS/Source/tasks.c **** 			else
4664:Middlewares/Third_Party/FreeRTOS/Source/tasks.c **** 			{
4665:Middlewares/Third_Party/FreeRTOS/Source/tasks.c **** 				mtCOVERAGE_TEST_MARKER();
4666:Middlewares/Third_Party/FreeRTOS/Source/tasks.c **** 			}
4667:Middlewares/Third_Party/FreeRTOS/Source/tasks.c **** 		}
4668:Middlewares/Third_Party/FreeRTOS/Source/tasks.c **** 		taskEXIT_CRITICAL();
4669:Middlewares/Third_Party/FreeRTOS/Source/tasks.c **** 
4670:Middlewares/Third_Party/FreeRTOS/Source/tasks.c **** 		taskENTER_CRITICAL();
4671:Middlewares/Third_Party/FreeRTOS/Source/tasks.c **** 		{
4672:Middlewares/Third_Party/FreeRTOS/Source/tasks.c **** 			traceTASK_NOTIFY_TAKE();
4673:Middlewares/Third_Party/FreeRTOS/Source/tasks.c **** 			ulReturn = pxCurrentTCB->ulNotifiedValue;
4674:Middlewares/Third_Party/FreeRTOS/Source/tasks.c **** 
4675:Middlewares/Third_Party/FreeRTOS/Source/tasks.c **** 			if( ulReturn != 0UL )
ARM GAS  /tmp/ccoDOEnO.s 			page 104


4676:Middlewares/Third_Party/FreeRTOS/Source/tasks.c **** 			{
4677:Middlewares/Third_Party/FreeRTOS/Source/tasks.c **** 				if( xClearCountOnExit != pdFALSE )
4678:Middlewares/Third_Party/FreeRTOS/Source/tasks.c **** 				{
4679:Middlewares/Third_Party/FreeRTOS/Source/tasks.c **** 					pxCurrentTCB->ulNotifiedValue = 0UL;
4680:Middlewares/Third_Party/FreeRTOS/Source/tasks.c **** 				}
4681:Middlewares/Third_Party/FreeRTOS/Source/tasks.c **** 				else
4682:Middlewares/Third_Party/FreeRTOS/Source/tasks.c **** 				{
4683:Middlewares/Third_Party/FreeRTOS/Source/tasks.c **** 					pxCurrentTCB->ulNotifiedValue = ulReturn - ( uint32_t ) 1;
4684:Middlewares/Third_Party/FreeRTOS/Source/tasks.c **** 				}
4685:Middlewares/Third_Party/FreeRTOS/Source/tasks.c **** 			}
4686:Middlewares/Third_Party/FreeRTOS/Source/tasks.c **** 			else
4687:Middlewares/Third_Party/FreeRTOS/Source/tasks.c **** 			{
4688:Middlewares/Third_Party/FreeRTOS/Source/tasks.c **** 				mtCOVERAGE_TEST_MARKER();
4689:Middlewares/Third_Party/FreeRTOS/Source/tasks.c **** 			}
4690:Middlewares/Third_Party/FreeRTOS/Source/tasks.c **** 
4691:Middlewares/Third_Party/FreeRTOS/Source/tasks.c **** 			pxCurrentTCB->ucNotifyState = taskNOT_WAITING_NOTIFICATION;
4692:Middlewares/Third_Party/FreeRTOS/Source/tasks.c **** 		}
4693:Middlewares/Third_Party/FreeRTOS/Source/tasks.c **** 		taskEXIT_CRITICAL();
4694:Middlewares/Third_Party/FreeRTOS/Source/tasks.c **** 
4695:Middlewares/Third_Party/FreeRTOS/Source/tasks.c **** 		return ulReturn;
4696:Middlewares/Third_Party/FreeRTOS/Source/tasks.c **** 	}
4697:Middlewares/Third_Party/FreeRTOS/Source/tasks.c **** 
4698:Middlewares/Third_Party/FreeRTOS/Source/tasks.c **** #endif /* configUSE_TASK_NOTIFICATIONS */
4699:Middlewares/Third_Party/FreeRTOS/Source/tasks.c **** /*-----------------------------------------------------------*/
4700:Middlewares/Third_Party/FreeRTOS/Source/tasks.c **** 
4701:Middlewares/Third_Party/FreeRTOS/Source/tasks.c **** #if( configUSE_TASK_NOTIFICATIONS == 1 )
4702:Middlewares/Third_Party/FreeRTOS/Source/tasks.c **** 
4703:Middlewares/Third_Party/FreeRTOS/Source/tasks.c **** 	BaseType_t xTaskNotifyWait( uint32_t ulBitsToClearOnEntry, uint32_t ulBitsToClearOnExit, uint32_t 
4704:Middlewares/Third_Party/FreeRTOS/Source/tasks.c **** 	{
4705:Middlewares/Third_Party/FreeRTOS/Source/tasks.c **** 	BaseType_t xReturn;
4706:Middlewares/Third_Party/FreeRTOS/Source/tasks.c **** 
4707:Middlewares/Third_Party/FreeRTOS/Source/tasks.c **** 		taskENTER_CRITICAL();
4708:Middlewares/Third_Party/FreeRTOS/Source/tasks.c **** 		{
4709:Middlewares/Third_Party/FreeRTOS/Source/tasks.c **** 			/* Only block if a notification is not already pending. */
4710:Middlewares/Third_Party/FreeRTOS/Source/tasks.c **** 			if( pxCurrentTCB->ucNotifyState != taskNOTIFICATION_RECEIVED )
4711:Middlewares/Third_Party/FreeRTOS/Source/tasks.c **** 			{
4712:Middlewares/Third_Party/FreeRTOS/Source/tasks.c **** 				/* Clear bits in the task's notification value as bits may get
4713:Middlewares/Third_Party/FreeRTOS/Source/tasks.c **** 				set	by the notifying task or interrupt.  This can be used to
4714:Middlewares/Third_Party/FreeRTOS/Source/tasks.c **** 				clear the value to zero. */
4715:Middlewares/Third_Party/FreeRTOS/Source/tasks.c **** 				pxCurrentTCB->ulNotifiedValue &= ~ulBitsToClearOnEntry;
4716:Middlewares/Third_Party/FreeRTOS/Source/tasks.c **** 
4717:Middlewares/Third_Party/FreeRTOS/Source/tasks.c **** 				/* Mark this task as waiting for a notification. */
4718:Middlewares/Third_Party/FreeRTOS/Source/tasks.c **** 				pxCurrentTCB->ucNotifyState = taskWAITING_NOTIFICATION;
4719:Middlewares/Third_Party/FreeRTOS/Source/tasks.c **** 
4720:Middlewares/Third_Party/FreeRTOS/Source/tasks.c **** 				if( xTicksToWait > ( TickType_t ) 0 )
4721:Middlewares/Third_Party/FreeRTOS/Source/tasks.c **** 				{
4722:Middlewares/Third_Party/FreeRTOS/Source/tasks.c **** 					prvAddCurrentTaskToDelayedList( xTicksToWait, pdTRUE );
4723:Middlewares/Third_Party/FreeRTOS/Source/tasks.c **** 					traceTASK_NOTIFY_WAIT_BLOCK();
4724:Middlewares/Third_Party/FreeRTOS/Source/tasks.c **** 
4725:Middlewares/Third_Party/FreeRTOS/Source/tasks.c **** 					/* All ports are written to allow a yield in a critical
4726:Middlewares/Third_Party/FreeRTOS/Source/tasks.c **** 					section (some will yield immediately, others wait until the
4727:Middlewares/Third_Party/FreeRTOS/Source/tasks.c **** 					critical section exits) - but it is not something that
4728:Middlewares/Third_Party/FreeRTOS/Source/tasks.c **** 					application code should ever do. */
4729:Middlewares/Third_Party/FreeRTOS/Source/tasks.c **** 					portYIELD_WITHIN_API();
4730:Middlewares/Third_Party/FreeRTOS/Source/tasks.c **** 				}
4731:Middlewares/Third_Party/FreeRTOS/Source/tasks.c **** 				else
4732:Middlewares/Third_Party/FreeRTOS/Source/tasks.c **** 				{
ARM GAS  /tmp/ccoDOEnO.s 			page 105


4733:Middlewares/Third_Party/FreeRTOS/Source/tasks.c **** 					mtCOVERAGE_TEST_MARKER();
4734:Middlewares/Third_Party/FreeRTOS/Source/tasks.c **** 				}
4735:Middlewares/Third_Party/FreeRTOS/Source/tasks.c **** 			}
4736:Middlewares/Third_Party/FreeRTOS/Source/tasks.c **** 			else
4737:Middlewares/Third_Party/FreeRTOS/Source/tasks.c **** 			{
4738:Middlewares/Third_Party/FreeRTOS/Source/tasks.c **** 				mtCOVERAGE_TEST_MARKER();
4739:Middlewares/Third_Party/FreeRTOS/Source/tasks.c **** 			}
4740:Middlewares/Third_Party/FreeRTOS/Source/tasks.c **** 		}
4741:Middlewares/Third_Party/FreeRTOS/Source/tasks.c **** 		taskEXIT_CRITICAL();
4742:Middlewares/Third_Party/FreeRTOS/Source/tasks.c **** 
4743:Middlewares/Third_Party/FreeRTOS/Source/tasks.c **** 		taskENTER_CRITICAL();
4744:Middlewares/Third_Party/FreeRTOS/Source/tasks.c **** 		{
4745:Middlewares/Third_Party/FreeRTOS/Source/tasks.c **** 			traceTASK_NOTIFY_WAIT();
4746:Middlewares/Third_Party/FreeRTOS/Source/tasks.c **** 
4747:Middlewares/Third_Party/FreeRTOS/Source/tasks.c **** 			if( pulNotificationValue != NULL )
4748:Middlewares/Third_Party/FreeRTOS/Source/tasks.c **** 			{
4749:Middlewares/Third_Party/FreeRTOS/Source/tasks.c **** 				/* Output the current notification value, which may or may not
4750:Middlewares/Third_Party/FreeRTOS/Source/tasks.c **** 				have changed. */
4751:Middlewares/Third_Party/FreeRTOS/Source/tasks.c **** 				*pulNotificationValue = pxCurrentTCB->ulNotifiedValue;
4752:Middlewares/Third_Party/FreeRTOS/Source/tasks.c **** 			}
4753:Middlewares/Third_Party/FreeRTOS/Source/tasks.c **** 
4754:Middlewares/Third_Party/FreeRTOS/Source/tasks.c **** 			/* If ucNotifyValue is set then either the task never entered the
4755:Middlewares/Third_Party/FreeRTOS/Source/tasks.c **** 			blocked state (because a notification was already pending) or the
4756:Middlewares/Third_Party/FreeRTOS/Source/tasks.c **** 			task unblocked because of a notification.  Otherwise the task
4757:Middlewares/Third_Party/FreeRTOS/Source/tasks.c **** 			unblocked because of a timeout. */
4758:Middlewares/Third_Party/FreeRTOS/Source/tasks.c **** 			if( pxCurrentTCB->ucNotifyState != taskNOTIFICATION_RECEIVED )
4759:Middlewares/Third_Party/FreeRTOS/Source/tasks.c **** 			{
4760:Middlewares/Third_Party/FreeRTOS/Source/tasks.c **** 				/* A notification was not received. */
4761:Middlewares/Third_Party/FreeRTOS/Source/tasks.c **** 				xReturn = pdFALSE;
4762:Middlewares/Third_Party/FreeRTOS/Source/tasks.c **** 			}
4763:Middlewares/Third_Party/FreeRTOS/Source/tasks.c **** 			else
4764:Middlewares/Third_Party/FreeRTOS/Source/tasks.c **** 			{
4765:Middlewares/Third_Party/FreeRTOS/Source/tasks.c **** 				/* A notification was already pending or a notification was
4766:Middlewares/Third_Party/FreeRTOS/Source/tasks.c **** 				received while the task was waiting. */
4767:Middlewares/Third_Party/FreeRTOS/Source/tasks.c **** 				pxCurrentTCB->ulNotifiedValue &= ~ulBitsToClearOnExit;
4768:Middlewares/Third_Party/FreeRTOS/Source/tasks.c **** 				xReturn = pdTRUE;
4769:Middlewares/Third_Party/FreeRTOS/Source/tasks.c **** 			}
4770:Middlewares/Third_Party/FreeRTOS/Source/tasks.c **** 
4771:Middlewares/Third_Party/FreeRTOS/Source/tasks.c **** 			pxCurrentTCB->ucNotifyState = taskNOT_WAITING_NOTIFICATION;
4772:Middlewares/Third_Party/FreeRTOS/Source/tasks.c **** 		}
4773:Middlewares/Third_Party/FreeRTOS/Source/tasks.c **** 		taskEXIT_CRITICAL();
4774:Middlewares/Third_Party/FreeRTOS/Source/tasks.c **** 
4775:Middlewares/Third_Party/FreeRTOS/Source/tasks.c **** 		return xReturn;
4776:Middlewares/Third_Party/FreeRTOS/Source/tasks.c **** 	}
4777:Middlewares/Third_Party/FreeRTOS/Source/tasks.c **** 
4778:Middlewares/Third_Party/FreeRTOS/Source/tasks.c **** #endif /* configUSE_TASK_NOTIFICATIONS */
4779:Middlewares/Third_Party/FreeRTOS/Source/tasks.c **** /*-----------------------------------------------------------*/
4780:Middlewares/Third_Party/FreeRTOS/Source/tasks.c **** 
4781:Middlewares/Third_Party/FreeRTOS/Source/tasks.c **** #if( configUSE_TASK_NOTIFICATIONS == 1 )
4782:Middlewares/Third_Party/FreeRTOS/Source/tasks.c **** 
4783:Middlewares/Third_Party/FreeRTOS/Source/tasks.c **** 	BaseType_t xTaskGenericNotify( TaskHandle_t xTaskToNotify, uint32_t ulValue, eNotifyAction eAction
4784:Middlewares/Third_Party/FreeRTOS/Source/tasks.c **** 	{
4785:Middlewares/Third_Party/FreeRTOS/Source/tasks.c **** 	TCB_t * pxTCB;
4786:Middlewares/Third_Party/FreeRTOS/Source/tasks.c **** 	BaseType_t xReturn = pdPASS;
4787:Middlewares/Third_Party/FreeRTOS/Source/tasks.c **** 	uint8_t ucOriginalNotifyState;
4788:Middlewares/Third_Party/FreeRTOS/Source/tasks.c **** 
4789:Middlewares/Third_Party/FreeRTOS/Source/tasks.c **** 		configASSERT( xTaskToNotify );
ARM GAS  /tmp/ccoDOEnO.s 			page 106


4790:Middlewares/Third_Party/FreeRTOS/Source/tasks.c **** 		pxTCB = xTaskToNotify;
4791:Middlewares/Third_Party/FreeRTOS/Source/tasks.c **** 
4792:Middlewares/Third_Party/FreeRTOS/Source/tasks.c **** 		taskENTER_CRITICAL();
4793:Middlewares/Third_Party/FreeRTOS/Source/tasks.c **** 		{
4794:Middlewares/Third_Party/FreeRTOS/Source/tasks.c **** 			if( pulPreviousNotificationValue != NULL )
4795:Middlewares/Third_Party/FreeRTOS/Source/tasks.c **** 			{
4796:Middlewares/Third_Party/FreeRTOS/Source/tasks.c **** 				*pulPreviousNotificationValue = pxTCB->ulNotifiedValue;
4797:Middlewares/Third_Party/FreeRTOS/Source/tasks.c **** 			}
4798:Middlewares/Third_Party/FreeRTOS/Source/tasks.c **** 
4799:Middlewares/Third_Party/FreeRTOS/Source/tasks.c **** 			ucOriginalNotifyState = pxTCB->ucNotifyState;
4800:Middlewares/Third_Party/FreeRTOS/Source/tasks.c **** 
4801:Middlewares/Third_Party/FreeRTOS/Source/tasks.c **** 			pxTCB->ucNotifyState = taskNOTIFICATION_RECEIVED;
4802:Middlewares/Third_Party/FreeRTOS/Source/tasks.c **** 
4803:Middlewares/Third_Party/FreeRTOS/Source/tasks.c **** 			switch( eAction )
4804:Middlewares/Third_Party/FreeRTOS/Source/tasks.c **** 			{
4805:Middlewares/Third_Party/FreeRTOS/Source/tasks.c **** 				case eSetBits	:
4806:Middlewares/Third_Party/FreeRTOS/Source/tasks.c **** 					pxTCB->ulNotifiedValue |= ulValue;
4807:Middlewares/Third_Party/FreeRTOS/Source/tasks.c **** 					break;
4808:Middlewares/Third_Party/FreeRTOS/Source/tasks.c **** 
4809:Middlewares/Third_Party/FreeRTOS/Source/tasks.c **** 				case eIncrement	:
4810:Middlewares/Third_Party/FreeRTOS/Source/tasks.c **** 					( pxTCB->ulNotifiedValue )++;
4811:Middlewares/Third_Party/FreeRTOS/Source/tasks.c **** 					break;
4812:Middlewares/Third_Party/FreeRTOS/Source/tasks.c **** 
4813:Middlewares/Third_Party/FreeRTOS/Source/tasks.c **** 				case eSetValueWithOverwrite	:
4814:Middlewares/Third_Party/FreeRTOS/Source/tasks.c **** 					pxTCB->ulNotifiedValue = ulValue;
4815:Middlewares/Third_Party/FreeRTOS/Source/tasks.c **** 					break;
4816:Middlewares/Third_Party/FreeRTOS/Source/tasks.c **** 
4817:Middlewares/Third_Party/FreeRTOS/Source/tasks.c **** 				case eSetValueWithoutOverwrite :
4818:Middlewares/Third_Party/FreeRTOS/Source/tasks.c **** 					if( ucOriginalNotifyState != taskNOTIFICATION_RECEIVED )
4819:Middlewares/Third_Party/FreeRTOS/Source/tasks.c **** 					{
4820:Middlewares/Third_Party/FreeRTOS/Source/tasks.c **** 						pxTCB->ulNotifiedValue = ulValue;
4821:Middlewares/Third_Party/FreeRTOS/Source/tasks.c **** 					}
4822:Middlewares/Third_Party/FreeRTOS/Source/tasks.c **** 					else
4823:Middlewares/Third_Party/FreeRTOS/Source/tasks.c **** 					{
4824:Middlewares/Third_Party/FreeRTOS/Source/tasks.c **** 						/* The value could not be written to the task. */
4825:Middlewares/Third_Party/FreeRTOS/Source/tasks.c **** 						xReturn = pdFAIL;
4826:Middlewares/Third_Party/FreeRTOS/Source/tasks.c **** 					}
4827:Middlewares/Third_Party/FreeRTOS/Source/tasks.c **** 					break;
4828:Middlewares/Third_Party/FreeRTOS/Source/tasks.c **** 
4829:Middlewares/Third_Party/FreeRTOS/Source/tasks.c **** 				case eNoAction:
4830:Middlewares/Third_Party/FreeRTOS/Source/tasks.c **** 					/* The task is being notified without its notify value being
4831:Middlewares/Third_Party/FreeRTOS/Source/tasks.c **** 					updated. */
4832:Middlewares/Third_Party/FreeRTOS/Source/tasks.c **** 					break;
4833:Middlewares/Third_Party/FreeRTOS/Source/tasks.c **** 
4834:Middlewares/Third_Party/FreeRTOS/Source/tasks.c **** 				default:
4835:Middlewares/Third_Party/FreeRTOS/Source/tasks.c **** 					/* Should not get here if all enums are handled.
4836:Middlewares/Third_Party/FreeRTOS/Source/tasks.c **** 					Artificially force an assert by testing a value the
4837:Middlewares/Third_Party/FreeRTOS/Source/tasks.c **** 					compiler can't assume is const. */
4838:Middlewares/Third_Party/FreeRTOS/Source/tasks.c **** 					configASSERT( pxTCB->ulNotifiedValue == ~0UL );
4839:Middlewares/Third_Party/FreeRTOS/Source/tasks.c **** 
4840:Middlewares/Third_Party/FreeRTOS/Source/tasks.c **** 					break;
4841:Middlewares/Third_Party/FreeRTOS/Source/tasks.c **** 			}
4842:Middlewares/Third_Party/FreeRTOS/Source/tasks.c **** 
4843:Middlewares/Third_Party/FreeRTOS/Source/tasks.c **** 			traceTASK_NOTIFY();
4844:Middlewares/Third_Party/FreeRTOS/Source/tasks.c **** 
4845:Middlewares/Third_Party/FreeRTOS/Source/tasks.c **** 			/* If the task is in the blocked state specifically to wait for a
4846:Middlewares/Third_Party/FreeRTOS/Source/tasks.c **** 			notification then unblock it now. */
ARM GAS  /tmp/ccoDOEnO.s 			page 107


4847:Middlewares/Third_Party/FreeRTOS/Source/tasks.c **** 			if( ucOriginalNotifyState == taskWAITING_NOTIFICATION )
4848:Middlewares/Third_Party/FreeRTOS/Source/tasks.c **** 			{
4849:Middlewares/Third_Party/FreeRTOS/Source/tasks.c **** 				( void ) uxListRemove( &( pxTCB->xStateListItem ) );
4850:Middlewares/Third_Party/FreeRTOS/Source/tasks.c **** 				prvAddTaskToReadyList( pxTCB );
4851:Middlewares/Third_Party/FreeRTOS/Source/tasks.c **** 
4852:Middlewares/Third_Party/FreeRTOS/Source/tasks.c **** 				/* The task should not have been on an event list. */
4853:Middlewares/Third_Party/FreeRTOS/Source/tasks.c **** 				configASSERT( listLIST_ITEM_CONTAINER( &( pxTCB->xEventListItem ) ) == NULL );
4854:Middlewares/Third_Party/FreeRTOS/Source/tasks.c **** 
4855:Middlewares/Third_Party/FreeRTOS/Source/tasks.c **** 				#if( configUSE_TICKLESS_IDLE != 0 )
4856:Middlewares/Third_Party/FreeRTOS/Source/tasks.c **** 				{
4857:Middlewares/Third_Party/FreeRTOS/Source/tasks.c **** 					/* If a task is blocked waiting for a notification then
4858:Middlewares/Third_Party/FreeRTOS/Source/tasks.c **** 					xNextTaskUnblockTime might be set to the blocked task's time
4859:Middlewares/Third_Party/FreeRTOS/Source/tasks.c **** 					out time.  If the task is unblocked for a reason other than
4860:Middlewares/Third_Party/FreeRTOS/Source/tasks.c **** 					a timeout xNextTaskUnblockTime is normally left unchanged,
4861:Middlewares/Third_Party/FreeRTOS/Source/tasks.c **** 					because it will automatically get reset to a new value when
4862:Middlewares/Third_Party/FreeRTOS/Source/tasks.c **** 					the tick count equals xNextTaskUnblockTime.  However if
4863:Middlewares/Third_Party/FreeRTOS/Source/tasks.c **** 					tickless idling is used it might be more important to enter
4864:Middlewares/Third_Party/FreeRTOS/Source/tasks.c **** 					sleep mode at the earliest possible time - so reset
4865:Middlewares/Third_Party/FreeRTOS/Source/tasks.c **** 					xNextTaskUnblockTime here to ensure it is updated at the
4866:Middlewares/Third_Party/FreeRTOS/Source/tasks.c **** 					earliest possible time. */
4867:Middlewares/Third_Party/FreeRTOS/Source/tasks.c **** 					prvResetNextTaskUnblockTime();
4868:Middlewares/Third_Party/FreeRTOS/Source/tasks.c **** 				}
4869:Middlewares/Third_Party/FreeRTOS/Source/tasks.c **** 				#endif
4870:Middlewares/Third_Party/FreeRTOS/Source/tasks.c **** 
4871:Middlewares/Third_Party/FreeRTOS/Source/tasks.c **** 				if( pxTCB->uxPriority > pxCurrentTCB->uxPriority )
4872:Middlewares/Third_Party/FreeRTOS/Source/tasks.c **** 				{
4873:Middlewares/Third_Party/FreeRTOS/Source/tasks.c **** 					/* The notified task has a priority above the currently
4874:Middlewares/Third_Party/FreeRTOS/Source/tasks.c **** 					executing task so a yield is required. */
4875:Middlewares/Third_Party/FreeRTOS/Source/tasks.c **** 					taskYIELD_IF_USING_PREEMPTION();
4876:Middlewares/Third_Party/FreeRTOS/Source/tasks.c **** 				}
4877:Middlewares/Third_Party/FreeRTOS/Source/tasks.c **** 				else
4878:Middlewares/Third_Party/FreeRTOS/Source/tasks.c **** 				{
4879:Middlewares/Third_Party/FreeRTOS/Source/tasks.c **** 					mtCOVERAGE_TEST_MARKER();
4880:Middlewares/Third_Party/FreeRTOS/Source/tasks.c **** 				}
4881:Middlewares/Third_Party/FreeRTOS/Source/tasks.c **** 			}
4882:Middlewares/Third_Party/FreeRTOS/Source/tasks.c **** 			else
4883:Middlewares/Third_Party/FreeRTOS/Source/tasks.c **** 			{
4884:Middlewares/Third_Party/FreeRTOS/Source/tasks.c **** 				mtCOVERAGE_TEST_MARKER();
4885:Middlewares/Third_Party/FreeRTOS/Source/tasks.c **** 			}
4886:Middlewares/Third_Party/FreeRTOS/Source/tasks.c **** 		}
4887:Middlewares/Third_Party/FreeRTOS/Source/tasks.c **** 		taskEXIT_CRITICAL();
4888:Middlewares/Third_Party/FreeRTOS/Source/tasks.c **** 
4889:Middlewares/Third_Party/FreeRTOS/Source/tasks.c **** 		return xReturn;
4890:Middlewares/Third_Party/FreeRTOS/Source/tasks.c **** 	}
4891:Middlewares/Third_Party/FreeRTOS/Source/tasks.c **** 
4892:Middlewares/Third_Party/FreeRTOS/Source/tasks.c **** #endif /* configUSE_TASK_NOTIFICATIONS */
4893:Middlewares/Third_Party/FreeRTOS/Source/tasks.c **** /*-----------------------------------------------------------*/
4894:Middlewares/Third_Party/FreeRTOS/Source/tasks.c **** 
4895:Middlewares/Third_Party/FreeRTOS/Source/tasks.c **** #if( configUSE_TASK_NOTIFICATIONS == 1 )
4896:Middlewares/Third_Party/FreeRTOS/Source/tasks.c **** 
4897:Middlewares/Third_Party/FreeRTOS/Source/tasks.c **** 	BaseType_t xTaskGenericNotifyFromISR( TaskHandle_t xTaskToNotify, uint32_t ulValue, eNotifyAction 
4898:Middlewares/Third_Party/FreeRTOS/Source/tasks.c **** 	{
4899:Middlewares/Third_Party/FreeRTOS/Source/tasks.c **** 	TCB_t * pxTCB;
4900:Middlewares/Third_Party/FreeRTOS/Source/tasks.c **** 	uint8_t ucOriginalNotifyState;
4901:Middlewares/Third_Party/FreeRTOS/Source/tasks.c **** 	BaseType_t xReturn = pdPASS;
4902:Middlewares/Third_Party/FreeRTOS/Source/tasks.c **** 	UBaseType_t uxSavedInterruptStatus;
4903:Middlewares/Third_Party/FreeRTOS/Source/tasks.c **** 
ARM GAS  /tmp/ccoDOEnO.s 			page 108


4904:Middlewares/Third_Party/FreeRTOS/Source/tasks.c **** 		configASSERT( xTaskToNotify );
4905:Middlewares/Third_Party/FreeRTOS/Source/tasks.c **** 
4906:Middlewares/Third_Party/FreeRTOS/Source/tasks.c **** 		/* RTOS ports that support interrupt nesting have the concept of a
4907:Middlewares/Third_Party/FreeRTOS/Source/tasks.c **** 		maximum	system call (or maximum API call) interrupt priority.
4908:Middlewares/Third_Party/FreeRTOS/Source/tasks.c **** 		Interrupts that are	above the maximum system call priority are keep
4909:Middlewares/Third_Party/FreeRTOS/Source/tasks.c **** 		permanently enabled, even when the RTOS kernel is in a critical section,
4910:Middlewares/Third_Party/FreeRTOS/Source/tasks.c **** 		but cannot make any calls to FreeRTOS API functions.  If configASSERT()
4911:Middlewares/Third_Party/FreeRTOS/Source/tasks.c **** 		is defined in FreeRTOSConfig.h then
4912:Middlewares/Third_Party/FreeRTOS/Source/tasks.c **** 		portASSERT_IF_INTERRUPT_PRIORITY_INVALID() will result in an assertion
4913:Middlewares/Third_Party/FreeRTOS/Source/tasks.c **** 		failure if a FreeRTOS API function is called from an interrupt that has
4914:Middlewares/Third_Party/FreeRTOS/Source/tasks.c **** 		been assigned a priority above the configured maximum system call
4915:Middlewares/Third_Party/FreeRTOS/Source/tasks.c **** 		priority.  Only FreeRTOS functions that end in FromISR can be called
4916:Middlewares/Third_Party/FreeRTOS/Source/tasks.c **** 		from interrupts	that have been assigned a priority at or (logically)
4917:Middlewares/Third_Party/FreeRTOS/Source/tasks.c **** 		below the maximum system call interrupt priority.  FreeRTOS maintains a
4918:Middlewares/Third_Party/FreeRTOS/Source/tasks.c **** 		separate interrupt safe API to ensure interrupt entry is as fast and as
4919:Middlewares/Third_Party/FreeRTOS/Source/tasks.c **** 		simple as possible.  More information (albeit Cortex-M specific) is
4920:Middlewares/Third_Party/FreeRTOS/Source/tasks.c **** 		provided on the following link:
4921:Middlewares/Third_Party/FreeRTOS/Source/tasks.c **** 		http://www.freertos.org/RTOS-Cortex-M3-M4.html */
4922:Middlewares/Third_Party/FreeRTOS/Source/tasks.c **** 		portASSERT_IF_INTERRUPT_PRIORITY_INVALID();
4923:Middlewares/Third_Party/FreeRTOS/Source/tasks.c **** 
4924:Middlewares/Third_Party/FreeRTOS/Source/tasks.c **** 		pxTCB = xTaskToNotify;
4925:Middlewares/Third_Party/FreeRTOS/Source/tasks.c **** 
4926:Middlewares/Third_Party/FreeRTOS/Source/tasks.c **** 		uxSavedInterruptStatus = portSET_INTERRUPT_MASK_FROM_ISR();
4927:Middlewares/Third_Party/FreeRTOS/Source/tasks.c **** 		{
4928:Middlewares/Third_Party/FreeRTOS/Source/tasks.c **** 			if( pulPreviousNotificationValue != NULL )
4929:Middlewares/Third_Party/FreeRTOS/Source/tasks.c **** 			{
4930:Middlewares/Third_Party/FreeRTOS/Source/tasks.c **** 				*pulPreviousNotificationValue = pxTCB->ulNotifiedValue;
4931:Middlewares/Third_Party/FreeRTOS/Source/tasks.c **** 			}
4932:Middlewares/Third_Party/FreeRTOS/Source/tasks.c **** 
4933:Middlewares/Third_Party/FreeRTOS/Source/tasks.c **** 			ucOriginalNotifyState = pxTCB->ucNotifyState;
4934:Middlewares/Third_Party/FreeRTOS/Source/tasks.c **** 			pxTCB->ucNotifyState = taskNOTIFICATION_RECEIVED;
4935:Middlewares/Third_Party/FreeRTOS/Source/tasks.c **** 
4936:Middlewares/Third_Party/FreeRTOS/Source/tasks.c **** 			switch( eAction )
4937:Middlewares/Third_Party/FreeRTOS/Source/tasks.c **** 			{
4938:Middlewares/Third_Party/FreeRTOS/Source/tasks.c **** 				case eSetBits	:
4939:Middlewares/Third_Party/FreeRTOS/Source/tasks.c **** 					pxTCB->ulNotifiedValue |= ulValue;
4940:Middlewares/Third_Party/FreeRTOS/Source/tasks.c **** 					break;
4941:Middlewares/Third_Party/FreeRTOS/Source/tasks.c **** 
4942:Middlewares/Third_Party/FreeRTOS/Source/tasks.c **** 				case eIncrement	:
4943:Middlewares/Third_Party/FreeRTOS/Source/tasks.c **** 					( pxTCB->ulNotifiedValue )++;
4944:Middlewares/Third_Party/FreeRTOS/Source/tasks.c **** 					break;
4945:Middlewares/Third_Party/FreeRTOS/Source/tasks.c **** 
4946:Middlewares/Third_Party/FreeRTOS/Source/tasks.c **** 				case eSetValueWithOverwrite	:
4947:Middlewares/Third_Party/FreeRTOS/Source/tasks.c **** 					pxTCB->ulNotifiedValue = ulValue;
4948:Middlewares/Third_Party/FreeRTOS/Source/tasks.c **** 					break;
4949:Middlewares/Third_Party/FreeRTOS/Source/tasks.c **** 
4950:Middlewares/Third_Party/FreeRTOS/Source/tasks.c **** 				case eSetValueWithoutOverwrite :
4951:Middlewares/Third_Party/FreeRTOS/Source/tasks.c **** 					if( ucOriginalNotifyState != taskNOTIFICATION_RECEIVED )
4952:Middlewares/Third_Party/FreeRTOS/Source/tasks.c **** 					{
4953:Middlewares/Third_Party/FreeRTOS/Source/tasks.c **** 						pxTCB->ulNotifiedValue = ulValue;
4954:Middlewares/Third_Party/FreeRTOS/Source/tasks.c **** 					}
4955:Middlewares/Third_Party/FreeRTOS/Source/tasks.c **** 					else
4956:Middlewares/Third_Party/FreeRTOS/Source/tasks.c **** 					{
4957:Middlewares/Third_Party/FreeRTOS/Source/tasks.c **** 						/* The value could not be written to the task. */
4958:Middlewares/Third_Party/FreeRTOS/Source/tasks.c **** 						xReturn = pdFAIL;
4959:Middlewares/Third_Party/FreeRTOS/Source/tasks.c **** 					}
4960:Middlewares/Third_Party/FreeRTOS/Source/tasks.c **** 					break;
ARM GAS  /tmp/ccoDOEnO.s 			page 109


4961:Middlewares/Third_Party/FreeRTOS/Source/tasks.c **** 
4962:Middlewares/Third_Party/FreeRTOS/Source/tasks.c **** 				case eNoAction :
4963:Middlewares/Third_Party/FreeRTOS/Source/tasks.c **** 					/* The task is being notified without its notify value being
4964:Middlewares/Third_Party/FreeRTOS/Source/tasks.c **** 					updated. */
4965:Middlewares/Third_Party/FreeRTOS/Source/tasks.c **** 					break;
4966:Middlewares/Third_Party/FreeRTOS/Source/tasks.c **** 
4967:Middlewares/Third_Party/FreeRTOS/Source/tasks.c **** 				default:
4968:Middlewares/Third_Party/FreeRTOS/Source/tasks.c **** 					/* Should not get here if all enums are handled.
4969:Middlewares/Third_Party/FreeRTOS/Source/tasks.c **** 					Artificially force an assert by testing a value the
4970:Middlewares/Third_Party/FreeRTOS/Source/tasks.c **** 					compiler can't assume is const. */
4971:Middlewares/Third_Party/FreeRTOS/Source/tasks.c **** 					configASSERT( pxTCB->ulNotifiedValue == ~0UL );
4972:Middlewares/Third_Party/FreeRTOS/Source/tasks.c **** 					break;
4973:Middlewares/Third_Party/FreeRTOS/Source/tasks.c **** 			}
4974:Middlewares/Third_Party/FreeRTOS/Source/tasks.c **** 
4975:Middlewares/Third_Party/FreeRTOS/Source/tasks.c **** 			traceTASK_NOTIFY_FROM_ISR();
4976:Middlewares/Third_Party/FreeRTOS/Source/tasks.c **** 
4977:Middlewares/Third_Party/FreeRTOS/Source/tasks.c **** 			/* If the task is in the blocked state specifically to wait for a
4978:Middlewares/Third_Party/FreeRTOS/Source/tasks.c **** 			notification then unblock it now. */
4979:Middlewares/Third_Party/FreeRTOS/Source/tasks.c **** 			if( ucOriginalNotifyState == taskWAITING_NOTIFICATION )
4980:Middlewares/Third_Party/FreeRTOS/Source/tasks.c **** 			{
4981:Middlewares/Third_Party/FreeRTOS/Source/tasks.c **** 				/* The task should not have been on an event list. */
4982:Middlewares/Third_Party/FreeRTOS/Source/tasks.c **** 				configASSERT( listLIST_ITEM_CONTAINER( &( pxTCB->xEventListItem ) ) == NULL );
4983:Middlewares/Third_Party/FreeRTOS/Source/tasks.c **** 
4984:Middlewares/Third_Party/FreeRTOS/Source/tasks.c **** 				if( uxSchedulerSuspended == ( UBaseType_t ) pdFALSE )
4985:Middlewares/Third_Party/FreeRTOS/Source/tasks.c **** 				{
4986:Middlewares/Third_Party/FreeRTOS/Source/tasks.c **** 					( void ) uxListRemove( &( pxTCB->xStateListItem ) );
4987:Middlewares/Third_Party/FreeRTOS/Source/tasks.c **** 					prvAddTaskToReadyList( pxTCB );
4988:Middlewares/Third_Party/FreeRTOS/Source/tasks.c **** 				}
4989:Middlewares/Third_Party/FreeRTOS/Source/tasks.c **** 				else
4990:Middlewares/Third_Party/FreeRTOS/Source/tasks.c **** 				{
4991:Middlewares/Third_Party/FreeRTOS/Source/tasks.c **** 					/* The delayed and ready lists cannot be accessed, so hold
4992:Middlewares/Third_Party/FreeRTOS/Source/tasks.c **** 					this task pending until the scheduler is resumed. */
4993:Middlewares/Third_Party/FreeRTOS/Source/tasks.c **** 					vListInsertEnd( &( xPendingReadyList ), &( pxTCB->xEventListItem ) );
4994:Middlewares/Third_Party/FreeRTOS/Source/tasks.c **** 				}
4995:Middlewares/Third_Party/FreeRTOS/Source/tasks.c **** 
4996:Middlewares/Third_Party/FreeRTOS/Source/tasks.c **** 				if( pxTCB->uxPriority > pxCurrentTCB->uxPriority )
4997:Middlewares/Third_Party/FreeRTOS/Source/tasks.c **** 				{
4998:Middlewares/Third_Party/FreeRTOS/Source/tasks.c **** 					/* The notified task has a priority above the currently
4999:Middlewares/Third_Party/FreeRTOS/Source/tasks.c **** 					executing task so a yield is required. */
5000:Middlewares/Third_Party/FreeRTOS/Source/tasks.c **** 					if( pxHigherPriorityTaskWoken != NULL )
5001:Middlewares/Third_Party/FreeRTOS/Source/tasks.c **** 					{
5002:Middlewares/Third_Party/FreeRTOS/Source/tasks.c **** 						*pxHigherPriorityTaskWoken = pdTRUE;
5003:Middlewares/Third_Party/FreeRTOS/Source/tasks.c **** 					}
5004:Middlewares/Third_Party/FreeRTOS/Source/tasks.c **** 
5005:Middlewares/Third_Party/FreeRTOS/Source/tasks.c **** 					/* Mark that a yield is pending in case the user is not
5006:Middlewares/Third_Party/FreeRTOS/Source/tasks.c **** 					using the "xHigherPriorityTaskWoken" parameter to an ISR
5007:Middlewares/Third_Party/FreeRTOS/Source/tasks.c **** 					safe FreeRTOS function. */
5008:Middlewares/Third_Party/FreeRTOS/Source/tasks.c **** 					xYieldPending = pdTRUE;
5009:Middlewares/Third_Party/FreeRTOS/Source/tasks.c **** 				}
5010:Middlewares/Third_Party/FreeRTOS/Source/tasks.c **** 				else
5011:Middlewares/Third_Party/FreeRTOS/Source/tasks.c **** 				{
5012:Middlewares/Third_Party/FreeRTOS/Source/tasks.c **** 					mtCOVERAGE_TEST_MARKER();
5013:Middlewares/Third_Party/FreeRTOS/Source/tasks.c **** 				}
5014:Middlewares/Third_Party/FreeRTOS/Source/tasks.c **** 			}
5015:Middlewares/Third_Party/FreeRTOS/Source/tasks.c **** 		}
5016:Middlewares/Third_Party/FreeRTOS/Source/tasks.c **** 		portCLEAR_INTERRUPT_MASK_FROM_ISR( uxSavedInterruptStatus );
5017:Middlewares/Third_Party/FreeRTOS/Source/tasks.c **** 
ARM GAS  /tmp/ccoDOEnO.s 			page 110


5018:Middlewares/Third_Party/FreeRTOS/Source/tasks.c **** 		return xReturn;
5019:Middlewares/Third_Party/FreeRTOS/Source/tasks.c **** 	}
5020:Middlewares/Third_Party/FreeRTOS/Source/tasks.c **** 
5021:Middlewares/Third_Party/FreeRTOS/Source/tasks.c **** #endif /* configUSE_TASK_NOTIFICATIONS */
5022:Middlewares/Third_Party/FreeRTOS/Source/tasks.c **** /*-----------------------------------------------------------*/
5023:Middlewares/Third_Party/FreeRTOS/Source/tasks.c **** 
5024:Middlewares/Third_Party/FreeRTOS/Source/tasks.c **** #if( configUSE_TASK_NOTIFICATIONS == 1 )
5025:Middlewares/Third_Party/FreeRTOS/Source/tasks.c **** 
5026:Middlewares/Third_Party/FreeRTOS/Source/tasks.c **** 	void vTaskNotifyGiveFromISR( TaskHandle_t xTaskToNotify, BaseType_t *pxHigherPriorityTaskWoken )
5027:Middlewares/Third_Party/FreeRTOS/Source/tasks.c **** 	{
5028:Middlewares/Third_Party/FreeRTOS/Source/tasks.c **** 	TCB_t * pxTCB;
5029:Middlewares/Third_Party/FreeRTOS/Source/tasks.c **** 	uint8_t ucOriginalNotifyState;
5030:Middlewares/Third_Party/FreeRTOS/Source/tasks.c **** 	UBaseType_t uxSavedInterruptStatus;
5031:Middlewares/Third_Party/FreeRTOS/Source/tasks.c **** 
5032:Middlewares/Third_Party/FreeRTOS/Source/tasks.c **** 		configASSERT( xTaskToNotify );
5033:Middlewares/Third_Party/FreeRTOS/Source/tasks.c **** 
5034:Middlewares/Third_Party/FreeRTOS/Source/tasks.c **** 		/* RTOS ports that support interrupt nesting have the concept of a
5035:Middlewares/Third_Party/FreeRTOS/Source/tasks.c **** 		maximum	system call (or maximum API call) interrupt priority.
5036:Middlewares/Third_Party/FreeRTOS/Source/tasks.c **** 		Interrupts that are	above the maximum system call priority are keep
5037:Middlewares/Third_Party/FreeRTOS/Source/tasks.c **** 		permanently enabled, even when the RTOS kernel is in a critical section,
5038:Middlewares/Third_Party/FreeRTOS/Source/tasks.c **** 		but cannot make any calls to FreeRTOS API functions.  If configASSERT()
5039:Middlewares/Third_Party/FreeRTOS/Source/tasks.c **** 		is defined in FreeRTOSConfig.h then
5040:Middlewares/Third_Party/FreeRTOS/Source/tasks.c **** 		portASSERT_IF_INTERRUPT_PRIORITY_INVALID() will result in an assertion
5041:Middlewares/Third_Party/FreeRTOS/Source/tasks.c **** 		failure if a FreeRTOS API function is called from an interrupt that has
5042:Middlewares/Third_Party/FreeRTOS/Source/tasks.c **** 		been assigned a priority above the configured maximum system call
5043:Middlewares/Third_Party/FreeRTOS/Source/tasks.c **** 		priority.  Only FreeRTOS functions that end in FromISR can be called
5044:Middlewares/Third_Party/FreeRTOS/Source/tasks.c **** 		from interrupts	that have been assigned a priority at or (logically)
5045:Middlewares/Third_Party/FreeRTOS/Source/tasks.c **** 		below the maximum system call interrupt priority.  FreeRTOS maintains a
5046:Middlewares/Third_Party/FreeRTOS/Source/tasks.c **** 		separate interrupt safe API to ensure interrupt entry is as fast and as
5047:Middlewares/Third_Party/FreeRTOS/Source/tasks.c **** 		simple as possible.  More information (albeit Cortex-M specific) is
5048:Middlewares/Third_Party/FreeRTOS/Source/tasks.c **** 		provided on the following link:
5049:Middlewares/Third_Party/FreeRTOS/Source/tasks.c **** 		http://www.freertos.org/RTOS-Cortex-M3-M4.html */
5050:Middlewares/Third_Party/FreeRTOS/Source/tasks.c **** 		portASSERT_IF_INTERRUPT_PRIORITY_INVALID();
5051:Middlewares/Third_Party/FreeRTOS/Source/tasks.c **** 
5052:Middlewares/Third_Party/FreeRTOS/Source/tasks.c **** 		pxTCB = xTaskToNotify;
5053:Middlewares/Third_Party/FreeRTOS/Source/tasks.c **** 
5054:Middlewares/Third_Party/FreeRTOS/Source/tasks.c **** 		uxSavedInterruptStatus = portSET_INTERRUPT_MASK_FROM_ISR();
5055:Middlewares/Third_Party/FreeRTOS/Source/tasks.c **** 		{
5056:Middlewares/Third_Party/FreeRTOS/Source/tasks.c **** 			ucOriginalNotifyState = pxTCB->ucNotifyState;
5057:Middlewares/Third_Party/FreeRTOS/Source/tasks.c **** 			pxTCB->ucNotifyState = taskNOTIFICATION_RECEIVED;
5058:Middlewares/Third_Party/FreeRTOS/Source/tasks.c **** 
5059:Middlewares/Third_Party/FreeRTOS/Source/tasks.c **** 			/* 'Giving' is equivalent to incrementing a count in a counting
5060:Middlewares/Third_Party/FreeRTOS/Source/tasks.c **** 			semaphore. */
5061:Middlewares/Third_Party/FreeRTOS/Source/tasks.c **** 			( pxTCB->ulNotifiedValue )++;
5062:Middlewares/Third_Party/FreeRTOS/Source/tasks.c **** 
5063:Middlewares/Third_Party/FreeRTOS/Source/tasks.c **** 			traceTASK_NOTIFY_GIVE_FROM_ISR();
5064:Middlewares/Third_Party/FreeRTOS/Source/tasks.c **** 
5065:Middlewares/Third_Party/FreeRTOS/Source/tasks.c **** 			/* If the task is in the blocked state specifically to wait for a
5066:Middlewares/Third_Party/FreeRTOS/Source/tasks.c **** 			notification then unblock it now. */
5067:Middlewares/Third_Party/FreeRTOS/Source/tasks.c **** 			if( ucOriginalNotifyState == taskWAITING_NOTIFICATION )
5068:Middlewares/Third_Party/FreeRTOS/Source/tasks.c **** 			{
5069:Middlewares/Third_Party/FreeRTOS/Source/tasks.c **** 				/* The task should not have been on an event list. */
5070:Middlewares/Third_Party/FreeRTOS/Source/tasks.c **** 				configASSERT( listLIST_ITEM_CONTAINER( &( pxTCB->xEventListItem ) ) == NULL );
5071:Middlewares/Third_Party/FreeRTOS/Source/tasks.c **** 
5072:Middlewares/Third_Party/FreeRTOS/Source/tasks.c **** 				if( uxSchedulerSuspended == ( UBaseType_t ) pdFALSE )
5073:Middlewares/Third_Party/FreeRTOS/Source/tasks.c **** 				{
5074:Middlewares/Third_Party/FreeRTOS/Source/tasks.c **** 					( void ) uxListRemove( &( pxTCB->xStateListItem ) );
ARM GAS  /tmp/ccoDOEnO.s 			page 111


5075:Middlewares/Third_Party/FreeRTOS/Source/tasks.c **** 					prvAddTaskToReadyList( pxTCB );
5076:Middlewares/Third_Party/FreeRTOS/Source/tasks.c **** 				}
5077:Middlewares/Third_Party/FreeRTOS/Source/tasks.c **** 				else
5078:Middlewares/Third_Party/FreeRTOS/Source/tasks.c **** 				{
5079:Middlewares/Third_Party/FreeRTOS/Source/tasks.c **** 					/* The delayed and ready lists cannot be accessed, so hold
5080:Middlewares/Third_Party/FreeRTOS/Source/tasks.c **** 					this task pending until the scheduler is resumed. */
5081:Middlewares/Third_Party/FreeRTOS/Source/tasks.c **** 					vListInsertEnd( &( xPendingReadyList ), &( pxTCB->xEventListItem ) );
5082:Middlewares/Third_Party/FreeRTOS/Source/tasks.c **** 				}
5083:Middlewares/Third_Party/FreeRTOS/Source/tasks.c **** 
5084:Middlewares/Third_Party/FreeRTOS/Source/tasks.c **** 				if( pxTCB->uxPriority > pxCurrentTCB->uxPriority )
5085:Middlewares/Third_Party/FreeRTOS/Source/tasks.c **** 				{
5086:Middlewares/Third_Party/FreeRTOS/Source/tasks.c **** 					/* The notified task has a priority above the currently
5087:Middlewares/Third_Party/FreeRTOS/Source/tasks.c **** 					executing task so a yield is required. */
5088:Middlewares/Third_Party/FreeRTOS/Source/tasks.c **** 					if( pxHigherPriorityTaskWoken != NULL )
5089:Middlewares/Third_Party/FreeRTOS/Source/tasks.c **** 					{
5090:Middlewares/Third_Party/FreeRTOS/Source/tasks.c **** 						*pxHigherPriorityTaskWoken = pdTRUE;
5091:Middlewares/Third_Party/FreeRTOS/Source/tasks.c **** 					}
5092:Middlewares/Third_Party/FreeRTOS/Source/tasks.c **** 
5093:Middlewares/Third_Party/FreeRTOS/Source/tasks.c **** 					/* Mark that a yield is pending in case the user is not
5094:Middlewares/Third_Party/FreeRTOS/Source/tasks.c **** 					using the "xHigherPriorityTaskWoken" parameter in an ISR
5095:Middlewares/Third_Party/FreeRTOS/Source/tasks.c **** 					safe FreeRTOS function. */
5096:Middlewares/Third_Party/FreeRTOS/Source/tasks.c **** 					xYieldPending = pdTRUE;
5097:Middlewares/Third_Party/FreeRTOS/Source/tasks.c **** 				}
5098:Middlewares/Third_Party/FreeRTOS/Source/tasks.c **** 				else
5099:Middlewares/Third_Party/FreeRTOS/Source/tasks.c **** 				{
5100:Middlewares/Third_Party/FreeRTOS/Source/tasks.c **** 					mtCOVERAGE_TEST_MARKER();
5101:Middlewares/Third_Party/FreeRTOS/Source/tasks.c **** 				}
5102:Middlewares/Third_Party/FreeRTOS/Source/tasks.c **** 			}
5103:Middlewares/Third_Party/FreeRTOS/Source/tasks.c **** 		}
5104:Middlewares/Third_Party/FreeRTOS/Source/tasks.c **** 		portCLEAR_INTERRUPT_MASK_FROM_ISR( uxSavedInterruptStatus );
5105:Middlewares/Third_Party/FreeRTOS/Source/tasks.c **** 	}
5106:Middlewares/Third_Party/FreeRTOS/Source/tasks.c **** 
5107:Middlewares/Third_Party/FreeRTOS/Source/tasks.c **** #endif /* configUSE_TASK_NOTIFICATIONS */
5108:Middlewares/Third_Party/FreeRTOS/Source/tasks.c **** /*-----------------------------------------------------------*/
5109:Middlewares/Third_Party/FreeRTOS/Source/tasks.c **** 
5110:Middlewares/Third_Party/FreeRTOS/Source/tasks.c **** #if( configUSE_TASK_NOTIFICATIONS == 1 )
5111:Middlewares/Third_Party/FreeRTOS/Source/tasks.c **** 
5112:Middlewares/Third_Party/FreeRTOS/Source/tasks.c **** 	BaseType_t xTaskNotifyStateClear( TaskHandle_t xTask )
5113:Middlewares/Third_Party/FreeRTOS/Source/tasks.c **** 	{
5114:Middlewares/Third_Party/FreeRTOS/Source/tasks.c **** 	TCB_t *pxTCB;
5115:Middlewares/Third_Party/FreeRTOS/Source/tasks.c **** 	BaseType_t xReturn;
5116:Middlewares/Third_Party/FreeRTOS/Source/tasks.c **** 
5117:Middlewares/Third_Party/FreeRTOS/Source/tasks.c **** 		/* If null is passed in here then it is the calling task that is having
5118:Middlewares/Third_Party/FreeRTOS/Source/tasks.c **** 		its notification state cleared. */
5119:Middlewares/Third_Party/FreeRTOS/Source/tasks.c **** 		pxTCB = prvGetTCBFromHandle( xTask );
5120:Middlewares/Third_Party/FreeRTOS/Source/tasks.c **** 
5121:Middlewares/Third_Party/FreeRTOS/Source/tasks.c **** 		taskENTER_CRITICAL();
5122:Middlewares/Third_Party/FreeRTOS/Source/tasks.c **** 		{
5123:Middlewares/Third_Party/FreeRTOS/Source/tasks.c **** 			if( pxTCB->ucNotifyState == taskNOTIFICATION_RECEIVED )
5124:Middlewares/Third_Party/FreeRTOS/Source/tasks.c **** 			{
5125:Middlewares/Third_Party/FreeRTOS/Source/tasks.c **** 				pxTCB->ucNotifyState = taskNOT_WAITING_NOTIFICATION;
5126:Middlewares/Third_Party/FreeRTOS/Source/tasks.c **** 				xReturn = pdPASS;
5127:Middlewares/Third_Party/FreeRTOS/Source/tasks.c **** 			}
5128:Middlewares/Third_Party/FreeRTOS/Source/tasks.c **** 			else
5129:Middlewares/Third_Party/FreeRTOS/Source/tasks.c **** 			{
5130:Middlewares/Third_Party/FreeRTOS/Source/tasks.c **** 				xReturn = pdFAIL;
5131:Middlewares/Third_Party/FreeRTOS/Source/tasks.c **** 			}
ARM GAS  /tmp/ccoDOEnO.s 			page 112


5132:Middlewares/Third_Party/FreeRTOS/Source/tasks.c **** 		}
5133:Middlewares/Third_Party/FreeRTOS/Source/tasks.c **** 		taskEXIT_CRITICAL();
5134:Middlewares/Third_Party/FreeRTOS/Source/tasks.c **** 
5135:Middlewares/Third_Party/FreeRTOS/Source/tasks.c **** 		return xReturn;
5136:Middlewares/Third_Party/FreeRTOS/Source/tasks.c **** 	}
5137:Middlewares/Third_Party/FreeRTOS/Source/tasks.c **** 
5138:Middlewares/Third_Party/FreeRTOS/Source/tasks.c **** #endif /* configUSE_TASK_NOTIFICATIONS */
5139:Middlewares/Third_Party/FreeRTOS/Source/tasks.c **** /*-----------------------------------------------------------*/
5140:Middlewares/Third_Party/FreeRTOS/Source/tasks.c **** 
5141:Middlewares/Third_Party/FreeRTOS/Source/tasks.c **** #if( configUSE_TASK_NOTIFICATIONS == 1 )
5142:Middlewares/Third_Party/FreeRTOS/Source/tasks.c **** 
5143:Middlewares/Third_Party/FreeRTOS/Source/tasks.c **** 	uint32_t ulTaskNotifyValueClear( TaskHandle_t xTask, uint32_t ulBitsToClear )
5144:Middlewares/Third_Party/FreeRTOS/Source/tasks.c **** 	{
5145:Middlewares/Third_Party/FreeRTOS/Source/tasks.c **** 	TCB_t *pxTCB;
5146:Middlewares/Third_Party/FreeRTOS/Source/tasks.c **** 	uint32_t ulReturn;
5147:Middlewares/Third_Party/FreeRTOS/Source/tasks.c **** 
5148:Middlewares/Third_Party/FreeRTOS/Source/tasks.c **** 		/* If null is passed in here then it is the calling task that is having
5149:Middlewares/Third_Party/FreeRTOS/Source/tasks.c **** 		its notification state cleared. */
5150:Middlewares/Third_Party/FreeRTOS/Source/tasks.c **** 		pxTCB = prvGetTCBFromHandle( xTask );
5151:Middlewares/Third_Party/FreeRTOS/Source/tasks.c **** 
5152:Middlewares/Third_Party/FreeRTOS/Source/tasks.c **** 		taskENTER_CRITICAL();
5153:Middlewares/Third_Party/FreeRTOS/Source/tasks.c **** 		{
5154:Middlewares/Third_Party/FreeRTOS/Source/tasks.c **** 			/* Return the notification as it was before the bits were cleared,
5155:Middlewares/Third_Party/FreeRTOS/Source/tasks.c **** 			then clear the bit mask. */
5156:Middlewares/Third_Party/FreeRTOS/Source/tasks.c **** 			ulReturn = pxCurrentTCB->ulNotifiedValue;
5157:Middlewares/Third_Party/FreeRTOS/Source/tasks.c **** 			pxTCB->ulNotifiedValue &= ~ulBitsToClear;
5158:Middlewares/Third_Party/FreeRTOS/Source/tasks.c **** 		}
5159:Middlewares/Third_Party/FreeRTOS/Source/tasks.c **** 		taskEXIT_CRITICAL();
5160:Middlewares/Third_Party/FreeRTOS/Source/tasks.c **** 
5161:Middlewares/Third_Party/FreeRTOS/Source/tasks.c **** 		return ulReturn;
5162:Middlewares/Third_Party/FreeRTOS/Source/tasks.c **** 	}
5163:Middlewares/Third_Party/FreeRTOS/Source/tasks.c **** 
5164:Middlewares/Third_Party/FreeRTOS/Source/tasks.c **** #endif /* configUSE_TASK_NOTIFICATIONS */
5165:Middlewares/Third_Party/FreeRTOS/Source/tasks.c **** /*-----------------------------------------------------------*/
5166:Middlewares/Third_Party/FreeRTOS/Source/tasks.c **** 
5167:Middlewares/Third_Party/FreeRTOS/Source/tasks.c **** #if( ( configGENERATE_RUN_TIME_STATS == 1 ) && ( INCLUDE_xTaskGetIdleTaskHandle == 1 ) )
5168:Middlewares/Third_Party/FreeRTOS/Source/tasks.c **** 
5169:Middlewares/Third_Party/FreeRTOS/Source/tasks.c **** 	uint32_t ulTaskGetIdleRunTimeCounter( void )
5170:Middlewares/Third_Party/FreeRTOS/Source/tasks.c **** 	{
5171:Middlewares/Third_Party/FreeRTOS/Source/tasks.c **** 		return xIdleTaskHandle->ulRunTimeCounter;
5172:Middlewares/Third_Party/FreeRTOS/Source/tasks.c **** 	}
5173:Middlewares/Third_Party/FreeRTOS/Source/tasks.c **** 
5174:Middlewares/Third_Party/FreeRTOS/Source/tasks.c **** #endif
5175:Middlewares/Third_Party/FreeRTOS/Source/tasks.c **** /*-----------------------------------------------------------*/
5176:Middlewares/Third_Party/FreeRTOS/Source/tasks.c **** 
5177:Middlewares/Third_Party/FreeRTOS/Source/tasks.c **** static void prvAddCurrentTaskToDelayedList( TickType_t xTicksToWait, const BaseType_t xCanBlockInde
5178:Middlewares/Third_Party/FreeRTOS/Source/tasks.c **** {
 820              		.loc 1 5178 1 view -0
 821              		.cfi_startproc
 822              		@ args = 0, pretend = 0, frame = 0
 823              		@ frame_needed = 0, uses_anonymous_args = 0
 824              		.loc 1 5178 1 is_stmt 0 view .LVU236
 825 0000 70B5     		push	{r4, r5, r6, lr}
 826              	.LCFI7:
 827              		.cfi_def_cfa_offset 16
 828              		.cfi_offset 4, -16
 829              		.cfi_offset 5, -12
ARM GAS  /tmp/ccoDOEnO.s 			page 113


 830              		.cfi_offset 6, -8
 831              		.cfi_offset 14, -4
 832 0002 0446     		mov	r4, r0
 833 0004 0D46     		mov	r5, r1
5179:Middlewares/Third_Party/FreeRTOS/Source/tasks.c **** TickType_t xTimeToWake;
 834              		.loc 1 5179 1 is_stmt 1 view .LVU237
5180:Middlewares/Third_Party/FreeRTOS/Source/tasks.c **** const TickType_t xConstTickCount = xTickCount;
 835              		.loc 1 5180 1 view .LVU238
 836              		.loc 1 5180 18 is_stmt 0 view .LVU239
 837 0006 1D4B     		ldr	r3, .L75
 838 0008 1E68     		ldr	r6, [r3]
 839              	.LVL60:
5181:Middlewares/Third_Party/FreeRTOS/Source/tasks.c **** 
5182:Middlewares/Third_Party/FreeRTOS/Source/tasks.c **** 	#if( INCLUDE_xTaskAbortDelay == 1 )
5183:Middlewares/Third_Party/FreeRTOS/Source/tasks.c **** 	{
5184:Middlewares/Third_Party/FreeRTOS/Source/tasks.c **** 		/* About to enter a delayed list, so ensure the ucDelayAborted flag is
5185:Middlewares/Third_Party/FreeRTOS/Source/tasks.c **** 		reset to pdFALSE so it can be detected as having been set to pdTRUE
5186:Middlewares/Third_Party/FreeRTOS/Source/tasks.c **** 		when the task leaves the Blocked state. */
5187:Middlewares/Third_Party/FreeRTOS/Source/tasks.c **** 		pxCurrentTCB->ucDelayAborted = pdFALSE;
5188:Middlewares/Third_Party/FreeRTOS/Source/tasks.c **** 	}
5189:Middlewares/Third_Party/FreeRTOS/Source/tasks.c **** 	#endif
5190:Middlewares/Third_Party/FreeRTOS/Source/tasks.c **** 
5191:Middlewares/Third_Party/FreeRTOS/Source/tasks.c **** 	/* Remove the task from the ready list before adding it to the blocked list
5192:Middlewares/Third_Party/FreeRTOS/Source/tasks.c **** 	as the same list item is used for both lists. */
5193:Middlewares/Third_Party/FreeRTOS/Source/tasks.c **** 	if( uxListRemove( &( pxCurrentTCB->xStateListItem ) ) == ( UBaseType_t ) 0 )
 840              		.loc 1 5193 2 is_stmt 1 view .LVU240
 841              		.loc 1 5193 35 is_stmt 0 view .LVU241
 842 000a 1D4B     		ldr	r3, .L75+4
 843 000c 1868     		ldr	r0, [r3]
 844              	.LVL61:
 845              		.loc 1 5193 6 view .LVU242
 846 000e 0430     		adds	r0, r0, #4
 847 0010 FFF7FEFF 		bl	uxListRemove
 848              	.LVL62:
 849              		.loc 1 5193 4 view .LVU243
 850 0014 50B9     		cbnz	r0, .L69
5194:Middlewares/Third_Party/FreeRTOS/Source/tasks.c **** 	{
5195:Middlewares/Third_Party/FreeRTOS/Source/tasks.c **** 		/* The current task must be in a ready list, so there is no need to
5196:Middlewares/Third_Party/FreeRTOS/Source/tasks.c **** 		check, and the port reset macro can be called directly. */
5197:Middlewares/Third_Party/FreeRTOS/Source/tasks.c **** 		portRESET_READY_PRIORITY( pxCurrentTCB->uxPriority, uxTopReadyPriority ); /*lint !e931 pxCurrentT
 851              		.loc 1 5197 3 is_stmt 1 view .LVU244
 852 0016 1A4B     		ldr	r3, .L75+4
 853 0018 1B68     		ldr	r3, [r3]
 854 001a DA6A     		ldr	r2, [r3, #44]
 855 001c 0123     		movs	r3, #1
 856 001e 03FA02F2 		lsl	r2, r3, r2
 857 0022 1849     		ldr	r1, .L75+8
 858 0024 0B68     		ldr	r3, [r1]
 859 0026 23EA0203 		bic	r3, r3, r2
 860 002a 0B60     		str	r3, [r1]
 861              	.L69:
5198:Middlewares/Third_Party/FreeRTOS/Source/tasks.c **** 	}
5199:Middlewares/Third_Party/FreeRTOS/Source/tasks.c **** 	else
5200:Middlewares/Third_Party/FreeRTOS/Source/tasks.c **** 	{
5201:Middlewares/Third_Party/FreeRTOS/Source/tasks.c **** 		mtCOVERAGE_TEST_MARKER();
 862              		.loc 1 5201 27 view .LVU245
5202:Middlewares/Third_Party/FreeRTOS/Source/tasks.c **** 	}
ARM GAS  /tmp/ccoDOEnO.s 			page 114


5203:Middlewares/Third_Party/FreeRTOS/Source/tasks.c **** 
5204:Middlewares/Third_Party/FreeRTOS/Source/tasks.c **** 	#if ( INCLUDE_vTaskSuspend == 1 )
5205:Middlewares/Third_Party/FreeRTOS/Source/tasks.c **** 	{
5206:Middlewares/Third_Party/FreeRTOS/Source/tasks.c **** 		if( ( xTicksToWait == portMAX_DELAY ) && ( xCanBlockIndefinitely != pdFALSE ) )
 863              		.loc 1 5206 3 view .LVU246
 864              		.loc 1 5206 5 is_stmt 0 view .LVU247
 865 002c B4F1FF3F 		cmp	r4, #-1
 866 0030 0DD0     		beq	.L74
 867              	.L70:
5207:Middlewares/Third_Party/FreeRTOS/Source/tasks.c **** 		{
5208:Middlewares/Third_Party/FreeRTOS/Source/tasks.c **** 			/* Add the task to the suspended task list instead of a delayed task
5209:Middlewares/Third_Party/FreeRTOS/Source/tasks.c **** 			list to ensure it is not woken by a timing event.  It will block
5210:Middlewares/Third_Party/FreeRTOS/Source/tasks.c **** 			indefinitely. */
5211:Middlewares/Third_Party/FreeRTOS/Source/tasks.c **** 			vListInsertEnd( &xSuspendedTaskList, &( pxCurrentTCB->xStateListItem ) );
5212:Middlewares/Third_Party/FreeRTOS/Source/tasks.c **** 		}
5213:Middlewares/Third_Party/FreeRTOS/Source/tasks.c **** 		else
5214:Middlewares/Third_Party/FreeRTOS/Source/tasks.c **** 		{
5215:Middlewares/Third_Party/FreeRTOS/Source/tasks.c **** 			/* Calculate the time at which the task should be woken if the event
5216:Middlewares/Third_Party/FreeRTOS/Source/tasks.c **** 			does not occur.  This may overflow but this doesn't matter, the
5217:Middlewares/Third_Party/FreeRTOS/Source/tasks.c **** 			kernel will manage it correctly. */
5218:Middlewares/Third_Party/FreeRTOS/Source/tasks.c **** 			xTimeToWake = xConstTickCount + xTicksToWait;
 868              		.loc 1 5218 4 is_stmt 1 view .LVU248
 869              		.loc 1 5218 16 is_stmt 0 view .LVU249
 870 0032 3444     		add	r4, r4, r6
 871              	.LVL63:
5219:Middlewares/Third_Party/FreeRTOS/Source/tasks.c **** 
5220:Middlewares/Third_Party/FreeRTOS/Source/tasks.c **** 			/* The list item will be inserted in wake time order. */
5221:Middlewares/Third_Party/FreeRTOS/Source/tasks.c **** 			listSET_LIST_ITEM_VALUE( &( pxCurrentTCB->xStateListItem ), xTimeToWake );
 872              		.loc 1 5221 4 is_stmt 1 view .LVU250
 873 0034 124B     		ldr	r3, .L75+4
 874 0036 1B68     		ldr	r3, [r3]
 875 0038 5C60     		str	r4, [r3, #4]
5222:Middlewares/Third_Party/FreeRTOS/Source/tasks.c **** 
5223:Middlewares/Third_Party/FreeRTOS/Source/tasks.c **** 			if( xTimeToWake < xConstTickCount )
 876              		.loc 1 5223 4 view .LVU251
 877              		.loc 1 5223 6 is_stmt 0 view .LVU252
 878 003a A642     		cmp	r6, r4
 879 003c 10D9     		bls	.L72
5224:Middlewares/Third_Party/FreeRTOS/Source/tasks.c **** 			{
5225:Middlewares/Third_Party/FreeRTOS/Source/tasks.c **** 				/* Wake time has overflowed.  Place this item in the overflow
5226:Middlewares/Third_Party/FreeRTOS/Source/tasks.c **** 				list. */
5227:Middlewares/Third_Party/FreeRTOS/Source/tasks.c **** 				vListInsert( pxOverflowDelayedTaskList, &( pxCurrentTCB->xStateListItem ) );
 880              		.loc 1 5227 5 is_stmt 1 view .LVU253
 881 003e 124B     		ldr	r3, .L75+12
 882 0040 1868     		ldr	r0, [r3]
 883              		.loc 1 5227 60 is_stmt 0 view .LVU254
 884 0042 0F4B     		ldr	r3, .L75+4
 885 0044 1968     		ldr	r1, [r3]
 886              		.loc 1 5227 5 view .LVU255
 887 0046 0431     		adds	r1, r1, #4
 888 0048 FFF7FEFF 		bl	vListInsert
 889              	.LVL64:
 890              	.L68:
5228:Middlewares/Third_Party/FreeRTOS/Source/tasks.c **** 			}
5229:Middlewares/Third_Party/FreeRTOS/Source/tasks.c **** 			else
5230:Middlewares/Third_Party/FreeRTOS/Source/tasks.c **** 			{
5231:Middlewares/Third_Party/FreeRTOS/Source/tasks.c **** 				/* The wake time has not overflowed, so the current block list
ARM GAS  /tmp/ccoDOEnO.s 			page 115


5232:Middlewares/Third_Party/FreeRTOS/Source/tasks.c **** 				is used. */
5233:Middlewares/Third_Party/FreeRTOS/Source/tasks.c **** 				vListInsert( pxDelayedTaskList, &( pxCurrentTCB->xStateListItem ) );
5234:Middlewares/Third_Party/FreeRTOS/Source/tasks.c **** 
5235:Middlewares/Third_Party/FreeRTOS/Source/tasks.c **** 				/* If the task entering the blocked state was placed at the
5236:Middlewares/Third_Party/FreeRTOS/Source/tasks.c **** 				head of the list of blocked tasks then xNextTaskUnblockTime
5237:Middlewares/Third_Party/FreeRTOS/Source/tasks.c **** 				needs to be updated too. */
5238:Middlewares/Third_Party/FreeRTOS/Source/tasks.c **** 				if( xTimeToWake < xNextTaskUnblockTime )
5239:Middlewares/Third_Party/FreeRTOS/Source/tasks.c **** 				{
5240:Middlewares/Third_Party/FreeRTOS/Source/tasks.c **** 					xNextTaskUnblockTime = xTimeToWake;
5241:Middlewares/Third_Party/FreeRTOS/Source/tasks.c **** 				}
5242:Middlewares/Third_Party/FreeRTOS/Source/tasks.c **** 				else
5243:Middlewares/Third_Party/FreeRTOS/Source/tasks.c **** 				{
5244:Middlewares/Third_Party/FreeRTOS/Source/tasks.c **** 					mtCOVERAGE_TEST_MARKER();
5245:Middlewares/Third_Party/FreeRTOS/Source/tasks.c **** 				}
5246:Middlewares/Third_Party/FreeRTOS/Source/tasks.c **** 			}
5247:Middlewares/Third_Party/FreeRTOS/Source/tasks.c **** 		}
5248:Middlewares/Third_Party/FreeRTOS/Source/tasks.c **** 	}
5249:Middlewares/Third_Party/FreeRTOS/Source/tasks.c **** 	#else /* INCLUDE_vTaskSuspend */
5250:Middlewares/Third_Party/FreeRTOS/Source/tasks.c **** 	{
5251:Middlewares/Third_Party/FreeRTOS/Source/tasks.c **** 		/* Calculate the time at which the task should be woken if the event
5252:Middlewares/Third_Party/FreeRTOS/Source/tasks.c **** 		does not occur.  This may overflow but this doesn't matter, the kernel
5253:Middlewares/Third_Party/FreeRTOS/Source/tasks.c **** 		will manage it correctly. */
5254:Middlewares/Third_Party/FreeRTOS/Source/tasks.c **** 		xTimeToWake = xConstTickCount + xTicksToWait;
5255:Middlewares/Third_Party/FreeRTOS/Source/tasks.c **** 
5256:Middlewares/Third_Party/FreeRTOS/Source/tasks.c **** 		/* The list item will be inserted in wake time order. */
5257:Middlewares/Third_Party/FreeRTOS/Source/tasks.c **** 		listSET_LIST_ITEM_VALUE( &( pxCurrentTCB->xStateListItem ), xTimeToWake );
5258:Middlewares/Third_Party/FreeRTOS/Source/tasks.c **** 
5259:Middlewares/Third_Party/FreeRTOS/Source/tasks.c **** 		if( xTimeToWake < xConstTickCount )
5260:Middlewares/Third_Party/FreeRTOS/Source/tasks.c **** 		{
5261:Middlewares/Third_Party/FreeRTOS/Source/tasks.c **** 			/* Wake time has overflowed.  Place this item in the overflow list. */
5262:Middlewares/Third_Party/FreeRTOS/Source/tasks.c **** 			vListInsert( pxOverflowDelayedTaskList, &( pxCurrentTCB->xStateListItem ) );
5263:Middlewares/Third_Party/FreeRTOS/Source/tasks.c **** 		}
5264:Middlewares/Third_Party/FreeRTOS/Source/tasks.c **** 		else
5265:Middlewares/Third_Party/FreeRTOS/Source/tasks.c **** 		{
5266:Middlewares/Third_Party/FreeRTOS/Source/tasks.c **** 			/* The wake time has not overflowed, so the current block list is used. */
5267:Middlewares/Third_Party/FreeRTOS/Source/tasks.c **** 			vListInsert( pxDelayedTaskList, &( pxCurrentTCB->xStateListItem ) );
5268:Middlewares/Third_Party/FreeRTOS/Source/tasks.c **** 
5269:Middlewares/Third_Party/FreeRTOS/Source/tasks.c **** 			/* If the task entering the blocked state was placed at the head of the
5270:Middlewares/Third_Party/FreeRTOS/Source/tasks.c **** 			list of blocked tasks then xNextTaskUnblockTime needs to be updated
5271:Middlewares/Third_Party/FreeRTOS/Source/tasks.c **** 			too. */
5272:Middlewares/Third_Party/FreeRTOS/Source/tasks.c **** 			if( xTimeToWake < xNextTaskUnblockTime )
5273:Middlewares/Third_Party/FreeRTOS/Source/tasks.c **** 			{
5274:Middlewares/Third_Party/FreeRTOS/Source/tasks.c **** 				xNextTaskUnblockTime = xTimeToWake;
5275:Middlewares/Third_Party/FreeRTOS/Source/tasks.c **** 			}
5276:Middlewares/Third_Party/FreeRTOS/Source/tasks.c **** 			else
5277:Middlewares/Third_Party/FreeRTOS/Source/tasks.c **** 			{
5278:Middlewares/Third_Party/FreeRTOS/Source/tasks.c **** 				mtCOVERAGE_TEST_MARKER();
5279:Middlewares/Third_Party/FreeRTOS/Source/tasks.c **** 			}
5280:Middlewares/Third_Party/FreeRTOS/Source/tasks.c **** 		}
5281:Middlewares/Third_Party/FreeRTOS/Source/tasks.c **** 
5282:Middlewares/Third_Party/FreeRTOS/Source/tasks.c **** 		/* Avoid compiler warning when INCLUDE_vTaskSuspend is not 1. */
5283:Middlewares/Third_Party/FreeRTOS/Source/tasks.c **** 		( void ) xCanBlockIndefinitely;
5284:Middlewares/Third_Party/FreeRTOS/Source/tasks.c **** 	}
5285:Middlewares/Third_Party/FreeRTOS/Source/tasks.c **** 	#endif /* INCLUDE_vTaskSuspend */
5286:Middlewares/Third_Party/FreeRTOS/Source/tasks.c **** }
 891              		.loc 1 5286 1 view .LVU256
 892 004c 70BD     		pop	{r4, r5, r6, pc}
ARM GAS  /tmp/ccoDOEnO.s 			page 116


 893              	.LVL65:
 894              	.L74:
5206:Middlewares/Third_Party/FreeRTOS/Source/tasks.c **** 		{
 895              		.loc 1 5206 41 discriminator 1 view .LVU257
 896 004e 002D     		cmp	r5, #0
 897 0050 EFD0     		beq	.L70
5211:Middlewares/Third_Party/FreeRTOS/Source/tasks.c **** 		}
 898              		.loc 1 5211 4 is_stmt 1 view .LVU258
5211:Middlewares/Third_Party/FreeRTOS/Source/tasks.c **** 		}
 899              		.loc 1 5211 56 is_stmt 0 view .LVU259
 900 0052 0B4B     		ldr	r3, .L75+4
 901 0054 1968     		ldr	r1, [r3]
5211:Middlewares/Third_Party/FreeRTOS/Source/tasks.c **** 		}
 902              		.loc 1 5211 4 view .LVU260
 903 0056 0431     		adds	r1, r1, #4
 904 0058 0C48     		ldr	r0, .L75+16
 905 005a FFF7FEFF 		bl	vListInsertEnd
 906              	.LVL66:
 907 005e F5E7     		b	.L68
 908              	.LVL67:
 909              	.L72:
5233:Middlewares/Third_Party/FreeRTOS/Source/tasks.c **** 
 910              		.loc 1 5233 5 is_stmt 1 view .LVU261
 911 0060 0B4B     		ldr	r3, .L75+20
 912 0062 1868     		ldr	r0, [r3]
5233:Middlewares/Third_Party/FreeRTOS/Source/tasks.c **** 
 913              		.loc 1 5233 52 is_stmt 0 view .LVU262
 914 0064 064B     		ldr	r3, .L75+4
 915 0066 1968     		ldr	r1, [r3]
5233:Middlewares/Third_Party/FreeRTOS/Source/tasks.c **** 
 916              		.loc 1 5233 5 view .LVU263
 917 0068 0431     		adds	r1, r1, #4
 918 006a FFF7FEFF 		bl	vListInsert
 919              	.LVL68:
5238:Middlewares/Third_Party/FreeRTOS/Source/tasks.c **** 				{
 920              		.loc 1 5238 5 is_stmt 1 view .LVU264
5238:Middlewares/Third_Party/FreeRTOS/Source/tasks.c **** 				{
 921              		.loc 1 5238 21 is_stmt 0 view .LVU265
 922 006e 094B     		ldr	r3, .L75+24
 923 0070 1B68     		ldr	r3, [r3]
5238:Middlewares/Third_Party/FreeRTOS/Source/tasks.c **** 				{
 924              		.loc 1 5238 7 view .LVU266
 925 0072 A342     		cmp	r3, r4
 926 0074 EAD9     		bls	.L68
5240:Middlewares/Third_Party/FreeRTOS/Source/tasks.c **** 				}
 927              		.loc 1 5240 6 is_stmt 1 view .LVU267
5240:Middlewares/Third_Party/FreeRTOS/Source/tasks.c **** 				}
 928              		.loc 1 5240 27 is_stmt 0 view .LVU268
 929 0076 074B     		ldr	r3, .L75+24
 930 0078 1C60     		str	r4, [r3]
5244:Middlewares/Third_Party/FreeRTOS/Source/tasks.c **** 				}
 931              		.loc 1 5244 30 is_stmt 1 view .LVU269
 932              		.loc 1 5286 1 is_stmt 0 view .LVU270
 933 007a E7E7     		b	.L68
 934              	.L76:
 935              		.align	2
 936              	.L75:
ARM GAS  /tmp/ccoDOEnO.s 			page 117


 937 007c 00000000 		.word	.LANCHOR15
 938 0080 00000000 		.word	.LANCHOR10
 939 0084 00000000 		.word	.LANCHOR13
 940 0088 00000000 		.word	.LANCHOR8
 941 008c 00000000 		.word	.LANCHOR0
 942 0090 00000000 		.word	.LANCHOR2
 943 0094 00000000 		.word	.LANCHOR3
 944              		.cfi_endproc
 945              	.LFE56:
 947              		.section	.text.xTaskCreateStatic,"ax",%progbits
 948              		.align	1
 949              		.global	xTaskCreateStatic
 950              		.syntax unified
 951              		.thumb
 952              		.thumb_func
 954              	xTaskCreateStatic:
 955              	.LVL69:
 956              	.LFB5:
 588:Middlewares/Third_Party/FreeRTOS/Source/tasks.c **** 	TCB_t *pxNewTCB;
 957              		.loc 1 588 2 is_stmt 1 view -0
 958              		.cfi_startproc
 959              		@ args = 12, pretend = 0, frame = 8
 960              		@ frame_needed = 0, uses_anonymous_args = 0
 588:Middlewares/Third_Party/FreeRTOS/Source/tasks.c **** 	TCB_t *pxNewTCB;
 961              		.loc 1 588 2 is_stmt 0 view .LVU272
 962 0000 30B5     		push	{r4, r5, lr}
 963              	.LCFI8:
 964              		.cfi_def_cfa_offset 12
 965              		.cfi_offset 4, -12
 966              		.cfi_offset 5, -8
 967              		.cfi_offset 14, -4
 968 0002 87B0     		sub	sp, sp, #28
 969              	.LCFI9:
 970              		.cfi_def_cfa_offset 40
 971 0004 0B9C     		ldr	r4, [sp, #44]
 589:Middlewares/Third_Party/FreeRTOS/Source/tasks.c **** 	TaskHandle_t xReturn;
 972              		.loc 1 589 2 is_stmt 1 view .LVU273
 590:Middlewares/Third_Party/FreeRTOS/Source/tasks.c **** 
 973              		.loc 1 590 2 view .LVU274
 592:Middlewares/Third_Party/FreeRTOS/Source/tasks.c **** 		configASSERT( pxTaskBuffer != NULL );
 974              		.loc 1 592 3 view .LVU275
 975 0006 7CB1     		cbz	r4, .L85
 592:Middlewares/Third_Party/FreeRTOS/Source/tasks.c **** 		configASSERT( pxTaskBuffer != NULL );
 976              		.loc 1 592 41 discriminator 2 view .LVU276
 593:Middlewares/Third_Party/FreeRTOS/Source/tasks.c **** 
 977              		.loc 1 593 3 discriminator 2 view .LVU277
 978 0008 0C9D     		ldr	r5, [sp, #48]
 979 000a B5B1     		cbz	r5, .L86
 593:Middlewares/Third_Party/FreeRTOS/Source/tasks.c **** 
 980              		.loc 1 593 39 discriminator 2 view .LVU278
 981              	.LBB116:
 600:Middlewares/Third_Party/FreeRTOS/Source/tasks.c **** 			configASSERT( xSize == sizeof( TCB_t ) );
 982              		.loc 1 600 4 discriminator 2 view .LVU279
 600:Middlewares/Third_Party/FreeRTOS/Source/tasks.c **** 			configASSERT( xSize == sizeof( TCB_t ) );
 983              		.loc 1 600 20 is_stmt 0 discriminator 2 view .LVU280
 984 000c 5425     		movs	r5, #84
 985 000e 0495     		str	r5, [sp, #16]
ARM GAS  /tmp/ccoDOEnO.s 			page 118


 601:Middlewares/Third_Party/FreeRTOS/Source/tasks.c **** 			( void ) xSize; /* Prevent lint warning when configASSERT() is not used. */
 986              		.loc 1 601 4 is_stmt 1 discriminator 2 view .LVU281
 987 0010 049D     		ldr	r5, [sp, #16]
 988 0012 542D     		cmp	r5, #84
 989 0014 1AD0     		beq	.L82
 601:Middlewares/Third_Party/FreeRTOS/Source/tasks.c **** 			( void ) xSize; /* Prevent lint warning when configASSERT() is not used. */
 990              		.loc 1 601 4 view .LVU282
 991              	.LBB117:
 992              	.LBI117:
 193:Middlewares/Third_Party/FreeRTOS/Source/portable/GCC/ARM_CM3/portmacro.h **** {
 993              		.loc 2 193 30 view .LVU283
 994              	.LBB118:
 195:Middlewares/Third_Party/FreeRTOS/Source/portable/GCC/ARM_CM3/portmacro.h **** 
 995              		.loc 2 195 1 view .LVU284
 996              		.loc 2 197 2 view .LVU285
 997              		.syntax unified
 998              	@ 197 "Middlewares/Third_Party/FreeRTOS/Source/portable/GCC/ARM_CM3/portmacro.h" 1
 999 0016 4FF05003 			mov r3, #80												
 1000 001a 83F31188 		msr basepri, r3											
 1001 001e BFF36F8F 		isb														
 1002 0022 BFF34F8F 		dsb														
 1003              	
 1004              	@ 0 "" 2
 1005              	.LVL70:
 1006              		.thumb
 1007              		.syntax unified
 1008              	.L83:
 1009              		.loc 2 197 2 is_stmt 0 view .LVU286
 1010              	.LBE118:
 1011              	.LBE117:
 601:Middlewares/Third_Party/FreeRTOS/Source/tasks.c **** 			( void ) xSize; /* Prevent lint warning when configASSERT() is not used. */
 1012              		.loc 1 601 4 is_stmt 1 discriminator 3 view .LVU287
 601:Middlewares/Third_Party/FreeRTOS/Source/tasks.c **** 			( void ) xSize; /* Prevent lint warning when configASSERT() is not used. */
 1013              		.loc 1 601 4 discriminator 3 view .LVU288
 601:Middlewares/Third_Party/FreeRTOS/Source/tasks.c **** 			( void ) xSize; /* Prevent lint warning when configASSERT() is not used. */
 1014              		.loc 1 601 4 discriminator 3 view .LVU289
 1015 0026 FEE7     		b	.L83
 1016              	.LVL71:
 1017              	.L85:
 601:Middlewares/Third_Party/FreeRTOS/Source/tasks.c **** 			( void ) xSize; /* Prevent lint warning when configASSERT() is not used. */
 1018              		.loc 1 601 4 is_stmt 0 discriminator 3 view .LVU290
 1019              	.LBE116:
 592:Middlewares/Third_Party/FreeRTOS/Source/tasks.c **** 		configASSERT( pxTaskBuffer != NULL );
 1020              		.loc 1 592 3 is_stmt 1 view .LVU291
 1021              	.LBB119:
 1022              	.LBI119:
 193:Middlewares/Third_Party/FreeRTOS/Source/portable/GCC/ARM_CM3/portmacro.h **** {
 1023              		.loc 2 193 30 view .LVU292
 1024              	.LBB120:
 195:Middlewares/Third_Party/FreeRTOS/Source/portable/GCC/ARM_CM3/portmacro.h **** 
 1025              		.loc 2 195 1 view .LVU293
 1026              		.loc 2 197 2 view .LVU294
 1027              		.syntax unified
 1028              	@ 197 "Middlewares/Third_Party/FreeRTOS/Source/portable/GCC/ARM_CM3/portmacro.h" 1
 1029 0028 4FF05003 			mov r3, #80												
 1030 002c 83F31188 		msr basepri, r3											
 1031 0030 BFF36F8F 		isb														
ARM GAS  /tmp/ccoDOEnO.s 			page 119


 1032 0034 BFF34F8F 		dsb														
 1033              	
 1034              	@ 0 "" 2
 1035              	.LVL72:
 1036              		.thumb
 1037              		.syntax unified
 1038              	.L79:
 1039              		.loc 2 197 2 is_stmt 0 view .LVU295
 1040              	.LBE120:
 1041              	.LBE119:
 592:Middlewares/Third_Party/FreeRTOS/Source/tasks.c **** 		configASSERT( pxTaskBuffer != NULL );
 1042              		.loc 1 592 3 is_stmt 1 discriminator 1 view .LVU296
 592:Middlewares/Third_Party/FreeRTOS/Source/tasks.c **** 		configASSERT( pxTaskBuffer != NULL );
 1043              		.loc 1 592 3 discriminator 1 view .LVU297
 592:Middlewares/Third_Party/FreeRTOS/Source/tasks.c **** 		configASSERT( pxTaskBuffer != NULL );
 1044              		.loc 1 592 3 discriminator 1 view .LVU298
 1045 0038 FEE7     		b	.L79
 1046              	.LVL73:
 1047              	.L86:
 593:Middlewares/Third_Party/FreeRTOS/Source/tasks.c **** 
 1048              		.loc 1 593 3 view .LVU299
 1049              	.LBB121:
 1050              	.LBI121:
 193:Middlewares/Third_Party/FreeRTOS/Source/portable/GCC/ARM_CM3/portmacro.h **** {
 1051              		.loc 2 193 30 view .LVU300
 1052              	.LBB122:
 195:Middlewares/Third_Party/FreeRTOS/Source/portable/GCC/ARM_CM3/portmacro.h **** 
 1053              		.loc 2 195 1 view .LVU301
 1054              		.loc 2 197 2 view .LVU302
 1055              		.syntax unified
 1056              	@ 197 "Middlewares/Third_Party/FreeRTOS/Source/portable/GCC/ARM_CM3/portmacro.h" 1
 1057 003a 4FF05003 			mov r3, #80												
 1058 003e 83F31188 		msr basepri, r3											
 1059 0042 BFF36F8F 		isb														
 1060 0046 BFF34F8F 		dsb														
 1061              	
 1062              	@ 0 "" 2
 1063              	.LVL74:
 1064              		.thumb
 1065              		.syntax unified
 1066              	.L81:
 1067              		.loc 2 197 2 is_stmt 0 view .LVU303
 1068              	.LBE122:
 1069              	.LBE121:
 593:Middlewares/Third_Party/FreeRTOS/Source/tasks.c **** 
 1070              		.loc 1 593 3 is_stmt 1 discriminator 2 view .LVU304
 593:Middlewares/Third_Party/FreeRTOS/Source/tasks.c **** 
 1071              		.loc 1 593 3 discriminator 2 view .LVU305
 593:Middlewares/Third_Party/FreeRTOS/Source/tasks.c **** 
 1072              		.loc 1 593 3 discriminator 2 view .LVU306
 1073 004a FEE7     		b	.L81
 1074              	.LVL75:
 1075              	.L82:
 1076              	.LBB123:
 601:Middlewares/Third_Party/FreeRTOS/Source/tasks.c **** 			( void ) xSize; /* Prevent lint warning when configASSERT() is not used. */
 1077              		.loc 1 601 44 discriminator 2 view .LVU307
 602:Middlewares/Third_Party/FreeRTOS/Source/tasks.c **** 		}
ARM GAS  /tmp/ccoDOEnO.s 			page 120


 1078              		.loc 1 602 4 discriminator 2 view .LVU308
 1079 004c 049D     		ldr	r5, [sp, #16]
 1080              	.LBE123:
 607:Middlewares/Third_Party/FreeRTOS/Source/tasks.c **** 		{
 1081              		.loc 1 607 3 discriminator 2 view .LVU309
 611:Middlewares/Third_Party/FreeRTOS/Source/tasks.c **** 			pxNewTCB->pxStack = ( StackType_t * ) puxStackBuffer;
 1082              		.loc 1 611 4 discriminator 2 view .LVU310
 1083              	.LVL76:
 612:Middlewares/Third_Party/FreeRTOS/Source/tasks.c **** 
 1084              		.loc 1 612 4 discriminator 2 view .LVU311
 612:Middlewares/Third_Party/FreeRTOS/Source/tasks.c **** 
 1085              		.loc 1 612 22 is_stmt 0 discriminator 2 view .LVU312
 1086 004e 0C9D     		ldr	r5, [sp, #48]
 1087 0050 2C63     		str	r4, [r5, #48]
 618:Middlewares/Third_Party/FreeRTOS/Source/tasks.c **** 			}
 1088              		.loc 1 618 5 is_stmt 1 discriminator 2 view .LVU313
 618:Middlewares/Third_Party/FreeRTOS/Source/tasks.c **** 			}
 1089              		.loc 1 618 37 is_stmt 0 discriminator 2 view .LVU314
 1090 0052 0224     		movs	r4, #2
 1091 0054 85F85140 		strb	r4, [r5, #81]
 622:Middlewares/Third_Party/FreeRTOS/Source/tasks.c **** 			prvAddNewTaskToReadyList( pxNewTCB );
 1092              		.loc 1 622 4 is_stmt 1 discriminator 2 view .LVU315
 1093 0058 0024     		movs	r4, #0
 1094 005a 0394     		str	r4, [sp, #12]
 1095 005c 0295     		str	r5, [sp, #8]
 1096 005e 05AC     		add	r4, sp, #20
 1097 0060 0194     		str	r4, [sp, #4]
 1098 0062 0A9C     		ldr	r4, [sp, #40]
 1099 0064 0094     		str	r4, [sp]
 1100 0066 FFF7FEFF 		bl	prvInitialiseNewTask
 1101              	.LVL77:
 623:Middlewares/Third_Party/FreeRTOS/Source/tasks.c **** 		}
 1102              		.loc 1 623 4 discriminator 2 view .LVU316
 1103 006a 0C98     		ldr	r0, [sp, #48]
 1104 006c FFF7FEFF 		bl	prvAddNewTaskToReadyList
 1105              	.LVL78:
 630:Middlewares/Third_Party/FreeRTOS/Source/tasks.c **** 	}
 1106              		.loc 1 630 3 discriminator 2 view .LVU317
 631:Middlewares/Third_Party/FreeRTOS/Source/tasks.c **** 
 1107              		.loc 1 631 2 is_stmt 0 discriminator 2 view .LVU318
 1108 0070 0598     		ldr	r0, [sp, #20]
 1109 0072 07B0     		add	sp, sp, #28
 1110              	.LCFI10:
 1111              		.cfi_def_cfa_offset 12
 1112              		@ sp needed
 1113 0074 30BD     		pop	{r4, r5, pc}
 631:Middlewares/Third_Party/FreeRTOS/Source/tasks.c **** 
 1114              		.loc 1 631 2 discriminator 2 view .LVU319
 1115              		.cfi_endproc
 1116              	.LFE5:
 1118              		.section	.text.xTaskCreate,"ax",%progbits
 1119              		.align	1
 1120              		.global	xTaskCreate
 1121              		.syntax unified
 1122              		.thumb
 1123              		.thumb_func
 1125              	xTaskCreate:
ARM GAS  /tmp/ccoDOEnO.s 			page 121


 1126              	.LVL79:
 1127              	.LFB6:
 739:Middlewares/Third_Party/FreeRTOS/Source/tasks.c **** 	TCB_t *pxNewTCB;
 1128              		.loc 1 739 2 is_stmt 1 view -0
 1129              		.cfi_startproc
 1130              		@ args = 8, pretend = 0, frame = 0
 1131              		@ frame_needed = 0, uses_anonymous_args = 0
 739:Middlewares/Third_Party/FreeRTOS/Source/tasks.c **** 	TCB_t *pxNewTCB;
 1132              		.loc 1 739 2 is_stmt 0 view .LVU321
 1133 0000 2DE9F043 		push	{r4, r5, r6, r7, r8, r9, lr}
 1134              	.LCFI11:
 1135              		.cfi_def_cfa_offset 28
 1136              		.cfi_offset 4, -28
 1137              		.cfi_offset 5, -24
 1138              		.cfi_offset 6, -20
 1139              		.cfi_offset 7, -16
 1140              		.cfi_offset 8, -12
 1141              		.cfi_offset 9, -8
 1142              		.cfi_offset 14, -4
 1143 0004 85B0     		sub	sp, sp, #20
 1144              	.LCFI12:
 1145              		.cfi_def_cfa_offset 48
 1146 0006 0746     		mov	r7, r0
 1147 0008 8846     		mov	r8, r1
 1148 000a 1446     		mov	r4, r2
 1149 000c 1E46     		mov	r6, r3
 740:Middlewares/Third_Party/FreeRTOS/Source/tasks.c **** 	BaseType_t xReturn;
 1150              		.loc 1 740 2 is_stmt 1 view .LVU322
 741:Middlewares/Third_Party/FreeRTOS/Source/tasks.c **** 
 1151              		.loc 1 741 2 view .LVU323
 1152              	.LBB124:
 770:Middlewares/Third_Party/FreeRTOS/Source/tasks.c **** 
 1153              		.loc 1 770 3 view .LVU324
 773:Middlewares/Third_Party/FreeRTOS/Source/tasks.c **** 
 1154              		.loc 1 773 4 view .LVU325
 773:Middlewares/Third_Party/FreeRTOS/Source/tasks.c **** 
 1155              		.loc 1 773 14 is_stmt 0 view .LVU326
 1156 000e 9000     		lsls	r0, r2, #2
 1157              	.LVL80:
 773:Middlewares/Third_Party/FreeRTOS/Source/tasks.c **** 
 1158              		.loc 1 773 14 view .LVU327
 1159 0010 FFF7FEFF 		bl	pvPortMalloc
 1160              	.LVL81:
 775:Middlewares/Third_Party/FreeRTOS/Source/tasks.c **** 			{
 1161              		.loc 1 775 4 is_stmt 1 view .LVU328
 775:Middlewares/Third_Party/FreeRTOS/Source/tasks.c **** 			{
 1162              		.loc 1 775 6 is_stmt 0 view .LVU329
 1163 0014 00B3     		cbz	r0, .L91
 1164 0016 8146     		mov	r9, r0
 778:Middlewares/Third_Party/FreeRTOS/Source/tasks.c **** 
 1165              		.loc 1 778 5 is_stmt 1 view .LVU330
 778:Middlewares/Third_Party/FreeRTOS/Source/tasks.c **** 
 1166              		.loc 1 778 28 is_stmt 0 view .LVU331
 1167 0018 5420     		movs	r0, #84
 1168              	.LVL82:
 778:Middlewares/Third_Party/FreeRTOS/Source/tasks.c **** 
 1169              		.loc 1 778 28 view .LVU332
ARM GAS  /tmp/ccoDOEnO.s 			page 122


 1170 001a FFF7FEFF 		bl	pvPortMalloc
 1171              	.LVL83:
 780:Middlewares/Third_Party/FreeRTOS/Source/tasks.c **** 				{
 1172              		.loc 1 780 5 is_stmt 1 view .LVU333
 780:Middlewares/Third_Party/FreeRTOS/Source/tasks.c **** 				{
 1173              		.loc 1 780 7 is_stmt 0 view .LVU334
 1174 001e 0546     		mov	r5, r0
 1175 0020 B0B1     		cbz	r0, .L89
 783:Middlewares/Third_Party/FreeRTOS/Source/tasks.c **** 				}
 1176              		.loc 1 783 6 is_stmt 1 view .LVU335
 783:Middlewares/Third_Party/FreeRTOS/Source/tasks.c **** 				}
 1177              		.loc 1 783 24 is_stmt 0 view .LVU336
 1178 0022 C0F83090 		str	r9, [r0, #48]
 1179              	.LVL84:
 1180              	.L90:
 783:Middlewares/Third_Party/FreeRTOS/Source/tasks.c **** 				}
 1181              		.loc 1 783 24 view .LVU337
 1182              	.LBE124:
 799:Middlewares/Third_Party/FreeRTOS/Source/tasks.c **** 		{
 1183              		.loc 1 799 3 is_stmt 1 view .LVU338
 799:Middlewares/Third_Party/FreeRTOS/Source/tasks.c **** 		{
 1184              		.loc 1 799 5 is_stmt 0 view .LVU339
 1185 0026 E5B1     		cbz	r5, .L92
 805:Middlewares/Third_Party/FreeRTOS/Source/tasks.c **** 			}
 1186              		.loc 1 805 5 is_stmt 1 view .LVU340
 805:Middlewares/Third_Party/FreeRTOS/Source/tasks.c **** 			}
 1187              		.loc 1 805 37 is_stmt 0 view .LVU341
 1188 0028 0023     		movs	r3, #0
 1189 002a 85F85130 		strb	r3, [r5, #81]
 809:Middlewares/Third_Party/FreeRTOS/Source/tasks.c **** 			prvAddNewTaskToReadyList( pxNewTCB );
 1190              		.loc 1 809 4 is_stmt 1 view .LVU342
 1191 002e 0393     		str	r3, [sp, #12]
 1192 0030 0295     		str	r5, [sp, #8]
 1193 0032 0D9B     		ldr	r3, [sp, #52]
 1194 0034 0193     		str	r3, [sp, #4]
 1195 0036 0C9B     		ldr	r3, [sp, #48]
 1196 0038 0093     		str	r3, [sp]
 1197 003a 3346     		mov	r3, r6
 1198 003c 2246     		mov	r2, r4
 1199 003e 4146     		mov	r1, r8
 1200 0040 3846     		mov	r0, r7
 1201 0042 FFF7FEFF 		bl	prvInitialiseNewTask
 1202              	.LVL85:
 810:Middlewares/Third_Party/FreeRTOS/Source/tasks.c **** 			xReturn = pdPASS;
 1203              		.loc 1 810 4 view .LVU343
 1204 0046 2846     		mov	r0, r5
 1205 0048 FFF7FEFF 		bl	prvAddNewTaskToReadyList
 1206              	.LVL86:
 811:Middlewares/Third_Party/FreeRTOS/Source/tasks.c **** 		}
 1207              		.loc 1 811 4 view .LVU344
 811:Middlewares/Third_Party/FreeRTOS/Source/tasks.c **** 		}
 1208              		.loc 1 811 12 is_stmt 0 view .LVU345
 1209 004c 0120     		movs	r0, #1
 1210 004e 05E0     		b	.L87
 1211              	.LVL87:
 1212              	.L89:
 1213              	.LBB125:
ARM GAS  /tmp/ccoDOEnO.s 			page 123


 789:Middlewares/Third_Party/FreeRTOS/Source/tasks.c **** 				}
 1214              		.loc 1 789 6 is_stmt 1 view .LVU346
 1215 0050 4846     		mov	r0, r9
 1216              	.LVL88:
 789:Middlewares/Third_Party/FreeRTOS/Source/tasks.c **** 				}
 1217              		.loc 1 789 6 is_stmt 0 view .LVU347
 1218 0052 FFF7FEFF 		bl	vPortFree
 1219              	.LVL89:
 1220 0056 E6E7     		b	.L90
 1221              	.LVL90:
 1222              	.L91:
 789:Middlewares/Third_Party/FreeRTOS/Source/tasks.c **** 				}
 1223              		.loc 1 789 6 view .LVU348
 1224              	.LBE125:
 815:Middlewares/Third_Party/FreeRTOS/Source/tasks.c **** 		}
 1225              		.loc 1 815 12 view .LVU349
 1226 0058 4FF0FF30 		mov	r0, #-1
 1227              	.LVL91:
 1228              	.L87:
 819:Middlewares/Third_Party/FreeRTOS/Source/tasks.c **** 
 1229              		.loc 1 819 2 view .LVU350
 1230 005c 05B0     		add	sp, sp, #20
 1231              	.LCFI13:
 1232              		.cfi_remember_state
 1233              		.cfi_def_cfa_offset 28
 1234              		@ sp needed
 1235 005e BDE8F083 		pop	{r4, r5, r6, r7, r8, r9, pc}
 1236              	.LVL92:
 1237              	.L92:
 1238              	.LCFI14:
 1239              		.cfi_restore_state
 815:Middlewares/Third_Party/FreeRTOS/Source/tasks.c **** 		}
 1240              		.loc 1 815 12 view .LVU351
 1241 0062 4FF0FF30 		mov	r0, #-1
 1242              	.LVL93:
 818:Middlewares/Third_Party/FreeRTOS/Source/tasks.c **** 	}
 1243              		.loc 1 818 3 is_stmt 1 view .LVU352
 818:Middlewares/Third_Party/FreeRTOS/Source/tasks.c **** 	}
 1244              		.loc 1 818 10 is_stmt 0 view .LVU353
 1245 0066 F9E7     		b	.L87
 1246              		.cfi_endproc
 1247              	.LFE6:
 1249              		.section	.text.vTaskDelete,"ax",%progbits
 1250              		.align	1
 1251              		.global	vTaskDelete
 1252              		.syntax unified
 1253              		.thumb
 1254              		.thumb_func
 1256              	vTaskDelete:
 1257              	.LVL94:
 1258              	.LFB9:
1163:Middlewares/Third_Party/FreeRTOS/Source/tasks.c **** 	TCB_t *pxTCB;
 1259              		.loc 1 1163 2 is_stmt 1 view -0
 1260              		.cfi_startproc
 1261              		@ args = 0, pretend = 0, frame = 0
 1262              		@ frame_needed = 0, uses_anonymous_args = 0
1163:Middlewares/Third_Party/FreeRTOS/Source/tasks.c **** 	TCB_t *pxTCB;
ARM GAS  /tmp/ccoDOEnO.s 			page 124


 1263              		.loc 1 1163 2 is_stmt 0 view .LVU355
 1264 0000 38B5     		push	{r3, r4, r5, lr}
 1265              	.LCFI15:
 1266              		.cfi_def_cfa_offset 16
 1267              		.cfi_offset 3, -16
 1268              		.cfi_offset 4, -12
 1269              		.cfi_offset 5, -8
 1270              		.cfi_offset 14, -4
 1271 0002 0446     		mov	r4, r0
1164:Middlewares/Third_Party/FreeRTOS/Source/tasks.c **** 
 1272              		.loc 1 1164 2 is_stmt 1 view .LVU356
1166:Middlewares/Third_Party/FreeRTOS/Source/tasks.c **** 		{
 1273              		.loc 1 1166 3 view .LVU357
 1274 0004 FFF7FEFF 		bl	vPortEnterCritical
 1275              	.LVL95:
1170:Middlewares/Third_Party/FreeRTOS/Source/tasks.c **** 
 1276              		.loc 1 1170 4 view .LVU358
1170:Middlewares/Third_Party/FreeRTOS/Source/tasks.c **** 
 1277              		.loc 1 1170 12 is_stmt 0 view .LVU359
 1278 0008 002C     		cmp	r4, #0
 1279 000a 33D0     		beq	.L104
 1280              	.LVL96:
 1281              	.L95:
1173:Middlewares/Third_Party/FreeRTOS/Source/tasks.c **** 			{
 1282              		.loc 1 1173 4 is_stmt 1 discriminator 4 view .LVU360
1173:Middlewares/Third_Party/FreeRTOS/Source/tasks.c **** 			{
 1283              		.loc 1 1173 8 is_stmt 0 discriminator 4 view .LVU361
 1284 000c 251D     		adds	r5, r4, #4
 1285 000e 2846     		mov	r0, r5
 1286 0010 FFF7FEFF 		bl	uxListRemove
 1287              	.LVL97:
1173:Middlewares/Third_Party/FreeRTOS/Source/tasks.c **** 			{
 1288              		.loc 1 1173 6 discriminator 4 view .LVU362
 1289 0014 68B9     		cbnz	r0, .L96
1175:Middlewares/Third_Party/FreeRTOS/Source/tasks.c **** 			}
 1290              		.loc 1 1175 5 is_stmt 1 view .LVU363
 1291 0016 E26A     		ldr	r2, [r4, #44]
 1292 0018 02EB8203 		add	r3, r2, r2, lsl #2
 1293 001c 9B00     		lsls	r3, r3, #2
 1294 001e 2749     		ldr	r1, .L107
 1295 0020 CB58     		ldr	r3, [r1, r3]
 1296 0022 33B9     		cbnz	r3, .L96
1175:Middlewares/Third_Party/FreeRTOS/Source/tasks.c **** 			}
 1297              		.loc 1 1175 5 discriminator 1 view .LVU364
 1298 0024 0123     		movs	r3, #1
 1299 0026 9340     		lsls	r3, r3, r2
 1300 0028 2549     		ldr	r1, .L107+4
 1301 002a 0A68     		ldr	r2, [r1]
 1302 002c 22EA0302 		bic	r2, r2, r3
 1303 0030 0A60     		str	r2, [r1]
 1304              	.L96:
1179:Middlewares/Third_Party/FreeRTOS/Source/tasks.c **** 			}
 1305              		.loc 1 1179 29 view .LVU365
1183:Middlewares/Third_Party/FreeRTOS/Source/tasks.c **** 			{
 1306              		.loc 1 1183 4 view .LVU366
1183:Middlewares/Third_Party/FreeRTOS/Source/tasks.c **** 			{
 1307              		.loc 1 1183 8 is_stmt 0 view .LVU367
ARM GAS  /tmp/ccoDOEnO.s 			page 125


 1308 0032 A36A     		ldr	r3, [r4, #40]
1183:Middlewares/Third_Party/FreeRTOS/Source/tasks.c **** 			{
 1309              		.loc 1 1183 6 view .LVU368
 1310 0034 1BB1     		cbz	r3, .L97
1185:Middlewares/Third_Party/FreeRTOS/Source/tasks.c **** 			}
 1311              		.loc 1 1185 5 is_stmt 1 view .LVU369
1185:Middlewares/Third_Party/FreeRTOS/Source/tasks.c **** 			}
 1312              		.loc 1 1185 14 is_stmt 0 view .LVU370
 1313 0036 04F11800 		add	r0, r4, #24
 1314 003a FFF7FEFF 		bl	uxListRemove
 1315              	.LVL98:
 1316              	.L97:
1189:Middlewares/Third_Party/FreeRTOS/Source/tasks.c **** 			}
 1317              		.loc 1 1189 29 is_stmt 1 view .LVU371
1196:Middlewares/Third_Party/FreeRTOS/Source/tasks.c **** 
 1318              		.loc 1 1196 4 view .LVU372
1196:Middlewares/Third_Party/FreeRTOS/Source/tasks.c **** 
 1319              		.loc 1 1196 16 is_stmt 0 view .LVU373
 1320 003e 214A     		ldr	r2, .L107+8
 1321 0040 1368     		ldr	r3, [r2]
 1322 0042 0133     		adds	r3, r3, #1
 1323 0044 1360     		str	r3, [r2]
1198:Middlewares/Third_Party/FreeRTOS/Source/tasks.c **** 			{
 1324              		.loc 1 1198 4 is_stmt 1 view .LVU374
1198:Middlewares/Third_Party/FreeRTOS/Source/tasks.c **** 			{
 1325              		.loc 1 1198 14 is_stmt 0 view .LVU375
 1326 0046 204B     		ldr	r3, .L107+12
 1327 0048 1B68     		ldr	r3, [r3]
1198:Middlewares/Third_Party/FreeRTOS/Source/tasks.c **** 			{
 1328              		.loc 1 1198 6 view .LVU376
 1329 004a A342     		cmp	r3, r4
 1330 004c 15D0     		beq	.L105
1225:Middlewares/Third_Party/FreeRTOS/Source/tasks.c **** 				traceTASK_DELETE( pxTCB );
 1331              		.loc 1 1225 5 is_stmt 1 view .LVU377
 1332 004e 1F4A     		ldr	r2, .L107+16
 1333 0050 1368     		ldr	r3, [r2]
 1334 0052 013B     		subs	r3, r3, #1
 1335 0054 1360     		str	r3, [r2]
1226:Middlewares/Third_Party/FreeRTOS/Source/tasks.c **** 				prvDeleteTCB( pxTCB );
 1336              		.loc 1 1226 30 view .LVU378
1227:Middlewares/Third_Party/FreeRTOS/Source/tasks.c **** 
 1337              		.loc 1 1227 5 view .LVU379
 1338 0056 2046     		mov	r0, r4
 1339 0058 FFF7FEFF 		bl	prvDeleteTCB
 1340              	.LVL99:
1231:Middlewares/Third_Party/FreeRTOS/Source/tasks.c **** 			}
 1341              		.loc 1 1231 5 view .LVU380
 1342 005c FFF7FEFF 		bl	prvResetNextTaskUnblockTime
 1343              	.LVL100:
 1344              	.L99:
1234:Middlewares/Third_Party/FreeRTOS/Source/tasks.c **** 
 1345              		.loc 1 1234 3 view .LVU381
 1346 0060 FFF7FEFF 		bl	vPortExitCritical
 1347              	.LVL101:
1238:Middlewares/Third_Party/FreeRTOS/Source/tasks.c **** 		{
 1348              		.loc 1 1238 3 view .LVU382
1238:Middlewares/Third_Party/FreeRTOS/Source/tasks.c **** 		{
ARM GAS  /tmp/ccoDOEnO.s 			page 126


 1349              		.loc 1 1238 25 is_stmt 0 view .LVU383
 1350 0064 1A4B     		ldr	r3, .L107+20
 1351 0066 1B68     		ldr	r3, [r3]
1238:Middlewares/Third_Party/FreeRTOS/Source/tasks.c **** 		{
 1352              		.loc 1 1238 5 view .LVU384
 1353 0068 1BB1     		cbz	r3, .L94
1240:Middlewares/Third_Party/FreeRTOS/Source/tasks.c **** 			{
 1354              		.loc 1 1240 4 is_stmt 1 view .LVU385
1240:Middlewares/Third_Party/FreeRTOS/Source/tasks.c **** 			{
 1355              		.loc 1 1240 14 is_stmt 0 view .LVU386
 1356 006a 174B     		ldr	r3, .L107+12
 1357 006c 1B68     		ldr	r3, [r3]
1240:Middlewares/Third_Party/FreeRTOS/Source/tasks.c **** 			{
 1358              		.loc 1 1240 6 view .LVU387
 1359 006e A342     		cmp	r3, r4
 1360 0070 0CD0     		beq	.L106
 1361              	.L94:
1250:Middlewares/Third_Party/FreeRTOS/Source/tasks.c **** 
 1362              		.loc 1 1250 2 view .LVU388
 1363 0072 38BD     		pop	{r3, r4, r5, pc}
 1364              	.LVL102:
 1365              	.L104:
1170:Middlewares/Third_Party/FreeRTOS/Source/tasks.c **** 
 1366              		.loc 1 1170 12 discriminator 1 view .LVU389
 1367 0074 144B     		ldr	r3, .L107+12
 1368 0076 1C68     		ldr	r4, [r3]
 1369              	.LVL103:
1170:Middlewares/Third_Party/FreeRTOS/Source/tasks.c **** 
 1370              		.loc 1 1170 12 discriminator 1 view .LVU390
 1371 0078 C8E7     		b	.L95
 1372              	.LVL104:
 1373              	.L105:
1205:Middlewares/Third_Party/FreeRTOS/Source/tasks.c **** 
 1374              		.loc 1 1205 5 is_stmt 1 view .LVU391
 1375 007a 2946     		mov	r1, r5
 1376 007c 1548     		ldr	r0, .L107+24
 1377 007e FFF7FEFF 		bl	vListInsertEnd
 1378              	.LVL105:
1210:Middlewares/Third_Party/FreeRTOS/Source/tasks.c **** 
 1379              		.loc 1 1210 5 view .LVU392
 1380 0082 154A     		ldr	r2, .L107+28
 1381 0084 1368     		ldr	r3, [r2]
 1382 0086 0133     		adds	r3, r3, #1
 1383 0088 1360     		str	r3, [r2]
1214:Middlewares/Third_Party/FreeRTOS/Source/tasks.c **** 
 1384              		.loc 1 1214 30 view .LVU393
1221:Middlewares/Third_Party/FreeRTOS/Source/tasks.c **** 			}
 1385              		.loc 1 1221 54 view .LVU394
 1386 008a E9E7     		b	.L99
 1387              	.L106:
1242:Middlewares/Third_Party/FreeRTOS/Source/tasks.c **** 				portYIELD_WITHIN_API();
 1388              		.loc 1 1242 5 view .LVU395
 1389 008c 134B     		ldr	r3, .L107+32
 1390 008e 1B68     		ldr	r3, [r3]
 1391 0090 43B1     		cbz	r3, .L101
1242:Middlewares/Third_Party/FreeRTOS/Source/tasks.c **** 				portYIELD_WITHIN_API();
 1392              		.loc 1 1242 5 view .LVU396
ARM GAS  /tmp/ccoDOEnO.s 			page 127


 1393              	.LBB126:
 1394              	.LBI126:
 193:Middlewares/Third_Party/FreeRTOS/Source/portable/GCC/ARM_CM3/portmacro.h **** {
 1395              		.loc 2 193 30 view .LVU397
 1396              	.LBB127:
 195:Middlewares/Third_Party/FreeRTOS/Source/portable/GCC/ARM_CM3/portmacro.h **** 
 1397              		.loc 2 195 1 view .LVU398
 1398              		.loc 2 197 2 view .LVU399
 1399              		.syntax unified
 1400              	@ 197 "Middlewares/Third_Party/FreeRTOS/Source/portable/GCC/ARM_CM3/portmacro.h" 1
 1401 0092 4FF05003 			mov r3, #80												
 1402 0096 83F31188 		msr basepri, r3											
 1403 009a BFF36F8F 		isb														
 1404 009e BFF34F8F 		dsb														
 1405              	
 1406              	@ 0 "" 2
 1407              	.LVL106:
 1408              		.thumb
 1409              		.syntax unified
 1410              	.L102:
 1411              		.loc 2 197 2 is_stmt 0 view .LVU400
 1412              	.LBE127:
 1413              	.LBE126:
1242:Middlewares/Third_Party/FreeRTOS/Source/tasks.c **** 				portYIELD_WITHIN_API();
 1414              		.loc 1 1242 5 is_stmt 1 discriminator 1 view .LVU401
1242:Middlewares/Third_Party/FreeRTOS/Source/tasks.c **** 				portYIELD_WITHIN_API();
 1415              		.loc 1 1242 5 discriminator 1 view .LVU402
1242:Middlewares/Third_Party/FreeRTOS/Source/tasks.c **** 				portYIELD_WITHIN_API();
 1416              		.loc 1 1242 5 discriminator 1 view .LVU403
 1417 00a2 FEE7     		b	.L102
 1418              	.L101:
1242:Middlewares/Third_Party/FreeRTOS/Source/tasks.c **** 				portYIELD_WITHIN_API();
 1419              		.loc 1 1242 46 discriminator 2 view .LVU404
1243:Middlewares/Third_Party/FreeRTOS/Source/tasks.c **** 			}
 1420              		.loc 1 1243 5 discriminator 2 view .LVU405
 1421 00a4 4FF0E023 		mov	r3, #-536813568
 1422 00a8 4FF08052 		mov	r2, #268435456
 1423 00ac C3F8042D 		str	r2, [r3, #3332]
1243:Middlewares/Third_Party/FreeRTOS/Source/tasks.c **** 			}
 1424              		.loc 1 1243 5 discriminator 2 view .LVU406
 1425              		.syntax unified
 1426              	@ 1243 "Middlewares/Third_Party/FreeRTOS/Source/tasks.c" 1
 1427 00b0 BFF34F8F 		dsb
 1428              	@ 0 "" 2
1243:Middlewares/Third_Party/FreeRTOS/Source/tasks.c **** 			}
 1429              		.loc 1 1243 5 discriminator 2 view .LVU407
 1430              	@ 1243 "Middlewares/Third_Party/FreeRTOS/Source/tasks.c" 1
 1431 00b4 BFF36F8F 		isb
 1432              	@ 0 "" 2
1243:Middlewares/Third_Party/FreeRTOS/Source/tasks.c **** 			}
 1433              		.loc 1 1243 27 discriminator 2 view .LVU408
1247:Middlewares/Third_Party/FreeRTOS/Source/tasks.c **** 			}
 1434              		.loc 1 1247 29 discriminator 2 view .LVU409
1250:Middlewares/Third_Party/FreeRTOS/Source/tasks.c **** 
 1435              		.loc 1 1250 2 is_stmt 0 discriminator 2 view .LVU410
 1436              		.thumb
 1437              		.syntax unified
ARM GAS  /tmp/ccoDOEnO.s 			page 128


 1438 00b8 DBE7     		b	.L94
 1439              	.L108:
 1440 00ba 00BF     		.align	2
 1441              	.L107:
 1442 00bc 00000000 		.word	.LANCHOR4
 1443 00c0 00000000 		.word	.LANCHOR13
 1444 00c4 00000000 		.word	.LANCHOR12
 1445 00c8 00000000 		.word	.LANCHOR10
 1446 00cc 00000000 		.word	.LANCHOR9
 1447 00d0 00000000 		.word	.LANCHOR11
 1448 00d4 00000000 		.word	.LANCHOR7
 1449 00d8 00000000 		.word	.LANCHOR14
 1450 00dc 00000000 		.word	.LANCHOR16
 1451              		.cfi_endproc
 1452              	.LFE9:
 1454              		.section	.text.uxTaskPriorityGet,"ax",%progbits
 1455              		.align	1
 1456              		.global	uxTaskPriorityGet
 1457              		.syntax unified
 1458              		.thumb
 1459              		.thumb_func
 1461              	uxTaskPriorityGet:
 1462              	.LVL107:
 1463              	.LFB11:
1479:Middlewares/Third_Party/FreeRTOS/Source/tasks.c **** 	TCB_t const *pxTCB;
 1464              		.loc 1 1479 2 is_stmt 1 view -0
 1465              		.cfi_startproc
 1466              		@ args = 0, pretend = 0, frame = 0
 1467              		@ frame_needed = 0, uses_anonymous_args = 0
1479:Middlewares/Third_Party/FreeRTOS/Source/tasks.c **** 	TCB_t const *pxTCB;
 1468              		.loc 1 1479 2 is_stmt 0 view .LVU412
 1469 0000 10B5     		push	{r4, lr}
 1470              	.LCFI16:
 1471              		.cfi_def_cfa_offset 8
 1472              		.cfi_offset 4, -8
 1473              		.cfi_offset 14, -4
 1474 0002 0446     		mov	r4, r0
1480:Middlewares/Third_Party/FreeRTOS/Source/tasks.c **** 	UBaseType_t uxReturn;
 1475              		.loc 1 1480 2 is_stmt 1 view .LVU413
1481:Middlewares/Third_Party/FreeRTOS/Source/tasks.c **** 
 1476              		.loc 1 1481 2 view .LVU414
1483:Middlewares/Third_Party/FreeRTOS/Source/tasks.c **** 		{
 1477              		.loc 1 1483 3 view .LVU415
 1478 0004 FFF7FEFF 		bl	vPortEnterCritical
 1479              	.LVL108:
1487:Middlewares/Third_Party/FreeRTOS/Source/tasks.c **** 			uxReturn = pxTCB->uxPriority;
 1480              		.loc 1 1487 4 view .LVU416
1487:Middlewares/Third_Party/FreeRTOS/Source/tasks.c **** 			uxReturn = pxTCB->uxPriority;
 1481              		.loc 1 1487 12 is_stmt 0 view .LVU417
 1482 0008 24B1     		cbz	r4, .L112
 1483              	.LVL109:
 1484              	.L110:
1488:Middlewares/Third_Party/FreeRTOS/Source/tasks.c **** 		}
 1485              		.loc 1 1488 4 is_stmt 1 discriminator 4 view .LVU418
1488:Middlewares/Third_Party/FreeRTOS/Source/tasks.c **** 		}
 1486              		.loc 1 1488 13 is_stmt 0 discriminator 4 view .LVU419
 1487 000a E46A     		ldr	r4, [r4, #44]
ARM GAS  /tmp/ccoDOEnO.s 			page 129


 1488              	.LVL110:
1490:Middlewares/Third_Party/FreeRTOS/Source/tasks.c **** 
 1489              		.loc 1 1490 3 is_stmt 1 discriminator 4 view .LVU420
 1490 000c FFF7FEFF 		bl	vPortExitCritical
 1491              	.LVL111:
1492:Middlewares/Third_Party/FreeRTOS/Source/tasks.c **** 	}
 1492              		.loc 1 1492 3 discriminator 4 view .LVU421
1493:Middlewares/Third_Party/FreeRTOS/Source/tasks.c **** 
 1493              		.loc 1 1493 2 is_stmt 0 discriminator 4 view .LVU422
 1494 0010 2046     		mov	r0, r4
 1495 0012 10BD     		pop	{r4, pc}
 1496              	.LVL112:
 1497              	.L112:
1487:Middlewares/Third_Party/FreeRTOS/Source/tasks.c **** 			uxReturn = pxTCB->uxPriority;
 1498              		.loc 1 1487 12 discriminator 1 view .LVU423
 1499 0014 014B     		ldr	r3, .L113
 1500 0016 1C68     		ldr	r4, [r3]
 1501              	.LVL113:
1487:Middlewares/Third_Party/FreeRTOS/Source/tasks.c **** 			uxReturn = pxTCB->uxPriority;
 1502              		.loc 1 1487 12 discriminator 1 view .LVU424
 1503 0018 F7E7     		b	.L110
 1504              	.L114:
 1505 001a 00BF     		.align	2
 1506              	.L113:
 1507 001c 00000000 		.word	.LANCHOR10
 1508              		.cfi_endproc
 1509              	.LFE11:
 1511              		.section	.text.uxTaskPriorityGetFromISR,"ax",%progbits
 1512              		.align	1
 1513              		.global	uxTaskPriorityGetFromISR
 1514              		.syntax unified
 1515              		.thumb
 1516              		.thumb_func
 1518              	uxTaskPriorityGetFromISR:
 1519              	.LVL114:
 1520              	.LFB12:
1501:Middlewares/Third_Party/FreeRTOS/Source/tasks.c **** 	TCB_t const *pxTCB;
 1521              		.loc 1 1501 2 is_stmt 1 view -0
 1522              		.cfi_startproc
 1523              		@ args = 0, pretend = 0, frame = 0
 1524              		@ frame_needed = 0, uses_anonymous_args = 0
1501:Middlewares/Third_Party/FreeRTOS/Source/tasks.c **** 	TCB_t const *pxTCB;
 1525              		.loc 1 1501 2 is_stmt 0 view .LVU426
 1526 0000 10B5     		push	{r4, lr}
 1527              	.LCFI17:
 1528              		.cfi_def_cfa_offset 8
 1529              		.cfi_offset 4, -8
 1530              		.cfi_offset 14, -4
 1531 0002 0446     		mov	r4, r0
1502:Middlewares/Third_Party/FreeRTOS/Source/tasks.c **** 	UBaseType_t uxReturn, uxSavedInterruptState;
 1532              		.loc 1 1502 2 is_stmt 1 view .LVU427
1503:Middlewares/Third_Party/FreeRTOS/Source/tasks.c **** 
 1533              		.loc 1 1503 2 view .LVU428
1521:Middlewares/Third_Party/FreeRTOS/Source/tasks.c **** 
 1534              		.loc 1 1521 3 view .LVU429
 1535 0004 FFF7FEFF 		bl	vPortValidateInterruptPriority
 1536              	.LVL115:
ARM GAS  /tmp/ccoDOEnO.s 			page 130


1523:Middlewares/Third_Party/FreeRTOS/Source/tasks.c **** 		{
 1537              		.loc 1 1523 3 view .LVU430
 1538              	.LBB128:
 1539              	.LBI128:
 198:Middlewares/Third_Party/FreeRTOS/Source/portable/GCC/ARM_CM3/portmacro.h **** 	(
 199:Middlewares/Third_Party/FreeRTOS/Source/portable/GCC/ARM_CM3/portmacro.h **** 		"	mov %0, %1												\n" \
 200:Middlewares/Third_Party/FreeRTOS/Source/portable/GCC/ARM_CM3/portmacro.h **** 		"	msr basepri, %0											\n" \
 201:Middlewares/Third_Party/FreeRTOS/Source/portable/GCC/ARM_CM3/portmacro.h **** 		"	isb														\n" \
 202:Middlewares/Third_Party/FreeRTOS/Source/portable/GCC/ARM_CM3/portmacro.h **** 		"	dsb														\n" \
 203:Middlewares/Third_Party/FreeRTOS/Source/portable/GCC/ARM_CM3/portmacro.h **** 		:"=r" (ulNewBASEPRI) : "i" ( configMAX_SYSCALL_INTERRUPT_PRIORITY ) : "memory"
 204:Middlewares/Third_Party/FreeRTOS/Source/portable/GCC/ARM_CM3/portmacro.h **** 	);
 205:Middlewares/Third_Party/FreeRTOS/Source/portable/GCC/ARM_CM3/portmacro.h **** }
 206:Middlewares/Third_Party/FreeRTOS/Source/portable/GCC/ARM_CM3/portmacro.h **** 
 207:Middlewares/Third_Party/FreeRTOS/Source/portable/GCC/ARM_CM3/portmacro.h **** /*-----------------------------------------------------------*/
 208:Middlewares/Third_Party/FreeRTOS/Source/portable/GCC/ARM_CM3/portmacro.h **** 
 209:Middlewares/Third_Party/FreeRTOS/Source/portable/GCC/ARM_CM3/portmacro.h **** portFORCE_INLINE static uint32_t ulPortRaiseBASEPRI( void )
 1540              		.loc 2 209 34 view .LVU431
 1541              	.LBB129:
 210:Middlewares/Third_Party/FreeRTOS/Source/portable/GCC/ARM_CM3/portmacro.h **** {
 211:Middlewares/Third_Party/FreeRTOS/Source/portable/GCC/ARM_CM3/portmacro.h **** uint32_t ulOriginalBASEPRI, ulNewBASEPRI;
 1542              		.loc 2 211 1 view .LVU432
 212:Middlewares/Third_Party/FreeRTOS/Source/portable/GCC/ARM_CM3/portmacro.h **** 
 213:Middlewares/Third_Party/FreeRTOS/Source/portable/GCC/ARM_CM3/portmacro.h **** 	__asm volatile
 1543              		.loc 2 213 2 view .LVU433
 1544              		.syntax unified
 1545              	@ 213 "Middlewares/Third_Party/FreeRTOS/Source/portable/GCC/ARM_CM3/portmacro.h" 1
 1546 0008 EFF31183 			mrs r3, basepri											
 1547 000c 4FF05002 		mov r2, #80												
 1548 0010 82F31188 		msr basepri, r2											
 1549 0014 BFF36F8F 		isb														
 1550 0018 BFF34F8F 		dsb														
 1551              	
 1552              	@ 0 "" 2
 1553              	.LVL116:
 214:Middlewares/Third_Party/FreeRTOS/Source/portable/GCC/ARM_CM3/portmacro.h **** 	(
 215:Middlewares/Third_Party/FreeRTOS/Source/portable/GCC/ARM_CM3/portmacro.h **** 		"	mrs %0, basepri											\n" \
 216:Middlewares/Third_Party/FreeRTOS/Source/portable/GCC/ARM_CM3/portmacro.h **** 		"	mov %1, %2												\n" \
 217:Middlewares/Third_Party/FreeRTOS/Source/portable/GCC/ARM_CM3/portmacro.h **** 		"	msr basepri, %1											\n" \
 218:Middlewares/Third_Party/FreeRTOS/Source/portable/GCC/ARM_CM3/portmacro.h **** 		"	isb														\n" \
 219:Middlewares/Third_Party/FreeRTOS/Source/portable/GCC/ARM_CM3/portmacro.h **** 		"	dsb														\n" \
 220:Middlewares/Third_Party/FreeRTOS/Source/portable/GCC/ARM_CM3/portmacro.h **** 		:"=r" (ulOriginalBASEPRI), "=r" (ulNewBASEPRI) : "i" ( configMAX_SYSCALL_INTERRUPT_PRIORITY ) : "
 221:Middlewares/Third_Party/FreeRTOS/Source/portable/GCC/ARM_CM3/portmacro.h **** 	);
 222:Middlewares/Third_Party/FreeRTOS/Source/portable/GCC/ARM_CM3/portmacro.h **** 
 223:Middlewares/Third_Party/FreeRTOS/Source/portable/GCC/ARM_CM3/portmacro.h **** 	/* This return will not be reached but is necessary to prevent compiler
 224:Middlewares/Third_Party/FreeRTOS/Source/portable/GCC/ARM_CM3/portmacro.h **** 	warnings. */
 225:Middlewares/Third_Party/FreeRTOS/Source/portable/GCC/ARM_CM3/portmacro.h **** 	return ulOriginalBASEPRI;
 1554              		.loc 2 225 2 view .LVU434
 1555              		.loc 2 225 2 is_stmt 0 view .LVU435
 1556              		.thumb
 1557              		.syntax unified
 1558              	.LBE129:
 1559              	.LBE128:
1527:Middlewares/Third_Party/FreeRTOS/Source/tasks.c **** 			uxReturn = pxTCB->uxPriority;
 1560              		.loc 1 1527 4 is_stmt 1 view .LVU436
1527:Middlewares/Third_Party/FreeRTOS/Source/tasks.c **** 			uxReturn = pxTCB->uxPriority;
 1561              		.loc 1 1527 12 is_stmt 0 view .LVU437
 1562 001c 1CB1     		cbz	r4, .L118
ARM GAS  /tmp/ccoDOEnO.s 			page 131


 1563              	.LVL117:
 1564              	.L116:
1528:Middlewares/Third_Party/FreeRTOS/Source/tasks.c **** 		}
 1565              		.loc 1 1528 4 is_stmt 1 discriminator 4 view .LVU438
1528:Middlewares/Third_Party/FreeRTOS/Source/tasks.c **** 		}
 1566              		.loc 1 1528 13 is_stmt 0 discriminator 4 view .LVU439
 1567 001e E06A     		ldr	r0, [r4, #44]
 1568              	.LVL118:
1530:Middlewares/Third_Party/FreeRTOS/Source/tasks.c **** 
 1569              		.loc 1 1530 3 is_stmt 1 discriminator 4 view .LVU440
 1570              	.LBB130:
 1571              	.LBI130:
 226:Middlewares/Third_Party/FreeRTOS/Source/portable/GCC/ARM_CM3/portmacro.h **** }
 227:Middlewares/Third_Party/FreeRTOS/Source/portable/GCC/ARM_CM3/portmacro.h **** /*-----------------------------------------------------------*/
 228:Middlewares/Third_Party/FreeRTOS/Source/portable/GCC/ARM_CM3/portmacro.h **** 
 229:Middlewares/Third_Party/FreeRTOS/Source/portable/GCC/ARM_CM3/portmacro.h **** portFORCE_INLINE static void vPortSetBASEPRI( uint32_t ulNewMaskValue )
 1572              		.loc 2 229 30 discriminator 4 view .LVU441
 1573              	.LBB131:
 230:Middlewares/Third_Party/FreeRTOS/Source/portable/GCC/ARM_CM3/portmacro.h **** {
 231:Middlewares/Third_Party/FreeRTOS/Source/portable/GCC/ARM_CM3/portmacro.h **** 	__asm volatile
 1574              		.loc 2 231 2 discriminator 4 view .LVU442
 1575              		.syntax unified
 1576              	@ 231 "Middlewares/Third_Party/FreeRTOS/Source/portable/GCC/ARM_CM3/portmacro.h" 1
 1577 0020 83F31188 			msr basepri, r3	
 1578              	@ 0 "" 2
 1579              	.LVL119:
 1580              		.loc 2 231 2 is_stmt 0 discriminator 4 view .LVU443
 1581              		.thumb
 1582              		.syntax unified
 1583              	.LBE131:
 1584              	.LBE130:
1532:Middlewares/Third_Party/FreeRTOS/Source/tasks.c **** 	}
 1585              		.loc 1 1532 3 is_stmt 1 discriminator 4 view .LVU444
1533:Middlewares/Third_Party/FreeRTOS/Source/tasks.c **** 
 1586              		.loc 1 1533 2 is_stmt 0 discriminator 4 view .LVU445
 1587 0024 10BD     		pop	{r4, pc}
 1588              	.LVL120:
 1589              	.L118:
1527:Middlewares/Third_Party/FreeRTOS/Source/tasks.c **** 			uxReturn = pxTCB->uxPriority;
 1590              		.loc 1 1527 12 discriminator 1 view .LVU446
 1591 0026 014A     		ldr	r2, .L119
 1592 0028 1468     		ldr	r4, [r2]
 1593              	.LVL121:
1527:Middlewares/Third_Party/FreeRTOS/Source/tasks.c **** 			uxReturn = pxTCB->uxPriority;
 1594              		.loc 1 1527 12 discriminator 1 view .LVU447
 1595 002a F8E7     		b	.L116
 1596              	.L120:
 1597              		.align	2
 1598              	.L119:
 1599 002c 00000000 		.word	.LANCHOR10
 1600              		.cfi_endproc
 1601              	.LFE12:
 1603              		.section	.text.vTaskPrioritySet,"ax",%progbits
 1604              		.align	1
 1605              		.global	vTaskPrioritySet
 1606              		.syntax unified
 1607              		.thumb
ARM GAS  /tmp/ccoDOEnO.s 			page 132


 1608              		.thumb_func
 1610              	vTaskPrioritySet:
 1611              	.LVL122:
 1612              	.LFB13:
1541:Middlewares/Third_Party/FreeRTOS/Source/tasks.c **** 	TCB_t *pxTCB;
 1613              		.loc 1 1541 2 is_stmt 1 view -0
 1614              		.cfi_startproc
 1615              		@ args = 0, pretend = 0, frame = 0
 1616              		@ frame_needed = 0, uses_anonymous_args = 0
1541:Middlewares/Third_Party/FreeRTOS/Source/tasks.c **** 	TCB_t *pxTCB;
 1617              		.loc 1 1541 2 is_stmt 0 view .LVU449
 1618 0000 F8B5     		push	{r3, r4, r5, r6, r7, lr}
 1619              	.LCFI18:
 1620              		.cfi_def_cfa_offset 24
 1621              		.cfi_offset 3, -24
 1622              		.cfi_offset 4, -20
 1623              		.cfi_offset 5, -16
 1624              		.cfi_offset 6, -12
 1625              		.cfi_offset 7, -8
 1626              		.cfi_offset 14, -4
1542:Middlewares/Third_Party/FreeRTOS/Source/tasks.c **** 	UBaseType_t uxCurrentBasePriority, uxPriorityUsedOnEntry;
 1627              		.loc 1 1542 2 is_stmt 1 view .LVU450
1543:Middlewares/Third_Party/FreeRTOS/Source/tasks.c **** 	BaseType_t xYieldRequired = pdFALSE;
 1628              		.loc 1 1543 2 view .LVU451
1544:Middlewares/Third_Party/FreeRTOS/Source/tasks.c **** 
 1629              		.loc 1 1544 2 view .LVU452
 1630              	.LVL123:
1546:Middlewares/Third_Party/FreeRTOS/Source/tasks.c **** 
 1631              		.loc 1 1546 3 view .LVU453
 1632 0002 0429     		cmp	r1, #4
 1633 0004 08D9     		bls	.L122
1546:Middlewares/Third_Party/FreeRTOS/Source/tasks.c **** 
 1634              		.loc 1 1546 3 view .LVU454
 1635              	.LBB132:
 1636              	.LBI132:
 193:Middlewares/Third_Party/FreeRTOS/Source/portable/GCC/ARM_CM3/portmacro.h **** {
 1637              		.loc 2 193 30 view .LVU455
 1638              	.LBB133:
 195:Middlewares/Third_Party/FreeRTOS/Source/portable/GCC/ARM_CM3/portmacro.h **** 
 1639              		.loc 2 195 1 view .LVU456
 197:Middlewares/Third_Party/FreeRTOS/Source/portable/GCC/ARM_CM3/portmacro.h **** 	(
 1640              		.loc 2 197 2 view .LVU457
 1641              		.syntax unified
 1642              	@ 197 "Middlewares/Third_Party/FreeRTOS/Source/portable/GCC/ARM_CM3/portmacro.h" 1
 1643 0006 4FF05003 			mov r3, #80												
 1644 000a 83F31188 		msr basepri, r3											
 1645 000e BFF36F8F 		isb														
 1646 0012 BFF34F8F 		dsb														
 1647              	
 1648              	@ 0 "" 2
 1649              	.LVL124:
 1650              		.thumb
 1651              		.syntax unified
 1652              	.L123:
 197:Middlewares/Third_Party/FreeRTOS/Source/portable/GCC/ARM_CM3/portmacro.h **** 	(
 1653              		.loc 2 197 2 is_stmt 0 view .LVU458
 1654              	.LBE133:
ARM GAS  /tmp/ccoDOEnO.s 			page 133


 1655              	.LBE132:
1546:Middlewares/Third_Party/FreeRTOS/Source/tasks.c **** 
 1656              		.loc 1 1546 3 is_stmt 1 discriminator 1 view .LVU459
1546:Middlewares/Third_Party/FreeRTOS/Source/tasks.c **** 
 1657              		.loc 1 1546 3 discriminator 1 view .LVU460
1546:Middlewares/Third_Party/FreeRTOS/Source/tasks.c **** 
 1658              		.loc 1 1546 3 discriminator 1 view .LVU461
 1659 0016 FEE7     		b	.L123
 1660              	.L122:
 1661 0018 0546     		mov	r5, r0
 1662 001a 0C46     		mov	r4, r1
1546:Middlewares/Third_Party/FreeRTOS/Source/tasks.c **** 
 1663              		.loc 1 1546 59 view .LVU462
1549:Middlewares/Third_Party/FreeRTOS/Source/tasks.c **** 		{
 1664              		.loc 1 1549 3 view .LVU463
 1665              	.LVL125:
1555:Middlewares/Third_Party/FreeRTOS/Source/tasks.c **** 		}
 1666              		.loc 1 1555 28 view .LVU464
1558:Middlewares/Third_Party/FreeRTOS/Source/tasks.c **** 		{
 1667              		.loc 1 1558 3 view .LVU465
 1668 001c FFF7FEFF 		bl	vPortEnterCritical
 1669              	.LVL126:
1562:Middlewares/Third_Party/FreeRTOS/Source/tasks.c **** 
 1670              		.loc 1 1562 4 view .LVU466
1562:Middlewares/Third_Party/FreeRTOS/Source/tasks.c **** 
 1671              		.loc 1 1562 12 is_stmt 0 view .LVU467
 1672 0020 75B1     		cbz	r5, .L136
 1673              	.LVL127:
 1674              	.L124:
1564:Middlewares/Third_Party/FreeRTOS/Source/tasks.c **** 
 1675              		.loc 1 1564 50 is_stmt 1 discriminator 4 view .LVU468
1568:Middlewares/Third_Party/FreeRTOS/Source/tasks.c **** 			}
 1676              		.loc 1 1568 5 discriminator 4 view .LVU469
1568:Middlewares/Third_Party/FreeRTOS/Source/tasks.c **** 			}
 1677              		.loc 1 1568 27 is_stmt 0 discriminator 4 view .LVU470
 1678 0022 6B6C     		ldr	r3, [r5, #68]
 1679              	.LVL128:
1576:Middlewares/Third_Party/FreeRTOS/Source/tasks.c **** 			{
 1680              		.loc 1 1576 4 is_stmt 1 discriminator 4 view .LVU471
1576:Middlewares/Third_Party/FreeRTOS/Source/tasks.c **** 			{
 1681              		.loc 1 1576 6 is_stmt 0 discriminator 4 view .LVU472
 1682 0024 9C42     		cmp	r4, r3
 1683 0026 30D0     		beq	.L125
1580:Middlewares/Third_Party/FreeRTOS/Source/tasks.c **** 				{
 1684              		.loc 1 1580 5 is_stmt 1 view .LVU473
1580:Middlewares/Third_Party/FreeRTOS/Source/tasks.c **** 				{
 1685              		.loc 1 1580 7 is_stmt 0 view .LVU474
 1686 0028 0DD9     		bls	.L126
1582:Middlewares/Third_Party/FreeRTOS/Source/tasks.c **** 					{
 1687              		.loc 1 1582 6 is_stmt 1 view .LVU475
1582:Middlewares/Third_Party/FreeRTOS/Source/tasks.c **** 					{
 1688              		.loc 1 1582 16 is_stmt 0 view .LVU476
 1689 002a 2C4A     		ldr	r2, .L139
 1690 002c 1268     		ldr	r2, [r2]
1582:Middlewares/Third_Party/FreeRTOS/Source/tasks.c **** 					{
 1691              		.loc 1 1582 8 view .LVU477
 1692 002e AA42     		cmp	r2, r5
ARM GAS  /tmp/ccoDOEnO.s 			page 134


 1693 0030 2ED0     		beq	.L132
1587:Middlewares/Third_Party/FreeRTOS/Source/tasks.c **** 						{
 1694              		.loc 1 1587 7 is_stmt 1 view .LVU478
1587:Middlewares/Third_Party/FreeRTOS/Source/tasks.c **** 						{
 1695              		.loc 1 1587 40 is_stmt 0 view .LVU479
 1696 0032 2A4A     		ldr	r2, .L139
 1697 0034 1268     		ldr	r2, [r2]
 1698 0036 D26A     		ldr	r2, [r2, #44]
1587:Middlewares/Third_Party/FreeRTOS/Source/tasks.c **** 						{
 1699              		.loc 1 1587 9 view .LVU480
 1700 0038 A242     		cmp	r2, r4
 1701 003a 2BD9     		bls	.L133
1544:Middlewares/Third_Party/FreeRTOS/Source/tasks.c **** 
 1702              		.loc 1 1544 13 view .LVU481
 1703 003c 0027     		movs	r7, #0
 1704 003e 07E0     		b	.L127
 1705              	.LVL129:
 1706              	.L136:
1562:Middlewares/Third_Party/FreeRTOS/Source/tasks.c **** 
 1707              		.loc 1 1562 12 discriminator 1 view .LVU482
 1708 0040 264B     		ldr	r3, .L139
 1709 0042 1D68     		ldr	r5, [r3]
 1710              	.LVL130:
1562:Middlewares/Third_Party/FreeRTOS/Source/tasks.c **** 
 1711              		.loc 1 1562 12 discriminator 1 view .LVU483
 1712 0044 EDE7     		b	.L124
 1713              	.LVL131:
 1714              	.L126:
1603:Middlewares/Third_Party/FreeRTOS/Source/tasks.c **** 				{
 1715              		.loc 1 1603 10 is_stmt 1 view .LVU484
1603:Middlewares/Third_Party/FreeRTOS/Source/tasks.c **** 				{
 1716              		.loc 1 1603 20 is_stmt 0 view .LVU485
 1717 0046 254A     		ldr	r2, .L139
 1718 0048 1268     		ldr	r2, [r2]
1603:Middlewares/Third_Party/FreeRTOS/Source/tasks.c **** 				{
 1719              		.loc 1 1603 12 view .LVU486
 1720 004a AA42     		cmp	r2, r5
 1721 004c 24D0     		beq	.L134
1544:Middlewares/Third_Party/FreeRTOS/Source/tasks.c **** 
 1722              		.loc 1 1544 13 view .LVU487
 1723 004e 0027     		movs	r7, #0
 1724              	.L127:
 1725              	.LVL132:
1615:Middlewares/Third_Party/FreeRTOS/Source/tasks.c **** 
 1726              		.loc 1 1615 5 is_stmt 1 view .LVU488
1620:Middlewares/Third_Party/FreeRTOS/Source/tasks.c **** 
 1727              		.loc 1 1620 5 view .LVU489
1620:Middlewares/Third_Party/FreeRTOS/Source/tasks.c **** 
 1728              		.loc 1 1620 27 is_stmt 0 view .LVU490
 1729 0050 EE6A     		ldr	r6, [r5, #44]
 1730              	.LVL133:
1626:Middlewares/Third_Party/FreeRTOS/Source/tasks.c **** 					{
 1731              		.loc 1 1626 6 is_stmt 1 view .LVU491
1626:Middlewares/Third_Party/FreeRTOS/Source/tasks.c **** 					{
 1732              		.loc 1 1626 8 is_stmt 0 view .LVU492
 1733 0052 B342     		cmp	r3, r6
 1734 0054 22D0     		beq	.L137
ARM GAS  /tmp/ccoDOEnO.s 			page 135


 1735              	.L128:
1632:Middlewares/Third_Party/FreeRTOS/Source/tasks.c **** 					}
 1736              		.loc 1 1632 31 is_stmt 1 view .LVU493
1636:Middlewares/Third_Party/FreeRTOS/Source/tasks.c **** 				}
 1737              		.loc 1 1636 6 view .LVU494
1636:Middlewares/Third_Party/FreeRTOS/Source/tasks.c **** 				}
 1738              		.loc 1 1636 28 is_stmt 0 view .LVU495
 1739 0056 6C64     		str	r4, [r5, #68]
1646:Middlewares/Third_Party/FreeRTOS/Source/tasks.c **** 				{
 1740              		.loc 1 1646 5 is_stmt 1 view .LVU496
1646:Middlewares/Third_Party/FreeRTOS/Source/tasks.c **** 				{
 1741              		.loc 1 1646 11 is_stmt 0 view .LVU497
 1742 0058 AB69     		ldr	r3, [r5, #24]
 1743              	.LVL134:
1646:Middlewares/Third_Party/FreeRTOS/Source/tasks.c **** 				{
 1744              		.loc 1 1646 7 view .LVU498
 1745 005a 002B     		cmp	r3, #0
 1746 005c 02DB     		blt	.L129
1648:Middlewares/Third_Party/FreeRTOS/Source/tasks.c **** 				}
 1747              		.loc 1 1648 6 is_stmt 1 view .LVU499
 1748 005e C4F10504 		rsb	r4, r4, #5
 1749              	.LVL135:
1648:Middlewares/Third_Party/FreeRTOS/Source/tasks.c **** 				}
 1750              		.loc 1 1648 6 is_stmt 0 view .LVU500
 1751 0062 AC61     		str	r4, [r5, #24]
 1752              	.L129:
1652:Middlewares/Third_Party/FreeRTOS/Source/tasks.c **** 				}
 1753              		.loc 1 1652 30 is_stmt 1 view .LVU501
1659:Middlewares/Third_Party/FreeRTOS/Source/tasks.c **** 				{
 1754              		.loc 1 1659 5 view .LVU502
1659:Middlewares/Third_Party/FreeRTOS/Source/tasks.c **** 				{
 1755              		.loc 1 1659 9 is_stmt 0 view .LVU503
 1756 0064 6969     		ldr	r1, [r5, #20]
 1757 0066 06EB8602 		add	r2, r6, r6, lsl #2
 1758 006a 1D4B     		ldr	r3, .L139+4
 1759 006c 03EB8203 		add	r3, r3, r2, lsl #2
1659:Middlewares/Third_Party/FreeRTOS/Source/tasks.c **** 				{
 1760              		.loc 1 1659 7 view .LVU504
 1761 0070 9942     		cmp	r1, r3
 1762 0072 15D0     		beq	.L138
 1763              	.LVL136:
 1764              	.L130:
1679:Middlewares/Third_Party/FreeRTOS/Source/tasks.c **** 				}
 1765              		.loc 1 1679 30 is_stmt 1 view .LVU505
1682:Middlewares/Third_Party/FreeRTOS/Source/tasks.c **** 				{
 1766              		.loc 1 1682 5 view .LVU506
1682:Middlewares/Third_Party/FreeRTOS/Source/tasks.c **** 				{
 1767              		.loc 1 1682 7 is_stmt 0 view .LVU507
 1768 0074 4FB1     		cbz	r7, .L125
1684:Middlewares/Third_Party/FreeRTOS/Source/tasks.c **** 				}
 1769              		.loc 1 1684 6 is_stmt 1 view .LVU508
 1770 0076 4FF0E023 		mov	r3, #-536813568
 1771 007a 4FF08052 		mov	r2, #268435456
 1772 007e C3F8042D 		str	r2, [r3, #3332]
1684:Middlewares/Third_Party/FreeRTOS/Source/tasks.c **** 				}
 1773              		.loc 1 1684 6 view .LVU509
 1774              		.syntax unified
ARM GAS  /tmp/ccoDOEnO.s 			page 136


 1775              	@ 1684 "Middlewares/Third_Party/FreeRTOS/Source/tasks.c" 1
 1776 0082 BFF34F8F 		dsb
 1777              	@ 0 "" 2
1684:Middlewares/Third_Party/FreeRTOS/Source/tasks.c **** 				}
 1778              		.loc 1 1684 6 view .LVU510
 1779              	@ 1684 "Middlewares/Third_Party/FreeRTOS/Source/tasks.c" 1
 1780 0086 BFF36F8F 		isb
 1781              	@ 0 "" 2
1684:Middlewares/Third_Party/FreeRTOS/Source/tasks.c **** 				}
 1782              		.loc 1 1684 37 view .LVU511
 1783              	.LVL137:
 1784              		.thumb
 1785              		.syntax unified
 1786              	.L125:
1688:Middlewares/Third_Party/FreeRTOS/Source/tasks.c **** 				}
 1787              		.loc 1 1688 30 view .LVU512
1693:Middlewares/Third_Party/FreeRTOS/Source/tasks.c **** 			}
 1788              		.loc 1 1693 5 view .LVU513
1696:Middlewares/Third_Party/FreeRTOS/Source/tasks.c **** 	}
 1789              		.loc 1 1696 3 view .LVU514
 1790 008a FFF7FEFF 		bl	vPortExitCritical
 1791              	.LVL138:
1697:Middlewares/Third_Party/FreeRTOS/Source/tasks.c **** 
 1792              		.loc 1 1697 2 is_stmt 0 view .LVU515
 1793 008e F8BD     		pop	{r3, r4, r5, r6, r7, pc}
 1794              	.LVL139:
 1795              	.L132:
1544:Middlewares/Third_Party/FreeRTOS/Source/tasks.c **** 
 1796              		.loc 1 1544 13 view .LVU516
 1797 0090 0027     		movs	r7, #0
 1798 0092 DDE7     		b	.L127
 1799              	.L133:
1589:Middlewares/Third_Party/FreeRTOS/Source/tasks.c **** 						}
 1800              		.loc 1 1589 23 view .LVU517
 1801 0094 0127     		movs	r7, #1
 1802 0096 DBE7     		b	.L127
 1803              	.L134:
1608:Middlewares/Third_Party/FreeRTOS/Source/tasks.c **** 				}
 1804              		.loc 1 1608 21 view .LVU518
 1805 0098 0127     		movs	r7, #1
 1806 009a D9E7     		b	.L127
 1807              	.LVL140:
 1808              	.L137:
1628:Middlewares/Third_Party/FreeRTOS/Source/tasks.c **** 					}
 1809              		.loc 1 1628 7 is_stmt 1 view .LVU519
1628:Middlewares/Third_Party/FreeRTOS/Source/tasks.c **** 					}
 1810              		.loc 1 1628 25 is_stmt 0 view .LVU520
 1811 009c EC62     		str	r4, [r5, #44]
 1812 009e DAE7     		b	.L128
 1813              	.LVL141:
 1814              	.L138:
1664:Middlewares/Third_Party/FreeRTOS/Source/tasks.c **** 					{
 1815              		.loc 1 1664 6 is_stmt 1 view .LVU521
1664:Middlewares/Third_Party/FreeRTOS/Source/tasks.c **** 					{
 1816              		.loc 1 1664 10 is_stmt 0 view .LVU522
 1817 00a0 2C1D     		adds	r4, r5, #4
 1818 00a2 2046     		mov	r0, r4
ARM GAS  /tmp/ccoDOEnO.s 			page 137


 1819 00a4 FFF7FEFF 		bl	uxListRemove
 1820              	.LVL142:
1664:Middlewares/Third_Party/FreeRTOS/Source/tasks.c **** 					{
 1821              		.loc 1 1664 8 view .LVU523
 1822 00a8 38B9     		cbnz	r0, .L131
1669:Middlewares/Third_Party/FreeRTOS/Source/tasks.c **** 					}
 1823              		.loc 1 1669 7 is_stmt 1 view .LVU524
 1824 00aa 0123     		movs	r3, #1
 1825 00ac 03FA06F6 		lsl	r6, r3, r6
 1826              	.LVL143:
1669:Middlewares/Third_Party/FreeRTOS/Source/tasks.c **** 					}
 1827              		.loc 1 1669 7 is_stmt 0 view .LVU525
 1828 00b0 0C4A     		ldr	r2, .L139+8
 1829 00b2 1368     		ldr	r3, [r2]
 1830 00b4 23EA0603 		bic	r3, r3, r6
 1831 00b8 1360     		str	r3, [r2]
 1832              	.L131:
1673:Middlewares/Third_Party/FreeRTOS/Source/tasks.c **** 					}
 1833              		.loc 1 1673 31 is_stmt 1 view .LVU526
1675:Middlewares/Third_Party/FreeRTOS/Source/tasks.c **** 				}
 1834              		.loc 1 1675 6 view .LVU527
1675:Middlewares/Third_Party/FreeRTOS/Source/tasks.c **** 				}
 1835              		.loc 1 1675 6 view .LVU528
 1836 00ba E86A     		ldr	r0, [r5, #44]
 1837 00bc 0123     		movs	r3, #1
 1838 00be 8340     		lsls	r3, r3, r0
 1839 00c0 084A     		ldr	r2, .L139+8
 1840 00c2 1168     		ldr	r1, [r2]
 1841 00c4 0B43     		orrs	r3, r3, r1
 1842 00c6 1360     		str	r3, [r2]
1675:Middlewares/Third_Party/FreeRTOS/Source/tasks.c **** 				}
 1843              		.loc 1 1675 6 view .LVU529
 1844 00c8 00EB8000 		add	r0, r0, r0, lsl #2
 1845 00cc 2146     		mov	r1, r4
 1846 00ce 044B     		ldr	r3, .L139+4
 1847 00d0 03EB8000 		add	r0, r3, r0, lsl #2
 1848 00d4 FFF7FEFF 		bl	vListInsertEnd
 1849              	.LVL144:
1675:Middlewares/Third_Party/FreeRTOS/Source/tasks.c **** 				}
 1850              		.loc 1 1675 36 view .LVU530
 1851 00d8 CCE7     		b	.L130
 1852              	.L140:
 1853 00da 00BF     		.align	2
 1854              	.L139:
 1855 00dc 00000000 		.word	.LANCHOR10
 1856 00e0 00000000 		.word	.LANCHOR4
 1857 00e4 00000000 		.word	.LANCHOR13
 1858              		.cfi_endproc
 1859              	.LFE13:
 1861              		.section	.text.vTaskResume,"ax",%progbits
 1862              		.align	1
 1863              		.global	vTaskResume
 1864              		.syntax unified
 1865              		.thumb
 1866              		.thumb_func
 1868              	vTaskResume:
 1869              	.LVL145:
ARM GAS  /tmp/ccoDOEnO.s 			page 138


 1870              	.LFB16:
1852:Middlewares/Third_Party/FreeRTOS/Source/tasks.c **** 	TCB_t * const pxTCB = xTaskToResume;
 1871              		.loc 1 1852 2 view -0
 1872              		.cfi_startproc
 1873              		@ args = 0, pretend = 0, frame = 0
 1874              		@ frame_needed = 0, uses_anonymous_args = 0
1852:Middlewares/Third_Party/FreeRTOS/Source/tasks.c **** 	TCB_t * const pxTCB = xTaskToResume;
 1875              		.loc 1 1852 2 is_stmt 0 view .LVU532
 1876 0000 38B5     		push	{r3, r4, r5, lr}
 1877              	.LCFI19:
 1878              		.cfi_def_cfa_offset 16
 1879              		.cfi_offset 3, -16
 1880              		.cfi_offset 4, -12
 1881              		.cfi_offset 5, -8
 1882              		.cfi_offset 14, -4
1853:Middlewares/Third_Party/FreeRTOS/Source/tasks.c **** 
 1883              		.loc 1 1853 2 is_stmt 1 view .LVU533
 1884              	.LVL146:
1856:Middlewares/Third_Party/FreeRTOS/Source/tasks.c **** 
 1885              		.loc 1 1856 3 view .LVU534
 1886 0002 68B1     		cbz	r0, .L147
 1887 0004 0446     		mov	r4, r0
1856:Middlewares/Third_Party/FreeRTOS/Source/tasks.c **** 
 1888              		.loc 1 1856 32 discriminator 2 view .LVU535
1860:Middlewares/Third_Party/FreeRTOS/Source/tasks.c **** 		{
 1889              		.loc 1 1860 3 discriminator 2 view .LVU536
1860:Middlewares/Third_Party/FreeRTOS/Source/tasks.c **** 		{
 1890              		.loc 1 1860 15 is_stmt 0 discriminator 2 view .LVU537
 1891 0006 1D4B     		ldr	r3, .L149
 1892 0008 1B68     		ldr	r3, [r3]
1860:Middlewares/Third_Party/FreeRTOS/Source/tasks.c **** 		{
 1893              		.loc 1 1860 5 discriminator 2 view .LVU538
 1894 000a 8342     		cmp	r3, r0
 1895 000c 07D0     		beq	.L141
1862:Middlewares/Third_Party/FreeRTOS/Source/tasks.c **** 			{
 1896              		.loc 1 1862 4 is_stmt 1 view .LVU539
 1897 000e FFF7FEFF 		bl	vPortEnterCritical
 1898              	.LVL147:
1864:Middlewares/Third_Party/FreeRTOS/Source/tasks.c **** 				{
 1899              		.loc 1 1864 5 view .LVU540
1864:Middlewares/Third_Party/FreeRTOS/Source/tasks.c **** 				{
 1900              		.loc 1 1864 9 is_stmt 0 view .LVU541
 1901 0012 2046     		mov	r0, r4
 1902 0014 FFF7FEFF 		bl	prvTaskIsTaskSuspended
 1903              	.LVL148:
1864:Middlewares/Third_Party/FreeRTOS/Source/tasks.c **** 				{
 1904              		.loc 1 1864 7 view .LVU542
 1905 0018 58B9     		cbnz	r0, .L148
 1906              	.L145:
1888:Middlewares/Third_Party/FreeRTOS/Source/tasks.c **** 				}
 1907              		.loc 1 1888 30 is_stmt 1 view .LVU543
1891:Middlewares/Third_Party/FreeRTOS/Source/tasks.c **** 		}
 1908              		.loc 1 1891 4 view .LVU544
 1909 001a FFF7FEFF 		bl	vPortExitCritical
 1910              	.LVL149:
1895:Middlewares/Third_Party/FreeRTOS/Source/tasks.c **** 		}
 1911              		.loc 1 1895 28 view .LVU545
ARM GAS  /tmp/ccoDOEnO.s 			page 139


 1912              	.L141:
1897:Middlewares/Third_Party/FreeRTOS/Source/tasks.c **** 
 1913              		.loc 1 1897 2 is_stmt 0 view .LVU546
 1914 001e 38BD     		pop	{r3, r4, r5, pc}
 1915              	.LVL150:
 1916              	.L147:
1856:Middlewares/Third_Party/FreeRTOS/Source/tasks.c **** 
 1917              		.loc 1 1856 3 is_stmt 1 view .LVU547
 1918              	.LBB134:
 1919              	.LBI134:
 193:Middlewares/Third_Party/FreeRTOS/Source/portable/GCC/ARM_CM3/portmacro.h **** {
 1920              		.loc 2 193 30 view .LVU548
 1921              	.LBB135:
 195:Middlewares/Third_Party/FreeRTOS/Source/portable/GCC/ARM_CM3/portmacro.h **** 
 1922              		.loc 2 195 1 view .LVU549
 197:Middlewares/Third_Party/FreeRTOS/Source/portable/GCC/ARM_CM3/portmacro.h **** 	(
 1923              		.loc 2 197 2 view .LVU550
 1924              		.syntax unified
 1925              	@ 197 "Middlewares/Third_Party/FreeRTOS/Source/portable/GCC/ARM_CM3/portmacro.h" 1
 1926 0020 4FF05003 			mov r3, #80												
 1927 0024 83F31188 		msr basepri, r3											
 1928 0028 BFF36F8F 		isb														
 1929 002c BFF34F8F 		dsb														
 1930              	
 1931              	@ 0 "" 2
 1932              	.LVL151:
 1933              		.thumb
 1934              		.syntax unified
 1935              	.L143:
 197:Middlewares/Third_Party/FreeRTOS/Source/portable/GCC/ARM_CM3/portmacro.h **** 	(
 1936              		.loc 2 197 2 is_stmt 0 view .LVU551
 1937              	.LBE135:
 1938              	.LBE134:
1856:Middlewares/Third_Party/FreeRTOS/Source/tasks.c **** 
 1939              		.loc 1 1856 3 is_stmt 1 discriminator 1 view .LVU552
1856:Middlewares/Third_Party/FreeRTOS/Source/tasks.c **** 
 1940              		.loc 1 1856 3 discriminator 1 view .LVU553
1856:Middlewares/Third_Party/FreeRTOS/Source/tasks.c **** 
 1941              		.loc 1 1856 3 discriminator 1 view .LVU554
 1942 0030 FEE7     		b	.L143
 1943              	.LVL152:
 1944              	.L148:
1866:Middlewares/Third_Party/FreeRTOS/Source/tasks.c **** 
 1945              		.loc 1 1866 31 view .LVU555
1870:Middlewares/Third_Party/FreeRTOS/Source/tasks.c **** 					prvAddTaskToReadyList( pxTCB );
 1946              		.loc 1 1870 6 view .LVU556
1870:Middlewares/Third_Party/FreeRTOS/Source/tasks.c **** 					prvAddTaskToReadyList( pxTCB );
 1947              		.loc 1 1870 15 is_stmt 0 view .LVU557
 1948 0032 251D     		adds	r5, r4, #4
 1949 0034 2846     		mov	r0, r5
 1950 0036 FFF7FEFF 		bl	uxListRemove
 1951              	.LVL153:
1871:Middlewares/Third_Party/FreeRTOS/Source/tasks.c **** 
 1952              		.loc 1 1871 6 is_stmt 1 view .LVU558
1871:Middlewares/Third_Party/FreeRTOS/Source/tasks.c **** 
 1953              		.loc 1 1871 6 view .LVU559
 1954 003a E06A     		ldr	r0, [r4, #44]
ARM GAS  /tmp/ccoDOEnO.s 			page 140


 1955 003c 0123     		movs	r3, #1
 1956 003e 8340     		lsls	r3, r3, r0
 1957 0040 0F4A     		ldr	r2, .L149+4
 1958 0042 1168     		ldr	r1, [r2]
 1959 0044 0B43     		orrs	r3, r3, r1
 1960 0046 1360     		str	r3, [r2]
1871:Middlewares/Third_Party/FreeRTOS/Source/tasks.c **** 
 1961              		.loc 1 1871 6 view .LVU560
 1962 0048 00EB8000 		add	r0, r0, r0, lsl #2
 1963 004c 2946     		mov	r1, r5
 1964 004e 0D4B     		ldr	r3, .L149+8
 1965 0050 03EB8000 		add	r0, r3, r0, lsl #2
 1966 0054 FFF7FEFF 		bl	vListInsertEnd
 1967              	.LVL154:
1871:Middlewares/Third_Party/FreeRTOS/Source/tasks.c **** 
 1968              		.loc 1 1871 36 view .LVU561
1874:Middlewares/Third_Party/FreeRTOS/Source/tasks.c **** 					{
 1969              		.loc 1 1874 6 view .LVU562
1874:Middlewares/Third_Party/FreeRTOS/Source/tasks.c **** 					{
 1970              		.loc 1 1874 15 is_stmt 0 view .LVU563
 1971 0058 E26A     		ldr	r2, [r4, #44]
1874:Middlewares/Third_Party/FreeRTOS/Source/tasks.c **** 					{
 1972              		.loc 1 1874 43 view .LVU564
 1973 005a 084B     		ldr	r3, .L149
 1974 005c 1B68     		ldr	r3, [r3]
 1975 005e DB6A     		ldr	r3, [r3, #44]
1874:Middlewares/Third_Party/FreeRTOS/Source/tasks.c **** 					{
 1976              		.loc 1 1874 8 view .LVU565
 1977 0060 9A42     		cmp	r2, r3
 1978 0062 DAD3     		bcc	.L145
1879:Middlewares/Third_Party/FreeRTOS/Source/tasks.c **** 					}
 1979              		.loc 1 1879 7 is_stmt 1 view .LVU566
 1980 0064 4FF0E023 		mov	r3, #-536813568
 1981 0068 4FF08052 		mov	r2, #268435456
 1982 006c C3F8042D 		str	r2, [r3, #3332]
1879:Middlewares/Third_Party/FreeRTOS/Source/tasks.c **** 					}
 1983              		.loc 1 1879 7 view .LVU567
 1984              		.syntax unified
 1985              	@ 1879 "Middlewares/Third_Party/FreeRTOS/Source/tasks.c" 1
 1986 0070 BFF34F8F 		dsb
 1987              	@ 0 "" 2
1879:Middlewares/Third_Party/FreeRTOS/Source/tasks.c **** 					}
 1988              		.loc 1 1879 7 view .LVU568
 1989              	@ 1879 "Middlewares/Third_Party/FreeRTOS/Source/tasks.c" 1
 1990 0074 BFF36F8F 		isb
 1991              	@ 0 "" 2
1879:Middlewares/Third_Party/FreeRTOS/Source/tasks.c **** 					}
 1992              		.loc 1 1879 38 view .LVU569
 1993              		.thumb
 1994              		.syntax unified
 1995 0078 CFE7     		b	.L145
 1996              	.L150:
 1997 007a 00BF     		.align	2
 1998              	.L149:
 1999 007c 00000000 		.word	.LANCHOR10
 2000 0080 00000000 		.word	.LANCHOR13
 2001 0084 00000000 		.word	.LANCHOR4
ARM GAS  /tmp/ccoDOEnO.s 			page 141


 2002              		.cfi_endproc
 2003              	.LFE16:
 2005              		.section	.text.xTaskResumeFromISR,"ax",%progbits
 2006              		.align	1
 2007              		.global	xTaskResumeFromISR
 2008              		.syntax unified
 2009              		.thumb
 2010              		.thumb_func
 2012              	xTaskResumeFromISR:
 2013              	.LVL155:
 2014              	.LFB17:
1906:Middlewares/Third_Party/FreeRTOS/Source/tasks.c **** 	BaseType_t xYieldRequired = pdFALSE;
 2015              		.loc 1 1906 2 view -0
 2016              		.cfi_startproc
 2017              		@ args = 0, pretend = 0, frame = 0
 2018              		@ frame_needed = 0, uses_anonymous_args = 0
1906:Middlewares/Third_Party/FreeRTOS/Source/tasks.c **** 	BaseType_t xYieldRequired = pdFALSE;
 2019              		.loc 1 1906 2 is_stmt 0 view .LVU571
 2020 0000 F8B5     		push	{r3, r4, r5, r6, r7, lr}
 2021              	.LCFI20:
 2022              		.cfi_def_cfa_offset 24
 2023              		.cfi_offset 3, -24
 2024              		.cfi_offset 4, -20
 2025              		.cfi_offset 5, -16
 2026              		.cfi_offset 6, -12
 2027              		.cfi_offset 7, -8
 2028              		.cfi_offset 14, -4
1907:Middlewares/Third_Party/FreeRTOS/Source/tasks.c **** 	TCB_t * const pxTCB = xTaskToResume;
 2029              		.loc 1 1907 2 is_stmt 1 view .LVU572
 2030              	.LVL156:
1908:Middlewares/Third_Party/FreeRTOS/Source/tasks.c **** 	UBaseType_t uxSavedInterruptStatus;
 2031              		.loc 1 1908 2 view .LVU573
1909:Middlewares/Third_Party/FreeRTOS/Source/tasks.c **** 
 2032              		.loc 1 1909 2 view .LVU574
1911:Middlewares/Third_Party/FreeRTOS/Source/tasks.c **** 
 2033              		.loc 1 1911 3 view .LVU575
 2034 0002 90B3     		cbz	r0, .L159
 2035 0004 0446     		mov	r4, r0
1911:Middlewares/Third_Party/FreeRTOS/Source/tasks.c **** 
 2036              		.loc 1 1911 32 discriminator 2 view .LVU576
1929:Middlewares/Third_Party/FreeRTOS/Source/tasks.c **** 
 2037              		.loc 1 1929 3 discriminator 2 view .LVU577
 2038 0006 FFF7FEFF 		bl	vPortValidateInterruptPriority
 2039              	.LVL157:
1931:Middlewares/Third_Party/FreeRTOS/Source/tasks.c **** 		{
 2040              		.loc 1 1931 3 discriminator 2 view .LVU578
 2041              	.LBB136:
 2042              	.LBI136:
 209:Middlewares/Third_Party/FreeRTOS/Source/portable/GCC/ARM_CM3/portmacro.h **** {
 2043              		.loc 2 209 34 discriminator 2 view .LVU579
 2044              	.LBB137:
 211:Middlewares/Third_Party/FreeRTOS/Source/portable/GCC/ARM_CM3/portmacro.h **** 
 2045              		.loc 2 211 1 discriminator 2 view .LVU580
 213:Middlewares/Third_Party/FreeRTOS/Source/portable/GCC/ARM_CM3/portmacro.h **** 	(
 2046              		.loc 2 213 2 discriminator 2 view .LVU581
 2047              		.syntax unified
 2048              	@ 213 "Middlewares/Third_Party/FreeRTOS/Source/portable/GCC/ARM_CM3/portmacro.h" 1
ARM GAS  /tmp/ccoDOEnO.s 			page 142


 2049 000a EFF31186 			mrs r6, basepri											
 2050 000e 4FF05003 		mov r3, #80												
 2051 0012 83F31188 		msr basepri, r3											
 2052 0016 BFF36F8F 		isb														
 2053 001a BFF34F8F 		dsb														
 2054              	
 2055              	@ 0 "" 2
 2056              	.LVL158:
 225:Middlewares/Third_Party/FreeRTOS/Source/portable/GCC/ARM_CM3/portmacro.h **** }
 2057              		.loc 2 225 2 discriminator 2 view .LVU582
 225:Middlewares/Third_Party/FreeRTOS/Source/portable/GCC/ARM_CM3/portmacro.h **** }
 2058              		.loc 2 225 2 is_stmt 0 discriminator 2 view .LVU583
 2059              		.thumb
 2060              		.syntax unified
 2061              	.LBE137:
 2062              	.LBE136:
1933:Middlewares/Third_Party/FreeRTOS/Source/tasks.c **** 			{
 2063              		.loc 1 1933 4 is_stmt 1 discriminator 2 view .LVU584
1933:Middlewares/Third_Party/FreeRTOS/Source/tasks.c **** 			{
 2064              		.loc 1 1933 8 is_stmt 0 discriminator 2 view .LVU585
 2065 001e 2046     		mov	r0, r4
 2066 0020 FFF7FEFF 		bl	prvTaskIsTaskSuspended
 2067              	.LVL159:
1933:Middlewares/Third_Party/FreeRTOS/Source/tasks.c **** 			{
 2068              		.loc 1 1933 6 discriminator 2 view .LVU586
 2069 0024 0546     		mov	r5, r0
 2070 0026 E0B1     		cbz	r0, .L154
1935:Middlewares/Third_Party/FreeRTOS/Source/tasks.c **** 
 2071              		.loc 1 1935 39 is_stmt 1 view .LVU587
1938:Middlewares/Third_Party/FreeRTOS/Source/tasks.c **** 				{
 2072              		.loc 1 1938 5 view .LVU588
1938:Middlewares/Third_Party/FreeRTOS/Source/tasks.c **** 				{
 2073              		.loc 1 1938 30 is_stmt 0 view .LVU589
 2074 0028 194B     		ldr	r3, .L160
 2075 002a 1B68     		ldr	r3, [r3]
1938:Middlewares/Third_Party/FreeRTOS/Source/tasks.c **** 				{
 2076              		.loc 1 1938 7 view .LVU590
 2077 002c 43BB     		cbnz	r3, .L155
1942:Middlewares/Third_Party/FreeRTOS/Source/tasks.c **** 					{
 2078              		.loc 1 1942 6 is_stmt 1 view .LVU591
1942:Middlewares/Third_Party/FreeRTOS/Source/tasks.c **** 					{
 2079              		.loc 1 1942 15 is_stmt 0 view .LVU592
 2080 002e E26A     		ldr	r2, [r4, #44]
1942:Middlewares/Third_Party/FreeRTOS/Source/tasks.c **** 					{
 2081              		.loc 1 1942 43 view .LVU593
 2082 0030 184B     		ldr	r3, .L160+4
 2083 0032 1B68     		ldr	r3, [r3]
 2084 0034 DB6A     		ldr	r3, [r3, #44]
1942:Middlewares/Third_Party/FreeRTOS/Source/tasks.c **** 					{
 2085              		.loc 1 1942 8 view .LVU594
 2086 0036 9A42     		cmp	r2, r3
 2087 0038 20D2     		bcs	.L157
1907:Middlewares/Third_Party/FreeRTOS/Source/tasks.c **** 	TCB_t * const pxTCB = xTaskToResume;
 2088              		.loc 1 1907 13 view .LVU595
 2089 003a 0025     		movs	r5, #0
 2090              	.L156:
 2091              	.LVL160:
ARM GAS  /tmp/ccoDOEnO.s 			page 143


1948:Middlewares/Third_Party/FreeRTOS/Source/tasks.c **** 					}
 2092              		.loc 1 1948 31 is_stmt 1 view .LVU596
1951:Middlewares/Third_Party/FreeRTOS/Source/tasks.c **** 					prvAddTaskToReadyList( pxTCB );
 2093              		.loc 1 1951 6 view .LVU597
1951:Middlewares/Third_Party/FreeRTOS/Source/tasks.c **** 					prvAddTaskToReadyList( pxTCB );
 2094              		.loc 1 1951 15 is_stmt 0 view .LVU598
 2095 003c 271D     		adds	r7, r4, #4
 2096 003e 3846     		mov	r0, r7
 2097 0040 FFF7FEFF 		bl	uxListRemove
 2098              	.LVL161:
1952:Middlewares/Third_Party/FreeRTOS/Source/tasks.c **** 				}
 2099              		.loc 1 1952 6 is_stmt 1 view .LVU599
1952:Middlewares/Third_Party/FreeRTOS/Source/tasks.c **** 				}
 2100              		.loc 1 1952 6 view .LVU600
 2101 0044 E06A     		ldr	r0, [r4, #44]
 2102 0046 0123     		movs	r3, #1
 2103 0048 8340     		lsls	r3, r3, r0
 2104 004a 134A     		ldr	r2, .L160+8
 2105 004c 1168     		ldr	r1, [r2]
 2106 004e 0B43     		orrs	r3, r3, r1
 2107 0050 1360     		str	r3, [r2]
1952:Middlewares/Third_Party/FreeRTOS/Source/tasks.c **** 				}
 2108              		.loc 1 1952 6 view .LVU601
 2109 0052 00EB8000 		add	r0, r0, r0, lsl #2
 2110 0056 3946     		mov	r1, r7
 2111 0058 104B     		ldr	r3, .L160+12
 2112 005a 03EB8000 		add	r0, r3, r0, lsl #2
 2113 005e FFF7FEFF 		bl	vListInsertEnd
 2114              	.LVL162:
1952:Middlewares/Third_Party/FreeRTOS/Source/tasks.c **** 				}
 2115              		.loc 1 1952 36 view .LVU602
 2116              	.L154:
1964:Middlewares/Third_Party/FreeRTOS/Source/tasks.c **** 			}
 2117              		.loc 1 1964 29 view .LVU603
1967:Middlewares/Third_Party/FreeRTOS/Source/tasks.c **** 
 2118              		.loc 1 1967 3 view .LVU604
 2119              	.LBB138:
 2120              	.LBI138:
 229:Middlewares/Third_Party/FreeRTOS/Source/portable/GCC/ARM_CM3/portmacro.h **** {
 2121              		.loc 2 229 30 view .LVU605
 2122              	.LBB139:
 2123              		.loc 2 231 2 view .LVU606
 2124              		.syntax unified
 2125              	@ 231 "Middlewares/Third_Party/FreeRTOS/Source/portable/GCC/ARM_CM3/portmacro.h" 1
 2126 0062 86F31188 			msr basepri, r6	
 2127              	@ 0 "" 2
 2128              	.LVL163:
 2129              		.loc 2 231 2 is_stmt 0 view .LVU607
 2130              		.thumb
 2131              		.syntax unified
 2132              	.LBE139:
 2133              	.LBE138:
1969:Middlewares/Third_Party/FreeRTOS/Source/tasks.c **** 	}
 2134              		.loc 1 1969 3 is_stmt 1 view .LVU608
1970:Middlewares/Third_Party/FreeRTOS/Source/tasks.c **** 
 2135              		.loc 1 1970 2 is_stmt 0 view .LVU609
 2136 0066 2846     		mov	r0, r5
ARM GAS  /tmp/ccoDOEnO.s 			page 144


 2137 0068 F8BD     		pop	{r3, r4, r5, r6, r7, pc}
 2138              	.LVL164:
 2139              	.L159:
1911:Middlewares/Third_Party/FreeRTOS/Source/tasks.c **** 
 2140              		.loc 1 1911 3 is_stmt 1 view .LVU610
 2141              	.LBB140:
 2142              	.LBI140:
 193:Middlewares/Third_Party/FreeRTOS/Source/portable/GCC/ARM_CM3/portmacro.h **** {
 2143              		.loc 2 193 30 view .LVU611
 2144              	.LBB141:
 195:Middlewares/Third_Party/FreeRTOS/Source/portable/GCC/ARM_CM3/portmacro.h **** 
 2145              		.loc 2 195 1 view .LVU612
 197:Middlewares/Third_Party/FreeRTOS/Source/portable/GCC/ARM_CM3/portmacro.h **** 	(
 2146              		.loc 2 197 2 view .LVU613
 2147              		.syntax unified
 2148              	@ 197 "Middlewares/Third_Party/FreeRTOS/Source/portable/GCC/ARM_CM3/portmacro.h" 1
 2149 006a 4FF05003 			mov r3, #80												
 2150 006e 83F31188 		msr basepri, r3											
 2151 0072 BFF36F8F 		isb														
 2152 0076 BFF34F8F 		dsb														
 2153              	
 2154              	@ 0 "" 2
 2155              	.LVL165:
 2156              		.thumb
 2157              		.syntax unified
 2158              	.L153:
 197:Middlewares/Third_Party/FreeRTOS/Source/portable/GCC/ARM_CM3/portmacro.h **** 	(
 2159              		.loc 2 197 2 is_stmt 0 view .LVU614
 2160              	.LBE141:
 2161              	.LBE140:
1911:Middlewares/Third_Party/FreeRTOS/Source/tasks.c **** 
 2162              		.loc 1 1911 3 is_stmt 1 discriminator 1 view .LVU615
1911:Middlewares/Third_Party/FreeRTOS/Source/tasks.c **** 
 2163              		.loc 1 1911 3 discriminator 1 view .LVU616
1911:Middlewares/Third_Party/FreeRTOS/Source/tasks.c **** 
 2164              		.loc 1 1911 3 discriminator 1 view .LVU617
 2165 007a FEE7     		b	.L153
 2166              	.LVL166:
 2167              	.L157:
1944:Middlewares/Third_Party/FreeRTOS/Source/tasks.c **** 					}
 2168              		.loc 1 1944 22 is_stmt 0 view .LVU618
 2169 007c 0125     		movs	r5, #1
 2170 007e DDE7     		b	.L156
 2171              	.L155:
1959:Middlewares/Third_Party/FreeRTOS/Source/tasks.c **** 				}
 2172              		.loc 1 1959 6 is_stmt 1 view .LVU619
 2173 0080 04F11801 		add	r1, r4, #24
 2174 0084 0648     		ldr	r0, .L160+16
 2175 0086 FFF7FEFF 		bl	vListInsertEnd
 2176              	.LVL167:
1907:Middlewares/Third_Party/FreeRTOS/Source/tasks.c **** 	TCB_t * const pxTCB = xTaskToResume;
 2177              		.loc 1 1907 13 is_stmt 0 view .LVU620
 2178 008a 0025     		movs	r5, #0
 2179 008c E9E7     		b	.L154
 2180              	.L161:
 2181 008e 00BF     		.align	2
 2182              	.L160:
ARM GAS  /tmp/ccoDOEnO.s 			page 145


 2183 0090 00000000 		.word	.LANCHOR16
 2184 0094 00000000 		.word	.LANCHOR10
 2185 0098 00000000 		.word	.LANCHOR13
 2186 009c 00000000 		.word	.LANCHOR4
 2187 00a0 00000000 		.word	.LANCHOR1
 2188              		.cfi_endproc
 2189              	.LFE17:
 2191              		.section	.rodata.vTaskStartScheduler.str1.4,"aMS",%progbits,1
 2192              		.align	2
 2193              	.LC0:
 2194 0000 49444C45 		.ascii	"IDLE\000"
 2194      00
 2195              		.section	.text.vTaskStartScheduler,"ax",%progbits
 2196              		.align	1
 2197              		.global	vTaskStartScheduler
 2198              		.syntax unified
 2199              		.thumb
 2200              		.thumb_func
 2202              	vTaskStartScheduler:
 2203              	.LFB18:
1976:Middlewares/Third_Party/FreeRTOS/Source/tasks.c **** BaseType_t xReturn;
 2204              		.loc 1 1976 1 is_stmt 1 view -0
 2205              		.cfi_startproc
 2206              		@ args = 0, pretend = 0, frame = 16
 2207              		@ frame_needed = 0, uses_anonymous_args = 0
 2208 0000 10B5     		push	{r4, lr}
 2209              	.LCFI21:
 2210              		.cfi_def_cfa_offset 8
 2211              		.cfi_offset 4, -8
 2212              		.cfi_offset 14, -4
 2213 0002 88B0     		sub	sp, sp, #32
 2214              	.LCFI22:
 2215              		.cfi_def_cfa_offset 40
1977:Middlewares/Third_Party/FreeRTOS/Source/tasks.c **** 
 2216              		.loc 1 1977 1 view .LVU622
 2217              	.LBB142:
1982:Middlewares/Third_Party/FreeRTOS/Source/tasks.c **** 		StackType_t *pxIdleTaskStackBuffer = NULL;
 2218              		.loc 1 1982 3 view .LVU623
1982:Middlewares/Third_Party/FreeRTOS/Source/tasks.c **** 		StackType_t *pxIdleTaskStackBuffer = NULL;
 2219              		.loc 1 1982 17 is_stmt 0 view .LVU624
 2220 0004 0024     		movs	r4, #0
 2221 0006 0594     		str	r4, [sp, #20]
1983:Middlewares/Third_Party/FreeRTOS/Source/tasks.c **** 		uint32_t ulIdleTaskStackSize;
 2222              		.loc 1 1983 3 is_stmt 1 view .LVU625
1983:Middlewares/Third_Party/FreeRTOS/Source/tasks.c **** 		uint32_t ulIdleTaskStackSize;
 2223              		.loc 1 1983 16 is_stmt 0 view .LVU626
 2224 0008 0694     		str	r4, [sp, #24]
1984:Middlewares/Third_Party/FreeRTOS/Source/tasks.c **** 
 2225              		.loc 1 1984 3 is_stmt 1 view .LVU627
1988:Middlewares/Third_Party/FreeRTOS/Source/tasks.c **** 		xIdleTaskHandle = xTaskCreateStatic(	prvIdleTask,
 2226              		.loc 1 1988 3 view .LVU628
 2227 000a 07AA     		add	r2, sp, #28
 2228 000c 06A9     		add	r1, sp, #24
 2229 000e 05A8     		add	r0, sp, #20
 2230 0010 FFF7FEFF 		bl	vApplicationGetIdleTaskMemory
 2231              	.LVL168:
1989:Middlewares/Third_Party/FreeRTOS/Source/tasks.c **** 												configIDLE_TASK_NAME,
ARM GAS  /tmp/ccoDOEnO.s 			page 146


 2232              		.loc 1 1989 3 view .LVU629
1989:Middlewares/Third_Party/FreeRTOS/Source/tasks.c **** 												configIDLE_TASK_NAME,
 2233              		.loc 1 1989 21 is_stmt 0 view .LVU630
 2234 0014 059B     		ldr	r3, [sp, #20]
 2235 0016 0293     		str	r3, [sp, #8]
 2236 0018 069B     		ldr	r3, [sp, #24]
 2237 001a 0193     		str	r3, [sp, #4]
 2238 001c 0094     		str	r4, [sp]
 2239 001e 2346     		mov	r3, r4
 2240 0020 079A     		ldr	r2, [sp, #28]
 2241 0022 0E49     		ldr	r1, .L166
 2242 0024 0E48     		ldr	r0, .L166+4
 2243 0026 FFF7FEFF 		bl	xTaskCreateStatic
 2244              	.LVL169:
1989:Middlewares/Third_Party/FreeRTOS/Source/tasks.c **** 												configIDLE_TASK_NAME,
 2245              		.loc 1 1989 19 view .LVU631
 2246 002a 0E4B     		ldr	r3, .L166+8
 2247 002c 1860     		str	r0, [r3]
1997:Middlewares/Third_Party/FreeRTOS/Source/tasks.c **** 		{
 2248              		.loc 1 1997 3 is_stmt 1 view .LVU632
1997:Middlewares/Third_Party/FreeRTOS/Source/tasks.c **** 		{
 2249              		.loc 1 1997 5 is_stmt 0 view .LVU633
 2250 002e 90B1     		cbz	r0, .L162
 2251              	.LVL170:
1997:Middlewares/Third_Party/FreeRTOS/Source/tasks.c **** 		{
 2252              		.loc 1 1997 5 view .LVU634
 2253              	.LBE142:
2031:Middlewares/Third_Party/FreeRTOS/Source/tasks.c **** 	{
 2254              		.loc 1 2031 2 is_stmt 1 view .LVU635
2047:Middlewares/Third_Party/FreeRTOS/Source/tasks.c **** 
 2255              		.loc 1 2047 3 view .LVU636
 2256              	.LBB143:
 2257              	.LBI143:
 193:Middlewares/Third_Party/FreeRTOS/Source/portable/GCC/ARM_CM3/portmacro.h **** {
 2258              		.loc 2 193 30 view .LVU637
 2259              	.LBB144:
 195:Middlewares/Third_Party/FreeRTOS/Source/portable/GCC/ARM_CM3/portmacro.h **** 
 2260              		.loc 2 195 1 view .LVU638
 197:Middlewares/Third_Party/FreeRTOS/Source/portable/GCC/ARM_CM3/portmacro.h **** 	(
 2261              		.loc 2 197 2 view .LVU639
 2262              		.syntax unified
 2263              	@ 197 "Middlewares/Third_Party/FreeRTOS/Source/portable/GCC/ARM_CM3/portmacro.h" 1
 2264 0030 4FF05003 			mov r3, #80												
 2265 0034 83F31188 		msr basepri, r3											
 2266 0038 BFF36F8F 		isb														
 2267 003c BFF34F8F 		dsb														
 2268              	
 2269              	@ 0 "" 2
 2270              		.thumb
 2271              		.syntax unified
 2272              	.LBE144:
 2273              	.LBE143:
2059:Middlewares/Third_Party/FreeRTOS/Source/tasks.c **** 		xSchedulerRunning = pdTRUE;
 2274              		.loc 1 2059 3 view .LVU640
2059:Middlewares/Third_Party/FreeRTOS/Source/tasks.c **** 		xSchedulerRunning = pdTRUE;
 2275              		.loc 1 2059 24 is_stmt 0 view .LVU641
 2276 0040 094B     		ldr	r3, .L166+12
ARM GAS  /tmp/ccoDOEnO.s 			page 147


 2277 0042 4FF0FF32 		mov	r2, #-1
 2278 0046 1A60     		str	r2, [r3]
2060:Middlewares/Third_Party/FreeRTOS/Source/tasks.c **** 		xTickCount = ( TickType_t ) configINITIAL_TICK_COUNT;
 2279              		.loc 1 2060 3 is_stmt 1 view .LVU642
2060:Middlewares/Third_Party/FreeRTOS/Source/tasks.c **** 		xTickCount = ( TickType_t ) configINITIAL_TICK_COUNT;
 2280              		.loc 1 2060 21 is_stmt 0 view .LVU643
 2281 0048 084B     		ldr	r3, .L166+16
 2282 004a 0122     		movs	r2, #1
 2283 004c 1A60     		str	r2, [r3]
2061:Middlewares/Third_Party/FreeRTOS/Source/tasks.c **** 
 2284              		.loc 1 2061 3 is_stmt 1 view .LVU644
2061:Middlewares/Third_Party/FreeRTOS/Source/tasks.c **** 
 2285              		.loc 1 2061 14 is_stmt 0 view .LVU645
 2286 004e 084B     		ldr	r3, .L166+20
 2287 0050 1C60     		str	r4, [r3]
2069:Middlewares/Third_Party/FreeRTOS/Source/tasks.c **** 
 2288              		.loc 1 2069 43 is_stmt 1 view .LVU646
2071:Middlewares/Third_Party/FreeRTOS/Source/tasks.c **** 
 2289              		.loc 1 2071 26 view .LVU647
2075:Middlewares/Third_Party/FreeRTOS/Source/tasks.c **** 		{
 2290              		.loc 1 2075 3 view .LVU648
2075:Middlewares/Third_Party/FreeRTOS/Source/tasks.c **** 		{
 2291              		.loc 1 2075 7 is_stmt 0 view .LVU649
 2292 0052 FFF7FEFF 		bl	xPortStartScheduler
 2293              	.LVL171:
 2294              	.L162:
2096:Middlewares/Third_Party/FreeRTOS/Source/tasks.c **** /*-----------------------------------------------------------*/
 2295              		.loc 1 2096 1 view .LVU650
 2296 0056 08B0     		add	sp, sp, #32
 2297              	.LCFI23:
 2298              		.cfi_def_cfa_offset 8
 2299              		@ sp needed
 2300 0058 10BD     		pop	{r4, pc}
 2301              	.L167:
 2302 005a 00BF     		.align	2
 2303              	.L166:
 2304 005c 00000000 		.word	.LC0
 2305 0060 00000000 		.word	prvIdleTask
 2306 0064 00000000 		.word	.LANCHOR17
 2307 0068 00000000 		.word	.LANCHOR3
 2308 006c 00000000 		.word	.LANCHOR11
 2309 0070 00000000 		.word	.LANCHOR15
 2310              		.cfi_endproc
 2311              	.LFE18:
 2313              		.section	.text.vTaskEndScheduler,"ax",%progbits
 2314              		.align	1
 2315              		.global	vTaskEndScheduler
 2316              		.syntax unified
 2317              		.thumb
 2318              		.thumb_func
 2320              	vTaskEndScheduler:
 2321              	.LFB19:
2100:Middlewares/Third_Party/FreeRTOS/Source/tasks.c **** 	/* Stop the scheduler interrupts and call the portable scheduler end
 2322              		.loc 1 2100 1 is_stmt 1 view -0
 2323              		.cfi_startproc
 2324              		@ args = 0, pretend = 0, frame = 0
 2325              		@ frame_needed = 0, uses_anonymous_args = 0
ARM GAS  /tmp/ccoDOEnO.s 			page 148


 2326 0000 08B5     		push	{r3, lr}
 2327              	.LCFI24:
 2328              		.cfi_def_cfa_offset 8
 2329              		.cfi_offset 3, -8
 2330              		.cfi_offset 14, -4
2104:Middlewares/Third_Party/FreeRTOS/Source/tasks.c **** 	xSchedulerRunning = pdFALSE;
 2331              		.loc 1 2104 2 view .LVU652
 2332              	.LBB145:
 2333              	.LBI145:
 193:Middlewares/Third_Party/FreeRTOS/Source/portable/GCC/ARM_CM3/portmacro.h **** {
 2334              		.loc 2 193 30 view .LVU653
 2335              	.LBB146:
 195:Middlewares/Third_Party/FreeRTOS/Source/portable/GCC/ARM_CM3/portmacro.h **** 
 2336              		.loc 2 195 1 view .LVU654
 197:Middlewares/Third_Party/FreeRTOS/Source/portable/GCC/ARM_CM3/portmacro.h **** 	(
 2337              		.loc 2 197 2 view .LVU655
 2338              		.syntax unified
 2339              	@ 197 "Middlewares/Third_Party/FreeRTOS/Source/portable/GCC/ARM_CM3/portmacro.h" 1
 2340 0002 4FF05003 			mov r3, #80												
 2341 0006 83F31188 		msr basepri, r3											
 2342 000a BFF36F8F 		isb														
 2343 000e BFF34F8F 		dsb														
 2344              	
 2345              	@ 0 "" 2
 2346              		.thumb
 2347              		.syntax unified
 2348              	.LBE146:
 2349              	.LBE145:
2105:Middlewares/Third_Party/FreeRTOS/Source/tasks.c **** 	vPortEndScheduler();
 2350              		.loc 1 2105 2 view .LVU656
2105:Middlewares/Third_Party/FreeRTOS/Source/tasks.c **** 	vPortEndScheduler();
 2351              		.loc 1 2105 20 is_stmt 0 view .LVU657
 2352 0012 034B     		ldr	r3, .L170
 2353 0014 0022     		movs	r2, #0
 2354 0016 1A60     		str	r2, [r3]
2106:Middlewares/Third_Party/FreeRTOS/Source/tasks.c **** }
 2355              		.loc 1 2106 2 is_stmt 1 view .LVU658
 2356 0018 FFF7FEFF 		bl	vPortEndScheduler
 2357              	.LVL172:
2107:Middlewares/Third_Party/FreeRTOS/Source/tasks.c **** /*----------------------------------------------------------*/
 2358              		.loc 1 2107 1 is_stmt 0 view .LVU659
 2359 001c 08BD     		pop	{r3, pc}
 2360              	.L171:
 2361 001e 00BF     		.align	2
 2362              	.L170:
 2363 0020 00000000 		.word	.LANCHOR11
 2364              		.cfi_endproc
 2365              	.LFE19:
 2367              		.section	.text.vTaskSuspendAll,"ax",%progbits
 2368              		.align	1
 2369              		.global	vTaskSuspendAll
 2370              		.syntax unified
 2371              		.thumb
 2372              		.thumb_func
 2374              	vTaskSuspendAll:
 2375              	.LFB20:
2111:Middlewares/Third_Party/FreeRTOS/Source/tasks.c **** 	/* A critical section is not required as the variable is of type
ARM GAS  /tmp/ccoDOEnO.s 			page 149


 2376              		.loc 1 2111 1 is_stmt 1 view -0
 2377              		.cfi_startproc
 2378              		@ args = 0, pretend = 0, frame = 0
 2379              		@ frame_needed = 0, uses_anonymous_args = 0
 2380              		@ link register save eliminated.
2119:Middlewares/Third_Party/FreeRTOS/Source/tasks.c **** 
 2381              		.loc 1 2119 24 view .LVU661
2123:Middlewares/Third_Party/FreeRTOS/Source/tasks.c **** 
 2382              		.loc 1 2123 2 view .LVU662
 2383 0000 024A     		ldr	r2, .L173
 2384 0002 1368     		ldr	r3, [r2]
 2385 0004 0133     		adds	r3, r3, #1
 2386 0006 1360     		str	r3, [r2]
2127:Middlewares/Third_Party/FreeRTOS/Source/tasks.c **** }
 2387              		.loc 1 2127 2 view .LVU663
2128:Middlewares/Third_Party/FreeRTOS/Source/tasks.c **** /*----------------------------------------------------------*/
 2388              		.loc 1 2128 1 is_stmt 0 view .LVU664
 2389 0008 7047     		bx	lr
 2390              	.L174:
 2391 000a 00BF     		.align	2
 2392              	.L173:
 2393 000c 00000000 		.word	.LANCHOR16
 2394              		.cfi_endproc
 2395              	.LFE20:
 2397              		.section	.text.xTaskGetTickCount,"ax",%progbits
 2398              		.align	1
 2399              		.global	xTaskGetTickCount
 2400              		.syntax unified
 2401              		.thumb
 2402              		.thumb_func
 2404              	xTaskGetTickCount:
 2405              	.LFB22:
2305:Middlewares/Third_Party/FreeRTOS/Source/tasks.c **** TickType_t xTicks;
 2406              		.loc 1 2305 1 is_stmt 1 view -0
 2407              		.cfi_startproc
 2408              		@ args = 0, pretend = 0, frame = 0
 2409              		@ frame_needed = 0, uses_anonymous_args = 0
 2410              		@ link register save eliminated.
2306:Middlewares/Third_Party/FreeRTOS/Source/tasks.c **** 
 2411              		.loc 1 2306 1 view .LVU666
2309:Middlewares/Third_Party/FreeRTOS/Source/tasks.c **** 	{
 2412              		.loc 1 2309 32 view .LVU667
2311:Middlewares/Third_Party/FreeRTOS/Source/tasks.c **** 	}
 2413              		.loc 1 2311 3 view .LVU668
2311:Middlewares/Third_Party/FreeRTOS/Source/tasks.c **** 	}
 2414              		.loc 1 2311 10 is_stmt 0 view .LVU669
 2415 0000 014B     		ldr	r3, .L176
 2416 0002 1868     		ldr	r0, [r3]
 2417              	.LVL173:
2313:Middlewares/Third_Party/FreeRTOS/Source/tasks.c **** 
 2418              		.loc 1 2313 31 is_stmt 1 view .LVU670
2315:Middlewares/Third_Party/FreeRTOS/Source/tasks.c **** }
 2419              		.loc 1 2315 2 view .LVU671
2316:Middlewares/Third_Party/FreeRTOS/Source/tasks.c **** /*-----------------------------------------------------------*/
 2420              		.loc 1 2316 1 is_stmt 0 view .LVU672
 2421 0004 7047     		bx	lr
 2422              	.L177:
ARM GAS  /tmp/ccoDOEnO.s 			page 150


 2423 0006 00BF     		.align	2
 2424              	.L176:
 2425 0008 00000000 		.word	.LANCHOR15
 2426              		.cfi_endproc
 2427              	.LFE22:
 2429              		.section	.text.xTaskGetTickCountFromISR,"ax",%progbits
 2430              		.align	1
 2431              		.global	xTaskGetTickCountFromISR
 2432              		.syntax unified
 2433              		.thumb
 2434              		.thumb_func
 2436              	xTaskGetTickCountFromISR:
 2437              	.LFB23:
2320:Middlewares/Third_Party/FreeRTOS/Source/tasks.c **** TickType_t xReturn;
 2438              		.loc 1 2320 1 is_stmt 1 view -0
 2439              		.cfi_startproc
 2440              		@ args = 0, pretend = 0, frame = 0
 2441              		@ frame_needed = 0, uses_anonymous_args = 0
 2442 0000 08B5     		push	{r3, lr}
 2443              	.LCFI25:
 2444              		.cfi_def_cfa_offset 8
 2445              		.cfi_offset 3, -8
 2446              		.cfi_offset 14, -4
2321:Middlewares/Third_Party/FreeRTOS/Source/tasks.c **** UBaseType_t uxSavedInterruptStatus;
 2447              		.loc 1 2321 1 view .LVU674
2322:Middlewares/Third_Party/FreeRTOS/Source/tasks.c **** 
 2448              		.loc 1 2322 1 view .LVU675
2338:Middlewares/Third_Party/FreeRTOS/Source/tasks.c **** 
 2449              		.loc 1 2338 2 view .LVU676
 2450 0002 FFF7FEFF 		bl	vPortValidateInterruptPriority
 2451              	.LVL174:
2340:Middlewares/Third_Party/FreeRTOS/Source/tasks.c **** 	{
 2452              		.loc 1 2340 2 view .LVU677
2342:Middlewares/Third_Party/FreeRTOS/Source/tasks.c **** 	}
 2453              		.loc 1 2342 3 view .LVU678
2342:Middlewares/Third_Party/FreeRTOS/Source/tasks.c **** 	}
 2454              		.loc 1 2342 11 is_stmt 0 view .LVU679
 2455 0006 014B     		ldr	r3, .L180
 2456 0008 1868     		ldr	r0, [r3]
 2457              	.LVL175:
2344:Middlewares/Third_Party/FreeRTOS/Source/tasks.c **** 
 2458              		.loc 1 2344 2 is_stmt 1 view .LVU680
2346:Middlewares/Third_Party/FreeRTOS/Source/tasks.c **** }
 2459              		.loc 1 2346 2 view .LVU681
2347:Middlewares/Third_Party/FreeRTOS/Source/tasks.c **** /*-----------------------------------------------------------*/
 2460              		.loc 1 2347 1 is_stmt 0 view .LVU682
 2461 000a 08BD     		pop	{r3, pc}
 2462              	.L181:
 2463              		.align	2
 2464              	.L180:
 2465 000c 00000000 		.word	.LANCHOR15
 2466              		.cfi_endproc
 2467              	.LFE23:
 2469              		.section	.text.uxTaskGetNumberOfTasks,"ax",%progbits
 2470              		.align	1
 2471              		.global	uxTaskGetNumberOfTasks
 2472              		.syntax unified
ARM GAS  /tmp/ccoDOEnO.s 			page 151


 2473              		.thumb
 2474              		.thumb_func
 2476              	uxTaskGetNumberOfTasks:
 2477              	.LFB24:
2351:Middlewares/Third_Party/FreeRTOS/Source/tasks.c **** 	/* A critical section is not required because the variables are of type
 2478              		.loc 1 2351 1 is_stmt 1 view -0
 2479              		.cfi_startproc
 2480              		@ args = 0, pretend = 0, frame = 0
 2481              		@ frame_needed = 0, uses_anonymous_args = 0
 2482              		@ link register save eliminated.
2354:Middlewares/Third_Party/FreeRTOS/Source/tasks.c **** }
 2483              		.loc 1 2354 2 view .LVU684
2354:Middlewares/Third_Party/FreeRTOS/Source/tasks.c **** }
 2484              		.loc 1 2354 9 is_stmt 0 view .LVU685
 2485 0000 014B     		ldr	r3, .L183
 2486 0002 1868     		ldr	r0, [r3]
2355:Middlewares/Third_Party/FreeRTOS/Source/tasks.c **** /*-----------------------------------------------------------*/
 2487              		.loc 1 2355 1 view .LVU686
 2488 0004 7047     		bx	lr
 2489              	.L184:
 2490 0006 00BF     		.align	2
 2491              	.L183:
 2492 0008 00000000 		.word	.LANCHOR9
 2493              		.cfi_endproc
 2494              	.LFE24:
 2496              		.section	.text.pcTaskGetName,"ax",%progbits
 2497              		.align	1
 2498              		.global	pcTaskGetName
 2499              		.syntax unified
 2500              		.thumb
 2501              		.thumb_func
 2503              	pcTaskGetName:
 2504              	.LVL176:
 2505              	.LFB25:
2359:Middlewares/Third_Party/FreeRTOS/Source/tasks.c **** TCB_t *pxTCB;
 2506              		.loc 1 2359 1 is_stmt 1 view -0
 2507              		.cfi_startproc
 2508              		@ args = 0, pretend = 0, frame = 0
 2509              		@ frame_needed = 0, uses_anonymous_args = 0
 2510              		@ link register save eliminated.
2360:Middlewares/Third_Party/FreeRTOS/Source/tasks.c **** 
 2511              		.loc 1 2360 1 view .LVU688
2364:Middlewares/Third_Party/FreeRTOS/Source/tasks.c **** 	configASSERT( pxTCB );
 2512              		.loc 1 2364 2 view .LVU689
2364:Middlewares/Third_Party/FreeRTOS/Source/tasks.c **** 	configASSERT( pxTCB );
 2513              		.loc 1 2364 10 is_stmt 0 view .LVU690
 2514 0000 0346     		mov	r3, r0
 2515 0002 18B1     		cbz	r0, .L189
 2516              	.LVL177:
 2517              	.L186:
2365:Middlewares/Third_Party/FreeRTOS/Source/tasks.c **** 	return &( pxTCB->pcTaskName[ 0 ] );
 2518              		.loc 1 2365 2 is_stmt 1 discriminator 4 view .LVU691
 2519 0004 2BB1     		cbz	r3, .L190
2365:Middlewares/Third_Party/FreeRTOS/Source/tasks.c **** 	return &( pxTCB->pcTaskName[ 0 ] );
 2520              		.loc 1 2365 23 discriminator 2 view .LVU692
2366:Middlewares/Third_Party/FreeRTOS/Source/tasks.c **** }
 2521              		.loc 1 2366 2 discriminator 2 view .LVU693
ARM GAS  /tmp/ccoDOEnO.s 			page 152


2367:Middlewares/Third_Party/FreeRTOS/Source/tasks.c **** /*-----------------------------------------------------------*/
 2522              		.loc 1 2367 1 is_stmt 0 discriminator 2 view .LVU694
 2523 0006 03F13400 		add	r0, r3, #52
 2524 000a 7047     		bx	lr
 2525              	.LVL178:
 2526              	.L189:
2364:Middlewares/Third_Party/FreeRTOS/Source/tasks.c **** 	configASSERT( pxTCB );
 2527              		.loc 1 2364 10 discriminator 1 view .LVU695
 2528 000c 054B     		ldr	r3, .L191
 2529 000e 1B68     		ldr	r3, [r3]
 2530              	.LVL179:
2364:Middlewares/Third_Party/FreeRTOS/Source/tasks.c **** 	configASSERT( pxTCB );
 2531              		.loc 1 2364 10 discriminator 1 view .LVU696
 2532 0010 F8E7     		b	.L186
 2533              	.LVL180:
 2534              	.L190:
2365:Middlewares/Third_Party/FreeRTOS/Source/tasks.c **** 	return &( pxTCB->pcTaskName[ 0 ] );
 2535              		.loc 1 2365 2 is_stmt 1 view .LVU697
 2536              	.LBB147:
 2537              	.LBI147:
 193:Middlewares/Third_Party/FreeRTOS/Source/portable/GCC/ARM_CM3/portmacro.h **** {
 2538              		.loc 2 193 30 view .LVU698
 2539              	.LBB148:
 195:Middlewares/Third_Party/FreeRTOS/Source/portable/GCC/ARM_CM3/portmacro.h **** 
 2540              		.loc 2 195 1 view .LVU699
 197:Middlewares/Third_Party/FreeRTOS/Source/portable/GCC/ARM_CM3/portmacro.h **** 	(
 2541              		.loc 2 197 2 view .LVU700
 2542              		.syntax unified
 2543              	@ 197 "Middlewares/Third_Party/FreeRTOS/Source/portable/GCC/ARM_CM3/portmacro.h" 1
 2544 0012 4FF05003 			mov r3, #80												
 2545 0016 83F31188 		msr basepri, r3											
 2546 001a BFF36F8F 		isb														
 2547 001e BFF34F8F 		dsb														
 2548              	
 2549              	@ 0 "" 2
 2550              	.LVL181:
 2551              		.thumb
 2552              		.syntax unified
 2553              	.L188:
 197:Middlewares/Third_Party/FreeRTOS/Source/portable/GCC/ARM_CM3/portmacro.h **** 	(
 2554              		.loc 2 197 2 is_stmt 0 view .LVU701
 2555              	.LBE148:
 2556              	.LBE147:
2365:Middlewares/Third_Party/FreeRTOS/Source/tasks.c **** 	return &( pxTCB->pcTaskName[ 0 ] );
 2557              		.loc 1 2365 2 is_stmt 1 discriminator 1 view .LVU702
2365:Middlewares/Third_Party/FreeRTOS/Source/tasks.c **** 	return &( pxTCB->pcTaskName[ 0 ] );
 2558              		.loc 1 2365 2 discriminator 1 view .LVU703
2365:Middlewares/Third_Party/FreeRTOS/Source/tasks.c **** 	return &( pxTCB->pcTaskName[ 0 ] );
 2559              		.loc 1 2365 2 discriminator 1 view .LVU704
 2560 0022 FEE7     		b	.L188
 2561              	.L192:
 2562              		.align	2
 2563              	.L191:
 2564 0024 00000000 		.word	.LANCHOR10
 2565              		.cfi_endproc
 2566              	.LFE25:
 2568              		.section	.text.xTaskIncrementTick,"ax",%progbits
ARM GAS  /tmp/ccoDOEnO.s 			page 153


 2569              		.align	1
 2570              		.global	xTaskIncrementTick
 2571              		.syntax unified
 2572              		.thumb
 2573              		.thumb_func
 2575              	xTaskIncrementTick:
 2576              	.LFB27:
2708:Middlewares/Third_Party/FreeRTOS/Source/tasks.c **** TCB_t * pxTCB;
 2577              		.loc 1 2708 1 view -0
 2578              		.cfi_startproc
 2579              		@ args = 0, pretend = 0, frame = 0
 2580              		@ frame_needed = 0, uses_anonymous_args = 0
 2581 0000 F8B5     		push	{r3, r4, r5, r6, r7, lr}
 2582              	.LCFI26:
 2583              		.cfi_def_cfa_offset 24
 2584              		.cfi_offset 3, -24
 2585              		.cfi_offset 4, -20
 2586              		.cfi_offset 5, -16
 2587              		.cfi_offset 6, -12
 2588              		.cfi_offset 7, -8
 2589              		.cfi_offset 14, -4
2709:Middlewares/Third_Party/FreeRTOS/Source/tasks.c **** TickType_t xItemValue;
 2590              		.loc 1 2709 1 view .LVU706
2710:Middlewares/Third_Party/FreeRTOS/Source/tasks.c **** BaseType_t xSwitchRequired = pdFALSE;
 2591              		.loc 1 2710 1 view .LVU707
2711:Middlewares/Third_Party/FreeRTOS/Source/tasks.c **** 
 2592              		.loc 1 2711 1 view .LVU708
 2593              	.LVL182:
2716:Middlewares/Third_Party/FreeRTOS/Source/tasks.c **** 	if( uxSchedulerSuspended == ( UBaseType_t ) pdFALSE )
 2594              		.loc 1 2716 40 view .LVU709
2717:Middlewares/Third_Party/FreeRTOS/Source/tasks.c **** 	{
 2595              		.loc 1 2717 2 view .LVU710
2717:Middlewares/Third_Party/FreeRTOS/Source/tasks.c **** 	{
 2596              		.loc 1 2717 27 is_stmt 0 view .LVU711
 2597 0002 3A4B     		ldr	r3, .L214
 2598 0004 1B68     		ldr	r3, [r3]
2717:Middlewares/Third_Party/FreeRTOS/Source/tasks.c **** 	{
 2599              		.loc 1 2717 4 view .LVU712
 2600 0006 002B     		cmp	r3, #0
 2601 0008 69D1     		bne	.L194
 2602              	.LBB149:
2721:Middlewares/Third_Party/FreeRTOS/Source/tasks.c **** 
 2603              		.loc 1 2721 3 is_stmt 1 view .LVU713
2721:Middlewares/Third_Party/FreeRTOS/Source/tasks.c **** 
 2604              		.loc 1 2721 49 is_stmt 0 view .LVU714
 2605 000a 394B     		ldr	r3, .L214+4
 2606 000c 1D68     		ldr	r5, [r3]
2721:Middlewares/Third_Party/FreeRTOS/Source/tasks.c **** 
 2607              		.loc 1 2721 20 view .LVU715
 2608 000e 0135     		adds	r5, r5, #1
 2609              	.LVL183:
2725:Middlewares/Third_Party/FreeRTOS/Source/tasks.c **** 
 2610              		.loc 1 2725 3 is_stmt 1 view .LVU716
2725:Middlewares/Third_Party/FreeRTOS/Source/tasks.c **** 
 2611              		.loc 1 2725 14 is_stmt 0 view .LVU717
 2612 0010 1D60     		str	r5, [r3]
2727:Middlewares/Third_Party/FreeRTOS/Source/tasks.c **** 		{
ARM GAS  /tmp/ccoDOEnO.s 			page 154


 2613              		.loc 1 2727 3 is_stmt 1 view .LVU718
2727:Middlewares/Third_Party/FreeRTOS/Source/tasks.c **** 		{
 2614              		.loc 1 2727 5 is_stmt 0 view .LVU719
 2615 0012 C5B9     		cbnz	r5, .L195
 2616              	.LBB150:
2729:Middlewares/Third_Party/FreeRTOS/Source/tasks.c **** 		}
 2617              		.loc 1 2729 4 is_stmt 1 view .LVU720
2729:Middlewares/Third_Party/FreeRTOS/Source/tasks.c **** 		}
 2618              		.loc 1 2729 4 view .LVU721
 2619 0014 374B     		ldr	r3, .L214+8
 2620 0016 1B68     		ldr	r3, [r3]
 2621 0018 1B68     		ldr	r3, [r3]
 2622 001a 43B1     		cbz	r3, .L196
2729:Middlewares/Third_Party/FreeRTOS/Source/tasks.c **** 		}
 2623              		.loc 1 2729 4 view .LVU722
 2624              	.LBB151:
 2625              	.LBI151:
 193:Middlewares/Third_Party/FreeRTOS/Source/portable/GCC/ARM_CM3/portmacro.h **** {
 2626              		.loc 2 193 30 view .LVU723
 2627              	.LBB152:
 195:Middlewares/Third_Party/FreeRTOS/Source/portable/GCC/ARM_CM3/portmacro.h **** 
 2628              		.loc 2 195 1 view .LVU724
 197:Middlewares/Third_Party/FreeRTOS/Source/portable/GCC/ARM_CM3/portmacro.h **** 	(
 2629              		.loc 2 197 2 view .LVU725
 2630              		.syntax unified
 2631              	@ 197 "Middlewares/Third_Party/FreeRTOS/Source/portable/GCC/ARM_CM3/portmacro.h" 1
 2632 001c 4FF05003 			mov r3, #80												
 2633 0020 83F31188 		msr basepri, r3											
 2634 0024 BFF36F8F 		isb														
 2635 0028 BFF34F8F 		dsb														
 2636              	
 2637              	@ 0 "" 2
 2638              	.LVL184:
 2639              		.thumb
 2640              		.syntax unified
 2641              	.L197:
 197:Middlewares/Third_Party/FreeRTOS/Source/portable/GCC/ARM_CM3/portmacro.h **** 	(
 2642              		.loc 2 197 2 is_stmt 0 view .LVU726
 2643              	.LBE152:
 2644              	.LBE151:
2729:Middlewares/Third_Party/FreeRTOS/Source/tasks.c **** 		}
 2645              		.loc 1 2729 4 is_stmt 1 discriminator 1 view .LVU727
2729:Middlewares/Third_Party/FreeRTOS/Source/tasks.c **** 		}
 2646              		.loc 1 2729 4 discriminator 1 view .LVU728
2729:Middlewares/Third_Party/FreeRTOS/Source/tasks.c **** 		}
 2647              		.loc 1 2729 4 discriminator 1 view .LVU729
 2648 002c FEE7     		b	.L197
 2649              	.L196:
2729:Middlewares/Third_Party/FreeRTOS/Source/tasks.c **** 		}
 2650              		.loc 1 2729 4 discriminator 2 view .LVU730
2729:Middlewares/Third_Party/FreeRTOS/Source/tasks.c **** 		}
 2651              		.loc 1 2729 4 discriminator 2 view .LVU731
 2652 002e 314A     		ldr	r2, .L214+8
 2653 0030 1168     		ldr	r1, [r2]
 2654              	.LVL185:
2729:Middlewares/Third_Party/FreeRTOS/Source/tasks.c **** 		}
 2655              		.loc 1 2729 4 discriminator 2 view .LVU732
ARM GAS  /tmp/ccoDOEnO.s 			page 155


 2656 0032 314B     		ldr	r3, .L214+12
 2657 0034 1868     		ldr	r0, [r3]
 2658 0036 1060     		str	r0, [r2]
2729:Middlewares/Third_Party/FreeRTOS/Source/tasks.c **** 		}
 2659              		.loc 1 2729 4 discriminator 2 view .LVU733
 2660 0038 1960     		str	r1, [r3]
2729:Middlewares/Third_Party/FreeRTOS/Source/tasks.c **** 		}
 2661              		.loc 1 2729 4 discriminator 2 view .LVU734
 2662 003a 304A     		ldr	r2, .L214+16
 2663 003c 1368     		ldr	r3, [r2]
 2664 003e 0133     		adds	r3, r3, #1
 2665 0040 1360     		str	r3, [r2]
2729:Middlewares/Third_Party/FreeRTOS/Source/tasks.c **** 		}
 2666              		.loc 1 2729 4 discriminator 2 view .LVU735
 2667 0042 FFF7FEFF 		bl	prvResetNextTaskUnblockTime
 2668              	.LVL186:
2729:Middlewares/Third_Party/FreeRTOS/Source/tasks.c **** 		}
 2669              		.loc 1 2729 4 is_stmt 0 discriminator 2 view .LVU736
 2670              	.LBE150:
2729:Middlewares/Third_Party/FreeRTOS/Source/tasks.c **** 		}
 2671              		.loc 1 2729 30 is_stmt 1 discriminator 2 view .LVU737
 2672              	.L195:
2733:Middlewares/Third_Party/FreeRTOS/Source/tasks.c **** 		}
 2673              		.loc 1 2733 28 view .LVU738
2740:Middlewares/Third_Party/FreeRTOS/Source/tasks.c **** 		{
 2674              		.loc 1 2740 3 view .LVU739
2740:Middlewares/Third_Party/FreeRTOS/Source/tasks.c **** 		{
 2675              		.loc 1 2740 23 is_stmt 0 view .LVU740
 2676 0046 2E4B     		ldr	r3, .L214+20
 2677 0048 1B68     		ldr	r3, [r3]
2740:Middlewares/Third_Party/FreeRTOS/Source/tasks.c **** 		{
 2678              		.loc 1 2740 5 view .LVU741
 2679 004a AB42     		cmp	r3, r5
 2680 004c 3DD9     		bls	.L207
 2681              	.LBE149:
2711:Middlewares/Third_Party/FreeRTOS/Source/tasks.c **** 
 2682              		.loc 1 2711 12 view .LVU742
 2683 004e 0027     		movs	r7, #0
 2684              	.LVL187:
 2685              	.L199:
 2686              	.LBB153:
2823:Middlewares/Third_Party/FreeRTOS/Source/tasks.c **** 			{
 2687              		.loc 1 2823 4 is_stmt 1 view .LVU743
2823:Middlewares/Third_Party/FreeRTOS/Source/tasks.c **** 			{
 2688              		.loc 1 2823 8 is_stmt 0 view .LVU744
 2689 0050 2C4B     		ldr	r3, .L214+24
 2690 0052 1B68     		ldr	r3, [r3]
 2691 0054 DB6A     		ldr	r3, [r3, #44]
 2692 0056 03EB8303 		add	r3, r3, r3, lsl #2
 2693 005a 9A00     		lsls	r2, r3, #2
 2694 005c 2A4B     		ldr	r3, .L214+28
 2695 005e 9B58     		ldr	r3, [r3, r2]
2823:Middlewares/Third_Party/FreeRTOS/Source/tasks.c **** 			{
 2696              		.loc 1 2823 6 view .LVU745
 2697 0060 012B     		cmp	r3, #1
 2698 0062 00D9     		bls	.L205
2825:Middlewares/Third_Party/FreeRTOS/Source/tasks.c **** 			}
ARM GAS  /tmp/ccoDOEnO.s 			page 156


 2699              		.loc 1 2825 21 view .LVU746
 2700 0064 0127     		movs	r7, #1
 2701              	.LVL188:
 2702              	.L205:
2829:Middlewares/Third_Party/FreeRTOS/Source/tasks.c **** 			}
 2703              		.loc 1 2829 29 is_stmt 1 view .LVU747
2851:Middlewares/Third_Party/FreeRTOS/Source/tasks.c **** 			{
 2704              		.loc 1 2851 4 view .LVU748
2851:Middlewares/Third_Party/FreeRTOS/Source/tasks.c **** 			{
 2705              		.loc 1 2851 22 is_stmt 0 view .LVU749
 2706 0066 294B     		ldr	r3, .L214+32
 2707 0068 1B68     		ldr	r3, [r3]
2851:Middlewares/Third_Party/FreeRTOS/Source/tasks.c **** 			{
 2708              		.loc 1 2851 6 view .LVU750
 2709 006a 002B     		cmp	r3, #0
 2710 006c 3CD0     		beq	.L193
2853:Middlewares/Third_Party/FreeRTOS/Source/tasks.c **** 			}
 2711              		.loc 1 2853 21 view .LVU751
 2712 006e 0127     		movs	r7, #1
 2713              	.LVL189:
2853:Middlewares/Third_Party/FreeRTOS/Source/tasks.c **** 			}
 2714              		.loc 1 2853 21 view .LVU752
 2715              	.LBE153:
2875:Middlewares/Third_Party/FreeRTOS/Source/tasks.c **** }
 2716              		.loc 1 2875 2 is_stmt 1 view .LVU753
2875:Middlewares/Third_Party/FreeRTOS/Source/tasks.c **** }
 2717              		.loc 1 2875 9 is_stmt 0 view .LVU754
 2718 0070 3AE0     		b	.L193
 2719              	.LVL190:
 2720              	.L208:
 2721              	.LBB154:
2806:Middlewares/Third_Party/FreeRTOS/Source/tasks.c **** 						}
 2722              		.loc 1 2806 24 view .LVU755
 2723 0072 0127     		movs	r7, #1
 2724              	.LVL191:
 2725              	.L198:
2742:Middlewares/Third_Party/FreeRTOS/Source/tasks.c **** 			{
 2726              		.loc 1 2742 4 is_stmt 1 view .LVU756
2744:Middlewares/Third_Party/FreeRTOS/Source/tasks.c **** 				{
 2727              		.loc 1 2744 5 view .LVU757
2744:Middlewares/Third_Party/FreeRTOS/Source/tasks.c **** 				{
 2728              		.loc 1 2744 9 is_stmt 0 view .LVU758
 2729 0074 1F4B     		ldr	r3, .L214+8
 2730 0076 1B68     		ldr	r3, [r3]
 2731 0078 1B68     		ldr	r3, [r3]
2744:Middlewares/Third_Party/FreeRTOS/Source/tasks.c **** 				{
 2732              		.loc 1 2744 7 view .LVU759
 2733 007a 43B3     		cbz	r3, .L212
2760:Middlewares/Third_Party/FreeRTOS/Source/tasks.c **** 					xItemValue = listGET_LIST_ITEM_VALUE( &( pxTCB->xStateListItem ) );
 2734              		.loc 1 2760 6 is_stmt 1 view .LVU760
2760:Middlewares/Third_Party/FreeRTOS/Source/tasks.c **** 					xItemValue = listGET_LIST_ITEM_VALUE( &( pxTCB->xStateListItem ) );
 2735              		.loc 1 2760 14 is_stmt 0 view .LVU761
 2736 007c 1D4B     		ldr	r3, .L214+8
 2737 007e 1B68     		ldr	r3, [r3]
 2738 0080 DB68     		ldr	r3, [r3, #12]
2760:Middlewares/Third_Party/FreeRTOS/Source/tasks.c **** 					xItemValue = listGET_LIST_ITEM_VALUE( &( pxTCB->xStateListItem ) );
 2739              		.loc 1 2760 12 view .LVU762
ARM GAS  /tmp/ccoDOEnO.s 			page 157


 2740 0082 DC68     		ldr	r4, [r3, #12]
 2741              	.LVL192:
2761:Middlewares/Third_Party/FreeRTOS/Source/tasks.c **** 
 2742              		.loc 1 2761 6 is_stmt 1 view .LVU763
2761:Middlewares/Third_Party/FreeRTOS/Source/tasks.c **** 
 2743              		.loc 1 2761 17 is_stmt 0 view .LVU764
 2744 0084 6368     		ldr	r3, [r4, #4]
 2745              	.LVL193:
2763:Middlewares/Third_Party/FreeRTOS/Source/tasks.c **** 					{
 2746              		.loc 1 2763 6 is_stmt 1 view .LVU765
2763:Middlewares/Third_Party/FreeRTOS/Source/tasks.c **** 					{
 2747              		.loc 1 2763 8 is_stmt 0 view .LVU766
 2748 0086 9D42     		cmp	r5, r3
 2749 0088 26D3     		bcc	.L213
2775:Middlewares/Third_Party/FreeRTOS/Source/tasks.c **** 					}
 2750              		.loc 1 2775 31 is_stmt 1 view .LVU767
2779:Middlewares/Third_Party/FreeRTOS/Source/tasks.c **** 
 2751              		.loc 1 2779 6 view .LVU768
2779:Middlewares/Third_Party/FreeRTOS/Source/tasks.c **** 
 2752              		.loc 1 2779 15 is_stmt 0 view .LVU769
 2753 008a 261D     		adds	r6, r4, #4
 2754 008c 3046     		mov	r0, r6
 2755 008e FFF7FEFF 		bl	uxListRemove
 2756              	.LVL194:
2783:Middlewares/Third_Party/FreeRTOS/Source/tasks.c **** 					{
 2757              		.loc 1 2783 6 is_stmt 1 view .LVU770
2783:Middlewares/Third_Party/FreeRTOS/Source/tasks.c **** 					{
 2758              		.loc 1 2783 10 is_stmt 0 view .LVU771
 2759 0092 A36A     		ldr	r3, [r4, #40]
2783:Middlewares/Third_Party/FreeRTOS/Source/tasks.c **** 					{
 2760              		.loc 1 2783 8 view .LVU772
 2761 0094 1BB1     		cbz	r3, .L202
2785:Middlewares/Third_Party/FreeRTOS/Source/tasks.c **** 					}
 2762              		.loc 1 2785 7 is_stmt 1 view .LVU773
2785:Middlewares/Third_Party/FreeRTOS/Source/tasks.c **** 					}
 2763              		.loc 1 2785 16 is_stmt 0 view .LVU774
 2764 0096 04F11800 		add	r0, r4, #24
 2765 009a FFF7FEFF 		bl	uxListRemove
 2766              	.LVL195:
 2767              	.L202:
2789:Middlewares/Third_Party/FreeRTOS/Source/tasks.c **** 					}
 2768              		.loc 1 2789 31 is_stmt 1 view .LVU775
2794:Middlewares/Third_Party/FreeRTOS/Source/tasks.c **** 
 2769              		.loc 1 2794 6 view .LVU776
2794:Middlewares/Third_Party/FreeRTOS/Source/tasks.c **** 
 2770              		.loc 1 2794 6 view .LVU777
 2771 009e E36A     		ldr	r3, [r4, #44]
 2772 00a0 0122     		movs	r2, #1
 2773 00a2 9A40     		lsls	r2, r2, r3
 2774 00a4 1A49     		ldr	r1, .L214+36
 2775 00a6 0868     		ldr	r0, [r1]
 2776 00a8 0243     		orrs	r2, r2, r0
 2777 00aa 0A60     		str	r2, [r1]
2794:Middlewares/Third_Party/FreeRTOS/Source/tasks.c **** 
 2778              		.loc 1 2794 6 view .LVU778
 2779 00ac 03EB8303 		add	r3, r3, r3, lsl #2
 2780 00b0 9A00     		lsls	r2, r3, #2
ARM GAS  /tmp/ccoDOEnO.s 			page 158


 2781 00b2 3146     		mov	r1, r6
 2782 00b4 1448     		ldr	r0, .L214+28
 2783 00b6 1044     		add	r0, r0, r2
 2784 00b8 FFF7FEFF 		bl	vListInsertEnd
 2785              	.LVL196:
2794:Middlewares/Third_Party/FreeRTOS/Source/tasks.c **** 
 2786              		.loc 1 2794 36 view .LVU779
2804:Middlewares/Third_Party/FreeRTOS/Source/tasks.c **** 						{
 2787              		.loc 1 2804 7 view .LVU780
2804:Middlewares/Third_Party/FreeRTOS/Source/tasks.c **** 						{
 2788              		.loc 1 2804 16 is_stmt 0 view .LVU781
 2789 00bc E26A     		ldr	r2, [r4, #44]
2804:Middlewares/Third_Party/FreeRTOS/Source/tasks.c **** 						{
 2790              		.loc 1 2804 44 view .LVU782
 2791 00be 114B     		ldr	r3, .L214+24
 2792 00c0 1B68     		ldr	r3, [r3]
 2793 00c2 DB6A     		ldr	r3, [r3, #44]
2804:Middlewares/Third_Party/FreeRTOS/Source/tasks.c **** 						{
 2794              		.loc 1 2804 9 view .LVU783
 2795 00c4 9A42     		cmp	r2, r3
 2796 00c6 D4D2     		bcs	.L208
 2797 00c8 D4E7     		b	.L198
 2798              	.LVL197:
 2799              	.L207:
2804:Middlewares/Third_Party/FreeRTOS/Source/tasks.c **** 						{
 2800              		.loc 1 2804 9 view .LVU784
 2801              	.LBE154:
2711:Middlewares/Third_Party/FreeRTOS/Source/tasks.c **** 
 2802              		.loc 1 2711 12 view .LVU785
 2803 00ca 0027     		movs	r7, #0
 2804 00cc D2E7     		b	.L198
 2805              	.LVL198:
 2806              	.L212:
 2807              	.LBB155:
2751:Middlewares/Third_Party/FreeRTOS/Source/tasks.c **** 					break;
 2808              		.loc 1 2751 6 is_stmt 1 view .LVU786
2751:Middlewares/Third_Party/FreeRTOS/Source/tasks.c **** 					break;
 2809              		.loc 1 2751 27 is_stmt 0 view .LVU787
 2810 00ce 0C4B     		ldr	r3, .L214+20
 2811 00d0 4FF0FF32 		mov	r2, #-1
 2812 00d4 1A60     		str	r2, [r3]
2752:Middlewares/Third_Party/FreeRTOS/Source/tasks.c **** 				}
 2813              		.loc 1 2752 6 is_stmt 1 view .LVU788
 2814 00d6 BBE7     		b	.L199
 2815              	.LVL199:
 2816              	.L213:
2770:Middlewares/Third_Party/FreeRTOS/Source/tasks.c **** 						break; /*lint !e9011 Code structure here is deedmed easier to understand with multiple breaks
 2817              		.loc 1 2770 7 view .LVU789
2770:Middlewares/Third_Party/FreeRTOS/Source/tasks.c **** 						break; /*lint !e9011 Code structure here is deedmed easier to understand with multiple breaks
 2818              		.loc 1 2770 28 is_stmt 0 view .LVU790
 2819 00d8 094A     		ldr	r2, .L214+20
 2820 00da 1360     		str	r3, [r2]
2771:Middlewares/Third_Party/FreeRTOS/Source/tasks.c **** 					}
 2821              		.loc 1 2771 7 is_stmt 1 view .LVU791
 2822 00dc B8E7     		b	.L199
 2823              	.LVL200:
 2824              	.L194:
ARM GAS  /tmp/ccoDOEnO.s 			page 159


2771:Middlewares/Third_Party/FreeRTOS/Source/tasks.c **** 					}
 2825              		.loc 1 2771 7 is_stmt 0 view .LVU792
 2826              	.LBE155:
2864:Middlewares/Third_Party/FreeRTOS/Source/tasks.c **** 
 2827              		.loc 1 2864 3 is_stmt 1 view .LVU793
 2828 00de 0D4A     		ldr	r2, .L214+40
 2829 00e0 1368     		ldr	r3, [r2]
 2830 00e2 0133     		adds	r3, r3, #1
 2831 00e4 1360     		str	r3, [r2]
2711:Middlewares/Third_Party/FreeRTOS/Source/tasks.c **** 
 2832              		.loc 1 2711 12 is_stmt 0 view .LVU794
 2833 00e6 0027     		movs	r7, #0
 2834              	.LVL201:
 2835              	.L193:
2876:Middlewares/Third_Party/FreeRTOS/Source/tasks.c **** /*-----------------------------------------------------------*/
 2836              		.loc 1 2876 1 view .LVU795
 2837 00e8 3846     		mov	r0, r7
 2838 00ea F8BD     		pop	{r3, r4, r5, r6, r7, pc}
 2839              	.L215:
 2840              		.align	2
 2841              	.L214:
 2842 00ec 00000000 		.word	.LANCHOR16
 2843 00f0 00000000 		.word	.LANCHOR15
 2844 00f4 00000000 		.word	.LANCHOR2
 2845 00f8 00000000 		.word	.LANCHOR8
 2846 00fc 00000000 		.word	.LANCHOR18
 2847 0100 00000000 		.word	.LANCHOR3
 2848 0104 00000000 		.word	.LANCHOR10
 2849 0108 00000000 		.word	.LANCHOR4
 2850 010c 00000000 		.word	.LANCHOR19
 2851 0110 00000000 		.word	.LANCHOR13
 2852 0114 00000000 		.word	.LANCHOR20
 2853              		.cfi_endproc
 2854              	.LFE27:
 2856              		.section	.text.xTaskResumeAll,"ax",%progbits
 2857              		.align	1
 2858              		.global	xTaskResumeAll
 2859              		.syntax unified
 2860              		.thumb
 2861              		.thumb_func
 2863              	xTaskResumeAll:
 2864              	.LFB21:
2195:Middlewares/Third_Party/FreeRTOS/Source/tasks.c **** TCB_t *pxTCB = NULL;
 2865              		.loc 1 2195 1 is_stmt 1 view -0
 2866              		.cfi_startproc
 2867              		@ args = 0, pretend = 0, frame = 0
 2868              		@ frame_needed = 0, uses_anonymous_args = 0
 2869 0000 38B5     		push	{r3, r4, r5, lr}
 2870              	.LCFI27:
 2871              		.cfi_def_cfa_offset 16
 2872              		.cfi_offset 3, -16
 2873              		.cfi_offset 4, -12
 2874              		.cfi_offset 5, -8
 2875              		.cfi_offset 14, -4
2196:Middlewares/Third_Party/FreeRTOS/Source/tasks.c **** BaseType_t xAlreadyYielded = pdFALSE;
 2876              		.loc 1 2196 1 view .LVU797
 2877              	.LVL202:
ARM GAS  /tmp/ccoDOEnO.s 			page 160


2197:Middlewares/Third_Party/FreeRTOS/Source/tasks.c **** 
 2878              		.loc 1 2197 1 view .LVU798
2201:Middlewares/Third_Party/FreeRTOS/Source/tasks.c **** 
 2879              		.loc 1 2201 2 view .LVU799
 2880 0002 354B     		ldr	r3, .L232
 2881 0004 1B68     		ldr	r3, [r3]
 2882 0006 43B9     		cbnz	r3, .L217
2201:Middlewares/Third_Party/FreeRTOS/Source/tasks.c **** 
 2883              		.loc 1 2201 2 view .LVU800
 2884              	.LBB156:
 2885              	.LBI156:
 193:Middlewares/Third_Party/FreeRTOS/Source/portable/GCC/ARM_CM3/portmacro.h **** {
 2886              		.loc 2 193 30 view .LVU801
 2887              	.LBB157:
 195:Middlewares/Third_Party/FreeRTOS/Source/portable/GCC/ARM_CM3/portmacro.h **** 
 2888              		.loc 2 195 1 view .LVU802
 197:Middlewares/Third_Party/FreeRTOS/Source/portable/GCC/ARM_CM3/portmacro.h **** 	(
 2889              		.loc 2 197 2 view .LVU803
 2890              		.syntax unified
 2891              	@ 197 "Middlewares/Third_Party/FreeRTOS/Source/portable/GCC/ARM_CM3/portmacro.h" 1
 2892 0008 4FF05003 			mov r3, #80												
 2893 000c 83F31188 		msr basepri, r3											
 2894 0010 BFF36F8F 		isb														
 2895 0014 BFF34F8F 		dsb														
 2896              	
 2897              	@ 0 "" 2
 2898              	.LVL203:
 2899              		.thumb
 2900              		.syntax unified
 2901              	.L218:
 197:Middlewares/Third_Party/FreeRTOS/Source/portable/GCC/ARM_CM3/portmacro.h **** 	(
 2902              		.loc 2 197 2 is_stmt 0 view .LVU804
 2903              	.LBE157:
 2904              	.LBE156:
2201:Middlewares/Third_Party/FreeRTOS/Source/tasks.c **** 
 2905              		.loc 1 2201 2 is_stmt 1 discriminator 1 view .LVU805
2201:Middlewares/Third_Party/FreeRTOS/Source/tasks.c **** 
 2906              		.loc 1 2201 2 discriminator 1 view .LVU806
2201:Middlewares/Third_Party/FreeRTOS/Source/tasks.c **** 
 2907              		.loc 1 2201 2 discriminator 1 view .LVU807
 2908 0018 FEE7     		b	.L218
 2909              	.L217:
2201:Middlewares/Third_Party/FreeRTOS/Source/tasks.c **** 
 2910              		.loc 1 2201 38 discriminator 2 view .LVU808
2208:Middlewares/Third_Party/FreeRTOS/Source/tasks.c **** 	{
 2911              		.loc 1 2208 2 discriminator 2 view .LVU809
 2912 001a FFF7FEFF 		bl	vPortEnterCritical
 2913              	.LVL204:
2210:Middlewares/Third_Party/FreeRTOS/Source/tasks.c **** 
 2914              		.loc 1 2210 3 discriminator 2 view .LVU810
 2915 001e 2E4B     		ldr	r3, .L232
 2916 0020 1A68     		ldr	r2, [r3]
 2917 0022 013A     		subs	r2, r2, #1
 2918 0024 1A60     		str	r2, [r3]
2212:Middlewares/Third_Party/FreeRTOS/Source/tasks.c **** 		{
 2919              		.loc 1 2212 3 discriminator 2 view .LVU811
2212:Middlewares/Third_Party/FreeRTOS/Source/tasks.c **** 		{
ARM GAS  /tmp/ccoDOEnO.s 			page 161


 2920              		.loc 1 2212 28 is_stmt 0 discriminator 2 view .LVU812
 2921 0026 1B68     		ldr	r3, [r3]
2212:Middlewares/Third_Party/FreeRTOS/Source/tasks.c **** 		{
 2922              		.loc 1 2212 5 discriminator 2 view .LVU813
 2923 0028 002B     		cmp	r3, #0
 2924 002a 4FD1     		bne	.L227
2214:Middlewares/Third_Party/FreeRTOS/Source/tasks.c **** 			{
 2925              		.loc 1 2214 4 is_stmt 1 view .LVU814
2214:Middlewares/Third_Party/FreeRTOS/Source/tasks.c **** 			{
 2926              		.loc 1 2214 31 is_stmt 0 view .LVU815
 2927 002c 2B4B     		ldr	r3, .L232+4
 2928 002e 1B68     		ldr	r3, [r3]
2214:Middlewares/Third_Party/FreeRTOS/Source/tasks.c **** 			{
 2929              		.loc 1 2214 6 view .LVU816
 2930 0030 0BB9     		cbnz	r3, .L228
2197:Middlewares/Third_Party/FreeRTOS/Source/tasks.c **** 
 2931              		.loc 1 2197 12 view .LVU817
 2932 0032 0024     		movs	r4, #0
 2933 0034 4BE0     		b	.L219
 2934              	.L228:
2196:Middlewares/Third_Party/FreeRTOS/Source/tasks.c **** BaseType_t xAlreadyYielded = pdFALSE;
 2935              		.loc 1 2196 8 view .LVU818
 2936 0036 0024     		movs	r4, #0
 2937              	.LVL205:
 2938              	.L220:
2233:Middlewares/Third_Party/FreeRTOS/Source/tasks.c **** 					}
 2939              		.loc 1 2233 31 is_stmt 1 view .LVU819
2218:Middlewares/Third_Party/FreeRTOS/Source/tasks.c **** 				{
 2940              		.loc 1 2218 10 view .LVU820
2218:Middlewares/Third_Party/FreeRTOS/Source/tasks.c **** 				{
 2941              		.loc 1 2218 12 is_stmt 0 view .LVU821
 2942 0038 294B     		ldr	r3, .L232+8
 2943 003a 1B68     		ldr	r3, [r3]
2218:Middlewares/Third_Party/FreeRTOS/Source/tasks.c **** 				{
 2944              		.loc 1 2218 10 view .LVU822
 2945 003c 1BB3     		cbz	r3, .L230
2220:Middlewares/Third_Party/FreeRTOS/Source/tasks.c **** 					( void ) uxListRemove( &( pxTCB->xEventListItem ) );
 2946              		.loc 1 2220 6 is_stmt 1 view .LVU823
2220:Middlewares/Third_Party/FreeRTOS/Source/tasks.c **** 					( void ) uxListRemove( &( pxTCB->xEventListItem ) );
 2947              		.loc 1 2220 14 is_stmt 0 view .LVU824
 2948 003e 284B     		ldr	r3, .L232+8
 2949 0040 DB68     		ldr	r3, [r3, #12]
2220:Middlewares/Third_Party/FreeRTOS/Source/tasks.c **** 					( void ) uxListRemove( &( pxTCB->xEventListItem ) );
 2950              		.loc 1 2220 12 view .LVU825
 2951 0042 DC68     		ldr	r4, [r3, #12]
 2952              	.LVL206:
2221:Middlewares/Third_Party/FreeRTOS/Source/tasks.c **** 					( void ) uxListRemove( &( pxTCB->xStateListItem ) );
 2953              		.loc 1 2221 6 is_stmt 1 view .LVU826
2221:Middlewares/Third_Party/FreeRTOS/Source/tasks.c **** 					( void ) uxListRemove( &( pxTCB->xStateListItem ) );
 2954              		.loc 1 2221 15 is_stmt 0 view .LVU827
 2955 0044 04F11800 		add	r0, r4, #24
 2956 0048 FFF7FEFF 		bl	uxListRemove
 2957              	.LVL207:
2222:Middlewares/Third_Party/FreeRTOS/Source/tasks.c **** 					prvAddTaskToReadyList( pxTCB );
 2958              		.loc 1 2222 6 is_stmt 1 view .LVU828
2222:Middlewares/Third_Party/FreeRTOS/Source/tasks.c **** 					prvAddTaskToReadyList( pxTCB );
 2959              		.loc 1 2222 15 is_stmt 0 view .LVU829
ARM GAS  /tmp/ccoDOEnO.s 			page 162


 2960 004c 251D     		adds	r5, r4, #4
 2961 004e 2846     		mov	r0, r5
 2962 0050 FFF7FEFF 		bl	uxListRemove
 2963              	.LVL208:
2223:Middlewares/Third_Party/FreeRTOS/Source/tasks.c **** 
 2964              		.loc 1 2223 6 is_stmt 1 view .LVU830
2223:Middlewares/Third_Party/FreeRTOS/Source/tasks.c **** 
 2965              		.loc 1 2223 6 view .LVU831
 2966 0054 E06A     		ldr	r0, [r4, #44]
 2967 0056 0123     		movs	r3, #1
 2968 0058 8340     		lsls	r3, r3, r0
 2969 005a 224A     		ldr	r2, .L232+12
 2970 005c 1168     		ldr	r1, [r2]
 2971 005e 0B43     		orrs	r3, r3, r1
 2972 0060 1360     		str	r3, [r2]
2223:Middlewares/Third_Party/FreeRTOS/Source/tasks.c **** 
 2973              		.loc 1 2223 6 view .LVU832
 2974 0062 00EB8000 		add	r0, r0, r0, lsl #2
 2975 0066 2946     		mov	r1, r5
 2976 0068 1F4B     		ldr	r3, .L232+16
 2977 006a 03EB8000 		add	r0, r3, r0, lsl #2
 2978 006e FFF7FEFF 		bl	vListInsertEnd
 2979              	.LVL209:
2223:Middlewares/Third_Party/FreeRTOS/Source/tasks.c **** 
 2980              		.loc 1 2223 36 view .LVU833
2227:Middlewares/Third_Party/FreeRTOS/Source/tasks.c **** 					{
 2981              		.loc 1 2227 6 view .LVU834
2227:Middlewares/Third_Party/FreeRTOS/Source/tasks.c **** 					{
 2982              		.loc 1 2227 15 is_stmt 0 view .LVU835
 2983 0072 E26A     		ldr	r2, [r4, #44]
2227:Middlewares/Third_Party/FreeRTOS/Source/tasks.c **** 					{
 2984              		.loc 1 2227 43 view .LVU836
 2985 0074 1D4B     		ldr	r3, .L232+20
 2986 0076 1B68     		ldr	r3, [r3]
 2987 0078 DB6A     		ldr	r3, [r3, #44]
2227:Middlewares/Third_Party/FreeRTOS/Source/tasks.c **** 					{
 2988              		.loc 1 2227 8 view .LVU837
 2989 007a 9A42     		cmp	r2, r3
 2990 007c DCD3     		bcc	.L220
2229:Middlewares/Third_Party/FreeRTOS/Source/tasks.c **** 					}
 2991              		.loc 1 2229 7 is_stmt 1 view .LVU838
2229:Middlewares/Third_Party/FreeRTOS/Source/tasks.c **** 					}
 2992              		.loc 1 2229 21 is_stmt 0 view .LVU839
 2993 007e 1C4B     		ldr	r3, .L232+24
 2994 0080 0122     		movs	r2, #1
 2995 0082 1A60     		str	r2, [r3]
 2996 0084 D8E7     		b	.L220
 2997              	.L230:
2237:Middlewares/Third_Party/FreeRTOS/Source/tasks.c **** 				{
 2998              		.loc 1 2237 5 is_stmt 1 view .LVU840
2237:Middlewares/Third_Party/FreeRTOS/Source/tasks.c **** 				{
 2999              		.loc 1 2237 7 is_stmt 0 view .LVU841
 3000 0086 0CB1     		cbz	r4, .L223
2245:Middlewares/Third_Party/FreeRTOS/Source/tasks.c **** 				}
 3001              		.loc 1 2245 6 is_stmt 1 view .LVU842
 3002 0088 FFF7FEFF 		bl	prvResetNextTaskUnblockTime
 3003              	.LVL210:
ARM GAS  /tmp/ccoDOEnO.s 			page 163


 3004              	.L223:
 3005              	.LBB158:
2253:Middlewares/Third_Party/FreeRTOS/Source/tasks.c **** 
 3006              		.loc 1 2253 6 view .LVU843
2253:Middlewares/Third_Party/FreeRTOS/Source/tasks.c **** 
 3007              		.loc 1 2253 17 is_stmt 0 view .LVU844
 3008 008c 194B     		ldr	r3, .L232+28
 3009 008e 1C68     		ldr	r4, [r3]
 3010              	.LVL211:
2255:Middlewares/Third_Party/FreeRTOS/Source/tasks.c **** 					{
 3011              		.loc 1 2255 6 is_stmt 1 view .LVU845
2255:Middlewares/Third_Party/FreeRTOS/Source/tasks.c **** 					{
 3012              		.loc 1 2255 8 is_stmt 0 view .LVU846
 3013 0090 84B9     		cbnz	r4, .L226
 3014              	.L224:
2274:Middlewares/Third_Party/FreeRTOS/Source/tasks.c **** 					}
 3015              		.loc 1 2274 31 is_stmt 1 view .LVU847
 3016              	.LBE158:
2278:Middlewares/Third_Party/FreeRTOS/Source/tasks.c **** 				{
 3017              		.loc 1 2278 5 view .LVU848
2278:Middlewares/Third_Party/FreeRTOS/Source/tasks.c **** 				{
 3018              		.loc 1 2278 23 is_stmt 0 view .LVU849
 3019 0092 174B     		ldr	r3, .L232+24
 3020 0094 1C68     		ldr	r4, [r3]
 3021              	.LVL212:
2278:Middlewares/Third_Party/FreeRTOS/Source/tasks.c **** 				{
 3022              		.loc 1 2278 7 view .LVU850
 3023 0096 D4B1     		cbz	r4, .L219
2282:Middlewares/Third_Party/FreeRTOS/Source/tasks.c **** 					}
 3024              		.loc 1 2282 7 is_stmt 1 view .LVU851
 3025              	.LVL213:
2285:Middlewares/Third_Party/FreeRTOS/Source/tasks.c **** 				}
 3026              		.loc 1 2285 6 view .LVU852
 3027 0098 4FF0E023 		mov	r3, #-536813568
 3028 009c 4FF08052 		mov	r2, #268435456
 3029 00a0 C3F8042D 		str	r2, [r3, #3332]
2285:Middlewares/Third_Party/FreeRTOS/Source/tasks.c **** 				}
 3030              		.loc 1 2285 6 view .LVU853
 3031              		.syntax unified
 3032              	@ 2285 "Middlewares/Third_Party/FreeRTOS/Source/tasks.c" 1
 3033 00a4 BFF34F8F 		dsb
 3034              	@ 0 "" 2
2285:Middlewares/Third_Party/FreeRTOS/Source/tasks.c **** 				}
 3035              		.loc 1 2285 6 view .LVU854
 3036              	@ 2285 "Middlewares/Third_Party/FreeRTOS/Source/tasks.c" 1
 3037 00a8 BFF36F8F 		isb
 3038              	@ 0 "" 2
2285:Middlewares/Third_Party/FreeRTOS/Source/tasks.c **** 				}
 3039              		.loc 1 2285 37 view .LVU855
2282:Middlewares/Third_Party/FreeRTOS/Source/tasks.c **** 					}
 3040              		.loc 1 2282 23 is_stmt 0 view .LVU856
 3041              		.thumb
 3042              		.syntax unified
 3043 00ac 0124     		movs	r4, #1
 3044 00ae 0EE0     		b	.L219
 3045              	.LVL214:
 3046              	.L225:
ARM GAS  /tmp/ccoDOEnO.s 			page 164


 3047              	.LBB159:
2265:Middlewares/Third_Party/FreeRTOS/Source/tasks.c **** 							}
 3048              		.loc 1 2265 33 is_stmt 1 view .LVU857
2267:Middlewares/Third_Party/FreeRTOS/Source/tasks.c **** 						} while( xPendedCounts > ( TickType_t ) 0U );
 3049              		.loc 1 2267 8 view .LVU858
2268:Middlewares/Third_Party/FreeRTOS/Source/tasks.c **** 
 3050              		.loc 1 2268 14 view .LVU859
2268:Middlewares/Third_Party/FreeRTOS/Source/tasks.c **** 
 3051              		.loc 1 2268 7 is_stmt 0 view .LVU860
 3052 00b0 013C     		subs	r4, r4, #1
 3053              	.LVL215:
2268:Middlewares/Third_Party/FreeRTOS/Source/tasks.c **** 
 3054              		.loc 1 2268 7 view .LVU861
 3055 00b2 07D0     		beq	.L231
 3056              	.L226:
2257:Middlewares/Third_Party/FreeRTOS/Source/tasks.c **** 						{
 3057              		.loc 1 2257 7 is_stmt 1 view .LVU862
2259:Middlewares/Third_Party/FreeRTOS/Source/tasks.c **** 							{
 3058              		.loc 1 2259 8 view .LVU863
2259:Middlewares/Third_Party/FreeRTOS/Source/tasks.c **** 							{
 3059              		.loc 1 2259 12 is_stmt 0 view .LVU864
 3060 00b4 FFF7FEFF 		bl	xTaskIncrementTick
 3061              	.LVL216:
2259:Middlewares/Third_Party/FreeRTOS/Source/tasks.c **** 							{
 3062              		.loc 1 2259 10 view .LVU865
 3063 00b8 0028     		cmp	r0, #0
 3064 00ba F9D0     		beq	.L225
2261:Middlewares/Third_Party/FreeRTOS/Source/tasks.c **** 							}
 3065              		.loc 1 2261 9 is_stmt 1 view .LVU866
2261:Middlewares/Third_Party/FreeRTOS/Source/tasks.c **** 							}
 3066              		.loc 1 2261 23 is_stmt 0 view .LVU867
 3067 00bc 0C4B     		ldr	r3, .L232+24
 3068 00be 0122     		movs	r2, #1
 3069 00c0 1A60     		str	r2, [r3]
 3070 00c2 F5E7     		b	.L225
 3071              	.L231:
2270:Middlewares/Third_Party/FreeRTOS/Source/tasks.c **** 					}
 3072              		.loc 1 2270 7 is_stmt 1 view .LVU868
2270:Middlewares/Third_Party/FreeRTOS/Source/tasks.c **** 					}
 3073              		.loc 1 2270 20 is_stmt 0 view .LVU869
 3074 00c4 0B4B     		ldr	r3, .L232+28
 3075 00c6 0022     		movs	r2, #0
 3076 00c8 1A60     		str	r2, [r3]
 3077 00ca E2E7     		b	.L224
 3078              	.LVL217:
 3079              	.L227:
2270:Middlewares/Third_Party/FreeRTOS/Source/tasks.c **** 					}
 3080              		.loc 1 2270 20 view .LVU870
 3081              	.LBE159:
2197:Middlewares/Third_Party/FreeRTOS/Source/tasks.c **** 
 3082              		.loc 1 2197 12 view .LVU871
 3083 00cc 0024     		movs	r4, #0
 3084              	.LVL218:
 3085              	.L219:
2295:Middlewares/Third_Party/FreeRTOS/Source/tasks.c **** 		}
 3086              		.loc 1 2295 28 is_stmt 1 view .LVU872
2298:Middlewares/Third_Party/FreeRTOS/Source/tasks.c **** 
ARM GAS  /tmp/ccoDOEnO.s 			page 165


 3087              		.loc 1 2298 2 view .LVU873
 3088 00ce FFF7FEFF 		bl	vPortExitCritical
 3089              	.LVL219:
2300:Middlewares/Third_Party/FreeRTOS/Source/tasks.c **** }
 3090              		.loc 1 2300 2 view .LVU874
2301:Middlewares/Third_Party/FreeRTOS/Source/tasks.c **** /*-----------------------------------------------------------*/
 3091              		.loc 1 2301 1 is_stmt 0 view .LVU875
 3092 00d2 2046     		mov	r0, r4
 3093 00d4 38BD     		pop	{r3, r4, r5, pc}
 3094              	.LVL220:
 3095              	.L233:
2301:Middlewares/Third_Party/FreeRTOS/Source/tasks.c **** /*-----------------------------------------------------------*/
 3096              		.loc 1 2301 1 view .LVU876
 3097 00d6 00BF     		.align	2
 3098              	.L232:
 3099 00d8 00000000 		.word	.LANCHOR16
 3100 00dc 00000000 		.word	.LANCHOR9
 3101 00e0 00000000 		.word	.LANCHOR1
 3102 00e4 00000000 		.word	.LANCHOR13
 3103 00e8 00000000 		.word	.LANCHOR4
 3104 00ec 00000000 		.word	.LANCHOR10
 3105 00f0 00000000 		.word	.LANCHOR19
 3106 00f4 00000000 		.word	.LANCHOR20
 3107              		.cfi_endproc
 3108              	.LFE21:
 3110              		.section	.text.vTaskDelay,"ax",%progbits
 3111              		.align	1
 3112              		.global	vTaskDelay
 3113              		.syntax unified
 3114              		.thumb
 3115              		.thumb_func
 3117              	vTaskDelay:
 3118              	.LVL221:
 3119              	.LFB10:
1342:Middlewares/Third_Party/FreeRTOS/Source/tasks.c **** 	BaseType_t xAlreadyYielded = pdFALSE;
 3120              		.loc 1 1342 2 is_stmt 1 view -0
 3121              		.cfi_startproc
 3122              		@ args = 0, pretend = 0, frame = 0
 3123              		@ frame_needed = 0, uses_anonymous_args = 0
1342:Middlewares/Third_Party/FreeRTOS/Source/tasks.c **** 	BaseType_t xAlreadyYielded = pdFALSE;
 3124              		.loc 1 1342 2 is_stmt 0 view .LVU878
 3125 0000 10B5     		push	{r4, lr}
 3126              	.LCFI28:
 3127              		.cfi_def_cfa_offset 8
 3128              		.cfi_offset 4, -8
 3129              		.cfi_offset 14, -4
1343:Middlewares/Third_Party/FreeRTOS/Source/tasks.c **** 
 3130              		.loc 1 1343 2 is_stmt 1 view .LVU879
 3131              	.LVL222:
1346:Middlewares/Third_Party/FreeRTOS/Source/tasks.c **** 		{
 3132              		.loc 1 1346 3 view .LVU880
1346:Middlewares/Third_Party/FreeRTOS/Source/tasks.c **** 		{
 3133              		.loc 1 1346 5 is_stmt 0 view .LVU881
 3134 0002 A8B1     		cbz	r0, .L235
 3135 0004 0446     		mov	r4, r0
1348:Middlewares/Third_Party/FreeRTOS/Source/tasks.c **** 			vTaskSuspendAll();
 3136              		.loc 1 1348 4 is_stmt 1 view .LVU882
ARM GAS  /tmp/ccoDOEnO.s 			page 166


 3137 0006 104B     		ldr	r3, .L240
 3138 0008 1B68     		ldr	r3, [r3]
 3139 000a 43B1     		cbz	r3, .L236
1348:Middlewares/Third_Party/FreeRTOS/Source/tasks.c **** 			vTaskSuspendAll();
 3140              		.loc 1 1348 4 view .LVU883
 3141              	.LBB160:
 3142              	.LBI160:
 193:Middlewares/Third_Party/FreeRTOS/Source/portable/GCC/ARM_CM3/portmacro.h **** {
 3143              		.loc 2 193 30 view .LVU884
 3144              	.LBB161:
 195:Middlewares/Third_Party/FreeRTOS/Source/portable/GCC/ARM_CM3/portmacro.h **** 
 3145              		.loc 2 195 1 view .LVU885
 197:Middlewares/Third_Party/FreeRTOS/Source/portable/GCC/ARM_CM3/portmacro.h **** 	(
 3146              		.loc 2 197 2 view .LVU886
 3147              		.syntax unified
 3148              	@ 197 "Middlewares/Third_Party/FreeRTOS/Source/portable/GCC/ARM_CM3/portmacro.h" 1
 3149 000c 4FF05003 			mov r3, #80												
 3150 0010 83F31188 		msr basepri, r3											
 3151 0014 BFF36F8F 		isb														
 3152 0018 BFF34F8F 		dsb														
 3153              	
 3154              	@ 0 "" 2
 3155              	.LVL223:
 3156              		.thumb
 3157              		.syntax unified
 3158              	.L237:
 197:Middlewares/Third_Party/FreeRTOS/Source/portable/GCC/ARM_CM3/portmacro.h **** 	(
 3159              		.loc 2 197 2 is_stmt 0 view .LVU887
 3160              	.LBE161:
 3161              	.LBE160:
1348:Middlewares/Third_Party/FreeRTOS/Source/tasks.c **** 			vTaskSuspendAll();
 3162              		.loc 1 1348 4 is_stmt 1 discriminator 1 view .LVU888
1348:Middlewares/Third_Party/FreeRTOS/Source/tasks.c **** 			vTaskSuspendAll();
 3163              		.loc 1 1348 4 discriminator 1 view .LVU889
1348:Middlewares/Third_Party/FreeRTOS/Source/tasks.c **** 			vTaskSuspendAll();
 3164              		.loc 1 1348 4 discriminator 1 view .LVU890
 3165 001c FEE7     		b	.L237
 3166              	.L236:
1348:Middlewares/Third_Party/FreeRTOS/Source/tasks.c **** 			vTaskSuspendAll();
 3167              		.loc 1 1348 45 discriminator 2 view .LVU891
1349:Middlewares/Third_Party/FreeRTOS/Source/tasks.c **** 			{
 3168              		.loc 1 1349 4 discriminator 2 view .LVU892
 3169 001e FFF7FEFF 		bl	vTaskSuspendAll
 3170              	.LVL224:
1351:Middlewares/Third_Party/FreeRTOS/Source/tasks.c **** 
 3171              		.loc 1 1351 22 discriminator 2 view .LVU893
1360:Middlewares/Third_Party/FreeRTOS/Source/tasks.c **** 			}
 3172              		.loc 1 1360 5 discriminator 2 view .LVU894
 3173 0022 0021     		movs	r1, #0
 3174 0024 2046     		mov	r0, r4
 3175 0026 FFF7FEFF 		bl	prvAddCurrentTaskToDelayedList
 3176              	.LVL225:
1362:Middlewares/Third_Party/FreeRTOS/Source/tasks.c **** 		}
 3177              		.loc 1 1362 4 discriminator 2 view .LVU895
1362:Middlewares/Third_Party/FreeRTOS/Source/tasks.c **** 		}
 3178              		.loc 1 1362 22 is_stmt 0 discriminator 2 view .LVU896
 3179 002a FFF7FEFF 		bl	xTaskResumeAll
ARM GAS  /tmp/ccoDOEnO.s 			page 167


 3180              	.LVL226:
1366:Middlewares/Third_Party/FreeRTOS/Source/tasks.c **** 		}
 3181              		.loc 1 1366 28 is_stmt 1 discriminator 2 view .LVU897
1371:Middlewares/Third_Party/FreeRTOS/Source/tasks.c **** 		{
 3182              		.loc 1 1371 3 discriminator 2 view .LVU898
1371:Middlewares/Third_Party/FreeRTOS/Source/tasks.c **** 		{
 3183              		.loc 1 1371 5 is_stmt 0 discriminator 2 view .LVU899
 3184 002e 48B9     		cbnz	r0, .L234
 3185              	.LVL227:
 3186              	.L235:
1373:Middlewares/Third_Party/FreeRTOS/Source/tasks.c **** 		}
 3187              		.loc 1 1373 4 is_stmt 1 view .LVU900
 3188 0030 4FF0E023 		mov	r3, #-536813568
 3189 0034 4FF08052 		mov	r2, #268435456
 3190 0038 C3F8042D 		str	r2, [r3, #3332]
1373:Middlewares/Third_Party/FreeRTOS/Source/tasks.c **** 		}
 3191              		.loc 1 1373 4 view .LVU901
 3192              		.syntax unified
 3193              	@ 1373 "Middlewares/Third_Party/FreeRTOS/Source/tasks.c" 1
 3194 003c BFF34F8F 		dsb
 3195              	@ 0 "" 2
1373:Middlewares/Third_Party/FreeRTOS/Source/tasks.c **** 		}
 3196              		.loc 1 1373 4 view .LVU902
 3197              	@ 1373 "Middlewares/Third_Party/FreeRTOS/Source/tasks.c" 1
 3198 0040 BFF36F8F 		isb
 3199              	@ 0 "" 2
1373:Middlewares/Third_Party/FreeRTOS/Source/tasks.c **** 		}
 3200              		.loc 1 1373 26 view .LVU903
1377:Middlewares/Third_Party/FreeRTOS/Source/tasks.c **** 		}
 3201              		.loc 1 1377 28 view .LVU904
 3202              		.thumb
 3203              		.syntax unified
 3204              	.L234:
1379:Middlewares/Third_Party/FreeRTOS/Source/tasks.c **** 
 3205              		.loc 1 1379 2 is_stmt 0 view .LVU905
 3206 0044 10BD     		pop	{r4, pc}
 3207              	.L241:
 3208 0046 00BF     		.align	2
 3209              	.L240:
 3210 0048 00000000 		.word	.LANCHOR16
 3211              		.cfi_endproc
 3212              	.LFE10:
 3214              		.section	.text.xTaskCatchUpTicks,"ax",%progbits
 3215              		.align	1
 3216              		.global	xTaskCatchUpTicks
 3217              		.syntax unified
 3218              		.thumb
 3219              		.thumb_func
 3221              	xTaskCatchUpTicks:
 3222              	.LVL228:
 3223              	.LFB26:
2610:Middlewares/Third_Party/FreeRTOS/Source/tasks.c **** BaseType_t xYieldRequired = pdFALSE;
 3224              		.loc 1 2610 1 is_stmt 1 view -0
 3225              		.cfi_startproc
 3226              		@ args = 0, pretend = 0, frame = 0
 3227              		@ frame_needed = 0, uses_anonymous_args = 0
2611:Middlewares/Third_Party/FreeRTOS/Source/tasks.c **** 
ARM GAS  /tmp/ccoDOEnO.s 			page 168


 3228              		.loc 1 2611 1 view .LVU907
2615:Middlewares/Third_Party/FreeRTOS/Source/tasks.c **** 
 3229              		.loc 1 2615 2 view .LVU908
 3230 0000 0B4B     		ldr	r3, .L247
 3231 0002 1B68     		ldr	r3, [r3]
 3232 0004 43B1     		cbz	r3, .L243
2615:Middlewares/Third_Party/FreeRTOS/Source/tasks.c **** 
 3233              		.loc 1 2615 2 view .LVU909
 3234              	.LBB162:
 3235              	.LBI162:
 193:Middlewares/Third_Party/FreeRTOS/Source/portable/GCC/ARM_CM3/portmacro.h **** {
 3236              		.loc 2 193 30 view .LVU910
 3237              	.LBB163:
 195:Middlewares/Third_Party/FreeRTOS/Source/portable/GCC/ARM_CM3/portmacro.h **** 
 3238              		.loc 2 195 1 view .LVU911
 197:Middlewares/Third_Party/FreeRTOS/Source/portable/GCC/ARM_CM3/portmacro.h **** 	(
 3239              		.loc 2 197 2 view .LVU912
 3240              		.syntax unified
 3241              	@ 197 "Middlewares/Third_Party/FreeRTOS/Source/portable/GCC/ARM_CM3/portmacro.h" 1
 3242 0006 4FF05003 			mov r3, #80												
 3243 000a 83F31188 		msr basepri, r3											
 3244 000e BFF36F8F 		isb														
 3245 0012 BFF34F8F 		dsb														
 3246              	
 3247              	@ 0 "" 2
 3248              	.LVL229:
 3249              		.thumb
 3250              		.syntax unified
 3251              	.L244:
 197:Middlewares/Third_Party/FreeRTOS/Source/portable/GCC/ARM_CM3/portmacro.h **** 	(
 3252              		.loc 2 197 2 is_stmt 0 view .LVU913
 3253              	.LBE163:
 3254              	.LBE162:
2615:Middlewares/Third_Party/FreeRTOS/Source/tasks.c **** 
 3255              		.loc 1 2615 2 is_stmt 1 discriminator 1 view .LVU914
2615:Middlewares/Third_Party/FreeRTOS/Source/tasks.c **** 
 3256              		.loc 1 2615 2 discriminator 1 view .LVU915
2615:Middlewares/Third_Party/FreeRTOS/Source/tasks.c **** 
 3257              		.loc 1 2615 2 discriminator 1 view .LVU916
 3258 0016 FEE7     		b	.L244
 3259              	.L243:
2610:Middlewares/Third_Party/FreeRTOS/Source/tasks.c **** BaseType_t xYieldRequired = pdFALSE;
 3260              		.loc 1 2610 1 is_stmt 0 discriminator 2 view .LVU917
 3261 0018 10B5     		push	{r4, lr}
 3262              	.LCFI29:
 3263              		.cfi_def_cfa_offset 8
 3264              		.cfi_offset 4, -8
 3265              		.cfi_offset 14, -4
 3266 001a 0446     		mov	r4, r0
2615:Middlewares/Third_Party/FreeRTOS/Source/tasks.c **** 
 3267              		.loc 1 2615 43 is_stmt 1 discriminator 2 view .LVU918
2619:Middlewares/Third_Party/FreeRTOS/Source/tasks.c **** 	xPendedTicks += xTicksToCatchUp;
 3268              		.loc 1 2619 2 discriminator 2 view .LVU919
 3269 001c FFF7FEFF 		bl	vTaskSuspendAll
 3270              	.LVL230:
2620:Middlewares/Third_Party/FreeRTOS/Source/tasks.c **** 	xYieldRequired = xTaskResumeAll();
 3271              		.loc 1 2620 2 discriminator 2 view .LVU920
ARM GAS  /tmp/ccoDOEnO.s 			page 169


2620:Middlewares/Third_Party/FreeRTOS/Source/tasks.c **** 	xYieldRequired = xTaskResumeAll();
 3272              		.loc 1 2620 15 is_stmt 0 discriminator 2 view .LVU921
 3273 0020 044B     		ldr	r3, .L247+4
 3274 0022 1868     		ldr	r0, [r3]
 3275 0024 2044     		add	r0, r0, r4
 3276 0026 1860     		str	r0, [r3]
2621:Middlewares/Third_Party/FreeRTOS/Source/tasks.c **** 
 3277              		.loc 1 2621 2 is_stmt 1 discriminator 2 view .LVU922
2621:Middlewares/Third_Party/FreeRTOS/Source/tasks.c **** 
 3278              		.loc 1 2621 19 is_stmt 0 discriminator 2 view .LVU923
 3279 0028 FFF7FEFF 		bl	xTaskResumeAll
 3280              	.LVL231:
2623:Middlewares/Third_Party/FreeRTOS/Source/tasks.c **** }
 3281              		.loc 1 2623 2 is_stmt 1 discriminator 2 view .LVU924
2624:Middlewares/Third_Party/FreeRTOS/Source/tasks.c **** /*----------------------------------------------------------*/
 3282              		.loc 1 2624 1 is_stmt 0 discriminator 2 view .LVU925
 3283 002c 10BD     		pop	{r4, pc}
 3284              	.LVL232:
 3285              	.L248:
2624:Middlewares/Third_Party/FreeRTOS/Source/tasks.c **** /*----------------------------------------------------------*/
 3286              		.loc 1 2624 1 discriminator 2 view .LVU926
 3287 002e 00BF     		.align	2
 3288              	.L247:
 3289 0030 00000000 		.word	.LANCHOR16
 3290 0034 00000000 		.word	.LANCHOR20
 3291              		.cfi_endproc
 3292              	.LFE26:
 3294              		.section	.text.vTaskSwitchContext,"ax",%progbits
 3295              		.align	1
 3296              		.global	vTaskSwitchContext
 3297              		.syntax unified
 3298              		.thumb
 3299              		.thumb_func
 3301              	vTaskSwitchContext:
 3302              	.LFB28:
2990:Middlewares/Third_Party/FreeRTOS/Source/tasks.c **** 	if( uxSchedulerSuspended != ( UBaseType_t ) pdFALSE )
 3303              		.loc 1 2990 1 is_stmt 1 view -0
 3304              		.cfi_startproc
 3305              		@ args = 0, pretend = 0, frame = 0
 3306              		@ frame_needed = 0, uses_anonymous_args = 0
 3307              		@ link register save eliminated.
2991:Middlewares/Third_Party/FreeRTOS/Source/tasks.c **** 	{
 3308              		.loc 1 2991 2 view .LVU928
2991:Middlewares/Third_Party/FreeRTOS/Source/tasks.c **** 	{
 3309              		.loc 1 2991 27 is_stmt 0 view .LVU929
 3310 0000 204B     		ldr	r3, .L256
 3311 0002 1B68     		ldr	r3, [r3]
2991:Middlewares/Third_Party/FreeRTOS/Source/tasks.c **** 	{
 3312              		.loc 1 2991 4 view .LVU930
 3313 0004 1BB1     		cbz	r3, .L250
2995:Middlewares/Third_Party/FreeRTOS/Source/tasks.c **** 	}
 3314              		.loc 1 2995 3 is_stmt 1 view .LVU931
2995:Middlewares/Third_Party/FreeRTOS/Source/tasks.c **** 	}
 3315              		.loc 1 2995 17 is_stmt 0 view .LVU932
 3316 0006 204B     		ldr	r3, .L256+4
 3317 0008 0122     		movs	r2, #1
 3318 000a 1A60     		str	r2, [r3]
ARM GAS  /tmp/ccoDOEnO.s 			page 170


 3319 000c 7047     		bx	lr
 3320              	.L250:
2999:Middlewares/Third_Party/FreeRTOS/Source/tasks.c **** 		traceTASK_SWITCHED_OUT();
 3321              		.loc 1 2999 3 is_stmt 1 view .LVU933
2999:Middlewares/Third_Party/FreeRTOS/Source/tasks.c **** 		traceTASK_SWITCHED_OUT();
 3322              		.loc 1 2999 17 is_stmt 0 view .LVU934
 3323 000e 1E4B     		ldr	r3, .L256+4
 3324 0010 0022     		movs	r2, #0
 3325 0012 1A60     		str	r2, [r3]
3000:Middlewares/Third_Party/FreeRTOS/Source/tasks.c **** 
 3326              		.loc 1 3000 27 is_stmt 1 view .LVU935
3030:Middlewares/Third_Party/FreeRTOS/Source/tasks.c **** 
 3327              		.loc 1 3030 33 view .LVU936
 3328              	.LBB164:
3041:Middlewares/Third_Party/FreeRTOS/Source/tasks.c **** 		traceTASK_SWITCHED_IN();
 3329              		.loc 1 3041 3 view .LVU937
3041:Middlewares/Third_Party/FreeRTOS/Source/tasks.c **** 		traceTASK_SWITCHED_IN();
 3330              		.loc 1 3041 3 view .LVU938
 3331 0014 1D4B     		ldr	r3, .L256+8
 3332 0016 1B68     		ldr	r3, [r3]
 3333              	.LVL233:
 3334              	.LBB165:
 3335              	.LBI165:
 130:Middlewares/Third_Party/FreeRTOS/Source/portable/GCC/ARM_CM3/portmacro.h **** 	{
 3336              		.loc 2 130 59 view .LVU939
 3337              	.LBB166:
 132:Middlewares/Third_Party/FreeRTOS/Source/portable/GCC/ARM_CM3/portmacro.h **** 
 3338              		.loc 2 132 2 view .LVU940
 134:Middlewares/Third_Party/FreeRTOS/Source/portable/GCC/ARM_CM3/portmacro.h **** 		return ucReturn;
 3339              		.loc 2 134 3 view .LVU941
 3340              		.syntax unified
 3341              	@ 134 "Middlewares/Third_Party/FreeRTOS/Source/portable/GCC/ARM_CM3/portmacro.h" 1
 3342 0018 B3FA83F3 		clz r3, r3
 3343              	@ 0 "" 2
 3344              	.LVL234:
 134:Middlewares/Third_Party/FreeRTOS/Source/portable/GCC/ARM_CM3/portmacro.h **** 		return ucReturn;
 3345              		.loc 2 134 3 is_stmt 0 view .LVU942
 3346              		.thumb
 3347              		.syntax unified
 3348 001c DBB2     		uxtb	r3, r3
 3349              	.LVL235:
 135:Middlewares/Third_Party/FreeRTOS/Source/portable/GCC/ARM_CM3/portmacro.h **** 	}
 3350              		.loc 2 135 3 is_stmt 1 view .LVU943
 135:Middlewares/Third_Party/FreeRTOS/Source/portable/GCC/ARM_CM3/portmacro.h **** 	}
 3351              		.loc 2 135 3 is_stmt 0 view .LVU944
 3352              	.LBE166:
 3353              	.LBE165:
3041:Middlewares/Third_Party/FreeRTOS/Source/tasks.c **** 		traceTASK_SWITCHED_IN();
 3354              		.loc 1 3041 3 view .LVU945
 3355 001e C3F11F03 		rsb	r3, r3, #31
 3356              	.LVL236:
3041:Middlewares/Third_Party/FreeRTOS/Source/tasks.c **** 		traceTASK_SWITCHED_IN();
 3357              		.loc 1 3041 3 is_stmt 1 view .LVU946
 3358 0022 03EB8301 		add	r1, r3, r3, lsl #2
 3359 0026 8A00     		lsls	r2, r1, #2
 3360 0028 1949     		ldr	r1, .L256+12
 3361 002a 8A58     		ldr	r2, [r1, r2]
ARM GAS  /tmp/ccoDOEnO.s 			page 171


 3362 002c 42B9     		cbnz	r2, .L252
3041:Middlewares/Third_Party/FreeRTOS/Source/tasks.c **** 		traceTASK_SWITCHED_IN();
 3363              		.loc 1 3041 3 view .LVU947
 3364              	.LBB167:
 3365              	.LBI167:
 193:Middlewares/Third_Party/FreeRTOS/Source/portable/GCC/ARM_CM3/portmacro.h **** {
 3366              		.loc 2 193 30 view .LVU948
 3367              	.LBB168:
 195:Middlewares/Third_Party/FreeRTOS/Source/portable/GCC/ARM_CM3/portmacro.h **** 
 3368              		.loc 2 195 1 view .LVU949
 197:Middlewares/Third_Party/FreeRTOS/Source/portable/GCC/ARM_CM3/portmacro.h **** 	(
 3369              		.loc 2 197 2 view .LVU950
 3370              		.syntax unified
 3371              	@ 197 "Middlewares/Third_Party/FreeRTOS/Source/portable/GCC/ARM_CM3/portmacro.h" 1
 3372 002e 4FF05003 			mov r3, #80												
 3373 0032 83F31188 		msr basepri, r3											
 3374 0036 BFF36F8F 		isb														
 3375 003a BFF34F8F 		dsb														
 3376              	
 3377              	@ 0 "" 2
 3378              	.LVL237:
 3379              		.thumb
 3380              		.syntax unified
 3381              	.L253:
 197:Middlewares/Third_Party/FreeRTOS/Source/portable/GCC/ARM_CM3/portmacro.h **** 	(
 3382              		.loc 2 197 2 is_stmt 0 view .LVU951
 3383              	.LBE168:
 3384              	.LBE167:
3041:Middlewares/Third_Party/FreeRTOS/Source/tasks.c **** 		traceTASK_SWITCHED_IN();
 3385              		.loc 1 3041 3 is_stmt 1 discriminator 1 view .LVU952
3041:Middlewares/Third_Party/FreeRTOS/Source/tasks.c **** 		traceTASK_SWITCHED_IN();
 3386              		.loc 1 3041 3 discriminator 1 view .LVU953
3041:Middlewares/Third_Party/FreeRTOS/Source/tasks.c **** 		traceTASK_SWITCHED_IN();
 3387              		.loc 1 3041 3 discriminator 1 view .LVU954
 3388 003e FEE7     		b	.L253
 3389              	.LVL238:
 3390              	.L252:
3041:Middlewares/Third_Party/FreeRTOS/Source/tasks.c **** 		traceTASK_SWITCHED_IN();
 3391              		.loc 1 3041 3 discriminator 2 view .LVU955
 3392              	.LBB169:
3041:Middlewares/Third_Party/FreeRTOS/Source/tasks.c **** 		traceTASK_SWITCHED_IN();
 3393              		.loc 1 3041 3 discriminator 2 view .LVU956
3041:Middlewares/Third_Party/FreeRTOS/Source/tasks.c **** 		traceTASK_SWITCHED_IN();
 3394              		.loc 1 3041 3 discriminator 2 view .LVU957
 3395 0040 1349     		ldr	r1, .L256+12
 3396 0042 03EB8300 		add	r0, r3, r3, lsl #2
 3397 0046 8200     		lsls	r2, r0, #2
 3398 0048 0A44     		add	r2, r2, r1
 3399 004a 5068     		ldr	r0, [r2, #4]
 3400 004c 4068     		ldr	r0, [r0, #4]
 3401 004e 5060     		str	r0, [r2, #4]
3041:Middlewares/Third_Party/FreeRTOS/Source/tasks.c **** 		traceTASK_SWITCHED_IN();
 3402              		.loc 1 3041 3 discriminator 2 view .LVU958
 3403 0050 03EB830C 		add	ip, r3, r3, lsl #2
 3404 0054 4FEA8C02 		lsl	r2, ip, #2
 3405 0058 0832     		adds	r2, r2, #8
 3406 005a 1144     		add	r1, r1, r2
ARM GAS  /tmp/ccoDOEnO.s 			page 172


 3407 005c 8842     		cmp	r0, r1
 3408 005e 09D0     		beq	.L255
 3409              	.L254:
3041:Middlewares/Third_Party/FreeRTOS/Source/tasks.c **** 		traceTASK_SWITCHED_IN();
 3410              		.loc 1 3041 3 discriminator 6 view .LVU959
 3411 0060 03EB8303 		add	r3, r3, r3, lsl #2
 3412              	.LVL239:
3041:Middlewares/Third_Party/FreeRTOS/Source/tasks.c **** 		traceTASK_SWITCHED_IN();
 3413              		.loc 1 3041 3 is_stmt 0 discriminator 6 view .LVU960
 3414 0064 9A00     		lsls	r2, r3, #2
 3415 0066 0A4B     		ldr	r3, .L256+12
 3416 0068 1344     		add	r3, r3, r2
 3417 006a 5B68     		ldr	r3, [r3, #4]
 3418 006c DA68     		ldr	r2, [r3, #12]
 3419 006e 094B     		ldr	r3, .L256+16
 3420 0070 1A60     		str	r2, [r3]
 3421              	.LBE169:
3041:Middlewares/Third_Party/FreeRTOS/Source/tasks.c **** 		traceTASK_SWITCHED_IN();
 3422              		.loc 1 3041 3 is_stmt 1 discriminator 6 view .LVU961
 3423              	.LBE164:
3041:Middlewares/Third_Party/FreeRTOS/Source/tasks.c **** 		traceTASK_SWITCHED_IN();
 3424              		.loc 1 3041 37 discriminator 6 view .LVU962
3042:Middlewares/Third_Party/FreeRTOS/Source/tasks.c **** 
 3425              		.loc 1 3042 26 discriminator 6 view .LVU963
3061:Middlewares/Third_Party/FreeRTOS/Source/tasks.c **** /*-----------------------------------------------------------*/
 3426              		.loc 1 3061 1 is_stmt 0 discriminator 6 view .LVU964
 3427 0072 7047     		bx	lr
 3428              	.LVL240:
 3429              	.L255:
 3430              	.LBB171:
 3431              	.LBB170:
3041:Middlewares/Third_Party/FreeRTOS/Source/tasks.c **** 		traceTASK_SWITCHED_IN();
 3432              		.loc 1 3041 3 is_stmt 1 discriminator 4 view .LVU965
 3433 0074 4068     		ldr	r0, [r0, #4]
 3434 0076 6246     		mov	r2, ip
 3435 0078 9100     		lsls	r1, r2, #2
 3436 007a 054A     		ldr	r2, .L256+12
 3437 007c 0A44     		add	r2, r2, r1
 3438 007e 5060     		str	r0, [r2, #4]
 3439 0080 EEE7     		b	.L254
 3440              	.L257:
 3441 0082 00BF     		.align	2
 3442              	.L256:
 3443 0084 00000000 		.word	.LANCHOR16
 3444 0088 00000000 		.word	.LANCHOR19
 3445 008c 00000000 		.word	.LANCHOR13
 3446 0090 00000000 		.word	.LANCHOR4
 3447 0094 00000000 		.word	.LANCHOR10
 3448              	.LBE170:
 3449              	.LBE171:
 3450              		.cfi_endproc
 3451              	.LFE28:
 3453              		.section	.text.vTaskSuspend,"ax",%progbits
 3454              		.align	1
 3455              		.global	vTaskSuspend
 3456              		.syntax unified
 3457              		.thumb
ARM GAS  /tmp/ccoDOEnO.s 			page 173


 3458              		.thumb_func
 3460              	vTaskSuspend:
 3461              	.LVL241:
 3462              	.LFB14:
1705:Middlewares/Third_Party/FreeRTOS/Source/tasks.c **** 	TCB_t *pxTCB;
 3463              		.loc 1 1705 2 view -0
 3464              		.cfi_startproc
 3465              		@ args = 0, pretend = 0, frame = 0
 3466              		@ frame_needed = 0, uses_anonymous_args = 0
1705:Middlewares/Third_Party/FreeRTOS/Source/tasks.c **** 	TCB_t *pxTCB;
 3467              		.loc 1 1705 2 is_stmt 0 view .LVU967
 3468 0000 38B5     		push	{r3, r4, r5, lr}
 3469              	.LCFI30:
 3470              		.cfi_def_cfa_offset 16
 3471              		.cfi_offset 3, -16
 3472              		.cfi_offset 4, -12
 3473              		.cfi_offset 5, -8
 3474              		.cfi_offset 14, -4
 3475 0002 0446     		mov	r4, r0
1706:Middlewares/Third_Party/FreeRTOS/Source/tasks.c **** 
 3476              		.loc 1 1706 2 is_stmt 1 view .LVU968
1708:Middlewares/Third_Party/FreeRTOS/Source/tasks.c **** 		{
 3477              		.loc 1 1708 3 view .LVU969
 3478 0004 FFF7FEFF 		bl	vPortEnterCritical
 3479              	.LVL242:
1712:Middlewares/Third_Party/FreeRTOS/Source/tasks.c **** 
 3480              		.loc 1 1712 4 view .LVU970
1712:Middlewares/Third_Party/FreeRTOS/Source/tasks.c **** 
 3481              		.loc 1 1712 12 is_stmt 0 view .LVU971
 3482 0008 5CB3     		cbz	r4, .L270
 3483              	.LVL243:
 3484              	.L259:
1714:Middlewares/Third_Party/FreeRTOS/Source/tasks.c **** 
 3485              		.loc 1 1714 30 is_stmt 1 discriminator 4 view .LVU972
1718:Middlewares/Third_Party/FreeRTOS/Source/tasks.c **** 			{
 3486              		.loc 1 1718 4 discriminator 4 view .LVU973
1718:Middlewares/Third_Party/FreeRTOS/Source/tasks.c **** 			{
 3487              		.loc 1 1718 8 is_stmt 0 discriminator 4 view .LVU974
 3488 000a 251D     		adds	r5, r4, #4
 3489 000c 2846     		mov	r0, r5
 3490 000e FFF7FEFF 		bl	uxListRemove
 3491              	.LVL244:
1718:Middlewares/Third_Party/FreeRTOS/Source/tasks.c **** 			{
 3492              		.loc 1 1718 6 discriminator 4 view .LVU975
 3493 0012 68B9     		cbnz	r0, .L260
1720:Middlewares/Third_Party/FreeRTOS/Source/tasks.c **** 			}
 3494              		.loc 1 1720 5 is_stmt 1 view .LVU976
 3495 0014 E26A     		ldr	r2, [r4, #44]
 3496 0016 02EB8203 		add	r3, r2, r2, lsl #2
 3497 001a 9B00     		lsls	r3, r3, #2
 3498 001c 2B49     		ldr	r1, .L274
 3499 001e CB58     		ldr	r3, [r1, r3]
 3500 0020 33B9     		cbnz	r3, .L260
1720:Middlewares/Third_Party/FreeRTOS/Source/tasks.c **** 			}
 3501              		.loc 1 1720 5 discriminator 1 view .LVU977
 3502 0022 0123     		movs	r3, #1
 3503 0024 9340     		lsls	r3, r3, r2
ARM GAS  /tmp/ccoDOEnO.s 			page 174


 3504 0026 2A49     		ldr	r1, .L274+4
 3505 0028 0A68     		ldr	r2, [r1]
 3506 002a 22EA0302 		bic	r2, r2, r3
 3507 002e 0A60     		str	r2, [r1]
 3508              	.L260:
1724:Middlewares/Third_Party/FreeRTOS/Source/tasks.c **** 			}
 3509              		.loc 1 1724 29 view .LVU978
1728:Middlewares/Third_Party/FreeRTOS/Source/tasks.c **** 			{
 3510              		.loc 1 1728 4 view .LVU979
1728:Middlewares/Third_Party/FreeRTOS/Source/tasks.c **** 			{
 3511              		.loc 1 1728 8 is_stmt 0 view .LVU980
 3512 0030 A36A     		ldr	r3, [r4, #40]
1728:Middlewares/Third_Party/FreeRTOS/Source/tasks.c **** 			{
 3513              		.loc 1 1728 6 view .LVU981
 3514 0032 1BB1     		cbz	r3, .L261
1730:Middlewares/Third_Party/FreeRTOS/Source/tasks.c **** 			}
 3515              		.loc 1 1730 5 is_stmt 1 view .LVU982
1730:Middlewares/Third_Party/FreeRTOS/Source/tasks.c **** 			}
 3516              		.loc 1 1730 14 is_stmt 0 view .LVU983
 3517 0034 04F11800 		add	r0, r4, #24
 3518 0038 FFF7FEFF 		bl	uxListRemove
 3519              	.LVL245:
 3520              	.L261:
1734:Middlewares/Third_Party/FreeRTOS/Source/tasks.c **** 			}
 3521              		.loc 1 1734 29 is_stmt 1 view .LVU984
1737:Middlewares/Third_Party/FreeRTOS/Source/tasks.c **** 
 3522              		.loc 1 1737 4 view .LVU985
 3523 003c 2946     		mov	r1, r5
 3524 003e 2548     		ldr	r0, .L274+8
 3525 0040 FFF7FEFF 		bl	vListInsertEnd
 3526              	.LVL246:
1741:Middlewares/Third_Party/FreeRTOS/Source/tasks.c **** 				{
 3527              		.loc 1 1741 5 view .LVU986
1741:Middlewares/Third_Party/FreeRTOS/Source/tasks.c **** 				{
 3528              		.loc 1 1741 14 is_stmt 0 view .LVU987
 3529 0044 94F85030 		ldrb	r3, [r4, #80]	@ zero_extendqisi2
 3530 0048 DBB2     		uxtb	r3, r3
1741:Middlewares/Third_Party/FreeRTOS/Source/tasks.c **** 				{
 3531              		.loc 1 1741 7 view .LVU988
 3532 004a 012B     		cmp	r3, #1
 3533 004c 0CD0     		beq	.L271
 3534              	.L262:
1750:Middlewares/Third_Party/FreeRTOS/Source/tasks.c **** 
 3535              		.loc 1 1750 3 is_stmt 1 view .LVU989
 3536 004e FFF7FEFF 		bl	vPortExitCritical
 3537              	.LVL247:
1752:Middlewares/Third_Party/FreeRTOS/Source/tasks.c **** 		{
 3538              		.loc 1 1752 3 view .LVU990
1752:Middlewares/Third_Party/FreeRTOS/Source/tasks.c **** 		{
 3539              		.loc 1 1752 25 is_stmt 0 view .LVU991
 3540 0052 214B     		ldr	r3, .L274+12
 3541 0054 1B68     		ldr	r3, [r3]
1752:Middlewares/Third_Party/FreeRTOS/Source/tasks.c **** 		{
 3542              		.loc 1 1752 5 view .LVU992
 3543 0056 5BB9     		cbnz	r3, .L272
 3544              	.L263:
1764:Middlewares/Third_Party/FreeRTOS/Source/tasks.c **** 		}
ARM GAS  /tmp/ccoDOEnO.s 			page 175


 3545              		.loc 1 1764 28 is_stmt 1 view .LVU993
1767:Middlewares/Third_Party/FreeRTOS/Source/tasks.c **** 		{
 3546              		.loc 1 1767 3 view .LVU994
1767:Middlewares/Third_Party/FreeRTOS/Source/tasks.c **** 		{
 3547              		.loc 1 1767 13 is_stmt 0 view .LVU995
 3548 0058 204B     		ldr	r3, .L274+16
 3549 005a 1B68     		ldr	r3, [r3]
1767:Middlewares/Third_Party/FreeRTOS/Source/tasks.c **** 		{
 3550              		.loc 1 1767 5 view .LVU996
 3551 005c A342     		cmp	r3, r4
 3552 005e 0ED0     		beq	.L273
 3553              	.L258:
1798:Middlewares/Third_Party/FreeRTOS/Source/tasks.c **** 
 3554              		.loc 1 1798 2 view .LVU997
 3555 0060 38BD     		pop	{r3, r4, r5, pc}
 3556              	.LVL248:
 3557              	.L270:
1712:Middlewares/Third_Party/FreeRTOS/Source/tasks.c **** 
 3558              		.loc 1 1712 12 discriminator 1 view .LVU998
 3559 0062 1E4B     		ldr	r3, .L274+16
 3560 0064 1C68     		ldr	r4, [r3]
 3561              	.LVL249:
1712:Middlewares/Third_Party/FreeRTOS/Source/tasks.c **** 
 3562              		.loc 1 1712 12 discriminator 1 view .LVU999
 3563 0066 D0E7     		b	.L259
 3564              	.LVL250:
 3565              	.L271:
1745:Middlewares/Third_Party/FreeRTOS/Source/tasks.c **** 				}
 3566              		.loc 1 1745 6 is_stmt 1 view .LVU1000
1745:Middlewares/Third_Party/FreeRTOS/Source/tasks.c **** 				}
 3567              		.loc 1 1745 27 is_stmt 0 view .LVU1001
 3568 0068 0023     		movs	r3, #0
 3569 006a 84F85030 		strb	r3, [r4, #80]
 3570 006e EEE7     		b	.L262
 3571              	.L272:
1756:Middlewares/Third_Party/FreeRTOS/Source/tasks.c **** 			{
 3572              		.loc 1 1756 4 is_stmt 1 view .LVU1002
 3573 0070 FFF7FEFF 		bl	vPortEnterCritical
 3574              	.LVL251:
1758:Middlewares/Third_Party/FreeRTOS/Source/tasks.c **** 			}
 3575              		.loc 1 1758 5 view .LVU1003
 3576 0074 FFF7FEFF 		bl	prvResetNextTaskUnblockTime
 3577              	.LVL252:
1760:Middlewares/Third_Party/FreeRTOS/Source/tasks.c **** 		}
 3578              		.loc 1 1760 4 view .LVU1004
 3579 0078 FFF7FEFF 		bl	vPortExitCritical
 3580              	.LVL253:
 3581 007c ECE7     		b	.L263
 3582              	.L273:
1769:Middlewares/Third_Party/FreeRTOS/Source/tasks.c **** 			{
 3583              		.loc 1 1769 4 view .LVU1005
1769:Middlewares/Third_Party/FreeRTOS/Source/tasks.c **** 			{
 3584              		.loc 1 1769 26 is_stmt 0 view .LVU1006
 3585 007e 164B     		ldr	r3, .L274+12
 3586 0080 1B68     		ldr	r3, [r3]
1769:Middlewares/Third_Party/FreeRTOS/Source/tasks.c **** 			{
 3587              		.loc 1 1769 6 view .LVU1007
ARM GAS  /tmp/ccoDOEnO.s 			page 176


 3588 0082 B3B1     		cbz	r3, .L265
1772:Middlewares/Third_Party/FreeRTOS/Source/tasks.c **** 				portYIELD_WITHIN_API();
 3589              		.loc 1 1772 5 is_stmt 1 view .LVU1008
 3590 0084 164B     		ldr	r3, .L274+20
 3591 0086 1B68     		ldr	r3, [r3]
 3592 0088 43B1     		cbz	r3, .L266
1772:Middlewares/Third_Party/FreeRTOS/Source/tasks.c **** 				portYIELD_WITHIN_API();
 3593              		.loc 1 1772 5 view .LVU1009
 3594              	.LBB172:
 3595              	.LBI172:
 193:Middlewares/Third_Party/FreeRTOS/Source/portable/GCC/ARM_CM3/portmacro.h **** {
 3596              		.loc 2 193 30 view .LVU1010
 3597              	.LBB173:
 195:Middlewares/Third_Party/FreeRTOS/Source/portable/GCC/ARM_CM3/portmacro.h **** 
 3598              		.loc 2 195 1 view .LVU1011
 197:Middlewares/Third_Party/FreeRTOS/Source/portable/GCC/ARM_CM3/portmacro.h **** 	(
 3599              		.loc 2 197 2 view .LVU1012
 3600              		.syntax unified
 3601              	@ 197 "Middlewares/Third_Party/FreeRTOS/Source/portable/GCC/ARM_CM3/portmacro.h" 1
 3602 008a 4FF05003 			mov r3, #80												
 3603 008e 83F31188 		msr basepri, r3											
 3604 0092 BFF36F8F 		isb														
 3605 0096 BFF34F8F 		dsb														
 3606              	
 3607              	@ 0 "" 2
 3608              	.LVL254:
 3609              		.thumb
 3610              		.syntax unified
 3611              	.L267:
 197:Middlewares/Third_Party/FreeRTOS/Source/portable/GCC/ARM_CM3/portmacro.h **** 	(
 3612              		.loc 2 197 2 is_stmt 0 view .LVU1013
 3613              	.LBE173:
 3614              	.LBE172:
1772:Middlewares/Third_Party/FreeRTOS/Source/tasks.c **** 				portYIELD_WITHIN_API();
 3615              		.loc 1 1772 5 is_stmt 1 discriminator 1 view .LVU1014
1772:Middlewares/Third_Party/FreeRTOS/Source/tasks.c **** 				portYIELD_WITHIN_API();
 3616              		.loc 1 1772 5 discriminator 1 view .LVU1015
1772:Middlewares/Third_Party/FreeRTOS/Source/tasks.c **** 				portYIELD_WITHIN_API();
 3617              		.loc 1 1772 5 discriminator 1 view .LVU1016
 3618 009a FEE7     		b	.L267
 3619              	.L266:
1772:Middlewares/Third_Party/FreeRTOS/Source/tasks.c **** 				portYIELD_WITHIN_API();
 3620              		.loc 1 1772 46 discriminator 2 view .LVU1017
1773:Middlewares/Third_Party/FreeRTOS/Source/tasks.c **** 			}
 3621              		.loc 1 1773 5 discriminator 2 view .LVU1018
 3622 009c 4FF0E023 		mov	r3, #-536813568
 3623 00a0 4FF08052 		mov	r2, #268435456
 3624 00a4 C3F8042D 		str	r2, [r3, #3332]
1773:Middlewares/Third_Party/FreeRTOS/Source/tasks.c **** 			}
 3625              		.loc 1 1773 5 discriminator 2 view .LVU1019
 3626              		.syntax unified
 3627              	@ 1773 "Middlewares/Third_Party/FreeRTOS/Source/tasks.c" 1
 3628 00a8 BFF34F8F 		dsb
 3629              	@ 0 "" 2
1773:Middlewares/Third_Party/FreeRTOS/Source/tasks.c **** 			}
 3630              		.loc 1 1773 5 discriminator 2 view .LVU1020
 3631              	@ 1773 "Middlewares/Third_Party/FreeRTOS/Source/tasks.c" 1
ARM GAS  /tmp/ccoDOEnO.s 			page 177


 3632 00ac BFF36F8F 		isb
 3633              	@ 0 "" 2
1773:Middlewares/Third_Party/FreeRTOS/Source/tasks.c **** 			}
 3634              		.loc 1 1773 27 discriminator 2 view .LVU1021
 3635              		.thumb
 3636              		.syntax unified
 3637 00b0 D6E7     		b	.L258
 3638              	.L265:
1780:Middlewares/Third_Party/FreeRTOS/Source/tasks.c **** 				{
 3639              		.loc 1 1780 5 view .LVU1022
1780:Middlewares/Third_Party/FreeRTOS/Source/tasks.c **** 				{
 3640              		.loc 1 1780 9 is_stmt 0 view .LVU1023
 3641 00b2 084B     		ldr	r3, .L274+8
 3642 00b4 1A68     		ldr	r2, [r3]
1780:Middlewares/Third_Party/FreeRTOS/Source/tasks.c **** 				{
 3643              		.loc 1 1780 56 view .LVU1024
 3644 00b6 0B4B     		ldr	r3, .L274+24
 3645 00b8 1B68     		ldr	r3, [r3]
1780:Middlewares/Third_Party/FreeRTOS/Source/tasks.c **** 				{
 3646              		.loc 1 1780 7 view .LVU1025
 3647 00ba 9A42     		cmp	r2, r3
 3648 00bc 03D1     		bne	.L268
1786:Middlewares/Third_Party/FreeRTOS/Source/tasks.c **** 				}
 3649              		.loc 1 1786 6 is_stmt 1 view .LVU1026
1786:Middlewares/Third_Party/FreeRTOS/Source/tasks.c **** 				}
 3650              		.loc 1 1786 19 is_stmt 0 view .LVU1027
 3651 00be 074B     		ldr	r3, .L274+16
 3652 00c0 0022     		movs	r2, #0
 3653 00c2 1A60     		str	r2, [r3]
 3654 00c4 CCE7     		b	.L258
 3655              	.L268:
1790:Middlewares/Third_Party/FreeRTOS/Source/tasks.c **** 				}
 3656              		.loc 1 1790 6 is_stmt 1 view .LVU1028
 3657 00c6 FFF7FEFF 		bl	vTaskSwitchContext
 3658              	.LVL255:
1796:Middlewares/Third_Party/FreeRTOS/Source/tasks.c **** 		}
 3659              		.loc 1 1796 28 view .LVU1029
1798:Middlewares/Third_Party/FreeRTOS/Source/tasks.c **** 
 3660              		.loc 1 1798 2 is_stmt 0 view .LVU1030
 3661 00ca C9E7     		b	.L258
 3662              	.L275:
 3663              		.align	2
 3664              	.L274:
 3665 00cc 00000000 		.word	.LANCHOR4
 3666 00d0 00000000 		.word	.LANCHOR13
 3667 00d4 00000000 		.word	.LANCHOR0
 3668 00d8 00000000 		.word	.LANCHOR11
 3669 00dc 00000000 		.word	.LANCHOR10
 3670 00e0 00000000 		.word	.LANCHOR16
 3671 00e4 00000000 		.word	.LANCHOR9
 3672              		.cfi_endproc
 3673              	.LFE14:
 3675              		.section	.text.vTaskPlaceOnEventList,"ax",%progbits
 3676              		.align	1
 3677              		.global	vTaskPlaceOnEventList
 3678              		.syntax unified
 3679              		.thumb
ARM GAS  /tmp/ccoDOEnO.s 			page 178


 3680              		.thumb_func
 3682              	vTaskPlaceOnEventList:
 3683              	.LVL256:
 3684              	.LFB29:
3065:Middlewares/Third_Party/FreeRTOS/Source/tasks.c **** 	configASSERT( pxEventList );
 3685              		.loc 1 3065 1 is_stmt 1 view -0
 3686              		.cfi_startproc
 3687              		@ args = 0, pretend = 0, frame = 0
 3688              		@ frame_needed = 0, uses_anonymous_args = 0
3066:Middlewares/Third_Party/FreeRTOS/Source/tasks.c **** 
 3689              		.loc 1 3066 2 view .LVU1032
 3690 0000 58B1     		cbz	r0, .L281
3065:Middlewares/Third_Party/FreeRTOS/Source/tasks.c **** 	configASSERT( pxEventList );
 3691              		.loc 1 3065 1 is_stmt 0 discriminator 2 view .LVU1033
 3692 0002 10B5     		push	{r4, lr}
 3693              	.LCFI31:
 3694              		.cfi_def_cfa_offset 8
 3695              		.cfi_offset 4, -8
 3696              		.cfi_offset 14, -4
 3697 0004 0C46     		mov	r4, r1
3066:Middlewares/Third_Party/FreeRTOS/Source/tasks.c **** 
 3698              		.loc 1 3066 29 is_stmt 1 discriminator 2 view .LVU1034
3075:Middlewares/Third_Party/FreeRTOS/Source/tasks.c **** 
 3699              		.loc 1 3075 2 discriminator 2 view .LVU1035
3075:Middlewares/Third_Party/FreeRTOS/Source/tasks.c **** 
 3700              		.loc 1 3075 43 is_stmt 0 discriminator 2 view .LVU1036
 3701 0006 094A     		ldr	r2, .L282
 3702 0008 1168     		ldr	r1, [r2]
 3703              	.LVL257:
3075:Middlewares/Third_Party/FreeRTOS/Source/tasks.c **** 
 3704              		.loc 1 3075 2 discriminator 2 view .LVU1037
 3705 000a 1831     		adds	r1, r1, #24
 3706 000c FFF7FEFF 		bl	vListInsert
 3707              	.LVL258:
3077:Middlewares/Third_Party/FreeRTOS/Source/tasks.c **** }
 3708              		.loc 1 3077 2 is_stmt 1 discriminator 2 view .LVU1038
 3709 0010 0121     		movs	r1, #1
 3710 0012 2046     		mov	r0, r4
 3711 0014 FFF7FEFF 		bl	prvAddCurrentTaskToDelayedList
 3712              	.LVL259:
3078:Middlewares/Third_Party/FreeRTOS/Source/tasks.c **** /*-----------------------------------------------------------*/
 3713              		.loc 1 3078 1 is_stmt 0 discriminator 2 view .LVU1039
 3714 0018 10BD     		pop	{r4, pc}
 3715              	.LVL260:
 3716              	.L281:
 3717              	.LCFI32:
 3718              		.cfi_def_cfa_offset 0
 3719              		.cfi_restore 4
 3720              		.cfi_restore 14
3066:Middlewares/Third_Party/FreeRTOS/Source/tasks.c **** 
 3721              		.loc 1 3066 2 is_stmt 1 view .LVU1040
 3722              	.LBB174:
 3723              	.LBI174:
 193:Middlewares/Third_Party/FreeRTOS/Source/portable/GCC/ARM_CM3/portmacro.h **** {
 3724              		.loc 2 193 30 view .LVU1041
 3725              	.LBB175:
 195:Middlewares/Third_Party/FreeRTOS/Source/portable/GCC/ARM_CM3/portmacro.h **** 
ARM GAS  /tmp/ccoDOEnO.s 			page 179


 3726              		.loc 2 195 1 view .LVU1042
 197:Middlewares/Third_Party/FreeRTOS/Source/portable/GCC/ARM_CM3/portmacro.h **** 	(
 3727              		.loc 2 197 2 view .LVU1043
 3728              		.syntax unified
 3729              	@ 197 "Middlewares/Third_Party/FreeRTOS/Source/portable/GCC/ARM_CM3/portmacro.h" 1
 3730 001a 4FF05003 			mov r3, #80												
 3731 001e 83F31188 		msr basepri, r3											
 3732 0022 BFF36F8F 		isb														
 3733 0026 BFF34F8F 		dsb														
 3734              	
 3735              	@ 0 "" 2
 3736              	.LVL261:
 3737              		.thumb
 3738              		.syntax unified
 3739              	.L278:
 197:Middlewares/Third_Party/FreeRTOS/Source/portable/GCC/ARM_CM3/portmacro.h **** 	(
 3740              		.loc 2 197 2 is_stmt 0 view .LVU1044
 3741              	.LBE175:
 3742              	.LBE174:
3066:Middlewares/Third_Party/FreeRTOS/Source/tasks.c **** 
 3743              		.loc 1 3066 2 is_stmt 1 discriminator 1 view .LVU1045
3066:Middlewares/Third_Party/FreeRTOS/Source/tasks.c **** 
 3744              		.loc 1 3066 2 discriminator 1 view .LVU1046
3066:Middlewares/Third_Party/FreeRTOS/Source/tasks.c **** 
 3745              		.loc 1 3066 2 discriminator 1 view .LVU1047
 3746 002a FEE7     		b	.L278
 3747              	.L283:
 3748              		.align	2
 3749              	.L282:
 3750 002c 00000000 		.word	.LANCHOR10
 3751              		.cfi_endproc
 3752              	.LFE29:
 3754              		.section	.text.vTaskPlaceOnUnorderedEventList,"ax",%progbits
 3755              		.align	1
 3756              		.global	vTaskPlaceOnUnorderedEventList
 3757              		.syntax unified
 3758              		.thumb
 3759              		.thumb_func
 3761              	vTaskPlaceOnUnorderedEventList:
 3762              	.LVL262:
 3763              	.LFB30:
3082:Middlewares/Third_Party/FreeRTOS/Source/tasks.c **** 	configASSERT( pxEventList );
 3764              		.loc 1 3082 1 view -0
 3765              		.cfi_startproc
 3766              		@ args = 0, pretend = 0, frame = 0
 3767              		@ frame_needed = 0, uses_anonymous_args = 0
3083:Middlewares/Third_Party/FreeRTOS/Source/tasks.c **** 
 3768              		.loc 1 3083 2 view .LVU1049
 3769 0000 70B1     		cbz	r0, .L291
3082:Middlewares/Third_Party/FreeRTOS/Source/tasks.c **** 	configASSERT( pxEventList );
 3770              		.loc 1 3082 1 is_stmt 0 discriminator 2 view .LVU1050
 3771 0002 10B5     		push	{r4, lr}
 3772              	.LCFI33:
 3773              		.cfi_def_cfa_offset 8
 3774              		.cfi_offset 4, -8
 3775              		.cfi_offset 14, -4
 3776 0004 1446     		mov	r4, r2
ARM GAS  /tmp/ccoDOEnO.s 			page 180


 3777 0006 0246     		mov	r2, r0
 3778              	.LVL263:
3083:Middlewares/Third_Party/FreeRTOS/Source/tasks.c **** 
 3779              		.loc 1 3083 29 is_stmt 1 discriminator 2 view .LVU1051
3087:Middlewares/Third_Party/FreeRTOS/Source/tasks.c **** 
 3780              		.loc 1 3087 2 discriminator 2 view .LVU1052
 3781 0008 114B     		ldr	r3, .L292
 3782 000a 1B68     		ldr	r3, [r3]
 3783 000c 8BB9     		cbnz	r3, .L287
3087:Middlewares/Third_Party/FreeRTOS/Source/tasks.c **** 
 3784              		.loc 1 3087 2 view .LVU1053
 3785              	.LBB176:
 3786              	.LBI176:
 193:Middlewares/Third_Party/FreeRTOS/Source/portable/GCC/ARM_CM3/portmacro.h **** {
 3787              		.loc 2 193 30 view .LVU1054
 3788              	.LBB177:
 195:Middlewares/Third_Party/FreeRTOS/Source/portable/GCC/ARM_CM3/portmacro.h **** 
 3789              		.loc 2 195 1 view .LVU1055
 197:Middlewares/Third_Party/FreeRTOS/Source/portable/GCC/ARM_CM3/portmacro.h **** 	(
 3790              		.loc 2 197 2 view .LVU1056
 3791              		.syntax unified
 3792              	@ 197 "Middlewares/Third_Party/FreeRTOS/Source/portable/GCC/ARM_CM3/portmacro.h" 1
 3793 000e 4FF05003 			mov r3, #80												
 3794 0012 83F31188 		msr basepri, r3											
 3795 0016 BFF36F8F 		isb														
 3796 001a BFF34F8F 		dsb														
 3797              	
 3798              	@ 0 "" 2
 3799              	.LVL264:
 3800              		.thumb
 3801              		.syntax unified
 3802              	.L288:
 197:Middlewares/Third_Party/FreeRTOS/Source/portable/GCC/ARM_CM3/portmacro.h **** 	(
 3803              		.loc 2 197 2 is_stmt 0 view .LVU1057
 3804              	.LBE177:
 3805              	.LBE176:
3087:Middlewares/Third_Party/FreeRTOS/Source/tasks.c **** 
 3806              		.loc 1 3087 2 is_stmt 1 discriminator 2 view .LVU1058
3087:Middlewares/Third_Party/FreeRTOS/Source/tasks.c **** 
 3807              		.loc 1 3087 2 discriminator 2 view .LVU1059
3087:Middlewares/Third_Party/FreeRTOS/Source/tasks.c **** 
 3808              		.loc 1 3087 2 discriminator 2 view .LVU1060
 3809 001e FEE7     		b	.L288
 3810              	.LVL265:
 3811              	.L291:
 3812              	.LCFI34:
 3813              		.cfi_def_cfa_offset 0
 3814              		.cfi_restore 4
 3815              		.cfi_restore 14
3083:Middlewares/Third_Party/FreeRTOS/Source/tasks.c **** 
 3816              		.loc 1 3083 2 view .LVU1061
 3817              	.LBB178:
 3818              	.LBI178:
 193:Middlewares/Third_Party/FreeRTOS/Source/portable/GCC/ARM_CM3/portmacro.h **** {
 3819              		.loc 2 193 30 view .LVU1062
 3820              	.LBB179:
 195:Middlewares/Third_Party/FreeRTOS/Source/portable/GCC/ARM_CM3/portmacro.h **** 
ARM GAS  /tmp/ccoDOEnO.s 			page 181


 3821              		.loc 2 195 1 view .LVU1063
 197:Middlewares/Third_Party/FreeRTOS/Source/portable/GCC/ARM_CM3/portmacro.h **** 	(
 3822              		.loc 2 197 2 view .LVU1064
 3823              		.syntax unified
 3824              	@ 197 "Middlewares/Third_Party/FreeRTOS/Source/portable/GCC/ARM_CM3/portmacro.h" 1
 3825 0020 4FF05003 			mov r3, #80												
 3826 0024 83F31188 		msr basepri, r3											
 3827 0028 BFF36F8F 		isb														
 3828 002c BFF34F8F 		dsb														
 3829              	
 3830              	@ 0 "" 2
 3831              	.LVL266:
 3832              		.thumb
 3833              		.syntax unified
 3834              	.L286:
 197:Middlewares/Third_Party/FreeRTOS/Source/portable/GCC/ARM_CM3/portmacro.h **** 	(
 3835              		.loc 2 197 2 is_stmt 0 view .LVU1065
 3836              	.LBE179:
 3837              	.LBE178:
3083:Middlewares/Third_Party/FreeRTOS/Source/tasks.c **** 
 3838              		.loc 1 3083 2 is_stmt 1 discriminator 1 view .LVU1066
3083:Middlewares/Third_Party/FreeRTOS/Source/tasks.c **** 
 3839              		.loc 1 3083 2 discriminator 1 view .LVU1067
3083:Middlewares/Third_Party/FreeRTOS/Source/tasks.c **** 
 3840              		.loc 1 3083 2 discriminator 1 view .LVU1068
 3841 0030 FEE7     		b	.L286
 3842              	.LVL267:
 3843              	.L287:
 3844              	.LCFI35:
 3845              		.cfi_def_cfa_offset 8
 3846              		.cfi_offset 4, -8
 3847              		.cfi_offset 14, -4
3087:Middlewares/Third_Party/FreeRTOS/Source/tasks.c **** 
 3848              		.loc 1 3087 43 discriminator 2 view .LVU1069
3092:Middlewares/Third_Party/FreeRTOS/Source/tasks.c **** 
 3849              		.loc 1 3092 2 discriminator 2 view .LVU1070
 3850 0032 084B     		ldr	r3, .L292+4
 3851 0034 1868     		ldr	r0, [r3]
 3852              	.LVL268:
3092:Middlewares/Third_Party/FreeRTOS/Source/tasks.c **** 
 3853              		.loc 1 3092 2 is_stmt 0 discriminator 2 view .LVU1071
 3854 0036 41F00041 		orr	r1, r1, #-2147483648
 3855              	.LVL269:
3092:Middlewares/Third_Party/FreeRTOS/Source/tasks.c **** 
 3856              		.loc 1 3092 2 discriminator 2 view .LVU1072
 3857 003a 8161     		str	r1, [r0, #24]
3099:Middlewares/Third_Party/FreeRTOS/Source/tasks.c **** 
 3858              		.loc 1 3099 2 is_stmt 1 discriminator 2 view .LVU1073
3099:Middlewares/Third_Party/FreeRTOS/Source/tasks.c **** 
 3859              		.loc 1 3099 46 is_stmt 0 discriminator 2 view .LVU1074
 3860 003c 1968     		ldr	r1, [r3]
3099:Middlewares/Third_Party/FreeRTOS/Source/tasks.c **** 
 3861              		.loc 1 3099 2 discriminator 2 view .LVU1075
 3862 003e 1831     		adds	r1, r1, #24
 3863 0040 1046     		mov	r0, r2
 3864 0042 FFF7FEFF 		bl	vListInsertEnd
 3865              	.LVL270:
ARM GAS  /tmp/ccoDOEnO.s 			page 182


3101:Middlewares/Third_Party/FreeRTOS/Source/tasks.c **** }
 3866              		.loc 1 3101 2 is_stmt 1 discriminator 2 view .LVU1076
 3867 0046 0121     		movs	r1, #1
 3868 0048 2046     		mov	r0, r4
 3869 004a FFF7FEFF 		bl	prvAddCurrentTaskToDelayedList
 3870              	.LVL271:
3102:Middlewares/Third_Party/FreeRTOS/Source/tasks.c **** /*-----------------------------------------------------------*/
 3871              		.loc 1 3102 1 is_stmt 0 discriminator 2 view .LVU1077
 3872 004e 10BD     		pop	{r4, pc}
 3873              	.LVL272:
 3874              	.L293:
3102:Middlewares/Third_Party/FreeRTOS/Source/tasks.c **** /*-----------------------------------------------------------*/
 3875              		.loc 1 3102 1 discriminator 2 view .LVU1078
 3876              		.align	2
 3877              	.L292:
 3878 0050 00000000 		.word	.LANCHOR16
 3879 0054 00000000 		.word	.LANCHOR10
 3880              		.cfi_endproc
 3881              	.LFE30:
 3883              		.section	.text.xTaskRemoveFromEventList,"ax",%progbits
 3884              		.align	1
 3885              		.global	xTaskRemoveFromEventList
 3886              		.syntax unified
 3887              		.thumb
 3888              		.thumb_func
 3890              	xTaskRemoveFromEventList:
 3891              	.LVL273:
 3892              	.LFB31:
3139:Middlewares/Third_Party/FreeRTOS/Source/tasks.c **** TCB_t *pxUnblockedTCB;
 3893              		.loc 1 3139 1 is_stmt 1 view -0
 3894              		.cfi_startproc
 3895              		@ args = 0, pretend = 0, frame = 0
 3896              		@ frame_needed = 0, uses_anonymous_args = 0
3139:Middlewares/Third_Party/FreeRTOS/Source/tasks.c **** TCB_t *pxUnblockedTCB;
 3897              		.loc 1 3139 1 is_stmt 0 view .LVU1080
 3898 0000 38B5     		push	{r3, r4, r5, lr}
 3899              	.LCFI36:
 3900              		.cfi_def_cfa_offset 16
 3901              		.cfi_offset 3, -16
 3902              		.cfi_offset 4, -12
 3903              		.cfi_offset 5, -8
 3904              		.cfi_offset 14, -4
3140:Middlewares/Third_Party/FreeRTOS/Source/tasks.c **** BaseType_t xReturn;
 3905              		.loc 1 3140 1 is_stmt 1 view .LVU1081
3141:Middlewares/Third_Party/FreeRTOS/Source/tasks.c **** 
 3906              		.loc 1 3141 1 view .LVU1082
3156:Middlewares/Third_Party/FreeRTOS/Source/tasks.c **** 	configASSERT( pxUnblockedTCB );
 3907              		.loc 1 3156 2 view .LVU1083
3156:Middlewares/Third_Party/FreeRTOS/Source/tasks.c **** 	configASSERT( pxUnblockedTCB );
 3908              		.loc 1 3156 19 is_stmt 0 view .LVU1084
 3909 0002 C368     		ldr	r3, [r0, #12]
3156:Middlewares/Third_Party/FreeRTOS/Source/tasks.c **** 	configASSERT( pxUnblockedTCB );
 3910              		.loc 1 3156 17 view .LVU1085
 3911 0004 DC68     		ldr	r4, [r3, #12]
 3912              	.LVL274:
3157:Middlewares/Third_Party/FreeRTOS/Source/tasks.c **** 	( void ) uxListRemove( &( pxUnblockedTCB->xEventListItem ) );
 3913              		.loc 1 3157 2 is_stmt 1 view .LVU1086
ARM GAS  /tmp/ccoDOEnO.s 			page 183


 3914 0006 24B3     		cbz	r4, .L302
3157:Middlewares/Third_Party/FreeRTOS/Source/tasks.c **** 	( void ) uxListRemove( &( pxUnblockedTCB->xEventListItem ) );
 3915              		.loc 1 3157 32 discriminator 2 view .LVU1087
3158:Middlewares/Third_Party/FreeRTOS/Source/tasks.c **** 
 3916              		.loc 1 3158 2 discriminator 2 view .LVU1088
3158:Middlewares/Third_Party/FreeRTOS/Source/tasks.c **** 
 3917              		.loc 1 3158 11 is_stmt 0 discriminator 2 view .LVU1089
 3918 0008 04F11805 		add	r5, r4, #24
 3919 000c 2846     		mov	r0, r5
 3920              	.LVL275:
3158:Middlewares/Third_Party/FreeRTOS/Source/tasks.c **** 
 3921              		.loc 1 3158 11 discriminator 2 view .LVU1090
 3922 000e FFF7FEFF 		bl	uxListRemove
 3923              	.LVL276:
3160:Middlewares/Third_Party/FreeRTOS/Source/tasks.c **** 	{
 3924              		.loc 1 3160 2 is_stmt 1 discriminator 2 view .LVU1091
3160:Middlewares/Third_Party/FreeRTOS/Source/tasks.c **** 	{
 3925              		.loc 1 3160 27 is_stmt 0 discriminator 2 view .LVU1092
 3926 0012 184B     		ldr	r3, .L303
 3927 0014 1B68     		ldr	r3, [r3]
3160:Middlewares/Third_Party/FreeRTOS/Source/tasks.c **** 	{
 3928              		.loc 1 3160 4 discriminator 2 view .LVU1093
 3929 0016 2BBB     		cbnz	r3, .L297
3162:Middlewares/Third_Party/FreeRTOS/Source/tasks.c **** 		prvAddTaskToReadyList( pxUnblockedTCB );
 3930              		.loc 1 3162 3 is_stmt 1 view .LVU1094
3162:Middlewares/Third_Party/FreeRTOS/Source/tasks.c **** 		prvAddTaskToReadyList( pxUnblockedTCB );
 3931              		.loc 1 3162 12 is_stmt 0 view .LVU1095
 3932 0018 251D     		adds	r5, r4, #4
 3933 001a 2846     		mov	r0, r5
 3934 001c FFF7FEFF 		bl	uxListRemove
 3935              	.LVL277:
3163:Middlewares/Third_Party/FreeRTOS/Source/tasks.c **** 
 3936              		.loc 1 3163 3 is_stmt 1 view .LVU1096
3163:Middlewares/Third_Party/FreeRTOS/Source/tasks.c **** 
 3937              		.loc 1 3163 3 view .LVU1097
 3938 0020 E06A     		ldr	r0, [r4, #44]
 3939 0022 0123     		movs	r3, #1
 3940 0024 8340     		lsls	r3, r3, r0
 3941 0026 144A     		ldr	r2, .L303+4
 3942 0028 1168     		ldr	r1, [r2]
 3943 002a 0B43     		orrs	r3, r3, r1
 3944 002c 1360     		str	r3, [r2]
3163:Middlewares/Third_Party/FreeRTOS/Source/tasks.c **** 
 3945              		.loc 1 3163 3 view .LVU1098
 3946 002e 00EB8000 		add	r0, r0, r0, lsl #2
 3947 0032 2946     		mov	r1, r5
 3948 0034 114B     		ldr	r3, .L303+8
 3949 0036 03EB8000 		add	r0, r3, r0, lsl #2
 3950 003a FFF7FEFF 		bl	vListInsertEnd
 3951              	.LVL278:
3163:Middlewares/Third_Party/FreeRTOS/Source/tasks.c **** 
 3952              		.loc 1 3163 42 view .LVU1099
 3953              	.L298:
3186:Middlewares/Third_Party/FreeRTOS/Source/tasks.c **** 	{
 3954              		.loc 1 3186 2 view .LVU1100
3186:Middlewares/Third_Party/FreeRTOS/Source/tasks.c **** 	{
 3955              		.loc 1 3186 20 is_stmt 0 view .LVU1101
ARM GAS  /tmp/ccoDOEnO.s 			page 184


 3956 003e E26A     		ldr	r2, [r4, #44]
3186:Middlewares/Third_Party/FreeRTOS/Source/tasks.c **** 	{
 3957              		.loc 1 3186 47 view .LVU1102
 3958 0040 0F4B     		ldr	r3, .L303+12
 3959 0042 1B68     		ldr	r3, [r3]
 3960 0044 DB6A     		ldr	r3, [r3, #44]
3186:Middlewares/Third_Party/FreeRTOS/Source/tasks.c **** 	{
 3961              		.loc 1 3186 4 view .LVU1103
 3962 0046 9A42     		cmp	r2, r3
 3963 0048 11D9     		bls	.L300
3191:Middlewares/Third_Party/FreeRTOS/Source/tasks.c **** 
 3964              		.loc 1 3191 3 is_stmt 1 view .LVU1104
 3965              	.LVL279:
3195:Middlewares/Third_Party/FreeRTOS/Source/tasks.c **** 	}
 3966              		.loc 1 3195 3 view .LVU1105
3195:Middlewares/Third_Party/FreeRTOS/Source/tasks.c **** 	}
 3967              		.loc 1 3195 17 is_stmt 0 view .LVU1106
 3968 004a 0120     		movs	r0, #1
 3969 004c 0D4B     		ldr	r3, .L303+16
 3970 004e 1860     		str	r0, [r3]
 3971              	.LVL280:
 3972              	.L294:
3203:Middlewares/Third_Party/FreeRTOS/Source/tasks.c **** /*-----------------------------------------------------------*/
 3973              		.loc 1 3203 1 view .LVU1107
 3974 0050 38BD     		pop	{r3, r4, r5, pc}
 3975              	.LVL281:
 3976              	.L302:
3157:Middlewares/Third_Party/FreeRTOS/Source/tasks.c **** 	( void ) uxListRemove( &( pxUnblockedTCB->xEventListItem ) );
 3977              		.loc 1 3157 2 is_stmt 1 view .LVU1108
 3978              	.LBB180:
 3979              	.LBI180:
 193:Middlewares/Third_Party/FreeRTOS/Source/portable/GCC/ARM_CM3/portmacro.h **** {
 3980              		.loc 2 193 30 view .LVU1109
 3981              	.LBB181:
 195:Middlewares/Third_Party/FreeRTOS/Source/portable/GCC/ARM_CM3/portmacro.h **** 
 3982              		.loc 2 195 1 view .LVU1110
 197:Middlewares/Third_Party/FreeRTOS/Source/portable/GCC/ARM_CM3/portmacro.h **** 	(
 3983              		.loc 2 197 2 view .LVU1111
 3984              		.syntax unified
 3985              	@ 197 "Middlewares/Third_Party/FreeRTOS/Source/portable/GCC/ARM_CM3/portmacro.h" 1
 3986 0052 4FF05003 			mov r3, #80												
 3987 0056 83F31188 		msr basepri, r3											
 3988 005a BFF36F8F 		isb														
 3989 005e BFF34F8F 		dsb														
 3990              	
 3991              	@ 0 "" 2
 3992              	.LVL282:
 3993              		.thumb
 3994              		.syntax unified
 3995              	.L296:
 197:Middlewares/Third_Party/FreeRTOS/Source/portable/GCC/ARM_CM3/portmacro.h **** 	(
 3996              		.loc 2 197 2 is_stmt 0 view .LVU1112
 3997              	.LBE181:
 3998              	.LBE180:
3157:Middlewares/Third_Party/FreeRTOS/Source/tasks.c **** 	( void ) uxListRemove( &( pxUnblockedTCB->xEventListItem ) );
 3999              		.loc 1 3157 2 is_stmt 1 discriminator 1 view .LVU1113
3157:Middlewares/Third_Party/FreeRTOS/Source/tasks.c **** 	( void ) uxListRemove( &( pxUnblockedTCB->xEventListItem ) );
ARM GAS  /tmp/ccoDOEnO.s 			page 185


 4000              		.loc 1 3157 2 discriminator 1 view .LVU1114
3157:Middlewares/Third_Party/FreeRTOS/Source/tasks.c **** 	( void ) uxListRemove( &( pxUnblockedTCB->xEventListItem ) );
 4001              		.loc 1 3157 2 discriminator 1 view .LVU1115
 4002 0062 FEE7     		b	.L296
 4003              	.LVL283:
 4004              	.L297:
3183:Middlewares/Third_Party/FreeRTOS/Source/tasks.c **** 	}
 4005              		.loc 1 3183 3 view .LVU1116
 4006 0064 2946     		mov	r1, r5
 4007 0066 0848     		ldr	r0, .L303+20
 4008 0068 FFF7FEFF 		bl	vListInsertEnd
 4009              	.LVL284:
 4010 006c E7E7     		b	.L298
 4011              	.L300:
3199:Middlewares/Third_Party/FreeRTOS/Source/tasks.c **** 	}
 4012              		.loc 1 3199 11 is_stmt 0 view .LVU1117
 4013 006e 0020     		movs	r0, #0
 4014              	.LVL285:
3202:Middlewares/Third_Party/FreeRTOS/Source/tasks.c **** }
 4015              		.loc 1 3202 2 is_stmt 1 view .LVU1118
3202:Middlewares/Third_Party/FreeRTOS/Source/tasks.c **** }
 4016              		.loc 1 3202 9 is_stmt 0 view .LVU1119
 4017 0070 EEE7     		b	.L294
 4018              	.L304:
 4019 0072 00BF     		.align	2
 4020              	.L303:
 4021 0074 00000000 		.word	.LANCHOR16
 4022 0078 00000000 		.word	.LANCHOR13
 4023 007c 00000000 		.word	.LANCHOR4
 4024 0080 00000000 		.word	.LANCHOR10
 4025 0084 00000000 		.word	.LANCHOR19
 4026 0088 00000000 		.word	.LANCHOR1
 4027              		.cfi_endproc
 4028              	.LFE31:
 4030              		.section	.text.vTaskRemoveFromUnorderedEventList,"ax",%progbits
 4031              		.align	1
 4032              		.global	vTaskRemoveFromUnorderedEventList
 4033              		.syntax unified
 4034              		.thumb
 4035              		.thumb_func
 4037              	vTaskRemoveFromUnorderedEventList:
 4038              	.LVL286:
 4039              	.LFB32:
3207:Middlewares/Third_Party/FreeRTOS/Source/tasks.c **** TCB_t *pxUnblockedTCB;
 4040              		.loc 1 3207 1 is_stmt 1 view -0
 4041              		.cfi_startproc
 4042              		@ args = 0, pretend = 0, frame = 0
 4043              		@ frame_needed = 0, uses_anonymous_args = 0
3207:Middlewares/Third_Party/FreeRTOS/Source/tasks.c **** TCB_t *pxUnblockedTCB;
 4044              		.loc 1 3207 1 is_stmt 0 view .LVU1121
 4045 0000 38B5     		push	{r3, r4, r5, lr}
 4046              	.LCFI37:
 4047              		.cfi_def_cfa_offset 16
 4048              		.cfi_offset 3, -16
 4049              		.cfi_offset 4, -12
 4050              		.cfi_offset 5, -8
 4051              		.cfi_offset 14, -4
ARM GAS  /tmp/ccoDOEnO.s 			page 186


3208:Middlewares/Third_Party/FreeRTOS/Source/tasks.c **** 
 4052              		.loc 1 3208 1 is_stmt 1 view .LVU1122
3212:Middlewares/Third_Party/FreeRTOS/Source/tasks.c **** 
 4053              		.loc 1 3212 2 view .LVU1123
 4054 0002 1C4B     		ldr	r3, .L313
 4055 0004 1B68     		ldr	r3, [r3]
 4056 0006 43B9     		cbnz	r3, .L306
3212:Middlewares/Third_Party/FreeRTOS/Source/tasks.c **** 
 4057              		.loc 1 3212 2 view .LVU1124
 4058              	.LBB182:
 4059              	.LBI182:
 193:Middlewares/Third_Party/FreeRTOS/Source/portable/GCC/ARM_CM3/portmacro.h **** {
 4060              		.loc 2 193 30 view .LVU1125
 4061              	.LBB183:
 195:Middlewares/Third_Party/FreeRTOS/Source/portable/GCC/ARM_CM3/portmacro.h **** 
 4062              		.loc 2 195 1 view .LVU1126
 197:Middlewares/Third_Party/FreeRTOS/Source/portable/GCC/ARM_CM3/portmacro.h **** 	(
 4063              		.loc 2 197 2 view .LVU1127
 4064              		.syntax unified
 4065              	@ 197 "Middlewares/Third_Party/FreeRTOS/Source/portable/GCC/ARM_CM3/portmacro.h" 1
 4066 0008 4FF05003 			mov r3, #80												
 4067 000c 83F31188 		msr basepri, r3											
 4068 0010 BFF36F8F 		isb														
 4069 0014 BFF34F8F 		dsb														
 4070              	
 4071              	@ 0 "" 2
 4072              	.LVL287:
 4073              		.thumb
 4074              		.syntax unified
 4075              	.L307:
 197:Middlewares/Third_Party/FreeRTOS/Source/portable/GCC/ARM_CM3/portmacro.h **** 	(
 4076              		.loc 2 197 2 is_stmt 0 view .LVU1128
 4077              	.LBE183:
 4078              	.LBE182:
3212:Middlewares/Third_Party/FreeRTOS/Source/tasks.c **** 
 4079              		.loc 1 3212 2 is_stmt 1 discriminator 1 view .LVU1129
3212:Middlewares/Third_Party/FreeRTOS/Source/tasks.c **** 
 4080              		.loc 1 3212 2 discriminator 1 view .LVU1130
3212:Middlewares/Third_Party/FreeRTOS/Source/tasks.c **** 
 4081              		.loc 1 3212 2 discriminator 1 view .LVU1131
 4082 0018 FEE7     		b	.L307
 4083              	.L306:
3212:Middlewares/Third_Party/FreeRTOS/Source/tasks.c **** 
 4084              		.loc 1 3212 49 discriminator 2 view .LVU1132
3215:Middlewares/Third_Party/FreeRTOS/Source/tasks.c **** 
 4085              		.loc 1 3215 2 discriminator 2 view .LVU1133
 4086 001a 41F00041 		orr	r1, r1, #-2147483648
 4087              	.LVL288:
3215:Middlewares/Third_Party/FreeRTOS/Source/tasks.c **** 
 4088              		.loc 1 3215 2 is_stmt 0 discriminator 2 view .LVU1134
 4089 001e 0160     		str	r1, [r0]
3219:Middlewares/Third_Party/FreeRTOS/Source/tasks.c **** 	configASSERT( pxUnblockedTCB );
 4090              		.loc 1 3219 2 is_stmt 1 discriminator 2 view .LVU1135
3219:Middlewares/Third_Party/FreeRTOS/Source/tasks.c **** 	configASSERT( pxUnblockedTCB );
 4091              		.loc 1 3219 17 is_stmt 0 discriminator 2 view .LVU1136
 4092 0020 C468     		ldr	r4, [r0, #12]
 4093              	.LVL289:
ARM GAS  /tmp/ccoDOEnO.s 			page 187


3220:Middlewares/Third_Party/FreeRTOS/Source/tasks.c **** 	( void ) uxListRemove( pxEventListItem );
 4094              		.loc 1 3220 2 is_stmt 1 discriminator 2 view .LVU1137
 4095 0022 F4B1     		cbz	r4, .L312
3220:Middlewares/Third_Party/FreeRTOS/Source/tasks.c **** 	( void ) uxListRemove( pxEventListItem );
 4096              		.loc 1 3220 32 discriminator 2 view .LVU1138
3221:Middlewares/Third_Party/FreeRTOS/Source/tasks.c **** 
 4097              		.loc 1 3221 2 discriminator 2 view .LVU1139
3221:Middlewares/Third_Party/FreeRTOS/Source/tasks.c **** 
 4098              		.loc 1 3221 11 is_stmt 0 discriminator 2 view .LVU1140
 4099 0024 FFF7FEFF 		bl	uxListRemove
 4100              	.LVL290:
3240:Middlewares/Third_Party/FreeRTOS/Source/tasks.c **** 	prvAddTaskToReadyList( pxUnblockedTCB );
 4101              		.loc 1 3240 2 is_stmt 1 discriminator 2 view .LVU1141
3240:Middlewares/Third_Party/FreeRTOS/Source/tasks.c **** 	prvAddTaskToReadyList( pxUnblockedTCB );
 4102              		.loc 1 3240 11 is_stmt 0 discriminator 2 view .LVU1142
 4103 0028 251D     		adds	r5, r4, #4
 4104 002a 2846     		mov	r0, r5
 4105 002c FFF7FEFF 		bl	uxListRemove
 4106              	.LVL291:
3241:Middlewares/Third_Party/FreeRTOS/Source/tasks.c **** 
 4107              		.loc 1 3241 2 is_stmt 1 discriminator 2 view .LVU1143
3241:Middlewares/Third_Party/FreeRTOS/Source/tasks.c **** 
 4108              		.loc 1 3241 2 discriminator 2 view .LVU1144
 4109 0030 E06A     		ldr	r0, [r4, #44]
 4110 0032 0123     		movs	r3, #1
 4111 0034 8340     		lsls	r3, r3, r0
 4112 0036 104A     		ldr	r2, .L313+4
 4113 0038 1168     		ldr	r1, [r2]
 4114 003a 0B43     		orrs	r3, r3, r1
 4115 003c 1360     		str	r3, [r2]
3241:Middlewares/Third_Party/FreeRTOS/Source/tasks.c **** 
 4116              		.loc 1 3241 2 discriminator 2 view .LVU1145
 4117 003e 00EB8000 		add	r0, r0, r0, lsl #2
 4118 0042 2946     		mov	r1, r5
 4119 0044 0D4B     		ldr	r3, .L313+8
 4120 0046 03EB8000 		add	r0, r3, r0, lsl #2
 4121 004a FFF7FEFF 		bl	vListInsertEnd
 4122              	.LVL292:
3241:Middlewares/Third_Party/FreeRTOS/Source/tasks.c **** 
 4123              		.loc 1 3241 41 discriminator 2 view .LVU1146
3243:Middlewares/Third_Party/FreeRTOS/Source/tasks.c **** 	{
 4124              		.loc 1 3243 2 discriminator 2 view .LVU1147
3243:Middlewares/Third_Party/FreeRTOS/Source/tasks.c **** 	{
 4125              		.loc 1 3243 20 is_stmt 0 discriminator 2 view .LVU1148
 4126 004e E26A     		ldr	r2, [r4, #44]
3243:Middlewares/Third_Party/FreeRTOS/Source/tasks.c **** 	{
 4127              		.loc 1 3243 47 discriminator 2 view .LVU1149
 4128 0050 0B4B     		ldr	r3, .L313+12
 4129 0052 1B68     		ldr	r3, [r3]
 4130 0054 DB6A     		ldr	r3, [r3, #44]
3243:Middlewares/Third_Party/FreeRTOS/Source/tasks.c **** 	{
 4131              		.loc 1 3243 4 discriminator 2 view .LVU1150
 4132 0056 9A42     		cmp	r2, r3
 4133 0058 02D9     		bls	.L305
3249:Middlewares/Third_Party/FreeRTOS/Source/tasks.c **** 	}
 4134              		.loc 1 3249 3 is_stmt 1 view .LVU1151
3249:Middlewares/Third_Party/FreeRTOS/Source/tasks.c **** 	}
ARM GAS  /tmp/ccoDOEnO.s 			page 188


 4135              		.loc 1 3249 17 is_stmt 0 view .LVU1152
 4136 005a 0A4B     		ldr	r3, .L313+16
 4137 005c 0122     		movs	r2, #1
 4138 005e 1A60     		str	r2, [r3]
 4139              	.L305:
3251:Middlewares/Third_Party/FreeRTOS/Source/tasks.c **** /*-----------------------------------------------------------*/
 4140              		.loc 1 3251 1 view .LVU1153
 4141 0060 38BD     		pop	{r3, r4, r5, pc}
 4142              	.LVL293:
 4143              	.L312:
3220:Middlewares/Third_Party/FreeRTOS/Source/tasks.c **** 	( void ) uxListRemove( pxEventListItem );
 4144              		.loc 1 3220 2 is_stmt 1 view .LVU1154
 4145              	.LBB184:
 4146              	.LBI184:
 193:Middlewares/Third_Party/FreeRTOS/Source/portable/GCC/ARM_CM3/portmacro.h **** {
 4147              		.loc 2 193 30 view .LVU1155
 4148              	.LBB185:
 195:Middlewares/Third_Party/FreeRTOS/Source/portable/GCC/ARM_CM3/portmacro.h **** 
 4149              		.loc 2 195 1 view .LVU1156
 197:Middlewares/Third_Party/FreeRTOS/Source/portable/GCC/ARM_CM3/portmacro.h **** 	(
 4150              		.loc 2 197 2 view .LVU1157
 4151              		.syntax unified
 4152              	@ 197 "Middlewares/Third_Party/FreeRTOS/Source/portable/GCC/ARM_CM3/portmacro.h" 1
 4153 0062 4FF05003 			mov r3, #80												
 4154 0066 83F31188 		msr basepri, r3											
 4155 006a BFF36F8F 		isb														
 4156 006e BFF34F8F 		dsb														
 4157              	
 4158              	@ 0 "" 2
 4159              	.LVL294:
 4160              		.thumb
 4161              		.syntax unified
 4162              	.L309:
 197:Middlewares/Third_Party/FreeRTOS/Source/portable/GCC/ARM_CM3/portmacro.h **** 	(
 4163              		.loc 2 197 2 is_stmt 0 view .LVU1158
 4164              	.LBE185:
 4165              	.LBE184:
3220:Middlewares/Third_Party/FreeRTOS/Source/tasks.c **** 	( void ) uxListRemove( pxEventListItem );
 4166              		.loc 1 3220 2 is_stmt 1 discriminator 2 view .LVU1159
3220:Middlewares/Third_Party/FreeRTOS/Source/tasks.c **** 	( void ) uxListRemove( pxEventListItem );
 4167              		.loc 1 3220 2 discriminator 2 view .LVU1160
3220:Middlewares/Third_Party/FreeRTOS/Source/tasks.c **** 	( void ) uxListRemove( pxEventListItem );
 4168              		.loc 1 3220 2 discriminator 2 view .LVU1161
 4169 0072 FEE7     		b	.L309
 4170              	.L314:
 4171              		.align	2
 4172              	.L313:
 4173 0074 00000000 		.word	.LANCHOR16
 4174 0078 00000000 		.word	.LANCHOR13
 4175 007c 00000000 		.word	.LANCHOR4
 4176 0080 00000000 		.word	.LANCHOR10
 4177 0084 00000000 		.word	.LANCHOR19
 4178              		.cfi_endproc
 4179              	.LFE32:
 4181              		.section	.text.vTaskSetTimeOutState,"ax",%progbits
 4182              		.align	1
 4183              		.global	vTaskSetTimeOutState
ARM GAS  /tmp/ccoDOEnO.s 			page 189


 4184              		.syntax unified
 4185              		.thumb
 4186              		.thumb_func
 4188              	vTaskSetTimeOutState:
 4189              	.LVL295:
 4190              	.LFB33:
3255:Middlewares/Third_Party/FreeRTOS/Source/tasks.c **** 	configASSERT( pxTimeOut );
 4191              		.loc 1 3255 1 view -0
 4192              		.cfi_startproc
 4193              		@ args = 0, pretend = 0, frame = 0
 4194              		@ frame_needed = 0, uses_anonymous_args = 0
3256:Middlewares/Third_Party/FreeRTOS/Source/tasks.c **** 	taskENTER_CRITICAL();
 4195              		.loc 1 3256 2 view .LVU1163
 4196 0000 60B1     		cbz	r0, .L320
3255:Middlewares/Third_Party/FreeRTOS/Source/tasks.c **** 	configASSERT( pxTimeOut );
 4197              		.loc 1 3255 1 is_stmt 0 discriminator 2 view .LVU1164
 4198 0002 10B5     		push	{r4, lr}
 4199              	.LCFI38:
 4200              		.cfi_def_cfa_offset 8
 4201              		.cfi_offset 4, -8
 4202              		.cfi_offset 14, -4
 4203 0004 0446     		mov	r4, r0
3256:Middlewares/Third_Party/FreeRTOS/Source/tasks.c **** 	taskENTER_CRITICAL();
 4204              		.loc 1 3256 27 is_stmt 1 discriminator 2 view .LVU1165
3257:Middlewares/Third_Party/FreeRTOS/Source/tasks.c **** 	{
 4205              		.loc 1 3257 2 discriminator 2 view .LVU1166
 4206 0006 FFF7FEFF 		bl	vPortEnterCritical
 4207              	.LVL296:
3259:Middlewares/Third_Party/FreeRTOS/Source/tasks.c **** 		pxTimeOut->xTimeOnEntering = xTickCount;
 4208              		.loc 1 3259 3 discriminator 2 view .LVU1167
3259:Middlewares/Third_Party/FreeRTOS/Source/tasks.c **** 		pxTimeOut->xTimeOnEntering = xTickCount;
 4209              		.loc 1 3259 29 is_stmt 0 discriminator 2 view .LVU1168
 4210 000a 094B     		ldr	r3, .L321
 4211 000c 1B68     		ldr	r3, [r3]
 4212 000e 2360     		str	r3, [r4]
3260:Middlewares/Third_Party/FreeRTOS/Source/tasks.c **** 	}
 4213              		.loc 1 3260 3 is_stmt 1 discriminator 2 view .LVU1169
3260:Middlewares/Third_Party/FreeRTOS/Source/tasks.c **** 	}
 4214              		.loc 1 3260 30 is_stmt 0 discriminator 2 view .LVU1170
 4215 0010 084B     		ldr	r3, .L321+4
 4216 0012 1B68     		ldr	r3, [r3]
 4217 0014 6360     		str	r3, [r4, #4]
3262:Middlewares/Third_Party/FreeRTOS/Source/tasks.c **** }
 4218              		.loc 1 3262 2 is_stmt 1 discriminator 2 view .LVU1171
 4219 0016 FFF7FEFF 		bl	vPortExitCritical
 4220              	.LVL297:
3263:Middlewares/Third_Party/FreeRTOS/Source/tasks.c **** /*-----------------------------------------------------------*/
 4221              		.loc 1 3263 1 is_stmt 0 discriminator 2 view .LVU1172
 4222 001a 10BD     		pop	{r4, pc}
 4223              	.LVL298:
 4224              	.L320:
 4225              	.LCFI39:
 4226              		.cfi_def_cfa_offset 0
 4227              		.cfi_restore 4
 4228              		.cfi_restore 14
3256:Middlewares/Third_Party/FreeRTOS/Source/tasks.c **** 	taskENTER_CRITICAL();
 4229              		.loc 1 3256 2 is_stmt 1 view .LVU1173
ARM GAS  /tmp/ccoDOEnO.s 			page 190


 4230              	.LBB186:
 4231              	.LBI186:
 193:Middlewares/Third_Party/FreeRTOS/Source/portable/GCC/ARM_CM3/portmacro.h **** {
 4232              		.loc 2 193 30 view .LVU1174
 4233              	.LBB187:
 195:Middlewares/Third_Party/FreeRTOS/Source/portable/GCC/ARM_CM3/portmacro.h **** 
 4234              		.loc 2 195 1 view .LVU1175
 197:Middlewares/Third_Party/FreeRTOS/Source/portable/GCC/ARM_CM3/portmacro.h **** 	(
 4235              		.loc 2 197 2 view .LVU1176
 4236              		.syntax unified
 4237              	@ 197 "Middlewares/Third_Party/FreeRTOS/Source/portable/GCC/ARM_CM3/portmacro.h" 1
 4238 001c 4FF05003 			mov r3, #80												
 4239 0020 83F31188 		msr basepri, r3											
 4240 0024 BFF36F8F 		isb														
 4241 0028 BFF34F8F 		dsb														
 4242              	
 4243              	@ 0 "" 2
 4244              	.LVL299:
 4245              		.thumb
 4246              		.syntax unified
 4247              	.L317:
 197:Middlewares/Third_Party/FreeRTOS/Source/portable/GCC/ARM_CM3/portmacro.h **** 	(
 4248              		.loc 2 197 2 is_stmt 0 view .LVU1177
 4249              	.LBE187:
 4250              	.LBE186:
3256:Middlewares/Third_Party/FreeRTOS/Source/tasks.c **** 	taskENTER_CRITICAL();
 4251              		.loc 1 3256 2 is_stmt 1 discriminator 1 view .LVU1178
3256:Middlewares/Third_Party/FreeRTOS/Source/tasks.c **** 	taskENTER_CRITICAL();
 4252              		.loc 1 3256 2 discriminator 1 view .LVU1179
3256:Middlewares/Third_Party/FreeRTOS/Source/tasks.c **** 	taskENTER_CRITICAL();
 4253              		.loc 1 3256 2 discriminator 1 view .LVU1180
 4254 002c FEE7     		b	.L317
 4255              	.L322:
 4256 002e 00BF     		.align	2
 4257              	.L321:
 4258 0030 00000000 		.word	.LANCHOR18
 4259 0034 00000000 		.word	.LANCHOR15
 4260              		.cfi_endproc
 4261              	.LFE33:
 4263              		.section	.text.vTaskInternalSetTimeOutState,"ax",%progbits
 4264              		.align	1
 4265              		.global	vTaskInternalSetTimeOutState
 4266              		.syntax unified
 4267              		.thumb
 4268              		.thumb_func
 4270              	vTaskInternalSetTimeOutState:
 4271              	.LVL300:
 4272              	.LFB34:
3267:Middlewares/Third_Party/FreeRTOS/Source/tasks.c **** 	/* For internal use only as it does not use a critical section. */
 4273              		.loc 1 3267 1 view -0
 4274              		.cfi_startproc
 4275              		@ args = 0, pretend = 0, frame = 0
 4276              		@ frame_needed = 0, uses_anonymous_args = 0
 4277              		@ link register save eliminated.
3269:Middlewares/Third_Party/FreeRTOS/Source/tasks.c **** 	pxTimeOut->xTimeOnEntering = xTickCount;
 4278              		.loc 1 3269 2 view .LVU1182
3269:Middlewares/Third_Party/FreeRTOS/Source/tasks.c **** 	pxTimeOut->xTimeOnEntering = xTickCount;
ARM GAS  /tmp/ccoDOEnO.s 			page 191


 4279              		.loc 1 3269 28 is_stmt 0 view .LVU1183
 4280 0000 034B     		ldr	r3, .L324
 4281 0002 1B68     		ldr	r3, [r3]
 4282 0004 0360     		str	r3, [r0]
3270:Middlewares/Third_Party/FreeRTOS/Source/tasks.c **** }
 4283              		.loc 1 3270 2 is_stmt 1 view .LVU1184
3270:Middlewares/Third_Party/FreeRTOS/Source/tasks.c **** }
 4284              		.loc 1 3270 29 is_stmt 0 view .LVU1185
 4285 0006 034B     		ldr	r3, .L324+4
 4286 0008 1B68     		ldr	r3, [r3]
 4287 000a 4360     		str	r3, [r0, #4]
3271:Middlewares/Third_Party/FreeRTOS/Source/tasks.c **** /*-----------------------------------------------------------*/
 4288              		.loc 1 3271 1 view .LVU1186
 4289 000c 7047     		bx	lr
 4290              	.L325:
 4291 000e 00BF     		.align	2
 4292              	.L324:
 4293 0010 00000000 		.word	.LANCHOR18
 4294 0014 00000000 		.word	.LANCHOR15
 4295              		.cfi_endproc
 4296              	.LFE34:
 4298              		.section	.text.xTaskCheckForTimeOut,"ax",%progbits
 4299              		.align	1
 4300              		.global	xTaskCheckForTimeOut
 4301              		.syntax unified
 4302              		.thumb
 4303              		.thumb_func
 4305              	xTaskCheckForTimeOut:
 4306              	.LVL301:
 4307              	.LFB35:
3275:Middlewares/Third_Party/FreeRTOS/Source/tasks.c **** BaseType_t xReturn;
 4308              		.loc 1 3275 1 is_stmt 1 view -0
 4309              		.cfi_startproc
 4310              		@ args = 0, pretend = 0, frame = 0
 4311              		@ frame_needed = 0, uses_anonymous_args = 0
3276:Middlewares/Third_Party/FreeRTOS/Source/tasks.c **** 
 4312              		.loc 1 3276 1 view .LVU1188
3278:Middlewares/Third_Party/FreeRTOS/Source/tasks.c **** 	configASSERT( pxTicksToWait );
 4313              		.loc 1 3278 2 view .LVU1189
 4314 0000 D8B1     		cbz	r0, .L338
3275:Middlewares/Third_Party/FreeRTOS/Source/tasks.c **** BaseType_t xReturn;
 4315              		.loc 1 3275 1 is_stmt 0 discriminator 2 view .LVU1190
 4316 0002 70B5     		push	{r4, r5, r6, lr}
 4317              	.LCFI40:
 4318              		.cfi_def_cfa_offset 16
 4319              		.cfi_offset 4, -16
 4320              		.cfi_offset 5, -12
 4321              		.cfi_offset 6, -8
 4322              		.cfi_offset 14, -4
 4323 0004 0C46     		mov	r4, r1
 4324 0006 0546     		mov	r5, r0
3278:Middlewares/Third_Party/FreeRTOS/Source/tasks.c **** 	configASSERT( pxTicksToWait );
 4325              		.loc 1 3278 27 is_stmt 1 discriminator 2 view .LVU1191
3279:Middlewares/Third_Party/FreeRTOS/Source/tasks.c **** 
 4326              		.loc 1 3279 2 discriminator 2 view .LVU1192
 4327 0008 01B3     		cbz	r1, .L339
3279:Middlewares/Third_Party/FreeRTOS/Source/tasks.c **** 
ARM GAS  /tmp/ccoDOEnO.s 			page 192


 4328              		.loc 1 3279 31 discriminator 2 view .LVU1193
3281:Middlewares/Third_Party/FreeRTOS/Source/tasks.c **** 	{
 4329              		.loc 1 3281 2 discriminator 2 view .LVU1194
 4330 000a FFF7FEFF 		bl	vPortEnterCritical
 4331              	.LVL302:
 4332              	.LBB188:
3284:Middlewares/Third_Party/FreeRTOS/Source/tasks.c **** 		const TickType_t xElapsedTime = xConstTickCount - pxTimeOut->xTimeOnEntering;
 4333              		.loc 1 3284 3 discriminator 2 view .LVU1195
3284:Middlewares/Third_Party/FreeRTOS/Source/tasks.c **** 		const TickType_t xElapsedTime = xConstTickCount - pxTimeOut->xTimeOnEntering;
 4334              		.loc 1 3284 20 is_stmt 0 discriminator 2 view .LVU1196
 4335 000e 1B4B     		ldr	r3, .L341
 4336 0010 1968     		ldr	r1, [r3]
 4337              	.LVL303:
3285:Middlewares/Third_Party/FreeRTOS/Source/tasks.c **** 
 4338              		.loc 1 3285 3 is_stmt 1 discriminator 2 view .LVU1197
3285:Middlewares/Third_Party/FreeRTOS/Source/tasks.c **** 
 4339              		.loc 1 3285 62 is_stmt 0 discriminator 2 view .LVU1198
 4340 0012 6B68     		ldr	r3, [r5, #4]
3285:Middlewares/Third_Party/FreeRTOS/Source/tasks.c **** 
 4341              		.loc 1 3285 20 discriminator 2 view .LVU1199
 4342 0014 C81A     		subs	r0, r1, r3
 4343              	.LVL304:
3299:Middlewares/Third_Party/FreeRTOS/Source/tasks.c **** 			{
 4344              		.loc 1 3299 4 is_stmt 1 discriminator 2 view .LVU1200
3299:Middlewares/Third_Party/FreeRTOS/Source/tasks.c **** 			{
 4345              		.loc 1 3299 8 is_stmt 0 discriminator 2 view .LVU1201
 4346 0016 2268     		ldr	r2, [r4]
3299:Middlewares/Third_Party/FreeRTOS/Source/tasks.c **** 			{
 4347              		.loc 1 3299 6 discriminator 2 view .LVU1202
 4348 0018 B2F1FF3F 		cmp	r2, #-1
 4349 001c 27D0     		beq	.L334
3309:Middlewares/Third_Party/FreeRTOS/Source/tasks.c **** 		{
 4350              		.loc 1 3309 3 is_stmt 1 view .LVU1203
3309:Middlewares/Third_Party/FreeRTOS/Source/tasks.c **** 		{
 4351              		.loc 1 3309 25 is_stmt 0 view .LVU1204
 4352 001e 184E     		ldr	r6, .L341+4
 4353 0020 3668     		ldr	r6, [r6]
3309:Middlewares/Third_Party/FreeRTOS/Source/tasks.c **** 		{
 4354              		.loc 1 3309 5 view .LVU1205
 4355 0022 D5F800C0 		ldr	ip, [r5]
 4356 0026 B445     		cmp	ip, r6
 4357 0028 01D0     		beq	.L332
3309:Middlewares/Third_Party/FreeRTOS/Source/tasks.c **** 		{
 4358              		.loc 1 3309 56 discriminator 1 view .LVU1206
 4359 002a 8B42     		cmp	r3, r1
 4360 002c 24D9     		bls	.L335
 4361              	.L332:
3318:Middlewares/Third_Party/FreeRTOS/Source/tasks.c **** 		{
 4362              		.loc 1 3318 8 is_stmt 1 view .LVU1207
3318:Middlewares/Third_Party/FreeRTOS/Source/tasks.c **** 		{
 4363              		.loc 1 3318 10 is_stmt 0 view .LVU1208
 4364 002e 8242     		cmp	r2, r0
 4365 0030 15D8     		bhi	.L340
3327:Middlewares/Third_Party/FreeRTOS/Source/tasks.c **** 			xReturn = pdTRUE;
 4366              		.loc 1 3327 4 is_stmt 1 view .LVU1209
3327:Middlewares/Third_Party/FreeRTOS/Source/tasks.c **** 			xReturn = pdTRUE;
 4367              		.loc 1 3327 19 is_stmt 0 view .LVU1210
ARM GAS  /tmp/ccoDOEnO.s 			page 193


 4368 0032 0023     		movs	r3, #0
 4369 0034 2360     		str	r3, [r4]
3328:Middlewares/Third_Party/FreeRTOS/Source/tasks.c **** 		}
 4370              		.loc 1 3328 4 is_stmt 1 view .LVU1211
 4371              	.LVL305:
3328:Middlewares/Third_Party/FreeRTOS/Source/tasks.c **** 		}
 4372              		.loc 1 3328 12 is_stmt 0 view .LVU1212
 4373 0036 0124     		movs	r4, #1
 4374              	.LVL306:
3328:Middlewares/Third_Party/FreeRTOS/Source/tasks.c **** 		}
 4375              		.loc 1 3328 12 view .LVU1213
 4376 0038 1AE0     		b	.L331
 4377              	.LVL307:
 4378              	.L338:
 4379              	.LCFI41:
 4380              		.cfi_def_cfa_offset 0
 4381              		.cfi_restore 4
 4382              		.cfi_restore 5
 4383              		.cfi_restore 6
 4384              		.cfi_restore 14
3328:Middlewares/Third_Party/FreeRTOS/Source/tasks.c **** 		}
 4385              		.loc 1 3328 12 view .LVU1214
 4386              	.LBE188:
3278:Middlewares/Third_Party/FreeRTOS/Source/tasks.c **** 	configASSERT( pxTicksToWait );
 4387              		.loc 1 3278 2 is_stmt 1 view .LVU1215
 4388              	.LBB189:
 4389              	.LBI189:
 193:Middlewares/Third_Party/FreeRTOS/Source/portable/GCC/ARM_CM3/portmacro.h **** {
 4390              		.loc 2 193 30 view .LVU1216
 4391              	.LBB190:
 195:Middlewares/Third_Party/FreeRTOS/Source/portable/GCC/ARM_CM3/portmacro.h **** 
 4392              		.loc 2 195 1 view .LVU1217
 197:Middlewares/Third_Party/FreeRTOS/Source/portable/GCC/ARM_CM3/portmacro.h **** 	(
 4393              		.loc 2 197 2 view .LVU1218
 4394              		.syntax unified
 4395              	@ 197 "Middlewares/Third_Party/FreeRTOS/Source/portable/GCC/ARM_CM3/portmacro.h" 1
 4396 003a 4FF05003 			mov r3, #80												
 4397 003e 83F31188 		msr basepri, r3											
 4398 0042 BFF36F8F 		isb														
 4399 0046 BFF34F8F 		dsb														
 4400              	
 4401              	@ 0 "" 2
 4402              	.LVL308:
 4403              		.thumb
 4404              		.syntax unified
 4405              	.L328:
 197:Middlewares/Third_Party/FreeRTOS/Source/portable/GCC/ARM_CM3/portmacro.h **** 	(
 4406              		.loc 2 197 2 is_stmt 0 view .LVU1219
 4407              	.LBE190:
 4408              	.LBE189:
3278:Middlewares/Third_Party/FreeRTOS/Source/tasks.c **** 	configASSERT( pxTicksToWait );
 4409              		.loc 1 3278 2 is_stmt 1 discriminator 1 view .LVU1220
3278:Middlewares/Third_Party/FreeRTOS/Source/tasks.c **** 	configASSERT( pxTicksToWait );
 4410              		.loc 1 3278 2 discriminator 1 view .LVU1221
3278:Middlewares/Third_Party/FreeRTOS/Source/tasks.c **** 	configASSERT( pxTicksToWait );
 4411              		.loc 1 3278 2 discriminator 1 view .LVU1222
 4412 004a FEE7     		b	.L328
ARM GAS  /tmp/ccoDOEnO.s 			page 194


 4413              	.L339:
 4414              	.LCFI42:
 4415              		.cfi_def_cfa_offset 16
 4416              		.cfi_offset 4, -16
 4417              		.cfi_offset 5, -12
 4418              		.cfi_offset 6, -8
 4419              		.cfi_offset 14, -4
3279:Middlewares/Third_Party/FreeRTOS/Source/tasks.c **** 
 4420              		.loc 1 3279 2 view .LVU1223
 4421              	.LBB191:
 4422              	.LBI191:
 193:Middlewares/Third_Party/FreeRTOS/Source/portable/GCC/ARM_CM3/portmacro.h **** {
 4423              		.loc 2 193 30 view .LVU1224
 4424              	.LBB192:
 195:Middlewares/Third_Party/FreeRTOS/Source/portable/GCC/ARM_CM3/portmacro.h **** 
 4425              		.loc 2 195 1 view .LVU1225
 197:Middlewares/Third_Party/FreeRTOS/Source/portable/GCC/ARM_CM3/portmacro.h **** 	(
 4426              		.loc 2 197 2 view .LVU1226
 4427              		.syntax unified
 4428              	@ 197 "Middlewares/Third_Party/FreeRTOS/Source/portable/GCC/ARM_CM3/portmacro.h" 1
 4429 004c 4FF05003 			mov r3, #80												
 4430 0050 83F31188 		msr basepri, r3											
 4431 0054 BFF36F8F 		isb														
 4432 0058 BFF34F8F 		dsb														
 4433              	
 4434              	@ 0 "" 2
 4435              	.LVL309:
 4436              		.thumb
 4437              		.syntax unified
 4438              	.L330:
 197:Middlewares/Third_Party/FreeRTOS/Source/portable/GCC/ARM_CM3/portmacro.h **** 	(
 4439              		.loc 2 197 2 is_stmt 0 view .LVU1227
 4440              	.LBE192:
 4441              	.LBE191:
3279:Middlewares/Third_Party/FreeRTOS/Source/tasks.c **** 
 4442              		.loc 1 3279 2 is_stmt 1 discriminator 2 view .LVU1228
3279:Middlewares/Third_Party/FreeRTOS/Source/tasks.c **** 
 4443              		.loc 1 3279 2 discriminator 2 view .LVU1229
3279:Middlewares/Third_Party/FreeRTOS/Source/tasks.c **** 
 4444              		.loc 1 3279 2 discriminator 2 view .LVU1230
 4445 005c FEE7     		b	.L330
 4446              	.LVL310:
 4447              	.L340:
 4448              	.LBB193:
3321:Middlewares/Third_Party/FreeRTOS/Source/tasks.c **** 			vTaskInternalSetTimeOutState( pxTimeOut );
 4449              		.loc 1 3321 4 view .LVU1231
3321:Middlewares/Third_Party/FreeRTOS/Source/tasks.c **** 			vTaskInternalSetTimeOutState( pxTimeOut );
 4450              		.loc 1 3321 19 is_stmt 0 view .LVU1232
 4451 005e 5B1A     		subs	r3, r3, r1
 4452 0060 1344     		add	r3, r3, r2
 4453 0062 2360     		str	r3, [r4]
3322:Middlewares/Third_Party/FreeRTOS/Source/tasks.c **** 			xReturn = pdFALSE;
 4454              		.loc 1 3322 4 is_stmt 1 view .LVU1233
 4455 0064 2846     		mov	r0, r5
 4456              	.LVL311:
3322:Middlewares/Third_Party/FreeRTOS/Source/tasks.c **** 			xReturn = pdFALSE;
 4457              		.loc 1 3322 4 is_stmt 0 view .LVU1234
ARM GAS  /tmp/ccoDOEnO.s 			page 195


 4458 0066 FFF7FEFF 		bl	vTaskInternalSetTimeOutState
 4459              	.LVL312:
3323:Middlewares/Third_Party/FreeRTOS/Source/tasks.c **** 		}
 4460              		.loc 1 3323 4 is_stmt 1 view .LVU1235
3323:Middlewares/Third_Party/FreeRTOS/Source/tasks.c **** 		}
 4461              		.loc 1 3323 12 is_stmt 0 view .LVU1236
 4462 006a 0024     		movs	r4, #0
 4463              	.LVL313:
3323:Middlewares/Third_Party/FreeRTOS/Source/tasks.c **** 		}
 4464              		.loc 1 3323 12 view .LVU1237
 4465 006c 00E0     		b	.L331
 4466              	.LVL314:
 4467              	.L334:
3304:Middlewares/Third_Party/FreeRTOS/Source/tasks.c **** 			}
 4468              		.loc 1 3304 13 view .LVU1238
 4469 006e 0024     		movs	r4, #0
 4470              	.LVL315:
 4471              	.L331:
3304:Middlewares/Third_Party/FreeRTOS/Source/tasks.c **** 			}
 4472              		.loc 1 3304 13 view .LVU1239
 4473              	.LBE193:
3331:Middlewares/Third_Party/FreeRTOS/Source/tasks.c **** 
 4474              		.loc 1 3331 2 is_stmt 1 view .LVU1240
 4475 0070 FFF7FEFF 		bl	vPortExitCritical
 4476              	.LVL316:
3333:Middlewares/Third_Party/FreeRTOS/Source/tasks.c **** }
 4477              		.loc 1 3333 2 view .LVU1241
3334:Middlewares/Third_Party/FreeRTOS/Source/tasks.c **** /*-----------------------------------------------------------*/
 4478              		.loc 1 3334 1 is_stmt 0 view .LVU1242
 4479 0074 2046     		mov	r0, r4
 4480 0076 70BD     		pop	{r4, r5, r6, pc}
 4481              	.LVL317:
 4482              	.L335:
 4483              	.LBB194:
3316:Middlewares/Third_Party/FreeRTOS/Source/tasks.c **** 		}
 4484              		.loc 1 3316 12 view .LVU1243
 4485 0078 0124     		movs	r4, #1
 4486              	.LVL318:
3316:Middlewares/Third_Party/FreeRTOS/Source/tasks.c **** 		}
 4487              		.loc 1 3316 12 view .LVU1244
 4488 007a F9E7     		b	.L331
 4489              	.L342:
 4490              		.align	2
 4491              	.L341:
 4492 007c 00000000 		.word	.LANCHOR15
 4493 0080 00000000 		.word	.LANCHOR18
 4494              	.LBE194:
 4495              		.cfi_endproc
 4496              	.LFE35:
 4498              		.section	.text.vTaskMissedYield,"ax",%progbits
 4499              		.align	1
 4500              		.global	vTaskMissedYield
 4501              		.syntax unified
 4502              		.thumb
 4503              		.thumb_func
 4505              	vTaskMissedYield:
 4506              	.LFB36:
ARM GAS  /tmp/ccoDOEnO.s 			page 196


3338:Middlewares/Third_Party/FreeRTOS/Source/tasks.c **** 	xYieldPending = pdTRUE;
 4507              		.loc 1 3338 1 is_stmt 1 view -0
 4508              		.cfi_startproc
 4509              		@ args = 0, pretend = 0, frame = 0
 4510              		@ frame_needed = 0, uses_anonymous_args = 0
 4511              		@ link register save eliminated.
3339:Middlewares/Third_Party/FreeRTOS/Source/tasks.c **** }
 4512              		.loc 1 3339 2 view .LVU1246
3339:Middlewares/Third_Party/FreeRTOS/Source/tasks.c **** }
 4513              		.loc 1 3339 16 is_stmt 0 view .LVU1247
 4514 0000 014B     		ldr	r3, .L344
 4515 0002 0122     		movs	r2, #1
 4516 0004 1A60     		str	r2, [r3]
3340:Middlewares/Third_Party/FreeRTOS/Source/tasks.c **** /*-----------------------------------------------------------*/
 4517              		.loc 1 3340 1 view .LVU1248
 4518 0006 7047     		bx	lr
 4519              	.L345:
 4520              		.align	2
 4521              	.L344:
 4522 0008 00000000 		.word	.LANCHOR19
 4523              		.cfi_endproc
 4524              	.LFE36:
 4526              		.section	.text.xTaskGetCurrentTaskHandle,"ax",%progbits
 4527              		.align	1
 4528              		.global	xTaskGetCurrentTaskHandle
 4529              		.syntax unified
 4530              		.thumb
 4531              		.thumb_func
 4533              	xTaskGetCurrentTaskHandle:
 4534              	.LFB42:
3970:Middlewares/Third_Party/FreeRTOS/Source/tasks.c **** 	TaskHandle_t xReturn;
 4535              		.loc 1 3970 2 is_stmt 1 view -0
 4536              		.cfi_startproc
 4537              		@ args = 0, pretend = 0, frame = 0
 4538              		@ frame_needed = 0, uses_anonymous_args = 0
 4539              		@ link register save eliminated.
3971:Middlewares/Third_Party/FreeRTOS/Source/tasks.c **** 
 4540              		.loc 1 3971 2 view .LVU1250
3976:Middlewares/Third_Party/FreeRTOS/Source/tasks.c **** 
 4541              		.loc 1 3976 3 view .LVU1251
3976:Middlewares/Third_Party/FreeRTOS/Source/tasks.c **** 
 4542              		.loc 1 3976 11 is_stmt 0 view .LVU1252
 4543 0000 014B     		ldr	r3, .L347
 4544 0002 1868     		ldr	r0, [r3]
 4545              	.LVL319:
3978:Middlewares/Third_Party/FreeRTOS/Source/tasks.c **** 	}
 4546              		.loc 1 3978 3 is_stmt 1 view .LVU1253
3979:Middlewares/Third_Party/FreeRTOS/Source/tasks.c **** 
 4547              		.loc 1 3979 2 is_stmt 0 view .LVU1254
 4548 0004 7047     		bx	lr
 4549              	.L348:
 4550 0006 00BF     		.align	2
 4551              	.L347:
 4552 0008 00000000 		.word	.LANCHOR10
 4553              		.cfi_endproc
 4554              	.LFE42:
 4556              		.section	.text.xTaskGetSchedulerState,"ax",%progbits
ARM GAS  /tmp/ccoDOEnO.s 			page 197


 4557              		.align	1
 4558              		.global	xTaskGetSchedulerState
 4559              		.syntax unified
 4560              		.thumb
 4561              		.thumb_func
 4563              	xTaskGetSchedulerState:
 4564              	.LFB43:
3987:Middlewares/Third_Party/FreeRTOS/Source/tasks.c **** 	BaseType_t xReturn;
 4565              		.loc 1 3987 2 is_stmt 1 view -0
 4566              		.cfi_startproc
 4567              		@ args = 0, pretend = 0, frame = 0
 4568              		@ frame_needed = 0, uses_anonymous_args = 0
 4569              		@ link register save eliminated.
3988:Middlewares/Third_Party/FreeRTOS/Source/tasks.c **** 
 4570              		.loc 1 3988 2 view .LVU1256
3990:Middlewares/Third_Party/FreeRTOS/Source/tasks.c **** 		{
 4571              		.loc 1 3990 3 view .LVU1257
3990:Middlewares/Third_Party/FreeRTOS/Source/tasks.c **** 		{
 4572              		.loc 1 3990 25 is_stmt 0 view .LVU1258
 4573 0000 054B     		ldr	r3, .L354
 4574 0002 1B68     		ldr	r3, [r3]
3990:Middlewares/Third_Party/FreeRTOS/Source/tasks.c **** 		{
 4575              		.loc 1 3990 5 view .LVU1259
 4576 0004 33B1     		cbz	r3, .L351
3996:Middlewares/Third_Party/FreeRTOS/Source/tasks.c **** 			{
 4577              		.loc 1 3996 4 is_stmt 1 view .LVU1260
3996:Middlewares/Third_Party/FreeRTOS/Source/tasks.c **** 			{
 4578              		.loc 1 3996 29 is_stmt 0 view .LVU1261
 4579 0006 054B     		ldr	r3, .L354+4
 4580 0008 1B68     		ldr	r3, [r3]
3996:Middlewares/Third_Party/FreeRTOS/Source/tasks.c **** 			{
 4581              		.loc 1 3996 6 view .LVU1262
 4582 000a 0BB1     		cbz	r3, .L353
4002:Middlewares/Third_Party/FreeRTOS/Source/tasks.c **** 			}
 4583              		.loc 1 4002 13 view .LVU1263
 4584 000c 0020     		movs	r0, #0
 4585              	.LVL320:
4006:Middlewares/Third_Party/FreeRTOS/Source/tasks.c **** 	}
 4586              		.loc 1 4006 3 is_stmt 1 view .LVU1264
4007:Middlewares/Third_Party/FreeRTOS/Source/tasks.c **** 
 4587              		.loc 1 4007 2 is_stmt 0 view .LVU1265
 4588 000e 7047     		bx	lr
 4589              	.LVL321:
 4590              	.L353:
3998:Middlewares/Third_Party/FreeRTOS/Source/tasks.c **** 			}
 4591              		.loc 1 3998 13 view .LVU1266
 4592 0010 0220     		movs	r0, #2
 4593 0012 7047     		bx	lr
 4594              	.L351:
3992:Middlewares/Third_Party/FreeRTOS/Source/tasks.c **** 		}
 4595              		.loc 1 3992 12 view .LVU1267
 4596 0014 0120     		movs	r0, #1
 4597 0016 7047     		bx	lr
 4598              	.L355:
 4599              		.align	2
 4600              	.L354:
 4601 0018 00000000 		.word	.LANCHOR11
ARM GAS  /tmp/ccoDOEnO.s 			page 198


 4602 001c 00000000 		.word	.LANCHOR16
 4603              		.cfi_endproc
 4604              	.LFE43:
 4606              		.section	.text.xTaskPriorityInherit,"ax",%progbits
 4607              		.align	1
 4608              		.global	xTaskPriorityInherit
 4609              		.syntax unified
 4610              		.thumb
 4611              		.thumb_func
 4613              	xTaskPriorityInherit:
 4614              	.LVL322:
 4615              	.LFB44:
4015:Middlewares/Third_Party/FreeRTOS/Source/tasks.c **** 	TCB_t * const pxMutexHolderTCB = pxMutexHolder;
 4616              		.loc 1 4015 2 is_stmt 1 view -0
 4617              		.cfi_startproc
 4618              		@ args = 0, pretend = 0, frame = 0
 4619              		@ frame_needed = 0, uses_anonymous_args = 0
4016:Middlewares/Third_Party/FreeRTOS/Source/tasks.c **** 	BaseType_t xReturn = pdFALSE;
 4620              		.loc 1 4016 2 view .LVU1269
4017:Middlewares/Third_Party/FreeRTOS/Source/tasks.c **** 
 4621              		.loc 1 4017 2 view .LVU1270
4022:Middlewares/Third_Party/FreeRTOS/Source/tasks.c **** 		{
 4622              		.loc 1 4022 3 view .LVU1271
4022:Middlewares/Third_Party/FreeRTOS/Source/tasks.c **** 		{
 4623              		.loc 1 4022 5 is_stmt 0 view .LVU1272
 4624 0000 0028     		cmp	r0, #0
 4625 0002 49D0     		beq	.L362
4015:Middlewares/Third_Party/FreeRTOS/Source/tasks.c **** 	TCB_t * const pxMutexHolderTCB = pxMutexHolder;
 4626              		.loc 1 4015 2 view .LVU1273
 4627 0004 38B5     		push	{r3, r4, r5, lr}
 4628              	.LCFI43:
 4629              		.cfi_def_cfa_offset 16
 4630              		.cfi_offset 3, -16
 4631              		.cfi_offset 4, -12
 4632              		.cfi_offset 5, -8
 4633              		.cfi_offset 14, -4
 4634 0006 0446     		mov	r4, r0
4027:Middlewares/Third_Party/FreeRTOS/Source/tasks.c **** 			{
 4635              		.loc 1 4027 4 is_stmt 1 view .LVU1274
4027:Middlewares/Third_Party/FreeRTOS/Source/tasks.c **** 			{
 4636              		.loc 1 4027 24 is_stmt 0 view .LVU1275
 4637 0008 C36A     		ldr	r3, [r0, #44]
4027:Middlewares/Third_Party/FreeRTOS/Source/tasks.c **** 			{
 4638              		.loc 1 4027 51 view .LVU1276
 4639 000a 254A     		ldr	r2, .L369
 4640 000c 1268     		ldr	r2, [r2]
 4641 000e D26A     		ldr	r2, [r2, #44]
4027:Middlewares/Third_Party/FreeRTOS/Source/tasks.c **** 			{
 4642              		.loc 1 4027 6 view .LVU1277
 4643 0010 9342     		cmp	r3, r2
 4644 0012 39D2     		bcs	.L358
4032:Middlewares/Third_Party/FreeRTOS/Source/tasks.c **** 				{
 4645              		.loc 1 4032 5 is_stmt 1 view .LVU1278
4032:Middlewares/Third_Party/FreeRTOS/Source/tasks.c **** 				{
 4646              		.loc 1 4032 11 is_stmt 0 view .LVU1279
 4647 0014 8269     		ldr	r2, [r0, #24]
4032:Middlewares/Third_Party/FreeRTOS/Source/tasks.c **** 				{
ARM GAS  /tmp/ccoDOEnO.s 			page 199


 4648              		.loc 1 4032 7 view .LVU1280
 4649 0016 002A     		cmp	r2, #0
 4650 0018 05DB     		blt	.L359
4034:Middlewares/Third_Party/FreeRTOS/Source/tasks.c **** 				}
 4651              		.loc 1 4034 6 is_stmt 1 view .LVU1281
 4652 001a 214A     		ldr	r2, .L369
 4653 001c 1268     		ldr	r2, [r2]
 4654 001e D26A     		ldr	r2, [r2, #44]
 4655 0020 C2F10502 		rsb	r2, r2, #5
 4656 0024 8261     		str	r2, [r0, #24]
 4657              	.L359:
4038:Middlewares/Third_Party/FreeRTOS/Source/tasks.c **** 				}
 4658              		.loc 1 4038 30 view .LVU1282
4043:Middlewares/Third_Party/FreeRTOS/Source/tasks.c **** 				{
 4659              		.loc 1 4043 5 view .LVU1283
4043:Middlewares/Third_Party/FreeRTOS/Source/tasks.c **** 				{
 4660              		.loc 1 4043 9 is_stmt 0 view .LVU1284
 4661 0026 6169     		ldr	r1, [r4, #20]
 4662 0028 03EB8303 		add	r3, r3, r3, lsl #2
 4663 002c 1D4A     		ldr	r2, .L369+4
 4664 002e 02EB8303 		add	r3, r2, r3, lsl #2
4043:Middlewares/Third_Party/FreeRTOS/Source/tasks.c **** 				{
 4665              		.loc 1 4043 7 view .LVU1285
 4666 0032 9942     		cmp	r1, r3
 4667 0034 05D0     		beq	.L368
4064:Middlewares/Third_Party/FreeRTOS/Source/tasks.c **** 				}
 4668              		.loc 1 4064 6 is_stmt 1 view .LVU1286
4064:Middlewares/Third_Party/FreeRTOS/Source/tasks.c **** 				}
 4669              		.loc 1 4064 49 is_stmt 0 view .LVU1287
 4670 0036 1A4B     		ldr	r3, .L369
 4671 0038 1B68     		ldr	r3, [r3]
 4672 003a DB6A     		ldr	r3, [r3, #44]
4064:Middlewares/Third_Party/FreeRTOS/Source/tasks.c **** 				}
 4673              		.loc 1 4064 35 view .LVU1288
 4674 003c E362     		str	r3, [r4, #44]
4070:Middlewares/Third_Party/FreeRTOS/Source/tasks.c **** 			}
 4675              		.loc 1 4070 13 view .LVU1289
 4676 003e 0120     		movs	r0, #1
 4677              	.LVL323:
 4678              	.L356:
4097:Middlewares/Third_Party/FreeRTOS/Source/tasks.c **** 
 4679              		.loc 1 4097 2 view .LVU1290
 4680 0040 38BD     		pop	{r3, r4, r5, pc}
 4681              	.LVL324:
 4682              	.L368:
4045:Middlewares/Third_Party/FreeRTOS/Source/tasks.c **** 					{
 4683              		.loc 1 4045 6 is_stmt 1 view .LVU1291
4045:Middlewares/Third_Party/FreeRTOS/Source/tasks.c **** 					{
 4684              		.loc 1 4045 10 is_stmt 0 view .LVU1292
 4685 0042 251D     		adds	r5, r4, #4
 4686 0044 2846     		mov	r0, r5
 4687              	.LVL325:
4045:Middlewares/Third_Party/FreeRTOS/Source/tasks.c **** 					{
 4688              		.loc 1 4045 10 view .LVU1293
 4689 0046 FFF7FEFF 		bl	uxListRemove
 4690              	.LVL326:
4045:Middlewares/Third_Party/FreeRTOS/Source/tasks.c **** 					{
ARM GAS  /tmp/ccoDOEnO.s 			page 200


 4691              		.loc 1 4045 8 view .LVU1294
 4692 004a 40B9     		cbnz	r0, .L361
4050:Middlewares/Third_Party/FreeRTOS/Source/tasks.c **** 					}
 4693              		.loc 1 4050 7 is_stmt 1 view .LVU1295
 4694 004c E26A     		ldr	r2, [r4, #44]
 4695 004e 0123     		movs	r3, #1
 4696 0050 03FA02F2 		lsl	r2, r3, r2
 4697 0054 1449     		ldr	r1, .L369+8
 4698 0056 0B68     		ldr	r3, [r1]
 4699 0058 23EA0203 		bic	r3, r3, r2
 4700 005c 0B60     		str	r3, [r1]
 4701              	.L361:
4054:Middlewares/Third_Party/FreeRTOS/Source/tasks.c **** 					}
 4702              		.loc 1 4054 31 view .LVU1296
4058:Middlewares/Third_Party/FreeRTOS/Source/tasks.c **** 					prvAddTaskToReadyList( pxMutexHolderTCB );
 4703              		.loc 1 4058 6 view .LVU1297
4058:Middlewares/Third_Party/FreeRTOS/Source/tasks.c **** 					prvAddTaskToReadyList( pxMutexHolderTCB );
 4704              		.loc 1 4058 49 is_stmt 0 view .LVU1298
 4705 005e 104B     		ldr	r3, .L369
 4706 0060 1B68     		ldr	r3, [r3]
 4707 0062 D86A     		ldr	r0, [r3, #44]
4058:Middlewares/Third_Party/FreeRTOS/Source/tasks.c **** 					prvAddTaskToReadyList( pxMutexHolderTCB );
 4708              		.loc 1 4058 35 view .LVU1299
 4709 0064 E062     		str	r0, [r4, #44]
4059:Middlewares/Third_Party/FreeRTOS/Source/tasks.c **** 				}
 4710              		.loc 1 4059 6 is_stmt 1 view .LVU1300
4059:Middlewares/Third_Party/FreeRTOS/Source/tasks.c **** 				}
 4711              		.loc 1 4059 6 view .LVU1301
 4712 0066 0124     		movs	r4, #1
 4713              	.LVL327:
4059:Middlewares/Third_Party/FreeRTOS/Source/tasks.c **** 				}
 4714              		.loc 1 4059 6 is_stmt 0 view .LVU1302
 4715 0068 04FA00F3 		lsl	r3, r4, r0
 4716 006c 0E4A     		ldr	r2, .L369+8
 4717 006e 1168     		ldr	r1, [r2]
 4718 0070 0B43     		orrs	r3, r3, r1
 4719 0072 1360     		str	r3, [r2]
4059:Middlewares/Third_Party/FreeRTOS/Source/tasks.c **** 				}
 4720              		.loc 1 4059 6 is_stmt 1 view .LVU1303
 4721 0074 00EB8000 		add	r0, r0, r0, lsl #2
 4722 0078 2946     		mov	r1, r5
 4723 007a 0A4B     		ldr	r3, .L369+4
 4724 007c 03EB8000 		add	r0, r3, r0, lsl #2
 4725 0080 FFF7FEFF 		bl	vListInsertEnd
 4726              	.LVL328:
4059:Middlewares/Third_Party/FreeRTOS/Source/tasks.c **** 				}
 4727              		.loc 1 4059 47 view .LVU1304
4070:Middlewares/Third_Party/FreeRTOS/Source/tasks.c **** 			}
 4728              		.loc 1 4070 13 is_stmt 0 view .LVU1305
 4729 0084 2046     		mov	r0, r4
 4730 0086 DBE7     		b	.L356
 4731              	.LVL329:
 4732              	.L358:
4074:Middlewares/Third_Party/FreeRTOS/Source/tasks.c **** 				{
 4733              		.loc 1 4074 5 is_stmt 1 view .LVU1306
4074:Middlewares/Third_Party/FreeRTOS/Source/tasks.c **** 				{
 4734              		.loc 1 4074 25 is_stmt 0 view .LVU1307
ARM GAS  /tmp/ccoDOEnO.s 			page 201


 4735 0088 426C     		ldr	r2, [r0, #68]
4074:Middlewares/Third_Party/FreeRTOS/Source/tasks.c **** 				{
 4736              		.loc 1 4074 56 view .LVU1308
 4737 008a 054B     		ldr	r3, .L369
 4738 008c 1B68     		ldr	r3, [r3]
 4739 008e DB6A     		ldr	r3, [r3, #44]
4074:Middlewares/Third_Party/FreeRTOS/Source/tasks.c **** 				{
 4740              		.loc 1 4074 7 view .LVU1309
 4741 0090 9A42     		cmp	r2, r3
 4742 0092 03D3     		bcc	.L363
4017:Middlewares/Third_Party/FreeRTOS/Source/tasks.c **** 
 4743              		.loc 1 4017 13 view .LVU1310
 4744 0094 0020     		movs	r0, #0
 4745              	.LVL330:
4017:Middlewares/Third_Party/FreeRTOS/Source/tasks.c **** 
 4746              		.loc 1 4017 13 view .LVU1311
 4747 0096 D3E7     		b	.L356
 4748              	.LVL331:
 4749              	.L362:
 4750              	.LCFI44:
 4751              		.cfi_def_cfa_offset 0
 4752              		.cfi_restore 3
 4753              		.cfi_restore 4
 4754              		.cfi_restore 5
 4755              		.cfi_restore 14
4017:Middlewares/Third_Party/FreeRTOS/Source/tasks.c **** 
 4756              		.loc 1 4017 13 view .LVU1312
 4757 0098 0020     		movs	r0, #0
 4758              	.LVL332:
4097:Middlewares/Third_Party/FreeRTOS/Source/tasks.c **** 
 4759              		.loc 1 4097 2 view .LVU1313
 4760 009a 7047     		bx	lr
 4761              	.LVL333:
 4762              	.L363:
 4763              	.LCFI45:
 4764              		.cfi_def_cfa_offset 16
 4765              		.cfi_offset 3, -16
 4766              		.cfi_offset 4, -12
 4767              		.cfi_offset 5, -8
 4768              		.cfi_offset 14, -4
4083:Middlewares/Third_Party/FreeRTOS/Source/tasks.c **** 				}
 4769              		.loc 1 4083 14 view .LVU1314
 4770 009c 0120     		movs	r0, #1
 4771              	.LVL334:
4093:Middlewares/Third_Party/FreeRTOS/Source/tasks.c **** 		}
 4772              		.loc 1 4093 28 is_stmt 1 view .LVU1315
4096:Middlewares/Third_Party/FreeRTOS/Source/tasks.c **** 	}
 4773              		.loc 1 4096 3 view .LVU1316
4096:Middlewares/Third_Party/FreeRTOS/Source/tasks.c **** 	}
 4774              		.loc 1 4096 10 is_stmt 0 view .LVU1317
 4775 009e CFE7     		b	.L356
 4776              	.L370:
 4777              		.align	2
 4778              	.L369:
 4779 00a0 00000000 		.word	.LANCHOR10
 4780 00a4 00000000 		.word	.LANCHOR4
 4781 00a8 00000000 		.word	.LANCHOR13
ARM GAS  /tmp/ccoDOEnO.s 			page 202


 4782              		.cfi_endproc
 4783              	.LFE44:
 4785              		.section	.text.xTaskPriorityDisinherit,"ax",%progbits
 4786              		.align	1
 4787              		.global	xTaskPriorityDisinherit
 4788              		.syntax unified
 4789              		.thumb
 4790              		.thumb_func
 4792              	xTaskPriorityDisinherit:
 4793              	.LVL335:
 4794              	.LFB45:
4105:Middlewares/Third_Party/FreeRTOS/Source/tasks.c **** 	TCB_t * const pxTCB = pxMutexHolder;
 4795              		.loc 1 4105 2 is_stmt 1 view -0
 4796              		.cfi_startproc
 4797              		@ args = 0, pretend = 0, frame = 0
 4798              		@ frame_needed = 0, uses_anonymous_args = 0
4106:Middlewares/Third_Party/FreeRTOS/Source/tasks.c **** 	BaseType_t xReturn = pdFALSE;
 4799              		.loc 1 4106 2 view .LVU1319
4107:Middlewares/Third_Party/FreeRTOS/Source/tasks.c **** 
 4800              		.loc 1 4107 2 view .LVU1320
4109:Middlewares/Third_Party/FreeRTOS/Source/tasks.c **** 		{
 4801              		.loc 1 4109 3 view .LVU1321
4109:Middlewares/Third_Party/FreeRTOS/Source/tasks.c **** 		{
 4802              		.loc 1 4109 5 is_stmt 0 view .LVU1322
 4803 0000 0028     		cmp	r0, #0
 4804 0002 4CD0     		beq	.L378
4105:Middlewares/Third_Party/FreeRTOS/Source/tasks.c **** 	TCB_t * const pxTCB = pxMutexHolder;
 4805              		.loc 1 4105 2 view .LVU1323
 4806 0004 38B5     		push	{r3, r4, r5, lr}
 4807              	.LCFI46:
 4808              		.cfi_def_cfa_offset 16
 4809              		.cfi_offset 3, -16
 4810              		.cfi_offset 4, -12
 4811              		.cfi_offset 5, -8
 4812              		.cfi_offset 14, -4
 4813 0006 0446     		mov	r4, r0
4115:Middlewares/Third_Party/FreeRTOS/Source/tasks.c **** 			configASSERT( pxTCB->uxMutexesHeld );
 4814              		.loc 1 4115 4 is_stmt 1 view .LVU1324
 4815 0008 274B     		ldr	r3, .L386
 4816 000a 1B68     		ldr	r3, [r3]
 4817 000c 8342     		cmp	r3, r0
 4818 000e 08D0     		beq	.L373
4115:Middlewares/Third_Party/FreeRTOS/Source/tasks.c **** 			configASSERT( pxTCB->uxMutexesHeld );
 4819              		.loc 1 4115 4 view .LVU1325
 4820              	.LBB195:
 4821              	.LBI195:
 193:Middlewares/Third_Party/FreeRTOS/Source/portable/GCC/ARM_CM3/portmacro.h **** {
 4822              		.loc 2 193 30 view .LVU1326
 4823              	.LBB196:
 195:Middlewares/Third_Party/FreeRTOS/Source/portable/GCC/ARM_CM3/portmacro.h **** 
 4824              		.loc 2 195 1 view .LVU1327
 197:Middlewares/Third_Party/FreeRTOS/Source/portable/GCC/ARM_CM3/portmacro.h **** 	(
 4825              		.loc 2 197 2 view .LVU1328
 4826              		.syntax unified
 4827              	@ 197 "Middlewares/Third_Party/FreeRTOS/Source/portable/GCC/ARM_CM3/portmacro.h" 1
 4828 0010 4FF05003 			mov r3, #80												
 4829 0014 83F31188 		msr basepri, r3											
ARM GAS  /tmp/ccoDOEnO.s 			page 203


 4830 0018 BFF36F8F 		isb														
 4831 001c BFF34F8F 		dsb														
 4832              	
 4833              	@ 0 "" 2
 4834              	.LVL336:
 4835              		.thumb
 4836              		.syntax unified
 4837              	.L374:
 197:Middlewares/Third_Party/FreeRTOS/Source/portable/GCC/ARM_CM3/portmacro.h **** 	(
 4838              		.loc 2 197 2 is_stmt 0 view .LVU1329
 4839              	.LBE196:
 4840              	.LBE195:
4115:Middlewares/Third_Party/FreeRTOS/Source/tasks.c **** 			configASSERT( pxTCB->uxMutexesHeld );
 4841              		.loc 1 4115 4 is_stmt 1 discriminator 1 view .LVU1330
4115:Middlewares/Third_Party/FreeRTOS/Source/tasks.c **** 			configASSERT( pxTCB->uxMutexesHeld );
 4842              		.loc 1 4115 4 discriminator 1 view .LVU1331
4115:Middlewares/Third_Party/FreeRTOS/Source/tasks.c **** 			configASSERT( pxTCB->uxMutexesHeld );
 4843              		.loc 1 4115 4 discriminator 1 view .LVU1332
 4844 0020 FEE7     		b	.L374
 4845              	.L373:
4115:Middlewares/Third_Party/FreeRTOS/Source/tasks.c **** 			configASSERT( pxTCB->uxMutexesHeld );
 4846              		.loc 1 4115 41 discriminator 2 view .LVU1333
4116:Middlewares/Third_Party/FreeRTOS/Source/tasks.c **** 			( pxTCB->uxMutexesHeld )--;
 4847              		.loc 1 4116 4 discriminator 2 view .LVU1334
 4848 0022 836C     		ldr	r3, [r0, #72]
 4849 0024 43B9     		cbnz	r3, .L375
4116:Middlewares/Third_Party/FreeRTOS/Source/tasks.c **** 			( pxTCB->uxMutexesHeld )--;
 4850              		.loc 1 4116 4 view .LVU1335
 4851              	.LBB197:
 4852              	.LBI197:
 193:Middlewares/Third_Party/FreeRTOS/Source/portable/GCC/ARM_CM3/portmacro.h **** {
 4853              		.loc 2 193 30 view .LVU1336
 4854              	.LBB198:
 195:Middlewares/Third_Party/FreeRTOS/Source/portable/GCC/ARM_CM3/portmacro.h **** 
 4855              		.loc 2 195 1 view .LVU1337
 197:Middlewares/Third_Party/FreeRTOS/Source/portable/GCC/ARM_CM3/portmacro.h **** 	(
 4856              		.loc 2 197 2 view .LVU1338
 4857              		.syntax unified
 4858              	@ 197 "Middlewares/Third_Party/FreeRTOS/Source/portable/GCC/ARM_CM3/portmacro.h" 1
 4859 0026 4FF05003 			mov r3, #80												
 4860 002a 83F31188 		msr basepri, r3											
 4861 002e BFF36F8F 		isb														
 4862 0032 BFF34F8F 		dsb														
 4863              	
 4864              	@ 0 "" 2
 4865              	.LVL337:
 4866              		.thumb
 4867              		.syntax unified
 4868              	.L376:
 197:Middlewares/Third_Party/FreeRTOS/Source/portable/GCC/ARM_CM3/portmacro.h **** 	(
 4869              		.loc 2 197 2 is_stmt 0 view .LVU1339
 4870              	.LBE198:
 4871              	.LBE197:
4116:Middlewares/Third_Party/FreeRTOS/Source/tasks.c **** 			( pxTCB->uxMutexesHeld )--;
 4872              		.loc 1 4116 4 is_stmt 1 discriminator 2 view .LVU1340
4116:Middlewares/Third_Party/FreeRTOS/Source/tasks.c **** 			( pxTCB->uxMutexesHeld )--;
 4873              		.loc 1 4116 4 discriminator 2 view .LVU1341
ARM GAS  /tmp/ccoDOEnO.s 			page 204


4116:Middlewares/Third_Party/FreeRTOS/Source/tasks.c **** 			( pxTCB->uxMutexesHeld )--;
 4874              		.loc 1 4116 4 discriminator 2 view .LVU1342
 4875 0036 FEE7     		b	.L376
 4876              	.L375:
4116:Middlewares/Third_Party/FreeRTOS/Source/tasks.c **** 			( pxTCB->uxMutexesHeld )--;
 4877              		.loc 1 4116 40 discriminator 2 view .LVU1343
4117:Middlewares/Third_Party/FreeRTOS/Source/tasks.c **** 
 4878              		.loc 1 4117 4 discriminator 2 view .LVU1344
4117:Middlewares/Third_Party/FreeRTOS/Source/tasks.c **** 
 4879              		.loc 1 4117 28 is_stmt 0 discriminator 2 view .LVU1345
 4880 0038 013B     		subs	r3, r3, #1
 4881 003a 8364     		str	r3, [r0, #72]
4121:Middlewares/Third_Party/FreeRTOS/Source/tasks.c **** 			{
 4882              		.loc 1 4121 4 is_stmt 1 discriminator 2 view .LVU1346
4121:Middlewares/Third_Party/FreeRTOS/Source/tasks.c **** 			{
 4883              		.loc 1 4121 13 is_stmt 0 discriminator 2 view .LVU1347
 4884 003c C16A     		ldr	r1, [r0, #44]
4121:Middlewares/Third_Party/FreeRTOS/Source/tasks.c **** 			{
 4885              		.loc 1 4121 34 discriminator 2 view .LVU1348
 4886 003e 426C     		ldr	r2, [r0, #68]
4121:Middlewares/Third_Party/FreeRTOS/Source/tasks.c **** 			{
 4887              		.loc 1 4121 6 discriminator 2 view .LVU1349
 4888 0040 9142     		cmp	r1, r2
 4889 0042 2ED0     		beq	.L379
4124:Middlewares/Third_Party/FreeRTOS/Source/tasks.c **** 				{
 4890              		.loc 1 4124 5 is_stmt 1 view .LVU1350
4124:Middlewares/Third_Party/FreeRTOS/Source/tasks.c **** 				{
 4891              		.loc 1 4124 7 is_stmt 0 view .LVU1351
 4892 0044 0BB1     		cbz	r3, .L385
4107:Middlewares/Third_Party/FreeRTOS/Source/tasks.c **** 
 4893              		.loc 1 4107 13 view .LVU1352
 4894 0046 0020     		movs	r0, #0
 4895              	.LVL338:
4173:Middlewares/Third_Party/FreeRTOS/Source/tasks.c **** 		}
 4896              		.loc 1 4173 28 is_stmt 1 view .LVU1353
4176:Middlewares/Third_Party/FreeRTOS/Source/tasks.c **** 	}
 4897              		.loc 1 4176 3 view .LVU1354
 4898              	.L371:
4177:Middlewares/Third_Party/FreeRTOS/Source/tasks.c **** 
 4899              		.loc 1 4177 2 is_stmt 0 view .LVU1355
 4900 0048 38BD     		pop	{r3, r4, r5, pc}
 4901              	.LVL339:
 4902              	.L385:
4131:Middlewares/Third_Party/FreeRTOS/Source/tasks.c **** 					{
 4903              		.loc 1 4131 6 is_stmt 1 view .LVU1356
4131:Middlewares/Third_Party/FreeRTOS/Source/tasks.c **** 					{
 4904              		.loc 1 4131 10 is_stmt 0 view .LVU1357
 4905 004a 051D     		adds	r5, r0, #4
 4906 004c 2846     		mov	r0, r5
 4907              	.LVL340:
4131:Middlewares/Third_Party/FreeRTOS/Source/tasks.c **** 					{
 4908              		.loc 1 4131 10 view .LVU1358
 4909 004e FFF7FEFF 		bl	uxListRemove
 4910              	.LVL341:
4131:Middlewares/Third_Party/FreeRTOS/Source/tasks.c **** 					{
 4911              		.loc 1 4131 8 view .LVU1359
 4912 0052 70B9     		cbnz	r0, .L377
ARM GAS  /tmp/ccoDOEnO.s 			page 205


4133:Middlewares/Third_Party/FreeRTOS/Source/tasks.c **** 					}
 4913              		.loc 1 4133 7 is_stmt 1 view .LVU1360
 4914 0054 E26A     		ldr	r2, [r4, #44]
 4915 0056 02EB8203 		add	r3, r2, r2, lsl #2
 4916 005a 9B00     		lsls	r3, r3, #2
 4917 005c 1349     		ldr	r1, .L386+4
 4918 005e CB58     		ldr	r3, [r1, r3]
 4919 0060 3BB9     		cbnz	r3, .L377
4133:Middlewares/Third_Party/FreeRTOS/Source/tasks.c **** 					}
 4920              		.loc 1 4133 7 discriminator 1 view .LVU1361
 4921 0062 0123     		movs	r3, #1
 4922 0064 03FA02F2 		lsl	r2, r3, r2
 4923 0068 1149     		ldr	r1, .L386+8
 4924 006a 0B68     		ldr	r3, [r1]
 4925 006c 23EA0203 		bic	r3, r3, r2
 4926 0070 0B60     		str	r3, [r1]
 4927              	.L377:
4137:Middlewares/Third_Party/FreeRTOS/Source/tasks.c **** 					}
 4928              		.loc 1 4137 31 view .LVU1362
4142:Middlewares/Third_Party/FreeRTOS/Source/tasks.c **** 					pxTCB->uxPriority = pxTCB->uxBasePriority;
 4929              		.loc 1 4142 67 view .LVU1363
4143:Middlewares/Third_Party/FreeRTOS/Source/tasks.c **** 
 4930              		.loc 1 4143 6 view .LVU1364
4143:Middlewares/Third_Party/FreeRTOS/Source/tasks.c **** 
 4931              		.loc 1 4143 31 is_stmt 0 view .LVU1365
 4932 0072 606C     		ldr	r0, [r4, #68]
4143:Middlewares/Third_Party/FreeRTOS/Source/tasks.c **** 
 4933              		.loc 1 4143 24 view .LVU1366
 4934 0074 E062     		str	r0, [r4, #44]
4148:Middlewares/Third_Party/FreeRTOS/Source/tasks.c **** 					prvAddTaskToReadyList( pxTCB );
 4935              		.loc 1 4148 6 is_stmt 1 view .LVU1367
 4936 0076 C0F10503 		rsb	r3, r0, #5
 4937 007a A361     		str	r3, [r4, #24]
4149:Middlewares/Third_Party/FreeRTOS/Source/tasks.c **** 
 4938              		.loc 1 4149 6 view .LVU1368
4149:Middlewares/Third_Party/FreeRTOS/Source/tasks.c **** 
 4939              		.loc 1 4149 6 view .LVU1369
 4940 007c 0124     		movs	r4, #1
 4941              	.LVL342:
4149:Middlewares/Third_Party/FreeRTOS/Source/tasks.c **** 
 4942              		.loc 1 4149 6 is_stmt 0 view .LVU1370
 4943 007e 04FA00F3 		lsl	r3, r4, r0
 4944 0082 0B4A     		ldr	r2, .L386+8
 4945 0084 1168     		ldr	r1, [r2]
 4946 0086 0B43     		orrs	r3, r3, r1
 4947 0088 1360     		str	r3, [r2]
4149:Middlewares/Third_Party/FreeRTOS/Source/tasks.c **** 
 4948              		.loc 1 4149 6 is_stmt 1 view .LVU1371
 4949 008a 00EB8000 		add	r0, r0, r0, lsl #2
 4950 008e 2946     		mov	r1, r5
 4951 0090 064B     		ldr	r3, .L386+4
 4952 0092 03EB8000 		add	r0, r3, r0, lsl #2
 4953 0096 FFF7FEFF 		bl	vListInsertEnd
 4954              	.LVL343:
4149:Middlewares/Third_Party/FreeRTOS/Source/tasks.c **** 
 4955              		.loc 1 4149 36 view .LVU1372
4159:Middlewares/Third_Party/FreeRTOS/Source/tasks.c **** 				}
ARM GAS  /tmp/ccoDOEnO.s 			page 206


 4956              		.loc 1 4159 6 view .LVU1373
4159:Middlewares/Third_Party/FreeRTOS/Source/tasks.c **** 				}
 4957              		.loc 1 4159 14 is_stmt 0 view .LVU1374
 4958 009a 2046     		mov	r0, r4
 4959 009c D4E7     		b	.L371
 4960              	.LVL344:
 4961              	.L378:
 4962              	.LCFI47:
 4963              		.cfi_def_cfa_offset 0
 4964              		.cfi_restore 3
 4965              		.cfi_restore 4
 4966              		.cfi_restore 5
 4967              		.cfi_restore 14
4107:Middlewares/Third_Party/FreeRTOS/Source/tasks.c **** 
 4968              		.loc 1 4107 13 view .LVU1375
 4969 009e 0020     		movs	r0, #0
 4970              	.LVL345:
4177:Middlewares/Third_Party/FreeRTOS/Source/tasks.c **** 
 4971              		.loc 1 4177 2 view .LVU1376
 4972 00a0 7047     		bx	lr
 4973              	.LVL346:
 4974              	.L379:
 4975              	.LCFI48:
 4976              		.cfi_def_cfa_offset 16
 4977              		.cfi_offset 3, -16
 4978              		.cfi_offset 4, -12
 4979              		.cfi_offset 5, -8
 4980              		.cfi_offset 14, -4
4107:Middlewares/Third_Party/FreeRTOS/Source/tasks.c **** 
 4981              		.loc 1 4107 13 view .LVU1377
 4982 00a2 0020     		movs	r0, #0
 4983              	.LVL347:
4107:Middlewares/Third_Party/FreeRTOS/Source/tasks.c **** 
 4984              		.loc 1 4107 13 view .LVU1378
 4985 00a4 D0E7     		b	.L371
 4986              	.L387:
 4987 00a6 00BF     		.align	2
 4988              	.L386:
 4989 00a8 00000000 		.word	.LANCHOR10
 4990 00ac 00000000 		.word	.LANCHOR4
 4991 00b0 00000000 		.word	.LANCHOR13
 4992              		.cfi_endproc
 4993              	.LFE45:
 4995              		.section	.text.vTaskPriorityDisinheritAfterTimeout,"ax",%progbits
 4996              		.align	1
 4997              		.global	vTaskPriorityDisinheritAfterTimeout
 4998              		.syntax unified
 4999              		.thumb
 5000              		.thumb_func
 5002              	vTaskPriorityDisinheritAfterTimeout:
 5003              	.LVL348:
 5004              	.LFB46:
4185:Middlewares/Third_Party/FreeRTOS/Source/tasks.c **** 	TCB_t * const pxTCB = pxMutexHolder;
 5005              		.loc 1 4185 2 is_stmt 1 view -0
 5006              		.cfi_startproc
 5007              		@ args = 0, pretend = 0, frame = 0
 5008              		@ frame_needed = 0, uses_anonymous_args = 0
ARM GAS  /tmp/ccoDOEnO.s 			page 207


4186:Middlewares/Third_Party/FreeRTOS/Source/tasks.c **** 	UBaseType_t uxPriorityUsedOnEntry, uxPriorityToUse;
 5009              		.loc 1 4186 2 view .LVU1380
4187:Middlewares/Third_Party/FreeRTOS/Source/tasks.c **** 	const UBaseType_t uxOnlyOneMutexHeld = ( UBaseType_t ) 1;
 5010              		.loc 1 4187 2 view .LVU1381
4188:Middlewares/Third_Party/FreeRTOS/Source/tasks.c **** 
 5011              		.loc 1 4188 2 view .LVU1382
4190:Middlewares/Third_Party/FreeRTOS/Source/tasks.c **** 		{
 5012              		.loc 1 4190 3 view .LVU1383
4190:Middlewares/Third_Party/FreeRTOS/Source/tasks.c **** 		{
 5013              		.loc 1 4190 5 is_stmt 0 view .LVU1384
 5014 0000 0028     		cmp	r0, #0
 5015 0002 50D0     		beq	.L398
4185:Middlewares/Third_Party/FreeRTOS/Source/tasks.c **** 	TCB_t * const pxTCB = pxMutexHolder;
 5016              		.loc 1 4185 2 view .LVU1385
 5017 0004 38B5     		push	{r3, r4, r5, lr}
 5018              	.LCFI49:
 5019              		.cfi_def_cfa_offset 16
 5020              		.cfi_offset 3, -16
 5021              		.cfi_offset 4, -12
 5022              		.cfi_offset 5, -8
 5023              		.cfi_offset 14, -4
 5024 0006 0446     		mov	r4, r0
4194:Middlewares/Third_Party/FreeRTOS/Source/tasks.c **** 
 5025              		.loc 1 4194 4 is_stmt 1 view .LVU1386
 5026 0008 836C     		ldr	r3, [r0, #72]
 5027 000a 43B9     		cbnz	r3, .L390
4194:Middlewares/Third_Party/FreeRTOS/Source/tasks.c **** 
 5028              		.loc 1 4194 4 view .LVU1387
 5029              	.LBB199:
 5030              	.LBI199:
 193:Middlewares/Third_Party/FreeRTOS/Source/portable/GCC/ARM_CM3/portmacro.h **** {
 5031              		.loc 2 193 30 view .LVU1388
 5032              	.LBB200:
 195:Middlewares/Third_Party/FreeRTOS/Source/portable/GCC/ARM_CM3/portmacro.h **** 
 5033              		.loc 2 195 1 view .LVU1389
 197:Middlewares/Third_Party/FreeRTOS/Source/portable/GCC/ARM_CM3/portmacro.h **** 	(
 5034              		.loc 2 197 2 view .LVU1390
 5035              		.syntax unified
 5036              	@ 197 "Middlewares/Third_Party/FreeRTOS/Source/portable/GCC/ARM_CM3/portmacro.h" 1
 5037 000c 4FF05003 			mov r3, #80												
 5038 0010 83F31188 		msr basepri, r3											
 5039 0014 BFF36F8F 		isb														
 5040 0018 BFF34F8F 		dsb														
 5041              	
 5042              	@ 0 "" 2
 5043              	.LVL349:
 5044              		.thumb
 5045              		.syntax unified
 5046              	.L391:
 197:Middlewares/Third_Party/FreeRTOS/Source/portable/GCC/ARM_CM3/portmacro.h **** 	(
 5047              		.loc 2 197 2 is_stmt 0 view .LVU1391
 5048              	.LBE200:
 5049              	.LBE199:
4194:Middlewares/Third_Party/FreeRTOS/Source/tasks.c **** 
 5050              		.loc 1 4194 4 is_stmt 1 discriminator 1 view .LVU1392
4194:Middlewares/Third_Party/FreeRTOS/Source/tasks.c **** 
 5051              		.loc 1 4194 4 discriminator 1 view .LVU1393
ARM GAS  /tmp/ccoDOEnO.s 			page 208


4194:Middlewares/Third_Party/FreeRTOS/Source/tasks.c **** 
 5052              		.loc 1 4194 4 discriminator 1 view .LVU1394
 5053 001c FEE7     		b	.L391
 5054              	.L390:
4194:Middlewares/Third_Party/FreeRTOS/Source/tasks.c **** 
 5055              		.loc 1 4194 40 discriminator 2 view .LVU1395
4200:Middlewares/Third_Party/FreeRTOS/Source/tasks.c **** 			{
 5056              		.loc 1 4200 4 discriminator 2 view .LVU1396
4200:Middlewares/Third_Party/FreeRTOS/Source/tasks.c **** 			{
 5057              		.loc 1 4200 13 is_stmt 0 discriminator 2 view .LVU1397
 5058 001e 426C     		ldr	r2, [r0, #68]
4200:Middlewares/Third_Party/FreeRTOS/Source/tasks.c **** 			{
 5059              		.loc 1 4200 6 discriminator 2 view .LVU1398
 5060 0020 8A42     		cmp	r2, r1
 5061 0022 00D2     		bcs	.L392
4202:Middlewares/Third_Party/FreeRTOS/Source/tasks.c **** 			}
 5062              		.loc 1 4202 21 view .LVU1399
 5063 0024 0A46     		mov	r2, r1
 5064              	.L392:
 5065              	.LVL350:
4210:Middlewares/Third_Party/FreeRTOS/Source/tasks.c **** 			{
 5066              		.loc 1 4210 4 is_stmt 1 view .LVU1400
4210:Middlewares/Third_Party/FreeRTOS/Source/tasks.c **** 			{
 5067              		.loc 1 4210 13 is_stmt 0 view .LVU1401
 5068 0026 E16A     		ldr	r1, [r4, #44]
 5069              	.LVL351:
4210:Middlewares/Third_Party/FreeRTOS/Source/tasks.c **** 			{
 5070              		.loc 1 4210 6 view .LVU1402
 5071 0028 9142     		cmp	r1, r2
 5072 002a 01D0     		beq	.L388
4216:Middlewares/Third_Party/FreeRTOS/Source/tasks.c **** 				{
 5073              		.loc 1 4216 5 is_stmt 1 view .LVU1403
4216:Middlewares/Third_Party/FreeRTOS/Source/tasks.c **** 				{
 5074              		.loc 1 4216 7 is_stmt 0 view .LVU1404
 5075 002c 012B     		cmp	r3, #1
 5076 002e 00D0     		beq	.L401
 5077              	.LVL352:
 5078              	.L388:
4282:Middlewares/Third_Party/FreeRTOS/Source/tasks.c **** 
 5079              		.loc 1 4282 2 view .LVU1405
 5080 0030 38BD     		pop	{r3, r4, r5, pc}
 5081              	.LVL353:
 5082              	.L401:
4221:Middlewares/Third_Party/FreeRTOS/Source/tasks.c **** 
 5083              		.loc 1 4221 6 is_stmt 1 view .LVU1406
 5084 0032 1D4B     		ldr	r3, .L403
 5085 0034 1B68     		ldr	r3, [r3]
 5086 0036 A342     		cmp	r3, r4
 5087 0038 2CD0     		beq	.L402
4221:Middlewares/Third_Party/FreeRTOS/Source/tasks.c **** 
 5088              		.loc 1 4221 43 discriminator 2 view .LVU1407
4226:Middlewares/Third_Party/FreeRTOS/Source/tasks.c **** 					uxPriorityUsedOnEntry = pxTCB->uxPriority;
 5089              		.loc 1 4226 67 discriminator 2 view .LVU1408
4227:Middlewares/Third_Party/FreeRTOS/Source/tasks.c **** 					pxTCB->uxPriority = uxPriorityToUse;
 5090              		.loc 1 4227 6 discriminator 2 view .LVU1409
 5091              	.LVL354:
4228:Middlewares/Third_Party/FreeRTOS/Source/tasks.c **** 
ARM GAS  /tmp/ccoDOEnO.s 			page 209


 5092              		.loc 1 4228 6 discriminator 2 view .LVU1410
4228:Middlewares/Third_Party/FreeRTOS/Source/tasks.c **** 
 5093              		.loc 1 4228 24 is_stmt 0 discriminator 2 view .LVU1411
 5094 003a E262     		str	r2, [r4, #44]
4232:Middlewares/Third_Party/FreeRTOS/Source/tasks.c **** 					{
 5095              		.loc 1 4232 6 is_stmt 1 discriminator 2 view .LVU1412
4232:Middlewares/Third_Party/FreeRTOS/Source/tasks.c **** 					{
 5096              		.loc 1 4232 12 is_stmt 0 discriminator 2 view .LVU1413
 5097 003c A369     		ldr	r3, [r4, #24]
4232:Middlewares/Third_Party/FreeRTOS/Source/tasks.c **** 					{
 5098              		.loc 1 4232 8 discriminator 2 view .LVU1414
 5099 003e 002B     		cmp	r3, #0
 5100 0040 02DB     		blt	.L395
4234:Middlewares/Third_Party/FreeRTOS/Source/tasks.c **** 					}
 5101              		.loc 1 4234 7 is_stmt 1 view .LVU1415
 5102 0042 C2F10502 		rsb	r2, r2, #5
 5103              	.LVL355:
4234:Middlewares/Third_Party/FreeRTOS/Source/tasks.c **** 					}
 5104              		.loc 1 4234 7 is_stmt 0 view .LVU1416
 5105 0046 A261     		str	r2, [r4, #24]
 5106              	.L395:
4238:Middlewares/Third_Party/FreeRTOS/Source/tasks.c **** 					}
 5107              		.loc 1 4238 31 is_stmt 1 view .LVU1417
4247:Middlewares/Third_Party/FreeRTOS/Source/tasks.c **** 					{
 5108              		.loc 1 4247 6 view .LVU1418
4247:Middlewares/Third_Party/FreeRTOS/Source/tasks.c **** 					{
 5109              		.loc 1 4247 10 is_stmt 0 view .LVU1419
 5110 0048 6269     		ldr	r2, [r4, #20]
 5111 004a 01EB8101 		add	r1, r1, r1, lsl #2
 5112              	.LVL356:
4247:Middlewares/Third_Party/FreeRTOS/Source/tasks.c **** 					{
 5113              		.loc 1 4247 10 view .LVU1420
 5114 004e 174B     		ldr	r3, .L403+4
 5115 0050 03EB8101 		add	r1, r3, r1, lsl #2
4247:Middlewares/Third_Party/FreeRTOS/Source/tasks.c **** 					{
 5116              		.loc 1 4247 8 view .LVU1421
 5117 0054 8A42     		cmp	r2, r1
 5118 0056 EBD1     		bne	.L388
4249:Middlewares/Third_Party/FreeRTOS/Source/tasks.c **** 						{
 5119              		.loc 1 4249 7 is_stmt 1 view .LVU1422
4249:Middlewares/Third_Party/FreeRTOS/Source/tasks.c **** 						{
 5120              		.loc 1 4249 11 is_stmt 0 view .LVU1423
 5121 0058 251D     		adds	r5, r4, #4
 5122 005a 2846     		mov	r0, r5
 5123              	.LVL357:
4249:Middlewares/Third_Party/FreeRTOS/Source/tasks.c **** 						{
 5124              		.loc 1 4249 11 view .LVU1424
 5125 005c FFF7FEFF 		bl	uxListRemove
 5126              	.LVL358:
4249:Middlewares/Third_Party/FreeRTOS/Source/tasks.c **** 						{
 5127              		.loc 1 4249 9 view .LVU1425
 5128 0060 40B9     		cbnz	r0, .L396
4254:Middlewares/Third_Party/FreeRTOS/Source/tasks.c **** 						}
 5129              		.loc 1 4254 8 is_stmt 1 view .LVU1426
 5130 0062 E26A     		ldr	r2, [r4, #44]
 5131 0064 0123     		movs	r3, #1
 5132 0066 03FA02F2 		lsl	r2, r3, r2
ARM GAS  /tmp/ccoDOEnO.s 			page 210


 5133 006a 1149     		ldr	r1, .L403+8
 5134 006c 0B68     		ldr	r3, [r1]
 5135 006e 23EA0203 		bic	r3, r3, r2
 5136 0072 0B60     		str	r3, [r1]
 5137              	.L396:
4258:Middlewares/Third_Party/FreeRTOS/Source/tasks.c **** 						}
 5138              		.loc 1 4258 32 view .LVU1427
4261:Middlewares/Third_Party/FreeRTOS/Source/tasks.c **** 					}
 5139              		.loc 1 4261 7 view .LVU1428
4261:Middlewares/Third_Party/FreeRTOS/Source/tasks.c **** 					}
 5140              		.loc 1 4261 7 view .LVU1429
 5141 0074 E06A     		ldr	r0, [r4, #44]
 5142 0076 0123     		movs	r3, #1
 5143 0078 8340     		lsls	r3, r3, r0
 5144 007a 0D4A     		ldr	r2, .L403+8
 5145 007c 1168     		ldr	r1, [r2]
 5146 007e 0B43     		orrs	r3, r3, r1
 5147 0080 1360     		str	r3, [r2]
4261:Middlewares/Third_Party/FreeRTOS/Source/tasks.c **** 					}
 5148              		.loc 1 4261 7 view .LVU1430
 5149 0082 00EB8000 		add	r0, r0, r0, lsl #2
 5150 0086 2946     		mov	r1, r5
 5151 0088 084B     		ldr	r3, .L403+4
 5152 008a 03EB8000 		add	r0, r3, r0, lsl #2
 5153 008e FFF7FEFF 		bl	vListInsertEnd
 5154              	.LVL359:
4261:Middlewares/Third_Party/FreeRTOS/Source/tasks.c **** 					}
 5155              		.loc 1 4261 37 view .LVU1431
4280:Middlewares/Third_Party/FreeRTOS/Source/tasks.c **** 		}
 5156              		.loc 1 4280 28 view .LVU1432
4282:Middlewares/Third_Party/FreeRTOS/Source/tasks.c **** 
 5157              		.loc 1 4282 2 is_stmt 0 view .LVU1433
 5158 0092 CDE7     		b	.L388
 5159              	.LVL360:
 5160              	.L402:
4221:Middlewares/Third_Party/FreeRTOS/Source/tasks.c **** 
 5161              		.loc 1 4221 6 is_stmt 1 view .LVU1434
 5162              	.LBB201:
 5163              	.LBI201:
 193:Middlewares/Third_Party/FreeRTOS/Source/portable/GCC/ARM_CM3/portmacro.h **** {
 5164              		.loc 2 193 30 view .LVU1435
 5165              	.LBB202:
 195:Middlewares/Third_Party/FreeRTOS/Source/portable/GCC/ARM_CM3/portmacro.h **** 
 5166              		.loc 2 195 1 view .LVU1436
 197:Middlewares/Third_Party/FreeRTOS/Source/portable/GCC/ARM_CM3/portmacro.h **** 	(
 5167              		.loc 2 197 2 view .LVU1437
 5168              		.syntax unified
 5169              	@ 197 "Middlewares/Third_Party/FreeRTOS/Source/portable/GCC/ARM_CM3/portmacro.h" 1
 5170 0094 4FF05003 			mov r3, #80												
 5171 0098 83F31188 		msr basepri, r3											
 5172 009c BFF36F8F 		isb														
 5173 00a0 BFF34F8F 		dsb														
 5174              	
 5175              	@ 0 "" 2
 5176              	.LVL361:
 5177              		.thumb
 5178              		.syntax unified
ARM GAS  /tmp/ccoDOEnO.s 			page 211


 5179              	.L394:
 197:Middlewares/Third_Party/FreeRTOS/Source/portable/GCC/ARM_CM3/portmacro.h **** 	(
 5180              		.loc 2 197 2 is_stmt 0 view .LVU1438
 5181              	.LBE202:
 5182              	.LBE201:
4221:Middlewares/Third_Party/FreeRTOS/Source/tasks.c **** 
 5183              		.loc 1 4221 6 is_stmt 1 discriminator 2 view .LVU1439
4221:Middlewares/Third_Party/FreeRTOS/Source/tasks.c **** 
 5184              		.loc 1 4221 6 discriminator 2 view .LVU1440
4221:Middlewares/Third_Party/FreeRTOS/Source/tasks.c **** 
 5185              		.loc 1 4221 6 discriminator 2 view .LVU1441
 5186 00a4 FEE7     		b	.L394
 5187              	.LVL362:
 5188              	.L398:
 5189              	.LCFI50:
 5190              		.cfi_def_cfa_offset 0
 5191              		.cfi_restore 3
 5192              		.cfi_restore 4
 5193              		.cfi_restore 5
 5194              		.cfi_restore 14
4221:Middlewares/Third_Party/FreeRTOS/Source/tasks.c **** 
 5195              		.loc 1 4221 6 is_stmt 0 discriminator 2 view .LVU1442
 5196 00a6 7047     		bx	lr
 5197              	.L404:
 5198              		.align	2
 5199              	.L403:
 5200 00a8 00000000 		.word	.LANCHOR10
 5201 00ac 00000000 		.word	.LANCHOR4
 5202 00b0 00000000 		.word	.LANCHOR13
 5203              		.cfi_endproc
 5204              	.LFE46:
 5206              		.section	.text.uxTaskResetEventItemValue,"ax",%progbits
 5207              		.align	1
 5208              		.global	uxTaskResetEventItemValue
 5209              		.syntax unified
 5210              		.thumb
 5211              		.thumb_func
 5213              	uxTaskResetEventItemValue:
 5214              	.LFB47:
4603:Middlewares/Third_Party/FreeRTOS/Source/tasks.c **** TickType_t uxReturn;
 5215              		.loc 1 4603 1 is_stmt 1 view -0
 5216              		.cfi_startproc
 5217              		@ args = 0, pretend = 0, frame = 0
 5218              		@ frame_needed = 0, uses_anonymous_args = 0
 5219              		@ link register save eliminated.
4604:Middlewares/Third_Party/FreeRTOS/Source/tasks.c **** 
 5220              		.loc 1 4604 1 view .LVU1444
4606:Middlewares/Third_Party/FreeRTOS/Source/tasks.c **** 
 5221              		.loc 1 4606 2 view .LVU1445
4606:Middlewares/Third_Party/FreeRTOS/Source/tasks.c **** 
 5222              		.loc 1 4606 13 is_stmt 0 view .LVU1446
 5223 0000 044A     		ldr	r2, .L406
 5224 0002 1368     		ldr	r3, [r2]
4606:Middlewares/Third_Party/FreeRTOS/Source/tasks.c **** 
 5225              		.loc 1 4606 11 view .LVU1447
 5226 0004 9869     		ldr	r0, [r3, #24]
 5227              	.LVL363:
ARM GAS  /tmp/ccoDOEnO.s 			page 212


4610:Middlewares/Third_Party/FreeRTOS/Source/tasks.c **** 
 5228              		.loc 1 4610 2 is_stmt 1 view .LVU1448
 5229 0006 1368     		ldr	r3, [r2]
 5230 0008 DB6A     		ldr	r3, [r3, #44]
 5231 000a 1268     		ldr	r2, [r2]
 5232 000c C3F10503 		rsb	r3, r3, #5
 5233 0010 9361     		str	r3, [r2, #24]
4612:Middlewares/Third_Party/FreeRTOS/Source/tasks.c **** }
 5234              		.loc 1 4612 2 view .LVU1449
4613:Middlewares/Third_Party/FreeRTOS/Source/tasks.c **** /*-----------------------------------------------------------*/
 5235              		.loc 1 4613 1 is_stmt 0 view .LVU1450
 5236 0012 7047     		bx	lr
 5237              	.L407:
 5238              		.align	2
 5239              	.L406:
 5240 0014 00000000 		.word	.LANCHOR10
 5241              		.cfi_endproc
 5242              	.LFE47:
 5244              		.section	.text.pvTaskIncrementMutexHeldCount,"ax",%progbits
 5245              		.align	1
 5246              		.global	pvTaskIncrementMutexHeldCount
 5247              		.syntax unified
 5248              		.thumb
 5249              		.thumb_func
 5251              	pvTaskIncrementMutexHeldCount:
 5252              	.LFB48:
4619:Middlewares/Third_Party/FreeRTOS/Source/tasks.c **** 		/* If xSemaphoreCreateMutex() is called before any tasks have been created
 5253              		.loc 1 4619 2 is_stmt 1 view -0
 5254              		.cfi_startproc
 5255              		@ args = 0, pretend = 0, frame = 0
 5256              		@ frame_needed = 0, uses_anonymous_args = 0
 5257              		@ link register save eliminated.
4622:Middlewares/Third_Party/FreeRTOS/Source/tasks.c **** 		{
 5258              		.loc 1 4622 3 view .LVU1452
4622:Middlewares/Third_Party/FreeRTOS/Source/tasks.c **** 		{
 5259              		.loc 1 4622 20 is_stmt 0 view .LVU1453
 5260 0000 054B     		ldr	r3, .L410
 5261 0002 1B68     		ldr	r3, [r3]
4622:Middlewares/Third_Party/FreeRTOS/Source/tasks.c **** 		{
 5262              		.loc 1 4622 5 view .LVU1454
 5263 0004 23B1     		cbz	r3, .L409
4624:Middlewares/Third_Party/FreeRTOS/Source/tasks.c **** 		}
 5264              		.loc 1 4624 4 is_stmt 1 view .LVU1455
4624:Middlewares/Third_Party/FreeRTOS/Source/tasks.c **** 		}
 5265              		.loc 1 4624 18 is_stmt 0 view .LVU1456
 5266 0006 044B     		ldr	r3, .L410
 5267 0008 1A68     		ldr	r2, [r3]
 5268 000a 936C     		ldr	r3, [r2, #72]
4624:Middlewares/Third_Party/FreeRTOS/Source/tasks.c **** 		}
 5269              		.loc 1 4624 35 view .LVU1457
 5270 000c 0133     		adds	r3, r3, #1
 5271 000e 9364     		str	r3, [r2, #72]
 5272              	.L409:
4627:Middlewares/Third_Party/FreeRTOS/Source/tasks.c **** 	}
 5273              		.loc 1 4627 3 is_stmt 1 view .LVU1458
4627:Middlewares/Third_Party/FreeRTOS/Source/tasks.c **** 	}
 5274              		.loc 1 4627 10 is_stmt 0 view .LVU1459
ARM GAS  /tmp/ccoDOEnO.s 			page 213


 5275 0010 014B     		ldr	r3, .L410
 5276 0012 1868     		ldr	r0, [r3]
4628:Middlewares/Third_Party/FreeRTOS/Source/tasks.c **** 
 5277              		.loc 1 4628 2 view .LVU1460
 5278 0014 7047     		bx	lr
 5279              	.L411:
 5280 0016 00BF     		.align	2
 5281              	.L410:
 5282 0018 00000000 		.word	.LANCHOR10
 5283              		.cfi_endproc
 5284              	.LFE48:
 5286              		.section	.text.ulTaskNotifyTake,"ax",%progbits
 5287              		.align	1
 5288              		.global	ulTaskNotifyTake
 5289              		.syntax unified
 5290              		.thumb
 5291              		.thumb_func
 5293              	ulTaskNotifyTake:
 5294              	.LVL364:
 5295              	.LFB49:
4636:Middlewares/Third_Party/FreeRTOS/Source/tasks.c **** 	uint32_t ulReturn;
 5296              		.loc 1 4636 2 is_stmt 1 view -0
 5297              		.cfi_startproc
 5298              		@ args = 0, pretend = 0, frame = 0
 5299              		@ frame_needed = 0, uses_anonymous_args = 0
4636:Middlewares/Third_Party/FreeRTOS/Source/tasks.c **** 	uint32_t ulReturn;
 5300              		.loc 1 4636 2 is_stmt 0 view .LVU1462
 5301 0000 38B5     		push	{r3, r4, r5, lr}
 5302              	.LCFI51:
 5303              		.cfi_def_cfa_offset 16
 5304              		.cfi_offset 3, -16
 5305              		.cfi_offset 4, -12
 5306              		.cfi_offset 5, -8
 5307              		.cfi_offset 14, -4
 5308 0002 0546     		mov	r5, r0
 5309 0004 0C46     		mov	r4, r1
4637:Middlewares/Third_Party/FreeRTOS/Source/tasks.c **** 
 5310              		.loc 1 4637 2 is_stmt 1 view .LVU1463
4639:Middlewares/Third_Party/FreeRTOS/Source/tasks.c **** 		{
 5311              		.loc 1 4639 3 view .LVU1464
 5312 0006 FFF7FEFF 		bl	vPortEnterCritical
 5313              	.LVL365:
4642:Middlewares/Third_Party/FreeRTOS/Source/tasks.c **** 			{
 5314              		.loc 1 4642 4 view .LVU1465
4642:Middlewares/Third_Party/FreeRTOS/Source/tasks.c **** 			{
 5315              		.loc 1 4642 20 is_stmt 0 view .LVU1466
 5316 000a 1A4B     		ldr	r3, .L418
 5317 000c 1B68     		ldr	r3, [r3]
 5318 000e DB6C     		ldr	r3, [r3, #76]
4642:Middlewares/Third_Party/FreeRTOS/Source/tasks.c **** 			{
 5319              		.loc 1 4642 6 view .LVU1467
 5320 0010 2BB9     		cbnz	r3, .L413
4645:Middlewares/Third_Party/FreeRTOS/Source/tasks.c **** 
 5321              		.loc 1 4645 5 is_stmt 1 view .LVU1468
4645:Middlewares/Third_Party/FreeRTOS/Source/tasks.c **** 
 5322              		.loc 1 4645 17 is_stmt 0 view .LVU1469
 5323 0012 184B     		ldr	r3, .L418
ARM GAS  /tmp/ccoDOEnO.s 			page 214


 5324 0014 1B68     		ldr	r3, [r3]
4645:Middlewares/Third_Party/FreeRTOS/Source/tasks.c **** 
 5325              		.loc 1 4645 33 view .LVU1470
 5326 0016 0122     		movs	r2, #1
 5327 0018 83F85020 		strb	r2, [r3, #80]
4647:Middlewares/Third_Party/FreeRTOS/Source/tasks.c **** 				{
 5328              		.loc 1 4647 5 is_stmt 1 view .LVU1471
4647:Middlewares/Third_Party/FreeRTOS/Source/tasks.c **** 				{
 5329              		.loc 1 4647 7 is_stmt 0 view .LVU1472
 5330 001c ACB9     		cbnz	r4, .L417
 5331              	.L413:
4665:Middlewares/Third_Party/FreeRTOS/Source/tasks.c **** 			}
 5332              		.loc 1 4665 29 is_stmt 1 view .LVU1473
4668:Middlewares/Third_Party/FreeRTOS/Source/tasks.c **** 
 5333              		.loc 1 4668 3 view .LVU1474
 5334 001e FFF7FEFF 		bl	vPortExitCritical
 5335              	.LVL366:
4670:Middlewares/Third_Party/FreeRTOS/Source/tasks.c **** 		{
 5336              		.loc 1 4670 3 view .LVU1475
 5337 0022 FFF7FEFF 		bl	vPortEnterCritical
 5338              	.LVL367:
4672:Middlewares/Third_Party/FreeRTOS/Source/tasks.c **** 			ulReturn = pxCurrentTCB->ulNotifiedValue;
 5339              		.loc 1 4672 27 view .LVU1476
4673:Middlewares/Third_Party/FreeRTOS/Source/tasks.c **** 
 5340              		.loc 1 4673 4 view .LVU1477
4673:Middlewares/Third_Party/FreeRTOS/Source/tasks.c **** 
 5341              		.loc 1 4673 27 is_stmt 0 view .LVU1478
 5342 0026 134B     		ldr	r3, .L418
 5343 0028 1B68     		ldr	r3, [r3]
4673:Middlewares/Third_Party/FreeRTOS/Source/tasks.c **** 
 5344              		.loc 1 4673 13 view .LVU1479
 5345 002a DC6C     		ldr	r4, [r3, #76]
 5346              	.LVL368:
4675:Middlewares/Third_Party/FreeRTOS/Source/tasks.c **** 			{
 5347              		.loc 1 4675 4 is_stmt 1 view .LVU1480
4675:Middlewares/Third_Party/FreeRTOS/Source/tasks.c **** 			{
 5348              		.loc 1 4675 6 is_stmt 0 view .LVU1481
 5349 002c 24B1     		cbz	r4, .L414
4677:Middlewares/Third_Party/FreeRTOS/Source/tasks.c **** 				{
 5350              		.loc 1 4677 5 is_stmt 1 view .LVU1482
4677:Middlewares/Third_Party/FreeRTOS/Source/tasks.c **** 				{
 5351              		.loc 1 4677 7 is_stmt 0 view .LVU1483
 5352 002e DDB1     		cbz	r5, .L415
4679:Middlewares/Third_Party/FreeRTOS/Source/tasks.c **** 				}
 5353              		.loc 1 4679 6 is_stmt 1 view .LVU1484
4679:Middlewares/Third_Party/FreeRTOS/Source/tasks.c **** 				}
 5354              		.loc 1 4679 18 is_stmt 0 view .LVU1485
 5355 0030 104B     		ldr	r3, .L418
 5356 0032 1B68     		ldr	r3, [r3]
4679:Middlewares/Third_Party/FreeRTOS/Source/tasks.c **** 				}
 5357              		.loc 1 4679 36 view .LVU1486
 5358 0034 0022     		movs	r2, #0
 5359 0036 DA64     		str	r2, [r3, #76]
 5360              	.L414:
4688:Middlewares/Third_Party/FreeRTOS/Source/tasks.c **** 			}
 5361              		.loc 1 4688 29 is_stmt 1 view .LVU1487
4691:Middlewares/Third_Party/FreeRTOS/Source/tasks.c **** 		}
ARM GAS  /tmp/ccoDOEnO.s 			page 215


 5362              		.loc 1 4691 4 view .LVU1488
4691:Middlewares/Third_Party/FreeRTOS/Source/tasks.c **** 		}
 5363              		.loc 1 4691 16 is_stmt 0 view .LVU1489
 5364 0038 0E4B     		ldr	r3, .L418
 5365 003a 1B68     		ldr	r3, [r3]
4691:Middlewares/Third_Party/FreeRTOS/Source/tasks.c **** 		}
 5366              		.loc 1 4691 32 view .LVU1490
 5367 003c 0022     		movs	r2, #0
 5368 003e 83F85020 		strb	r2, [r3, #80]
4693:Middlewares/Third_Party/FreeRTOS/Source/tasks.c **** 
 5369              		.loc 1 4693 3 is_stmt 1 view .LVU1491
 5370 0042 FFF7FEFF 		bl	vPortExitCritical
 5371              	.LVL369:
4695:Middlewares/Third_Party/FreeRTOS/Source/tasks.c **** 	}
 5372              		.loc 1 4695 3 view .LVU1492
4696:Middlewares/Third_Party/FreeRTOS/Source/tasks.c **** 
 5373              		.loc 1 4696 2 is_stmt 0 view .LVU1493
 5374 0046 2046     		mov	r0, r4
 5375 0048 38BD     		pop	{r3, r4, r5, pc}
 5376              	.LVL370:
 5377              	.L417:
4649:Middlewares/Third_Party/FreeRTOS/Source/tasks.c **** 					traceTASK_NOTIFY_TAKE_BLOCK();
 5378              		.loc 1 4649 6 is_stmt 1 view .LVU1494
 5379 004a 1146     		mov	r1, r2
 5380 004c 2046     		mov	r0, r4
 5381 004e FFF7FEFF 		bl	prvAddCurrentTaskToDelayedList
 5382              	.LVL371:
4650:Middlewares/Third_Party/FreeRTOS/Source/tasks.c **** 
 5383              		.loc 1 4650 35 view .LVU1495
4656:Middlewares/Third_Party/FreeRTOS/Source/tasks.c **** 				}
 5384              		.loc 1 4656 6 view .LVU1496
 5385 0052 4FF0E023 		mov	r3, #-536813568
 5386 0056 4FF08052 		mov	r2, #268435456
 5387 005a C3F8042D 		str	r2, [r3, #3332]
4656:Middlewares/Third_Party/FreeRTOS/Source/tasks.c **** 				}
 5388              		.loc 1 4656 6 view .LVU1497
 5389              		.syntax unified
 5390              	@ 4656 "Middlewares/Third_Party/FreeRTOS/Source/tasks.c" 1
 5391 005e BFF34F8F 		dsb
 5392              	@ 0 "" 2
4656:Middlewares/Third_Party/FreeRTOS/Source/tasks.c **** 				}
 5393              		.loc 1 4656 6 view .LVU1498
 5394              	@ 4656 "Middlewares/Third_Party/FreeRTOS/Source/tasks.c" 1
 5395 0062 BFF36F8F 		isb
 5396              	@ 0 "" 2
4656:Middlewares/Third_Party/FreeRTOS/Source/tasks.c **** 				}
 5397              		.loc 1 4656 28 view .LVU1499
 5398              		.thumb
 5399              		.syntax unified
 5400 0066 DAE7     		b	.L413
 5401              	.LVL372:
 5402              	.L415:
4683:Middlewares/Third_Party/FreeRTOS/Source/tasks.c **** 				}
 5403              		.loc 1 4683 6 view .LVU1500
4683:Middlewares/Third_Party/FreeRTOS/Source/tasks.c **** 				}
 5404              		.loc 1 4683 18 is_stmt 0 view .LVU1501
 5405 0068 024B     		ldr	r3, .L418
ARM GAS  /tmp/ccoDOEnO.s 			page 216


 5406 006a 1B68     		ldr	r3, [r3]
4683:Middlewares/Third_Party/FreeRTOS/Source/tasks.c **** 				}
 5407              		.loc 1 4683 47 view .LVU1502
 5408 006c 621E     		subs	r2, r4, #1
4683:Middlewares/Third_Party/FreeRTOS/Source/tasks.c **** 				}
 5409              		.loc 1 4683 36 view .LVU1503
 5410 006e DA64     		str	r2, [r3, #76]
 5411 0070 E2E7     		b	.L414
 5412              	.L419:
 5413 0072 00BF     		.align	2
 5414              	.L418:
 5415 0074 00000000 		.word	.LANCHOR10
 5416              		.cfi_endproc
 5417              	.LFE49:
 5419              		.section	.text.xTaskNotifyWait,"ax",%progbits
 5420              		.align	1
 5421              		.global	xTaskNotifyWait
 5422              		.syntax unified
 5423              		.thumb
 5424              		.thumb_func
 5426              	xTaskNotifyWait:
 5427              	.LVL373:
 5428              	.LFB50:
4704:Middlewares/Third_Party/FreeRTOS/Source/tasks.c **** 	BaseType_t xReturn;
 5429              		.loc 1 4704 2 is_stmt 1 view -0
 5430              		.cfi_startproc
 5431              		@ args = 0, pretend = 0, frame = 0
 5432              		@ frame_needed = 0, uses_anonymous_args = 0
4704:Middlewares/Third_Party/FreeRTOS/Source/tasks.c **** 	BaseType_t xReturn;
 5433              		.loc 1 4704 2 is_stmt 0 view .LVU1505
 5434 0000 F8B5     		push	{r3, r4, r5, r6, r7, lr}
 5435              	.LCFI52:
 5436              		.cfi_def_cfa_offset 24
 5437              		.cfi_offset 3, -24
 5438              		.cfi_offset 4, -20
 5439              		.cfi_offset 5, -16
 5440              		.cfi_offset 6, -12
 5441              		.cfi_offset 7, -8
 5442              		.cfi_offset 14, -4
 5443 0002 0646     		mov	r6, r0
 5444 0004 0F46     		mov	r7, r1
 5445 0006 1446     		mov	r4, r2
 5446 0008 1D46     		mov	r5, r3
4705:Middlewares/Third_Party/FreeRTOS/Source/tasks.c **** 
 5447              		.loc 1 4705 2 is_stmt 1 view .LVU1506
4707:Middlewares/Third_Party/FreeRTOS/Source/tasks.c **** 		{
 5448              		.loc 1 4707 3 view .LVU1507
 5449 000a FFF7FEFF 		bl	vPortEnterCritical
 5450              	.LVL374:
4710:Middlewares/Third_Party/FreeRTOS/Source/tasks.c **** 			{
 5451              		.loc 1 4710 4 view .LVU1508
4710:Middlewares/Third_Party/FreeRTOS/Source/tasks.c **** 			{
 5452              		.loc 1 4710 20 is_stmt 0 view .LVU1509
 5453 000e 214B     		ldr	r3, .L428
 5454 0010 1B68     		ldr	r3, [r3]
 5455 0012 93F85020 		ldrb	r2, [r3, #80]	@ zero_extendqisi2
 5456 0016 D2B2     		uxtb	r2, r2
ARM GAS  /tmp/ccoDOEnO.s 			page 217


4710:Middlewares/Third_Party/FreeRTOS/Source/tasks.c **** 			{
 5457              		.loc 1 4710 6 view .LVU1510
 5458 0018 022A     		cmp	r2, #2
 5459 001a 0AD0     		beq	.L421
4715:Middlewares/Third_Party/FreeRTOS/Source/tasks.c **** 
 5460              		.loc 1 4715 5 is_stmt 1 view .LVU1511
4715:Middlewares/Third_Party/FreeRTOS/Source/tasks.c **** 
 5461              		.loc 1 4715 35 is_stmt 0 view .LVU1512
 5462 001c 1D4B     		ldr	r3, .L428
 5463 001e 1A68     		ldr	r2, [r3]
 5464 0020 D06C     		ldr	r0, [r2, #76]
 5465 0022 20EA0606 		bic	r6, r0, r6
 5466              	.LVL375:
4715:Middlewares/Third_Party/FreeRTOS/Source/tasks.c **** 
 5467              		.loc 1 4715 35 view .LVU1513
 5468 0026 D664     		str	r6, [r2, #76]
4718:Middlewares/Third_Party/FreeRTOS/Source/tasks.c **** 
 5469              		.loc 1 4718 5 is_stmt 1 view .LVU1514
4718:Middlewares/Third_Party/FreeRTOS/Source/tasks.c **** 
 5470              		.loc 1 4718 17 is_stmt 0 view .LVU1515
 5471 0028 1B68     		ldr	r3, [r3]
4718:Middlewares/Third_Party/FreeRTOS/Source/tasks.c **** 
 5472              		.loc 1 4718 33 view .LVU1516
 5473 002a 0122     		movs	r2, #1
 5474 002c 83F85020 		strb	r2, [r3, #80]
4720:Middlewares/Third_Party/FreeRTOS/Source/tasks.c **** 				{
 5475              		.loc 1 4720 5 is_stmt 1 view .LVU1517
4720:Middlewares/Third_Party/FreeRTOS/Source/tasks.c **** 				{
 5476              		.loc 1 4720 7 is_stmt 0 view .LVU1518
 5477 0030 CDB9     		cbnz	r5, .L426
 5478              	.L421:
4738:Middlewares/Third_Party/FreeRTOS/Source/tasks.c **** 			}
 5479              		.loc 1 4738 29 is_stmt 1 view .LVU1519
4741:Middlewares/Third_Party/FreeRTOS/Source/tasks.c **** 
 5480              		.loc 1 4741 3 view .LVU1520
 5481 0032 FFF7FEFF 		bl	vPortExitCritical
 5482              	.LVL376:
4743:Middlewares/Third_Party/FreeRTOS/Source/tasks.c **** 		{
 5483              		.loc 1 4743 3 view .LVU1521
 5484 0036 FFF7FEFF 		bl	vPortEnterCritical
 5485              	.LVL377:
4745:Middlewares/Third_Party/FreeRTOS/Source/tasks.c **** 
 5486              		.loc 1 4745 27 view .LVU1522
4747:Middlewares/Third_Party/FreeRTOS/Source/tasks.c **** 			{
 5487              		.loc 1 4747 4 view .LVU1523
4747:Middlewares/Third_Party/FreeRTOS/Source/tasks.c **** 			{
 5488              		.loc 1 4747 6 is_stmt 0 view .LVU1524
 5489 003a 1CB1     		cbz	r4, .L422
4751:Middlewares/Third_Party/FreeRTOS/Source/tasks.c **** 			}
 5490              		.loc 1 4751 5 is_stmt 1 view .LVU1525
4751:Middlewares/Third_Party/FreeRTOS/Source/tasks.c **** 			}
 5491              		.loc 1 4751 41 is_stmt 0 view .LVU1526
 5492 003c 154B     		ldr	r3, .L428
 5493 003e 1B68     		ldr	r3, [r3]
 5494 0040 DB6C     		ldr	r3, [r3, #76]
4751:Middlewares/Third_Party/FreeRTOS/Source/tasks.c **** 			}
 5495              		.loc 1 4751 27 view .LVU1527
ARM GAS  /tmp/ccoDOEnO.s 			page 218


 5496 0042 2360     		str	r3, [r4]
 5497              	.L422:
4758:Middlewares/Third_Party/FreeRTOS/Source/tasks.c **** 			{
 5498              		.loc 1 4758 4 is_stmt 1 view .LVU1528
4758:Middlewares/Third_Party/FreeRTOS/Source/tasks.c **** 			{
 5499              		.loc 1 4758 20 is_stmt 0 view .LVU1529
 5500 0044 134B     		ldr	r3, .L428
 5501 0046 1B68     		ldr	r3, [r3]
 5502 0048 93F85030 		ldrb	r3, [r3, #80]	@ zero_extendqisi2
 5503 004c DBB2     		uxtb	r3, r3
4758:Middlewares/Third_Party/FreeRTOS/Source/tasks.c **** 			{
 5504              		.loc 1 4758 6 view .LVU1530
 5505 004e 022B     		cmp	r3, #2
 5506 0050 18D0     		beq	.L427
4761:Middlewares/Third_Party/FreeRTOS/Source/tasks.c **** 			}
 5507              		.loc 1 4761 13 view .LVU1531
 5508 0052 0024     		movs	r4, #0
 5509              	.LVL378:
 5510              	.L423:
4771:Middlewares/Third_Party/FreeRTOS/Source/tasks.c **** 		}
 5511              		.loc 1 4771 4 is_stmt 1 view .LVU1532
4771:Middlewares/Third_Party/FreeRTOS/Source/tasks.c **** 		}
 5512              		.loc 1 4771 16 is_stmt 0 view .LVU1533
 5513 0054 0F4B     		ldr	r3, .L428
 5514 0056 1B68     		ldr	r3, [r3]
4771:Middlewares/Third_Party/FreeRTOS/Source/tasks.c **** 		}
 5515              		.loc 1 4771 32 view .LVU1534
 5516 0058 0022     		movs	r2, #0
 5517 005a 83F85020 		strb	r2, [r3, #80]
4773:Middlewares/Third_Party/FreeRTOS/Source/tasks.c **** 
 5518              		.loc 1 4773 3 is_stmt 1 view .LVU1535
 5519 005e FFF7FEFF 		bl	vPortExitCritical
 5520              	.LVL379:
4775:Middlewares/Third_Party/FreeRTOS/Source/tasks.c **** 	}
 5521              		.loc 1 4775 3 view .LVU1536
4776:Middlewares/Third_Party/FreeRTOS/Source/tasks.c **** 
 5522              		.loc 1 4776 2 is_stmt 0 view .LVU1537
 5523 0062 2046     		mov	r0, r4
 5524 0064 F8BD     		pop	{r3, r4, r5, r6, r7, pc}
 5525              	.LVL380:
 5526              	.L426:
4722:Middlewares/Third_Party/FreeRTOS/Source/tasks.c **** 					traceTASK_NOTIFY_WAIT_BLOCK();
 5527              		.loc 1 4722 6 is_stmt 1 view .LVU1538
 5528 0066 1146     		mov	r1, r2
 5529 0068 2846     		mov	r0, r5
 5530 006a FFF7FEFF 		bl	prvAddCurrentTaskToDelayedList
 5531              	.LVL381:
4723:Middlewares/Third_Party/FreeRTOS/Source/tasks.c **** 
 5532              		.loc 1 4723 35 view .LVU1539
4729:Middlewares/Third_Party/FreeRTOS/Source/tasks.c **** 				}
 5533              		.loc 1 4729 6 view .LVU1540
 5534 006e 4FF0E023 		mov	r3, #-536813568
 5535 0072 4FF08052 		mov	r2, #268435456
 5536 0076 C3F8042D 		str	r2, [r3, #3332]
4729:Middlewares/Third_Party/FreeRTOS/Source/tasks.c **** 				}
 5537              		.loc 1 4729 6 view .LVU1541
 5538              		.syntax unified
ARM GAS  /tmp/ccoDOEnO.s 			page 219


 5539              	@ 4729 "Middlewares/Third_Party/FreeRTOS/Source/tasks.c" 1
 5540 007a BFF34F8F 		dsb
 5541              	@ 0 "" 2
4729:Middlewares/Third_Party/FreeRTOS/Source/tasks.c **** 				}
 5542              		.loc 1 4729 6 view .LVU1542
 5543              	@ 4729 "Middlewares/Third_Party/FreeRTOS/Source/tasks.c" 1
 5544 007e BFF36F8F 		isb
 5545              	@ 0 "" 2
4729:Middlewares/Third_Party/FreeRTOS/Source/tasks.c **** 				}
 5546              		.loc 1 4729 28 view .LVU1543
 5547              		.thumb
 5548              		.syntax unified
 5549 0082 D6E7     		b	.L421
 5550              	.L427:
4767:Middlewares/Third_Party/FreeRTOS/Source/tasks.c **** 				xReturn = pdTRUE;
 5551              		.loc 1 4767 5 view .LVU1544
4767:Middlewares/Third_Party/FreeRTOS/Source/tasks.c **** 				xReturn = pdTRUE;
 5552              		.loc 1 4767 35 is_stmt 0 view .LVU1545
 5553 0084 034B     		ldr	r3, .L428
 5554 0086 1B68     		ldr	r3, [r3]
 5555 0088 D96C     		ldr	r1, [r3, #76]
 5556 008a 21EA0707 		bic	r7, r1, r7
 5557              	.LVL382:
4767:Middlewares/Third_Party/FreeRTOS/Source/tasks.c **** 				xReturn = pdTRUE;
 5558              		.loc 1 4767 35 view .LVU1546
 5559 008e DF64     		str	r7, [r3, #76]
4768:Middlewares/Third_Party/FreeRTOS/Source/tasks.c **** 			}
 5560              		.loc 1 4768 5 is_stmt 1 view .LVU1547
 5561              	.LVL383:
4768:Middlewares/Third_Party/FreeRTOS/Source/tasks.c **** 			}
 5562              		.loc 1 4768 13 is_stmt 0 view .LVU1548
 5563 0090 0124     		movs	r4, #1
 5564              	.LVL384:
4768:Middlewares/Third_Party/FreeRTOS/Source/tasks.c **** 			}
 5565              		.loc 1 4768 13 view .LVU1549
 5566 0092 DFE7     		b	.L423
 5567              	.L429:
 5568              		.align	2
 5569              	.L428:
 5570 0094 00000000 		.word	.LANCHOR10
 5571              		.cfi_endproc
 5572              	.LFE50:
 5574              		.section	.text.xTaskGenericNotify,"ax",%progbits
 5575              		.align	1
 5576              		.global	xTaskGenericNotify
 5577              		.syntax unified
 5578              		.thumb
 5579              		.thumb_func
 5581              	xTaskGenericNotify:
 5582              	.LVL385:
 5583              	.LFB51:
4784:Middlewares/Third_Party/FreeRTOS/Source/tasks.c **** 	TCB_t * pxTCB;
 5584              		.loc 1 4784 2 is_stmt 1 view -0
 5585              		.cfi_startproc
 5586              		@ args = 0, pretend = 0, frame = 0
 5587              		@ frame_needed = 0, uses_anonymous_args = 0
4784:Middlewares/Third_Party/FreeRTOS/Source/tasks.c **** 	TCB_t * pxTCB;
ARM GAS  /tmp/ccoDOEnO.s 			page 220


 5588              		.loc 1 4784 2 is_stmt 0 view .LVU1551
 5589 0000 F8B5     		push	{r3, r4, r5, r6, r7, lr}
 5590              	.LCFI53:
 5591              		.cfi_def_cfa_offset 24
 5592              		.cfi_offset 3, -24
 5593              		.cfi_offset 4, -20
 5594              		.cfi_offset 5, -16
 5595              		.cfi_offset 6, -12
 5596              		.cfi_offset 7, -8
 5597              		.cfi_offset 14, -4
4785:Middlewares/Third_Party/FreeRTOS/Source/tasks.c **** 	BaseType_t xReturn = pdPASS;
 5598              		.loc 1 4785 2 is_stmt 1 view .LVU1552
4786:Middlewares/Third_Party/FreeRTOS/Source/tasks.c **** 	uint8_t ucOriginalNotifyState;
 5599              		.loc 1 4786 2 view .LVU1553
 5600              	.LVL386:
4787:Middlewares/Third_Party/FreeRTOS/Source/tasks.c **** 
 5601              		.loc 1 4787 2 view .LVU1554
4789:Middlewares/Third_Party/FreeRTOS/Source/tasks.c **** 		pxTCB = xTaskToNotify;
 5602              		.loc 1 4789 3 view .LVU1555
 5603 0002 A8B1     		cbz	r0, .L449
 5604 0004 0F46     		mov	r7, r1
 5605 0006 1446     		mov	r4, r2
 5606 0008 1D46     		mov	r5, r3
 5607 000a 0646     		mov	r6, r0
4789:Middlewares/Third_Party/FreeRTOS/Source/tasks.c **** 		pxTCB = xTaskToNotify;
 5608              		.loc 1 4789 32 discriminator 2 view .LVU1556
4790:Middlewares/Third_Party/FreeRTOS/Source/tasks.c **** 
 5609              		.loc 1 4790 3 discriminator 2 view .LVU1557
 5610              	.LVL387:
4792:Middlewares/Third_Party/FreeRTOS/Source/tasks.c **** 		{
 5611              		.loc 1 4792 3 discriminator 2 view .LVU1558
 5612 000c FFF7FEFF 		bl	vPortEnterCritical
 5613              	.LVL388:
4794:Middlewares/Third_Party/FreeRTOS/Source/tasks.c **** 			{
 5614              		.loc 1 4794 4 discriminator 2 view .LVU1559
4794:Middlewares/Third_Party/FreeRTOS/Source/tasks.c **** 			{
 5615              		.loc 1 4794 6 is_stmt 0 discriminator 2 view .LVU1560
 5616 0010 0DB1     		cbz	r5, .L433
4796:Middlewares/Third_Party/FreeRTOS/Source/tasks.c **** 			}
 5617              		.loc 1 4796 5 is_stmt 1 view .LVU1561
4796:Middlewares/Third_Party/FreeRTOS/Source/tasks.c **** 			}
 5618              		.loc 1 4796 42 is_stmt 0 view .LVU1562
 5619 0012 F36C     		ldr	r3, [r6, #76]
4796:Middlewares/Third_Party/FreeRTOS/Source/tasks.c **** 			}
 5620              		.loc 1 4796 35 view .LVU1563
 5621 0014 2B60     		str	r3, [r5]
 5622              	.L433:
4799:Middlewares/Third_Party/FreeRTOS/Source/tasks.c **** 
 5623              		.loc 1 4799 4 is_stmt 1 view .LVU1564
4799:Middlewares/Third_Party/FreeRTOS/Source/tasks.c **** 
 5624              		.loc 1 4799 26 is_stmt 0 view .LVU1565
 5625 0016 96F85030 		ldrb	r3, [r6, #80]	@ zero_extendqisi2
 5626 001a DBB2     		uxtb	r3, r3
 5627              	.LVL389:
4801:Middlewares/Third_Party/FreeRTOS/Source/tasks.c **** 
 5628              		.loc 1 4801 4 is_stmt 1 view .LVU1566
4801:Middlewares/Third_Party/FreeRTOS/Source/tasks.c **** 
ARM GAS  /tmp/ccoDOEnO.s 			page 221


 5629              		.loc 1 4801 25 is_stmt 0 view .LVU1567
 5630 001c 0222     		movs	r2, #2
 5631 001e 86F85020 		strb	r2, [r6, #80]
4803:Middlewares/Third_Party/FreeRTOS/Source/tasks.c **** 			{
 5632              		.loc 1 4803 4 is_stmt 1 view .LVU1568
 5633 0022 042C     		cmp	r4, #4
 5634 0024 1FD8     		bhi	.L434
 5635 0026 DFE804F0 		tbb	[pc, r4]
 5636              	.L436:
 5637 002a 2B       		.byte	(.L445-.L436)/2
 5638 002b 0C       		.byte	(.L439-.L436)/2
 5639 002c 11       		.byte	(.L438-.L436)/2
 5640 002d 16       		.byte	(.L437-.L436)/2
 5641 002e 19       		.byte	(.L435-.L436)/2
 5642              	.LVL390:
 5643 002f 00       		.p2align 1
 5644              	.L449:
4789:Middlewares/Third_Party/FreeRTOS/Source/tasks.c **** 		pxTCB = xTaskToNotify;
 5645              		.loc 1 4789 3 view .LVU1569
 5646              	.LBB203:
 5647              	.LBI203:
 193:Middlewares/Third_Party/FreeRTOS/Source/portable/GCC/ARM_CM3/portmacro.h **** {
 5648              		.loc 2 193 30 view .LVU1570
 5649              	.LBB204:
 195:Middlewares/Third_Party/FreeRTOS/Source/portable/GCC/ARM_CM3/portmacro.h **** 
 5650              		.loc 2 195 1 view .LVU1571
 197:Middlewares/Third_Party/FreeRTOS/Source/portable/GCC/ARM_CM3/portmacro.h **** 	(
 5651              		.loc 2 197 2 view .LVU1572
 5652              		.syntax unified
 5653              	@ 197 "Middlewares/Third_Party/FreeRTOS/Source/portable/GCC/ARM_CM3/portmacro.h" 1
 5654 0030 4FF05003 			mov r3, #80												
 5655 0034 83F31188 		msr basepri, r3											
 5656 0038 BFF36F8F 		isb														
 5657 003c BFF34F8F 		dsb														
 5658              	
 5659              	@ 0 "" 2
 5660              	.LVL391:
 5661              		.thumb
 5662              		.syntax unified
 5663              	.L432:
 197:Middlewares/Third_Party/FreeRTOS/Source/portable/GCC/ARM_CM3/portmacro.h **** 	(
 5664              		.loc 2 197 2 is_stmt 0 view .LVU1573
 5665              	.LBE204:
 5666              	.LBE203:
4789:Middlewares/Third_Party/FreeRTOS/Source/tasks.c **** 		pxTCB = xTaskToNotify;
 5667              		.loc 1 4789 3 is_stmt 1 discriminator 1 view .LVU1574
4789:Middlewares/Third_Party/FreeRTOS/Source/tasks.c **** 		pxTCB = xTaskToNotify;
 5668              		.loc 1 4789 3 discriminator 1 view .LVU1575
4789:Middlewares/Third_Party/FreeRTOS/Source/tasks.c **** 		pxTCB = xTaskToNotify;
 5669              		.loc 1 4789 3 discriminator 1 view .LVU1576
 5670 0040 FEE7     		b	.L432
 5671              	.LVL392:
 5672              	.L439:
4806:Middlewares/Third_Party/FreeRTOS/Source/tasks.c **** 					break;
 5673              		.loc 1 4806 6 view .LVU1577
4806:Middlewares/Third_Party/FreeRTOS/Source/tasks.c **** 					break;
 5674              		.loc 1 4806 29 is_stmt 0 view .LVU1578
ARM GAS  /tmp/ccoDOEnO.s 			page 222


 5675 0042 F26C     		ldr	r2, [r6, #76]
 5676 0044 1743     		orrs	r7, r7, r2
 5677              	.LVL393:
4806:Middlewares/Third_Party/FreeRTOS/Source/tasks.c **** 					break;
 5678              		.loc 1 4806 29 view .LVU1579
 5679 0046 F764     		str	r7, [r6, #76]
4807:Middlewares/Third_Party/FreeRTOS/Source/tasks.c **** 
 5680              		.loc 1 4807 6 is_stmt 1 view .LVU1580
4786:Middlewares/Third_Party/FreeRTOS/Source/tasks.c **** 	uint8_t ucOriginalNotifyState;
 5681              		.loc 1 4786 13 is_stmt 0 view .LVU1581
 5682 0048 0124     		movs	r4, #1
4807:Middlewares/Third_Party/FreeRTOS/Source/tasks.c **** 
 5683              		.loc 1 4807 6 view .LVU1582
 5684 004a 1AE0     		b	.L440
 5685              	.LVL394:
 5686              	.L438:
4810:Middlewares/Third_Party/FreeRTOS/Source/tasks.c **** 					break;
 5687              		.loc 1 4810 6 is_stmt 1 view .LVU1583
4810:Middlewares/Third_Party/FreeRTOS/Source/tasks.c **** 					break;
 5688              		.loc 1 4810 13 is_stmt 0 view .LVU1584
 5689 004c F26C     		ldr	r2, [r6, #76]
4810:Middlewares/Third_Party/FreeRTOS/Source/tasks.c **** 					break;
 5690              		.loc 1 4810 32 view .LVU1585
 5691 004e 0132     		adds	r2, r2, #1
 5692 0050 F264     		str	r2, [r6, #76]
4811:Middlewares/Third_Party/FreeRTOS/Source/tasks.c **** 
 5693              		.loc 1 4811 6 is_stmt 1 view .LVU1586
4786:Middlewares/Third_Party/FreeRTOS/Source/tasks.c **** 	uint8_t ucOriginalNotifyState;
 5694              		.loc 1 4786 13 is_stmt 0 view .LVU1587
 5695 0052 0124     		movs	r4, #1
4811:Middlewares/Third_Party/FreeRTOS/Source/tasks.c **** 
 5696              		.loc 1 4811 6 view .LVU1588
 5697 0054 15E0     		b	.L440
 5698              	.L437:
4814:Middlewares/Third_Party/FreeRTOS/Source/tasks.c **** 					break;
 5699              		.loc 1 4814 6 is_stmt 1 view .LVU1589
4814:Middlewares/Third_Party/FreeRTOS/Source/tasks.c **** 					break;
 5700              		.loc 1 4814 29 is_stmt 0 view .LVU1590
 5701 0056 F764     		str	r7, [r6, #76]
4815:Middlewares/Third_Party/FreeRTOS/Source/tasks.c **** 
 5702              		.loc 1 4815 6 is_stmt 1 view .LVU1591
4786:Middlewares/Third_Party/FreeRTOS/Source/tasks.c **** 	uint8_t ucOriginalNotifyState;
 5703              		.loc 1 4786 13 is_stmt 0 view .LVU1592
 5704 0058 0124     		movs	r4, #1
4815:Middlewares/Third_Party/FreeRTOS/Source/tasks.c **** 
 5705              		.loc 1 4815 6 view .LVU1593
 5706 005a 12E0     		b	.L440
 5707              	.L435:
4818:Middlewares/Third_Party/FreeRTOS/Source/tasks.c **** 					{
 5708              		.loc 1 4818 6 is_stmt 1 view .LVU1594
4818:Middlewares/Third_Party/FreeRTOS/Source/tasks.c **** 					{
 5709              		.loc 1 4818 8 is_stmt 0 view .LVU1595
 5710 005c 022B     		cmp	r3, #2
 5711 005e 16D0     		beq	.L446
4820:Middlewares/Third_Party/FreeRTOS/Source/tasks.c **** 					}
 5712              		.loc 1 4820 7 is_stmt 1 view .LVU1596
4820:Middlewares/Third_Party/FreeRTOS/Source/tasks.c **** 					}
ARM GAS  /tmp/ccoDOEnO.s 			page 223


 5713              		.loc 1 4820 30 is_stmt 0 view .LVU1597
 5714 0060 F764     		str	r7, [r6, #76]
4786:Middlewares/Third_Party/FreeRTOS/Source/tasks.c **** 	uint8_t ucOriginalNotifyState;
 5715              		.loc 1 4786 13 view .LVU1598
 5716 0062 0124     		movs	r4, #1
 5717 0064 0DE0     		b	.L440
 5718              	.L434:
4838:Middlewares/Third_Party/FreeRTOS/Source/tasks.c **** 
 5719              		.loc 1 4838 6 is_stmt 1 view .LVU1599
 5720 0066 F26C     		ldr	r2, [r6, #76]
 5721 0068 B2F1FF3F 		cmp	r2, #-1
 5722 006c 11D0     		beq	.L447
4838:Middlewares/Third_Party/FreeRTOS/Source/tasks.c **** 
 5723              		.loc 1 4838 6 view .LVU1600
 5724              	.LBB205:
 5725              	.LBI205:
 193:Middlewares/Third_Party/FreeRTOS/Source/portable/GCC/ARM_CM3/portmacro.h **** {
 5726              		.loc 2 193 30 view .LVU1601
 5727              	.LBB206:
 195:Middlewares/Third_Party/FreeRTOS/Source/portable/GCC/ARM_CM3/portmacro.h **** 
 5728              		.loc 2 195 1 view .LVU1602
 197:Middlewares/Third_Party/FreeRTOS/Source/portable/GCC/ARM_CM3/portmacro.h **** 	(
 5729              		.loc 2 197 2 view .LVU1603
 5730              		.syntax unified
 5731              	@ 197 "Middlewares/Third_Party/FreeRTOS/Source/portable/GCC/ARM_CM3/portmacro.h" 1
 5732 006e 4FF05003 			mov r3, #80												
 5733 0072 83F31188 		msr basepri, r3											
 5734 0076 BFF36F8F 		isb														
 5735 007a BFF34F8F 		dsb														
 5736              	
 5737              	@ 0 "" 2
 5738              	.LVL395:
 5739              		.thumb
 5740              		.syntax unified
 5741              	.L441:
 197:Middlewares/Third_Party/FreeRTOS/Source/portable/GCC/ARM_CM3/portmacro.h **** 	(
 5742              		.loc 2 197 2 is_stmt 0 view .LVU1604
 5743              	.LBE206:
 5744              	.LBE205:
4838:Middlewares/Third_Party/FreeRTOS/Source/tasks.c **** 
 5745              		.loc 1 4838 6 is_stmt 1 discriminator 2 view .LVU1605
4838:Middlewares/Third_Party/FreeRTOS/Source/tasks.c **** 
 5746              		.loc 1 4838 6 discriminator 2 view .LVU1606
4838:Middlewares/Third_Party/FreeRTOS/Source/tasks.c **** 
 5747              		.loc 1 4838 6 discriminator 2 view .LVU1607
 5748 007e FEE7     		b	.L441
 5749              	.LVL396:
 5750              	.L445:
4803:Middlewares/Third_Party/FreeRTOS/Source/tasks.c **** 			{
 5751              		.loc 1 4803 4 is_stmt 0 view .LVU1608
 5752 0080 0124     		movs	r4, #1
 5753              	.LVL397:
 5754              	.L440:
4843:Middlewares/Third_Party/FreeRTOS/Source/tasks.c **** 
 5755              		.loc 1 4843 22 is_stmt 1 view .LVU1609
4847:Middlewares/Third_Party/FreeRTOS/Source/tasks.c **** 			{
 5756              		.loc 1 4847 4 view .LVU1610
ARM GAS  /tmp/ccoDOEnO.s 			page 224


4847:Middlewares/Third_Party/FreeRTOS/Source/tasks.c **** 			{
 5757              		.loc 1 4847 6 is_stmt 0 view .LVU1611
 5758 0082 012B     		cmp	r3, #1
 5759 0084 07D0     		beq	.L450
 5760              	.LVL398:
 5761              	.L442:
4884:Middlewares/Third_Party/FreeRTOS/Source/tasks.c **** 			}
 5762              		.loc 1 4884 29 is_stmt 1 view .LVU1612
4887:Middlewares/Third_Party/FreeRTOS/Source/tasks.c **** 
 5763              		.loc 1 4887 3 view .LVU1613
 5764 0086 FFF7FEFF 		bl	vPortExitCritical
 5765              	.LVL399:
4889:Middlewares/Third_Party/FreeRTOS/Source/tasks.c **** 	}
 5766              		.loc 1 4889 3 view .LVU1614
4890:Middlewares/Third_Party/FreeRTOS/Source/tasks.c **** 
 5767              		.loc 1 4890 2 is_stmt 0 view .LVU1615
 5768 008a 2046     		mov	r0, r4
 5769 008c F8BD     		pop	{r3, r4, r5, r6, r7, pc}
 5770              	.LVL400:
 5771              	.L446:
4825:Middlewares/Third_Party/FreeRTOS/Source/tasks.c **** 					}
 5772              		.loc 1 4825 15 view .LVU1616
 5773 008e 0024     		movs	r4, #0
 5774 0090 F7E7     		b	.L440
 5775              	.L447:
4786:Middlewares/Third_Party/FreeRTOS/Source/tasks.c **** 	uint8_t ucOriginalNotifyState;
 5776              		.loc 1 4786 13 view .LVU1617
 5777 0092 0124     		movs	r4, #1
 5778 0094 F5E7     		b	.L440
 5779              	.LVL401:
 5780              	.L450:
4849:Middlewares/Third_Party/FreeRTOS/Source/tasks.c **** 				prvAddTaskToReadyList( pxTCB );
 5781              		.loc 1 4849 5 is_stmt 1 view .LVU1618
4849:Middlewares/Third_Party/FreeRTOS/Source/tasks.c **** 				prvAddTaskToReadyList( pxTCB );
 5782              		.loc 1 4849 14 is_stmt 0 view .LVU1619
 5783 0096 351D     		adds	r5, r6, #4
 5784              	.LVL402:
4849:Middlewares/Third_Party/FreeRTOS/Source/tasks.c **** 				prvAddTaskToReadyList( pxTCB );
 5785              		.loc 1 4849 14 view .LVU1620
 5786 0098 2846     		mov	r0, r5
 5787 009a FFF7FEFF 		bl	uxListRemove
 5788              	.LVL403:
4850:Middlewares/Third_Party/FreeRTOS/Source/tasks.c **** 
 5789              		.loc 1 4850 5 is_stmt 1 view .LVU1621
4850:Middlewares/Third_Party/FreeRTOS/Source/tasks.c **** 
 5790              		.loc 1 4850 5 view .LVU1622
 5791 009e F06A     		ldr	r0, [r6, #44]
 5792 00a0 0123     		movs	r3, #1
 5793 00a2 8340     		lsls	r3, r3, r0
 5794 00a4 134A     		ldr	r2, .L451
 5795 00a6 1168     		ldr	r1, [r2]
 5796 00a8 0B43     		orrs	r3, r3, r1
 5797 00aa 1360     		str	r3, [r2]
4850:Middlewares/Third_Party/FreeRTOS/Source/tasks.c **** 
 5798              		.loc 1 4850 5 view .LVU1623
 5799 00ac 00EB8000 		add	r0, r0, r0, lsl #2
 5800 00b0 2946     		mov	r1, r5
ARM GAS  /tmp/ccoDOEnO.s 			page 225


 5801 00b2 114B     		ldr	r3, .L451+4
 5802 00b4 03EB8000 		add	r0, r3, r0, lsl #2
 5803 00b8 FFF7FEFF 		bl	vListInsertEnd
 5804              	.LVL404:
4850:Middlewares/Third_Party/FreeRTOS/Source/tasks.c **** 
 5805              		.loc 1 4850 35 view .LVU1624
4853:Middlewares/Third_Party/FreeRTOS/Source/tasks.c **** 
 5806              		.loc 1 4853 5 view .LVU1625
 5807 00bc B36A     		ldr	r3, [r6, #40]
 5808 00be 43B1     		cbz	r3, .L443
4853:Middlewares/Third_Party/FreeRTOS/Source/tasks.c **** 
 5809              		.loc 1 4853 5 view .LVU1626
 5810              	.LBB207:
 5811              	.LBI207:
 193:Middlewares/Third_Party/FreeRTOS/Source/portable/GCC/ARM_CM3/portmacro.h **** {
 5812              		.loc 2 193 30 view .LVU1627
 5813              	.LBB208:
 195:Middlewares/Third_Party/FreeRTOS/Source/portable/GCC/ARM_CM3/portmacro.h **** 
 5814              		.loc 2 195 1 view .LVU1628
 197:Middlewares/Third_Party/FreeRTOS/Source/portable/GCC/ARM_CM3/portmacro.h **** 	(
 5815              		.loc 2 197 2 view .LVU1629
 5816              		.syntax unified
 5817              	@ 197 "Middlewares/Third_Party/FreeRTOS/Source/portable/GCC/ARM_CM3/portmacro.h" 1
 5818 00c0 4FF05003 			mov r3, #80												
 5819 00c4 83F31188 		msr basepri, r3											
 5820 00c8 BFF36F8F 		isb														
 5821 00cc BFF34F8F 		dsb														
 5822              	
 5823              	@ 0 "" 2
 5824              	.LVL405:
 5825              		.thumb
 5826              		.syntax unified
 5827              	.L444:
 197:Middlewares/Third_Party/FreeRTOS/Source/portable/GCC/ARM_CM3/portmacro.h **** 	(
 5828              		.loc 2 197 2 is_stmt 0 view .LVU1630
 5829              	.LBE208:
 5830              	.LBE207:
4853:Middlewares/Third_Party/FreeRTOS/Source/tasks.c **** 
 5831              		.loc 1 4853 5 is_stmt 1 discriminator 3 view .LVU1631
4853:Middlewares/Third_Party/FreeRTOS/Source/tasks.c **** 
 5832              		.loc 1 4853 5 discriminator 3 view .LVU1632
4853:Middlewares/Third_Party/FreeRTOS/Source/tasks.c **** 
 5833              		.loc 1 4853 5 discriminator 3 view .LVU1633
 5834 00d0 FEE7     		b	.L444
 5835              	.L443:
4853:Middlewares/Third_Party/FreeRTOS/Source/tasks.c **** 
 5836              		.loc 1 4853 82 discriminator 2 view .LVU1634
4871:Middlewares/Third_Party/FreeRTOS/Source/tasks.c **** 				{
 5837              		.loc 1 4871 5 discriminator 2 view .LVU1635
4871:Middlewares/Third_Party/FreeRTOS/Source/tasks.c **** 				{
 5838              		.loc 1 4871 14 is_stmt 0 discriminator 2 view .LVU1636
 5839 00d2 F26A     		ldr	r2, [r6, #44]
4871:Middlewares/Third_Party/FreeRTOS/Source/tasks.c **** 				{
 5840              		.loc 1 4871 41 discriminator 2 view .LVU1637
 5841 00d4 094B     		ldr	r3, .L451+8
 5842 00d6 1B68     		ldr	r3, [r3]
 5843 00d8 DB6A     		ldr	r3, [r3, #44]
ARM GAS  /tmp/ccoDOEnO.s 			page 226


4871:Middlewares/Third_Party/FreeRTOS/Source/tasks.c **** 				{
 5844              		.loc 1 4871 7 discriminator 2 view .LVU1638
 5845 00da 9A42     		cmp	r2, r3
 5846 00dc D3D9     		bls	.L442
4875:Middlewares/Third_Party/FreeRTOS/Source/tasks.c **** 				}
 5847              		.loc 1 4875 6 is_stmt 1 view .LVU1639
 5848 00de 4FF0E023 		mov	r3, #-536813568
 5849 00e2 4FF08052 		mov	r2, #268435456
 5850 00e6 C3F8042D 		str	r2, [r3, #3332]
4875:Middlewares/Third_Party/FreeRTOS/Source/tasks.c **** 				}
 5851              		.loc 1 4875 6 view .LVU1640
 5852              		.syntax unified
 5853              	@ 4875 "Middlewares/Third_Party/FreeRTOS/Source/tasks.c" 1
 5854 00ea BFF34F8F 		dsb
 5855              	@ 0 "" 2
4875:Middlewares/Third_Party/FreeRTOS/Source/tasks.c **** 				}
 5856              		.loc 1 4875 6 view .LVU1641
 5857              	@ 4875 "Middlewares/Third_Party/FreeRTOS/Source/tasks.c" 1
 5858 00ee BFF36F8F 		isb
 5859              	@ 0 "" 2
4875:Middlewares/Third_Party/FreeRTOS/Source/tasks.c **** 				}
 5860              		.loc 1 4875 37 view .LVU1642
 5861              		.thumb
 5862              		.syntax unified
 5863 00f2 C8E7     		b	.L442
 5864              	.L452:
 5865              		.align	2
 5866              	.L451:
 5867 00f4 00000000 		.word	.LANCHOR13
 5868 00f8 00000000 		.word	.LANCHOR4
 5869 00fc 00000000 		.word	.LANCHOR10
 5870              		.cfi_endproc
 5871              	.LFE51:
 5873              		.section	.text.xTaskGenericNotifyFromISR,"ax",%progbits
 5874              		.align	1
 5875              		.global	xTaskGenericNotifyFromISR
 5876              		.syntax unified
 5877              		.thumb
 5878              		.thumb_func
 5880              	xTaskGenericNotifyFromISR:
 5881              	.LVL406:
 5882              	.LFB52:
4898:Middlewares/Third_Party/FreeRTOS/Source/tasks.c **** 	TCB_t * pxTCB;
 5883              		.loc 1 4898 2 view -0
 5884              		.cfi_startproc
 5885              		@ args = 4, pretend = 0, frame = 0
 5886              		@ frame_needed = 0, uses_anonymous_args = 0
4899:Middlewares/Third_Party/FreeRTOS/Source/tasks.c **** 	uint8_t ucOriginalNotifyState;
 5887              		.loc 1 4899 2 view .LVU1644
4900:Middlewares/Third_Party/FreeRTOS/Source/tasks.c **** 	BaseType_t xReturn = pdPASS;
 5888              		.loc 1 4900 2 view .LVU1645
4901:Middlewares/Third_Party/FreeRTOS/Source/tasks.c **** 	UBaseType_t uxSavedInterruptStatus;
 5889              		.loc 1 4901 2 view .LVU1646
4902:Middlewares/Third_Party/FreeRTOS/Source/tasks.c **** 
 5890              		.loc 1 4902 2 view .LVU1647
4904:Middlewares/Third_Party/FreeRTOS/Source/tasks.c **** 
 5891              		.loc 1 4904 3 view .LVU1648
ARM GAS  /tmp/ccoDOEnO.s 			page 227


 5892 0000 08B3     		cbz	r0, .L476
4898:Middlewares/Third_Party/FreeRTOS/Source/tasks.c **** 	TCB_t * pxTCB;
 5893              		.loc 1 4898 2 is_stmt 0 discriminator 2 view .LVU1649
 5894 0002 2DE9F041 		push	{r4, r5, r6, r7, r8, lr}
 5895              	.LCFI54:
 5896              		.cfi_def_cfa_offset 24
 5897              		.cfi_offset 4, -24
 5898              		.cfi_offset 5, -20
 5899              		.cfi_offset 6, -16
 5900              		.cfi_offset 7, -12
 5901              		.cfi_offset 8, -8
 5902              		.cfi_offset 14, -4
 5903 0006 0E46     		mov	r6, r1
 5904 0008 1446     		mov	r4, r2
 5905 000a 1D46     		mov	r5, r3
 5906 000c 0746     		mov	r7, r0
4904:Middlewares/Third_Party/FreeRTOS/Source/tasks.c **** 
 5907              		.loc 1 4904 32 is_stmt 1 discriminator 2 view .LVU1650
4922:Middlewares/Third_Party/FreeRTOS/Source/tasks.c **** 
 5908              		.loc 1 4922 3 discriminator 2 view .LVU1651
 5909 000e FFF7FEFF 		bl	vPortValidateInterruptPriority
 5910              	.LVL407:
4924:Middlewares/Third_Party/FreeRTOS/Source/tasks.c **** 
 5911              		.loc 1 4924 3 discriminator 2 view .LVU1652
4926:Middlewares/Third_Party/FreeRTOS/Source/tasks.c **** 		{
 5912              		.loc 1 4926 3 discriminator 2 view .LVU1653
 5913              	.LBB209:
 5914              	.LBI209:
 209:Middlewares/Third_Party/FreeRTOS/Source/portable/GCC/ARM_CM3/portmacro.h **** {
 5915              		.loc 2 209 34 discriminator 2 view .LVU1654
 5916              	.LBB210:
 211:Middlewares/Third_Party/FreeRTOS/Source/portable/GCC/ARM_CM3/portmacro.h **** 
 5917              		.loc 2 211 1 discriminator 2 view .LVU1655
 213:Middlewares/Third_Party/FreeRTOS/Source/portable/GCC/ARM_CM3/portmacro.h **** 	(
 5918              		.loc 2 213 2 discriminator 2 view .LVU1656
 5919              		.syntax unified
 5920              	@ 213 "Middlewares/Third_Party/FreeRTOS/Source/portable/GCC/ARM_CM3/portmacro.h" 1
 5921 0012 EFF31188 			mrs r8, basepri											
 5922 0016 4FF05003 		mov r3, #80												
 5923 001a 83F31188 		msr basepri, r3											
 5924 001e BFF36F8F 		isb														
 5925 0022 BFF34F8F 		dsb														
 5926              	
 5927              	@ 0 "" 2
 5928              	.LVL408:
 225:Middlewares/Third_Party/FreeRTOS/Source/portable/GCC/ARM_CM3/portmacro.h **** }
 5929              		.loc 2 225 2 discriminator 2 view .LVU1657
 225:Middlewares/Third_Party/FreeRTOS/Source/portable/GCC/ARM_CM3/portmacro.h **** }
 5930              		.loc 2 225 2 is_stmt 0 discriminator 2 view .LVU1658
 5931              		.thumb
 5932              		.syntax unified
 5933              	.LBE210:
 5934              	.LBE209:
4928:Middlewares/Third_Party/FreeRTOS/Source/tasks.c **** 			{
 5935              		.loc 1 4928 4 is_stmt 1 discriminator 2 view .LVU1659
4928:Middlewares/Third_Party/FreeRTOS/Source/tasks.c **** 			{
 5936              		.loc 1 4928 6 is_stmt 0 discriminator 2 view .LVU1660
ARM GAS  /tmp/ccoDOEnO.s 			page 228


 5937 0026 0DB1     		cbz	r5, .L456
4930:Middlewares/Third_Party/FreeRTOS/Source/tasks.c **** 			}
 5938              		.loc 1 4930 5 is_stmt 1 view .LVU1661
4930:Middlewares/Third_Party/FreeRTOS/Source/tasks.c **** 			}
 5939              		.loc 1 4930 42 is_stmt 0 view .LVU1662
 5940 0028 FB6C     		ldr	r3, [r7, #76]
4930:Middlewares/Third_Party/FreeRTOS/Source/tasks.c **** 			}
 5941              		.loc 1 4930 35 view .LVU1663
 5942 002a 2B60     		str	r3, [r5]
 5943              	.L456:
4933:Middlewares/Third_Party/FreeRTOS/Source/tasks.c **** 			pxTCB->ucNotifyState = taskNOTIFICATION_RECEIVED;
 5944              		.loc 1 4933 4 is_stmt 1 view .LVU1664
4933:Middlewares/Third_Party/FreeRTOS/Source/tasks.c **** 			pxTCB->ucNotifyState = taskNOTIFICATION_RECEIVED;
 5945              		.loc 1 4933 26 is_stmt 0 view .LVU1665
 5946 002c 97F85030 		ldrb	r3, [r7, #80]	@ zero_extendqisi2
 5947 0030 DBB2     		uxtb	r3, r3
 5948              	.LVL409:
4934:Middlewares/Third_Party/FreeRTOS/Source/tasks.c **** 
 5949              		.loc 1 4934 4 is_stmt 1 view .LVU1666
4934:Middlewares/Third_Party/FreeRTOS/Source/tasks.c **** 
 5950              		.loc 1 4934 25 is_stmt 0 view .LVU1667
 5951 0032 0222     		movs	r2, #2
 5952 0034 87F85020 		strb	r2, [r7, #80]
4936:Middlewares/Third_Party/FreeRTOS/Source/tasks.c **** 			{
 5953              		.loc 1 4936 4 is_stmt 1 view .LVU1668
 5954 0038 042C     		cmp	r4, #4
 5955 003a 1FD8     		bhi	.L457
 5956 003c DFE804F0 		tbb	[pc, r4]
 5957              	.L459:
 5958 0040 2B       		.byte	(.L471-.L459)/2
 5959 0041 0C       		.byte	(.L462-.L459)/2
 5960 0042 11       		.byte	(.L461-.L459)/2
 5961 0043 16       		.byte	(.L460-.L459)/2
 5962 0044 19       		.byte	(.L458-.L459)/2
 5963              	.LVL410:
 5964 0045 00       		.p2align 1
 5965              	.L476:
 5966              	.LCFI55:
 5967              		.cfi_def_cfa_offset 0
 5968              		.cfi_restore 4
 5969              		.cfi_restore 5
 5970              		.cfi_restore 6
 5971              		.cfi_restore 7
 5972              		.cfi_restore 8
 5973              		.cfi_restore 14
4904:Middlewares/Third_Party/FreeRTOS/Source/tasks.c **** 
 5974              		.loc 1 4904 3 view .LVU1669
 5975              	.LBB211:
 5976              	.LBI211:
 193:Middlewares/Third_Party/FreeRTOS/Source/portable/GCC/ARM_CM3/portmacro.h **** {
 5977              		.loc 2 193 30 view .LVU1670
 5978              	.LBB212:
 195:Middlewares/Third_Party/FreeRTOS/Source/portable/GCC/ARM_CM3/portmacro.h **** 
 5979              		.loc 2 195 1 view .LVU1671
 197:Middlewares/Third_Party/FreeRTOS/Source/portable/GCC/ARM_CM3/portmacro.h **** 	(
 5980              		.loc 2 197 2 view .LVU1672
 5981              		.syntax unified
ARM GAS  /tmp/ccoDOEnO.s 			page 229


 5982              	@ 197 "Middlewares/Third_Party/FreeRTOS/Source/portable/GCC/ARM_CM3/portmacro.h" 1
 5983 0046 4FF05003 			mov r3, #80												
 5984 004a 83F31188 		msr basepri, r3											
 5985 004e BFF36F8F 		isb														
 5986 0052 BFF34F8F 		dsb														
 5987              	
 5988              	@ 0 "" 2
 5989              	.LVL411:
 5990              		.thumb
 5991              		.syntax unified
 5992              	.L455:
 197:Middlewares/Third_Party/FreeRTOS/Source/portable/GCC/ARM_CM3/portmacro.h **** 	(
 5993              		.loc 2 197 2 is_stmt 0 view .LVU1673
 5994              	.LBE212:
 5995              	.LBE211:
4904:Middlewares/Third_Party/FreeRTOS/Source/tasks.c **** 
 5996              		.loc 1 4904 3 is_stmt 1 discriminator 1 view .LVU1674
4904:Middlewares/Third_Party/FreeRTOS/Source/tasks.c **** 
 5997              		.loc 1 4904 3 discriminator 1 view .LVU1675
4904:Middlewares/Third_Party/FreeRTOS/Source/tasks.c **** 
 5998              		.loc 1 4904 3 discriminator 1 view .LVU1676
 5999 0056 FEE7     		b	.L455
 6000              	.LVL412:
 6001              	.L462:
 6002              	.LCFI56:
 6003              		.cfi_def_cfa_offset 24
 6004              		.cfi_offset 4, -24
 6005              		.cfi_offset 5, -20
 6006              		.cfi_offset 6, -16
 6007              		.cfi_offset 7, -12
 6008              		.cfi_offset 8, -8
 6009              		.cfi_offset 14, -4
4939:Middlewares/Third_Party/FreeRTOS/Source/tasks.c **** 					break;
 6010              		.loc 1 4939 6 view .LVU1677
4939:Middlewares/Third_Party/FreeRTOS/Source/tasks.c **** 					break;
 6011              		.loc 1 4939 29 is_stmt 0 view .LVU1678
 6012 0058 FA6C     		ldr	r2, [r7, #76]
 6013 005a 1643     		orrs	r6, r6, r2
 6014              	.LVL413:
4939:Middlewares/Third_Party/FreeRTOS/Source/tasks.c **** 					break;
 6015              		.loc 1 4939 29 view .LVU1679
 6016 005c FE64     		str	r6, [r7, #76]
4940:Middlewares/Third_Party/FreeRTOS/Source/tasks.c **** 
 6017              		.loc 1 4940 6 is_stmt 1 view .LVU1680
4901:Middlewares/Third_Party/FreeRTOS/Source/tasks.c **** 	UBaseType_t uxSavedInterruptStatus;
 6018              		.loc 1 4901 13 is_stmt 0 view .LVU1681
 6019 005e 0124     		movs	r4, #1
4940:Middlewares/Third_Party/FreeRTOS/Source/tasks.c **** 
 6020              		.loc 1 4940 6 view .LVU1682
 6021 0060 1AE0     		b	.L463
 6022              	.LVL414:
 6023              	.L461:
4943:Middlewares/Third_Party/FreeRTOS/Source/tasks.c **** 					break;
 6024              		.loc 1 4943 6 is_stmt 1 view .LVU1683
4943:Middlewares/Third_Party/FreeRTOS/Source/tasks.c **** 					break;
 6025              		.loc 1 4943 13 is_stmt 0 view .LVU1684
 6026 0062 FA6C     		ldr	r2, [r7, #76]
ARM GAS  /tmp/ccoDOEnO.s 			page 230


4943:Middlewares/Third_Party/FreeRTOS/Source/tasks.c **** 					break;
 6027              		.loc 1 4943 32 view .LVU1685
 6028 0064 0132     		adds	r2, r2, #1
 6029 0066 FA64     		str	r2, [r7, #76]
4944:Middlewares/Third_Party/FreeRTOS/Source/tasks.c **** 
 6030              		.loc 1 4944 6 is_stmt 1 view .LVU1686
4901:Middlewares/Third_Party/FreeRTOS/Source/tasks.c **** 	UBaseType_t uxSavedInterruptStatus;
 6031              		.loc 1 4901 13 is_stmt 0 view .LVU1687
 6032 0068 0124     		movs	r4, #1
4944:Middlewares/Third_Party/FreeRTOS/Source/tasks.c **** 
 6033              		.loc 1 4944 6 view .LVU1688
 6034 006a 15E0     		b	.L463
 6035              	.L460:
4947:Middlewares/Third_Party/FreeRTOS/Source/tasks.c **** 					break;
 6036              		.loc 1 4947 6 is_stmt 1 view .LVU1689
4947:Middlewares/Third_Party/FreeRTOS/Source/tasks.c **** 					break;
 6037              		.loc 1 4947 29 is_stmt 0 view .LVU1690
 6038 006c FE64     		str	r6, [r7, #76]
4948:Middlewares/Third_Party/FreeRTOS/Source/tasks.c **** 
 6039              		.loc 1 4948 6 is_stmt 1 view .LVU1691
4901:Middlewares/Third_Party/FreeRTOS/Source/tasks.c **** 	UBaseType_t uxSavedInterruptStatus;
 6040              		.loc 1 4901 13 is_stmt 0 view .LVU1692
 6041 006e 0124     		movs	r4, #1
4948:Middlewares/Third_Party/FreeRTOS/Source/tasks.c **** 
 6042              		.loc 1 4948 6 view .LVU1693
 6043 0070 12E0     		b	.L463
 6044              	.L458:
4951:Middlewares/Third_Party/FreeRTOS/Source/tasks.c **** 					{
 6045              		.loc 1 4951 6 is_stmt 1 view .LVU1694
4951:Middlewares/Third_Party/FreeRTOS/Source/tasks.c **** 					{
 6046              		.loc 1 4951 8 is_stmt 0 view .LVU1695
 6047 0072 022B     		cmp	r3, #2
 6048 0074 17D0     		beq	.L472
4953:Middlewares/Third_Party/FreeRTOS/Source/tasks.c **** 					}
 6049              		.loc 1 4953 7 is_stmt 1 view .LVU1696
4953:Middlewares/Third_Party/FreeRTOS/Source/tasks.c **** 					}
 6050              		.loc 1 4953 30 is_stmt 0 view .LVU1697
 6051 0076 FE64     		str	r6, [r7, #76]
4901:Middlewares/Third_Party/FreeRTOS/Source/tasks.c **** 	UBaseType_t uxSavedInterruptStatus;
 6052              		.loc 1 4901 13 view .LVU1698
 6053 0078 0124     		movs	r4, #1
 6054 007a 0DE0     		b	.L463
 6055              	.L457:
4971:Middlewares/Third_Party/FreeRTOS/Source/tasks.c **** 					break;
 6056              		.loc 1 4971 6 is_stmt 1 view .LVU1699
 6057 007c FA6C     		ldr	r2, [r7, #76]
 6058 007e B2F1FF3F 		cmp	r2, #-1
 6059 0082 12D0     		beq	.L473
4971:Middlewares/Third_Party/FreeRTOS/Source/tasks.c **** 					break;
 6060              		.loc 1 4971 6 view .LVU1700
 6061              	.LBB213:
 6062              	.LBI213:
 193:Middlewares/Third_Party/FreeRTOS/Source/portable/GCC/ARM_CM3/portmacro.h **** {
 6063              		.loc 2 193 30 view .LVU1701
 6064              	.LBB214:
 195:Middlewares/Third_Party/FreeRTOS/Source/portable/GCC/ARM_CM3/portmacro.h **** 
 6065              		.loc 2 195 1 view .LVU1702
ARM GAS  /tmp/ccoDOEnO.s 			page 231


 197:Middlewares/Third_Party/FreeRTOS/Source/portable/GCC/ARM_CM3/portmacro.h **** 	(
 6066              		.loc 2 197 2 view .LVU1703
 6067              		.syntax unified
 6068              	@ 197 "Middlewares/Third_Party/FreeRTOS/Source/portable/GCC/ARM_CM3/portmacro.h" 1
 6069 0084 4FF05003 			mov r3, #80												
 6070 0088 83F31188 		msr basepri, r3											
 6071 008c BFF36F8F 		isb														
 6072 0090 BFF34F8F 		dsb														
 6073              	
 6074              	@ 0 "" 2
 6075              	.LVL415:
 6076              		.thumb
 6077              		.syntax unified
 6078              	.L464:
 197:Middlewares/Third_Party/FreeRTOS/Source/portable/GCC/ARM_CM3/portmacro.h **** 	(
 6079              		.loc 2 197 2 is_stmt 0 view .LVU1704
 6080              	.LBE214:
 6081              	.LBE213:
4971:Middlewares/Third_Party/FreeRTOS/Source/tasks.c **** 					break;
 6082              		.loc 1 4971 6 is_stmt 1 discriminator 2 view .LVU1705
4971:Middlewares/Third_Party/FreeRTOS/Source/tasks.c **** 					break;
 6083              		.loc 1 4971 6 discriminator 2 view .LVU1706
4971:Middlewares/Third_Party/FreeRTOS/Source/tasks.c **** 					break;
 6084              		.loc 1 4971 6 discriminator 2 view .LVU1707
 6085 0094 FEE7     		b	.L464
 6086              	.LVL416:
 6087              	.L471:
4936:Middlewares/Third_Party/FreeRTOS/Source/tasks.c **** 			{
 6088              		.loc 1 4936 4 is_stmt 0 view .LVU1708
 6089 0096 0124     		movs	r4, #1
 6090              	.LVL417:
 6091              	.L463:
4975:Middlewares/Third_Party/FreeRTOS/Source/tasks.c **** 
 6092              		.loc 1 4975 31 is_stmt 1 view .LVU1709
4979:Middlewares/Third_Party/FreeRTOS/Source/tasks.c **** 			{
 6093              		.loc 1 4979 4 view .LVU1710
4979:Middlewares/Third_Party/FreeRTOS/Source/tasks.c **** 			{
 6094              		.loc 1 4979 6 is_stmt 0 view .LVU1711
 6095 0098 012B     		cmp	r3, #1
 6096 009a 08D0     		beq	.L477
 6097              	.LVL418:
 6098              	.L465:
5012:Middlewares/Third_Party/FreeRTOS/Source/tasks.c **** 				}
 6099              		.loc 1 5012 30 is_stmt 1 view .LVU1712
5016:Middlewares/Third_Party/FreeRTOS/Source/tasks.c **** 
 6100              		.loc 1 5016 3 view .LVU1713
 6101              	.LBB215:
 6102              	.LBI215:
 229:Middlewares/Third_Party/FreeRTOS/Source/portable/GCC/ARM_CM3/portmacro.h **** {
 6103              		.loc 2 229 30 view .LVU1714
 6104              	.LBB216:
 6105              		.loc 2 231 2 view .LVU1715
 6106              		.syntax unified
 6107              	@ 231 "Middlewares/Third_Party/FreeRTOS/Source/portable/GCC/ARM_CM3/portmacro.h" 1
 6108 009c 88F31188 			msr basepri, r8	
 6109              	@ 0 "" 2
 6110              	.LVL419:
ARM GAS  /tmp/ccoDOEnO.s 			page 232


 6111              		.loc 2 231 2 is_stmt 0 view .LVU1716
 6112              		.thumb
 6113              		.syntax unified
 6114              	.LBE216:
 6115              	.LBE215:
5018:Middlewares/Third_Party/FreeRTOS/Source/tasks.c **** 	}
 6116              		.loc 1 5018 3 is_stmt 1 view .LVU1717
5019:Middlewares/Third_Party/FreeRTOS/Source/tasks.c **** 
 6117              		.loc 1 5019 2 is_stmt 0 view .LVU1718
 6118 00a0 2046     		mov	r0, r4
 6119 00a2 BDE8F081 		pop	{r4, r5, r6, r7, r8, pc}
 6120              	.LVL420:
 6121              	.L472:
4958:Middlewares/Third_Party/FreeRTOS/Source/tasks.c **** 					}
 6122              		.loc 1 4958 15 view .LVU1719
 6123 00a6 0024     		movs	r4, #0
 6124 00a8 F6E7     		b	.L463
 6125              	.L473:
4901:Middlewares/Third_Party/FreeRTOS/Source/tasks.c **** 	UBaseType_t uxSavedInterruptStatus;
 6126              		.loc 1 4901 13 view .LVU1720
 6127 00aa 0124     		movs	r4, #1
 6128 00ac F4E7     		b	.L463
 6129              	.LVL421:
 6130              	.L477:
4982:Middlewares/Third_Party/FreeRTOS/Source/tasks.c **** 
 6131              		.loc 1 4982 5 is_stmt 1 view .LVU1721
 6132 00ae BB6A     		ldr	r3, [r7, #40]
 6133              	.LVL422:
4982:Middlewares/Third_Party/FreeRTOS/Source/tasks.c **** 
 6134              		.loc 1 4982 5 is_stmt 0 view .LVU1722
 6135 00b0 43B1     		cbz	r3, .L466
4982:Middlewares/Third_Party/FreeRTOS/Source/tasks.c **** 
 6136              		.loc 1 4982 5 is_stmt 1 view .LVU1723
 6137              	.LBB217:
 6138              	.LBI217:
 193:Middlewares/Third_Party/FreeRTOS/Source/portable/GCC/ARM_CM3/portmacro.h **** {
 6139              		.loc 2 193 30 view .LVU1724
 6140              	.LBB218:
 195:Middlewares/Third_Party/FreeRTOS/Source/portable/GCC/ARM_CM3/portmacro.h **** 
 6141              		.loc 2 195 1 view .LVU1725
 197:Middlewares/Third_Party/FreeRTOS/Source/portable/GCC/ARM_CM3/portmacro.h **** 	(
 6142              		.loc 2 197 2 view .LVU1726
 6143              		.syntax unified
 6144              	@ 197 "Middlewares/Third_Party/FreeRTOS/Source/portable/GCC/ARM_CM3/portmacro.h" 1
 6145 00b2 4FF05003 			mov r3, #80												
 6146 00b6 83F31188 		msr basepri, r3											
 6147 00ba BFF36F8F 		isb														
 6148 00be BFF34F8F 		dsb														
 6149              	
 6150              	@ 0 "" 2
 6151              	.LVL423:
 6152              		.thumb
 6153              		.syntax unified
 6154              	.L467:
 197:Middlewares/Third_Party/FreeRTOS/Source/portable/GCC/ARM_CM3/portmacro.h **** 	(
 6155              		.loc 2 197 2 is_stmt 0 view .LVU1727
 6156              	.LBE218:
ARM GAS  /tmp/ccoDOEnO.s 			page 233


 6157              	.LBE217:
4982:Middlewares/Third_Party/FreeRTOS/Source/tasks.c **** 
 6158              		.loc 1 4982 5 is_stmt 1 discriminator 3 view .LVU1728
4982:Middlewares/Third_Party/FreeRTOS/Source/tasks.c **** 
 6159              		.loc 1 4982 5 discriminator 3 view .LVU1729
4982:Middlewares/Third_Party/FreeRTOS/Source/tasks.c **** 
 6160              		.loc 1 4982 5 discriminator 3 view .LVU1730
 6161 00c2 FEE7     		b	.L467
 6162              	.L466:
4982:Middlewares/Third_Party/FreeRTOS/Source/tasks.c **** 
 6163              		.loc 1 4982 82 discriminator 2 view .LVU1731
4984:Middlewares/Third_Party/FreeRTOS/Source/tasks.c **** 				{
 6164              		.loc 1 4984 5 discriminator 2 view .LVU1732
4984:Middlewares/Third_Party/FreeRTOS/Source/tasks.c **** 				{
 6165              		.loc 1 4984 30 is_stmt 0 discriminator 2 view .LVU1733
 6166 00c4 154B     		ldr	r3, .L478
 6167 00c6 1B68     		ldr	r3, [r3]
4984:Middlewares/Third_Party/FreeRTOS/Source/tasks.c **** 				{
 6168              		.loc 1 4984 7 discriminator 2 view .LVU1734
 6169 00c8 0BBB     		cbnz	r3, .L468
4986:Middlewares/Third_Party/FreeRTOS/Source/tasks.c **** 					prvAddTaskToReadyList( pxTCB );
 6170              		.loc 1 4986 6 is_stmt 1 view .LVU1735
4986:Middlewares/Third_Party/FreeRTOS/Source/tasks.c **** 					prvAddTaskToReadyList( pxTCB );
 6171              		.loc 1 4986 15 is_stmt 0 view .LVU1736
 6172 00ca 3D1D     		adds	r5, r7, #4
 6173              	.LVL424:
4986:Middlewares/Third_Party/FreeRTOS/Source/tasks.c **** 					prvAddTaskToReadyList( pxTCB );
 6174              		.loc 1 4986 15 view .LVU1737
 6175 00cc 2846     		mov	r0, r5
 6176 00ce FFF7FEFF 		bl	uxListRemove
 6177              	.LVL425:
4987:Middlewares/Third_Party/FreeRTOS/Source/tasks.c **** 				}
 6178              		.loc 1 4987 6 is_stmt 1 view .LVU1738
4987:Middlewares/Third_Party/FreeRTOS/Source/tasks.c **** 				}
 6179              		.loc 1 4987 6 view .LVU1739
 6180 00d2 F86A     		ldr	r0, [r7, #44]
 6181 00d4 0123     		movs	r3, #1
 6182 00d6 8340     		lsls	r3, r3, r0
 6183 00d8 114A     		ldr	r2, .L478+4
 6184 00da 1168     		ldr	r1, [r2]
 6185 00dc 0B43     		orrs	r3, r3, r1
 6186 00de 1360     		str	r3, [r2]
4987:Middlewares/Third_Party/FreeRTOS/Source/tasks.c **** 				}
 6187              		.loc 1 4987 6 view .LVU1740
 6188 00e0 00EB8000 		add	r0, r0, r0, lsl #2
 6189 00e4 2946     		mov	r1, r5
 6190 00e6 0F4B     		ldr	r3, .L478+8
 6191 00e8 03EB8000 		add	r0, r3, r0, lsl #2
 6192 00ec FFF7FEFF 		bl	vListInsertEnd
 6193              	.LVL426:
4987:Middlewares/Third_Party/FreeRTOS/Source/tasks.c **** 				}
 6194              		.loc 1 4987 36 view .LVU1741
 6195              	.L469:
4996:Middlewares/Third_Party/FreeRTOS/Source/tasks.c **** 				{
 6196              		.loc 1 4996 5 view .LVU1742
4996:Middlewares/Third_Party/FreeRTOS/Source/tasks.c **** 				{
 6197              		.loc 1 4996 14 is_stmt 0 view .LVU1743
ARM GAS  /tmp/ccoDOEnO.s 			page 234


 6198 00f0 FA6A     		ldr	r2, [r7, #44]
4996:Middlewares/Third_Party/FreeRTOS/Source/tasks.c **** 				{
 6199              		.loc 1 4996 41 view .LVU1744
 6200 00f2 0D4B     		ldr	r3, .L478+12
 6201 00f4 1B68     		ldr	r3, [r3]
 6202 00f6 DB6A     		ldr	r3, [r3, #44]
4996:Middlewares/Third_Party/FreeRTOS/Source/tasks.c **** 				{
 6203              		.loc 1 4996 7 view .LVU1745
 6204 00f8 9A42     		cmp	r2, r3
 6205 00fa CFD9     		bls	.L465
5000:Middlewares/Third_Party/FreeRTOS/Source/tasks.c **** 					{
 6206              		.loc 1 5000 6 is_stmt 1 view .LVU1746
5000:Middlewares/Third_Party/FreeRTOS/Source/tasks.c **** 					{
 6207              		.loc 1 5000 8 is_stmt 0 view .LVU1747
 6208 00fc 069B     		ldr	r3, [sp, #24]
 6209 00fe 13B1     		cbz	r3, .L470
5002:Middlewares/Third_Party/FreeRTOS/Source/tasks.c **** 					}
 6210              		.loc 1 5002 7 is_stmt 1 view .LVU1748
5002:Middlewares/Third_Party/FreeRTOS/Source/tasks.c **** 					}
 6211              		.loc 1 5002 34 is_stmt 0 view .LVU1749
 6212 0100 0123     		movs	r3, #1
 6213 0102 069A     		ldr	r2, [sp, #24]
 6214 0104 1360     		str	r3, [r2]
 6215              	.L470:
5008:Middlewares/Third_Party/FreeRTOS/Source/tasks.c **** 				}
 6216              		.loc 1 5008 6 is_stmt 1 view .LVU1750
5008:Middlewares/Third_Party/FreeRTOS/Source/tasks.c **** 				}
 6217              		.loc 1 5008 20 is_stmt 0 view .LVU1751
 6218 0106 094B     		ldr	r3, .L478+16
 6219 0108 0122     		movs	r2, #1
 6220 010a 1A60     		str	r2, [r3]
 6221 010c C6E7     		b	.L465
 6222              	.LVL427:
 6223              	.L468:
4993:Middlewares/Third_Party/FreeRTOS/Source/tasks.c **** 				}
 6224              		.loc 1 4993 6 is_stmt 1 view .LVU1752
 6225 010e 07F11801 		add	r1, r7, #24
 6226 0112 0748     		ldr	r0, .L478+20
 6227 0114 FFF7FEFF 		bl	vListInsertEnd
 6228              	.LVL428:
 6229 0118 EAE7     		b	.L469
 6230              	.L479:
 6231 011a 00BF     		.align	2
 6232              	.L478:
 6233 011c 00000000 		.word	.LANCHOR16
 6234 0120 00000000 		.word	.LANCHOR13
 6235 0124 00000000 		.word	.LANCHOR4
 6236 0128 00000000 		.word	.LANCHOR10
 6237 012c 00000000 		.word	.LANCHOR19
 6238 0130 00000000 		.word	.LANCHOR1
 6239              		.cfi_endproc
 6240              	.LFE52:
 6242              		.section	.text.vTaskNotifyGiveFromISR,"ax",%progbits
 6243              		.align	1
 6244              		.global	vTaskNotifyGiveFromISR
 6245              		.syntax unified
 6246              		.thumb
ARM GAS  /tmp/ccoDOEnO.s 			page 235


 6247              		.thumb_func
 6249              	vTaskNotifyGiveFromISR:
 6250              	.LVL429:
 6251              	.LFB53:
5027:Middlewares/Third_Party/FreeRTOS/Source/tasks.c **** 	TCB_t * pxTCB;
 6252              		.loc 1 5027 2 view -0
 6253              		.cfi_startproc
 6254              		@ args = 0, pretend = 0, frame = 0
 6255              		@ frame_needed = 0, uses_anonymous_args = 0
5027:Middlewares/Third_Party/FreeRTOS/Source/tasks.c **** 	TCB_t * pxTCB;
 6256              		.loc 1 5027 2 is_stmt 0 view .LVU1754
 6257 0000 F8B5     		push	{r3, r4, r5, r6, r7, lr}
 6258              	.LCFI57:
 6259              		.cfi_def_cfa_offset 24
 6260              		.cfi_offset 3, -24
 6261              		.cfi_offset 4, -20
 6262              		.cfi_offset 5, -16
 6263              		.cfi_offset 6, -12
 6264              		.cfi_offset 7, -8
 6265              		.cfi_offset 14, -4
5028:Middlewares/Third_Party/FreeRTOS/Source/tasks.c **** 	uint8_t ucOriginalNotifyState;
 6266              		.loc 1 5028 2 is_stmt 1 view .LVU1755
5029:Middlewares/Third_Party/FreeRTOS/Source/tasks.c **** 	UBaseType_t uxSavedInterruptStatus;
 6267              		.loc 1 5029 2 view .LVU1756
5030:Middlewares/Third_Party/FreeRTOS/Source/tasks.c **** 
 6268              		.loc 1 5030 2 view .LVU1757
5032:Middlewares/Third_Party/FreeRTOS/Source/tasks.c **** 
 6269              		.loc 1 5032 3 view .LVU1758
 6270 0002 D8B1     		cbz	r0, .L490
 6271 0004 0D46     		mov	r5, r1
 6272 0006 0446     		mov	r4, r0
5032:Middlewares/Third_Party/FreeRTOS/Source/tasks.c **** 
 6273              		.loc 1 5032 32 discriminator 2 view .LVU1759
5050:Middlewares/Third_Party/FreeRTOS/Source/tasks.c **** 
 6274              		.loc 1 5050 3 discriminator 2 view .LVU1760
 6275 0008 FFF7FEFF 		bl	vPortValidateInterruptPriority
 6276              	.LVL430:
5052:Middlewares/Third_Party/FreeRTOS/Source/tasks.c **** 
 6277              		.loc 1 5052 3 discriminator 2 view .LVU1761
5054:Middlewares/Third_Party/FreeRTOS/Source/tasks.c **** 		{
 6278              		.loc 1 5054 3 discriminator 2 view .LVU1762
 6279              	.LBB219:
 6280              	.LBI219:
 209:Middlewares/Third_Party/FreeRTOS/Source/portable/GCC/ARM_CM3/portmacro.h **** {
 6281              		.loc 2 209 34 discriminator 2 view .LVU1763
 6282              	.LBB220:
 211:Middlewares/Third_Party/FreeRTOS/Source/portable/GCC/ARM_CM3/portmacro.h **** 
 6283              		.loc 2 211 1 discriminator 2 view .LVU1764
 213:Middlewares/Third_Party/FreeRTOS/Source/portable/GCC/ARM_CM3/portmacro.h **** 	(
 6284              		.loc 2 213 2 discriminator 2 view .LVU1765
 6285              		.syntax unified
 6286              	@ 213 "Middlewares/Third_Party/FreeRTOS/Source/portable/GCC/ARM_CM3/portmacro.h" 1
 6287 000c EFF31186 			mrs r6, basepri											
 6288 0010 4FF05003 		mov r3, #80												
 6289 0014 83F31188 		msr basepri, r3											
 6290 0018 BFF36F8F 		isb														
 6291 001c BFF34F8F 		dsb														
ARM GAS  /tmp/ccoDOEnO.s 			page 236


 6292              	
 6293              	@ 0 "" 2
 6294              	.LVL431:
 225:Middlewares/Third_Party/FreeRTOS/Source/portable/GCC/ARM_CM3/portmacro.h **** }
 6295              		.loc 2 225 2 discriminator 2 view .LVU1766
 225:Middlewares/Third_Party/FreeRTOS/Source/portable/GCC/ARM_CM3/portmacro.h **** }
 6296              		.loc 2 225 2 is_stmt 0 discriminator 2 view .LVU1767
 6297              		.thumb
 6298              		.syntax unified
 6299              	.LBE220:
 6300              	.LBE219:
5056:Middlewares/Third_Party/FreeRTOS/Source/tasks.c **** 			pxTCB->ucNotifyState = taskNOTIFICATION_RECEIVED;
 6301              		.loc 1 5056 4 is_stmt 1 discriminator 2 view .LVU1768
5056:Middlewares/Third_Party/FreeRTOS/Source/tasks.c **** 			pxTCB->ucNotifyState = taskNOTIFICATION_RECEIVED;
 6302              		.loc 1 5056 26 is_stmt 0 discriminator 2 view .LVU1769
 6303 0020 94F85030 		ldrb	r3, [r4, #80]	@ zero_extendqisi2
 6304 0024 DBB2     		uxtb	r3, r3
 6305              	.LVL432:
5057:Middlewares/Third_Party/FreeRTOS/Source/tasks.c **** 
 6306              		.loc 1 5057 4 is_stmt 1 discriminator 2 view .LVU1770
5057:Middlewares/Third_Party/FreeRTOS/Source/tasks.c **** 
 6307              		.loc 1 5057 25 is_stmt 0 discriminator 2 view .LVU1771
 6308 0026 0222     		movs	r2, #2
 6309 0028 84F85020 		strb	r2, [r4, #80]
5061:Middlewares/Third_Party/FreeRTOS/Source/tasks.c **** 
 6310              		.loc 1 5061 4 is_stmt 1 discriminator 2 view .LVU1772
5061:Middlewares/Third_Party/FreeRTOS/Source/tasks.c **** 
 6311              		.loc 1 5061 11 is_stmt 0 discriminator 2 view .LVU1773
 6312 002c E26C     		ldr	r2, [r4, #76]
5061:Middlewares/Third_Party/FreeRTOS/Source/tasks.c **** 
 6313              		.loc 1 5061 30 discriminator 2 view .LVU1774
 6314 002e 0132     		adds	r2, r2, #1
 6315 0030 E264     		str	r2, [r4, #76]
5063:Middlewares/Third_Party/FreeRTOS/Source/tasks.c **** 
 6316              		.loc 1 5063 36 is_stmt 1 discriminator 2 view .LVU1775
5067:Middlewares/Third_Party/FreeRTOS/Source/tasks.c **** 			{
 6317              		.loc 1 5067 4 discriminator 2 view .LVU1776
5067:Middlewares/Third_Party/FreeRTOS/Source/tasks.c **** 			{
 6318              		.loc 1 5067 6 is_stmt 0 discriminator 2 view .LVU1777
 6319 0032 012B     		cmp	r3, #1
 6320 0034 0BD0     		beq	.L491
 6321              	.LVL433:
 6322              	.L483:
5100:Middlewares/Third_Party/FreeRTOS/Source/tasks.c **** 				}
 6323              		.loc 1 5100 30 is_stmt 1 view .LVU1778
5104:Middlewares/Third_Party/FreeRTOS/Source/tasks.c **** 	}
 6324              		.loc 1 5104 3 view .LVU1779
 6325              	.LBB221:
 6326              	.LBI221:
 229:Middlewares/Third_Party/FreeRTOS/Source/portable/GCC/ARM_CM3/portmacro.h **** {
 6327              		.loc 2 229 30 view .LVU1780
 6328              	.LBB222:
 6329              		.loc 2 231 2 view .LVU1781
 6330              		.syntax unified
 6331              	@ 231 "Middlewares/Third_Party/FreeRTOS/Source/portable/GCC/ARM_CM3/portmacro.h" 1
 6332 0036 86F31188 			msr basepri, r6	
 6333              	@ 0 "" 2
ARM GAS  /tmp/ccoDOEnO.s 			page 237


 6334              	.LVL434:
 6335              		.loc 2 231 2 is_stmt 0 view .LVU1782
 6336              		.thumb
 6337              		.syntax unified
 6338              	.LBE222:
 6339              	.LBE221:
5105:Middlewares/Third_Party/FreeRTOS/Source/tasks.c **** 
 6340              		.loc 1 5105 2 view .LVU1783
 6341 003a F8BD     		pop	{r3, r4, r5, r6, r7, pc}
 6342              	.LVL435:
 6343              	.L490:
5032:Middlewares/Third_Party/FreeRTOS/Source/tasks.c **** 
 6344              		.loc 1 5032 3 is_stmt 1 view .LVU1784
 6345              	.LBB223:
 6346              	.LBI223:
 193:Middlewares/Third_Party/FreeRTOS/Source/portable/GCC/ARM_CM3/portmacro.h **** {
 6347              		.loc 2 193 30 view .LVU1785
 6348              	.LBB224:
 195:Middlewares/Third_Party/FreeRTOS/Source/portable/GCC/ARM_CM3/portmacro.h **** 
 6349              		.loc 2 195 1 view .LVU1786
 197:Middlewares/Third_Party/FreeRTOS/Source/portable/GCC/ARM_CM3/portmacro.h **** 	(
 6350              		.loc 2 197 2 view .LVU1787
 6351              		.syntax unified
 6352              	@ 197 "Middlewares/Third_Party/FreeRTOS/Source/portable/GCC/ARM_CM3/portmacro.h" 1
 6353 003c 4FF05003 			mov r3, #80												
 6354 0040 83F31188 		msr basepri, r3											
 6355 0044 BFF36F8F 		isb														
 6356 0048 BFF34F8F 		dsb														
 6357              	
 6358              	@ 0 "" 2
 6359              	.LVL436:
 6360              		.thumb
 6361              		.syntax unified
 6362              	.L482:
 197:Middlewares/Third_Party/FreeRTOS/Source/portable/GCC/ARM_CM3/portmacro.h **** 	(
 6363              		.loc 2 197 2 is_stmt 0 view .LVU1788
 6364              	.LBE224:
 6365              	.LBE223:
5032:Middlewares/Third_Party/FreeRTOS/Source/tasks.c **** 
 6366              		.loc 1 5032 3 is_stmt 1 discriminator 1 view .LVU1789
5032:Middlewares/Third_Party/FreeRTOS/Source/tasks.c **** 
 6367              		.loc 1 5032 3 discriminator 1 view .LVU1790
5032:Middlewares/Third_Party/FreeRTOS/Source/tasks.c **** 
 6368              		.loc 1 5032 3 discriminator 1 view .LVU1791
 6369 004c FEE7     		b	.L482
 6370              	.LVL437:
 6371              	.L491:
5070:Middlewares/Third_Party/FreeRTOS/Source/tasks.c **** 
 6372              		.loc 1 5070 5 view .LVU1792
 6373 004e A36A     		ldr	r3, [r4, #40]
 6374              	.LVL438:
5070:Middlewares/Third_Party/FreeRTOS/Source/tasks.c **** 
 6375              		.loc 1 5070 5 is_stmt 0 view .LVU1793
 6376 0050 43B1     		cbz	r3, .L484
5070:Middlewares/Third_Party/FreeRTOS/Source/tasks.c **** 
 6377              		.loc 1 5070 5 is_stmt 1 view .LVU1794
 6378              	.LBB225:
ARM GAS  /tmp/ccoDOEnO.s 			page 238


 6379              	.LBI225:
 193:Middlewares/Third_Party/FreeRTOS/Source/portable/GCC/ARM_CM3/portmacro.h **** {
 6380              		.loc 2 193 30 view .LVU1795
 6381              	.LBB226:
 195:Middlewares/Third_Party/FreeRTOS/Source/portable/GCC/ARM_CM3/portmacro.h **** 
 6382              		.loc 2 195 1 view .LVU1796
 197:Middlewares/Third_Party/FreeRTOS/Source/portable/GCC/ARM_CM3/portmacro.h **** 	(
 6383              		.loc 2 197 2 view .LVU1797
 6384              		.syntax unified
 6385              	@ 197 "Middlewares/Third_Party/FreeRTOS/Source/portable/GCC/ARM_CM3/portmacro.h" 1
 6386 0052 4FF05003 			mov r3, #80												
 6387 0056 83F31188 		msr basepri, r3											
 6388 005a BFF36F8F 		isb														
 6389 005e BFF34F8F 		dsb														
 6390              	
 6391              	@ 0 "" 2
 6392              	.LVL439:
 6393              		.thumb
 6394              		.syntax unified
 6395              	.L485:
 197:Middlewares/Third_Party/FreeRTOS/Source/portable/GCC/ARM_CM3/portmacro.h **** 	(
 6396              		.loc 2 197 2 is_stmt 0 view .LVU1798
 6397              	.LBE226:
 6398              	.LBE225:
5070:Middlewares/Third_Party/FreeRTOS/Source/tasks.c **** 
 6399              		.loc 1 5070 5 is_stmt 1 discriminator 2 view .LVU1799
5070:Middlewares/Third_Party/FreeRTOS/Source/tasks.c **** 
 6400              		.loc 1 5070 5 discriminator 2 view .LVU1800
5070:Middlewares/Third_Party/FreeRTOS/Source/tasks.c **** 
 6401              		.loc 1 5070 5 discriminator 2 view .LVU1801
 6402 0062 FEE7     		b	.L485
 6403              	.L484:
5070:Middlewares/Third_Party/FreeRTOS/Source/tasks.c **** 
 6404              		.loc 1 5070 82 discriminator 2 view .LVU1802
5072:Middlewares/Third_Party/FreeRTOS/Source/tasks.c **** 				{
 6405              		.loc 1 5072 5 discriminator 2 view .LVU1803
5072:Middlewares/Third_Party/FreeRTOS/Source/tasks.c **** 				{
 6406              		.loc 1 5072 30 is_stmt 0 discriminator 2 view .LVU1804
 6407 0064 144B     		ldr	r3, .L492
 6408 0066 1B68     		ldr	r3, [r3]
5072:Middlewares/Third_Party/FreeRTOS/Source/tasks.c **** 				{
 6409              		.loc 1 5072 7 discriminator 2 view .LVU1805
 6410 0068 FBB9     		cbnz	r3, .L486
5074:Middlewares/Third_Party/FreeRTOS/Source/tasks.c **** 					prvAddTaskToReadyList( pxTCB );
 6411              		.loc 1 5074 6 is_stmt 1 view .LVU1806
5074:Middlewares/Third_Party/FreeRTOS/Source/tasks.c **** 					prvAddTaskToReadyList( pxTCB );
 6412              		.loc 1 5074 15 is_stmt 0 view .LVU1807
 6413 006a 271D     		adds	r7, r4, #4
 6414 006c 3846     		mov	r0, r7
 6415 006e FFF7FEFF 		bl	uxListRemove
 6416              	.LVL440:
5075:Middlewares/Third_Party/FreeRTOS/Source/tasks.c **** 				}
 6417              		.loc 1 5075 6 is_stmt 1 view .LVU1808
5075:Middlewares/Third_Party/FreeRTOS/Source/tasks.c **** 				}
 6418              		.loc 1 5075 6 view .LVU1809
 6419 0072 E06A     		ldr	r0, [r4, #44]
 6420 0074 0123     		movs	r3, #1
ARM GAS  /tmp/ccoDOEnO.s 			page 239


 6421 0076 8340     		lsls	r3, r3, r0
 6422 0078 104A     		ldr	r2, .L492+4
 6423 007a 1168     		ldr	r1, [r2]
 6424 007c 0B43     		orrs	r3, r3, r1
 6425 007e 1360     		str	r3, [r2]
5075:Middlewares/Third_Party/FreeRTOS/Source/tasks.c **** 				}
 6426              		.loc 1 5075 6 view .LVU1810
 6427 0080 00EB8000 		add	r0, r0, r0, lsl #2
 6428 0084 3946     		mov	r1, r7
 6429 0086 0E4B     		ldr	r3, .L492+8
 6430 0088 03EB8000 		add	r0, r3, r0, lsl #2
 6431 008c FFF7FEFF 		bl	vListInsertEnd
 6432              	.LVL441:
5075:Middlewares/Third_Party/FreeRTOS/Source/tasks.c **** 				}
 6433              		.loc 1 5075 36 view .LVU1811
 6434              	.L487:
5084:Middlewares/Third_Party/FreeRTOS/Source/tasks.c **** 				{
 6435              		.loc 1 5084 5 view .LVU1812
5084:Middlewares/Third_Party/FreeRTOS/Source/tasks.c **** 				{
 6436              		.loc 1 5084 14 is_stmt 0 view .LVU1813
 6437 0090 E26A     		ldr	r2, [r4, #44]
5084:Middlewares/Third_Party/FreeRTOS/Source/tasks.c **** 				{
 6438              		.loc 1 5084 41 view .LVU1814
 6439 0092 0C4B     		ldr	r3, .L492+12
 6440 0094 1B68     		ldr	r3, [r3]
 6441 0096 DB6A     		ldr	r3, [r3, #44]
5084:Middlewares/Third_Party/FreeRTOS/Source/tasks.c **** 				{
 6442              		.loc 1 5084 7 view .LVU1815
 6443 0098 9A42     		cmp	r2, r3
 6444 009a CCD9     		bls	.L483
5088:Middlewares/Third_Party/FreeRTOS/Source/tasks.c **** 					{
 6445              		.loc 1 5088 6 is_stmt 1 view .LVU1816
5088:Middlewares/Third_Party/FreeRTOS/Source/tasks.c **** 					{
 6446              		.loc 1 5088 8 is_stmt 0 view .LVU1817
 6447 009c 0DB1     		cbz	r5, .L488
5090:Middlewares/Third_Party/FreeRTOS/Source/tasks.c **** 					}
 6448              		.loc 1 5090 7 is_stmt 1 view .LVU1818
5090:Middlewares/Third_Party/FreeRTOS/Source/tasks.c **** 					}
 6449              		.loc 1 5090 34 is_stmt 0 view .LVU1819
 6450 009e 0123     		movs	r3, #1
 6451 00a0 2B60     		str	r3, [r5]
 6452              	.L488:
5096:Middlewares/Third_Party/FreeRTOS/Source/tasks.c **** 				}
 6453              		.loc 1 5096 6 is_stmt 1 view .LVU1820
5096:Middlewares/Third_Party/FreeRTOS/Source/tasks.c **** 				}
 6454              		.loc 1 5096 20 is_stmt 0 view .LVU1821
 6455 00a2 094B     		ldr	r3, .L492+16
 6456 00a4 0122     		movs	r2, #1
 6457 00a6 1A60     		str	r2, [r3]
 6458 00a8 C5E7     		b	.L483
 6459              	.L486:
5081:Middlewares/Third_Party/FreeRTOS/Source/tasks.c **** 				}
 6460              		.loc 1 5081 6 is_stmt 1 view .LVU1822
 6461 00aa 04F11801 		add	r1, r4, #24
 6462 00ae 0748     		ldr	r0, .L492+20
 6463 00b0 FFF7FEFF 		bl	vListInsertEnd
 6464              	.LVL442:
ARM GAS  /tmp/ccoDOEnO.s 			page 240


 6465 00b4 ECE7     		b	.L487
 6466              	.L493:
 6467 00b6 00BF     		.align	2
 6468              	.L492:
 6469 00b8 00000000 		.word	.LANCHOR16
 6470 00bc 00000000 		.word	.LANCHOR13
 6471 00c0 00000000 		.word	.LANCHOR4
 6472 00c4 00000000 		.word	.LANCHOR10
 6473 00c8 00000000 		.word	.LANCHOR19
 6474 00cc 00000000 		.word	.LANCHOR1
 6475              		.cfi_endproc
 6476              	.LFE53:
 6478              		.section	.text.xTaskNotifyStateClear,"ax",%progbits
 6479              		.align	1
 6480              		.global	xTaskNotifyStateClear
 6481              		.syntax unified
 6482              		.thumb
 6483              		.thumb_func
 6485              	xTaskNotifyStateClear:
 6486              	.LVL443:
 6487              	.LFB54:
5113:Middlewares/Third_Party/FreeRTOS/Source/tasks.c **** 	TCB_t *pxTCB;
 6488              		.loc 1 5113 2 view -0
 6489              		.cfi_startproc
 6490              		@ args = 0, pretend = 0, frame = 0
 6491              		@ frame_needed = 0, uses_anonymous_args = 0
5113:Middlewares/Third_Party/FreeRTOS/Source/tasks.c **** 	TCB_t *pxTCB;
 6492              		.loc 1 5113 2 is_stmt 0 view .LVU1824
 6493 0000 10B5     		push	{r4, lr}
 6494              	.LCFI58:
 6495              		.cfi_def_cfa_offset 8
 6496              		.cfi_offset 4, -8
 6497              		.cfi_offset 14, -4
5114:Middlewares/Third_Party/FreeRTOS/Source/tasks.c **** 	BaseType_t xReturn;
 6498              		.loc 1 5114 2 is_stmt 1 view .LVU1825
5115:Middlewares/Third_Party/FreeRTOS/Source/tasks.c **** 
 6499              		.loc 1 5115 2 view .LVU1826
5119:Middlewares/Third_Party/FreeRTOS/Source/tasks.c **** 
 6500              		.loc 1 5119 3 view .LVU1827
5119:Middlewares/Third_Party/FreeRTOS/Source/tasks.c **** 
 6501              		.loc 1 5119 11 is_stmt 0 view .LVU1828
 6502 0002 0446     		mov	r4, r0
 6503 0004 58B1     		cbz	r0, .L499
 6504              	.LVL444:
 6505              	.L495:
5121:Middlewares/Third_Party/FreeRTOS/Source/tasks.c **** 		{
 6506              		.loc 1 5121 3 is_stmt 1 discriminator 4 view .LVU1829
 6507 0006 FFF7FEFF 		bl	vPortEnterCritical
 6508              	.LVL445:
5123:Middlewares/Third_Party/FreeRTOS/Source/tasks.c **** 			{
 6509              		.loc 1 5123 4 discriminator 4 view .LVU1830
5123:Middlewares/Third_Party/FreeRTOS/Source/tasks.c **** 			{
 6510              		.loc 1 5123 13 is_stmt 0 discriminator 4 view .LVU1831
 6511 000a 94F85030 		ldrb	r3, [r4, #80]	@ zero_extendqisi2
 6512 000e DBB2     		uxtb	r3, r3
5123:Middlewares/Third_Party/FreeRTOS/Source/tasks.c **** 			{
 6513              		.loc 1 5123 6 discriminator 4 view .LVU1832
ARM GAS  /tmp/ccoDOEnO.s 			page 241


 6514 0010 022B     		cmp	r3, #2
 6515 0012 07D0     		beq	.L500
5130:Middlewares/Third_Party/FreeRTOS/Source/tasks.c **** 			}
 6516              		.loc 1 5130 13 view .LVU1833
 6517 0014 0024     		movs	r4, #0
 6518              	.LVL446:
 6519              	.L496:
5133:Middlewares/Third_Party/FreeRTOS/Source/tasks.c **** 
 6520              		.loc 1 5133 3 is_stmt 1 view .LVU1834
 6521 0016 FFF7FEFF 		bl	vPortExitCritical
 6522              	.LVL447:
5135:Middlewares/Third_Party/FreeRTOS/Source/tasks.c **** 	}
 6523              		.loc 1 5135 3 view .LVU1835
5136:Middlewares/Third_Party/FreeRTOS/Source/tasks.c **** 
 6524              		.loc 1 5136 2 is_stmt 0 view .LVU1836
 6525 001a 2046     		mov	r0, r4
 6526 001c 10BD     		pop	{r4, pc}
 6527              	.LVL448:
 6528              	.L499:
5119:Middlewares/Third_Party/FreeRTOS/Source/tasks.c **** 
 6529              		.loc 1 5119 11 discriminator 1 view .LVU1837
 6530 001e 044B     		ldr	r3, .L501
 6531 0020 1C68     		ldr	r4, [r3]
 6532              	.LVL449:
5119:Middlewares/Third_Party/FreeRTOS/Source/tasks.c **** 
 6533              		.loc 1 5119 11 discriminator 1 view .LVU1838
 6534 0022 F0E7     		b	.L495
 6535              	.LVL450:
 6536              	.L500:
5125:Middlewares/Third_Party/FreeRTOS/Source/tasks.c **** 				xReturn = pdPASS;
 6537              		.loc 1 5125 5 is_stmt 1 view .LVU1839
5125:Middlewares/Third_Party/FreeRTOS/Source/tasks.c **** 				xReturn = pdPASS;
 6538              		.loc 1 5125 26 is_stmt 0 view .LVU1840
 6539 0024 0023     		movs	r3, #0
 6540 0026 84F85030 		strb	r3, [r4, #80]
5126:Middlewares/Third_Party/FreeRTOS/Source/tasks.c **** 			}
 6541              		.loc 1 5126 5 is_stmt 1 view .LVU1841
 6542              	.LVL451:
5126:Middlewares/Third_Party/FreeRTOS/Source/tasks.c **** 			}
 6543              		.loc 1 5126 13 is_stmt 0 view .LVU1842
 6544 002a 0124     		movs	r4, #1
 6545              	.LVL452:
5126:Middlewares/Third_Party/FreeRTOS/Source/tasks.c **** 			}
 6546              		.loc 1 5126 13 view .LVU1843
 6547 002c F3E7     		b	.L496
 6548              	.L502:
 6549 002e 00BF     		.align	2
 6550              	.L501:
 6551 0030 00000000 		.word	.LANCHOR10
 6552              		.cfi_endproc
 6553              	.LFE54:
 6555              		.section	.text.ulTaskNotifyValueClear,"ax",%progbits
 6556              		.align	1
 6557              		.global	ulTaskNotifyValueClear
 6558              		.syntax unified
 6559              		.thumb
 6560              		.thumb_func
ARM GAS  /tmp/ccoDOEnO.s 			page 242


 6562              	ulTaskNotifyValueClear:
 6563              	.LVL453:
 6564              	.LFB55:
5144:Middlewares/Third_Party/FreeRTOS/Source/tasks.c **** 	TCB_t *pxTCB;
 6565              		.loc 1 5144 2 is_stmt 1 view -0
 6566              		.cfi_startproc
 6567              		@ args = 0, pretend = 0, frame = 0
 6568              		@ frame_needed = 0, uses_anonymous_args = 0
5144:Middlewares/Third_Party/FreeRTOS/Source/tasks.c **** 	TCB_t *pxTCB;
 6569              		.loc 1 5144 2 is_stmt 0 view .LVU1845
 6570 0000 70B5     		push	{r4, r5, r6, lr}
 6571              	.LCFI59:
 6572              		.cfi_def_cfa_offset 16
 6573              		.cfi_offset 4, -16
 6574              		.cfi_offset 5, -12
 6575              		.cfi_offset 6, -8
 6576              		.cfi_offset 14, -4
 6577 0002 0C46     		mov	r4, r1
5145:Middlewares/Third_Party/FreeRTOS/Source/tasks.c **** 	uint32_t ulReturn;
 6578              		.loc 1 5145 2 is_stmt 1 view .LVU1846
5146:Middlewares/Third_Party/FreeRTOS/Source/tasks.c **** 
 6579              		.loc 1 5146 2 view .LVU1847
5150:Middlewares/Third_Party/FreeRTOS/Source/tasks.c **** 
 6580              		.loc 1 5150 3 view .LVU1848
5150:Middlewares/Third_Party/FreeRTOS/Source/tasks.c **** 
 6581              		.loc 1 5150 11 is_stmt 0 view .LVU1849
 6582 0004 0546     		mov	r5, r0
 6583 0006 60B1     		cbz	r0, .L506
 6584              	.LVL454:
 6585              	.L504:
5152:Middlewares/Third_Party/FreeRTOS/Source/tasks.c **** 		{
 6586              		.loc 1 5152 3 is_stmt 1 discriminator 4 view .LVU1850
 6587 0008 FFF7FEFF 		bl	vPortEnterCritical
 6588              	.LVL455:
5156:Middlewares/Third_Party/FreeRTOS/Source/tasks.c **** 			pxTCB->ulNotifiedValue &= ~ulBitsToClear;
 6589              		.loc 1 5156 4 discriminator 4 view .LVU1851
5156:Middlewares/Third_Party/FreeRTOS/Source/tasks.c **** 			pxTCB->ulNotifiedValue &= ~ulBitsToClear;
 6590              		.loc 1 5156 27 is_stmt 0 discriminator 4 view .LVU1852
 6591 000c 064B     		ldr	r3, .L507
 6592 000e 1B68     		ldr	r3, [r3]
5156:Middlewares/Third_Party/FreeRTOS/Source/tasks.c **** 			pxTCB->ulNotifiedValue &= ~ulBitsToClear;
 6593              		.loc 1 5156 13 discriminator 4 view .LVU1853
 6594 0010 DE6C     		ldr	r6, [r3, #76]
 6595              	.LVL456:
5157:Middlewares/Third_Party/FreeRTOS/Source/tasks.c **** 		}
 6596              		.loc 1 5157 4 is_stmt 1 discriminator 4 view .LVU1854
5157:Middlewares/Third_Party/FreeRTOS/Source/tasks.c **** 		}
 6597              		.loc 1 5157 27 is_stmt 0 discriminator 4 view .LVU1855
 6598 0012 EB6C     		ldr	r3, [r5, #76]
 6599 0014 23EA0403 		bic	r3, r3, r4
 6600 0018 EB64     		str	r3, [r5, #76]
5159:Middlewares/Third_Party/FreeRTOS/Source/tasks.c **** 
 6601              		.loc 1 5159 3 is_stmt 1 discriminator 4 view .LVU1856
 6602 001a FFF7FEFF 		bl	vPortExitCritical
 6603              	.LVL457:
5161:Middlewares/Third_Party/FreeRTOS/Source/tasks.c **** 	}
 6604              		.loc 1 5161 3 discriminator 4 view .LVU1857
ARM GAS  /tmp/ccoDOEnO.s 			page 243


5162:Middlewares/Third_Party/FreeRTOS/Source/tasks.c **** 
 6605              		.loc 1 5162 2 is_stmt 0 discriminator 4 view .LVU1858
 6606 001e 3046     		mov	r0, r6
 6607 0020 70BD     		pop	{r4, r5, r6, pc}
 6608              	.LVL458:
 6609              	.L506:
5150:Middlewares/Third_Party/FreeRTOS/Source/tasks.c **** 
 6610              		.loc 1 5150 11 discriminator 1 view .LVU1859
 6611 0022 014B     		ldr	r3, .L507
 6612 0024 1D68     		ldr	r5, [r3]
 6613              	.LVL459:
5150:Middlewares/Third_Party/FreeRTOS/Source/tasks.c **** 
 6614              		.loc 1 5150 11 discriminator 1 view .LVU1860
 6615 0026 EFE7     		b	.L504
 6616              	.L508:
 6617              		.align	2
 6618              	.L507:
 6619 0028 00000000 		.word	.LANCHOR10
 6620              		.cfi_endproc
 6621              	.LFE55:
 6623              		.global	pxCurrentTCB
 6624              		.section	.bss.pxCurrentTCB,"aw",%nobits
 6625              		.align	2
 6626              		.set	.LANCHOR10,. + 0
 6629              	pxCurrentTCB:
 6630 0000 00000000 		.space	4
 6631              		.section	.bss.pxDelayedTaskList,"aw",%nobits
 6632              		.align	2
 6633              		.set	.LANCHOR2,. + 0
 6636              	pxDelayedTaskList:
 6637 0000 00000000 		.space	4
 6638              		.section	.bss.pxOverflowDelayedTaskList,"aw",%nobits
 6639              		.align	2
 6640              		.set	.LANCHOR8,. + 0
 6643              	pxOverflowDelayedTaskList:
 6644 0000 00000000 		.space	4
 6645              		.section	.bss.pxReadyTasksLists,"aw",%nobits
 6646              		.align	2
 6647              		.set	.LANCHOR4,. + 0
 6650              	pxReadyTasksLists:
 6651 0000 00000000 		.space	100
 6651      00000000 
 6651      00000000 
 6651      00000000 
 6651      00000000 
 6652              		.section	.bss.uxCurrentNumberOfTasks,"aw",%nobits
 6653              		.align	2
 6654              		.set	.LANCHOR9,. + 0
 6657              	uxCurrentNumberOfTasks:
 6658 0000 00000000 		.space	4
 6659              		.section	.bss.uxDeletedTasksWaitingCleanUp,"aw",%nobits
 6660              		.align	2
 6661              		.set	.LANCHOR14,. + 0
 6664              	uxDeletedTasksWaitingCleanUp:
 6665 0000 00000000 		.space	4
 6666              		.section	.bss.uxSchedulerSuspended,"aw",%nobits
 6667              		.align	2
ARM GAS  /tmp/ccoDOEnO.s 			page 244


 6668              		.set	.LANCHOR16,. + 0
 6671              	uxSchedulerSuspended:
 6672 0000 00000000 		.space	4
 6673              		.section	.bss.uxTaskNumber,"aw",%nobits
 6674              		.align	2
 6675              		.set	.LANCHOR12,. + 0
 6678              	uxTaskNumber:
 6679 0000 00000000 		.space	4
 6680              		.section	.bss.uxTopReadyPriority,"aw",%nobits
 6681              		.align	2
 6682              		.set	.LANCHOR13,. + 0
 6685              	uxTopReadyPriority:
 6686 0000 00000000 		.space	4
 6687              		.section	.bss.xDelayedTaskList1,"aw",%nobits
 6688              		.align	2
 6689              		.set	.LANCHOR5,. + 0
 6692              	xDelayedTaskList1:
 6693 0000 00000000 		.space	20
 6693      00000000 
 6693      00000000 
 6693      00000000 
 6693      00000000 
 6694              		.section	.bss.xDelayedTaskList2,"aw",%nobits
 6695              		.align	2
 6696              		.set	.LANCHOR6,. + 0
 6699              	xDelayedTaskList2:
 6700 0000 00000000 		.space	20
 6700      00000000 
 6700      00000000 
 6700      00000000 
 6700      00000000 
 6701              		.section	.bss.xIdleTaskHandle,"aw",%nobits
 6702              		.align	2
 6703              		.set	.LANCHOR17,. + 0
 6706              	xIdleTaskHandle:
 6707 0000 00000000 		.space	4
 6708              		.section	.bss.xNextTaskUnblockTime,"aw",%nobits
 6709              		.align	2
 6710              		.set	.LANCHOR3,. + 0
 6713              	xNextTaskUnblockTime:
 6714 0000 00000000 		.space	4
 6715              		.section	.bss.xNumOfOverflows,"aw",%nobits
 6716              		.align	2
 6717              		.set	.LANCHOR18,. + 0
 6720              	xNumOfOverflows:
 6721 0000 00000000 		.space	4
 6722              		.section	.bss.xPendedTicks,"aw",%nobits
 6723              		.align	2
 6724              		.set	.LANCHOR20,. + 0
 6727              	xPendedTicks:
 6728 0000 00000000 		.space	4
 6729              		.section	.bss.xPendingReadyList,"aw",%nobits
 6730              		.align	2
 6731              		.set	.LANCHOR1,. + 0
 6734              	xPendingReadyList:
 6735 0000 00000000 		.space	20
 6735      00000000 
ARM GAS  /tmp/ccoDOEnO.s 			page 245


 6735      00000000 
 6735      00000000 
 6735      00000000 
 6736              		.section	.bss.xSchedulerRunning,"aw",%nobits
 6737              		.align	2
 6738              		.set	.LANCHOR11,. + 0
 6741              	xSchedulerRunning:
 6742 0000 00000000 		.space	4
 6743              		.section	.bss.xSuspendedTaskList,"aw",%nobits
 6744              		.align	2
 6745              		.set	.LANCHOR0,. + 0
 6748              	xSuspendedTaskList:
 6749 0000 00000000 		.space	20
 6749      00000000 
 6749      00000000 
 6749      00000000 
 6749      00000000 
 6750              		.section	.bss.xTasksWaitingTermination,"aw",%nobits
 6751              		.align	2
 6752              		.set	.LANCHOR7,. + 0
 6755              	xTasksWaitingTermination:
 6756 0000 00000000 		.space	20
 6756      00000000 
 6756      00000000 
 6756      00000000 
 6756      00000000 
 6757              		.section	.bss.xTickCount,"aw",%nobits
 6758              		.align	2
 6759              		.set	.LANCHOR15,. + 0
 6762              	xTickCount:
 6763 0000 00000000 		.space	4
 6764              		.section	.bss.xYieldPending,"aw",%nobits
 6765              		.align	2
 6766              		.set	.LANCHOR19,. + 0
 6769              	xYieldPending:
 6770 0000 00000000 		.space	4
 6771              		.text
 6772              	.Letext0:
 6773              		.file 3 "/home/santiago/gcc-arm-none-eabi-10.3-2021.10-x86_64-linux/gcc-arm-none-eabi-10.3-2021.10
 6774              		.file 4 "/home/santiago/gcc-arm-none-eabi-10.3-2021.10-x86_64-linux/gcc-arm-none-eabi-10.3-2021.10
 6775              		.file 5 "/home/santiago/gcc-arm-none-eabi-10.3-2021.10-x86_64-linux/gcc-arm-none-eabi-10.3-2021.10
 6776              		.file 6 "Middlewares/Third_Party/FreeRTOS/Source/include/projdefs.h"
 6777              		.file 7 "Middlewares/Third_Party/FreeRTOS/Source/include/FreeRTOS.h"
 6778              		.file 8 "Middlewares/Third_Party/FreeRTOS/Source/include/list.h"
 6779              		.file 9 "Middlewares/Third_Party/FreeRTOS/Source/include/task.h"
 6780              		.file 10 "Middlewares/Third_Party/FreeRTOS/Source/include/portable.h"
ARM GAS  /tmp/ccoDOEnO.s 			page 246


DEFINED SYMBOLS
                            *ABS*:0000000000000000 tasks.c
     /tmp/ccoDOEnO.s:18     .text.prvTaskIsTaskSuspended:0000000000000000 $t
     /tmp/ccoDOEnO.s:23     .text.prvTaskIsTaskSuspended:0000000000000000 prvTaskIsTaskSuspended
     /tmp/ccoDOEnO.s:113    .text.prvTaskIsTaskSuspended:0000000000000038 $d
     /tmp/ccoDOEnO.s:119    .text.prvResetNextTaskUnblockTime:0000000000000000 $t
     /tmp/ccoDOEnO.s:124    .text.prvResetNextTaskUnblockTime:0000000000000000 prvResetNextTaskUnblockTime
     /tmp/ccoDOEnO.s:167    .text.prvResetNextTaskUnblockTime:0000000000000024 $d
     /tmp/ccoDOEnO.s:173    .text.prvInitialiseNewTask:0000000000000000 $t
     /tmp/ccoDOEnO.s:178    .text.prvInitialiseNewTask:0000000000000000 prvInitialiseNewTask
     /tmp/ccoDOEnO.s:338    .text.prvInitialiseTaskLists:0000000000000000 $t
     /tmp/ccoDOEnO.s:343    .text.prvInitialiseTaskLists:0000000000000000 prvInitialiseTaskLists
     /tmp/ccoDOEnO.s:418    .text.prvInitialiseTaskLists:0000000000000048 $d
     /tmp/ccoDOEnO.s:430    .text.prvAddNewTaskToReadyList:0000000000000000 $t
     /tmp/ccoDOEnO.s:435    .text.prvAddNewTaskToReadyList:0000000000000000 prvAddNewTaskToReadyList
     /tmp/ccoDOEnO.s:571    .text.prvAddNewTaskToReadyList:0000000000000090 $d
     /tmp/ccoDOEnO.s:581    .text.prvDeleteTCB:0000000000000000 $t
     /tmp/ccoDOEnO.s:586    .text.prvDeleteTCB:0000000000000000 prvDeleteTCB
     /tmp/ccoDOEnO.s:664    .text.prvCheckTasksWaitingTermination:0000000000000000 $t
     /tmp/ccoDOEnO.s:669    .text.prvCheckTasksWaitingTermination:0000000000000000 prvCheckTasksWaitingTermination
     /tmp/ccoDOEnO.s:746    .text.prvCheckTasksWaitingTermination:0000000000000040 $d
     /tmp/ccoDOEnO.s:753    .text.prvIdleTask:0000000000000000 $t
     /tmp/ccoDOEnO.s:758    .text.prvIdleTask:0000000000000000 prvIdleTask
     /tmp/ccoDOEnO.s:807    .text.prvIdleTask:0000000000000024 $d
     /tmp/ccoDOEnO.s:812    .text.prvAddCurrentTaskToDelayedList:0000000000000000 $t
     /tmp/ccoDOEnO.s:817    .text.prvAddCurrentTaskToDelayedList:0000000000000000 prvAddCurrentTaskToDelayedList
     /tmp/ccoDOEnO.s:937    .text.prvAddCurrentTaskToDelayedList:000000000000007c $d
     /tmp/ccoDOEnO.s:948    .text.xTaskCreateStatic:0000000000000000 $t
     /tmp/ccoDOEnO.s:954    .text.xTaskCreateStatic:0000000000000000 xTaskCreateStatic
     /tmp/ccoDOEnO.s:1119   .text.xTaskCreate:0000000000000000 $t
     /tmp/ccoDOEnO.s:1125   .text.xTaskCreate:0000000000000000 xTaskCreate
     /tmp/ccoDOEnO.s:1250   .text.vTaskDelete:0000000000000000 $t
     /tmp/ccoDOEnO.s:1256   .text.vTaskDelete:0000000000000000 vTaskDelete
     /tmp/ccoDOEnO.s:1442   .text.vTaskDelete:00000000000000bc $d
     /tmp/ccoDOEnO.s:1455   .text.uxTaskPriorityGet:0000000000000000 $t
     /tmp/ccoDOEnO.s:1461   .text.uxTaskPriorityGet:0000000000000000 uxTaskPriorityGet
     /tmp/ccoDOEnO.s:1507   .text.uxTaskPriorityGet:000000000000001c $d
     /tmp/ccoDOEnO.s:1512   .text.uxTaskPriorityGetFromISR:0000000000000000 $t
     /tmp/ccoDOEnO.s:1518   .text.uxTaskPriorityGetFromISR:0000000000000000 uxTaskPriorityGetFromISR
     /tmp/ccoDOEnO.s:1599   .text.uxTaskPriorityGetFromISR:000000000000002c $d
     /tmp/ccoDOEnO.s:1604   .text.vTaskPrioritySet:0000000000000000 $t
     /tmp/ccoDOEnO.s:1610   .text.vTaskPrioritySet:0000000000000000 vTaskPrioritySet
     /tmp/ccoDOEnO.s:1855   .text.vTaskPrioritySet:00000000000000dc $d
     /tmp/ccoDOEnO.s:1862   .text.vTaskResume:0000000000000000 $t
     /tmp/ccoDOEnO.s:1868   .text.vTaskResume:0000000000000000 vTaskResume
     /tmp/ccoDOEnO.s:1999   .text.vTaskResume:000000000000007c $d
     /tmp/ccoDOEnO.s:2006   .text.xTaskResumeFromISR:0000000000000000 $t
     /tmp/ccoDOEnO.s:2012   .text.xTaskResumeFromISR:0000000000000000 xTaskResumeFromISR
     /tmp/ccoDOEnO.s:2183   .text.xTaskResumeFromISR:0000000000000090 $d
     /tmp/ccoDOEnO.s:2192   .rodata.vTaskStartScheduler.str1.4:0000000000000000 $d
     /tmp/ccoDOEnO.s:2196   .text.vTaskStartScheduler:0000000000000000 $t
     /tmp/ccoDOEnO.s:2202   .text.vTaskStartScheduler:0000000000000000 vTaskStartScheduler
     /tmp/ccoDOEnO.s:2304   .text.vTaskStartScheduler:000000000000005c $d
     /tmp/ccoDOEnO.s:2314   .text.vTaskEndScheduler:0000000000000000 $t
     /tmp/ccoDOEnO.s:2320   .text.vTaskEndScheduler:0000000000000000 vTaskEndScheduler
     /tmp/ccoDOEnO.s:2363   .text.vTaskEndScheduler:0000000000000020 $d
     /tmp/ccoDOEnO.s:2368   .text.vTaskSuspendAll:0000000000000000 $t
ARM GAS  /tmp/ccoDOEnO.s 			page 247


     /tmp/ccoDOEnO.s:2374   .text.vTaskSuspendAll:0000000000000000 vTaskSuspendAll
     /tmp/ccoDOEnO.s:2393   .text.vTaskSuspendAll:000000000000000c $d
     /tmp/ccoDOEnO.s:2398   .text.xTaskGetTickCount:0000000000000000 $t
     /tmp/ccoDOEnO.s:2404   .text.xTaskGetTickCount:0000000000000000 xTaskGetTickCount
     /tmp/ccoDOEnO.s:2425   .text.xTaskGetTickCount:0000000000000008 $d
     /tmp/ccoDOEnO.s:2430   .text.xTaskGetTickCountFromISR:0000000000000000 $t
     /tmp/ccoDOEnO.s:2436   .text.xTaskGetTickCountFromISR:0000000000000000 xTaskGetTickCountFromISR
     /tmp/ccoDOEnO.s:2465   .text.xTaskGetTickCountFromISR:000000000000000c $d
     /tmp/ccoDOEnO.s:2470   .text.uxTaskGetNumberOfTasks:0000000000000000 $t
     /tmp/ccoDOEnO.s:2476   .text.uxTaskGetNumberOfTasks:0000000000000000 uxTaskGetNumberOfTasks
     /tmp/ccoDOEnO.s:2492   .text.uxTaskGetNumberOfTasks:0000000000000008 $d
     /tmp/ccoDOEnO.s:2497   .text.pcTaskGetName:0000000000000000 $t
     /tmp/ccoDOEnO.s:2503   .text.pcTaskGetName:0000000000000000 pcTaskGetName
     /tmp/ccoDOEnO.s:2564   .text.pcTaskGetName:0000000000000024 $d
     /tmp/ccoDOEnO.s:2569   .text.xTaskIncrementTick:0000000000000000 $t
     /tmp/ccoDOEnO.s:2575   .text.xTaskIncrementTick:0000000000000000 xTaskIncrementTick
     /tmp/ccoDOEnO.s:2842   .text.xTaskIncrementTick:00000000000000ec $d
     /tmp/ccoDOEnO.s:2857   .text.xTaskResumeAll:0000000000000000 $t
     /tmp/ccoDOEnO.s:2863   .text.xTaskResumeAll:0000000000000000 xTaskResumeAll
     /tmp/ccoDOEnO.s:3099   .text.xTaskResumeAll:00000000000000d8 $d
     /tmp/ccoDOEnO.s:3111   .text.vTaskDelay:0000000000000000 $t
     /tmp/ccoDOEnO.s:3117   .text.vTaskDelay:0000000000000000 vTaskDelay
     /tmp/ccoDOEnO.s:3210   .text.vTaskDelay:0000000000000048 $d
     /tmp/ccoDOEnO.s:3215   .text.xTaskCatchUpTicks:0000000000000000 $t
     /tmp/ccoDOEnO.s:3221   .text.xTaskCatchUpTicks:0000000000000000 xTaskCatchUpTicks
     /tmp/ccoDOEnO.s:3289   .text.xTaskCatchUpTicks:0000000000000030 $d
     /tmp/ccoDOEnO.s:3295   .text.vTaskSwitchContext:0000000000000000 $t
     /tmp/ccoDOEnO.s:3301   .text.vTaskSwitchContext:0000000000000000 vTaskSwitchContext
     /tmp/ccoDOEnO.s:3443   .text.vTaskSwitchContext:0000000000000084 $d
     /tmp/ccoDOEnO.s:3454   .text.vTaskSuspend:0000000000000000 $t
     /tmp/ccoDOEnO.s:3460   .text.vTaskSuspend:0000000000000000 vTaskSuspend
     /tmp/ccoDOEnO.s:3665   .text.vTaskSuspend:00000000000000cc $d
     /tmp/ccoDOEnO.s:3676   .text.vTaskPlaceOnEventList:0000000000000000 $t
     /tmp/ccoDOEnO.s:3682   .text.vTaskPlaceOnEventList:0000000000000000 vTaskPlaceOnEventList
     /tmp/ccoDOEnO.s:3750   .text.vTaskPlaceOnEventList:000000000000002c $d
     /tmp/ccoDOEnO.s:3755   .text.vTaskPlaceOnUnorderedEventList:0000000000000000 $t
     /tmp/ccoDOEnO.s:3761   .text.vTaskPlaceOnUnorderedEventList:0000000000000000 vTaskPlaceOnUnorderedEventList
     /tmp/ccoDOEnO.s:3878   .text.vTaskPlaceOnUnorderedEventList:0000000000000050 $d
     /tmp/ccoDOEnO.s:3884   .text.xTaskRemoveFromEventList:0000000000000000 $t
     /tmp/ccoDOEnO.s:3890   .text.xTaskRemoveFromEventList:0000000000000000 xTaskRemoveFromEventList
     /tmp/ccoDOEnO.s:4021   .text.xTaskRemoveFromEventList:0000000000000074 $d
     /tmp/ccoDOEnO.s:4031   .text.vTaskRemoveFromUnorderedEventList:0000000000000000 $t
     /tmp/ccoDOEnO.s:4037   .text.vTaskRemoveFromUnorderedEventList:0000000000000000 vTaskRemoveFromUnorderedEventList
     /tmp/ccoDOEnO.s:4173   .text.vTaskRemoveFromUnorderedEventList:0000000000000074 $d
     /tmp/ccoDOEnO.s:4182   .text.vTaskSetTimeOutState:0000000000000000 $t
     /tmp/ccoDOEnO.s:4188   .text.vTaskSetTimeOutState:0000000000000000 vTaskSetTimeOutState
     /tmp/ccoDOEnO.s:4258   .text.vTaskSetTimeOutState:0000000000000030 $d
     /tmp/ccoDOEnO.s:4264   .text.vTaskInternalSetTimeOutState:0000000000000000 $t
     /tmp/ccoDOEnO.s:4270   .text.vTaskInternalSetTimeOutState:0000000000000000 vTaskInternalSetTimeOutState
     /tmp/ccoDOEnO.s:4293   .text.vTaskInternalSetTimeOutState:0000000000000010 $d
     /tmp/ccoDOEnO.s:4299   .text.xTaskCheckForTimeOut:0000000000000000 $t
     /tmp/ccoDOEnO.s:4305   .text.xTaskCheckForTimeOut:0000000000000000 xTaskCheckForTimeOut
     /tmp/ccoDOEnO.s:4492   .text.xTaskCheckForTimeOut:000000000000007c $d
     /tmp/ccoDOEnO.s:4499   .text.vTaskMissedYield:0000000000000000 $t
     /tmp/ccoDOEnO.s:4505   .text.vTaskMissedYield:0000000000000000 vTaskMissedYield
     /tmp/ccoDOEnO.s:4522   .text.vTaskMissedYield:0000000000000008 $d
     /tmp/ccoDOEnO.s:4527   .text.xTaskGetCurrentTaskHandle:0000000000000000 $t
ARM GAS  /tmp/ccoDOEnO.s 			page 248


     /tmp/ccoDOEnO.s:4533   .text.xTaskGetCurrentTaskHandle:0000000000000000 xTaskGetCurrentTaskHandle
     /tmp/ccoDOEnO.s:4552   .text.xTaskGetCurrentTaskHandle:0000000000000008 $d
     /tmp/ccoDOEnO.s:4557   .text.xTaskGetSchedulerState:0000000000000000 $t
     /tmp/ccoDOEnO.s:4563   .text.xTaskGetSchedulerState:0000000000000000 xTaskGetSchedulerState
     /tmp/ccoDOEnO.s:4601   .text.xTaskGetSchedulerState:0000000000000018 $d
     /tmp/ccoDOEnO.s:4607   .text.xTaskPriorityInherit:0000000000000000 $t
     /tmp/ccoDOEnO.s:4613   .text.xTaskPriorityInherit:0000000000000000 xTaskPriorityInherit
     /tmp/ccoDOEnO.s:4779   .text.xTaskPriorityInherit:00000000000000a0 $d
     /tmp/ccoDOEnO.s:4786   .text.xTaskPriorityDisinherit:0000000000000000 $t
     /tmp/ccoDOEnO.s:4792   .text.xTaskPriorityDisinherit:0000000000000000 xTaskPriorityDisinherit
     /tmp/ccoDOEnO.s:4989   .text.xTaskPriorityDisinherit:00000000000000a8 $d
     /tmp/ccoDOEnO.s:4996   .text.vTaskPriorityDisinheritAfterTimeout:0000000000000000 $t
     /tmp/ccoDOEnO.s:5002   .text.vTaskPriorityDisinheritAfterTimeout:0000000000000000 vTaskPriorityDisinheritAfterTimeout
     /tmp/ccoDOEnO.s:5200   .text.vTaskPriorityDisinheritAfterTimeout:00000000000000a8 $d
     /tmp/ccoDOEnO.s:5207   .text.uxTaskResetEventItemValue:0000000000000000 $t
     /tmp/ccoDOEnO.s:5213   .text.uxTaskResetEventItemValue:0000000000000000 uxTaskResetEventItemValue
     /tmp/ccoDOEnO.s:5240   .text.uxTaskResetEventItemValue:0000000000000014 $d
     /tmp/ccoDOEnO.s:5245   .text.pvTaskIncrementMutexHeldCount:0000000000000000 $t
     /tmp/ccoDOEnO.s:5251   .text.pvTaskIncrementMutexHeldCount:0000000000000000 pvTaskIncrementMutexHeldCount
     /tmp/ccoDOEnO.s:5282   .text.pvTaskIncrementMutexHeldCount:0000000000000018 $d
     /tmp/ccoDOEnO.s:5287   .text.ulTaskNotifyTake:0000000000000000 $t
     /tmp/ccoDOEnO.s:5293   .text.ulTaskNotifyTake:0000000000000000 ulTaskNotifyTake
     /tmp/ccoDOEnO.s:5415   .text.ulTaskNotifyTake:0000000000000074 $d
     /tmp/ccoDOEnO.s:5420   .text.xTaskNotifyWait:0000000000000000 $t
     /tmp/ccoDOEnO.s:5426   .text.xTaskNotifyWait:0000000000000000 xTaskNotifyWait
     /tmp/ccoDOEnO.s:5570   .text.xTaskNotifyWait:0000000000000094 $d
     /tmp/ccoDOEnO.s:5575   .text.xTaskGenericNotify:0000000000000000 $t
     /tmp/ccoDOEnO.s:5581   .text.xTaskGenericNotify:0000000000000000 xTaskGenericNotify
     /tmp/ccoDOEnO.s:5637   .text.xTaskGenericNotify:000000000000002a $d
     /tmp/ccoDOEnO.s:5867   .text.xTaskGenericNotify:00000000000000f4 $d
     /tmp/ccoDOEnO.s:5874   .text.xTaskGenericNotifyFromISR:0000000000000000 $t
     /tmp/ccoDOEnO.s:5880   .text.xTaskGenericNotifyFromISR:0000000000000000 xTaskGenericNotifyFromISR
     /tmp/ccoDOEnO.s:5958   .text.xTaskGenericNotifyFromISR:0000000000000040 $d
     /tmp/ccoDOEnO.s:6233   .text.xTaskGenericNotifyFromISR:000000000000011c $d
     /tmp/ccoDOEnO.s:6243   .text.vTaskNotifyGiveFromISR:0000000000000000 $t
     /tmp/ccoDOEnO.s:6249   .text.vTaskNotifyGiveFromISR:0000000000000000 vTaskNotifyGiveFromISR
     /tmp/ccoDOEnO.s:6469   .text.vTaskNotifyGiveFromISR:00000000000000b8 $d
     /tmp/ccoDOEnO.s:6479   .text.xTaskNotifyStateClear:0000000000000000 $t
     /tmp/ccoDOEnO.s:6485   .text.xTaskNotifyStateClear:0000000000000000 xTaskNotifyStateClear
     /tmp/ccoDOEnO.s:6551   .text.xTaskNotifyStateClear:0000000000000030 $d
     /tmp/ccoDOEnO.s:6556   .text.ulTaskNotifyValueClear:0000000000000000 $t
     /tmp/ccoDOEnO.s:6562   .text.ulTaskNotifyValueClear:0000000000000000 ulTaskNotifyValueClear
     /tmp/ccoDOEnO.s:6619   .text.ulTaskNotifyValueClear:0000000000000028 $d
     /tmp/ccoDOEnO.s:6629   .bss.pxCurrentTCB:0000000000000000 pxCurrentTCB
     /tmp/ccoDOEnO.s:6625   .bss.pxCurrentTCB:0000000000000000 $d
     /tmp/ccoDOEnO.s:6632   .bss.pxDelayedTaskList:0000000000000000 $d
     /tmp/ccoDOEnO.s:6636   .bss.pxDelayedTaskList:0000000000000000 pxDelayedTaskList
     /tmp/ccoDOEnO.s:6639   .bss.pxOverflowDelayedTaskList:0000000000000000 $d
     /tmp/ccoDOEnO.s:6643   .bss.pxOverflowDelayedTaskList:0000000000000000 pxOverflowDelayedTaskList
     /tmp/ccoDOEnO.s:6646   .bss.pxReadyTasksLists:0000000000000000 $d
     /tmp/ccoDOEnO.s:6650   .bss.pxReadyTasksLists:0000000000000000 pxReadyTasksLists
     /tmp/ccoDOEnO.s:6653   .bss.uxCurrentNumberOfTasks:0000000000000000 $d
     /tmp/ccoDOEnO.s:6657   .bss.uxCurrentNumberOfTasks:0000000000000000 uxCurrentNumberOfTasks
     /tmp/ccoDOEnO.s:6660   .bss.uxDeletedTasksWaitingCleanUp:0000000000000000 $d
     /tmp/ccoDOEnO.s:6664   .bss.uxDeletedTasksWaitingCleanUp:0000000000000000 uxDeletedTasksWaitingCleanUp
     /tmp/ccoDOEnO.s:6667   .bss.uxSchedulerSuspended:0000000000000000 $d
     /tmp/ccoDOEnO.s:6671   .bss.uxSchedulerSuspended:0000000000000000 uxSchedulerSuspended
ARM GAS  /tmp/ccoDOEnO.s 			page 249


     /tmp/ccoDOEnO.s:6674   .bss.uxTaskNumber:0000000000000000 $d
     /tmp/ccoDOEnO.s:6678   .bss.uxTaskNumber:0000000000000000 uxTaskNumber
     /tmp/ccoDOEnO.s:6681   .bss.uxTopReadyPriority:0000000000000000 $d
     /tmp/ccoDOEnO.s:6685   .bss.uxTopReadyPriority:0000000000000000 uxTopReadyPriority
     /tmp/ccoDOEnO.s:6688   .bss.xDelayedTaskList1:0000000000000000 $d
     /tmp/ccoDOEnO.s:6692   .bss.xDelayedTaskList1:0000000000000000 xDelayedTaskList1
     /tmp/ccoDOEnO.s:6695   .bss.xDelayedTaskList2:0000000000000000 $d
     /tmp/ccoDOEnO.s:6699   .bss.xDelayedTaskList2:0000000000000000 xDelayedTaskList2
     /tmp/ccoDOEnO.s:6702   .bss.xIdleTaskHandle:0000000000000000 $d
     /tmp/ccoDOEnO.s:6706   .bss.xIdleTaskHandle:0000000000000000 xIdleTaskHandle
     /tmp/ccoDOEnO.s:6709   .bss.xNextTaskUnblockTime:0000000000000000 $d
     /tmp/ccoDOEnO.s:6713   .bss.xNextTaskUnblockTime:0000000000000000 xNextTaskUnblockTime
     /tmp/ccoDOEnO.s:6716   .bss.xNumOfOverflows:0000000000000000 $d
     /tmp/ccoDOEnO.s:6720   .bss.xNumOfOverflows:0000000000000000 xNumOfOverflows
     /tmp/ccoDOEnO.s:6723   .bss.xPendedTicks:0000000000000000 $d
     /tmp/ccoDOEnO.s:6727   .bss.xPendedTicks:0000000000000000 xPendedTicks
     /tmp/ccoDOEnO.s:6730   .bss.xPendingReadyList:0000000000000000 $d
     /tmp/ccoDOEnO.s:6734   .bss.xPendingReadyList:0000000000000000 xPendingReadyList
     /tmp/ccoDOEnO.s:6737   .bss.xSchedulerRunning:0000000000000000 $d
     /tmp/ccoDOEnO.s:6741   .bss.xSchedulerRunning:0000000000000000 xSchedulerRunning
     /tmp/ccoDOEnO.s:6744   .bss.xSuspendedTaskList:0000000000000000 $d
     /tmp/ccoDOEnO.s:6748   .bss.xSuspendedTaskList:0000000000000000 xSuspendedTaskList
     /tmp/ccoDOEnO.s:6751   .bss.xTasksWaitingTermination:0000000000000000 $d
     /tmp/ccoDOEnO.s:6755   .bss.xTasksWaitingTermination:0000000000000000 xTasksWaitingTermination
     /tmp/ccoDOEnO.s:6758   .bss.xTickCount:0000000000000000 $d
     /tmp/ccoDOEnO.s:6762   .bss.xTickCount:0000000000000000 xTickCount
     /tmp/ccoDOEnO.s:6765   .bss.xYieldPending:0000000000000000 $d
     /tmp/ccoDOEnO.s:6769   .bss.xYieldPending:0000000000000000 xYieldPending
     /tmp/ccoDOEnO.s:5643   .text.xTaskGenericNotify:000000000000002f $d
     /tmp/ccoDOEnO.s:5643   .text.xTaskGenericNotify:0000000000000030 $t
     /tmp/ccoDOEnO.s:5964   .text.xTaskGenericNotifyFromISR:0000000000000045 $d
     /tmp/ccoDOEnO.s:5964   .text.xTaskGenericNotifyFromISR:0000000000000046 $t

UNDEFINED SYMBOLS
vListInitialiseItem
pxPortInitialiseStack
vListInitialise
vPortEnterCritical
vListInsertEnd
vPortExitCritical
vPortFree
uxListRemove
vListInsert
pvPortMalloc
vPortValidateInterruptPriority
vApplicationGetIdleTaskMemory
xPortStartScheduler
vPortEndScheduler
