:020000040800F2
:1000000000500020D9850008095500080B5500084C
:100010000D5500080F55000811550008000000009C
:100020000000000000000000000000004183000804
:100030001355000800000000E18300082584000833
:1000400021860008218600082186000821860008F4
:1000500021860008218600082186000821860008E4
:1000600021860008218600082186000821860008D4
:1000700021860008218600082186000821860008C4
:1000800021860008218600082186000821860008B4
:1000900021860008218600082186000821860008A4
:1000A0002186000821860008218600082186000894
:1000B00015550008218600082186000821860008C1
:1000C0002186000821860008218600082186000874
:1000D0002186000821860008218600082186000864
:1000E0002186000821860008218600080000000003
:1000F0000000000000000000000000000000000000
:0C01000000000000000000005FF808F1A3
:100110000348044B834202D0034B03B11847704796
:10012000D8010020D8010020000000000548064B3F
:100130001B1AD90F01EBA301491002D0034B03B1E5
:1001400018477047D8010020D801002000000000A7
:1001500010B5064C237843B9FFF7DAFF044B13B10F
:100160000448AFF300800123237010BDD8010020A4
:10017000000000002486000808B5044B1BB10449A8
:100180000448AFF30080BDE80840CFE7000000005E
:10019000DC0100202486000820F0030110F0030099
:1001A000C0F1000051F8043B00F1040C4FEACC0C04
:1001B0006FF000021CBF22FA0CF213434FF0010C47
:1001C0004CEA0C2C4CEA0C4CA3EB0C0222EA030286
:1001D00012EACC1204BF51F8043B0430F4D0C2F14F
:1001E000000102EA0102B2FA82F2C2F11F0200EB40
:1001F000D200704770B50F4B0F4DAB42A3EB050615
:1002000007D00024B61055F8043B01349847A642A5
:10021000F9D808F007FA094D094B5E1BAB424FEACB
:10022000A60606D0002455F8043B01349847A642A0
:10023000F9D870BDC08A0008C08A0008C08A0008CA
:10024000C48A000870B5860747D0541E002A3ED0E5
:100250000346CAB201E0013C39D303F8012B9D07E4
:10026000F9D1032C2CD9CDB205EB05250F2C1A465C
:1002700005EB054534D9A4F1100C2CF00F0603F161
:10028000100EB6444FEA1C1CC2E90055C2E90255E3
:1002900010327245F8D10CF1010214F00C0F03EB8F
:1002A000021204F00F0C13D0ACF1040323F003038B
:1002B0000433134442F8045B9342FBD10CF0030473
:1002C0002CB1C9B21C4403F8011BA342FBD170BD81
:1002D00064461346002CF4D1F9E703461446C0E700
:1002E000A446E1E7014B1868704700BF00000020FA
:1002F0002DE9F04D002B88B014461D46109E129932
:10030000DDF8508041DB0022B8F1650F0A7039D06A
:1003100040DCB8F1450F35D0B8F1460F5FD103236B
:100320000093139B2246CDE9016307AB049306AB10
:1003300003932B4600F0F6FB074628F02003462BDC
:1003400007EB060805D13B78302B3CD0139B1E6889
:10035000B044204629460022002304F0C3FA0028B6
:100360003BD1079B984506D930215A1C079219703A
:10037000079B4345F9D33846159ADB1B136008B039
:10038000BDE8F08D02230136CAE703F1004B2D22B0
:100390005D46B9E7B8F1660FC1D0139B2246CDE99F
:1003A00001630223009307AB049306AB03932B4630
:1003B00000F0B8FBB8F1670F0746BED1119BDB0711
:1003C00021D4079BD7E7002200232046294604F0CA
:1003D00089FAD8B1139B1B6898444346CBE7139B1B
:1003E0002246CDE901630223009307AB049306ABD9
:1003F00003932B4600F096FBB8F1470F07469CD1BC
:10040000119BDB07DDD507EB0608A2E7139BC6F1BE
:1004100001061E609CE700BF0029B4BF2D232B23DB
:1004200030B5B8BF4942092983B0027043702CDD52
:100430000DF107042346194D8C461A46A5FB01E32E
:10044000DB0803EB830EA1EB4E0101F1300EBCF192
:10045000630F194602F801EC02F1FF33ECDC303196
:1004600003F8011C931EA34200F102050AD2411CAD
:1004700013F801CBA34201F801CFF9D10DF1090323
:100480009B1A1D44281A03B030BD3023051D1944A2
:10049000C1708370281A03B030BD00BFCDCCCCCC66
:1004A0002DE9F04F91B00C46DDF8688016461F46E6
:1004B000054602F0AFFC036818460A93FFF76CFE8E
:1004C00000230E93D8F800300B90073323F0070376
:1004D00003F10802D4F800A094F818B0C8F800207E
:1004E000D3E9008929F000430993CDF820804FF02B
:1004F000FF32DDE90801C4E91289A04B04F024FAB7
:1005000040B9DDE908014FF0FF329C4B04F0FEF9E1
:10051000002877D042464B464046494604F014FA3C
:10052000002840F03B8263684AF480615A1C0BF05B
:10053000DF0A35D0BAF1470F00F02881009321601F
:100540000191002106910EA905910DA903910DF1CC
:10055000330142464B462846CDF810B00291FFF7D2
:10056000C7FE8046BBF1650F0D993AD9BBF1660F06
:1005700000F02E810E9B8B4240F335810029CCBFC9
:100580000122C1F10202134423614FF0000AA16568
:100590009DF83330002B4DD02D2384F8433049E0B3
:1005A000216001910021062006910EA9CDF810B01E
:1005B000606005910DA903910DF133014246009051
:1005C0004B4628460291FFF793FEBAF1470F80464B
:1005D000C8D10D99C81C80F2F480ABF1020B5FFA10
:1005E0008BFB5A46013904F150000D91FFF714FFBF
:1005F0000E9A82461318012A236140F34281013387
:100600002361C5E7404649460022002304F074F9FF
:1006100010B12D2384F843302AF004032360032310
:10062000574A2361574B4FF0000ABBF1470F8CBF6D
:100630009046984633462146284600970FAA01F077
:1006400051FA013023D0236858052BD44246314655
:1006500028462369B847013019D022689207E0681C
:100660000F9B19D5984217DD4FF0000804F11909C6
:1006700004E0E0680F9BC21A42450DDD01234A46A3
:1006800031462846B847013008F10108F1D14FF052
:10069000FF3011B0BDE8F08F9842B8BF184611B0D6
:1006A000BDE8F08FBBF1650F33D9D4E91201002208
:1006B000002304F017F9002800F09D800123314643
:1006C0002846314AB8470130E1D0DDE90D3A5345BB
:1006D00002DB2268D107C1D5DDE90A23314628466D
:1006E000B8470130D3D0BAF1010FB6DD4FF00008A2
:1006F0000AF1FF3A04F11A0901E0D045ADD0012317
:100700004A4631462846B847013008F10108F4D17D
:10071000BDE7DDF83890B9F1010F40F39D8001236A
:10072000424631462846B8470130B0D0DDE90A23B9
:1007300031462846B8470130A9D0D4E91201002239
:10074000002309F1FF3B04F0CDF8002800F09E8063
:10075000B9F1010F40F38B804FF0000804F11A0942
:1007600002E0D84500F0838001234A4631462846FE
:10077000B847013008F10108F3D188E7FFFFEF7FA8
:100780005889000854890008648900080BB90123BE
:100790006360009321600191002106910EA90591EB
:1007A0000DA903910DF13301424602914B462846B3
:1007B000CDF810B0FFF79CFD0D998046C81CFFF6E0
:1007C0000CAF636899423FF708AF4FF0670BD1E673
:1007D000002963685EDD2161002B00F08D8001330C
:1007E0000B442361D1E623682161DB077FF5CDAEA1
:1007F0004B1C2361C9E60D9B002B52DD0E9BD4F8E8
:1008000058B099465B45A8BFD946B9F1000F089387
:1008100009DD4B46424631462846B84701303FF491
:1008200036AFD4F858B029EAE972934571DD4FF03C
:10083000000A934604F11A0904E0A36DA3EB0B022E
:10084000524565DD01234A4631462846B847013006
:100850000AF1010AF1D11AE7D9073FF560AF424624
:10086000012331462846B84701303FF410AF5346C4
:100870003146284604F15002B84701307FF4EDAE0E
:1008800005E72268D2077FF583AEB8E65B4608F13C
:100890000102E6E7002B34D12268D20731D40123CC
:1008A00072E60123314628464B4AB84701303FF4EF
:1008B000EEAEDDE90D3A5AEA030324D0DDE90A235E
:1008C00031462846B84701303FF4E1AE0D9B002B7E
:1008D00079DA4FF0000B04F11A0903E00D9B5B423B
:1008E0005B4570DD01234A4631462846B847013052
:1008F0000BF1010BF2D1CAE62268D0077FF545AEB5
:100900006DE7023340E62268D3077FF5A7AED5E74F
:100910009B460D9B089A9A4202DC2268D00708D5B4
:10092000DDE90A2331462846B84701303FF4AFAE2F
:100930000D9B089AA2EB0B0AD31A9A45A8BF9A46B8
:10094000BAF1000F91460BDD53463146284608EBBD
:100950000B02B84701303FF49AAE4A460D9BD31ABA
:100960002AEAEA7A53457FF778AE4FF00008DDF8BF
:1009700020B004F11A0907E00D9BABEB0303A3EBD6
:100980000A0343457FF769AE01234A4631462846AC
:10099000B847013008F10108EED178E64B46002B4C
:1009A000BCBF2D2384F843302AF0040323600323C3
:1009B0000A4A23610A4B4FF0000ABBF1470F8CBF74
:1009C0009046984636E65346424631462846B84752
:1009D00001307FF442AE5AE664890008608900085D
:1009E0005C890008000000002DE9F04F03690C69E4
:1009F00085B0A342C0F291808146013C01F114050B
:100A000009F1140855F8243058F824C001339C45E6
:100A1000BCFBF3F64FEA840005EB840708EB840285
:100A200043D34FF0000CAA46CDE90105C646634604
:100A300065469346CDF80C805AF8040BDEF800208A
:100A40001FFA80FC06FB0C554FEA10484FEA154C84
:100A500006FB08CCADB290B2401B18441FFA8CF3D1
:100A6000C3EB204303EB124380B240EA03405745F7
:100A70004EF8040B4FEA1C454FEA2343DCD2DDE974
:100A80000105DDF80C8058F8003073B9ABF10402B1
:100A9000904504D307E0904504F1FF3403D252F8A7
:100AA0000439002BF7D0C9F81040484601F04EFF3A
:100AB00000282EDB4146002255F8040BD1F800C077
:100AC0001FFA80FE1FFA8CF3A3EB0E031344020CF3
:100AD000C2EB234202EB1C429BB243EA0243AF4209
:100AE00041F8043B4FEA2242E6D258F8242008EBB2
:100AF00084036AB9043B434504D807E0984504F1F0
:100B0000FF3403D253F80429002AF7D0C9F8104063
:100B10000136304605B0BDE8F08F002005B0BDE8D5
:100B2000F08F00BF2DE9F04F16461F46C5699DB0F6
:100B3000CDE90667299C0390002D00F0B283296857
:100B400051B101236A6893404A608B6001F038FC20
:100B50000022039BDB691A60B7F10009B4BF0123CF
:100B600000232360784BBCBF29F00049CDF81C90CE
:100B700033EA090300F0AE80DDE906341846214669
:100B800000220023CDE9040103F0ACFE804668B1E9
:100B90000123289A13602A9B13B16C4B2A9A136085
:100BA0006B4B089308981DB0BDE8F08F1AAB01930A
:100BB0001BAB00930398DDE9042302F025F85FEAFC
:100BC0001955824640F09C80DDE91A85454405F2BE
:100BD0003243202B40F39983C3F1400309FA03F910
:100BE00005F2124326FA03F349EA030003F098FBE7
:100BF0000123013D1193A1F1F8710022554B03F03F
:100C000051FA4BA3D3E9002303F004FC4AA3D3E930
:100C1000002303F049FA064628460F4603F090FBEE
:100C200047A3D3E9002303F0F5FB02460B46304609
:100C3000394603F039FA06460F4603F09BFE0022C0
:100C40000446099000233046394603F055FE00283B
:100C500040F03483099CA8EB0508162C08F1FF3BF3
:100C600000F21383DDE904013B4B03EBC403D3E93A
:100C7000002303F041FE002874D0631E0993002373
:100C8000BBF1000F1093C0F2068300230B93099B66
:100C9000002B6DDA099B0B9A0E93D21A5B420F93CD
:100CA00000230993269B0B92092B69D8052BC4BFFF
:100CB000043B2693269BC8BF0025A3F10203D8BF9F
:100CC0000125032B00F24C86DFE813F07A04770449
:100CD0006E04500442F20F73289AC9F3130959EABB
:100CE000060913601CD12A9B002B00F02F861B4B9A
:100CF000089308332A9A089813601DB0BDE8F08F56
:100D0000DDE90412C2F31303084643F07F51CDF826
:100D10004480A5F2FF35DDF8688041F440116CE7AE
:100D20002A9B002B40F0FE830D4B08933AE700BF4F
:100D300061436F63A787D23FB3C8608B288AC63FE1
:100D4000FB799F501344D33F0000F07F6589000872
:100D5000648900080000F83FA88600086889000838
:100D600074890008B8F1000F40F3AF8410900B9025
:100D7000099B9B440E9300230F93269B092B95D927
:100D8000002326934FF0FF3301250A9300230C958F
:100D900027930021039BDB6959600A9B18930398F2
:100DA00001F0CEFA0890002800F0E385039B089A32
:100DB000DB691A600A9B0E2B00F20D81002D00F0FA
:100DC0000A810E99002940F34E84AE4B01F00F02C8
:100DD00003EBC2030A46D3E90067D2054FEA2115A7
:100DE00040F11084DDE90401A74B4FF00309D3E97A
:100DF000082303F039FCCDE9120105F00F058DB190
:100E0000DFF88482EB0709D5D8E90023304639465C
:100E100003F000FB06460F4609F101096D1008F1C9
:100E20000808EFD1DDE912013B46324603F01CFC15
:100E300007468846109B43B1002238464146934BF3
:100E400003F05AFD002840F01285484603F078FA76
:100E50003A46434603F0DEFA8D4B002203F024F9B4
:100E60000A9B0446A1F15075002B00F09D800E9B5B
:100E700019930A9B12934146384603F07BFD129961
:100E8000804BCDE9144503EBC10353E90234054619
:100E9000CDE9163403F054FA0B4602464146384673
:100EA00003F000F9089F0C9B30357E1CECB28046A5
:100EB00089463546002B00F06B84DDE916230020BF
:100EC000744903F0D1FBDDE9142303F0EBF83C7027
:100ED00042464B4604460D4603F02CFD002840F0E8
:100EE000B984CDF858B0CDF850A0AB460027A24643
:100EF000129D2AE00137AF4280F2018550465946E3
:100F00000022654B03F086FA0022634B82468B4633
:100F10004046494603F07EFA8946804603F02AFDA2
:100F2000044603F00DFA02460B464046494603F0DC
:100F3000B9F8303452465B4606F8014B8046894684
:100F400003F0DAFC002840F0D78442464B460020EC
:100F50004E4903F0A7F852465B4603F0CDFC00284B
:100F6000C8D0199B3746DDF850A0089A03F1010854
:100F700002E0974200F0A1843E4617F8013D392B6C
:100F8000F7D00133DBB245463B706DE1484603F0D4
:100F9000D7F93A46434603F03DFA00223C4B03F0B2
:100FA00083F80446A1F15075384600223B4B414678
:100FB00003F078F822462B4606460F4603F0BAFCAB
:100FC000002840F0898430463946224605F1004326
:100FD00003F092FC28BB1B9B002BC0F291800E9A61
:100FE0000E2A00F38D80274B0E9A03EBC203D3E940
:100FF0000034CDE90634279B002B19DA0A9B002B1D
:1010000016DC0ED1DDE906010022244B03F002FAC2
:1010100002460B46DDE9040103F078FC002800F0ED
:101020005B8400231F46089E0493279BDD4340E218
:10103000089B5D1CDDE90678DDE904013A4643467C
:1010400003F012FB03F096FC064603F079F93A46EA
:10105000434603F0DFF902460B46DDE9040103F0E5
:1010600021F8089A06F1300313700A9B2F46012BD2
:1010700000F036830125CDF810A0A846DDE906ABC7
:1010800099462BE0A8860008988700080000F03FEA
:1010900000001C400000E03F00002440000014401D
:1010A00052465B462046294603F0DEFA03F062FC16
:1010B000064603F045F952465B4603F0ABF908F1EA
:1010C00001080B4602462946204602F0EBFF06F1D6
:1010D0003003C84507F8013B00F0008300228D4B28
:1010E00003F098F90022002304460D4603F0FAFBB2
:1010F0000028D5D00E9D3E46DDF810A00135B3E0A6
:101100000C9A002A40F0EE8000231F460F9E0B9D94
:101110000C9365B1BBF1000F09DD5D452B46A8BFFF
:101120005B460B9AED1AD21A0B92ABEB030B0F9B9B
:1011300053B10C9B13B1002E40F00B8351460F9A14
:10114000039801F01FFB82460121039801F052FA37
:10115000099B0490002B40F0D081269B012B40F38B
:10116000E6810120584410F01F0000F0B480C0F167
:101170002003042B40F3F5810B9BC0F11C000344BA
:101180000B93054483440B9B002B05DD51461A4607
:10119000039801F067FB8246BBF1000F05DDDDE936
:1011A00003015A4601F05EFB0490109B002B40F0B7
:1011B00089810A9B002B40F361810C9B002B40F03E
:1011C000B8800E9D01350126DDF82080049CDDF8F5
:1011D00028B0DDF80C9007E0514600230A2248466B
:1011E00001F012F98246013621465046FFF7FCFB1A
:1011F000B34500F1300008F8010BEDDC0A9B814695
:10120000002BCCBF1E4601260024089B03EB060BD7
:1012100051460122039801F025FB0499824601F012
:1012200095FB002840F30282089A02E0934500F003
:1012300015821BF8013C5E46392B0BF1FF3BF5D0C4
:1012400001338BF80030DDE90381404601F0B8F846
:1012500057B12CB1BC4203D02146404601F0B0F852
:101260003946039801F0ACF85146039801F0A8F80C
:1012700000233370289B1D602A9B002B3FF492AC07
:1012800008981E601DB0BDE8F08F0123BBF1000F70
:101290001093BFF6FAACC8F101034FF0000B0B93AB
:1012A000F5E4102000F00EFC039BD861002800F04C
:1012B0005183C0E90055C0E902554DE4204603F0D2
:1012C0003FF832463B4603F00DFB00287FF4C2ACEA
:1012D000631E0993BEE41C230B9A1D441A440B920F
:1012E0009B4450E7269A012A40F3AB810A9A0F9B50
:1012F000561EB342C0F26781002AA3EB060680F2B5
:10130000EF82DDE90A239D1A6AE1C3F1200306FAA0
:1013100003F06BE400002440394600230A220398BE
:1013200001F072F8189B0746002B40F302830E96DB
:101330000A93002D05DD39462A46039801F092FAFA
:101340000746099B002B40F0E881B846089B0A9CA1
:101350001E46013B1C44069B03F00103CDE90A43F2
:10136000039C04995046FFF73FFB3946834650469D
:1013700001F0ECFA049905464246204601F006FBCE
:10138000C36801460BF13009ABBB0990504601F030
:10139000DDFA09990990204601F012F8099A002A0D
:1013A00054D1269B1BB90B9B002B00F0AE82002D65
:1013B0003FDBB3460A9B0BF8019BB34200F0C481AC
:1013C000514600230A22204601F01EF84745824676
:1013D00039464FF000034FF00A02204630D001F0AA
:1013E00013F8414600230A220746204601F00CF874
:1013F0005E468046B5E7039800F0E2FF002D06DB6D
:10140000069B03F00102269B1D432A4329D1514626
:101410000122039801F026FA0499824601F096FA17
:10142000002840F3F780B9F1390F00F04B820BF13F
:1014300031090E9D3C460135474606F8019B02E7FF
:1014400000F0E2FF5E46074680468AE7002DC0F2C4
:10145000A282269B1D430B9B1D4300F09C82002A09
:10146000A7DDB9F1390F00F02D820E9D09F10103BE
:101470003C460135474606F8013BE4E6269B022B35
:101480007FF79BAE0A9B002B40F026810522049932
:10149000039800F0B9FF01460490504601F056FA57
:1014A000002840F3198131230E9D089E013506F86E
:1014B000013BDDE9030100F083FF0135002F7FF4DC
:1014C000CFAED1E65046049901F040FA0028BFF6AD
:1014D00070AE514600230A2203980E9C00F094FF40
:1014E0000C9B8246661E002B7FF416AF189B002BC8
:1014F00040F312820E9D0A9365E601461A46039850
:1015000001F040F9269B0490012B6FDD0023099325
:10151000049A136902EB8303186901F01BF8C0F108
:1015200020001FE6964B08930333FFF7E3BB069BAF
:10153000002B7FF416AEDDE90612C2F31303002B75
:101540007FF40FAE8F4B13402BB10B9B0BF1010BB4
:1015500001330B930123099A0993002A3FF401AE4A
:10156000D6E73FF410AEC0F13C03B5E601230C937F
:10157000279B0E9A134418930133012B1F46B8BFC3
:1015800001270A93039B172FDE6940F20082012294
:1015900004235B0003F11400B842114602F101027A
:1015A000F7D97160FFF7FBBB01230C93279B002B3E
:1015B00037DD1F4618930A93E4E700230C93D7E71F
:1015C00000230C93F2E70F9B0F96F31A0026099A5B
:1015D0001A4409920B9B0A9A1D46134493440B9399
:1015E0000121039801F006F8074692E5069B002BBF
:1015F0008CD1DDE90601C1F313030A46002BA1D00B
:10160000099085E7DDE904344FF00209CDE9123491
:10161000FFF7F5BB7FF40DAF19F0010F7FF403AFB7
:1016200007E7012327930A93FFF7B3BB03D119F010
:10163000010F7FF4F9AD5E461BF8013D302BFAD067
:1016400001E6119A002A00F0088103F233430B9A55
:101650000F9E15461A449B440B92C1E73123089A0A
:1016600001351370EFE500F0FC80DDE904010E9A0E
:10167000454B554205F00F0203EBC203D3E90023AB
:1016800002F0C8FE2D11CDE9120100F059810023AE
:101690004FF00209074688463C4EEC070AD5D6E9CA
:1016A00000233846414602F0B5FE0123074688462E
:1016B00009F101096D1006F10806EED1002B7FF447
:1016C000B9ABDDE91278FFF7B5BBC8F1010383467A
:1016D0000B931090FFF74CBB089EA6E4DDF810A01A
:1016E00002460B4602F0E0FC02460B460E9DCDE999
:1016F0000423DDE906230135A84603F01BF940B9B0
:10170000DDE90623DDE9040103F0ECF818B1F00788
:1017100001D5089A30E43E46A6E50398796800F0C2
:101720000FFE0546002800F02B813B6907F10C01F4
:1017300002339A000C3000F04FF901222946039839
:1017400001F090F8804601E60E9D3C460135474683
:101750005EE5039C39463246204601F013F8074601
:1017600052463946204600F05BFF514682462046ED
:1017700000F026FE0F9B9B1B0F933FF4E5ACDDE4CE
:10178000748900080000F07FA88600089887000888
:10179000DDE91623DDE9140102F03CFE089BCDE9EA
:1017A0000C011C70129B012B00F0C180129F089B42
:1017B00011961F440022804B4046494602F02AFE03
:1017C0000D46044603F0D6F8814602F0B9FD024604
:1017D0000B462046294602F065FC09F1300906F85F
:1017E000019BB74280468946E4D1119D0022DDE984
:1017F0000C01724B02F058FC02460B46404649462B
:1018000003F098F8002871D1DDE90C2300206B4922
:1018100002F048FC02460B464046494603F06CF88D
:1018200088B91B9B002BFFF66FAC0E9B0E2B3FF76E
:101830006BAC634B0E9A03EBC203D3E90034CDE9E2
:101840000634FFF7F7BB17F8013C3E46302B07F193
:10185000FF37F8D0199D013506E51A9BC3F1360311
:10186000F5E64FF00209DDE90478FFF7E3BA0A9BD9
:10187000002B3FF48BAB189C002C7FF7ACAB0E9B7E
:101880003846013B4146002219934B4B02F0C2FD02
:1018900002468846174609F1010002F051FD3A461A
:1018A000434602F0B7FD0022464B02F0FDFB1294C6
:1018B000A1F150750446FFF7DEBA312308F10108A3
:1018C000FFF761BBB34639230E9D3C46089A474655
:1018D00001350BF8013BACE400231F460493E2E51D
:1018E0000B9B93441D4613440B9379E6199B089A6E
:1018F00003F10108FFF740BBDDF850A0AAE7DDF8CF
:1019000058B0DDF850A0FFF766BBB9F1390FD9D058
:10191000002D3FF78CAD8CE5269B022B03DC189B3A
:101920000E9D0A934FE4189B0E960A93AAE537463C
:101930005CE7269B022BF6DC189B0E960A93F8E4D4
:101940004FF00209DDE91278FFF774BA1E4B0893D5
:10195000FFF728B90246EF211C4B1D4800F0CAFCD6
:10196000002503982946C3695D6000F0E9FC0890F2
:10197000A8B9002240F2AF11164B154800F0BAFC8E
:10198000024640F2EF21134B114800F0B3FC002156
:101990007160FFF704BA002A3FF739AD49E5039BB0
:1019A0000899DB694FF0FF321960012327951892DF
:1019B0000C930A92FFF70FBB000024400000E03FA9
:1019C000A886000800001C40688900087889000883
:1019D00090890008BC890008844641EA000313F09E
:1019E000030349D1403A23D30B6803604B6843603B
:1019F0008B688360CB68C3600B6903614B6943618B
:101A00008B698361CB69C3610B6A03624B6A436272
:101A10008B6A8362CB6AC3620B6B03634B6B43635A
:101A20008B6B8363CB6BC36340304031403ADBD276
:101A300030320BD30B6803604B6843608B68836064
:101A4000CB68C36010301031103AF3D20C3205D39A
:101A500051F8043B40F8043B043AF9D2043208D070
:101A6000D2071CBF11F8013B00F8013B01D30B88E2
:101A700003806046704700BF082A13D38B07B1D09C
:101A800010F00303AED0C3F10403D21ADB071CBF6E
:101A900011F8013B00F8013BA4D331F8023B20F8D8
:101AA000023B9FE7043AD9D3013A11F8013B00F811
:101AB000013BF9D20B7803704B7843708B788370BD
:101AC00060467047024B0146186801F041BD00BFF7
:101AD00000000020024B0146186801F0B9BD00BFAC
:101AE000000000202DE9F84F92461F460A698B68D6
:101AF0000C469A42B8BF1A46CAF8002091F8433003
:101B00000646DDF8289013B10132CAF80020226899
:101B100091065FD5DAF800300233CAF80030226847
:101B200012F0060F11461DD1E1689942D8BF114647
:101B300018DD4FF0000804F1190B05E0E568DAF84C
:101B40000030ED1A45450CDD01235A463946304632
:101B5000C847013008F10108F0D14FF0FF30BDE86F
:101B6000F88F216894F84330003B18BF01238A06A0
:101B70000AD53021E21882F8431094F845105A1C17
:101B80002244023382F843103946304604F14302BE
:101B9000C8470130E1D0D4E902202368DAF80050C8
:101BA00003F00603042B21691BD08A4220DD4FF08D
:101BB0000008521A904400251A3401E0454517DA0E
:101BC0000123224639463046C847013005F1010558
:101BD000F4D1C2E712F0060F0DD0003B18BF01236D
:101BE000D2E7401B8A4220EAE078E2DC0028E2DC0F
:101BF0000020BDE8F88FE168DAF800309942D8BFDC
:101C0000114696DCAEE700BF2DE9F04717460A7E85
:101C100084B00C46064698460C9D01F1430C002A00
:101C200035D0A2F15803D9B2202969D8202B67D822
:101C3000DFE813F0E60066006600660066006600F6
:101C400066006600660066006600AC007000660014
:101C5000660066006600700066006600660066004A
:101C600021008300C60066006600B600660083009F
:101C700066006600EC002B682268181D6169286008
:101C800010061B6802D4520600F1E08019600023A0
:101C9000E14623613B4621463046CDF8008003AA49
:101CA000FFF720FF013020D04A46394630462369ED
:101CB000C047013019D02368E0689B07DDF80C901D
:101CC00018D5484516DD002504F1190A04E0E0683E
:101CD000A0EB0903AB420DDD0123524639463046E5
:101CE000C047013005F10105F1D14FF0FF3004B0DC
:101CF000BDE8F0874845B8BF484604B0BDE8F08766
:101D0000012084F8422004F142090023206184F874
:101D10004330BFE72A682368111D1806296002D4E2
:101D2000590600F195801068014600286268C0F2EB
:101D300093804FF00A0E534815E020682B6810F08E
:101D4000800F53F8041B02D1400648BF89B26F2AA6
:101D500014BF4FF00A0E4FF0080E4A482B600023C4
:101D6000626884F84330002AA26051DB236823F0C4
:101D70000403236000294BD1002A7BD1E146BEF148
:101D8000080F56D0ACEB0903236183E72A680120D2
:101D9000116804322A6004F1420984F84210B4E761
:101DA0002B6800211A1D2A60D3F80090626848460B
:101DB00000F06CF8002863D0A0EB09006060A4E795
:101DC000236843F02003236078222F4884F84520BD
:101DD0002A6813F0800F52F8041B03D113F0400F50
:101DE00018BF89B22A60DA0744BF43F0200323609A
:101DF00019B9236823F0200323604FF0100EAEE7DB
:101E00005823204884F845302368E1E72368DBE75E
:101E10007546E146B1FBF5F30A4605FB131A194670
:101E200010F80A30AA4209F8013DF3D2BEF1080FBA
:101E3000A8D12368DD07A5D5626823699A42A1DC91
:101E4000302309F1FF3989F800309BE719801EE73C
:101E5000B2F90010084668E72D20002AA26084F835
:101E6000430002DB23F0040323600A250548AE4645
:101E70004942CEE7037804F1420984F842307EE714
:101E8000606842E7D0890008E48900085FFA81FCB5
:101E9000810744D00346511E22B909E09A0709D0B0
:101EA000013905D31846027801336245F6D17047EF
:101EB00000207047184603290CD80029F8D00346A3
:101EC000014401E08B42F3D0184613F8012B624520
:101ED000F8D1704710B50CEB0C24024604EB044417
:101EE00002E00439032915D9104652F8043B634037
:101EF000A3F1013E2EEA030313F0803FF1D0034625
:101F0000014401E08B4208D0184613F8012B6245CA
:101F1000F8D110BD10460029F1D1002010BD1146A6
:101F2000C9E700BF0EB400B582B003AB53F8042B71
:101F30008168019300F056F802B05DF804EB03B03D
:101F4000704700BF0FB400B5074A83B004AB1068F8
:101F500053F8042B8168019300F044F803B05DF856
:101F600004EB04B0704700BF000000209368013B01
:101F7000002B936005DAD2F818C0634507DB0A2905
:101F800005D01368581C106008461970704700F09F
:101F900063B900BF9BB1F8B5134406460F46541E03
:101FA0005D1E01E0AC4208D03A46304614F8011FED
:101FB000FFF7DCFF431CF5D1F8BD0020F8BD002081
:101FC000704700BF936810B514461BB9184600232C
:101FD000636010BD00F026FF0023A3600023636050
:101FE00010BD00BF2DE9F04FA1B08B4691461C46B5
:101FF000049018B1036A002B00F01381BBF80C3079
:10200000180740F18E80DBF81030002B00F089803B
:10201000002343F220020D9399F800300127824EED
:102020000794ADF83920002B73D04D4603E015F826
:10203000013F002B7FD0252BF9D1B5EB090A7DD1CB
:102040002B78002B65D000234FF0FF320135CDE90E
:10205000092308930B938DF863301E9306E0254601
:10206000089B801B07FA00F0034308932C460522C7
:1020700014F8011B3046FFF709FFA1460028EED1F6
:10208000089BD90644BF20228DF863201A0748BF59
:102090002B22297848BF8DF863202A2964D1079A1A
:1020A0001168043200290792C0F296800B9169787A
:1020B0002E296FD05D4C03222046FFF7E7FE38B192
:1020C0004022089B001B8240134309F10109089339
:1020D00019F8011B062256488DF83810FFF7D6FE76
:1020E00000287FD0534B002B69D007A900915A4696
:1020F0000498514B08A9FEF7D3F90390039B0133D1
:1021000007D00D9B039A13440D9399F80030002BD0
:102110008BD1BBF80C305B060AD40D9821B0BDE81A
:10212000F08F5946049801F0A9FB00283FF470AFE6
:102130004FF0FF30F2E7B5EB090AEAD009F1FF38BA
:1021400005954546DDF8108001E0A2453ED92C46B4
:102150005A46404615F8011FFFF708FF02340130C8
:10216000A4EB0904F1D1D4E7A1F13002092A88BF18
:10217000A9469DD80B9B00E00134217803EB830333
:1021800002EB4303A1F13002092AF5D92E29A14619
:102190000B938FD199F801102A292DD1079B09F1B2
:1021A00002001A680433002A0793B8BF4FF0FF33C8
:1021B00099F8021009928146B8BF09937AE7079B04
:1021C000073323F00703083307939AE70D99059D1A
:1021D00051442B780D9134E7494243F002030B91AF
:1021E000089364E707A900915A460498124B08A97E
:1021F000FFF70AFD039081E70023A1F13002092ACD
:1022000009F1010909933FF655AF19F8011F03EBD6
:10221000830302EB4303A1F13002092AF5D90993A4
:1022200048E701F05FF8E9E6F8890008008A00084D
:10223000048A0008A1040008951F00088C4600B518
:1022400086461346034A714610685DF804EB624601
:10225000FFF7C8BE00000020F8B506460D4614463C
:1022600010B1036A002B37D0A269A389A2601A07B4
:1022700019D52369BBB122686169D31AEDB29942BD
:102280002F4620DD0133A1680139A160511C216076
:10229000157062699A420DD0A389DB0701D50A2D1A
:1022A00008D03846F8BD2146304601F0E7FA38B983
:1022B0002369E0E72146304601F0CEF80028F0D04F
:1022C0004FF0FF37EDE72146304601F0C5F8002812
:1022D000F6D101232268D6E701F004F8C4E700BF75
:1022E00003460A46024908681946FFF7B5BF00BF12
:1022F00000000020144600B51A460A4B0D461B6824
:1023000085B0DE6803464CB1074901913046074964
:102310000294009501F022FB01F00CF804490C46F0
:10232000F3E700BF000000200C8A00081C8A0008A8
:10233000188A000808B513460022FFF7DBFF00BF2C
:1023400070B5C66905460C465EB1F368A3B153F893
:102350002400E8B1026843F824200023C0E90333D5
:1023600070BD1020FFF7AEFB0646E861E8B1002320
:10237000C0E90033C0E9023321220421284601F0DC
:10238000ADF8EB69F060DB68002BE0D1002070BD98
:102390000121284601FA04F56A1D920001F09EF819
:1023A0000028F3D0C0E90145D7E702466B21024B74
:1023B0000248FFF79FFF00BF788900084C8A000899
:1023C00070B5C66905460C464EB13CB1EB69626812
:1023D000DB6853F82210216043F8224070BD1020C2
:1023E000FFF770FBE86120B1C0E90066C0E9026652
:1023F000EBE702468F21024B0248FFF77BFF00BF4D
:10240000788900084C8A00082DE9F0414FF0000E51
:102410000E461C460D69074601F1140001680EF1D5
:10242000010E8BB202FB0343090C4FEA134C02FB73
:1024300001CC9BB203EB0C43754540F8043B4FEADB
:102440001C44EBDC3CB1B368AB4207DD06EB850313
:1024500001355C6135613046BDE8F0817168384610
:102460000131FFF76DFF804690B1326906F10C0132
:10247000023292000C30FFF7AFFA3146464638463A
:10248000FFF79EFF06EB850301355C613561E2E7EE
:102490000246BA21014B0248FFF72CFFBC89000815
:1024A0004C8A00082DE9F8431E460C46264908339D
:1024B000174681FB032C092E4FEAE3730546C3EB55
:1024C0006C0339DD4FF0010C00214FEA4C0C6345E1
:1024D00001F10101F9DC2846FFF732FF014668B33C
:1024E000089B092F43614FF00103036112DC0927A8
:1024F0000A34BE420BDDF61B264414F8013B0A22C7
:102500002846303BFFF780FFB4420146F5D108462C
:10251000BDE8F88304F10909C8463C4418F8013BBA
:102520000A222846303BFFF76FFFA0450146F5D150
:10253000A7F108044C44DCE70021CCE70246D32194
:10254000024B0348FFF7D6FE398EE338BC890008FA
:102550004C8A0008B0F5803F03463ABF1020834004
:102560000020B3F1807F3CBF1B020830B3F1805FD5
:102570003CBF1B010430B3F1804F03D3002B06DBBB
:10258000013070479B0003D45B0003D420207047C8
:1025900002307047033070470368014613F00702AA
:1025A00009D0DA0721D498074BBF5B089B080120AC
:1025B00002200B60704798B2A0B11046DAB20AB997
:1025C00008301B0A1A0704BF1B0904309A0704BF0E
:1025D0009B080230DA0703D45B0800F1010006D043
:1025E0000B6070471020C340E8E7002070472020B0
:1025F000704700BF10B50C460121FFF7A1FE02464F
:1026000018B10123C0E9043410BD40F24511024B5A
:102610000248FFF76FFE00BFBC8900084C8A000823
:102620002DE9F04FD1F8108015690E46A845924665
:1026300085B005DB2A46534645468A4690461E46E7
:10264000DAF80830DAF8041005EB0804A342B8BF42
:102650000131FFF775FE002800F0898000F11407B2
:1026600007EB840E774505D23B46002243F8042B46
:102670009E45FBD8143606EB88080AF11409464536
:1026800009EB850566D2A5EB0A03153B23F003038E
:102690000AF1150A043355452CBF9B464FF0040B35
:1026A000CDF808E08246AE46039405E0090C2AD135
:1026B000B04507F104074AD956F8041B8DB2002D26
:1026C000F4D0CC463C46002301965CF8040B21680C
:1026D00086B28AB205FB0622000C090C05FB00112C
:1026E0001A4401EB124192B242EA0142E64544F833
:1026F000042B4FEA1143E8D8019E47F80B3056F8F7
:10270000041C090CD4D000223B6848461D463C46B8
:10271000944602889BB201FB02C202EB154243EAD7
:10272000024344F8043B50F8043B25684FEA134C3D
:10273000ABB201FB0C33704503EB12434FEA134C71
:10274000E7D3B04547F80B3007F10407B4D8DDE90B
:1027500002E45046002C02DC05E0013C03D05EF8A8
:10276000043D002BF9D0046105B0BDE8F08F0246AE
:102770004FF4B171014B0248FFF7BCFDBC89000862
:102780004C8A00082DE9F04112F003031446074675
:1027900082B02DD10E46A4101CD0FA698AB3956878
:1027A000002D39D0E3074FF0000806D4641011D093
:1027B000286898B10546E307F8D531462A463846D9
:1027C000FFF72EFF0346314638461E46FFF7F8FD59
:1027D0006410EDD1304602B0BDE8F0812A462946AA
:1027E0003846FFF71DFF28600546C0F80080E2E785
:1027F000184A013B52F823200023FFF705FE064646
:10280000C9E71020FFF75EF90246F861E0B1002346
:10281000C0E90033C0E90233012138460192FFF7D5
:102820008FFD019A054640B1012340F27121C0E9B4
:102830000431002390600360B4E7024640F2451182
:10284000054B0648FFF756FD40F2B311044B034811
:10285000FFF750FD98860008BC8900084C8A0008E4
:10286000788900082DE9F0470D462F69AB6807EB22
:1028700062177C1C9C429146064649684FEA621AE0
:1028800004DD5B009C4201F10101FADC3046FFF7F8
:1028900057FD804600284ED0BAF1000F00F1140019
:1028A0000EDD034600210AF105024FEA820C08EB17
:1028B000820243F8041B9342FBD1ACF11403184489
:1028C000296905F1140319F01F0903EB81012AD0CE
:1028D00084464FF0000AC9F1200E1A6802FA09F284
:1028E00042EA0A024CF8042B53F8042B994222FACC
:1028F0000EFAF2D84B1B153B23F00303043305F10A
:102900001502914238BF042340F803A0BAF1000F2A
:1029100000D13C4630462946C8F81040FFF750FD2C
:102920004046BDE8F087043853F8042B994240F83C
:10293000042FF9D8EDE702464FF4EF71014B02483E
:10294000FFF7D8FCBC8900084C8A000884460B6954
:102950000069C01A15D10CF1140C14310CEB830270
:1029600010B401EB830301E0944508D252F8044D02
:1029700053F8041D8C42F7D004D24FF0FF3010BC46
:1029800070477047012010BC704700BF2DE9F04F21
:1029900014460A6923698846D21A002A83B040F097
:1029A000888001F1140604F1140202EB830206EBA5
:1029B000830301E09E427FD253F8045D52F8041D68
:1029C0008D42F7D076D32346002544469846616869
:1029D000FFF7B6FC002800F0898000F11409494691
:1029E0004FF0000C2769D8F8106004F1140B08F1BF
:1029F000140EC56004F110020EEB86060BEB870A7D
:102A0000CDF804B05EF8044B52F8045F1FFA84FB63
:102A1000ABB2A3EB0B03240C6344C4EB154404EBEF
:102A200023449BB243EA0443764541F8043B4FEA12
:102A3000244CE7D808F115018E4234BF0021012152
:102A4000A6EB0806153EB608002906F101024FEA7A
:102A5000820208BF0422DDF804B00BEB0204A24599
:102A60004A4434D915462146E04651F8046BB3B2C6
:102A700063444FEA164E0EEB234E06EB08039BB25F
:102A800043EA0E438A454FEA2E4C45F8043BEBD807
:102A90000AF1FF3AAAEB040A2AF0030A524423B9C6
:102AA00052F8043D013F002BFAD0076103B0BDE8A6
:102AB000F08F88DA01258AE70021FFF741FC70B129
:102AC00001220023C0E9042303B0BDE8F08F0029F0
:102AD0004FEA860608BF002609EB0602DFE702463A
:102AE00040F23721054B0648FFF704FC024640F24E
:102AF0004521024B0248FFF7FDFB00BFBC890008DF
:102B00004C8A0008124B0A460B40A3F15073002B6D
:102B100003DD00221946104670475B42B3F1A07FE7
:102B20004FEA235106DA4FF4002300220B411946E5
:102B30001046704714391E29D4BF4FF000420122BD
:102B40004FF00003D8BFCA4010461946704700BF77
:102B50000000F07FF8B5046900F1140202EB840470
:102B600054F8045C261F2846FFF7F4FC0346C0F126
:102B700020000A2B086030DDB242A3F10B071AD205
:102B800054F8083C1FB3C7F1200C23FA0CF1BD40E8
:102B900045EA0106A4F1080546F07F51AA4203FA6E
:102BA00007F341F4401116D254F80C2C22FA0CF21F
:102BB00013431846F8BD0B2B08D0002305FA07F77E
:102BC00047F07F51184641F44011F8BD002345F00D
:102BD0007F5141F440111846F8BDB2422CBF00228B
:102BE00054F8082CC3F10B0703F1150325FA07FC71
:102BF00038BFFA4005FA03F34CF07F5113431846EF
:102C000041F44011F8BD00BFF0B5012183B0164674
:102C10001F46FFF795FB0546002847D0C7F30A5427
:102C2000C7F313030CB143F48013002E019314D1A6
:102C300001A8FFF7B1FC0122019B20306B612A61E2
:102C400014B3089BA4F2334404441C60099BC0F1F4
:102C500035001860284603B0F0BD68460096FFF7BF
:102C60009BFC019B00B30099C0F1200203FA02F221
:102C7000C34001930A43002B6A610CBF0122022268
:102C8000AB612A61002CDCD105EB8201A0F232435A
:102C9000086908990B60FFF75DFC099BC0EB4210C7
:102CA0001860284603B0F0BD009AE4E7024640F2FF
:102CB0000F31024B0248FFF71DFB00BFBC89000823
:102CC0004C8A00082DE9F04383B088466946814666
:102CD000FFF740FF04460D46404601A9FFF73AFFC3
:102CE000D9F81030D8F81020A3EB020CDDE900323F
:102CF0009B1A03EB4C13002B0BDD05EB03573D46F2
:102D000002460B462046294601F0AEFC03B0BDE862
:102D1000F083C3EB033301EB03594946F0E700BFEF
:102D2000172870B506460ADD002000240749084D23
:102D300022462B4601F06EFB013EF9D170BD054BDA
:102D400003EBC003D3E9040170BD00BF0000F03FF6
:102D5000000024409886000801F1FF3C116902F14F
:102D600014034FEA6C1C03EB81010CF1010C8B4244
:102D700000EB8C0C16D210B5A0F1040E53F8044BE6
:102D800099424EF8044FF9D88B1A153B23F00303F0
:102D900004331844844504D9002340F8043B844597
:102DA000FBD810BD844505D9002340F8043B844579
:102DB000FBD87047704700BF03694A11934200F186
:102DC000140009DA00EB830302E053F8042DA2B9E2
:102DD0008342FAD80020704700EB8203F8DD11F03F
:102DE0001F01F5D010B450F8224024FA01F28A40B5
:102DF000944208D0012010BC70470120704753F85E
:102E0000042D002AF6D18342F9D8002010BC704767
:102E1000F0307047004870474C0100200048704770
:102E20004C0100209368002B00F0F0802DE9F04F5A
:102E3000B1F90CC090461CF0080F81460C4683B0D7
:102E40002BD00B694BB31CF00207D8F8006032D0CE
:102E50004FF0000A5546D4F828B0216AAB4FC5B1EF
:102E6000BD422B46524628BF3B464846D84700281D
:102E700040F3C280D8F8083082441B1A2D1AC8F8D3
:102E80000830002B00F0AE80D4F828B0216A002D65
:102E9000E6D1D6E900A50836E1E72146484600F02C
:102EA000EDFC002840F0AD80B4F90CC0D8F800600B
:102EB0001CF00207CCD11CF0010A63D157462368ED
:102EC000A16818468B46002F58D01CF4007F00F0F4
:102ED000B180B9420A4600F2DD801CF4906F2FD019
:102EE000216962695D1A02EB420202EBD2726B1C2D
:102EF00052103B44934292BF93469B461A461CF4A1
:102F0000806F00F0E6801146484600F021FB002863
:102F100000F0F5802A4621690190FEF75DFDA28947
:102F2000019B22F4906242F08002A2815819C4F8F9
:102F300014B0ABEB05053A46BB462361A5602060A3
:102F40003D4600275146019200F0E0FBA16823684E
:102F5000019AA1EB0B011A44A1602260D8F8083055
:102F6000AA445B1BC8F80830002B3BD02368A1683B
:102F700018468B46B4F90CC0002FA6D1D6E900A79D
:102F800008369EE73846BB463D46002D40D0002817
:102F900045D03A46D4E904C32068AA4228BF2A464D
:102FA0006045A16804D901EB030A524500F3828011
:102FB000934272DC5A464846216AD4F828C0E0475A
:102FC000B0F1000A18DDB7EB0A070FD00120D8F8DE
:102FD0000830D344A3EB0A03A5EB0A05C8F8083070
:102FE000002BD2D1002003B0BDE8F08F2146484627
:102FF00000F032FA0028EAD0B4F90C3043F0400374
:10300000A3814FF0FF3003B0BDE8F08F0020704780
:10301000756833460836002DFAD0D3F800B02A463A
:103020000A215846FEF732FF002865D00130A0EB98
:103030000B07AEE722699A4214D36569BD4211D8E5
:103040006FF00043BB4228BF3B4693FBF5F352466B
:1030500005FB03F34846A56A216AA847051ECBDD98
:103060007F1B7BE7B94228BF39460D4618465146BB
:103070002A4600F04BFBA1682368491B2B44A16042
:1030800023600029ECD12146484600F0E5F90028EC
:10309000E6D0B1E7BB463A4652E75946019200F006
:1030A00035FB019AA36892469B1AA36023681344D8
:1030B000236088E75946524600F028FB23682146E2
:1030C00053444846236000F0C7F900283FF47BAF23
:1030D00092E7484600F056FC034600287FF426AFEE
:1030E0004846216900F0B4FA0C22B4F90C30C9F852
:1030F000002023F0800381E76A1C17464AE70C2270
:10310000B4F90C30C9F8002078E700BF00FCFF7F5D
:1031100000207047024A0349034800F075BB00BF16
:103120005000002059340008040000200C4B416876
:1031300010B59942044601D000F08EF9A168094B00
:10314000994202D0204600F087F9E168064B994287
:1031500004D02046BDE8104000F07EB910BD00BF8D
:10316000F40100205C020020C4020020002070470F
:103170002DE9F84300250423294C2A490822C4F8E4
:10318000381104F15C002946DFF89C90DFF89C8040
:10319000274F284EC4E90335C4E90055C4E9055555
:1031A000A5606566FDF74EF8234B0822294604F119
:1031B000C4006367C4E90849C4E90A87C4E91A5529
:1031C000C4E91E5526632567C4F8CC50C4F8805066
:1031D000FDF738F8194B2946C4F8DC30082204F111
:1031E000680304F59670C4F88830C4E92398C4E9EC
:1031F0002576C4E93455C4E93855C4F8D850C4F824
:103200003451C4F8E850FDF71DF804F1D003C4E9C7
:103210003D98C4E93F76C4F8F030BDE8F88300BFBC
:10322000F401002015310008493B0008713B0008FB
:10323000B13B0008D53B0008090001001200020064
:10324000F8B5254B0646D3F83831002B3CD0234F38
:10325000D7E90134013B04D51DE05A1C04F1680490
:1032600019D0B4F90C50013B002DF6D11C4B0822AB
:103270002946C4E90155C4E90455E3606566256043
:10328000A56104F15C00FCF7DDFFC4E90D55C4E95C
:1032900012552046F8BD3D680DB12F46D8E74FF4D2
:1032A000D671304600F054F9044680B1042305601D
:1032B000294625460C304FF4D072A0606360FCF7BD
:1032C000C1FF3C602F46C3E7FFF752FFBFE70C2367
:1032D00038603360DDE700BFF401002050000020BB
:1032E0000100FFFF036A03B17047044B044AD3F89F
:1032F00038310262002BF7D13AE700BFF401002019
:103300002D310008704700BF704700BF0020024AFF
:10331000024900F079BA00BF5000002011310008C6
:103320000020024A024900F06FBA00BF500000209E
:103330006D310008062008B500F00EFD012005F0F3
:1033400029F900BFF8B5B1F90C300C461E07074645
:1033500039D44A68002A53DDE56A002D31D00022B5
:103360003E683A6013F48052216A55D101233846F1
:10337000A847451C024663D0B4F90C30E56A216ABF
:10338000580705D56368D21A636B0BB1236CD21A48
:1033900000233846A847421C40D0002223696260BF
:1033A0002360A389DB0400D56065616B3E6041B199
:1033B00004F14403994202D0384600F049F9002351
:1033C00063630020F8BD0E69002EFAD09B0718BF7A
:1033D00000230D6808BF4B690E60AD1B8B600CE0CD
:1033E0002B463246D4F828C03846216AE047B0F16F
:1033F000000CA5EB0C05664406DD002DF0DCE0E7D3
:103400000A6C002AA8DCDCE7B4F90C3043F0400376
:103410004FF0FF30A381F8BD626DB1E73968B4F9B0
:103420000C301D29F2D80B4ACA40D507EED5002230
:10343000626022692260DA04B7D50029B4D0B4E70B
:103440003B68002B98D01D2B01D0162BDCD13E60A1
:10345000B7E700BF010040200B69B3B110B50446C7
:1034600082B008B1036A5BB1B1F90C3013B9002026
:1034700002B010BD204602B0BDE81040FFF762BFA9
:103480000191FFF72FFF0199EEE70020704700BF81
:10349000B8B138B50D4A0369044615682BB10DB1B2
:1034A0002B6A53B1B4F90C300BB9002038BD21465A
:1034B0002846BDE83840FFF745BF2846FFF712FF12
:1034C000F0E7034A0349044800F09EB900000020D9
:1034D00050000020593400080400002070B5A1FB02
:1034E000025454B9294600F033F8064618B12A466A
:1034F0002146FCF7A7FE304670BD0C220026026074
:10350000F9E700BF70B5114E054633680C46BBB1F4
:103510002146284600F006FB431C01460CD0C41C83
:1035200024F00304A04205D02846611A00F0FAFAFC
:10353000013001D0204670BD4FF0FF34204670BDF1
:10354000194600F0EFFA3060E2E700BF30030020D8
:103550002DE9F843CD1C25F0030508350C2D38BFA7
:103560000C25002D064618DBA94216D8DFF8DC80B2
:1035700000F03AFAD8F80420A2B1144603E06368D8
:1035800022467BB11C4623685B1BF8D40B2B1FD84B
:103590009442636854D053600CE00C2333600020E5
:1035A000BDE8F88329463046FFF7ACFF431C0446CC
:1035B00019D00560304600F019FA04F10B00231D04
:1035C00020F00700C21A1CBF1B1AA350BDE8F883E5
:1035D00061199442256014BF5160C8F8041063510A
:1035E00063684B60E6E7D8F804701FB33C467F6819
:1035F000002FFBD123683946304604EB030900F065
:1036000091FA814516D123683046ED1A2946FFF715
:1036100079FF01300ED02368D8F804202B442360B2
:10362000536883B1A34203D01A465B689C42FBD126
:103630000023B0E70C233046336000F0D7F9AEE743
:10364000C8F80430B6E7C8F80470B3E730030020C8
:10365000002950D038B551F8043C0C1F002BB8BFDE
:10366000E418054600F0C0F9274A13682BB1A342BD
:103670000CD92168601883422CD0284663601460FE
:10368000BDE8384000F0B2B9A3420FD81A465B68D3
:10369000002BF9D111685018844217D02CD36360E5
:1036A00054602846BDE8384000F0A0B911685018B1
:1036B000A04214D020D8216860188342EFD1186846
:1036C0005B680844C4E900035460EAE723680B44DC
:1036D0001360E6E718685B6808442060CDE720685F
:1036E0000144501883421160DBD1D3E90004014446
:1036F000C2E90014D5E770470C2328462B60BDE8CB
:10370000384000F073B900BF3403002088420ED95E
:103710008B1883420BD900EB020C002A6DD0624655
:1037200013F801CD994202F801CDF9D170470F2A63
:103730000FD8034602F1FF3C002A5ED00CF1010CC9
:10374000013B8C4411F8012B614503F8012FF9D19D
:10375000704740EA01039B0750D1A2F1100370B5F6
:1037600001F1200C23F00F0501F1100E00F11004FF
:10377000AC441B095EF8105C0EF1100E44F8105CAE
:103780005EF81C5C103444F81C5C5EF8185C44F86D
:10379000185C5EF8145CE64544F8145CEAD1013329
:1037A00012F00C0F01EB031102F00F0400EB0313F6
:1037B00028D08E46043C24F003064FEA940C1E44A5
:1037C0001C1F5EF8045B44F8045FB442F9D10CF1AD
:1037D000010402F0030203EB840301EB840102F114
:1037E000FF3C4AB10CF1010C013B8C4411F8012B58
:1037F000614503F8012FF9D170BD7047034602F10E
:10380000FF3C9BE72246EAE72DE9F8434FF0000929
:1038100080460F461646D6E90154013D10D4A389CF
:10382000012B08D9B4F90E30013304D021464046AB
:10383000B84749EA0009013D6B1C04F16804EED168
:103840003668002EE7D14846BDE8F88310B4034C33
:10385000D4F8E040A44610BC604700BF5C000020E4
:10386000034649B1FF2A02D801200A7070478A2214
:103870004FF0FF301A6070470846704738B52F4B3D
:1038800005461B680C4613B11A6A002A4BD0B4F9DE
:103890000C3018071CD5226922B313F0010107D0A0
:1038A00000206169A0604942A1613AB1002038BDA1
:1038B000980758BF6169A160002AF7D1190658BF5F
:1038C0001046F4D543F04003A3814FF0FF3038BDDC
:1038D000D9062CD55A0712D4226943F00803A381D4
:1038E000002ADAD103F42071B1F5007FD5D021464A
:1038F000284600F07DF8B4F90C302269CDE7616B01
:1039000051B104F14402914204D02846FFF7A0FED1
:10391000B4F90C30002262630021226923F02403F1
:10392000C4E90021D9E71846FFF7DCFCAFE709221C
:1039300043F040032A60A381C7E700BF00000020D6
:103940000CB400B583B004AB53F8042B0193FEF71D
:1039500049FB03B05DF804EB02B070470EB400B54C
:10396000074A82B003AB0146106853F8042B019359
:10397000FEF738FB02B05DF804EB03B0704700BF00
:10398000000000202DE9F041144641B30AB3064679
:103990000D4600F023F98442074602D8B4EB500FDD
:1039A00013D821463046FFF7D3FD804650B1BC42C4
:1039B0002246294628BF3A46FEF70EF829463046E9
:1039C000FFF746FE4046BDE8F081A8464046BDE808
:1039D000F081A046FFF73CFE4046BDE8F08111466D
:1039E000BDE8F041FFF7B4BD704700BF704700BFAE
:1039F00070B5B1F90C300C46990796B007D5012285
:103A000004F14703C4E90432236016B070BDB4F971
:103A10000E100546002929DB6A4600F061FA0028ED
:103A200022DB4FF480612846019EFFF791FD88B3A9
:103A3000A38906F4704643F08003A3814FF48063AA
:103A4000B6F5005FC4E904032060DED12846B4F96E
:103A50000E1000F055F80028D7D0A38923F00303F7
:103A600043F00103A381D0E7B4F90C3013F0800FC9
:103A700014BF40264FF4806628463146FFF768FDA4
:103A800040B1A389C4E9040643F080032060A38108
:103A900016B070BDB4F90C309A05B6D4012123F0EC
:103AA000030304F1470243F00203C4E90421A381A4
:103AB0002260AAE770B50C46B1F90E101546002930
:103AC0001E4696B00FDB6A4600F00AFA00280ADBB1
:103AD000019B4FF4806203F47043A3F50053B3FAE3
:103AE00083F35B0907E0A289002312F0800F14BF63
:103AF00040224FF48062002033602A6016B070BD0F
:103B0000002238B5064D044608462A6004F060FDE0
:103B1000431C00D038BD2B68002BFBD0236038BD80
:103B200038030020002238B5064D044608462A60B6
:103B300004F002FD431C00D038BD2B68002BFBD0E5
:103B4000236038BD3803002010B50C46B1F90E10C3
:103B500000F0B0F9002803DB636D0344636510BD1A
:103B6000A38923F48053A38110BD00BF00207047B8
:103B70002DE9F0410C46B1F90C101F46CB05054666
:103B800016460BD421F48051A1813B46324628468B
:103B9000B4F90E10BDE8F04100F0CCB9B4F90E1044
:103BA0000223002200F0B0F9B4F90C10EAE700BFDC
:103BB00010B50C46B1F90E1000F0A6F9B4F90C30AE
:103BC000421C0EBF23F4805343F480536065A381ED
:103BD00010BD00BFB1F90E1000F05AB951F8043C05
:103BE000181F002BBCBF0B58C018704710B4034CF3
:103BF000D4F8E440A44610BC604700BF5C0000203D
:103C000082B049B15AB16BB113780B601278101EB3
:103C100018BF012002B0704701A9002AF3D1104655
:103C200002B070476FF00100F4E700BF38B5C46B15
:103C30000CB1002038BD80210546FFF789FC024603
:103C4000E86330B1031F7C3243F8044F9342FBD149
:103C5000EFE74FF0FF3038BD30B51F29054683B080
:103C600008D8C36B0C4653B153F8240043F8242002
:103C700003B030BD162303604FF0FF30F8E780211A
:103C80000192FFF765FC019A0346E8630028F3D030
:103C9000011F00F17C05002041F8040FA942FBD16F
:103CA000E2E700BF1F2938B505461ED8C26B0C4697
:103CB0006AB152F8213053B1012B06D0591C10D0F3
:103CC0000021204642F824109847002038BD28469D
:103CD00000F05AF9224601462846BDE8384000F077
:103CE0003FB9162301202B6038BD16234FF0FF305B
:103CF0002B6038BD1F292BD838B5C36B0C46054641
:103D0000A3B153F8242003EB84034AB1511C0BD018
:103D1000012A07D0002520461D609047284638BD5F
:103D2000012038BD032038BD022038BD8021FFF7B7
:103D30000FFC0346E86340B100201A1F03F17C0129
:103D400042F8040F8A42FBD1DBE74FF0FF3038BD69
:103D50004FF0FF30704700BF38B5134B1F281D6868
:103D60001DD8EA6B044662B152F820304BB1012BEA
:103D700005D0591C0FD0002142F820109847002090
:103D800038BD284600F000F9224601462846BDE825
:103D9000384000F0E5B8162301202B6038BD16230B
:103DA0004FF0FF302B6038BD00000020114B1F2862
:103DB00070B51E6808D8F36B04460D464BB153F836
:103DC000240043F8245070BD162333604FF0FF30B9
:103DD00070BD80213046FFF7BBFB0346F06300282F
:103DE000F4D00021021F7C3042F8041F8242FBD134
:103DF000E5E700BF0000002038B50B4B1D68EC6BF9
:103E00000CB1002038BD80212846FFF7A1FBE863F4
:103E100038B1031F00F17C0243F8044F9342FBD1F9
:103E2000EFE74FF0FF3038BD0000002038B5174BEA
:103E30001F281D6826D80446E86BA0B150F824203E
:103E400000EB84034AB1511C0BD0012A07D0002596
:103E500020461D609047284638BD012038BD03200C
:103E600038BD022038BD80212846FFF771FBE8638A
:103E700040B10021031F00F17C0243F8041F93426C
:103E8000FBD1DBE74FF0FF3038BD00BF0000002062
:103E9000002238B5064D044608462A6004F090FB1F
:103EA000431C00D038BD2B68002BFBD0236038BDED
:103EB0003803002038B50C46114600228446074DD1
:103EC00020462A601A46644604F06AFB431C00D070
:103ED00038BD2B68002BFBD0236038BD3803002091
:103EE00070B50026074D0446084611462E6004F0C2
:103EF0006AFB431C00D070BD2B68002BFBD02360F5
:103F000070BD00BF3803002038B50C4611460022B2
:103F10008446074D20462A601A46644604F05AFB40
:103F2000431C00D038BD2B68002BFBD0236038BD6C
:103F30003803002038B50C46114600228446074D50
:103F400020462A601A46644601F026F8431C00D039
:103F500038BD2B68002BFBD0236038BD3803002010
:103F600070B50026074D0446084611462E6004F041
:103F700009FB431C00D070BD2B68002BFBD02360D5
:103F800070BD00BF3803002004F0FABA38B504460B
:103F900000F01AF821460546204600F0E7FF20B958
:103FA0002046002100F0BAFF08B9284638BDFCF7CA
:103FB00099F92122034600211A60084600F0C4FE48
:103FC0000546284638BD00BF20F00042B2F1FF4F41
:103FD000F8B504464ED2002A43D00028034650DBF1
:103FE00010F0FF423ED0C1150024C3F31602A1F128
:103FF0007F05CB074FF0190E4FF0807C214642F42D
:10400000000258BF52006D10520001EB0C039342A6
:10401000CFBF134603EB0C016444D31ABEF1010E6B
:104020004FEA43024FEA5C0CEFD1ABB11A4E306855
:10403000716800F0CBFC37680146384600F078FF25
:1040400050B13068716800F0C3FC366801463046F4
:1040500000F064FFE0B10234601000F17C5000EB2E
:10406000C550F8BD5B001802114602F10102F9D5F6
:104070004942B9E7014600F0B3FD214600F0A8FC33
:10408000F8BD014600F0A2FC014600F05DFEF8BD5F
:10409000013424F00104DFE7C488000881F0004106
:1040A00002E000BF83F0004330B54FEA41044FEA1D
:1040B000430594EA050F08BF90EA020F1FBF54EAB8
:1040C000000C55EA020C7FEA645C7FEA655C00F054
:1040D000E2804FEA5454D4EB5555B8BF6D420CDD25
:1040E0002C4480EA020281EA030382EA000083EAA8
:1040F000010180EA020281EA0303362D88BF30BD48
:1041000011F0004F4FEA01314FF4801C4CEA11319D
:1041100002D0404261EB410113F0004F4FEA0333FC
:104120004CEA133302D0524263EB430394EA050F87
:1041300000F0A780A4F10104D5F1200E0DDB02FAF6
:104140000EFC22FA05F2801841F1000103FA0EF28A
:10415000801843FA05F359410EE0A5F120050EF150
:10416000200E012A03FA0EFC28BF4CF0020C43FA81
:1041700005F3C01851EBE37101F0004507D54FF08E
:10418000000EDCF1000C7EEB00006EEB0101B1F5DE
:10419000801F1BD3B1F5001F0CD349085FEA300024
:1041A0004FEA3C0C04F101044FEA445212F5800F2F
:1041B00080F09A80BCF1004F08BF5FEA500C50F1CC
:1041C000000041EB045141EA050130BD5FEA4C0CAF
:1041D000404141EB0101013C28BFB1F5801FE9D20C
:1041E00091F0000F04BF01460020B1FA81F308BF2F
:1041F0002033A3F10B03B3F120020CDA0C3208DDFB
:1042000002F1140CC2F10C0201FA0CF021FA02F1D5
:104210000CE002F11402D8BFC2F1200C01FA02F145
:1042200020FA0CFCDCBF41EA0C019040E41AA2BF6A
:1042300001EB0451294330BD6FEA04041F3C1CDA32
:104240000C340EDC04F11404C4F1200220FA04F052
:1042500001FA02F340EA030021FA04F345EA0301FC
:1042600030BDC4F10C04C4F1200220FA02F001FABE
:1042700004F340EA0300294630BD21FA04F0294640
:1042800030BD94F0000F83F4801306BF81F48011D9
:104290000134013D4EE77FEA645C18BF7FEA655C4C
:1042A00029D094EA050F08BF90EA020F05D054EA1E
:1042B000000C04BF1946104630BD91EA030F1EBF23
:1042C0000021002030BD5FEA545C05D14000494127
:1042D00028BF41F0004130BD14F580043CBF01F51A
:1042E000801130BD01F0004545F0FE4141F4700100
:1042F0004FF0000030BD7FEA645C1ABF19461046DB
:104300007FEA655C1CBF0B46024650EA013406BFDB
:1043100052EA033591EA030F41F4002130BD00BF9A
:1043200090F0000F04BF0021704730B54FF4806457
:1043300004F132044FF000054FF0000150E700BFD8
:1043400090F0000F04BF0021704730B54FF4806437
:1043500004F1320410F0004548BF40424FF0000124
:104360003EE700BF42004FEAE2014FEA31014FEA67
:1043700002701FBF12F07F4393F07F4F81F06051B6
:10438000704732F07F4208BF704793F07F4F04BF01
:1043900041F40021704730B54FF4607401F00045DE
:1043A00021F000411CE700BF50EA010208BF70473E
:1043B00030B54FF000050AE050EA010208BF70472F
:1043C00030B511F0004502D5404261EB41014FF498
:1043D000806404F132045FEA915C3FF4D8AE4FF0A0
:1043E00003025FEADC0C18BF03325FEADC0C18BF83
:1043F000033202EBDC02C2F1200300FA03FC20FAD4
:1044000002F001FA03FE40EA0E0021FA02F1144420
:10441000BDE600BF70B54FF0FF0C4CF4E06C1CEA39
:1044200011541DBF1CEA135594EA0C0F95EA0C0FAA
:1044300000F0DEF82C4481EA030621EA4C5123EA1D
:104440004C5350EA013518BF52EA033541F480114C
:1044500043F4801338D0A0FB02CE4FF00005E1FBFF
:1044600002E506F00042E0FB03E54FF00006E1FB49
:1044700003569CF0000F18BF4EF0010EA4F1FF048C
:10448000B6F5007F64F5407404D25FEA4E0E6D41CC
:1044900046EB060642EAC62141EA55514FEAC520DD
:1044A00040EA5E504FEACE2EB4F1FD0C88BFBCF559
:1044B000E06F1ED8BEF1004F08BF5FEA500E50F10A
:1044C000000041EB045170BD06F0004646EA0101D0
:1044D00040EA020081EA0301B4EB5C04C2BFD4EB02
:1044E0000C0541EA045170BD41F480114FF0000EFB
:1044F000013C00F3AB8014F1360FDEBF002001F069
:10450000004170BDC4F10004203C35DA0C341BDCE2
:1045100004F11404C4F1200500FA05F320FA04F0B4
:1045200001FA05F240EA020001F0004221F00041E8
:1045300010EBD37021FA04F642EB06015EEA430E5B
:1045400008BF20EAD37070BDC4F10C04C4F120058B
:1045500000FA04F320FA05F001FA04F240EA02003E
:1045600001F0004110EBD37041F100015EEA430E0F
:1045700008BF20EAD37070BDC4F1200500FA05F22F
:104580004EEA020E20FA04F301FA05F243EA0203AE
:1045900021FA04F001F0004121FA04F220EA0200BD
:1045A00000EBD3705EEA430E08BF20EAD37070BD03
:1045B00094F0000F0FD101F00046400041EB0101E3
:1045C00011F4801F08BF013CF7D041EA060195F0C5
:1045D000000F18BF704703F00046520043EB03037F
:1045E00013F4801F08BF013DF7D043EA060370476C
:1045F00094EA0C0F0CEA135518BF95EA0C0F0CD077
:1046000050EA410618BF52EA4306D1D181EA0301BC
:1046100001F000414FF0000070BD50EA410606BFB6
:104620001046194652EA430619D094EA0C0F02D1FB
:1046300050EA013613D195EA0C0F05D152EA033640
:104640001CBF104619460AD181EA030101F000415E
:1046500041F0FE4141F470014FF0000070BD41F0A7
:10466000FE4141F4780170BD70B54FF0FF0C4CF481
:10467000E06C1CEA11541DBF1CEA135594EA0C0FA0
:1046800095EA0C0F00F0A7F8A4EB050481EA030EED
:1046900052EA03354FEA013100F088804FEA0333D4
:1046A0004FF0805545EA131343EA12634FEA0222A2
:1046B00045EA111545EA10654FEA00260EF0004163
:1046C0009D4208BF964244F1FD0404F5407402D2B5
:1046D0005B084FEA3202B61A65EB03055B084FEA46
:1046E00032024FF480104FF4002CB6EB020E75EB43
:1046F000030E22BFB61A754640EA0C005B084FEA6B
:104700003202B6EB020E75EB030E22BFB61A7546E7
:1047100040EA5C005B084FEA3202B6EB020E75EB32
:10472000030E22BFB61A754640EA9C005B084FEAAA
:104730003202B6EB020E75EB030E22BFB61A7546B7
:1047400040EADC0055EA060E18D04FEA051545EAA6
:1047500016754FEA06164FEAC30343EA52734FEA4F
:10476000C2025FEA1C1CC0D111F4801F0BD141EAC8
:1047700000014FF000004FF0004CB6E711F4801F2D
:1047800004BF01430020B4F1FD0C88BFBCF5E06F0D
:104790003FF6AFAEB5EB030C04BFB6EB020C5FEA1D
:1047A000500C50F1000041EB045170BD0EF0004E72
:1047B0004EEA113114EB5C04C2BFD4EB0C0541EAA4
:1047C000045170BD41F480114FF0000E013C90E6A1
:1047D00045EA060E8DE60CEA135594EA0C0F08BF65
:1047E00095EA0C0F3FF43BAF94EA0C0F0AD150EA64
:1047F00001347FF434AF95EA0C0F7FF425AF1046F7
:1048000019462CE795EA0C0F06D152EA03353FF41E
:10481000FDAE1046194622E750EA410618BF52EA9B
:1048200043067FF4C5AE50EA41047FF40DAF52EA6F
:1048300043057FF4EBAE12E74FF0FF3C06E000BF0C
:104840004FF0010C02E000BF4FF0010C4DF804CD19
:104850004FEA410C7FEA6C5C4FEA430C18BF7FEAD9
:104860006C5C1BD001B050EA410C0CBF52EA430C07
:1048700091EA030F02BF90EA020F0020704710F187
:10488000000F91EA030F58BF994208BF90422CBF16
:10489000D8176FEAE37040F0010070474FEA410C0F
:1048A0007FEA6C5C02D150EA013C07D14FEA430C2D
:1048B0007FEA6C5CD6D152EA033CD3D05DF8040B9E
:1048C000704700BF8446104662468C4619466346D0
:1048D00000E000BF01B5FFF7B7FF002848BF10F1A7
:1048E000000F01BD4DF808EDFFF7F4FF0CBF0120EC
:1048F00000205DF808FB00BF4DF808EDFFF7EAFF68
:1049000034BF012000205DF808FB00BF4DF808ED22
:10491000FFF7E0FF94BF012000205DF808FB00BF17
:104920004DF808EDFFF7CEFF94BF012000205DF8A1
:1049300008FB00BF4DF808EDFFF7C4FF34BF0120AE
:1049400000205DF808FB00BF4FEA410C7FEA6C5C79
:1049500002D150EA013C0AD14FEA430C7FEA6C5C79
:1049600002D152EA033C02D14FF0000070474FF0F1
:10497000010070474FEA410212F5001215D211D51D
:104980006FF47873B3EB625212D94FEAC12343F04C
:10499000004343EA505311F0004F23FA02F018BFCE
:1049A000404270474FF00000704750EA013005D197
:1049B00011F0004008BF6FF0004070474FF000005A
:1049C000704700BF80F0004002E000BF81F000416E
:1049D00042001FBF5FEA410392EA030F7FEA226CA5
:1049E0007FEA236C6AD04FEA1262D2EB1363C1BF35
:1049F000D218414048404140B8BF5B42192B88BFA4
:104A0000704710F0004F40F4000020F07F4018BFC6
:104A1000404211F0004F41F4000121F07F4118BFE6
:104A2000494292EA030F3FD0A2F1010241FA03FC8E
:104A300010EB0C00C3F1200301FA03F100F0004376
:104A400002D5494260EB4000B0F5000F13D3B0F13E
:104A5000807F06D340084FEA310102F10102FE2AAD
:104A600051D2B1F1004F40EBC25008BF20F001001D
:104A700040EA03007047490040EB0000013A28BFBC
:104A8000B0F5000FEDD2B0FA80FCACF1080CB2EB3F
:104A90000C0200FA0CF0AABF00EBC25052421843BD
:104AA000BCBFD0401843704792F0000F81F4000162
:104AB00006BF80F400000132013BB5E74FEA410335
:104AC0007FEA226C18BF7FEA236C21D092EA030FA1
:104AD00004D092F0000F08BF0846704790EA010F1B
:104AE0001CBF0020704712F07F4F04D1400028BF48
:104AF00040F00040704712F100723CBF00F500002A
:104B0000704700F0004343F0FE4040F4000070475F
:104B10007FEA226216BF08467FEA2363014642020B
:104B200006BF5FEA412390EA010F40F4800070471E
:104B30004FF0000304E000BF10F0004348BF4042C4
:104B40005FEA000C08BF704743F0964301464FF000
:104B500000001CE050EA010208BF70474FF000035C
:104B60000AE000BF50EA010208BF704711F000439D
:104B700002D5404261EB41015FEA010C02BF84466D
:104B80000146002043F0B64308BFA3F18053A3F5CC
:104B90000003BCFA8CF2083AA3EBC25310DB01FA13
:104BA00002FC634400FA02FCC2F12002BCF1004F97
:104BB00020FA02F243EB020008BF20F00100704728
:104BC00002F1200201FA02FCC2F1200250EA4C007C
:104BD00021FA02F243EB020008BF20EADC707047C2
:104BE0004FF0FF0C1CEAD0521EBF1CEAD15392EAD0
:104BF0000C0F93EA0C0F6FD01A4480EA010C4002AC
:104C000018BF5FEA41211ED04FF0006343EA501005
:104C100043EA5111A0FB01310CF00040B1F5000F47
:104C20003EBF490041EAD3715B0040EA010062F1F6
:104C30007F02FD2A1DD8B3F1004F40EBC25008BFE0
:104C400020F00100704790F0000F0CF0004C08BFFE
:104C500049024CEA502040EA51207F3AC2BFD2F1CB
:104C6000FF0340EAC250704740F400004FF00003D9
:104C7000013A5DDC12F1190FDCBF00F00040704713
:104C8000C2F10002410021FA02F1C2F1200200FA51
:104C900002FC5FEA310040F1000053EA4C0308BF18
:104CA00020EADC70704792F0000F00F0004C02BF69
:104CB000400010F4000F013AF9D040EA0C0093F0E4
:104CC000000F01F0004C02BF490011F4000F013B3E
:104CD000F9D041EA0C018FE70CEAD15392EA0C0FAC
:104CE00018BF93EA0C0F0AD030F0004C18BF31F017
:104CF000004CD8D180EA010000F00040704790F0ED
:104D0000000F17BF90F0004F084691F0000F91F090
:104D1000004F14D092EA0C0F01D142020FD193EA56
:104D20000C0F03D14B0218BF084608D180EA0100DE
:104D300000F0004040F0FE4040F40000704740F0BA
:104D4000FE4040F4400070474FF0FF0C1CEAD05288
:104D50001EBF1CEAD15392EA0C0F93EA0C0F69D0E4
:104D6000A2EB030280EA010C49024FEA402037D04F
:104D70004FF0805343EA111143EA10130CF0004046
:104D80008B4238BF5B0042F17D024FF4000C8B4236
:104D900024BF5B1A40EA0C00B3EB510F24BFA3EB16
:104DA000510340EA5C00B3EB910F24BFA3EB9103E6
:104DB00040EA9C00B3EBD10F24BFA3EBD10340EA40
:104DC000DC001B0118BF5FEA1C1CE0D1FD2A3FF686
:104DD00050AF8B4240EBC25008BF20F0010070473B
:104DE0000CF0004C4CEA50207F32C2BFD2F1FF03DE
:104DF00040EAC250704740F400004FF00003013A0F
:104E000037E792F0000F00F0004C02BF400010F4B2
:104E1000000F013AF9D040EA0C0093F0000F01F0C6
:104E2000004C02BF490011F4000F013BF9D041EAE8
:104E30000C0195E70CEAD15392EA0C0F08D142021B
:104E40007FF47DAF93EA0C0F7FF470AF084676E7EE
:104E500093EA0C0F04D14B023FF44CAF08466EE7C7
:104E600030F0004C18BF31F0004CCAD130F0004295
:104E70007FF45CAF31F000437FF43CAF5FE700BFED
:104E80004FF0FF3C06E000BF4FF0010C02E000BF16
:104E90004FF0010C4DF804CD4FEA40024FEA4103B8
:104EA0007FEA226C18BF7FEA236C11D001B052EA6E
:104EB000530C18BF90EA010F58BFB2EB030088BF34
:104EC000C81738BF6FEAE17018BF40F001007047A3
:104ED0007FEA226C02D15FEA402C05D17FEA236C85
:104EE000E4D15FEA412CE1D05DF8040B704700BFCC
:104EF000844608466146FFE70FB5FFF7C9FF002863
:104F000048BF10F1000F0FBD4DF808EDFFF7F4FF9B
:104F10000CBF012000205DF808FB00BF4DF808ED34
:104F2000FFF7EAFF34BF012000205DF808FB00BF57
:104F30004DF808EDFFF7E0FF94BF012000205DF879
:104F400008FB00BF4DF808EDFFF7D2FF94BF01202A
:104F500000205DF808FB00BF4DF808EDFFF7C8FF23
:104F600034BF012000205DF808FB00BF4FEA40027B
:104F70004FEA41037FEA226C02D15FEA402C08D15C
:104F80007FEA236C02D15FEA412C02D14FF000008E
:104F900070474FF00100704710B514464FF0FF33D3
:104FA00092B2024802F01DF8204610BDF80B002016
:104FB00008B50368B3F1804F00D008BD00F098FC3D
:104FC000FBE772B6FEE700B591B02822002106A8E3
:104FD000FBF738F90023019302930393049305939D
:104FE0000223069301230A9310230B9306A800F0D3
:104FF000A7FC68B90F23019300210291039104914A
:10500000059101A800F0CEFE20B911B05DF804FBB7
:10501000FFF7D7FFFFF7D5FF00B585B000F056FCCE
:10502000FFF7D1FF00F026F800F03AF900F0BEF9E2
:105030000C4A01AB07CA03C31A804FF0FF330922A1
:1050400001A9094801F0CDFF084800F007FA00F077
:10505000BBF802F063FF01460548FCF773FF02F05E
:10506000CBFFFEE7E4880008F80B0020A40B00202B
:10507000CC88000882B00A4B9A6942F004029A6117
:105080009A6902F004020092009A9A6942F00802BA
:105090009A619B6903F008030193019B02B070477A
:1050A0000010024038B5002419E0611E154D04F1CE
:1050B0007F02FF3435F9143035F9122035F911101B
:1050C0001148FCF73FFF00234FF0FF3229460F48FD
:1050D000006802F046F90024022002F0C5FF04F542
:1050E0008072084804F1800100EB420200EB4101AC
:1050F00000EB440000F0DAF90134A4B27F2CD4D8DC
:10510000EAE700BF3C060020F0880008940B00206E
:1051100000B585B00A4C4FF0FF322146094B1868A4
:1051200002F0E3F901A9204600F00AF900234FF04C
:10513000FF3201A90448006802F013F9EAE700BF52
:105140003C030020940B0020900B002000B589B098
:105150004FF0FF3205A9144B186802F0C6F9059804
:10516000FFF700F904460D460698FFF7FBF8CDE976
:1051700002010798FFF7F6F8CDE9000122462B4619
:105180000A48FCF7DFFE059940F2011000F064F9CF
:1051900007994FF4817000F05FF9069940F203100F
:1051A00000F05AF9D4E700BF900B00200C890008EA
:1051B000034B0360034B0B6080231360704700BFF9
:1051C0003C0B00203C09002010B596B000224FF4A3
:1051D0004071022002F0A1F82B4C206000220C212B
:1051E000022002F09AF8294B18602368002B39D06E
:1051F000002840D0264C0DF13C0CA646BEE80F001E
:10520000ACE80F009EE807008CE8070000210FA81B
:1052100002F0F7FE1F4B18600DF1200C04F11C0E7C
:10522000BEE80F00ACE80F009EE807008CE807001E
:10523000002108A802F0E5FE174B18600DF1040EDE
:1052400004F1380CBCE80F00AEE80F009CE8070042
:105250008EE80700002101A802F0D3FE0F4B186072
:1052600016B010BD4FF0500383F31188BFF36F8F5A
:10527000BFF34F8FFEE74FF0500383F31188BFF366
:105280006F8FBFF34F8FFEE7940B0020900B002031
:1052900040860008A00B00209C0B0020980B0020EB
:1052A00008B50B480B4B03600B4B43600023836036
:1052B000C3604FF48042026143618361C361036252
:1052C00001F066FA00B908BDFFF77BFEFBE700BFFF
:1052D000A40B002000540040A086010010B586B049
:1052E000002302930393049305930268114B9A429F
:1052F00001D006B010BD104CA36943F00803A361B0
:10530000A36903F008030093009BC02302931223B8
:1053100003930323059302A9084800F03DFEE369C7
:1053200043F40013E361E36903F400130193019B69
:10533000DFE700BF0054004000100240000C0140B5
:105340002DE9F84380468946002600273D4600E0C7
:1053500001367F2E16DC38F91600FFF7EDFB044608
:105360000146FFF73DFC01462846FFF731FB0546A5
:1053700024F0004439462046FFF7EEFD0028E7D030
:105380002746E5E74FF070512846FFF729FCFEF766
:10539000FDFD0146C9F80000C9F804703846FFF762
:1053A000D3FCC9F80800BDE8F883000008B50A4836
:1053B0000A4B03604FF4E133436000238360C36012
:1053C00003610C2242618361C36101F0DAFD00B91F
:1053D00008BDFFF7F6FDFBE7F80B002000380140A1
:1053E00010B586B0002302930393049305930268DB
:1053F000174B9A4201D006B010BD03F558439A6985
:1054000042F480429A619A6902F480420092009AC2
:105410009A6942F004029A619B6903F004030193C4
:10542000019B4FF40073029302230393032305931C
:10543000084C02A9204600F0AFFD4FF480630293B0
:1054400000230393049302A9204600F0A5FDD2E7B0
:105450000038014000080140704700002DE9F0418C
:1054600086B0114D28604FF008088DF817804FF076
:10547000FF370297012401940DF117060096234689
:105480002D22A62101F062FA8DF81780029701946F
:10549000009623463122A621286801F057FA002001
:1054A00006B0BDE8F08100BF400C002070B586B0AA
:1054B00006460D4614464FF0FF3302930623019330
:1054C00004AB009301233222A6210E48006801F0AC
:1054D000EFFA9DF811209DF8103043EA0223338043
:1054E0009DF813209DF8123043EA02232B809DF88B
:1054F00015209DF8143043EA02232380002006B0D3
:1055000070BD00BF400C0020FEE7FEE7FEE7FEE7AF
:10551000FEE7704708B5024800F0B8F808BD00BFC4
:10552000440C002000B583B0114B9A6942F001028F
:105530009A619A6902F001020092009ADA6942F0D7
:105540008052DA61DB6903F080530193019B0022F2
:105550000F216FF0010000F073FE064A536823F03C
:10556000E06343F00073536003B05DF804FB00BFD9
:10557000001002400000014030B589B00446224BC3
:10558000DA6942F00102DA61DB6903F00103019399
:10559000019B02A903A800F0E1FC069BD3B900F02F
:1055A000BDFC0346194AA2FB03239B0C013B184890
:1055B0004FF08042026040F2E732C2604360002355
:1055C00003618360836100F053F9054630B12846DA
:1055D00009B030BD00F0A2FC4300E3E70C4800F046
:1055E0001DF805460028F2D11C2000F039FE0F2CD2
:1055F00001D90125EBE7002221461C2000F020FE06
:10560000044B1C60E3E700BF0010024083DE1B4335
:10561000440C0020CC0100207047000090F83D3081
:10562000DBB2012B27D1022380F83D300268D3681A
:1056300043F00103D3600368114A934210D0B3F1E1
:10564000804F0DD0A2F59432934209D002F58062CA
:10565000934205D01A6842F001021A600020704798
:105660009A6802F00702062A07D01A6842F001027F
:105670001A6000207047012070470020704700BF6B
:10568000002C0140704770477047704770B5044662
:105690000368DE681D6915F0020F10D016F0020FC6
:1056A0000DD06FF002021A610123037703689B6932
:1056B00013F0030F5ED0FFF7E6FF0023237715F00A
:1056C000040F12D016F0040F0FD023686FF00402FD
:1056D0001A610223237723689B6913F4407F4FD01C
:1056E0002046FFF7D0FF0023237715F0080F12D0D4
:1056F00016F0080F0FD023686FF008021A61042318
:1057000023772368DB6913F0030F40D02046FFF7AF
:10571000BAFF0023237715F0100F12D016F0100FE8
:105720000FD023686FF010021A61082323772368D3
:10573000DB6913F4407F31D02046FFF7A4FF00233C
:10574000237715F0010F02D016F0010F2DD115F0BF
:10575000800F02D016F0800F2FD115F0400F02D02D
:1057600016F0400F31D115F0200F02D016F0200FA7
:1057700033D170BDFFF786FF2046FFF785FF9CE71A
:105780002046FFF77FFF2046FFF77EFFABE720466E
:10579000FFF778FF2046FFF777FFBAE72046FFF7CD
:1057A00071FF2046FFF770FFC9E723686FF0010221
:1057B0001A612046FFF7FCFBC9E723686FF08002FF
:1057C0001A61204600F081F8C7E723686FF04002B5
:1057D0001A612046FFF759FFC5E723686FF02002E2
:1057E0001A61204600F070F8C3E7000003681F4A02
:1057F00090420AD0B0F1804F07D0A2F59432904287
:1058000003D002F58062904203D123F070034A680E
:105810001343164A90420AD0B0F1804F07D0A2F548
:105820009432904203D002F58062904203D123F477
:105830004073CA68134323F080034A69134303602B
:105840008B68C3620B688362084B98420AD00123BD
:105850004361036913F0010F03D0036923F00103CF
:10586000036170470B690363F1E700BF002C01403F
:1058700040B310B5044690F83D30F3B1022384F8EC
:105880003D30214651F8040BFFF7B0FF012384F8A7
:10589000463084F83E3084F83F3084F8403084F855
:1058A000413084F8423084F8433084F8443084F83E
:1058B000453084F83D30002010BD80F83C30FFF7C3
:1058C000ABFEDBE7012070477047704708B5074A19
:1058D000136843F010031360032000F09FFC0F20B7
:1058E000FFF74AFEFFF71EFE002008BD0020024021
:1058F000034A1168034B1B780B441360704700BFC9
:105900008C0C0020C8010020014B1868704700BFB4
:105910008C0C002082B0084B1B68084AA2FB0323B2
:105920005B0A00FB03F3019300BF019B5A1E019227
:10593000002BF9D102B07047D0010020D34D621086
:10594000002800F0F18170B582B00446036813F0BE
:10595000010F2CD0994B5B6803F00C03042B1DD076
:10596000964B5B6803F00C03082B12D06368B3F509
:10597000803F41D0002B55D103F1804303F5043320
:105980001A6822F480321A601A6822F480221A609F
:1059900037E08A4B5B6813F4803FE7D0874B1B6886
:1059A00013F4003F03D06368002B00F0BF8123682D
:1059B00013F0020F75D0814B5B6813F00C0F5FD0B2
:1059C0007E4B5B6803F00C03082B54D02369002B3B
:1059D00000F08A807A4B01221A60FFF795FF054696
:1059E000764B1B6813F0020F75D1FFF78DFF401B3C
:1059F0000228F5D903209EE1704A136843F48033EE
:105A00001360636843B3FFF77FFF05466B4B1B686A
:105A100013F4003FCBD1FFF777FF401B6428F5D983
:105A2000032088E1B3F5A02F09D0644B1A6822F453
:105A300080321A601A6822F480221A60E1E703F1CA
:105A40008043A3F53C331A6842F480221A601A6836
:105A500042F480321A60D4E7FFF756FF0546574BF1
:105A60001B6813F4003FA2D0FFF74EFF401B6428D1
:105A7000F5D903205FE1514B5B6813F4803FA5D15A
:105A80004E4B1B6813F0020F03D02369012B40F02B
:105A90004F814A4A136823F0F803616943EAC1035E
:105AA0001360236813F0080F33D0A369002B5CD078
:105AB000434B0122C3F88024FFF726FF05463F4BE6
:105AC0005B6A13F0020F21D1FFF71EFF401B022873
:105AD000F5D903202FE1394A136823F0F8036169EF
:105AE00043EAC1031360DCE7354B00221A60FFF77D
:105AF0000BFF0546314B1B6813F0020FD1D0FFF7A7
:105B000003FF401B0228F5D9032014E10120FFF711
:105B100001FF236813F0040F00F09680274BDB6928
:105B200013F0805F34D1254BDA6942F08052DA619C
:105B3000DB6903F080530193019B0125214B1B6816
:105B400013F4807F26D0E368012B3DD0002B53D186
:105B500003F1804303F504331A6A22F001021A624A
:105B60001A6A22F004021A6233E0154B0022C3F8CD
:105B70008024FFF7C9FE0546104B5B6A13F0020F45
:105B8000C7D0FFF7C1FE401B0228F5D90320D2E0A1
:105B90000025D3E70B4A136843F480731360FFF7C3
:105BA000B3FE0646074B1B6813F4807FCBD1FFF78B
:105BB000ABFE801B6428F5D90320BCE00010024036
:105BC00000004242007000405F4A136A43F0010344
:105BD0001362E36833B3FFF797FE06465A4B1B6A1E
:105BE00013F0020F2FD1FFF78FFE801B41F2883395
:105BF0009842F3D903209EE0052B09D0524B1A6A34
:105C000022F001021A621A6A22F004021A62E0E724
:105C10004D4B1A6A42F004021A621A6A42F00102FB
:105C20001A62D6E7FFF770FE0646474B1B6A13F071
:105C3000020F08D0FFF768FE801B41F288339842BC
:105C4000F3D9032077E0E5B9E369002B72D03E4A2F
:105C5000526802F00C02082A56D0022B17D03B4B98
:105C600000221A66FFF750FE0446374B1B6813F0FC
:105C7000007F47D0FFF748FE001B0228F5D903201C
:105C800059E0314AD36923F08053D361DCE72F4BCD
:105C900000221A66FFF738FE05462B4B1B6813F0EF
:105CA000007F06D0FFF730FE401B0228F5D9032005
:105CB00041E0236AB3F5803F1AD023494B6823F4AF
:105CC0007413226A606A024313434B601F4B012224
:105CD0001A66FFF719FE04461B4B1B6813F0007F82
:105CE0000ED1FFF711FE001B0228F5D9032022E098
:105CF000154A536823F40033A1680B435360DCE773
:105D0000002018E0002016E0012B16D00E4B5B6837
:105D100003F48031226A914211D103F47013626A54
:105D200093420ED1002006E001207047012002E0DE
:105D3000012000E0002002B070BD0120FBE701203F
:105D4000F9E70120F7E700BF0010024000004242DF
:105D50000F4B5B6803F00C02082A01D00D48704716
:105D6000C3F383420C49885C13F4803F0BD0084B8B
:105D70005B68C3F34043094AD35C064A02FB00F068
:105D8000B0FBF3F07047064B03FB00F0704700BF19
:105D90000010024000127A00908A00088C8A0008E5
:105DA00000093D00002800F0A08070B50D460446B3
:105DB000524B1B6803F007038B420BD24F4A136808
:105DC00023F007030B431360136803F007038B42B0
:105DD00040F08D80236813F0020F17D013F0040FEA
:105DE00004D0474A536843F4E0635360236813F0D8
:105DF000080F04D0424A536843F460535360404A4A
:105E0000536823F0F003A1680B435360236813F039
:105E1000010F31D06368012B20D0022B25D0384AE6
:105E2000126812F0020F64D035494A6822F003026A
:105E300013434B60FFF768FD0646314B5B6803F088
:105E40000C036268B3EB820F16D0FFF75DFD801B79
:105E500041F288339842F0D9032045E0284A12687D
:105E600012F4003FE0D101203EE0254A126812F012
:105E7000007FD9D1012037E0204B1B6803F00703D6
:105E8000AB420AD91D4A136823F007032B43136062
:105E9000136803F00703AB422DD1236813F0040FFE
:105EA00006D0174A536823F4E063E1680B4353605C
:105EB000236813F0080F07D0114A536823F4605386
:105EC000216943EAC1035360FFF742FF0C4B5B6853
:105ED000C3F303130B4AD35CD8400B4B18600B4B36
:105EE0001868FFF749FB002070BD012070470120B2
:105EF000FAE70120F8E70120F6E700BF00200240A2
:105F000000100240A88A0008D0010020CC01002027
:105F1000014B1868704700BFD001002008B5FFF79B
:105F2000F7FF044B5B68C3F30223034AD35CD840FA
:105F300008BD00BF00100240A08A000808B5FFF7A6
:105F4000E7FF044B5B68C3F3C223034AD35CD8402A
:105F500008BD00BF00100240A08A00080F230360A4
:105F60000B4B5A6802F0030242605A6802F0F002DA
:105F700082605A6802F4E062C2605B68DB0803F486
:105F8000E0630361034B1B6803F007030B6070477A
:105F9000001002400020024070B582B00024A446E8
:105FA000A1E07E4DAB4214D00CD8A5F58015AB42D4
:105FB0000FD005F57025AB420BD0A5F58015AB428F
:105FC00010D106E0764DAB4203D005F58035AB42EB
:105FD00008D18B68002B50D0012B49D04261082496
:105FE00000E0CC68BEF1FF0F49D806464FEA8C02AC
:105FF00033680F25954023EA050304FA02F21343A0
:1060000033604B6813F0805F6BD0664B9A6942F047
:1060100001029A619B6903F001030193019B4FEA1E
:106020009C02951C604B53F825600CF00305AD00F5
:106030000F23AB4026EA03065C4B984226D003F5BB
:106040008063984200F08C8003F58063984200F0F2
:10605000898003F58063984216D0042317E0CC684A
:106060000434BFE7CC680834BCE7CC680C34B9E72B
:1060700002610824B6E70024B4E70424B2E7061D51
:10608000ACF108029200B3E7032300E00023AB4029
:1060900033430232444D45F822304B6813F4801FDD
:1060A00062D0434A936843EA0E0393604B6813F44B
:1060B000001F5FD03E4AD36843EA0E03D3604B68AB
:1060C00013F4003F5CD03A4A536843EA0E0353602E
:1060D0004B6813F4803F59D0354A136843EA0E03E6
:1060E00013600CF1010C0B6833FA0CF254D001224E
:1060F00002FA0CF203EA020E32EA0303F1D14B6812
:10610000122B3FF64EAF122B3FF66CAF01A555F8A0
:1061100023F000BFD35F0008E35F0008656000085C
:1061200077600008E55F0008E55F0008E55F0008AC
:10613000E55F0008E55F0008E55F0008E55F00082F
:10614000E55F0008E55F0008E55F0008E55F00081F
:10615000E55F0008E55F00085F6000086B6000080D
:10616000012394E7022392E7114A936823EA0E037E
:1061700093609BE70E4AD36823EA0E03D3609EE741
:106180000B4A536823EA0E035360A1E7084A1368D9
:1061900023EA0E031360A4E702B070BD00002210D2
:1061A00000003110001002400000014000080140D2
:1061B00000040140002808DB0901C9B200F1604079
:1061C00000F5614080F80013704700F00F000901EE
:1061D000C9B2014B1954704714ED00E000B500F04E
:1061E0000700C0F1070CBCF1040F28BF4FF0040CEE
:1061F000031D062B0FD9C31E4FF0FF3E0EFA0CF005
:1062000021EA000199400EFA03FE22EA0E0241EA59
:1062100002005DF804FB0023EEE70000074AD368A4
:1062200023F4E0631B041B0C000200F4E060034352
:1062300043F0BF6343F40033D360704700ED00E0E8
:1062400010B50446054BD868C0F30220FFF7C6FF1F
:1062500001462046FFF7AEFF10BD00BF00ED00E095
:10626000002807DB00F01F02400901239340024A87
:1062700042F82030704700BF00E100E003685A692F
:1062800012F4806F01D1002070476FF480625A6170
:1062900000230363202280F83D2080F83E30026C0A
:1062A00042F00402026480F83C30012070472DE97E
:1062B000F04106460C46174698463BE0FFF724FBA4
:1062C000069BC01A404502D8B8F1000F32D1012D0B
:1062D00018D033689B6924EA03039BB2B3FA83F3B3
:1062E0005B099F4226D100233363202286F83D209C
:1062F00086F83E30326C42F02002326486F83C3040
:10630000012027E033685B6924EA03039BB2B3FAF8
:1063100083F35B09E5E733685B6924EA030C1FFA42
:106320008CFCBCFA8CFC4FEA5C1C674511D1B8F1BF
:10633000FF3FC3D1C4F30745012DECD033689B69FF
:1063400024EA030C1FFA8CFCBCFA8CFC4FEA5C1CA0
:10635000EBE70020BDE8F0812DE9F84305460E4645
:106360009046994653E01A6842F400721A602B680E
:106370006FF480625A6100232B63202285F83D2050
:1063800085F83E302A6C42F004022A6485F83C30DD
:1063900001204AE0FFF7B8FAA0EB0900404502D817
:1063A000B8F1000F33D1012F17D02B689B6926EA73
:1063B00003039BB2003B18BF012343B300232B63AD
:1063C000202285F83D2085F83E302A6C42F02002DC
:1063D0002A6485F83C30012027E02B685B6926EAB7
:1063E00003039BB2003B18BF0123E6E72B689C69BF
:1063F00026EA0404A4B2003C18BF0124A4B12B680F
:106400005A6912F4806FAED1B8F1FF3FC2D1C6F322
:106410000747012FEAD12B685C6926EA0404A4B27D
:10642000003C18BF0124E9E70020BDE8F88370B5FF
:1064300004460D46164623685B6913F0800F21D190
:106440002046FFF71BFFF8B9B5F1FF3FF3D0FFF788
:106450005BFA801BA84201D8002DECD123685B6950
:1064600013F0800FE7D100232363202284F83D201E
:1064700084F83E30226C42F02002226484F83C30E2
:10648000012000E0002070BD0120FCE72DE9F04371
:1064900085B004460D4691461F46DDF830800D9EBE
:1064A0000368196841F48071196000964346002220
:1064B0004FF00111FFF7FBFE60B9236805F0FE0500
:1064C0001D613346424626492046FFF745FF68B125
:1064D000012008E023681B6813F4807F02D04FF48A
:1064E00000732364032005B0BDE8F0830023039309
:1064F00023685A6903929B690393039B3246414682
:106500002046FFF794FF30B9012F0FD123685FFABF
:1065100089F61E61E7E7236C042B01D00120E2E736
:106520002268136843F400731360F7E723684FEAA7
:1065300019221A61324641462046FFF778FF20B9FA
:1065400023685FFA89F61E61CDE7236C042B01D026
:106550000120C8E72268136843F400731360F7E76B
:10656000020001002DE9F04784B004460D461646AE
:1065700099460C9FDDF834800268136843F4806309
:1065800013600368196841F480711960CDF80080C8
:106590003B4600224FF00111FFF789FE70B95FFA08
:1065A00085FA236805F0FE051D6143463A464149D8
:1065B0002046FFF7D1FE68B1012008E023681B6880
:1065C00013F4807F02D04FF400732364032004B0DF
:1065D000BDE8F0870023039323685A6903929B69FF
:1065E0000393039B424639462046FFF720FF80B9BC
:1065F000B9F1010F18D12368F6B21E61424639463F
:106600002046FFF714FF68B3236C042B24D001202D
:10661000DDE7236C042B01D00120D8E72268136842
:1066200043F400731360F7E72368320A1A614246A5
:1066300039462046FFF7FBFE18B92368F6B21E6103
:10664000DCE7236C042B01D00120C0E7226813682B
:1066500043F400731360F7E72268136843F4007390
:106660001360D4E72268136843F480731360CDF895
:1066700000803B4600224FF001112046FFF717FE35
:1066800068B922684AF00103136143463A46094952
:106690002046FFF761FE002899D0012097E7236884
:1066A0001B6813F4807F02D04FF40073236403202F
:1066B0008DE700BF0200010070B504460D46164686
:1066C00023685B6913F0040F21D12046FFF7D6FD44
:1066D000F8B9B5F1FF3FF3D0FFF716F9801BA842D8
:1066E00001D8002DECD123685B6913F0040FE7D1CA
:1066F00000232363202284F83D2084F83E30226C5E
:1067000042F02002226484F83C30012000E00020A6
:1067100070BD0120FCE770B504460D46164614E036
:106720006FF010025A6100232363202284F83D2079
:1067300084F83E30226C226484F83C30012025E04D
:1067400023685B6913F0400F10D02368586910F07C
:10675000400F1AD1586910F0100FE1D1FFF7D4F8AB
:10676000801BA842ECD8002DEFD1E9E7002323637A
:10677000202284F83D2084F83E30226C42F0200232
:10678000226484F83C30012000E0002070BD00004D
:10679000002800F0CC8070B5044690F83D30002B06
:1067A00077D0242384F83D302268136823F0010356
:1067B00013602268136843F400431360226813686F
:1067C00023F400431360FFF7A9FB62685A4B9A4217
:1067D00064D85A4B98428CBF00230123002B40F011
:1067E000A8805749A1FB00318B0C25686A6822F00C
:1067F0003F0242EA91426A6021680A6A22F03F023F
:1068000066684D4DAE424FD8013313430B62216889
:10681000CA6922F44F4222F0FF026568464B9D424E
:106820004CD8431E6D00B3FBF5F3013340F6FC700A
:10683000034278D0C3F30B031A43CA6121680B6883
:1068400023F0C003E269206A024313430B6021680E
:106850008B6823F4034323F0FF032269E0680243BB
:1068600013438B602168CB6823F0FF036269A06942
:1068700002431343CB602268136843F001031360A3
:1068800000202064202384F83D30206384F83E00FB
:1068900070BD80F83C30FEF721FD82E7294B98421D
:1068A0008CBF0023012399E74FF4967505FB03F392
:1068B000254DA5FB03539B090133A6E7A668BEB986
:1068C000431E05EB450CB3FBFCF30133C3F30B0391
:1068D000B3FA83F35B0943BBC6B9431E05EB450519
:1068E000B3FBF5F30133C3F30B0343F40043A3E716
:1068F000431E05EB850C0CEB8C0CB3FBFCF3013356
:10690000C3F30B03B3FA83F35B09E4E7431E05EB20
:10691000850505EB8505B3FBF5F30133C3F30B03E5
:1069200043F4404388E7042386E7012384E70120FA
:1069300070470120ACE700BFA08601007F841E00E5
:1069400083DE1B43FF083D00D34D62102DE9F04369
:1069500083B004460F46904699460C9EFEF7D4FF3E
:10696000054694F83D00C0B2202803D0022003B0B1
:10697000BDE8F0830095192301224B492046FFF71B
:1069800096FC002840F0898094F83C30012B00F000
:106990008680012384F83C3023681A6812F0010FC6
:1069A00003D11A6842F001021A602268136823F4C6
:1069B00000631360212384F83D30402384F83E3087
:1069C000002323640A9B6362BDF82C306385638DCA
:1069D0002385364BE362019500964B464246394685
:1069E0002046FFF753FD00285BD1238D002B35D0C7
:1069F0002A4631462046FFF71AFD20BB626A23680B
:106A000012781A61626A531C6362218D013989B25E
:106A10002185638D9BB2013B9BB2638523685869D6
:106A200010F0040FE1D00029DFD052781A61636AB8
:106A300001336362238D013B2385638D9BB2013B50
:106A40009BB26385D1E7236C042B01D001208EE734
:106A50002268136843F400731360F7E72A4631464F
:106A60002046FFF729FE50B1236C042B01D00120F2
:106A70007DE72268136843F400731360F7E7226828
:106A8000136843F400731360202384F83D3000231F
:106A900084F83E3084F83C3069E7022067E7022042
:106AA00065E7012063E700BF020010000000FFFF60
:106AB0002DE9F04389B004460F4690469946129E50
:106AC00000230793FEF720FF054694F83D00C0B26F
:106AD000202804D00227384609B0BDE8F08300958D
:106AE0001923012281492046FFF7E1FB002840F0ED
:106AF0007C8194F83C30012B00F07981012384F8EB
:106B00003C3023681A6812F0010F03D11A6842F072
:106B100001021A602268136823F4006313602223C1
:106B200084F83D30402384F83E3000232364109BDA
:106B30006362BDF844306385638D23856C4BE362EB
:106B4000019500964B46424639462046FFF70AFD1E
:106B50000746002840F04D81238D5BB903932368DD
:106B60005A6903929A690392039A1A6842F400726E
:106B70001A60F2E0012B0FD0022B21D0226813689B
:106B800043F4806313600023069323685A690692D6
:106B90009B690693069BE0E02268136823F48063F8
:106BA000136072B60023049323685A6904929A69A9
:106BB0000492049A1A6842F400721A6062B6CCE039
:106BC0002268136843F40063136072B600230593D0
:106BD00023685A6905929A690592059A1A6822F4FF
:106BE00080621A6062B6B8E02A4631462046FFF756
:106BF00092FD002840F0FF8023681A69636A1A70CA
:106C0000636A01336362238D013B2385638D9BB2ED
:106C1000013B9BB26385A0E00095334600223549D5
:106C20002046FFF744FB002840F0E9802268136803
:106C300023F48063136072B623681A69636A1A705A
:106C4000636A01336362238D013B2385638D9BB2AD
:106C5000013B9BB26385284B1B68DB08274AA2FBDC
:106C600003231B0A03EB8303C3EBC3030793079BB5
:106C7000013B0793079B002B28D023685A6912F029
:106C8000040FF4D01A6842F400721A6023681A697B
:106C9000636A1A70636A01336362238D013B238543
:106CA000638D9BB2013B9BB2638562B623681A6910
:106CB000636A1A70636A01336362238D013B238523
:106CC000638D9BB2013B9BB2638546E02363202228
:106CD00084F83D2084F83E30226C42F02002226489
:106CE00062B684F83C300127F5E600BF02001000D0
:106CF0000000FFFF04000100D001002089B5F81456
:106D00002A4631462046FFF706FD002879D1236840
:106D10001A69636A1A70636A01336362228D013AE9
:106D200092B22285638D9BB2013B9BB2638523683F
:106D3000596911F0040F10D0032A48D023681A694A
:106D4000636A1A70636A01336362238D013B238592
:106D5000638D9BB2013B9BB26385238D002B3BD09F
:106D6000032BCDD8012B3FF43FAF022B7FF454AF60
:106D700000953346002224492046FFF798FA002860
:106D80003BD172B62268136843F400731360236822
:106D90001A69636A1A70636A01336362238D013B67
:106DA0002385638D9BB2013B9BB2638562B62368EA
:106DB0001A69636A1A70636A01336362238D013B47
:106DC0002385638D9BB2013B9BB26385C5E71A683F
:106DD00022F480621A60B1E7202384F83D3000235A
:106DE00084F83E3084F83C3075E6022773E60227CB
:106DF00071E601276FE601276DE601276BE60127A3
:106E000069E6012767E600BF04000100026802F19D
:106E10000C0353E8003F23F490730C3242E8003136
:106E20000029F3D1026802F1140353E8003F23F074
:106E30000103143242E800310029F3D1036B012B26
:106E400005D0202380F84230002303637047026896
:106E500002F10C0353E8003F23F010030C3242E828
:106E600000310029F3D1ECE710B50446026813693C
:106E700023F44053C1680B431361836802691343D1
:106E800042691A430168CB6823F4B05323F00C0322
:106E90001343CB600268536923F4407381690B4349
:106EA00053610268134B9A4220D0FFF737F802462D
:106EB00002EB820202EB820263689B00B2FBF3F2F8
:106EC0000D48A0FB02314909642303FB11231B0178
:106ED0003233A0FB03035B0903F0F00202EB011263
:106EE00003F00F03216813448B6010BDFFF726F8F1
:106EF0000246DDE7003801401F85EB512DE9F043E4
:106F000083B005460E4617469946DDF828802B6863
:106F10001C6836EA04040CBF01240024BC4228D1BA
:106F2000B8F1FF3FF3D0FEF7EFFCA0EB09004045BE
:106F300023D8B8F1000F22D02B68DA6812F0040FC2
:106F4000E5D0802EE3D0402EE1D01A6812F0080F71
:106F5000DDD0002401941A6801925B680193019BC3
:106F60002846FFF753FF08236B6485F84040012053
:106F700000E0002003B0BDE8F0830320FAE703201F
:106F8000F8E760B310B5044690F8413013B32423FA
:106F900084F841302268D36823F40053D36020463C
:106FA000FFF762FF2268136923F49043136122689C
:106FB000536923F02A0353612268D36843F40053D2
:106FC000D36000206064202384F8413084F842308C
:106FD000606310BD80F84030FEF702FAD7E7012069
:106FE00070472DE9F04182B01E4690F84130DBB287
:106FF000202B56D104460D469046002955D00AB99B
:1070000001204FE000234364212380F84130FEF744
:107010007BFC0746A4F82480A4F82680A368B3F577
:10702000805F02D04FF0000814E023692BB34FF0CB
:1070300000080FE0202384F84130032032E038F8C4
:10704000023B2268C3F308035360E28C92B2013A18
:1070500092B2E284E38C9BB293B100963B4600224D
:1070600080212046FFF74AFF0028E3D1002DE6D01B
:1070700015F8012B23685A60E7E7A8460025E9E7E1
:1070800000963B46002240212046FFF737FF18B903
:10709000202384F8413005E0202384F84130032088
:1070A00000E0022002B0BDE8F0810120FAE770475D
:1070B00000F1080343604FF0FF328260C360036158
:1070C00000230360704700230361704743684B60EF
:1070D0009A688A60516099600861036801330360AF
:1070E000704730B40D68B5F1FF3F11D000F10803CF
:1070F0001C465B681A68AA42FAD963684B609960BB
:107100008C606160086103680133036030BC7047C4
:107110000469F2E70369416882688A6041685160E6
:107120005A68824206D0002202611A68013A1A6047
:107130001868704782685A60F5E710B5044601F098
:1071400011F9A26BE36B9A4204D0002401F02CF9F0
:10715000204610BD0124F9E710B5044601F002F9FC
:10716000A36B23B9012401F01FF9204610BD0024B0
:10717000F9E770B504461546866B026C5AB9036888
:107180001BB100200136A66370BD806800F0D6FEFA
:107190000023A360F6E76DB94068FAF71DFC636849
:1071A000226C13446360A268934219D3236863601E
:1071B0002846E7E7C068FAF70FFCE368226C514203
:1071C0009B1AE3602268934202D2A3680B44E360F7
:1071D000022D01D00020D5E726B1013E0020D1E7E5
:1071E0002846CFE70020CDE708B50346026C62B120
:1071F0000846D9681144D960D3F808C0614501D365
:107200001968D960D968FAF7E7FB08BD38B50546B3
:1072100001F0A8F895F8454064B201E0013C64B281
:10722000002C0ADD6B6A43B105F1240000F0DCFD9F
:107230000028F3D000F06CFEF0E7FF2385F845301E
:1072400001F0B2F801F08EF895F8444064B201E024
:10725000013C64B2002C0ADD2B6943B105F110003A
:1072600000F0C2FD0028F3D000F052FEF0E7FF234B
:1072700085F8443001F098F838BD38B5E0B10D46D6
:10728000044601F06FF82368E26B216C01FB0230C9
:10729000A0600020A0636360013A02FB0133E36059
:1072A000FF2384F8443084F84530FDB9236963B97D
:1072B00001F07AF8012038BD4FF0500383F31188B4
:1072C000BFF36F8FBFF34F8FFEE704F1100000F0A4
:1072D0008BFD0028ECD04FF0E0234FF08052C3F834
:1072E000042DBFF34F8FBFF36F8FE1E704F1100060
:1072F000FFF7DEFE04F12400FFF7DAFED8E710B551
:10730000034602980C4631B90060C363046401214E
:10731000FFF7B3FF10BD0260F7E740B94FF050032D
:1073200083F31188BFF36F8FBFF34F8FFEE7F0B584
:1073300083B00D461446064601FB00F0483000F0CD
:10734000FDFE074650B1002380F8463000902346EA
:1073500000F1480229463046FFF7D1FF384603B016
:10736000F0BDF0B585B0019288B10F461D460446C8
:10737000B1B1022D20D1E36B012B1DD04FF0500392
:1073800083F31188BFF36F8FBFF34F8FFEE74FF08A
:10739000500383F31188BFF36F8FBFF34F8FFEE766
:1073A000036C002BE5D04FF0500383F31188BFF33B
:1073B0006F8FBFF34F8FFEE700F0B0FD064658B960
:1073C000019B002B48D04FF0500383F31188BFF38B
:1073D0006F8FBFF34F8FFEE700263DE02A46394608
:1073E0002046FFF7C6FE636A7BB948B14FF0E02341
:1073F0004FF08052C3F8042DBFF34F8FBFF36F8F50
:1074000000F0D2FF012005B0F0BD04F1240000F02F
:10741000EBFC0028F4D04FF0E0234FF08052C3F88B
:10742000042DBFF34F8FBFF36F8FE9E700F0BCFF70
:107430000020E8E702A800F01DFD012619E0002366
:1074400084F8443021E0002384F8453023E02046CE
:10745000FFF7DCFE00F0C2FB00F084FFA26BE36BE1
:107460009A42BBD3022DB9D0019B002BDED0002E57
:10747000E0D000F099FF00F01DFB00F073FF94F8DE
:10748000442052B2B2F1FF3FD9D094F8452052B215
:10749000B2F1FF3FD7D000F087FF01A902A800F0AA
:1074A000F5FCD8B92046FFF748FE0028CFD0019957
:1074B00004F1100000F080FC2046FFF7A7FE00F06A
:1074C0008DFB0028C8D14FF0E0234FF08052C3F865
:1074D000042DBFF34F8FBFF36F8FBDE72046FFF73B
:1074E00095FE00F07BFB00208DE7F0B585B00192A2
:1074F00090B10F460446C1B100F010FD064600BB36
:10750000019B002B5ED04FF0500383F31188BFF333
:107510006F8FBFF34F8FFEE74FF0500383F3118857
:10752000BFF36F8FBFF34F8FFEE7036C002BE3D0E9
:107530004FF0500383F31188BFF36F8FBFF34F8F6A
:10754000FEE700263EE039462046FFF74DFE013DAE
:10755000A563236923B900F027FF012005B0F0BD22
:1075600004F1100000F040FC0028F4D04FF0E023BC
:107570004FF08052C3F8042DBFF34F8FBFF36F8FCE
:10758000E9E700F011FF0020E8E702A800F072FC34
:10759000012621E0002384F8443029E0002384F808
:1075A00045302BE02046FFF731FE00F017FB09E0E5
:1075B0002046FFF72BFE00F011FB2046FFF7CCFD25
:1075C00000283FD100F0CEFEA56B002DBBD1019B62
:1075D000002BD6D0002ED8D000F0E6FE00F06AFADC
:1075E00000F0C0FE94F844305BB2B3F1FF3FD1D05D
:1075F00094F845305BB2B3F1FF3FCFD000F0D4FE3A
:1076000001A902A800F042FC0028D1D12046FFF7D2
:10761000A3FD0028C6D0019904F1240000F0CCFBA2
:107620002046FFF7F3FD00F0D9FA0028CAD14FF049
:10763000E0234FF08052C3F8042DBFF34F8FBFF308
:107640006F8FBFE7002089E7084B1B681B6823B9D1
:10765000074B4FF0FF321A607047044B1B68DB6822
:10766000DB685A68024B1A60704700BF000D0020AB
:10767000980C00202DE9F04707469846089DDDF854
:1076800024900A9C266B02F18042013A06EB8206A6
:1076900026F00706C1B308464FF0000CBCF10F0FEF
:1076A00009D810F80C2004EB0C0383F8342012B135
:1076B0000CF1010CF2E7002384F84330062D00D9C9
:1076C0000625E56265644FF0000AC4F848A0201D55
:1076D000FFF7F9FC04F11800FFF7F5FC2461C5F190
:1076E0000705A5616462C4F84CA084F850A0424626
:1076F0003946304600F012FE2060B9F1000F01D08B
:10770000C9F80040BDE8F087002384F83430D5E79D
:1077100038B5002407E004EB840293000E481844B7
:10772000FFF7C6FC0134062CF5D90C4D2846FFF7AF
:10773000BFFC0B4C2046FFF7BBFC0A48FFF7B8FC28
:107740000948FFF7B5FC0948FFF7B2FC084B1D607C
:10775000084B1C6038BD00BF2C0D0020180D002008
:10776000040D0020E80C0020D40C0020BC0C0020EC
:10777000000D0020FC0C002010B5044600F0F2FDC6
:10778000214A136801331360204B1B685BB1204B07
:107790001B686BB91D4B1B68DA6AE36A9A4207D80B
:1077A0001A4B1C6004E0194B1C601368012B28D095
:1077B000184A136801331360E06A01238340164AB4
:1077C00011680B43136000EB8000211D134B03EB8A
:1077D0008000FFF77BFC00F0E7FD0D4B1B687BB1E1
:1077E0000A4B1B68DA6AE36A9A4209D24FF0E02337
:1077F0004FF08052C3F8042DBFF34F8FBFF36F8F4C
:1078000010BDFFF785FFD3E7B80C0020B80D0020AE
:10781000AC0C00209C0C0020B00C00202C0D002093
:1078200010B5044690F8513063B1012B11D0022BF2
:107830000ED04FF0500383F31188BFF36F8FBFF367
:107840004F8FFEE7006B00F0FBFC204600F0F8FCD9
:1078500010BD00F0F5FCFBE70F4B1B68D3B110B572
:1078600000F080FD0D4BDB68DC68201DFFF752FC4B
:107870000B4A1368013B1360074A1368013B13600E
:1078800000F092FD2046FFF7CBFF034B1B68002B57
:10789000E6D110BD704700BFD00C0020D40C0020F2
:1078A000B80C002008B5FFF7D7FF074B1B68012B6A
:1078B000F9D94FF0E0234FF08052C3F8042DBFF305
:1078C0004F8FBFF36F8FEEE72C0D002070B504468D
:1078D0000D461D4B1E681D4B18680430FFF71AFC3F
:1078E00048B91A4B1B68DB6A01229A4018490B6899
:1078F00023EA02030B60B4F1FF3F0DD03444134B75
:107900001B685C60A64210D9124B18680F4B1968AF
:107910000431FFF7E6FB70BD002DEFD00B4B19686B
:1079200004310D48FFF7D2FBF5E70C4B1868074B05
:1079300019680431FFF7D5FB094B1B68A342EAD94C
:10794000074B1C60E7E700BFB40C0020B80D002017
:10795000B00C0020FC0C0020BC0C0020000D00200E
:10796000980C002030B587B00B9C7CB10C9DB5B154
:1079700054250495049D542D1AD04FF0500383F3E1
:107980001188BFF36F8FBFF34F8FFEE74FF05003A7
:1079900083F31188BFF36F8FBFF34F8FFEE74FF074
:1079A000500383F31188BFF36F8FBFF34F8FFEE750
:1079B000049D0C9D2C63022485F8514000240394FF
:1079C000029505AC01940A9C0094FFF753FE0C98B5
:1079D000FFF7D2FE059807B030BD2DE9F04385B022
:1079E0000746884614461E46900000F0A7FB08B3E1
:1079F0008146542000F0A2FB0546A8B1C0F83090A3
:107A0000002380F85130039302900D9B01930C9B4F
:107A100000933346224641463846FFF72BFE284660
:107A2000FFF7AAFE012007E0484600F009FC4FF0EE
:107A3000FF3001E04FF0FF3005B0BDE8F0830000FB
:107A400010B588B000240594069407AA06A905A8D5
:107A5000FDF7AEFB059B0293069B01930094234622
:107A6000079A0E490E48FFF77DFF0E4B186090B144
:107A70004FF0500383F31188BFF36F8FBFF34F8F25
:107A8000094B4FF0FF321A60084B01221A60084B75
:107A90001C6000F0F1FC08B010BD00BF4C8900086C
:107AA000A5780008940C0020980C0020AC0C002055
:107AB000B40C0020024A136801331360704700BF02
:107AC000900C0020F8B53A4B1B68002B69D1394B5C
:107AD0001D6801351D60C5B9374B1B681B6843B174
:107AE0004FF0500383F31188BFF36F8FBFF34F8FB5
:107AF000FEE7314A1168314B186810601960304A4E
:107B0000136801331360FFF79FFD2E4B1B68AB42D8
:107B10003DD900272C4B1B68DB6A03EB83039A00DB
:107B20002A4B9B58012B00D90127294B1B68002B9E
:107B30003CD001273AE001271F4B1B681B6843B369
:107B40001D4B1B68DB68DC6863689D4226D3261DDD
:107B50003046FFF7DFFAA36A1BB104F11800FFF704
:107B6000D9FAE36A01229A401A49086802430A6076
:107B700003EB83039A00314614481044FFF7A6FA3A
:107B8000E26A114B1B68DB6A9A42D4D2D4E7002721
:107B9000D2E70C4B4FF0FF321A60BBE7094A136083
:107BA000B8E70D4A13680133136000273846F8BD63
:107BB000900C0020B40C0020000D0020FC0C0020D4
:107BC000A00C0020980C0020B80D00202C0D0020E7
:107BD000A40C0020B00C0020A80C002038B5354BB8
:107BE0001B6843B94FF0500383F31188BFF36F8FC5
:107BF000BFF34F8FFEE700F0B5FB2E4B1A68013A3A
:107C00001A601B68002B4FD12B4B1B680BB900244B
:107C10004BE00024294B1B681BB3284BDB68DC6856
:107C200004F11800FFF776FA251D2846FFF772FACF
:107C3000E06A01238340224A11680B43136000EB82
:107C4000800029461F4B03EB8000FFF73FFAE26AF2
:107C50001D4B1B68DB6A9A42DCD31C4B01221A6065
:107C6000D8E70CB1FFF7F0FC194B1C6884B9174B2F
:107C70001C68D4B14FF0E0234FF08052C3F8042DBC
:107C8000BFF34F8FBFF36F8F01240EE0013C07D08D
:107C9000FFF718FF0028F9D00C4B01221A60F5E716
:107CA0000B4B00221A60E2E7002400F07DFB204627
:107CB00038BD00BF900C0020B80C0020E80C00205C
:107CC000B00C00202C0D0020B80D0020A40C0020CA
:107CD000A80C002010B5A8B10446104B1B6843B196
:107CE0004FF0500383F31188BFF36F8FBFF34F8FB3
:107CF000FEE7FFF7DFFE00212046FFF7E7FDFFF775
:107D00006DFF48B94FF0E0234FF08052C3F8042DC7
:107D1000BFF34F8FBFF36F8F10BD00BF900C0020DB
:107D2000204B1B681BB1204B01221A6070471E4B71
:107D300000221A601D4B1B68B3FA83F3DBB2C3F158
:107D40001F0303EB83018A0019498A5842B94FF097
:107D5000500383F31188BFF36F8FBFF34F8FFEE79C
:107D6000134803EB83018A0002445168496851605B
:107D700003EB830C4FEA8C0208320244914209D093
:107D800003EB83039A000A4B13445B68DA68094BE0
:107D90001A607047486862469100054A0A4450607C
:107DA000EEE700BF900C0020A40C0020B00C0020D7
:107DB0002C0D0020B80D002058B110B50C46094A12
:107DC00011681831FFF78DF901212046FFF77EFD7C
:107DD00010BD4FF0500383F31188BFF36F8FBFF3D3
:107DE0004F8FFEE7B80D002038B5C368DC6824B3B8
:107DF00004F118052846FFF78DF9184B1B682BBBBB
:107E0000251D2846FFF786F9E06A01238340144ABE
:107E100011680B43136000EB80002946114B03EB04
:107E20008000FFF753F9E26A0F4B1B68DB6A9A4246
:107E300011D901200D4B186038BD4FF0500383F36A
:107E40001188BFF36F8FBFF34F8FFEE729460848B5
:107E5000FFF73CF9E7E70020EEE700BF900C0020B9
:107E6000B00C00202C0D0020B80D0020A40C002028
:107E7000E80C0020034B1B680360034B1B68436046
:107E8000704700BFA00C0020B40C0020D8B170B522
:107E90000C46054601B300F065FA1B4B19686B6888
:107EA000C81A2268B2F1FF3F27D0184E3668D5F8BD
:107EB00000C0B44501D08B4224D9824215D800239A
:107EC000236001241AE04FF0500383F31188BFF3BD
:107ED0006F8FBFF34F8FFEE74FF0500383F311888E
:107EE000BFF36F8FBFF34F8FFEE75B1A134423601E
:107EF0002846FFF7BFFF002400E0002400F054FAFA
:107F0000204670BD0124F9E7B40C0020A00C00202D
:107F1000014B01221A607047A40C0020054B1B681E
:107F200033B1054B1B680BB100207047022070472E
:107F300001207047AC0C0020900C002000284BD092
:107F400038B50446264B1B68834208D04FF05003D7
:107F500083F31188BFF36F8FBFF34F8FFEE7836CFE
:107F600043B94FF0500383F31188BFF36F8FBFF312
:107F70004F8FFEE7013B8364C16A426C91422DD072
:107F80000BB1002038BD051D2846FFF7C3F868B9BE
:107F9000E36A03EB8302920012498A5832B9012244
:107FA0009A4011490B6823EA02030B60606CE0629F
:107FB000C0F10703A361012404FA00F30A4A11681F
:107FC0000B43136000EB80002946064B03EB800057
:107FD000FFF77CF82046D5E7002070470020D1E766
:107FE000B80D00202C0D0020B00C0020842801D0FA
:107FF000033070470020704708B5FFF721FD0020CF
:1080000008BD2DE9F04387B00E464469C4B18569C7
:10801000B5B14768D0F80080D0F81090B0F90800EA
:10802000FFF7E4FF02950194009033464A4641462B
:108030003846FFF797FC0590059807B0BDE8F08338
:10804000446805680769B0F90800FFF7CFFF05AB82
:10805000019300903346BAB229462046FFF7BDFC93
:108060000128E9D00020E8E708B500B90120FFF7B2
:1080700031FE002008BD0000124A12F0070F1ED08A
:10808000D11D21F00701C1F5405313440A460E48A3
:108090000260002141601344083B23F007030B48B2
:1080A000036059601960991A51601360084B196098
:1080B000084B1960084B4FF000421A6070474FF4AC
:1080C0004053E4E7DC0D0020D40D0020D00D00204B
:1080D000C80D0020CC0D0020BC0D0020154B1A4609
:1080E0001B688342FBD3516802EB010C844509D025
:1080F000416800EB010C634509D00360904218D041
:10810000106070474068014451601046F0E710B4B9
:10811000094C2468A3420AD05B6819444160136883
:108120001B680360904200D0106010BC7047046070
:10813000F8E77047D40D0020D00D002038B5044674
:10814000FFF7B8FC384B1B68B3B1384B1B681C42B7
:1081500050D1002C50D004F1080214F0070F02D0C7
:1081600022F007020832002A55D0314B1B68934297
:1081700053D330490C6804E0FFF77EFFE5E7214662
:108180001C466368934202D22368002BF7D1264B2A
:108190001B68A34243D00D68083523680B606368F1
:1081A0009B1A102B10D9A01810F0070F08D04FF011
:1081B000500383F31188BFF36F8FBFF34F8FFEE738
:1081C00043606260FFF78AFF626819490B689B1A77
:1081D0000B60194909688B4201D217490B60134B98
:1081E0001B681343636000232360144A1368013340
:1081F000136002E0002500E00025FFF7EFFC15F01A
:10820000070F0ED04FF0500383F31188BFF36F8F29
:10821000BFF34F8FFEE70025EFE70025EDE70025D0
:10822000EBE7284638BD00BFD00D0020BC0D002074
:10823000CC0D0020D40D0020C80D0020C40D00205E
:10824000002834D038B50446A0F1080550F8043CA5
:10825000174A1268134208D14FF0500383F3118874
:10826000BFF36F8FBFF34F8FFEE750F8081C41B18B
:108270004FF0500383F31188BFF36F8FBFF34F8F1D
:10828000FEE723EA020340F8043CFFF713FC54F82E
:10829000041C084A13680B4413602846FFF71EFFAE
:1082A000054A136801331360FFF798FC38BD704727
:1082B000BC0D0020CC0D0020C00D002082B000239A
:1082C00001930D4B1B68B3F1FF3F08D04FF05003F3
:1082D00083F31188BFF36F8FBFF34F8FFEE74FF02B
:1082E000500383F31188BFF36F8FBFF34F8F019B50
:1082F000002BFCD002B07047D40100200648006873
:10830000006880F3088862B661B6BFF34F8FBFF391
:108310006F8F00DF00BF000008ED00E04FF08073BA
:1083200040F8043C21F0010140F8081C034B40F8E0
:108330000C3C40F8202C4038704700BFBD8200083C
:10834000074B19680868B0E8F00F80F30988BFF39D
:108350006F8F4FF0000080F311884EF00D0E7047C4
:10836000B80D00204FF0500383F31188BFF36F8FD7
:10837000BFF34F8F0B4A136801331360012B00D0FA
:1083800070474FF0E023D3F8043D13F0FF0FF7D010
:108390004FF0500383F31188BFF36F8FBFF34F8FFC
:1083A000FEE700BFD4010020094B1B6843B94FF022
:1083B000500383F31188BFF36F8FBFF34F8FFEE736
:1083C000013B034A13600BB983F31188704700BF68
:1083D000D4010020000000000000000000000000A8
:1083E000EFF30980BFF36F8F0D4B1A6820E9F00F90
:1083F00010602DE908404FF0500080F31188FFF71E
:108400008FFC4FF0000080F31188BDE80840196828
:108410000868B0E8F00F80F30988BFF36F8F7047EA
:10842000B80D002008B54FF0500383F31188BFF357
:108430006F8FBFF34F8FFFF745FB28B14FF0E0235D
:108440004FF08052C3F8042D002383F3118808BD38
:108450004FF0E022002313619361054B1B6805492F
:10846000A1FB03139B09013B536107231361704771
:10847000D0010020D34D621010B582B02A4B1A787B
:10848000D2B20192FF221A701B78DBB28DF8033052
:108490009DF8033003F05003244A1370244B072245
:1084A0001A6009E0224A1368013B13609DF803300B
:1084B0005B00DBB28DF803309DF8033013F0800FC2
:1084C000F0D11B4B1B68032B08D04FF0500383F3F4
:1084D0001188BFF36F8FBFF34F8FFEE71B02144A63
:1084E000136003F4E0631360019BDBB20E4A137068
:1084F0004FF0E023D3F8202D42F47002C3F8202D72
:10850000D3F8202D42F07042C3F8202DFFF7A0FFD2
:108510000024084B1C60FFF7F1FEFFF701FCFFF79A
:10852000CDFE204602B010BD00E400E0E03D00209A
:10853000DC3D0020D401002010B503460C4A0D4953
:108540000D48006840B10C4800680344521A934239
:1085500006D8094A136010BD0748084C0460F2E7CA
:10856000F7F7C0FE0C2303604FF0FF30F3E700BFC6
:108570000050002000040000E43D0020E83D002001
:108580000120704708B5F7F7ADFE162303604FF0E2
:10859000FF3008BD08B54FF0FF31FFF7F3FFFEE7EE
:1085A00070B50C461646002506E0AFF30080214664
:1085B00001F8010B01350C46B542F6DB304670BDC3
:1085C0004FF0FF3070474FF400534B60002070476E
:1085D0000120704700207047FEF769FD0B480C49E9
:1085E0000C4A002302E0D458C4500433C4188C420F
:1085F000F9D3094A094C002301E013600432A24276
:10860000FBD3F7F7F7FDFCF707FD704700000020EC
:10861000D8010020C88A0008D8010020E83D0020C9
:10862000FEE70000F8B500BFF8BC08BC9E467047E6
:0C863000F8B500BFF8BC08BC9E467047BF
:1086400044890008A5500008000000000000000058
:108650000001000000000000000000003C8900084C
:10866000115100080000000000000000000100009F
:108670000000000000000000348900084D5100088F
:1086800001000000000000000001000000000000E8
:1086900000000000000000000500000019000000BC
:1086A0007D00000000000000000000000000F03F1E
:1086B00000000000000024400000000000005940BD
:1086C0000000000000408F40000000000088C34010
:1086D00000000000006AF8400000000080842E4185
:1086E00000000000D01263410000000084D79741D1
:1086F0000000000065CDCD41000000205FA00242D7
:10870000000000E876483742000000A2941A6D424B
:10871000000040E59C30A2420000901EC4BCD6423E
:1087200000003426F56B0C430080E03779C34143E9
:1087300000A0D8855734764300C84E676DC1AB435F
:10874000003D9160E458E143408CB5781DAF15447D
:1087500050EFE2D6E41A4B4492D54D06CFF0804458
:10876000F64AE1C7022DB544B49DD9794378EA446D
:10877000BC89D897B2D29C3C33A7A8D523F64939F7
:108780003DA7F444FD0FA5329D978CCF08BA5B2519
:10879000436FAC642806C80A0080E03779C34143C0
:1087A000176E05B5B5B89346F5F93FE9034F384D57
:1087B000321D30F94877825A3CBF737FDD4F157503
:1087C00000202020202020202020282828282820A1
:1087D0002020202020202020202020202020202099
:1087E0002088101010101010101010101010101001
:1087F00010040404040404040404041010101010F1
:1088000010104141414141410101010101010101BA
:10881000010101010101010101010101101010100C
:10882000101042424242424202020202020202028C
:1088300002020202020202020202020210101010E0
:108840002000000000000000000000000000000008
:108850000000000000000000000000000000000018
:108860000000000000000000000000000000000008
:1088700000000000000000000000000000000000F8
:1088800000000000000000000000000000000000E8
:1088900000000000000000000000000000000000D8
:1088A00000000000000000000000000000000000C8
:1088B00000000000000000000000000000000000B8
:1088C000000000000000803F6042A20D5363686515
:1088D00064756C6572207374617465203D20256435
:1088E0000D0A000055415254204F4B0D0A00000064
:1088F000524157202D3E20583A2564207C20593A79
:108900002564207C205A3A25640D0A0043414E20FC
:1089100054583A20524D533D252E3366204352453C
:1089200053543D252E3366205045414B3D252E3373
:10893000660D0A00747843414E0000007061636B5D
:1089400061676500616371756972650049444C45F2
:1089500000000000494E4600696E66004E414E0020
:108960006E616E0030000000496E66696E69747950
:10897000000000004E614E005245454E54206D618E
:108980006C6C6F6320737563636565646564000078
:108990002E2E2F2E2E2F2E2E2F2E2E2F2E2E2F2EF2
:1089A0002E2F6E65776C69622F6C6962632F73740A
:1089B000646C69622F64746F612E630042616C6C39
:1089C0006F63207375636365656465640000000010
:1089D00030313233343536373839414243444546F5
:1089E00000000000303132333435363738396162B7
:1089F0006364656600000000232D302B200000001A
:108A0000686C4C0065666745464700002C2066751B
:108A10006E6374696F6E3A200000000061737365C5
:108A20007274696F6E2022257322206661696C65FD
:108A3000643A2066696C6520222573222C206C69BB
:108A40006E65202564257325730A00002E2E2F2EB7
:108A50002E2F2E2E2F2E2E2F2E2E2F2E2E2F6E65BA
:108A6000776C69622F6C6962632F7374646C6962DE
:108A70002F6D707265632E630000000043000000DC
:108A8000504F5349580000002E0000000102000022
:108A900002030405060708090A0B0C0D0E0F10103F
:108AA00000000000010203040000000000000000BC
:088AB000010203040607080996
:088AB800208FFF7F0100000088
:048AC0007901000830
:048AC4005101000854
:108AC8000400002000000000F40100205C020020E7
:108AD800C4020020000000000000000000000000A8
:108AE800000000000000000000000000000000007E
:108AF800000000000000000000000000000000006E
:108B0800000000000000000000000000000000005D
:108B18000000000003000000F401002043000000F2
:108B2800000000000000000000000000000000003D
:108B380000000000000000000000000043000000EA
:108B4800000000000000000000000000000000001D
:108B580000000000000000000000000043000000CA
:108B680000000000000000000000000000000000FD
:108B780000000000000000000000000043000000AA
:108B880000000000000000000000000000000000DD
:108B9800000000000000000000000000430000008A
:108BA80000000000000000000000000000000000BD
:108BB800000000000000000000000000430000006A
:108BC800000000000000000000000000000000009D
:108BD800000000000000000000000000430000004A
:108BE800000000000000000000000000000000007D
:108BF80000000000000000000000000061380008CC
:108C0800013C000800000000C0870008888A0008AE
:108C1800188A0008188A0008188A0008188A0008A4
:108C2800188A0008188A0008188A0008188A000894
:108C3800188A0008FFFFFFFFFFFFFFFFFFFFFFFF8E
:108C4800FFFF0000010041534349490000000000B4
:108C5800000000000000000000000000000000000C
:108C68000000000000004153434949000000000093
:108C780000000000000000000000000000000000EC
:108C880000000000000000000100000010000000CB
:088C980000127A00AAAAAAAAA0
:04000005080085D991
:00000001FF
