:020000040800F2
:1000000000500020D9940008E5560008E756000883
:10001000E9560008EB560008ED5600080000000005
:10002000000000000000000000000000C18C00087B
:10003000EF56000800000000618D0008A58D000843
:1000400021950008219500082195000821950008B8
:1000500021950008219500082195000821950008A8
:100060002195000821950008219500082195000898
:100070002195000821950008219500082195000888
:100080002195000821950008219500082195000878
:100090002195000821950008219500082195000868
:1000A0002195000821950008219500082195000858
:1000B000F1560008219500082195000821950008B7
:1000C0002195000821950008219500082195000838
:1000D0002195000821950008219500082195000828
:1000E00021950008219500082195000800000000D6
:1000F0000000000000000000000000000000000000
:0C01000000000000000000005FF808F1A3
:100110000348044B834202D0034B03B11847704796
:10012000D4010020D4010020000000000548064B47
:100130001B1AD90F01EBA301491002D0034B03B1E5
:1001400018477047D4010020D401002000000000AF
:1001500010B5064C237843B9FFF7DAFF044B13B10F
:100160000448AFF300800123237010BDD4010020A8
:10017000000000002495000808B5044B1BB1044999
:100180000448AFF30080BDE80840CFE7000000005E
:10019000D80100202495000820F0030110F003008E
:1001A000C0F1000051F8043B00F1040C4FEACC0C04
:1001B0006FF000021CBF22FA0CF213434FF0010C47
:1001C0004CEA0C2C4CEA0C4CA3EB0C0222EA030286
:1001D00012EACC1204BF51F8043B0430F4D0C2F14F
:1001E000000102EA0102B2FA82F2C2F11F0200EB40
:1001F000D200704770B50F4B0F4DAB42A3EB050615
:1002000007D00024B61055F8043B01349847A642A5
:10021000F9D809F087F9094D094B5E1BAB424FEA4B
:10022000A60606D0002455F8043B01349847A642A0
:10023000F9D870BDB09A0008B09A0008B09A0008CA
:10024000B49A0008036A70B506460D468468002B10
:1002500038D0A3891B0714D5236993B1013DA36846
:1002600015F8011F013BA360D9B1002B04DAA26984
:100270009A420FDC0A290DD023685A1C226019709B
:10028000EDE72146304601F0F7FE0028E6D04FF0BA
:10029000FF3070BD2246304602F02EFC0130DED128
:1002A000F5E7002B08DA22460A21304602F024FC4A
:1002B0000130ECD00A2070BD0A222368591C21604D
:1002C0001A70F7E700F0F4F8C3E700BF024B0146ED
:1002D0001868FFF7B7BF00BF0C0000200020704770
:1002E000024A0349034801F0A5BE00BF00000020F8
:1002F000B5060008100000200C4B416810B599426B
:10030000044601D000F0D6F9A168094B994202D009
:10031000204600F0CFF9E168064B994204D0204610
:10032000BDE8104000F0C6B910BD00BFF0010020CC
:1003300058020020C0020020002070472DE9F84339
:1003400000250423294C2A490822C4F8381104F155
:100350005C002946DFF89C90DFF89C80274F284EF0
:10036000C4E90335C4E90055C4E90555A5606566CF
:1003700000F0C6F8234B0822294604F1C400636745
:10038000C4E90849C4E90A87C4E91A55C4E91E55F5
:1003900026632567C4F8CC50C4F8805000F0B0F84C
:1003A000194B2946C4F8DC30082204F1680304F52F
:1003B0009670C4F88830C4E92398C4E92576C4E966
:1003C0003455C4E93855C4F8D850C4F83451C4F889
:1003D000E85000F095F804F1D003C4E93D98C4E971
:1003E0003F76C4F8F030BDE8F88300BFF00100208C
:1003F000E1020008D5360008FD3600083D37000848
:10040000613700080900010012000200F8B5254B11
:100410000646D3F83831002B3CD0234FD7E90134BE
:10042000013B04D51DE05A1C04F1680419D0B4F94D
:100430000C50013B002DF6D11C4B08222946C4E983
:100440000155C4E90455E36065662560A56104F1C2
:100450005C0000F055F8C4E90D55C4E9125520467A
:10046000F8BD3D680DB12F46D8E74FF4D671304640
:1004700000F008FD044680B10423056029462546A6
:100480000C304FF4D072A060636000F039F83C602B
:100490002F46C3E7FFF752FFBFE70C2338603360F6
:1004A000DDE700BFF0010020000000200100FFFF99
:1004B000036A03B17047044B044AD3F8383102622F
:1004C000002BF7D13AE700BFF0010020F902000845
:1004D000704700BF704700BF0020024A024901F088
:1004E000A9BD00BF00000020DD0200080020024A74
:1004F000024901F09FBD00BF000000203903000841
:1005000070B5860747D0541E002A3ED00346CAB2B3
:1005100001E0013C39D303F8012B9D07F9D1032CED
:100520002CD9CDB205EB05250F2C1A4605EB054558
:1005300034D9A4F1100C2CF00F0603F1100EB644C0
:100540004FEA1C1CC2E90055C2E90255103272453F
:10055000F8D10CF1010214F00C0F03EB021204F0BD
:100560000F0C13D0ACF1040323F003030433134442
:1005700042F8045B9342FBD10CF003042CB1C9B2E6
:100580001C4403F8011BA342FBD170BD6446134613
:10059000002CF4D1F9E703461446C0E7A446E1E78E
:1005A000F8B5B1F90C300C461E07074639D44A6835
:1005B000002A53DDE56A002D31D000223E683A6002
:1005C00013F48052216A55D101233846A847451CAF
:1005D000024663D0B4F90C30E56A216A580705D5A4
:1005E0006368D21A636B0BB1236CD21A00233846AE
:1005F000A847421C40D00022236962602360A3897F
:10060000DB0400D56065616B3E6041B104F14403D9
:10061000994202D0384601F0AFFC0023636300200A
:10062000F8BD0E69002EFAD09B0718BF00230D6895
:1006300008BF4B690E60AD1B8B600CE02B46324649
:10064000D4F828C03846216AE047B0F1000CA5EB89
:100650000C05664406DD002DF0DCE0E70A6C002A9C
:10066000A8DCDCE7B4F90C3043F040034FF0FF3076
:10067000A381F8BD626DB1E73968B4F90C301D296A
:10068000F2D80B4ACA40D507EED500226260226933
:100690002260DA04B7D50029B4D0B4E73B68002B58
:1006A00098D01D2B01D0162BDCD13E60B7E700BFE0
:1006B000010040200B69B3B110B5044682B008B107
:1006C000036A5BB1B1F90C3013B9002002B010BD60
:1006D000204602B0BDE81040FFF762BF0191FFF76E
:1006E000E7FE0199EEE70020704700BFB8B138B5CA
:1006F0000D4A0369044615682BB10DB12B6A53B13D
:10070000B4F90C300BB9002038BD21462846BDE8AD
:100710003840FFF745BF2846FFF7CAFEF0E7034A17
:100720000349044801F086BC0C00002000000020B2
:10073000B506000810000020014B1868704700BF84
:100740000C0000202DE9F04D002B88B014461D460A
:10075000109E1299DDF8508041DB0022B8F1650F40
:100760000A7039D040DCB8F1450F35D0B8F1460FEA
:100770005FD103230093139B2246CDE9016307ABAE
:10078000049306AB03932B4600F09CFC074628F02D
:100790002003462B07EB060805D13B78302B3CD0D5
:1007A000139B1E68B044204629460022002304F013
:1007B000E5F800283BD1079B984506D930215A1C03
:1007C00007921970079B4345F9D33846159ADB1BEE
:1007D000136008B0BDE8F08D02230136CAE703F1CB
:1007E000004B2D225D46B9E7B8F1660FC1D0139BCF
:1007F0002246CDE901630223009307AB049306ABC5
:1008000003932B4600F05EFCB8F1670F0746BED19C
:10081000119BDB0721D4079BD7E70022002320464A
:10082000294604F0ABF8D8B1139B1B6898444346A3
:10083000CBE7139B2246CDE901630223009307AB6C
:10084000049306AB03932B4600F03CFCB8F1470F32
:1008500007469CD1119BDB07DDD507EB0608A2E715
:10086000139BC6F101061E609CE700BF0029B4BFC0
:100870002D232B2330B5B8BF4942092983B002701C
:1008800043702CDD0DF107042346194D8C461A46A2
:10089000A5FB01E3DB0803EB830EA1EB4E0101F1A5
:1008A000300EBCF1630F194602F801EC02F1FF3380
:1008B000ECDC303103F8011C931EA34200F1020569
:1008C0000AD2411C13F801CBA34201F801CFF9D1A0
:1008D0000DF109039B1A1D44281A03B030BD3023C3
:1008E000051D1944C1708370281A03B030BD00BFC4
:1008F000CDCCCCCC2DE9F04F91B00C46DDF8688022
:1009000016461F46054602F031FF036818460A9353
:10091000FFF742FC00230E93D8F800300B9007330A
:1009200023F0070303F10802D4F800A094F818B0EC
:10093000C8F80020D3E9008929F000430993CDF8D5
:1009400020804FF0FF32DDE90801C4E91289A04B95
:1009500004F046F840B9DDE908014FF0FF329C4B46
:1009600004F020F8002877D042464B4640464946DE
:1009700004F036F8002840F03B8263684AF4806156
:100980005A1C0BF0DF0A35D0BAF1470F00F028816E
:10099000009321600191002106910EA905910DA9F6
:1009A00003910DF1330142464B462846CDF810B075
:1009B0000291FFF7C7FE8046BBF1650F0D993AD94A
:1009C000BBF1660F00F02E810E9B8B4240F3358108
:1009D0000029CCBF0122C1F10202134423614FF070
:1009E000000AA1659DF83330002B4DD02D2384F8EB
:1009F000433049E0216001910021062006910EA9B3
:100A0000CDF810B0606005910DA903910DF133018F
:100A1000424600904B4628460291FFF793FEBAF1FA
:100A2000470F8046C8D10D99C81C80F2F480ABF105
:100A3000020B5FFA8BFB5A46013904F150000D910D
:100A4000FFF714FF0E9A82461318012A236140F320
:100A5000428101332361C5E7404649460022002315
:100A600003F096FF10B12D2384F843302AF00403DD
:100A700023600323574A2361574B4FF0000ABBF111
:100A8000470F8CBF9046984633462146284600972C
:100A90000FAA01F0D9FB013023D0236858052BD4CD
:100AA0004246314628462369B847013019D02268AA
:100AB0009207E0680F9B19D5984217DD4FF00008A8
:100AC00004F1190904E0E0680F9BC21A42450DDDEC
:100AD00001234A4631462846B847013008F101084B
:100AE000F1D14FF0FF3011B0BDE8F08F9842B8BFA0
:100AF000184611B0BDE8F08FBBF1650F33D9D4E9CA
:100B000012010022002303F039FF002800F09D802D
:100B1000012331462846314AB8470130E1D0DDE9AA
:100B20000D3A534502DB2268D107C1D5DDE90A231E
:100B300031462846B8470130D3D0BAF1010FB6DDAF
:100B40004FF000080AF1FF3A04F11A0901E0D0451C
:100B5000ADD001234A4631462846B847013008F156
:100B60000108F4D1BDE7DDF83890B9F1010F40F389
:100B70009D800123424631462846B8470130B0D017
:100B8000DDE90A2331462846B8470130A9D0D4E927
:100B900012010022002309F1FF3B03F0EFFE0028C1
:100BA00000F09E80B9F1010F40F38B804FF00008F8
:100BB00004F11A0902E0D84500F0838001234A4677
:100BC00031462846B847013008F10108F3D188E7DB
:100BD000FFFFEF7F34990008309900084099000822
:100BE0000BB90123636000932160019100210691FC
:100BF0000EA905910DA903910DF133014246029111
:100C00004B462846CDF810B0FFF79CFD0D99804665
:100C1000C81CFFF60CAF636899423FF708AF4FF06E
:100C2000670BD1E6002963685EDD2161002B00F0CF
:100C30008D8001330B442361D1E623682161DB07FA
:100C40007FF5CDAE4B1C2361C9E60D9B002B52DD19
:100C50000E9BD4F858B099465B45A8BFD946B9F168
:100C6000000F089309DD4B46424631462846B847F7
:100C700001303FF436AFD4F858B029EAE972934511
:100C800071DD4FF0000A934604F11A0904E0A36DE8
:100C9000A3EB0B02524565DD01234A463146284647
:100CA000B84701300AF1010AF1D11AE7D9073FF537
:100CB00060AF4246012331462846B84701303FF431
:100CC00010AF53463146284604F15002B847013070
:100CD0007FF4EDAE05E72268D2077FF583AEB8E674
:100CE0005B4608F10102E6E7002B34D12268D20707
:100CF00031D4012372E60123314628464B4AB847D6
:100D000001303FF4EEAEDDE90D3A5AEA030324D098
:100D1000DDE90A2331462846B84701303FF4E1AE09
:100D20000D9B002B79DA4FF0000B04F11A0903E058
:100D30000D9B5B425B4570DD01234A4631462846E8
:100D4000B84701300BF1010BF2D1CAE62268D00797
:100D50007FF545AE6DE7023340E62268D3077FF5A5
:100D6000A7AED5E79B460D9B089A9A4202DC226803
:100D7000D00708D5DDE90A2331462846B8470130B7
:100D80003FF4AFAE0D9B089AA2EB0B0AD31A9A451B
:100D9000A8BF9A46BAF1000F91460BDD5346314683
:100DA000284608EB0B02B84701303FF49AAE4A469A
:100DB0000D9BD31A2AEAEA7A53457FF778AE4FF0B3
:100DC0000008DDF820B004F11A0907E00D9BABEB39
:100DD0000303A3EB0A0343457FF769AE01234A46A9
:100DE00031462846B847013008F10108EED178E6CF
:100DF0004B46002BBCBF2D2384F843302AF004035C
:100E0000236003230A4A23610A4B4FF0000ABBF117
:100E1000470F8CBF9046984636E6534642463146C9
:100E20002846B84701307FF442AE5AE640990008A0
:100E30003C9900083899000870B5114E0546336892
:100E40000C46BBB12146284602F032FC431C014649
:100E50000CD0C41C24F00304A04205D02846611A1B
:100E600002F026FC013001D0204670BD4FF0FF3467
:100E7000204670BD194602F01BFC3060E2E700BF5F
:100E80002C0300202DE9F843CD1C25F0030508357F
:100E90000C2D38BF0C25002D064618DBA94216D8AC
:100EA000DFF8DC8001F0A4FBD8F80420A2B11446DE
:100EB00003E0636822467BB11C4623685B1BF8D4C1
:100EC0000B2B1FD89442636854D053600CE00C2362
:100ED00033600020BDE8F88329463046FFF7ACFFB9
:100EE000431C044619D00560304601F083FB04F131
:100EF0000B00231D20F00700C21A1CBF1B1AA350B1
:100F0000BDE8F88361199442256014BF5160C8F8A8
:100F10000410635163684B60E6E7D8F804701FB3B0
:100F20003C467F68002FFBD123683946304604EBEE
:100F3000030902F0BDFB814516D123683046ED1A46
:100F40002946FFF779FF01300ED02368D8F8042036
:100F50002B442360536883B1A34203D01A465B68D5
:100F60009C42FBD10023B0E70C233046336001F0F4
:100F700041FBAEE7C8F80430B6E7C8F80470B3E741
:100F80002C030020000000002DE9F04F03690C69DC
:100F900085B0A342C0F291808146013C01F1140565
:100FA00009F1140855F8243058F824C001339C4541
:100FB000BCFBF3F64FEA840005EB840708EB8402E0
:100FC00043D34FF0000CAA46CDE90105C64663465F
:100FD00065469346CDF80C805AF8040BDEF80020E5
:100FE0001FFA80FC06FB0C554FEA10484FEA154CDF
:100FF00006FB08CCADB290B2401B18441FFA8CF32C
:10100000C3EB204303EB124380B240EA0340574551
:101010004EF8040B4FEA1C454FEA2343DCD2DDE9CE
:101020000105DDF80C8058F8003073B9ABF104020B
:10103000904504D307E0904504F1FF3403D252F801
:101040000439002BF7D0C9F81040484602F0CEF81A
:1010500000282EDB4146002255F8040BD1F800C0D1
:101060001FFA80FE1FFA8CF3A3EB0E031344020C4D
:10107000C2EB234202EB1C429BB243EA0243AF4263
:1010800041F8043B4FEA2242E6D258F8242008EB0C
:1010900084036AB9043B434504D807E0984504F14A
:1010A000FF3403D253F80429002AF7D0C9F81040BE
:1010B0000136304605B0BDE8F08F002005B0BDE830
:1010C000F08F00BF2DE9F04F16461F46C5699DB051
:1010D000CDE90667299C0390002D00F0B2832968B2
:1010E00051B101236A6893404A608B6001F0B8FDFA
:1010F0000022039BDB691A60B7F10009B4BF01232A
:1011000000232360784BBCBF29F00049CDF81C9028
:1011100033EA090300F0AE80DDE9063418462146C3
:1011200000220023CDE9040103F028FC804668B1C9
:101130000123289A13602A9B13B16C4B2A9A1360DF
:101140006B4B089308981DB0BDE8F08F1AAB019364
:101150001BAB00930398DDE9042302F0A5F95FEAD5
:101160001955824640F09C80DDE91A85454405F218
:101170003243202B40F39983C3F1400309FA03F96A
:1011800005F2124326FA03F349EA030003F014F9C7
:101190000123013D1193A1F1F8710022554B02F09A
:1011A000CDFF4BA3D3E9002303F080F94AA3D3E991
:1011B000002302F0C5FF064628460F4603F00CF94F
:1011C00047A3D3E9002303F071F902460B463046EA
:1011D000394602F0B5FF06460F4603F017FC002221
:1011E0000446099000233046394603F0D1FB00281D
:1011F00040F03483099CA8EB0508162C08F1FF3B4E
:1012000000F21383DDE904013B4B03EBC403D3E994
:10121000002303F0BDFB002874D0631E0993002354
:10122000BBF1000F1093C0F2068300230B93099BC0
:10123000002B6DDA099B0B9A0E93D21A5B420F9327
:1012400000230993269B0B92092B69D8052BC4BF59
:10125000043B2693269BC8BF0025A3F10203D8BFF9
:101260000125032B00F24C86DFE813F07A047704A3
:101270006E04500442F20F73289AC9F3130959EA15
:10128000060913601CD12A9B002B00F02F861B4BF4
:10129000089308332A9A089813601DB0BDE8F08FB0
:1012A000DDE90412C2F31303084643F07F51CDF881
:1012B0004480A5F2FF35DDF8688041F440116CE709
:1012C0002A9B002B40F0FE830D4B08933AE700BFAA
:1012D00061436F63A787D23FB3C8608B288AC63F3C
:1012E000FB799F501344D33F0000F07F41990008E1
:1012F000409900080000F83FA895000844990008AC
:1013000050990008B8F1000F40F3AF8410900B9093
:10131000099B9B440E9300230F93269B092B95D981
:10132000002326934FF0FF3301250A9300230C95E9
:1013300027930021039BDB6959600A9B189303984C
:1013400001F04EFC0890002800F0E385039B089A0A
:10135000DB691A600A9B0E2B00F20D81002D00F054
:101360000A810E99002940F34E84AE4B01F00F0222
:1013700003EBC2030A46D3E90067D2054FEA211501
:1013800040F11084DDE90401A74B4FF00309D3E9D4
:10139000082303F0B5F9CDE9120105F00F058DB171
:1013A000DFF88482EB0709D5D8E9002330463946B7
:1013B00003F07CF806460F4609F101096D1008F1AB
:1013C0000808EFD1DDE912013B46324603F098F9F7
:1013D00007468846109B43B1002238464146934B4E
:1013E00003F0D6FA002840F01285484602F0F4FFD8
:1013F0003A46434603F05AF88D4B002202F0A0FE15
:101400000A9B0446A1F15075002B00F09D800E9BB5
:1014100019930A9B12934146384603F0F7FA129942
:10142000804BCDE9144503EBC10353E90234054673
:10143000CDE9163402F0D0FF0B460246414638464D
:1014400002F07CFE089F0C9B30357E1CECB280467F
:1014500089463546002B00F06B84DDE91623002019
:10146000744903F04DF9DDE9142302F067FE3C7086
:1014700042464B4604460D4603F0A8FA002840F0C9
:10148000B984CDF858B0CDF850A0AB460027A2469D
:10149000129D2AE00137AF4280F20185504659463D
:1014A0000022654B03F002F80022634B82468B4614
:1014B0004046494602F0FAFF8946804603F0A6FA04
:1014C000044602F089FF02460B464046494602F0B8
:1014D00035FE303452465B4606F8014B804689465D
:1014E00003F056FA002840F0D78442464B460020CD
:1014F0004E4902F023FE52465B4603F049FA0028AB
:10150000C8D0199B3746DDF850A0089A03F10108AE
:1015100002E0974200F0A1843E4617F8013D392BC6
:10152000F7D00133DBB245463B706DE1484602F02F
:1015300053FF3A46434602F0B9FF00223C4B02F00B
:10154000FFFD0446A1F15075384600223B4B414651
:1015500002F0F4FD22462B4606460F4603F036FA0B
:10156000002840F0898430463946224605F1004380
:1015700003F00EFA28BB1B9B002BC0F291800E9A41
:101580000E2A00F38D80274B0E9A03EBC203D3E99A
:101590000034CDE90634279B002B19DA0A9B002B77
:1015A00016DC0ED1DDE906010022244B02F07EFF9D
:1015B00002460B46DDE9040103F0F4F9002800F0CF
:1015C0005B8400231F46089E0493279BDD4340E273
:1015D000089B5D1CDDE90678DDE904013A464346D7
:1015E00003F08EF803F012FA064602F0F5FE3A46D2
:1015F000434602F05BFF02460B46DDE9040102F0C0
:101600009DFD089A06F1300313700A9B2F46012BAB
:1016100000F036830125CDF810A0A846DDE906AB21
:1016200099462BE0A8950008989600080000F03F26
:1016300000001C400000E03F000024400000144077
:1016400052465B462046294603F05AF803F0DEF97D
:10165000064602F0C1FE52465B4602F027FF08F143
:1016600001080B4602462946204602F067FD06F1B6
:101670003003C84507F8013B00F0008300228D4B82
:1016800002F014FF0022002304460D4603F076F911
:101690000028D5D00E9D3E46DDF810A00135B3E000
:1016A0000C9A002A40F0EE8000231F460F9E0B9DEF
:1016B0000C9365B1BBF1000F09DD5D452B46A8BF5A
:1016C0005B460B9AED1AD21A0B92ABEB030B0F9BF6
:1016D00053B10C9B13B1002E40F00B8351460F9A6F
:1016E000039801F09FFC82460121039801F0D2FB90
:1016F000099B0490002B40F0D081269B012B40F3E6
:10170000E6810120584410F01F0000F0B480C0F1C1
:101710002003042B40F3F5810B9BC0F11C00034414
:101720000B93054483440B9B002B05DD51461A4661
:10173000039801F0E7FC8246BBF1000F05DDDDE90F
:1017400003015A4601F0DEFC0490109B002B40F090
:1017500089810A9B002B40F361810C9B002B40F098
:10176000B8800E9D01350126DDF82080049CDDF84F
:1017700028B0DDF80C9007E0514600230A224846C5
:1017800001F092FA8246013621465046FFF7FCFBF3
:10179000B34500F1300008F8010BEDDC0A9B8146EF
:1017A000002BCCBF1E4601260024089B03EB060B32
:1017B00051460122039801F0A5FC0499824601F0EC
:1017C00015FD002840F30282089A02E0934500F0DC
:1017D00015821BF8013C5E46392B0BF1FF3BF5D01F
:1017E00001338BF80030DDE90381404601F038FA1F
:1017F00057B12CB1BC4203D02146404601F030FA2B
:101800003946039801F02CFA5146039801F028FA62
:1018100000233370289B1D602A9B002B3FF492AC61
:1018200008981E601DB0BDE8F08F0123BBF1000FCA
:101830001093BFF6FAACC8F101034FF0000B0B9305
:10184000F5E4102000F0F0FC039BD861002800F0C4
:101850005183C0E90055C0E902554DE4204602F02D
:10186000BBFD32463B4603F089F800287FF4C2AC4A
:10187000631E0993BEE41C230B9A1D441A440B9269
:101880009B4450E7269A012A40F3AB810A9A0F9BAA
:10189000561EB342C0F26781002AA3EB060680F20F
:1018A000EF82DDE90A239D1A6AE1C3F1200306FAFB
:1018B00003F06BE400002440394600230A22039819
:1018C00001F0F2F9189B0746002B40F302830E96B5
:1018D0000A93002D05DD39462A46039801F012FCD3
:1018E0000746099B002B40F0E881B846089B0A9CFC
:1018F0001E46013B1C44069B03F00103CDE90A434D
:10190000039C04995046FFF73FFB394683465046F7
:1019100001F06CFC049905464246204601F086FC25
:10192000C36801460BF13009ABBB0990504601F08A
:101930005DFC09990990204601F092F9099A002A64
:1019400054D1269B1BB90B9B002B00F0AE82002DBF
:101950003FDBB3460A9B0BF8019BB34200F0C48106
:10196000514600230A22204601F09EF9474582464F
:1019700039464FF000034FF00A02204630D001F004
:1019800093F9414600230A220746204601F08CF9CC
:101990005E468046B5E7039801F062F9002D06DB4C
:1019A000069B03F00102269B1D432A4329D1514681
:1019B0000122039801F0A6FB0499824601F016FC6F
:1019C000002840F3F780B9F1390F00F04B820BF19A
:1019D00031090E9D3C460135474606F8019B02E75A
:1019E00001F062F95E46074680468AE7002DC0F2A4
:1019F000A282269B1D430B9B1D4300F09C82002A64
:101A0000A7DDB9F1390F00F02D820E9D09F1010318
:101A10003C460135474606F8013BE4E6269B022B8F
:101A20007FF79BAE0A9B002B40F02681052204998C
:101A3000039801F039F901460490504601F0D6FBB5
:101A4000002840F3198131230E9D089E013506F8C8
:101A5000013BDDE9030101F003F90135002F7FF4BB
:101A6000CFAED1E65046049901F0C0FB0028BFF686
:101A700070AE514600230A2203980E9C01F014F91F
:101A80000C9B8246661E002B7FF416AF189B002B22
:101A900040F312820E9D0A9365E601461A460398AA
:101AA00001F0C0FA269B0490012B6FDD00230993FF
:101AB000049A136902EB8303186901F09BF9C0F1E2
:101AC00020001FE6964B08930333FFF7E3BB069B0A
:101AD000002B7FF416AEDDE90612C2F31303002BD0
:101AE0007FF40FAE8F4B13402BB10B9B0BF1010B0F
:101AF00001330B930123099A0993002A3FF401AEA5
:101B0000D6E73FF410AEC0F13C03B5E601230C93D9
:101B1000279B0E9A134418930133012B1F46B8BF1D
:101B200001270A93039B172FDE6940F200820122EE
:101B300004235B0003F11400B842114602F10102D4
:101B4000F7D97160FFF7FBBB01230C93279B002B98
:101B500037DD1F4618930A93E4E700230C93D7E779
:101B600000230C93F2E70F9B0F96F31A0026099AB5
:101B70001A4409920B9B0A9A1D46134493440B93F3
:101B80000121039801F086F9074692E5069B002B98
:101B90008CD1DDE90601C1F313030A46002BA1D065
:101BA000099085E7DDE904344FF00209CDE91234EC
:101BB000FFF7F5BB7FF40DAF19F0010F7FF403AF12
:101BC00007E7012327930A93FFF7B3BB03D119F06B
:101BD000010F7FF4F9AD5E461BF8013D302BFAD0C2
:101BE00001E6119A002A00F0088103F233430B9AB0
:101BF0000F9E15461A449B440B92C1E73123089A65
:101C000001351370EFE500F0FC80DDE904010E9A68
:101C1000454B554205F00F0203EBC203D3E9002305
:101C200002F044FC2D11CDE9120100F0598100238E
:101C30004FF00209074688463C4EEC070AD5D6E924
:101C400000233846414602F031FC0123074688460E
:101C500009F101096D1006F10806EED1002B7FF4A1
:101C6000B9ABDDE91278FFF7B5BBC8F101038346D4
:101C70000B931090FFF74CBB089EA6E4DDF810A074
:101C800002460B4602F05CFA02460B460E9DCDE979
:101C90000423DDE906230135A84602F097FE40B98A
:101CA000DDE90623DDE9040102F068FE18B1F00762
:101CB00001D5089A30E43E46A6E50398796800F01D
:101CC0008FFF0546002800F02B813B6907F10C01CE
:101CD00002339A000C3000F031FA012229460398B1
:101CE00001F010FA804601E60E9D3C46013547465C
:101CF0005EE5039C39463246204601F093F90746DB
:101D000052463946204601F0DBF8514682462046CD
:101D100000F0A6FF0F9B9B1B0F933FF4E5ACDDE4A7
:101D2000509900080000F07FA895000898960008D8
:101D3000DDE91623DDE9140102F0B8FB089BCDE9CB
:101D40000C011C70129B012B00F0C180129F089B9C
:101D500011961F440022804B4046494602F0A6FBE4
:101D60000D46044602F052FE814602F035FB024663
:101D70000B462046294602F0E1F909F1300906F840
:101D8000019BB74280468946E4D1119D0022DDE9DE
:101D90000C01724B02F0D4F902460B46404649460C
:101DA00002F014FE002871D1DDE90C2300206B49FC
:101DB00002F0C4F902460B464046494602F0E8FDEF
:101DC00088B91B9B002BFFF66FAC0E9B0E2B3FF7C9
:101DD0006BAC634B0E9A03EBC203D3E90034CDE93D
:101DE0000634FFF7F7BB17F8013C3E46302B07F1EE
:101DF000FF37F8D0199D013506E51A9BC3F136036C
:101E0000F5E64FF00209DDE90478FFF7E3BA0A9B33
:101E1000002B3FF48BAB189C002C7FF7ACAB0E9BD8
:101E20003846013B4146002219934B4B02F03EFBE2
:101E300002468846174609F1010002F0CDFA3A46FB
:101E4000434602F033FB0022464B02F079F912942C
:101E5000A1F150750446FFF7DEBA312308F10108FD
:101E6000FFF761BBB34639230E9D3C46089A4746AF
:101E700001350BF8013BACE400231F460493E2E577
:101E80000B9B93441D4613440B9379E6199B089AC8
:101E900003F10108FFF740BBDDF850A0AAE7DDF829
:101EA00058B0DDF850A0FFF766BBB9F1390FD9D0B3
:101EB000002D3FF78CAD8CE5269B022B03DC189B95
:101EC0000E9D0A934FE4189B0E960A93AAE5374697
:101ED0005CE7269B022BF6DC189B0E960A93F8E42F
:101EE0004FF00209DDE91278FFF774BA1E4B089330
:101EF000FFF728B90246EF211C4B1D4800F04AFEAF
:101F0000002503982946C3695D6000F069FE0890CA
:101F1000A8B9002240F2AF11164B154800F03AFE66
:101F2000024640F2EF21134B114800F033FE00212E
:101F30007160FFF704BA002A3FF739AD49E5039B0A
:101F40000899DB694FF0FF32196001232795189239
:101F50000C930A92FFF70FBB000024400000E03F03
:101F6000A895000800001C404499000854990008F6
:101F70006C99000898990008002950D038B551F89C
:101F8000043C0C1F002BB8BFE418054600F030FBE2
:101F9000274A13682BB1A3420CD9216860188342E9
:101FA0002CD0284663601460BDE8384000F022BBA6
:101FB000A3420FD81A465B68002BF9D1116850185C
:101FC000844217D02CD3636054602846BDE8384063
:101FD00000F010BB11685018A04214D020D821681E
:101FE00060188342EFD118685B680844C4E90003B5
:101FF0005460EAE723680B441360E6E718685B68FF
:1020000008442060CDE720680144501883421160E5
:10201000DBD1D3E900040144C2E90014D5E77047DD
:102020000C2328462B60BDE8384000F0E3BA00BF1F
:10203000300300202DE9F8434FF0000980460F4699
:102040001646D6E90154013D10D4A389012B08D9C5
:10205000B4F90E30013304D021464046B84749EA6E
:102060000009013D6B1C04F16804EED13668002EB6
:10207000E7D14846BDE8F88338B52F4B05461B68C5
:102080000C4613B11A6A002A4BD0B4F90C30180769
:102090001CD5226922B313F0010107D00020616929
:1020A000A0604942A1613AB1002038BD980758BFED
:1020B0006169A160002AF7D1190658BF1046F4D50E
:1020C00043F04003A3814FF0FF3038BDD9062CD533
:1020D0005A0712D4226943F00803A381002ADAD1F7
:1020E00003F42071B1F5007FD5D02146284600F0D9
:1020F00083FAB4F90C302269CDE7616B51B104F178
:102100004402914204D02846FFF736FFB4F90C3060
:10211000002262630021226923F02403C4E9002124
:10212000D9E71846FEF7C4F9AFE7092243F04003A8
:102130002A60A381C7E700BF0C000020844641EA63
:10214000000313F0030349D1403A23D30B68036023
:102150004B6843608B688360CB68C3600B69036125
:102160004B6943618B698361CB69C3610B6A03620D
:102170004B6A43628B6A8362CB6AC3620B6B0363F5
:102180004B6B43638B6B8363CB6BC36340304031DA
:10219000403ADBD230320BD30B6803604B684360AC
:1021A0008B688360CB68C36010301031103AF3D273
:1021B0000C3205D351F8043B40F8043B043AF9D201
:1021C000043208D0D2071CBF11F8013B00F8013BD4
:1021D00001D30B8803806046704700BF082A13D3E1
:1021E0008B07B1D010F00303AED0C3F10403D21AB1
:1021F000DB071CBF11F8013B00F8013BA4D331F809
:10220000023B20F8023B9FE7043AD9D3013A11F888
:10221000013B00F8013BF9D20B7803704B78437017
:102220008B78837060467047024B01461868FEF752
:1022300029BE00BF0C000020024B01461868FFF7C2
:102240009BBE00BF0C0000202DE9F84F92461F46B0
:102250000A698B680C469A42B8BF1A46CAF8002031
:1022600091F843300646DDF8289013B10132CAF8E0
:102270000020226891065FD5DAF800300233CAF8F0
:102280000030226812F0060F11461DD1E168994214
:10229000D8BF114618DD4FF0000804F1190B05E016
:1022A000E568DAF80030ED1A45450CDD01235A46A1
:1022B00039463046C847013008F10108F0D14FF0E7
:1022C000FF30BDE8F88F216894F84330003B18BF19
:1022D00001238A060AD53021E21882F8431094F8C7
:1022E00045105A1C2244023382F8431039463046C6
:1022F00004F14302C8470130E1D0D4E90220236849
:10230000DAF8005003F00603042B21691BD08A423F
:1023100020DD4FF00008521A904400251A3401E0E5
:10232000454517DA0123224639463046C847013071
:1023300005F10105F4D1C2E712F0060F0DD0003B04
:1023400018BF0123D2E7401B8A4220EAE078E2DC92
:102350000028E2DC0020BDE8F88FE168DAF8003000
:102360009942D8BF114696DCAEE700BF2DE9F04791
:1023700017460A7E84B00C46064698460C9D01F12D
:10238000430C002A35D0A2F15803D9B2202969D8CC
:10239000202B67D8DFE813F0E600660066006600D1
:1023A0006600660066006600660066006600AC00B7
:1023B00070006600660066006600700066006600D9
:1023C0006600660021008300C60066006600B60055
:1023D0006600830066006600EC002B682268181D0A
:1023E0006169286010061B6802D4520600F1E08083
:1023F00019600023E14623613B4621463046CDF873
:10240000008003AAFFF720FF013020D04A4639465A
:1024100030462369C047013019D02368E0689B0724
:10242000DDF80C9018D5484516DD002504F1190A91
:1024300004E0E068A0EB0903AB420DDD0123524646
:1024400039463046C047013005F10105F1D14FF062
:10245000FF3004B0BDE8F0874845B8BF484604B037
:10246000BDE8F087012084F8422004F142090023EE
:10247000206184F84330BFE72A682368111D1806DD
:10248000296002D4590600F19580106801460028A1
:102490006268C0F293804FF00A0E534815E020683E
:1024A0002B6810F0800F53F8041B02D1400648BF80
:1024B00089B26F2A14BF4FF00A0E4FF0080E4A4837
:1024C0002B600023626884F84330002AA26051DB4D
:1024D000236823F00403236000294BD1002A7BD119
:1024E000E146BEF1080F56D0ACEB0903236183E748
:1024F0002A680120116804322A6004F1420984F834
:102500004210B4E72B6800211A1D2A60D3F800900E
:102510006268484600F0F8F8002863D0A0EB090094
:102520006060A4E7236843F02003236078222F48EB
:1025300084F845202A6813F0800F52F8041B03D159
:1025400013F0400F18BF89B22A60DA0744BF43F086
:102550002003236019B9236823F0200323604FF080
:10256000100EAEE75823204884F845302368E1E791
:102570002368DBE77546E146B1FBF5F30A4605FB48
:10258000131A194610F80A30AA4209F8013DF3D28D
:10259000BEF1080FA8D12368DD07A5D562682369BD
:1025A0009A42A1DC302309F1FF3989F800309BE71A
:1025B00019801EE7B2F90010084668E72D20002AAE
:1025C000A26084F8430002DB23F0040323600A25A1
:1025D0000548AE464942CEE7037804F1420984F843
:1025E00042307EE7606842E7AC990008C099000875
:1025F000704700BF704700BF70B5B1F90C300C4692
:10260000990796B007D5012204F14703C4E90432C3
:10261000236016B070BDB4F90E100546002929DB01
:102620006A4601F04FFB002822DB4FF48061284608
:10263000019EFEF727FC88B3A38906F4704643F099
:102640008003A3814FF48063B6F5005FC4E90403FF
:102650002060DED12846B4F90E1000F0C5F800283D
:10266000D7D0A38923F0030343F00103A381D0E76C
:10267000B4F90C3013F0800F14BF40264FF480667D
:1026800028463146FEF7FEFB40B1A389C4E90406A3
:1026900043F080032060A38116B070BDB4F90C3004
:1026A0009A05B6D4012123F0030304F1470243F055
:1026B0000203C4E90421A3812260AAE770B50C4695
:1026C000B1F90E10154600291E4696B00FDB6A467A
:1026D00001F0F8FA00280ADB019B4FF4806203F452
:1026E0007043A3F50053B3FA83F35B0907E0A289B3
:1026F000002312F0800F14BF40224FF480620020AC
:1027000033602A6016B070BD5FFA81FC810744D047
:102710000346511E22B909E09A0709D0013905D3B1
:102720001846027801336245F6D1704700207047A1
:10273000184603290CD80029F8D00346014401E0CB
:102740008B42F3D0184613F8012B6245F8D170473D
:1027500010B50CEB0C24024604EB044402E00439EF
:10276000032915D9104652F8043B6340A3F1013EFA
:102770002EEA030313F0803FF1D00346014401E049
:102780008B4208D0184613F8012B6245F8D110BDD2
:1027900010460029F1D1002010BD1146C9E700BF45
:1027A0000EB400B582B003AB53F8042B81680193DB
:1027B00000F068F802B05DF804EB03B0704700BFAA
:1027C0000FB400B5074A83B004AB106853F8042B6C
:1027D0008168019300F056F803B05DF804EB04B093
:1027E000704700BF0C000020002238B5064D04469B
:1027F00008462A6006F0ACFB431C00D038BD2B68AD
:10280000002BFBD0236038BD340300209368013BCC
:10281000002B936005DAD2F818C0634507DB0A295C
:1028200005D01368581C106008461970704700F0F6
:1028300063B900BF9BB1F8B5134406460F46541E5A
:102840005D1E01E0AC4208D03A46304614F8011F44
:10285000FFF7DCFF431CF5D1F8BD0020F8BD0020D8
:10286000704700BF936810B514461BB91846002383
:10287000636010BD00F082FF0023A360002363604B
:1028800010BD00BF2DE9F04FA1B08B4691461C460C
:10289000049018B1036A002B00F01381BBF80C30D0
:1028A000180740F18E80DBF81030002B00F0898093
:1028B000002343F220020D9399F800300127824E45
:1028C0000794ADF83920002B73D04D4603E015F87E
:1028D000013F002B7FD0252BF9D1B5EB090A7DD123
:1028E0002B78002B65D000234FF0FF320135CDE966
:1028F000092308930B938DF863301E9306E0254659
:10290000089B801B07FA00F0034308932C4605221E
:1029100014F8011B3046FFF7F7FEA1460028EED160
:10292000089BD90644BF20228DF863201A0748BFB0
:102930002B22297848BF8DF863202A2964D1079A71
:102940001168043200290792C0F296800B916978D1
:102950002E296FD05D4C03222046FFF7D5FE38B1FB
:102960004022089B001B8240134309F10109089390
:1029700019F8011B062256488DF83810FFF7C4FEDF
:1029800000287FD0534B002B69D007A900915A46ED
:102990000498514B08A9FDF7ADFF0390039B013349
:1029A00007D00D9B039A13440D9399F80030002B28
:1029B0008BD1BBF80C305B060AD40D9821B0BDE872
:1029C000F08F59460498FFF757FB00283FF470AF8B
:1029D0004FF0FF30F2E7B5EB090AEAD009F1FF3812
:1029E00005954546DDF8108001E0A2453ED92C460C
:1029F0005A46404615F8011FFFF708FF0234013020
:102A0000A4EB0904F1D1D4E7A1F13002092A88BF6F
:102A1000A9469DD80B9B00E00134217803EB83038A
:102A200002EB4303A1F13002092AF5D92E29A14670
:102A30000B938FD199F801102A292DD1079B09F109
:102A400002001A680433002A0793B8BF4FF0FF331F
:102A500099F8021009928146B8BF09937AE7079B5B
:102A6000073323F00703083307939AE70D99059D71
:102A700051442B780D9134E7494243F002030B9106
:102A8000089364E707A900915A460498124B08A9D5
:102A9000FFF76CFC039081E70023A1F13002092AC3
:102AA00009F1010909933FF655AF19F8011F03EB2E
:102AB000830302EB4303A1F13002092AF5D90993FC
:102AC00048E7FDF7F5FCE9E6D4990008DC99000831
:102AD000E0990008F5080008352800088C4600B584
:102AE00086461346034A714610685DF804EB624659
:102AF000FFF7C8BE0C000020F8B506460D46144688
:102B000010B1036A002B37D0A269A389A2601A070B
:102B100019D52369BBB122686169D31AEDB2994214
:102B20002F4620DD0133A1680139A160511C2160CD
:102B3000157062699A420DD0A389DB0701D50A2D71
:102B400008D03846F8BD21463046FFF795FA38B927
:102B50002369E0E721463046FDF7ACFD0028F0D0C0
:102B60004FF0FF37EDE721463046FDF7A3FD002883
:102B7000F6D101232268D6E7FDF79AFCC4E700BF2F
:102B800003460A46024908681946FFF7B5BF00BF69
:102B90000C000020144600B51A460A4B0D461B686F
:102BA00085B0DE6803464CB10749019130460749BC
:102BB0000294009501F040F800F056FF04490C46DD
:102BC000F3E700BF0C000020E8990008F89900081E
:102BD000B098000808B513460022FFF7DBFF00BFDE
:102BE00070B5C66905460C465EB1F368A3B153F8EB
:102BF0002400E8B1026843F824200023C0E903332D
:102C000070BD1020FFF710FB0646E861E8B1002315
:102C1000C0E90033C0E9023321220421284600F034
:102C20003DFFEB69F060DB68002BE0D1002070BD58
:102C30000121284601FA04F56A1D920000F02EFFDA
:102C40000028F3D0C0E90145D7E702466B21024BCB
:102C50000248FFF79FFF00BF54990008289A000818
:102C600070B5C66905460C464EB13CB1EB69626869
:102C7000DB6853F82210216043F8224070BD102019
:102C8000FFF7D2FAE86120B1C0E90066C0E9026648
:102C9000EBE702468F21024B0248FFF77BFF00BFA4
:102CA00054990008289A00082DE9F0414FF0000ED1
:102CB0000E461C460D69074601F1140001680EF12D
:102CC000010E8BB202FB0343090C4FEA134C02FBCB
:102CD00001CC9BB203EB0C43754540F8043B4FEA33
:102CE0001C44EBDC3CB1B368AB4207DD06EB85036B
:102CF00001355C6135613046BDE8F0817168384668
:102D00000131FFF76DFF804690B1326906F10C0189
:102D1000023292000C30FFF711FA3146464638462F
:102D2000FFF79EFF06EB850301355C613561E2E745
:102D30000246BA21014B0248FFF72CFF9899000880
:102D4000289A00082DE9F8431E460C462649083308
:102D5000174681FB032C092E4FEAE3730546C3EBAC
:102D60006C0339DD4FF0010C00214FEA4C0C634538
:102D700001F10101F9DC2846FFF732FF014668B393
:102D8000089B092F43614FF00103036112DC0927FF
:102D90000A34BE420BDDF61B264414F8013B0A221E
:102DA0002846303BFFF780FFB4420146F5D1084684
:102DB000BDE8F88304F10909C8463C4418F8013B12
:102DC0000A222846303BFFF76FFFA0450146F5D1A8
:102DD000A7F108044C44DCE70021CCE70246D321EC
:102DE000024B0348FFF7D6FE398EE3389899000866
:102DF000289A0008B0F5803F03463ABF1020834070
:102E00000020B3F1807F3CBF1B020830B3F1805F2C
:102E10003CBF1B010430B3F1804F03D3002B06DB12
:102E2000013070479B0003D45B0003D4202070471F
:102E300002307047033070470368014613F0070201
:102E400009D0DA0721D498074BBF5B089B08012003
:102E500002200B60704798B2A0B11046DAB20AB9EE
:102E600008301B0A1A0704BF1B0904309A0704BF65
:102E70009B080230DA0703D45B0800F1010006D09A
:102E80000B6070471020C340E8E700207047202007
:102E9000704700BF10B50C460121FFF7A1FE0246A6
:102EA00018B10123C0E9043410BD40F24511024BB2
:102EB0000248FFF76FFE00BF98990008289A0008A3
:102EC0002DE9F04FD1F8108015690E46A8459246BD
:102ED00085B005DB2A46534645468A4690461E463F
:102EE000DAF80830DAF8041005EB0804A342B8BF9A
:102EF0000131FFF775FE002800F0898000F114070A
:102F000007EB840E774505D23B46002243F8042B9D
:102F10009E45FBD8143606EB88080AF1140946458D
:102F200009EB850566D2A5EB0A03153B23F00303E5
:102F30000AF1150A043355452CBF9B464FF0040B8C
:102F4000CDF808E08246AE46039405E0090C2AD18C
:102F5000B04507F104074AD956F8041B8DB2002D7D
:102F6000F4D0CC463C46002301965CF8040B216863
:102F700086B28AB205FB0622000C090C05FB001183
:102F80001A4401EB124192B242EA0142E64544F88A
:102F9000042B4FEA1143E8D8019E47F80B3056F84E
:102FA000041C090CD4D000223B6848461D463C4610
:102FB000944602889BB201FB02C202EB154243EA2F
:102FC000024344F8043B50F8043B25684FEA134C95
:102FD000ABB201FB0C33704503EB12434FEA134CC9
:102FE000E7D3B04547F80B3007F10407B4D8DDE963
:102FF00002E45046002C02DC05E0013C03D05EF800
:10300000043D002BF9D0046105B0BDE8F08F024605
:103010004FF4B171014B0248FFF7BCFD98990008CD
:10302000289A00082DE9F04112F0030314460746E0
:1030300082B02DD10E46A4101CD0FA698AB39568CF
:10304000002D39D0E3074FF0000806D4641011D0EA
:10305000286898B10546E307F8D531462A46384630
:10306000FFF72EFF0346314638461E46FFF7F8FDB0
:103070006410EDD1304602B0BDE8F0812A46294601
:103080003846FFF71DFF28600546C0F80080E2E7DC
:10309000184A013B52F823200023FFF705FE06469D
:1030A000C9E71020FFF7C0F80246F861E0B100233D
:1030B000C0E90033C0E90233012138460192FFF72D
:1030C0008FFD019A054640B1012340F27121C0E90C
:1030D0000431002390600360B4E7024640F24511DA
:1030E000054B0648FFF756FD40F2B311044B034869
:1030F000FFF750FD9895000898990008289A000855
:10310000549900082DE9F0470D462F69AB6807EB8D
:1031100062177C1C9C429146064649684FEA621A37
:1031200004DD5B009C4201F10101FADC3046FFF74F
:1031300057FD804600284ED0BAF1000F00F1140070
:103140000EDD034600210AF105024FEA820C08EB6E
:10315000820243F8041B9342FBD1ACF114031844E0
:10316000296905F1140319F01F0903EB81012AD025
:1031700084464FF0000AC9F1200E1A6802FA09F2DB
:1031800042EA0A024CF8042B53F8042B994222FA23
:103190000EFAF2D84B1B153B23F00303043305F161
:1031A0001502914238BF042340F803A0BAF1000F82
:1031B00000D13C4630462946C8F81040FFF750FD84
:1031C0004046BDE8F087043853F8042B994240F894
:1031D000042FF9D8EDE702464FF4EF71014B024896
:1031E000FFF7D8FC98990008289A000884460B69D4
:1031F0000069C01A15D10CF1140C14310CEB8302C8
:1032000010B401EB830301E0944508D252F8044D59
:1032100053F8041D8C42F7D004D24FF0FF3010BC9D
:1032200070477047012010BC704700BF2DE9F04F78
:1032300014460A6923698846D21A002A83B040F0EE
:10324000888001F1140604F1140202EB830206EBFC
:10325000830301E09E427FD253F8045D52F8041DBF
:103260008D42F7D076D323460025444698466168C0
:10327000FFF7B6FC002800F0898000F114094946E8
:103280004FF0000C2769D8F8106004F1140B08F116
:10329000140EC56004F110020EEB86060BEB870AD4
:1032A000CDF804B05EF8044B52F8045F1FFA84FBBB
:1032B000ABB2A3EB0B03240C6344C4EB154404EB47
:1032C00023449BB243EA0443764541F8043B4FEA6A
:1032D000244CE7D808F115018E4234BF00210121AA
:1032E000A6EB0806153EB608002906F101024FEAD2
:1032F000820208BF0422DDF804B00BEB0204A245F1
:103300004A4434D915462146E04651F8046BB3B21D
:1033100063444FEA164E0EEB234E06EB08039BB2B6
:1033200043EA0E438A454FEA2E4C45F8043BEBD85E
:103330000AF1FF3AAAEB040A2AF0030A524423B91D
:1033400052F8043D013F002BFAD0076103B0BDE8FD
:10335000F08F88DA01258AE70021FFF741FC70B180
:1033600001220023C0E9042303B0BDE8F08F002947
:103370004FEA860608BF002609EB0602DFE7024691
:1033800040F23721054B0648FFF704FC024640F2A5
:103390004521024B0248FFF7FDFB00BF989900084A
:1033A000289A0008124B0A460B40A3F15073002BD9
:1033B00003DD00221946104670475B42B3F1A07F3F
:1033C0004FEA235106DA4FF4002300220B4119463D
:1033D0001046704714391E29D4BF4FF00042012215
:1033E0004FF00003D8BFCA4010461946704700BFCF
:1033F0000000F07FF8B5046900F1140202EB8404C8
:1034000054F8045C261F2846FFF7F4FC0346C0F17D
:1034100020000A2B086030DDB242A3F10B071AD25C
:1034200054F8083C1FB3C7F1200C23FA0CF1BD403F
:1034300045EA0106A4F1080546F07F51AA4203FAC5
:1034400007F341F4401116D254F80C2C22FA0CF276
:1034500013431846F8BD0B2B08D0002305FA07F7D5
:1034600047F07F51184641F44011F8BD002345F064
:103470007F5141F440111846F8BDB2422CBF0022E2
:1034800054F8082CC3F10B0703F1150325FA07FCC8
:1034900038BFFA4005FA03F34CF07F511343184646
:1034A00041F44011F8BD00BFF0B5012183B01646CC
:1034B0001F46FFF795FB0546002847D0C7F30A547F
:1034C000C7F313030CB143F48013002E019314D1FE
:1034D00001A8FFF7B1FC0122019B20306B612A613A
:1034E00014B3089BA4F2334404441C60099BC0F14C
:1034F00035001860284603B0F0BD68460096FFF717
:103500009BFC019B00B30099C0F1200203FA02F278
:10351000C34001930A43002B6A610CBF01220222BF
:10352000AB612A61002CDCD105EB8201A0F23243B1
:10353000086908990B60FFF75DFC099BC0EB42101E
:103540001860284603B0F0BD009AE4E7024640F256
:103550000F31024B0248FFF71DFB00BF989900088E
:10356000289A00082DE9F04383B0884669468146D1
:10357000FFF740FF04460D46404601A9FFF73AFF1A
:10358000D9F81030D8F81020A3EB020CDDE9003296
:103590009B1A03EB4C13002B0BDD05EB03573D4649
:1035A00002460B462046294601F0AAF803B0BDE8C2
:1035B000F083C3EB033301EB03594946F0E700BF47
:1035C000172870B506460ADD002000240749084D7B
:1035D00022462B4600F06AFF013EF9D170BD054B33
:1035E00003EBC003D3E9040170BD00BF0000F03F4E
:1035F000000024409895000801F1FF3C116902F198
:1036000014034FEA6C1C03EB81010CF1010C8B429B
:1036100000EB8C0C16D210B5A0F1040E53F8044B3D
:1036200099424EF8044FF9D88B1A153B23F0030347
:1036300004331844844504D9002340F8043B8445EE
:10364000FBD810BD844505D9002340F8043B8445D0
:10365000FBD87047704700BF03694A11934200F1DD
:10366000140009DA00EB830302E053F8042DA2B939
:103670008342FAD80020704700EB8203F8DD11F096
:103680001F01F5D010B450F8224024FA01F28A400C
:10369000944208D0012010BC70470120704753F8B5
:1036A000042D002AF6D18342F9D8002010BC7047BF
:1036B000002238B5064D044608462A6005F0FCFB9A
:1036C000431C00D038BD2B68002BFBD0236038BDD5
:1036D0003403002010B50C46B1F90E1000F088FA42
:1036E000002803DB636D0344636510BDA38923F4E5
:1036F0008053A38110BD00BF002070472DE9F04129
:103700000C46B1F90C101F46CB05054616460BD4E6
:1037100021F48051A1813B4632462846B4F90E106F
:10372000BDE8F04100F0F8BAB4F90E10022300220F
:1037300000F0DCFAB4F90C10EAE700BF10B50C4653
:10374000B1F90E1000F0D2FAB4F90C30421C0EBFE1
:1037500023F4805343F480536065A38110BD00BF00
:10376000B1F90E1000F088B9F0307047004870478A
:103770004C010020004870474C0100209368002B4A
:1037800000F0F0802DE9F04FB1F90CC090461CF02C
:10379000080F81460C4683B02BD00B694BB31CF04D
:1037A0000207D8F8006032D04FF0000A5546D4F82E
:1037B00028B0216AAB4FC5B1BD422B46524628BF47
:1037C0003B464846D847002840F3C280D8F8083026
:1037D00082441B1A2D1AC8F80830002B00F0AE8066
:1037E000D4F828B0216A002DE6D1D6E900A5083624
:1037F000E1E721464846FEF73FFC002840F0AD8057
:10380000B4F90CC0D8F800601CF00207CCD11CF051
:10381000010A63D157462368A16818468B46002FDA
:1038200058D01CF4007F00F0B180B9420A4600F283
:10383000DD801CF4906F2FD0216962695D1A02EB64
:10384000420202EBD2726B1C52103B44934292BF75
:1038500093469B461A461CF4806F00F0E6801146A2
:103860004846FDF70FFB002800F0F5802A46216945
:103870000190FEF763FCA289019B22F4906242F062
:103880008002A2815819C4F814B0ABEB05053A4682
:10389000BB462361A56020603D460027514601924A
:1038A00000F010F9A1682368019AA1EB0B011A44FA
:1038B000A1602260D8F80830AA445B1BC8F8083021
:1038C000002B3BD02368A16818468B46B4F90CC086
:1038D000002FA6D1D6E900A708369EE73846BB469A
:1038E0003D46002D40D0002845D03A46D4E904C3D7
:1038F0002068AA4228BF2A466045A16804D901EB86
:10390000030A524500F38280934272DC5A464846CD
:10391000216AD4F828C0E047B0F1000A18DDB7EBFF
:103920000A070FD00120D8F80830D344A3EB0A03CC
:10393000A5EB0A05C8F80830002BD2D1002003B04F
:10394000BDE8F08F21464846FCF7B4FE0028EAD0D7
:10395000B4F90C3043F04003A3814FF0FF3003B0C3
:10396000BDE8F08F00207047756833460836002D9B
:10397000FAD0D3F800B02A460A215846FEF7C4FE12
:10398000002865D00130A0EB0B07AEE722699A4210
:1039900014D36569BD4211D86FF00043BB4228BF04
:1039A0003B4693FBF5F3524605FB03F34846A56AF5
:1039B000216AA847051ECBDD7F1B7BE7B94228BFE4
:1039C00039460D46184651462A4600F07BF8A16854
:1039D0002368491B2B44A16023600029ECD12146B8
:1039E0004846FCF767FE0028E6D0B1E7BB463A46FA
:1039F00052E75946019200F065F8019AA368924691
:103A00009B1AA36023681344236088E759465246F3
:103A100000F058F823682146534448462360FCF7D9
:103A200049FE00283FF47BAF92E7484600F018F9C2
:103A3000034600287FF426AF48462169FEF79CFA2A
:103A40000C22B4F90C30C9F8002023F0800381E780
:103A50006A1C17464AE70C22B4F90C30C9F800205A
:103A600078E700BF00FCFF7F062008B500F028FAC9
:103A7000012005F04FFA00BF002238B5064D04467C
:103A800008462A6005F05CFA431C00D038BD2B685C
:103A9000002BFBD0236038BD3403002070B5A1FBA0
:103AA000025454B92946FDF7EDF9064618B12A46E5
:103AB0002146FCF725FD304670BD0C220026026031
:103AC000F9E700BF88420ED98B1883420BD900EB6F
:103AD000020C002A6DD0624613F801CD994202F81B
:103AE00001CDF9D170470F2A0FD8034602F1FF3CF0
:103AF000002A5ED00CF1010C013B8C4411F8012B23
:103B0000614503F8012FF9D1704740EA01039B0793
:103B100050D1A2F1100370B501F1200C23F00F0574
:103B200001F1100E00F11004AC441B095EF8105CAA
:103B30000EF1100E44F8105C5EF81C5C103444F872
:103B40001C5C5EF8185C44F8185C5EF8145CE64592
:103B500044F8145CEAD1013312F00C0F01EB0311AD
:103B600002F00F0400EB031328D08E46043C24F02F
:103B700003064FEA940C1E441C1F5EF8045B44F8D5
:103B8000045FB442F9D10CF1010402F0030203EB2B
:103B9000840301EB840102F1FF3C4AB10CF1010CFA
:103BA000013B8C4411F8012B614503F8012FF9D139
:103BB00070BD7047034602F1FF3C9BE72246EAE7EF
:103BC00010B4034CD4F8E040A44610BC604700BFDA
:103BD0005C000020034649B1FF2A02D801200A7088
:103BE00070478A224FF0FF301A60704708467047CE
:103BF00038B50C46114600228446074D20462A60FF
:103C00001A46644605F08CF9431C00D038BD2B6879
:103C1000002BFBD0236038BD340300200CB400B56A
:103C200083B004AB53F8042B0193FEF72BFE03B0D3
:103C30005DF804EB02B070470EB400B5074A82B0DD
:103C400003AB0146106853F8042B0193FEF71AFEEC
:103C500002B05DF804EB03B0704700BF0C00002019
:103C60002DE9F041144641B30AB306460D4600F073
:103C700069F88442074602D8B4EB500F13D82146A6
:103C80003046FDF7FFF8804650B1BC422246294637
:103C900028BF3A46FEF752FA29463046FEF76CF93D
:103CA0004046BDE8F081A8464046BDE8F081A04608
:103CB000FEF762F94046BDE8F0811146BDE8F041EB
:103CC000FDF7E0B870B50026074D044608461146DA
:103CD0002E6005F038F9431C00D070BD2B68002B16
:103CE000FBD0236070BD00BF3403002038B50C4604
:103CF000114600228446074D20462A601A46644633
:103D000005F028F9431C00D038BD2B68002BFBD0F0
:103D1000236038BD3403002038B50C46114600221C
:103D20008446074D20462A601A46644601F080F911
:103D3000431C00D038BD2B68002BFBD0236038BD5E
:103D40003403002051F8043C181F002BBCBF0B5853
:103D5000C018704710B4034CD4F8E440A44610BC1B
:103D6000604700BF5C00002082B049B15AB16BB11E
:103D700013780B601278101E18BF012002B0704734
:103D800001A9002AF3D1104602B070476FF001007C
:103D9000F4E700BF38B5C46B0CB1002038BD8021FA
:103DA0000546FDF76FF80246E86330B1031F7C3229
:103DB00043F8044F9342FBD1EFE74FF0FF3038BD9B
:103DC00030B51F29054683B008D8C36B0C4653B1E4
:103DD00053F8240043F8242003B030BD16230360B9
:103DE0004FF0FF30F8E780210192FDF74BF8019A80
:103DF0000346E8630028F3D0011F00F17C05002092
:103E000041F8040FA942FBD1E2E700BF1F2938B5F2
:103E100005461ED8C26B0C466AB152F8213053B128
:103E2000012B06D0591C10D00021204642F8241046
:103E30009847002038BD284600F0F2F82246014697
:103E40002846BDE8384000F0D7B8162301202B6083
:103E500038BD16234FF0FF302B6038BD1F292BD8FB
:103E600038B5C36B0C460546A3B153F8242003EBC9
:103E700084034AB1511C0BD0012A07D000252046EB
:103E80001D609047284638BD012038BD032038BD4D
:103E9000022038BD8021FCF7F5FF0346E86340B1FE
:103EA00000201A1F03F17C0142F8040F8A42FBD163
:103EB000DBE74FF0FF3038BD4FF0FF30704700BFF9
:103EC00038B5134B1F281D681DD8EA6B044662B134
:103ED00052F820304BB1012B05D0591C0FD00021D6
:103EE00042F820109847002038BD284600F098F886
:103EF000224601462846BDE8384000F07DB816232A
:103F000001202B6038BD16234FF0FF302B6038BDE9
:103F10000C000020114B1F2870B51E6808D8F36BE9
:103F200004460D464BB153F8240043F8245070BDAD
:103F3000162333604FF0FF3070BD80213046FCF710
:103F4000A1FF0346F0630028F4D00021021F7C305B
:103F500042F8041F8242FBD1E5E700BF0C000020BD
:103F600038B50B4B1D68EC6B0CB1002038BD8021BF
:103F70002846FCF787FFE86338B1031F00F17C0295
:103F800043F8044F9342FBD1EFE74FF0FF3038BDC9
:103F90000C00002038B5174B1F281D6826D8044692
:103FA000E86BA0B150F8242000EB84034AB1511C07
:103FB0000BD0012A07D0002520461D6090472846D7
:103FC00038BD012038BD032038BD022038BD802116
:103FD0002846FCF757FFE86340B10021031F00F1BA
:103FE0007C0243F8041F9342FBD1DBE74FF0FF3024
:103FF00038BD00BF0C00002070B50026074D0446F8
:10400000084611462E6004F07DFF431C00D070BDB1
:104010002B68002BFBD0236070BD00BF3403002051
:1040200004F06EBF38B5044600F01AF82146054684
:10403000204600F0E7FF20B92046002100F0BAFF3B
:1040400008B9284638BDFCF777FB2122034600213A
:104050001A60084600F0C4FE0546284638BD00BF79
:1040600020F00042B2F1FF4FF8B504464ED2002ACC
:1040700043D00028034650DB10F0FF423ED0C1156C
:104080000024C3F31602A1F17F05CB074FF0190EF0
:104090004FF0807C214642F4000258BF52006D1060
:1040A000520001EB0C039342CFBF134603EB0C010C
:1040B0006444D31ABEF1010E4FEA43024FEA5C0C8E
:1040C000EFD1ABB11A4E3068716800F0CBFC3768A5
:1040D0000146384600F078FF50B13068716800F052
:1040E000C3FC36680146304600F064FFE0B102349C
:1040F000601000F17C5000EBC550F8BD5B00180269
:10410000114602F10102F9D54942B9E7014600F032
:10411000B3FD214600F0A8FCF8BD014600F0A2FC6A
:10412000014600F05DFEF8BD013424F00104DFE734
:10413000C497000881F0004102E000BF83F0004313
:1041400030B54FEA41044FEA430594EA050F08BF32
:1041500090EA020F1FBF54EA000C55EA020C7FEAF6
:10416000645C7FEA655C00F0E2804FEA5454D4EB73
:104170005555B8BF6D420CDD2C4480EA020281EA3D
:10418000030382EA000083EA010180EA020281EA75
:104190000303362D88BF30BD11F0004F4FEA0131C7
:1041A0004FF4801C4CEA113102D0404261EB4101D6
:1041B00013F0004F4FEA03334CEA133302D052425C
:1041C00063EB430394EA050F00F0A780A4F1010418
:1041D000D5F1200E0DDB02FA0EFC22FA05F2801852
:1041E00041F1000103FA0EF2801843FA05F3594138
:1041F0000EE0A5F120050EF1200E012A03FA0EFCB7
:1042000028BF4CF0020C43FA05F3C01851EBE371E0
:1042100001F0004507D54FF0000EDCF1000C7EEBFD
:1042200000006EEB0101B1F5801F1BD3B1F5001F3B
:104230000CD349085FEA30004FEA3C0C04F101045A
:104240004FEA445212F5800F80F09A80BCF1004F83
:1042500008BF5FEA500C50F1000041EB045141EA05
:10426000050130BD5FEA4C0C404141EB0101013CCE
:1042700028BFB1F5801FE9D291F0000F04BF0146BD
:104280000020B1FA81F308BF2033A3F10B03B3F18F
:1042900020020CDA0C3208DD02F1140CC2F10C021F
:1042A00001FA0CF021FA02F10CE002F11402D8BF7D
:1042B000C2F1200C01FA02F120FA0CFCDCBF41EA49
:1042C0000C019040E41AA2BF01EB0451294330BD18
:1042D0006FEA04041F3C1CDA0C340EDC04F11404F5
:1042E000C4F1200220FA04F001FA02F340EA0300CC
:1042F00021FA04F345EA030130BDC4F10C04C4F112
:10430000200220FA02F001FA04F340EA03002946F1
:1043100030BD21FA04F0294630BD94F0000F83F43B
:10432000801306BF81F480110134013D4EE77FEA1E
:10433000645C18BF7FEA655C29D094EA050F08BF6A
:1043400090EA020F05D054EA000C04BF194610464B
:1043500030BD91EA030F1EBF0021002030BD5FEA8F
:10436000545C05D14000494128BF41F0004130BDB7
:1043700014F580043CBF01F5801130BD01F000450B
:1043800045F0FE4141F470014FF0000030BD7FEA7E
:10439000645C1ABF194610467FEA655C1CBF0B4679
:1043A000024650EA013406BF52EA033591EA030F90
:1043B00041F4002130BD00BF90F0000F04BF002188
:1043C000704730B54FF4806404F132044FF00005BB
:1043D0004FF0000150E700BF90F0000F04BF002134
:1043E000704730B54FF4806404F1320410F000459A
:1043F00048BF40424FF000013EE700BF42004FEA95
:10440000E2014FEA31014FEA02701FBF12F07F4311
:1044100093F07F4F81F06051704732F07F4208BFC8
:10442000704793F07F4F04BF41F40021704730B5CF
:104430004FF4607401F0004521F000411CE700BF1B
:1044400050EA010208BF704730B54FF000050AE09E
:1044500050EA010208BF704730B511F0004502D59F
:10446000404261EB41014FF4806404F132045FEAA1
:10447000915C3FF4D8AE4FF003025FEADC0C18BF4A
:1044800003325FEADC0C18BF033202EBDC02C2F13C
:10449000200300FA03FC20FA02F001FA03FE40EACE
:1044A0000E0021FA02F11444BDE600BF70B54FF0D2
:1044B000FF0C4CF4E06C1CEA11541DBF1CEA1355B0
:1044C00094EA0C0F95EA0C0F00F0DEF82C4481EA18
:1044D000030621EA4C5123EA4C5350EA013518BF38
:1044E00052EA033541F4801143F4801338D0A0FB25
:1044F00002CE4FF00005E1FB02E506F00042E0FBD2
:1045000003E54FF00006E1FB03569CF0000F18BFD7
:104510004EF0010EA4F1FF04B6F5007F64F540747F
:1045200004D25FEA4E0E6D4146EB060642EAC62112
:1045300041EA55514FEAC52040EA5E504FEACE2E7F
:10454000B4F1FD0C88BFBCF5E06F1ED8BEF1004F82
:1045500008BF5FEA500E50F1000041EB045170BDFE
:1045600006F0004646EA010140EA020081EA030142
:10457000B4EB5C04C2BFD4EB0C0541EA045170BD3E
:1045800041F480114FF0000E013C00F3AB8014F1B8
:10459000360FDEBF002001F0004170BDC4F1000401
:1045A000203C35DA0C341BDC04F11404C4F1200582
:1045B00000FA05F320FA04F001FA05F240EA0200DD
:1045C00001F0004221F0004110EBD37021FA04F613
:1045D00042EB06015EEA430E08BF20EAD37070BDCD
:1045E000C4F10C04C4F1200500FA04F320FA05F02C
:1045F00001FA04F240EA020001F0004110EBD3702E
:1046000041F100015EEA430E08BF20EAD37070BD9D
:10461000C4F1200500FA05F24EEA020E20FA04F376
:1046200001FA05F243EA020321FA04F001F0004125
:1046300021FA04F220EA020000EBD3705EEA430E96
:1046400008BF20EAD37070BD94F0000F0FD101F0C5
:104650000046400041EB010111F4801F08BF013CFE
:10466000F7D041EA060195F0000F18BF704703F03C
:104670000046520043EB030313F4801F08BF013DC3
:10468000F7D043EA0603704794EA0C0F0CEA13557F
:1046900018BF95EA0C0F0CD050EA410618BF52EA39
:1046A0004306D1D181EA030101F000414FF000003F
:1046B00070BD50EA410606BF1046194652EA43064D
:1046C00019D094EA0C0F02D150EA013613D195EAC1
:1046D0000C0F05D152EA03361CBF104619460AD109
:1046E00081EA030101F0004141F0FE4141F4700113
:1046F0004FF0000070BD41F0FE4141F4780170BD03
:1047000070B54FF0FF0C4CF4E06C1CEA11541DBF67
:104710001CEA135594EA0C0F95EA0C0F00F0A7F869
:10472000A4EB050481EA030E52EA03354FEA013196
:1047300000F088804FEA03334FF0805545EA1313A9
:1047400043EA12634FEA022245EA111545EA106571
:104750004FEA00260EF000419D4208BF964244F108
:10476000FD0404F5407402D25B084FEA3202B61A27
:1047700065EB03055B084FEA32024FF480104FF4FB
:10478000002CB6EB020E75EB030E22BFB61A75466F
:1047900040EA0C005B084FEA3202B6EB020E75EB02
:1047A000030E22BFB61A754640EA5C005B084FEA6A
:1047B0003202B6EB020E75EB030E22BFB61A754637
:1047C00040EA9C005B084FEA3202B6EB020E75EB42
:1047D000030E22BFB61A754640EADC0055EA060E03
:1047E00018D04FEA051545EA16754FEA06164FEA46
:1047F000C30343EA52734FEAC2025FEA1C1CC0D1F2
:1048000011F4801F0BD141EA00014FF000004FF07E
:10481000004CB6E711F4801F04BF01430020B4F13F
:10482000FD0C88BFBCF5E06F3FF6AFAEB5EB030CF7
:1048300004BFB6EB020C5FEA500C50F1000041EBF4
:10484000045170BD0EF0004E4EEA113114EB5C04C1
:10485000C2BFD4EB0C0541EA045170BD41F4801194
:104860004FF0000E013C90E645EA060E8DE60CEA9C
:10487000135594EA0C0F08BF95EA0C0F3FF43BAFB9
:1048800094EA0C0F0AD150EA01347FF434AF95EA70
:104890000C0F7FF425AF104619462CE795EA0C0F54
:1048A00006D152EA03353FF4FDAE1046194622E721
:1048B00050EA410618BF52EA43067FF4C5AE50EAFB
:1048C00041047FF40DAF52EA43057FF4EBAE12E7EB
:1048D0004FF0FF3C06E000BF4FF0010C02E000BFCC
:1048E0004FF0010C4DF804CD4FEA410C7FEA6C5CAF
:1048F0004FEA430C18BF7FEA6C5C1BD001B050EA52
:10490000410C0CBF52EA430C91EA030F02BF90EA3C
:10491000020F0020704710F1000F91EA030F58BFFB
:10492000994208BF90422CBFD8176FEAE37040F05D
:10493000010070474FEA410C7FEA6C5C02D150EAFB
:10494000013C07D14FEA430C7FEA6C5CD6D152EAB6
:10495000033CD3D05DF8040B704700BF844610467B
:1049600062468C461946634600E000BF01B5FFF77A
:10497000B7FF002848BF10F1000F01BD4DF808ED4A
:10498000FFF7F4FF0CBF012000205DF808FB00BF1B
:104990004DF808EDFFF7EAFF34BF012000205DF875
:1049A00008FB00BF4DF808EDFFF7E0FF94BF0120C2
:1049B00000205DF808FB00BF4DF808EDFFF7CEFFC3
:1049C00094BF012000205DF808FB00BF4DF808ED02
:1049D000FFF7C4FF34BF012000205DF808FB00BFD3
:1049E0004FEA410C7FEA6C5C02D150EA013C0AD1EB
:1049F0004FEA430C7FEA6C5C02D152EA033C02D1DD
:104A00004FF0000070474FF0010070474FEA41023D
:104A100012F5001215D211D56FF47873B3EB625210
:104A200012D94FEAC12343F0004343EA505311F037
:104A3000004F23FA02F018BF404270474FF00000C9
:104A4000704750EA013005D111F0004008BF6FF007
:104A5000004070474FF00000704700BF80F00040FA
:104A600002E000BF81F0004142001FBF5FEA410346
:104A700092EA030F7FEA226C7FEA236C6AD04FEA46
:104A80001262D2EB1363C1BFD2184140484041408B
:104A9000B8BF5B42192B88BF704710F0004F40F43D
:104AA000000020F07F4018BF404211F0004F41F459
:104AB000000121F07F4118BF494292EA030F3FD025
:104AC000A2F1010241FA03FC10EB0C00C3F1200338
:104AD00001FA03F100F0004302D5494260EB4000C7
:104AE000B0F5000F13D3B0F1807F06D340084FEA32
:104AF000310102F10102FE2A51D2B1F1004F40EB27
:104B0000C25008BF20F0010040EA0300704749008E
:104B100040EB0000013A28BFB0F5000FEDD2B0FA2B
:104B200080FCACF1080CB2EB0C0200FA0CF0AABF4E
:104B300000EBC25052421843BCBFD04018437047EC
:104B400092F0000F81F4000106BF80F400000132F2
:104B5000013BB5E74FEA41037FEA226C18BF7FEAC9
:104B6000236C21D092EA030F04D092F0000F08BF0B
:104B70000846704790EA010F1CBF0020704712F0F2
:104B80007F4F04D1400028BF40F00040704712F131
:104B900000723CBF00F50000704700F0004343F096
:104BA000FE4040F4000070477FEA226216BF0846CC
:104BB0007FEA23630146420206BF5FEA412390EA8F
:104BC000010F40F4800070474FF0000304E000BF85
:104BD00010F0004348BF40425FEA000C08BF704736
:104BE00043F0964301464FF000001CE050EA0102FA
:104BF00008BF70474FF000030AE000BF50EA01020F
:104C000008BF704711F0004302D5404261EB4101FB
:104C10005FEA010C02BF84460146002043F0B64320
:104C200008BFA3F18053A3F50003BCFA8CF2083A45
:104C3000A3EBC25310DB01FA02FC634400FA02FC4E
:104C4000C2F12002BCF1004F20FA02F243EB020055
:104C500008BF20F00100704702F1200201FA02FCB7
:104C6000C2F1200250EA4C0021FA02F243EB0200AA
:104C700008BF20EADC7070474FF0FF0C1CEAD052EE
:104C80001EBF1CEAD15392EA0C0F93EA0C0F6FD0AF
:104C90001A4480EA010C400218BF5FEA41211ED08D
:104CA0004FF0006343EA501043EA5111A0FB013179
:104CB0000CF00040B1F5000F3EBF490041EAD3714E
:104CC0005B0040EA010062F17F02FD2A1DD8B3F1CA
:104CD000004F40EBC25008BF20F00100704790F039
:104CE000000F0CF0004C08BF49024CEA502040EA8B
:104CF00051207F3AC2BFD2F1FF0340EAC250704751
:104D000040F400004FF00003013A5DDC12F1190F8E
:104D1000DCBF00F000407047C2F10002410021FA00
:104D200002F1C2F1200200FA02FC5FEA310040F118
:104D3000000053EA4C0308BF20EADC70704792F091
:104D4000000F00F0004C02BF400010F4000F013AC9
:104D5000F9D040EA0C0093F0000F01F0004C02BFC4
:104D6000490011F4000F013BF9D041EA0C018FE733
:104D70000CEAD15392EA0C0F18BF93EA0C0F0AD039
:104D800030F0004C18BF31F0004CD8D180EA01005F
:104D900000F00040704790F0000F17BF90F0004FF8
:104DA000084691F0000F91F0004F14D092EA0C0FDA
:104DB00001D142020FD193EA0C0F03D14B0218BF6D
:104DC000084608D180EA010000F0004040F0FE40B3
:104DD00040F40000704740F0FE4040F4400070474F
:104DE0004FF0FF0C1CEAD0521EBF1CEAD15392EACE
:104DF0000C0F93EA0C0F69D0A2EB030280EA010CBE
:104E000049024FEA402037D04FF0805343EA111156
:104E100043EA10130CF000408B4238BF5B0042F1B4
:104E20007D024FF4000C8B4224BF5B1A40EA0C0059
:104E3000B3EB510F24BFA3EB510340EA5C00B3EB8B
:104E4000910F24BFA3EB910340EA9C00B3EBD10F79
:104E500024BFA3EBD10340EADC001B0118BF5FEACB
:104E60001C1CE0D1FD2A3FF650AF8B4240EBC250F4
:104E700008BF20F0010070470CF0004C4CEA5020B5
:104E80007F32C2BFD2F1FF0340EAC250704740F404
:104E900000004FF00003013A37E792F0000F00F0F6
:104EA000004C02BF400010F4000F013AF9D040EA74
:104EB0000C0093F0000F01F0004C02BF490011F408
:104EC000000F013BF9D041EA0C0195E70CEAD15300
:104ED00092EA0C0F08D142027FF47DAF93EA0C0FE7
:104EE0007FF470AF084676E793EA0C0F04D14B02CB
:104EF0003FF44CAF08466EE730F0004C18BF31F07D
:104F0000004CCAD130F000427FF45CAF31F0004376
:104F10007FF43CAF5FE700BF4FF0FF3C06E000BF0F
:104F20004FF0010C02E000BF4FF0010C4DF804CD32
:104F30004FEA40024FEA41037FEA226C18BF7FEA42
:104F4000236C11D001B052EA530C18BF90EA010F44
:104F500058BFB2EB030088BFC81738BF6FEAE170D3
:104F600018BF40F0010070477FEA226C02D15FEA6F
:104F7000402C05D17FEA236CE4D15FEA412CE1D0DB
:104F80005DF8040B704700BF844608466146FFE7A2
:104F90000FB5FFF7C9FF002848BF10F1000F0FBD84
:104FA0004DF808EDFFF7F4FF0CBF012000205DF87D
:104FB00008FB00BF4DF808EDFFF7EAFF34BF012002
:104FC00000205DF808FB00BF4DF808EDFFF7E0FF9B
:104FD00094BF012000205DF808FB00BF4DF808EDEC
:104FE000FFF7D2FF94BF012000205DF808FB00BF4F
:104FF0004DF808EDFFF7C8FF34BF012000205DF831
:1050000008FB00BF4FEA40024FEA41037FEA226CEF
:1050100002D15FEA402C08D17FEA236C02D15FEA1B
:10502000412C02D14FF0000070474FF00100704753
:1050300010B514464FF0FF3392B2024802F08FFCD5
:10504000204610BD6406002072B6FEE700B591B0A0
:105050002822002106A8FBF753FA002301930293AC
:10506000039304930593012206924FF48033079330
:105070000A9202220D920E934FF400230F9306A87A
:1050800001F0AAF878B90F230193022302930023B9
:10509000039304930593012101A801F0CFFA20B9ED
:1050A00011B05DF804FBFFF7CFFFFFF7CDFF000065
:1050B00008B501F063F8FFF7C9FF00F02DF800F024
:1050C00041FA00F073F90E4800F0B6FA0D48FBF70C
:1050D000FDF803F041FF0C4804F042F960B90B48B9
:1050E000FBF7F4F800F0B2F900F0F4F80848FBF729
:1050F000EDF803F03FFCFEE70648FBF7E7F8F1E7C1
:10510000E0050020CC97000854440020E8970008F0
:105110000C980008F897000830B589B00024049472
:10512000059406940794184B9A6942F010029A610C
:105130009A6902F010020192019A9A6942F00402FF
:105140009A619A6902F004020292029A9A6942F004
:1051500008029A619B6903F008030393039B0B4DBC
:1051600001224FF40051284601F0DCFC4FF40053BB
:1051700004930123059306940223079304A9284668
:1051800001F0C2FB09B030BD001002400010014028
:1051900070B51A48FBF79AF800240BE000234FF093
:1051A000FF3231461648006802F099FD00240220C3
:1051B00003F018FC04F11402124E04F1080106EB8E
:1051C000410106EB4202043106EB440000F05CFAB8
:1051D0000134A4B20C4D284600F038FD4FF0FF31E9
:1051E000284600F089FB284600F048FCB087284696
:1051F00000F050FE092CD1D8D9E700BF2098000854
:10520000D0050020380300203406002000B595B0FA
:105210000D48FBF75BF84FF0FF3204A90B4B186801
:1052200002F021FE694604A800F042F9BDF84C00E6
:1052300000F074F9039000234FF0FF3269460448F0
:10524000006802F04CFDE6E738980008D005002021
:10525000CC05002010B584B01548FBF737F80024C2
:105260004FF0FF326946134B186802F0FCFD0099BD
:1052700040F2011000F0BCF902994FF4817000F087
:10528000B7F9019940F2031000F0B2F90134132C80
:10529000E6D903994FF4827000F0AAF90398FFF75A
:1052A000ADF802460B460448FDF78AFAD7E700BF7F
:1052B00050980008CC05002064980008034B036058
:1052C000034B0B6080231360704700BF78050020FC
:1052D0007803002010B596B000223E21022002F093
:1052E000DAFC2C4C206000221021052002F0D3FCB7
:1052F000294B18602368002B39D0002840D0274C58
:105300000DF13C0CA646BEE80F00ACE80F009EE88D
:1053100007008CE8070000210FA803F030FB204BAA
:1053200018600DF1200C04F11C0EBEE80F00ACE873
:105330000F009EE807008CE80700002108A803F092
:105340001EFB184B18600DF1040E04F1380CBCE87C
:105350000F00AEE80F009CE807008EE80700002170
:1053600001A803F00CFB104B186016B010BD4FF0F5
:10537000500383F31188BFF36F8FBFF34F8FFEE7A6
:105380004FF0500383F31188BFF36F8FBFF34F8F3C
:10539000FEE700BFD0050020CC05002040950008A6
:1053A000DC050020D8050020D405002008B50B48F6
:1053B0000B4B03600B4B436000238360C3604FF4CF
:1053C0008042026143618361C361036201F09EFE1A
:1053D00000B908BDFFF738FEFBE700BFE00500207D
:1053E00000540040A086010010B586B0002302934F
:1053F0000393049305930268114B9A4201D006B0BF
:1054000010BD104CA36943F00803A361A36903F026
:1054100008030093009BC0230293122303930323EA
:10542000059302A9084801F06FFAE36943F40013F9
:10543000E361E36903F400130193019BDFE700BF1D
:105440000054004000100240000C014030B585B00F
:105450000023019302930393124A916941F400716E
:105460009161926902F400720092009A0E4C0F4A08
:105470002260A360237323754FF46022E2616360AE
:1054800001252561204600F081FC01950295072346
:10549000039301A9204600F0F5FA204600F0AAF98E
:1054A00005B030BD00100240340600200024014049
:1054B0002DE9F84380468946002500273E4600E056
:1054C0000135092D16DC38F91500FFF781FB04467C
:1054D0000146FFF7D1FB01463046FFF7C5FA064605
:1054E00024F0004439462046FFF782FD0028E7D02B
:1054F0002746E5E708493046FFF772FCFEF792FDC4
:105500000146C9F80000C9F804703846FFF768FC86
:10551000C9F80800BDE8F8830000204108B5FFF78E
:1055200053FB0549FFF7A8FB0449FFF759FC044961
:10553000FFF756FC08BD00BF3333534000F07F45F2
:105540000AD7233C08B50A480A4B03604FF4E133FD
:10555000436000238360C36003610C224261836166
:10556000C36102F0CCF900B908BDFFF76DFDFBE7A0
:10557000640600200038014010B586B00023029375
:105580000393049305930268174B9A4201D006B027
:1055900010BD03F558439A6942F480429A619A69B2
:1055A00002F480420092009A9A6942F004029A61E1
:1055B0009B6903F004030193019B4FF40073029372
:1055C0000223039303230593084C02A9204601F00C
:1055D0009BF94FF48063029300230393049302A981
:1055E000204601F091F9D2E700380140000801405F
:1055F00010B588B0044600910290002305930493EF
:10560000042206928DF81C30094803F04CFF002854
:10561000FAD001AB6A4602A9054803F0CFFE08B9EB
:1056200008B010BD21460348FDF7CAF8F8E700BFEF
:10563000544400208C9800082DE9F04186B0114DAB
:1056400028604FF008088DF817804FF0FF37029759
:10565000012401940DF11706009623462D22A62160
:1056600001F032FE8DF817800297019400962346D0
:105670003122A621286801F027FE002006B0BDE8EF
:10568000F08100BFAC06002070B586B006460D461E
:1056900014464FF0FF3302930623019304AB0093AB
:1056A00001233222A6210E48006801F0BFFE9DF8BA
:1056B00011209DF8103043EA022333809DF8132017
:1056C0009DF8123043EA02232B809DF815209DF8A7
:1056D000143043EA02232380002006B070BD00BFCF
:1056E000AC060020FEE7FEE7FEE7FEE7FEE77047B8
:1056F00008B5024800F023FC08BD00BFB00600203A
:1057000000B583B0114B9A6942F001029A619A691F
:1057100002F001020092009ADA6942F08052DA61E6
:10572000DB6903F080530193019B00220F216FF08E
:10573000010001F043FA064A536823F0E06343F0A6
:105740000073536003B05DF804FB00BF001002401B
:105750000000014030B589B00446224BDA6942F0BE
:105760000102DA61DB6903F001030193019B02A9E5
:1057700003A801F03FF8069BD3B901F01BF80346DC
:10578000194AA2FB03239B0C013B18484FF08042AF
:10579000026040F2E732C26043600023036183602D
:1057A000836100F0BDFC054630B1284609B030BD2C
:1057B00001F000F84300E3E70C4800F087FB0546E2
:1057C0000028F2D11C2001F009FA0F2C01D9012583
:1057D000EBE7002221461C2001F0F0F9044B1C608D
:1057E000E3E700BF0010024083DE1B43B006002049
:1057F000C801002070B582B00023019390F82430D6
:10580000012B72D00446012380F8243000F092FA74
:10581000204600F0D7F9054628B1002384F824304B
:10582000284602B070BDA36A23F4885323F0020314
:1058300043F00203A3622E4B1E68022000F0F8FF23
:10584000B6FBF0F67600019602E0019B013B019366
:10585000019B002BF9D12268936843F00803936001
:1058600000F09EFC064623689A6812F0080F14D0D8
:1058700000F096FC801B0A28F5D923689B6813F07A
:10588000080FF0D0A36A23F0120343F01003A362C1
:10589000002384F824300125C2E79A6842F004020C
:1058A0009A6000F07DFC064623689B6813F0040FA5
:1058B00014D000F075FC801B0A28F5D923689B687A
:1058C00013F0040FF0D0A36A23F0120343F0100387
:1058D000A362002384F824300125A1E7A36A23F002
:1058E000030343F00103A36297E7022598E700BF93
:1058F000CC01002070470000F0B583B005460C468F
:105900000023019300F04CFC2B689A6812F4807F0E
:1059100023D107465A6812F4807F03D1DB6A13F45F
:10592000700F29D0504B1E68022000F081FFB6FB9B
:10593000F0F62B6819694D4A114236D1D96802F147
:105940005C42114231D11969494A114240D1DA68A9
:10595000484B1A423ED0292341E0AB6A43F0200372
:10596000AB62002385F82430012003B0F0BD2B6822
:105970001B6813F0020F0FD02B681B6813F0020F87
:105980004FD1B4F1FF3FF7D0002CF0D000F008FC6D
:10599000C31BA342F0D9EAE7AB6A43F00403AB624E
:1059A000002385F824300320DFE71969304A1142CB
:1059B00004D1D96802F16E4211420DD019692E4A04
:1059C0000A405AB9DA682C4B13405BB1FC2306E05D
:1059D000292304E0142302E0542300E0FC2303FB0A
:1059E00006F607E05423FAE7019BB34210D3019B6C
:1059F00001330193019BB34213D2B4F1FF3FF6D0C0
:105A0000002CF1D000F0CCFBC01BA042EFD9EBE79B
:105A1000AB6A43F00403AB62002385F82430032013
:105A2000A3E72B686FF012021A60AB6A43F40073AD
:105A3000AB622B689B6803F46023B3F5602F01D041
:105A4000002092E7287B60B9AB6A23F48073AB62D5
:105A5000AB6A13F4805F88D1AB6A43F00103AB6299
:105A600083E7002081E700BFCC0100202449922475
:105A70009224491292244900499224000368D86C68
:105A80007047000030B482B00022019290F82420C8
:105A9000012A00F08F800346012280F824204A6802
:105AA000062A2DD80468606B02EB8202053A4FF09B
:105AB0001F0C0CFA02FC20EA0C000D6805FA02F239
:105AC000024362630A68092A38D91C68E06802EB5D
:105AD00042021E3A4FF0070C0CFA02FC20EA0C00BE
:105AE0008D6805FA02F20243E2600A68103A012A60
:105AF00034D90020002283F8242002B030BC704743
:105B00000C2A0DD80568286B02EB8202233A1F2469
:105B1000944020EA04000C68944020432863D1E7B5
:105B20000568E86A02EB8202413A1F24944020EAA9
:105B300004000C6894402043E862C3E71C682069B5
:105B400002EB42024FF0070C0CFA02FC20EA0C00B8
:105B50008D6805FA02F202432261C6E71A68164808
:105B6000824205D09A6A42F020029A620120C1E77F
:105B7000906810F4000F1BD1906840F40000906012
:105B80000A68102A01D00020B4E70C4A12680C49B8
:105B9000A1FB0212920C02EB82025200019202E07F
:105BA000019A013A0192019A002AF9D10020A1E755
:105BB00000209FE70220A0E700240140CC01002044
:105BC00083DE1B4330B583B00023019303689A68DA
:105BD00012F0010F33D104469A6842F001029A6034
:105BE000184B1B68184AA2FB03239B0C019302E08D
:105BF000019B013B0193019B002BF9D100F0D0FAEE
:105C0000054623689B6813F0010F16D100F0C8FA0F
:105C1000431B022BF5D923689B6813F0010FF0D1C9
:105C2000A36A43F01003A362E36A43F00103E36253
:105C3000002384F82430012002E0002000E000204E
:105C400003B030BDCC01002083DE1B4390F824302C
:105C5000012B68D010B50446012380F82430FFF7EB
:105C6000B1FF00285BD1A36A23F4407323F0010342
:105C700043F48073A36223682C4A934227D0A26A1C
:105C800022F48012A2625A6812F4806F05D0A26AD0
:105C900022F4405242F48052A262A26A12F4805F5F
:105CA0002BD0E26A22F00602E262002284F824206D
:105CB0006FF002021A6023689A6802F46022B2F55B
:105CC000602F1DD09A6842F480129A602AE0A2F5F3
:105CD0008062526812F4702FD1D0A26A42F480120E
:105CE000A262134A526812F4806FD6D0A26A22F4DC
:105CF000405242F48052A262CFE70022E262D4E72F
:105D00000A4A934204D09A6842F4A0029A6009E0D9
:105D1000A2F58062526812F4702FD3D1F3E700230A
:105D200084F8243010BD0220704700BF00280140D5
:105D30000024014038B503689A6812F0010F01D1C0
:105D4000002038BD04469A6822F001029A6000F0F3
:105D500027FA054623689B6813F0010F13D000F063
:105D60001FFA431B022BF5D923689B6813F0010F20
:105D7000F0D0A36A43F01003A362E36A43F0010387
:105D8000E3620120DDE70020DBE7000000287BD094
:105D900070B50446836A002B4DD02046FFF7CAFF3A
:105DA000A36A13F0100369D1002867D1A26A22F414
:105DB000885222F0020242F00202A2626268E169A5
:105DC0000A43217B42EA4102A568B5F5807F02D0F3
:105DD000012D36D01D46267D012E35D026687168EE
:105DE00021F46941294371602568AE682749314033
:105DF0001143A960A168B1F5807F01D0012902D1CA
:105E00002369013B1B052568E96A21F470010B43F6
:105E1000EB62236899681E4B0B409A4225D0A36A17
:105E200023F0120343F01003A362E36A43F001037B
:105E3000E362012027E0C36280F82430FFF75AFDB7
:105E4000ABE74FF48075C6E731B9A169013945EA7E
:105E5000413141F40065C1E7A16A41F02001A1622E
:105E6000E16A41F00101E162B8E70023E362A36A5D
:105E700023F0030343F00103A36204E0A36A43F0A9
:105E80001003A362012070BD01207047FDF7E1FF00
:105E9000FE0E1FFF90F82430012B13D010B50446DE
:105EA000012380F82430FFF745FF38B9A36A23F4B3
:105EB000885323F0010343F00103A362002384F815
:105EC000243010BD022070477047000090F83D302C
:105ED000DBB2012B27D1022380F83D300268D36862
:105EE00043F00103D3600368114A934210D0B3F129
:105EF000804F0DD0A2F59432934209D002F5806212
:105F0000934205D01A6842F001021A6000207047DF
:105F10009A6802F00702062A07D01A6842F00102C6
:105F20001A6000207047012070470020704700BFB2
:105F3000002C01407047704770477047704770B53C
:105F400004460368DE681D6915F0020F10D016F0D4
:105F5000020F0DD06FF002021A610123037703686C
:105F60009B6913F0030F5ED0FFF7E6FF0023237752
:105F700015F0040F12D016F0040F0FD023686FF045
:105F800004021A610223237723689B6913F4407F7C
:105F90004FD02046FFF7D0FF0023237715F0080FDE
:105FA00012D016F0080F0FD023686FF008021A61A4
:105FB000042323772368DB6913F0030F40D02046C6
:105FC000FFF7BAFF0023237715F0100F12D016F059
:105FD000100F0FD023686FF010021A610823237787
:105FE0002368DB6913F4407F31D02046FFF7A4FF1C
:105FF0000023237715F0010F02D016F0010F2DD1E9
:1060000015F0800F02D016F0800F2FD115F0400F41
:1060100002D016F0400F31D115F0200F02D016F04B
:10602000200F33D170BDFFF786FF2046FFF785FFB5
:106030009CE72046FFF77FFF2046FFF77EFFABE798
:106040002046FFF778FF2046FFF777FFBAE72046A4
:10605000FFF771FF2046FFF770FFC9E723686FF075
:1060600001021A612046FFF765FFC9E723686FF058
:1060700080021A61204600F080F8C7E723686FF0BD
:1060800040021A612046FFF759FFC5E723686FF009
:1060900020021A61204600F06FF8C3E703681F4A28
:1060A00090420AD0B0F1804F07D0A2F594329042CE
:1060B00003D002F58062904203D123F070034A6856
:1060C0001343164A90420AD0B0F1804F07D0A2F590
:1060D0009432904203D002F58062904203D123F4BF
:1060E0004073CA68134323F080034A691343036073
:1060F0008B68C3620B688362084B98420AD0012305
:106100004361036913F0010F03D0036923F0010316
:10611000036170470B690363F1E700BF002C014086
:1061200040B310B5044690F83D30F3B1022384F833
:106130003D30214651F8040BFFF7B0FF012384F8EE
:10614000463084F83E3084F83F3084F8403084F89C
:10615000413084F8423084F8433084F8443084F885
:10616000453084F83D30002010BD80F83C30FFF70A
:10617000ABFEDBE7012070477047704708B5074A60
:10618000136843F010031360032000F005FD0F2097
:10619000FFF7E0FAFFF7B4FA002008BD0020024044
:1061A000014B1868704700BFF806002082B0084B0A
:1061B0001B68084AA2FB03235B0A00FB03F301935D
:1061C00000BF019B5A1E0192002BF9D102B070470B
:1061D000CC010020D34D6210002800F0F18170B591
:1061E00082B00446036813F0010F2CD0994B5B6812
:1061F00003F00C03042B1DD0964B5B6803F00C03DB
:10620000082B12D06368B3F5803F41D0002B55D1E5
:1062100003F1804303F504331A6822F480321A60D4
:106220001A6822F480221A6037E08A4B5B6813F404
:10623000803FE7D0874B1B6813F4003F03D06368AF
:10624000002B00F0BF81236813F0020F75D0814B43
:106250005B6813F00C0F5FD07E4B5B6803F00C03A0
:10626000082B54D02369002B00F08A807A4B01223E
:106270001A60FFF795FF0546764B1B6813F0020F77
:1062800075D1FFF78DFF401B0228F5D903209EE151
:10629000704A136843F480331360636843B3FFF7B5
:1062A0007FFF05466B4B1B6813F4003FCBD1FFF714
:1062B00077FF401B6428F5D9032088E1B3F5A02FB0
:1062C00009D0644B1A6822F480321A601A6822F4EA
:1062D00080221A60E1E703F18043A3F53C331A689A
:1062E00042F480221A601A6842F480321A60D4E7BD
:1062F000FFF756FF0546574B1B6813F4003FA2D02B
:10630000FFF74EFF401B6428F5D903205FE1514B96
:106310005B6813F4803FA5D14E4B1B6813F0020F4E
:1063200003D02369012B40F04F814A4A136823F0C0
:10633000F803616943EAC1031360236813F0080F8F
:1063400033D0A369002B5CD0434B0122C3F88024D7
:10635000FFF726FF05463F4B5B6A13F0020F21D182
:10636000FFF71EFF401B0228F5D903202FE1394A11
:10637000136823F0F803616943EAC1031360DCE7A3
:10638000354B00221A60FFF70BFF0546314B1B68A7
:1063900013F0020FD1D0FFF703FF401B0228F5D9FD
:1063A000032014E10120FFF701FF236813F0040F1D
:1063B00000F09680274BDB6913F0805F34D1254BCA
:1063C000DA6942F08052DA61DB6903F080530193AD
:1063D000019B0125214B1B6813F4807F26D0E368C5
:1063E000012B3DD0002B53D103F1804303F504333F
:1063F0001A6A22F001021A621A6A22F004021A6270
:1064000033E0154B0022C3F88024FFF7C9FE054690
:10641000104B5B6A13F0020FC7D0FFF7C1FE401BA1
:106420000228F5D90320D2E00025D3E70B4A1368F0
:1064300043F480731360FFF7B3FE0646074B1B68F7
:1064400013F4807FCBD1FFF7ABFE801B6428F5D916
:106450000320BCE0001002400000424200700040F7
:106460005F4A136A43F001031362E36833B3FFF733
:1064700097FE06465A4B1B6A13F0020F2FD1FFF707
:106480008FFE801B41F288339842F3D903209EE0AF
:10649000052B09D0524B1A6A22F001021A621A6ABD
:1064A00022F004021A62E0E74D4B1A6A42F004023D
:1064B0001A621A6A42F001021A62D6E7FFF770FE0A
:1064C0000646474B1B6A13F0020F08D0FFF768FE21
:1064D000801B41F288339842F3D9032077E0E5B975
:1064E000E369002B72D03E4A526802F00C02082A7F
:1064F00056D0022B17D03B4B00221A66FFF750FEF6
:106500000446374B1B6813F0007F47D0FFF748FE67
:10651000001B0228F5D9032059E0314AD36923F042
:106520008053D361DCE72F4B00221A66FFF738FE59
:1065300005462B4B1B6813F0007F06D0FFF730FE9B
:10654000401B0228F5D9032041E0236AB3F5803FC0
:106550001AD023494B6823F47413226A606A0243F9
:1065600013434B601F4B01221A66FFF719FE0446C6
:106570001B4B1B6813F0007F0ED1FFF711FE001BB1
:106580000228F5D9032022E0154A536823F400338A
:10659000A1680B435360DCE7002018E0002016E000
:1065A000012B16D00E4B5B6803F48031226A9142B6
:1065B00011D103F47013626A93420ED1002006E0F9
:1065C00001207047012002E0012000E0002002B01D
:1065D00070BD0120FBE70120F9E70120F7E700BFCC
:1065E00000100240000042420F4B5B6803F00C02B7
:1065F000082A01D00D487047C3F383420C49885CD8
:1066000013F4803F0BD0084B5B68C3F34043094A47
:10661000D35C064A02FB00F0B0FBF3F07047064B78
:1066200003FB00F0704700BF0010024000127A0028
:106630006C9A0008689A000800093D00002800F0E4
:10664000A08070B50D460446524B1B6803F007034B
:106650008B420BD24F4A136823F007030B4313609E
:10666000136803F007038B4240F08D80236813F01A
:10667000020F17D013F0040F04D0474A536843F4B5
:10668000E0635360236813F0080F04D0424A536854
:1066900043F460535360404A536823F0F003A16809
:1066A0000B435360236813F0010F31D06368012B53
:1066B00020D0022B25D0384A126812F0020F64D085
:1066C00035494A6822F0030213434B60FFF768FD27
:1066D0000646314B5B6803F00C036268B3EB820F34
:1066E00016D0FFF75DFD801B41F288339842F0D948
:1066F000032045E0284A126812F4003FE0D101204F
:106700003EE0254A126812F0007FD9D1012037E01F
:10671000204B1B6803F00703AB420AD91D4A1368DC
:1067200023F007032B431360136803F00703AB4206
:106730002DD1236813F0040F06D0174A536823F4B1
:10674000E063E1680B435360236813F0080F07D040
:10675000114A536823F46053216943EAC10353602B
:10676000FFF742FF0C4B5B68C3F303130B4AD35C88
:10677000D8400B4B18600B4B1868FEF7EBFF00205E
:1067800070BD012070470120FAE70120F8E70120E1
:10679000F6E700BF0020024000100240989A00086F
:1067A000CC010020C8010020014B1868704700BFD1
:1067B000CC01002008B5FFF7F7FF044B5B68C3F37B
:1067C0000223034AD35CD84008BD00BF001002403A
:1067D000909A000808B5FFF7E7FF044B5B68C3F326
:1067E000C223034AD35CD84008BD00BF001002405A
:1067F000909A00080F2303600B4B5A6802F00302C3
:1068000042605A6802F0F00282605A6802F4E06264
:10681000C2605B68DB0803F4E0630361034B1B6841
:1068200003F007030B607047001002400020024095
:1068300008B502284ED0102803D0012828D0002007
:1068400052E02B4B5A68186810F080704CD0C2F39D
:1068500083432849C85C12F4803F15D0244B5B6801
:10686000C3F34043244AD25C244BB3FBF2F303FB53
:1068700000F01F4B5B6813F4800F35D14000204BB4
:10688000A3FB003040082FE01E4B03FB00F0F0E7B5
:10689000174B1B6A40F202321A40B2F5817F24D0B6
:1068A00003F44073B3F5007F04D0B3F5407F09D003
:1068B000002019E00E4A526A12F0020FF5D049F694
:1068C000404011E00A4B186810F400300CD04FF231
:1068D000244009E0FFF77EFF054B5B68C3F381337B
:1068E00001335B00B0FBF3F008BD4FF40040FBE761
:1068F00000100240809A00087C9A000800127A007A
:10690000ABAAAAAA00093D0070B582B00024A44633
:10691000A1E07E4DAB4214D00CD8A5F58015AB425A
:106920000FD005F57025AB420BD0A5F58015AB4215
:1069300010D106E0764DAB4203D005F58035AB4271
:1069400008D18B68002B50D0012B49D0426108241C
:1069500000E0CC68BEF1FF0F49D806464FEA8C0232
:1069600033680F25954023EA050304FA02F2134326
:1069700033604B6813F0805F6BD0664B9A6942F0CE
:1069800001029A619B6903F001030193019B4FEAA5
:106990009C02951C604B53F825600CF00305AD007C
:1069A0000F23AB4026EA03065C4B984226D003F542
:1069B0008063984200F08C8003F58063984200F079
:1069C000898003F58063984216D0042317E0CC68D1
:1069D0000434BFE7CC680834BCE7CC680C34B9E7B2
:1069E00002610824B6E70024B4E70424B2E7061DD8
:1069F000ACF108029200B3E7032300E00023AB40B0
:106A000033430232444D45F822304B6813F4801F63
:106A100062D0434A936843EA0E0393604B6813F4D1
:106A2000001F5FD03E4AD36843EA0E03D3604B6831
:106A300013F4003F5CD03A4A536843EA0E035360B4
:106A40004B6813F4803F59D0354A136843EA0E036C
:106A500013600CF1010C0B6833FA0CF254D00122D4
:106A600002FA0CF203EA020E32EA0303F1D14B6898
:106A7000122B3FF64EAF122B3FF66CAF01A555F827
:106A800023F000BF4369000853690008D569000876
:106A9000E76900085569000855690008556900084C
:106AA00055690008556900085569000855690008CE
:106AB00055690008556900085569000855690008BE
:106AC0005569000855690008CF690008DB690008AE
:106AD000012394E7022392E7114A936823EA0E0305
:106AE00093609BE70E4AD36823EA0E03D3609EE7C8
:106AF0000B4A536823EA0E035360A1E7084A136860
:106B000023EA0E031360A4E702B070BD0000221058
:106B10000000311000100240000001400008014058
:106B2000000401400AB10161704709040161704726
:106B3000002808DB0901C9B200F1604000F561409E
:106B400080F80013704700F00F000901C9B2014B33
:106B50001954704714ED00E000B500F00700C0F1D3
:106B6000070CBCF1040F28BF4FF0040C031D062BCB
:106B70000FD9C31E4FF0FF3E0EFA0CF021EA0001C0
:106B800099400EFA03FE22EA0E0241EA02005DF885
:106B900004FB0023EEE70000074AD36823F4E06318
:106BA0001B041B0C000200F4E060034343F0BF63CE
:106BB00043F40033D360704700ED00E010B50446A5
:106BC000054BD868C0F30220FFF7C6FF01462046F8
:106BD000FFF7AEFF10BD00BF00ED00E0002807DBAF
:106BE00000F01F02400901239340024A42F820307E
:106BF000704700BF00E100E003685A6912F4806F3B
:106C000001D1002070476FF480625A610023036352
:106C1000202280F83D2080F83E30026C42F00402D1
:106C2000026480F83C30012070472DE9F0410646AF
:106C30000C46174698463BE0FFF7B2FA069BC01A8F
:106C4000404502D8B8F1000F32D1012D18D0336879
:106C50009B6924EA03039BB2B3FA83F35B099F4267
:106C600026D100233363202286F83D2086F83E306B
:106C7000326C42F02002326486F83C30012027E07A
:106C800033685B6924EA03039BB2B3FA83F35B09BD
:106C9000E5E733685B6924EA030C1FFA8CFCBCFA55
:106CA0008CFC4FEA5C1C674511D1B8F1FF3FC3D1A2
:106CB000C4F30745012DECD033689B6924EA030C2B
:106CC0001FFA8CFCBCFA8CFC4FEA5C1CEBE7002042
:106CD000BDE8F0812DE9F84305460E4690469946F9
:106CE00053E01A6842F400721A602B686FF48062F5
:106CF0005A6100232B63202285F83D2085F83E3021
:106D00002A6C42F004022A6485F83C3001204AE0F3
:106D1000FFF746FAA0EB0900404502D8B8F1000F92
:106D200033D1012F17D02B689B6926EA03039BB24E
:106D3000003B18BF012343B300232B63202285F8B7
:106D40003D2085F83E302A6C42F020022A6485F806
:106D50003C30012027E02B685B6926EA03039BB2E5
:106D6000003B18BF0123E6E72B689C6926EA040470
:106D7000A4B2003C18BF0124A4B12B685A6912F4D4
:106D8000806FAED1B8F1FF3FC2D1C6F30747012FE4
:106D9000EAD12B685C6926EA0404A4B2003C18BF5F
:106DA0000124E9E70020BDE8F88370B504460D46EC
:106DB000164623685B6913F0800F21D12046FFF748
:106DC0001BFFF8B9B5F1FF3FF3D0FFF7E9F9801BDE
:106DD000A84201D8002DECD123685B6913F0800F25
:106DE000E7D100232363202284F83D2084F83E303D
:106DF000226C42F02002226484F83C30012000E042
:106E0000002070BD0120FCE72DE9F04385B0044669
:106E10000D4691461F46DDF830800D9E03681968C7
:106E200041F4807119600096434600224FF0011131
:106E3000FFF7FBFE60B9236805F0FE051D613346D0
:106E4000424626492046FFF745FF68B1012008E089
:106E500023681B6813F4807F02D04FF4007323640F
:106E6000032005B0BDE8F0830023039323685A692B
:106E700003929B690393039B324641462046FFF7EA
:106E800094FF30B9012F0FD123685FFA89F61E6194
:106E9000E7E7236C042B01D00120E2E722681368A6
:106EA00043F400731360F7E723684FEA19221A616D
:106EB000324641462046FFF778FF20B923685FFA43
:106EC00089F61E61CDE7236C042B01D00120C8E7B1
:106ED0002268136843F400731360F7E702000100AF
:106EE0002DE9F04784B004460D46164699460C9F9E
:106EF000DDF834800268136843F48063136003682C
:106F0000196841F480711960CDF800803B46002279
:106F10004FF00111FFF789FE70B95FFA85FA236817
:106F200005F0FE051D6143463A4641492046FFF7FC
:106F3000D1FE68B1012008E023681B6813F4807F4C
:106F400002D04FF400732364032004B0BDE8F0873F
:106F50000023039323685A6903929B690393039B5D
:106F6000424639462046FFF720FF80B9B9F1010FAC
:106F700018D12368F6B21E61424639462046FFF713
:106F800014FF68B3236C042B24D00120DDE7236CAD
:106F9000042B01D00120D8E72268136843F4007362
:106FA0001360F7E72368320A1A61424639462046E1
:106FB000FFF7FBFE18B92368F6B21E61DCE7236C0D
:106FC000042B01D00120C0E72268136843F400734A
:106FD0001360F7E72268136843F400731360D4E783
:106FE0002268136843F480731360CDF800803B4639
:106FF00000224FF001112046FFF717FE68B9226802
:107000004AF00103136143463A4609492046FFF717
:1070100061FE002899D0012097E723681B6813F4CC
:10702000807F02D04FF40073236403208DE700BFFC
:107030000200010070B504460D46164623685B69E0
:1070400013F0040F21D12046FFF7D6FDF8B9B5F1B2
:10705000FF3FF3D0FFF7A4F8801BA84201D8002D12
:10706000ECD123685B6913F0040FE7D1002323639D
:10707000202284F83D2084F83E30226C42F0200229
:10708000226484F83C30012000E0002070BD012023
:10709000FCE770B504460D46164614E06FF010028A
:1070A0005A6100232363202284F83D2084F83E3077
:1070B000226C226484F83C30012025E023685B695F
:1070C00013F0400F10D02368586910F0400F1AD108
:1070D000586910F0100FE1D1FFF762F8801BA84249
:1070E000ECD8002DEFD1E9E700232363202284F8B8
:1070F0003D2084F83E30226C42F02002226484F865
:107100003C30012000E0002070BD0000002800F0AD
:10711000CC8070B5044690F83D30002B77D0242306
:1071200084F83D302268136823F00103136022685D
:10713000136843F4004313602268136823F4004388
:107140001360FFF737FB62685A4B9A4264D85A4B78
:1071500098428CBF00230123002B40F0A8805749A0
:10716000A1FB00318B0C25686A6822F03F0242EADD
:1071700091426A6021680A6A22F03F0266684D4DBA
:10718000AE424FD8013313430B622168CA6922F41F
:107190004F4222F0FF026568464B9D424CD8431E89
:1071A0006D00B3FBF5F3013340F6FC70034278D079
:1071B000C3F30B031A43CA6121680B6823F0C003B1
:1071C000E269206A024313430B6021688B6823F451
:1071D000034323F0FF032269E068024313438B60FB
:1071E0002168CB6823F0FF036269A069024313435F
:1071F000CB602268136843F0010313600020206411
:10720000202384F83D30206384F83E0070BD80F870
:107210003C30FEF7E9F882E7294B98428CBF002307
:10722000012399E74FF4967505FB03F3254DA5FB64
:1072300003539B090133A6E7A668BEB9431E05EBBD
:10724000450CB3FBFCF30133C3F30B03B3FA83F335
:107250005B0943BBC6B9431E05EB4505B3FBF5F31C
:107260000133C3F30B0343F40043A3E7431E05EBD1
:10727000850C0CEB8C0CB3FBFCF30133C3F30B0359
:10728000B3FA83F35B09E4E7431E05EB850505EBE1
:107290008505B3FBF5F30133C3F30B0343F440431C
:1072A00088E7042386E7012384E701207047012053
:1072B000ACE700BFA08601007F841E0083DE1B4375
:1072C000FF083D00D34D62102DE9F04383B0044622
:1072D0000F46904699460C9EFEF762FF054694F8CD
:1072E0003D00C0B2202803D0022003B0BDE8F083E7
:1072F0000095192301224B492046FFF796FC0028F0
:1073000040F0898094F83C30012B00F08680012306
:1073100084F83C3023681A6812F0010F03D11A6810
:1073200042F001021A602268136823F400631360BC
:10733000212384F83D30402384F83E300023236429
:107340000A9B6362BDF82C306385638D2385364BC1
:10735000E362019500964B46424639462046FFF7C8
:1073600053FD00285BD1238D002B35D02A463146B2
:107370002046FFF71AFD20BB626A236812781A6163
:10738000626A531C6362218D013989B22185638D44
:107390009BB2013B9BB263852368586910F0040FD0
:1073A000E1D00029DFD052781A61636A0133636249
:1073B000238D013B2385638D9BB2013B9BB263858B
:1073C000D1E7236C042B01D001208EE722681368DB
:1073D00043F400731360F7E72A4631462046FFF76F
:1073E00029FE50B1236C042B01D001207DE72268D7
:1073F000136843F400731360F7E72268136843F4DB
:1074000000731360202384F83D30002384F83E305D
:1074100084F83C3069E7022067E7022065E7012035
:1074200063E700BF020010000000FFFF2DE9F043FA
:1074300089B004460F4690469946129E0023079352
:10744000FEF7AEFE054694F83D00C0B2202804D0F9
:107450000227384609B0BDE8F083009519230122C0
:1074600081492046FFF7E1FB002840F07C8194F839
:107470003C30012B00F07981012384F83C302368F3
:107480001A6812F0010F03D11A6842F001021A6063
:107490002268136823F400631360222384F83D30CC
:1074A000402384F83E3000232364109B6362BDF8C0
:1074B00044306385638D23856C4BE36201950096B0
:1074C0004B46424639462046FFF70AFD074600284C
:1074D00040F04D81238D5BB9039323685A69039271
:1074E0009A690392039A1A6842F400721A60F2E0F1
:1074F000012B0FD0022B21D02268136843F4806344
:1075000013600023069323685A6906929B690693C9
:10751000069BE0E02268136823F48063136072B670
:107520000023049323685A6904929A690492049A86
:107530001A6842F400721A6062B6CCE022681368DE
:1075400043F40063136072B60023059323685A69FD
:1075500005929A690592059A1A6822F480621A6067
:1075600062B6B8E02A4631462046FFF792FD002871
:1075700040F0FF8023681A69636A1A70636A0133F6
:107580006362238D013B2385638D9BB2013B9BB2DC
:107590006385A0E000953346002235492046FFF779
:1075A00044FB002840F0E9802268136823F48063DC
:1075B000136072B623681A69636A1A70636A0133CA
:1075C0006362238D013B2385638D9BB2013B9BB29C
:1075D0006385284B1B68DB08274AA2FB03231B0A91
:1075E00003EB8303C3EBC3030793079B013B0793A1
:1075F000079B002B28D023685A6912F0040FF4D09F
:107600001A6842F400721A6023681A69636A1A7071
:10761000636A01336362238D013B2385638D9BB2D3
:10762000013B9BB2638562B623681A69636A1A706C
:10763000636A01336362238D013B2385638D9BB2B3
:10764000013B9BB2638546E02363202284F83D2002
:1076500084F83E30226C42F02002226462B684F844
:107660003C300127F5E600BF020010000000FFFFDC
:1076700004000100CC01002089B5F8142A463146E7
:107680002046FFF706FD002879D123681A69636A4E
:107690001A70636A01336362228D013A92B22285C5
:1076A000638D9BB2013B9BB263852368596911F0DE
:1076B000040F10D0032A48D023681A69636A1A702D
:1076C000636A01336362238D013B2385638D9BB223
:1076D000013B9BB26385238D002B3BD0032BCDD880
:1076E000012B3FF43FAF022B7FF454AF009533469C
:1076F000002224492046FFF798FA00283BD172B6B1
:107700002268136843F40073136023681A69636A7C
:107710001A70636A01336362238D013B2385638D95
:107720009BB2013B9BB2638562B623681A69636AA8
:107730001A70636A01336362238D013B2385638D75
:107740009BB2013B9BB26385C5E71A6822F4806255
:107750001A60B1E7202384F83D30002384F83E30DE
:1077600084F83C3075E6022773E6022771E60127AC
:107770006FE601276DE601276BE6012769E6012721
:1077800067E600BF04000100026802F10C0353E841
:10779000003F23F490730C3242E800310029F3D10A
:1077A000026802F1140353E8003F23F0010314328E
:1077B00042E800310029F3D1036B012B05D02023CF
:1077C00080F84230002303637047026802F10C0323
:1077D00053E8003F23F010030C3242E80031002947
:1077E000F3D1ECE710B504460268136923F4405363
:1077F000C1680B43136183680269134342691A43EA
:107800000168CB6823F4B05323F00C031343CB601F
:107810000268536923F4407381690B435361026822
:10782000134B9A4220D0FEF7C5FF024602EB8202BC
:1078300002EB820263689B00B2FBF3F20D48A0FBEF
:1078400002314909642303FB11231B013233A0FBDE
:1078500003035B0903F0F00202EB011203F00F03D4
:10786000216813448B6010BDFEF7B4FF0246DDE7CC
:10787000003801401F85EB512DE9F04383B00546E8
:107880000E4617469946DDF828802B681C6836EAB4
:1078900004040CBF01240024BC4228D1B8F1FF3FEE
:1078A000F3D0FEF77DFCA0EB0900404523D8B8F1EA
:1078B000000F22D02B68DA6812F0040FE5D0802E7A
:1078C000E3D0402EE1D01A6812F0080FDDD000247A
:1078D00001941A6801925B680193019B2846FFF7A7
:1078E00053FF08236B6485F84040012000E000202E
:1078F00003B0BDE8F0830320FAE70320F8E760B3A4
:1079000010B5044690F8413013B3242384F8413075
:107910002268D36823F40053D3602046FFF762FF48
:107920002268136923F4904313612268536923F09A
:107930002A0353612268D36843F40053D3600020C4
:107940006064202384F8413084F84230606310BDC5
:1079500080F84030FDF710FED7E7012070472DE991
:10796000F04182B01E4690F84130DBB2202B56D158
:1079700004460D469046002955D00AB901204FE033
:1079800000234364212380F84130FEF709FC0746B9
:10799000A4F82480A4F82680A368B3F5805F02D001
:1079A0004FF0000814E023692BB34FF000080FE0FC
:1079B000202384F84130032032E038F8023B22686B
:1079C000C3F308035360E28C92B2013A92B2E284AC
:1079D000E38C9BB293B100963B4600228021204667
:1079E000FFF74AFF0028E3D1002DE6D015F8012B60
:1079F00023685A60E7E7A8460025E9E700963B467A
:107A0000002240212046FFF737FF18B9202384F8D1
:107A1000413005E0202384F84130032000E00220BB
:107A200002B0BDE8F0810120FAE7704700F10803D9
:107A300043604FF0FF328260C36003610023036044
:107A4000704700230361704743684B609A688A60FF
:107A5000516099600861036801330360704730B476
:107A60000D68B5F1FF3F11D000F108031C465B68BB
:107A70001A68AA42FAD963684B6099608C606160A9
:107A8000086103680133036030BC70470469F2E7A2
:107A90000369416882688A60416851605A6882421D
:107AA00006D0002202611A68013A1A60186870470D
:107AB00082685A60F5E710B5044601F013F9A26B2D
:107AC000E36B9A4204D0002401F02EF9204610BD49
:107AD0000124F9E710B5044601F004F9A36B23B9BA
:107AE000012401F021F9204610BD0024F9E770B50A
:107AF00004461546866B026C5AB903681BB1002018
:107B00000136A66370BD806800F0D6FE0023A36036
:107B1000F6E76DB94068FAF711FB6368226C13440D
:107B20006360A268934219D3236863602846E7E73D
:107B3000C068FAF703FBE368226C51429B1AE360CA
:107B40002268934202D2A3680B44E360022D01D065
:107B50000020D5E726B1013E0020D1E72846CFE737
:107B60000020CDE708B50346026C62B10846D9682B
:107B70001144D960D3F808C0614501D31968D960B0
:107B8000D968FAF7DBFA08BD38B5054601F0AAF85E
:107B900095F8454064B201E0013C64B2002C0ADD76
:107BA0006B6A43B105F1240000F0DCFD0028F3D03E
:107BB00000F06CFEF0E7FF2385F8453001F0B4F8E3
:107BC00001F090F895F8444064B201E0013C64B2E1
:107BD000002C0ADD2B6943B105F1100000F0C2FD55
:107BE0000028F3D000F052FEF0E7FF2385F8443080
:107BF00001F09AF838BD38B5E0B10D46044601F001
:107C000071F82368E26B216C01FB0230A060002058
:107C1000A0636360013A02FB0133E360FF2384F851
:107C2000443084F84530FDB9236963B901F07CF82C
:107C3000012038BD4FF0500383F31188BFF36F8FDD
:107C4000BFF34F8FFEE704F1100000F08BFD00281A
:107C5000ECD04FF0E0234FF08052C3F8042DBFF377
:107C60004F8FBFF36F8FE1E704F11000FFF7DEFEE7
:107C700004F12400FFF7DAFED8E710B503460298B6
:107C80000C4631B90060C36304640121FFF7B3FF00
:107C900010BD0260F7E740B94FF0500383F311883D
:107CA000BFF36F8FBFF34F8FFEE7F0B583B00D4684
:107CB0001446064601FB00F0483000F0FDFE074682
:107CC00050B1002380F846300090234600F148026E
:107CD00029463046FFF7D1FF384603B0F0BDF0B576
:107CE00085B0019288B10F461D460446B1B1022D00
:107CF00020D1E36B012B1DD04FF0500383F311888B
:107D0000BFF36F8FBFF34F8FFEE74FF0500383F346
:107D10001188BFF36F8FBFF34F8FFEE7036C002B0B
:107D2000E5D04FF0500383F31188BFF36F8FBFF39B
:107D30004F8FFEE700F0B0FD064658B9019B002BBF
:107D400048D04FF0500383F31188BFF36F8FBFF318
:107D50004F8FFEE700263DE02A4639462046FFF7D2
:107D6000C6FE636A7BB948B14FF0E0234FF0805202
:107D7000C3F8042DBFF34F8FBFF36F8F00F0D4FF14
:107D8000012005B0F0BD04F1240000F0EBFC002858
:107D9000F4D04FF0E0234FF08052C3F8042DBFF32E
:107DA0004F8FBFF36F8FE9E700F0BEFF0020E8E7D9
:107DB00002A800F01DFD012619E0002384F84430DC
:107DC00021E0002384F8453023E02046FFF7DCFE65
:107DD00000F0C2FB00F086FFA26BE36B9A42BBD3BC
:107DE000022DB9D0019B002BDED0002EE0D000F098
:107DF0009BFF00F01DFB00F075FF94F8442052B289
:107E0000B2F1FF3FD9D094F8452052B2B2F1FF3F12
:107E1000D7D000F089FF01A902A800F0F5FCD8B97D
:107E20002046FFF748FE0028CFD0019904F110004A
:107E300000F080FC2046FFF7A7FE00F08DFB002835
:107E4000C8D14FF0E0234FF08052C3F8042DBFF3A8
:107E50004F8FBFF36F8FBDE72046FFF795FE00F011
:107E60007BFB00208DE7F0B585B0019290B10F4605
:107E70000446C1B100F010FD064600BB019B002B7B
:107E80005ED04FF0500383F31188BFF36F8FBFF3C1
:107E90004F8FFEE74FF0500383F31188BFF36F8FCE
:107EA000BFF34F8FFEE7036C002BE3D04FF050037E
:107EB00083F31188BFF36F8FBFF34F8FFEE7002668
:107EC0003EE039462046FFF74DFE013DA56323699C
:107ED00023B900F029FF012005B0F0BD04F1100026
:107EE00000F040FC0028F4D04FF0E0234FF0805227
:107EF000C3F8042DBFF34F8FBFF36F8FE9E700F096
:107F000013FF0020E8E702A800F072FC012621E040
:107F1000002384F8443029E0002384F845302BE026
:107F20002046FFF731FE00F017FB09E02046FFF77F
:107F30002BFE00F011FB2046FFF7CCFD00283FD1BF
:107F400000F0D0FEA56B002DBBD1019B002BD6D03D
:107F5000002ED8D000F0E8FE00F06AFA00F0C2FE71
:107F600094F844305BB2B3F1FF3FD1D094F8453080
:107F70005BB2B3F1FF3FCFD000F0D6FE01A902A85B
:107F800000F042FC0028D1D12046FFF7A3FD0028D5
:107F9000C6D0019904F1240000F0CCFB2046FFF785
:107FA000F3FD00F0D9FA0028CAD14FF0E0234FF0DA
:107FB0008052C3F8042DBFF34F8FBFF36F8FBFE71D
:107FC000002089E7084B1B681B6823B9074B4FF05B
:107FD000FF321A607047044B1B68DB68DB685A6825
:107FE000024B1A60704700BF6C0700200407002096
:107FF0002DE9F04707469846089DDDF824900A9C35
:10800000266B02F18042013A06EB820626F0070653
:10801000C1B308464FF0000CBCF10F0F09D810F89F
:108020000C2004EB0C0383F8342012B10CF1010C8A
:10803000F2E7002384F84330062D00D90625E562D7
:1080400065644FF0000AC4F848A0201DFFF7F9FC52
:1080500004F11800FFF7F5FC2461C5F10705A561DF
:108060006462C4F84CA084F850A0424639463046B9
:1080700000F012FE2060B9F1000F01D0C9F80040F5
:10808000BDE8F087002384F83430D5E738B5002404
:1080900007E004EB840293000E481844FFF7C6FC87
:1080A0000134062CF5D90C4D2846FFF7BFFC0B4CCC
:1080B0002046FFF7BBFC0A48FFF7B8FC0948FFF76A
:1080C000B5FC0948FFF7B2FC084B1D60084B1C606B
:1080D00038BD00BF980700208407002070070020EB
:1080E0005407002040070020280700206C070020CC
:1080F0006807002010B5044600F0F4FD214A13681B
:1081000001331360204B1B685BB1204B1B686BB9BC
:108110001D4B1B68DA6AE36A9A4207D81A4B1C6047
:1081200004E0194B1C601368012B28D0184A13680F
:1081300001331360E06A01238340164A11680B4340
:10814000136000EB8000211D134B03EB8000FFF751
:108150007BFC00F0E9FD0D4B1B687BB10A4B1B68F3
:10816000DA6AE36A9A4209D24FF0E0234FF0805274
:10817000C3F8042DBFF34F8FBFF36F8F10BDFFF710
:1081800085FFD3E7240700202408002018070020DB
:10819000080700201C0700209807002010B504469F
:1081A00090F8513063B1012B11D0022B0ED04FF05B
:1081B000500383F31188BFF36F8FBFF34F8FFEE738
:1081C000006B00F0FBFC204600F0F8FC10BD00F056
:1081D000F5FCFBE70F4B1B68D3B110B500F082FD37
:1081E0000D4BDB68DC68201DFFF752FC0B4A13685F
:1081F000013B1360074A1368013B136000F094FDD4
:108200002046FFF7CBFF034B1B68002BE6D110BDC8
:10821000704700BF3C0700204007002024070020D3
:1082200008B5FFF7D7FF074B1B68012BF9D94FF0B3
:10823000E0234FF08052C3F8042DBFF34F8FBFF3FC
:108240006F8FEEE79807002070B504460D461D4B72
:108250001E681D4B18680430FFF71AFC48B91A4B0A
:108260001B68DB6A01229A4018490B6823EA020363
:108270000B60B4F1FF3F0DD03444134B1B685C60BE
:10828000A64210D9124B18680F4B19680431FFF73A
:10829000E6FB70BD002DEFD00B4B196804310D4883
:1082A000FFF7D2FBF5E70C4B1868074B1968043150
:1082B000FFF7D5FB094B1B68A342EAD9074B1C60AB
:1082C000E7E700BF20070020240800201C0700204B
:1082D00068070020280700206C0700200407002002
:1082E00030B587B00B9C7CB10C9DB5B1542504957D
:1082F000049D542D1AD04FF0500383F31188BFF31F
:108300006F8FBFF34F8FFEE74FF0500383F3118859
:10831000BFF36F8FBFF34F8FFEE74FF0500383F330
:108320001188BFF36F8FBFF34F8FFEE7049D0C9D45
:108330002C63022485F8514000240394029505AC77
:1083400001940A9C0094FFF753FE0C98FFF7D2FEAD
:10835000059807B030BD2DE9F04385B00746884643
:1083600014461E46900000F0A7FB08B38146542037
:1083700000F0A2FB0546A8B1C0F83090002380F8B9
:108380005130039302900D9B01930C9B0093334655
:10839000224641463846FFF72BFE2846FFF7AAFE45
:1083A000012007E0484600F009FC4FF0FF3001E0F3
:1083B0004FF0FF3005B0BDE8F083000010B588B085
:1083C00000240594069407AA06A905A8FCF776FFE1
:1083D000059B0293069B019300942346079A0E493E
:1083E0000E48FFF77DFF0E4B186090B14FF0500321
:1083F00083F31188BFF36F8FBFF34F8F094B4FF09B
:10840000FF321A60084B01221A60084B1C6000F012
:10841000F3FC08B010BD00BFB4980008218200082A
:108420000007002004070020180700202007002074
:10843000024A136801331360704700BFFC06002036
:10844000F8B53A4B1B68002B69D1394B1D680135D3
:108450001D60C5B9374B1B681B6843B14FF0500313
:1084600083F31188BFF36F8FBFF34F8FFEE7314A5D
:108470001168314B186810601960304A1368013375
:108480001360FFF79FFD2E4B1B68AB423DD90027C1
:108490002C4B1B68DB6A03EB83039A002A4B9B5827
:1084A000012B00D90127294B1B68002B3CD0012749
:1084B0003AE001271F4B1B681B6843B31D4B1B6829
:1084C000DB68DC6863689D4226D3261D3046FFF7D3
:1084D000DFFAA36A1BB104F11800FFF7D9FAE36AC7
:1084E00001229A401A49086802430A6003EB830399
:1084F0009A00314614481044FFF7A6FAE26A114B7D
:108500001B68DB6A9A42D4D2D4E70027D2E70C4B2F
:108510004FF0FF321A60BBE7094A1360B8E70D4A13
:1085200013680133136000273846F8BDFC060020AD
:10853000200700206C070020680700200C0700209F
:1085400004070020240800209807002010070020BE
:108550001C0700201407002038B5354B1B6843B9B1
:108560004FF0500383F31188BFF36F8FBFF34F8F2A
:10857000FEE700F0B7FB2E4B1A68013A1A601B6841
:10858000002B4FD12B4B1B680BB900244BE0002470
:10859000294B1B681BB3284BDB68DC6804F118000F
:1085A000FFF776FA251D2846FFF772FAE06A0123E5
:1085B0008340224A11680B43136000EB8000294678
:1085C0001F4B03EB8000FFF73FFAE26A1D4B1B686D
:1085D000DB6A9A42DCD31C4B01221A60D8E70CB14B
:1085E000FFF7F0FC194B1C6884B9174B1C68D4B119
:1085F0004FF0E0234FF08052C3F8042DBFF34F8FAC
:10860000BFF36F8F01240EE0013C07D0FFF718FF86
:108610000028F9D00C4B01221A60F5E70B4B002221
:108620001A60E2E7002400F07FFB204638BD00BF5F
:10863000FC06002024070020540700201C0700200F
:1086400098070020240800201007002014070020AD
:1086500010B5A8B10446104B1B6843B14FF050034E
:1086600083F31188BFF36F8FBFF34F8FFEE7FFF7E0
:10867000DFFE00212046FFF7E7FDFFF76DFF48B959
:108680004FF0E0234FF08052C3F8042DBFF34F8F1B
:10869000BFF36F8F10BD00BFFC060020204B1B688E
:1086A0001BB1204B01221A6070471E4B00221A603A
:1086B0001D4B1B68B3FA83F3DBB2C3F11F0303EB5B
:1086C00083018A0019498A5842B94FF0500383F355
:1086D0001188BFF36F8FBFF34F8FFEE7134803EB93
:1086E00083018A00024451684968516003EB830C9E
:1086F0004FEA8C0208320244914209D003EB830313
:108700009A000A4B13445B68DA68094B1A60704799
:10871000486862469100054A0A445060EEE700BF8F
:10872000FC060020100700201C07002098070020EE
:108730002408002058B110B50C46094A11681831B8
:10874000FFF78DF901212046FFF77EFD10BD4FF0A8
:10875000500383F31188BFF36F8FBFF34F8FFEE792
:108760002408002038B5C368DC6824B304F1180578
:108770002846FFF78DF9184B1B682BBB251D284693
:10878000FFF786F9E06A01238340144A11680B431E
:10879000136000EB80002946114B03EB8000FFF7CC
:1087A00053F9E26A0F4B1B68DB6A9A4211D9012028
:1087B0000D4B186038BD4FF0500383F31188BFF3A1
:1087C0006F8FBFF34F8FFEE729460848FFF73CF94C
:1087D000E7E70020EEE700BFFC0600201C070020B2
:1087E00098070020240800201007002054070020CC
:1087F000034B1B680360034B1B684360704700BF5B
:108800000C07002020070020D8B170B50C460546A3
:1088100001B300F067FA1B4B19686B68C81A22682D
:10882000B2F1FF3F27D0184E3668D5F800C0B445E6
:1088300001D08B4224D9824215D800232360012421
:108840001AE04FF0500383F31188BFF36F8FBFF32B
:108850004F8FFEE74FF0500383F31188BFF36F8F04
:10886000BFF34F8FFEE75B1A134423602846FFF7E0
:10887000BFFF002400E0002400F056FA204670BD3F
:108880000124F9E7200700200C070020014B0122FA
:108890001A60704710070020054B1B6833B1054B69
:1088A0001B680BB100207047022070470120704701
:1088B00018070020FC06002000284BD038B50446DD
:1088C000264B1B68834208D04FF0500383F3118876
:1088D000BFF36F8FBFF34F8FFEE7836C43B94FF049
:1088E000500383F31188BFF36F8FBFF34F8FFEE701
:1088F000013B8364C16A426C91422DD00BB10020D0
:1089000038BD051D2846FFF7C3F868B9E36A03EBD5
:108910008302920012498A5832B901229A401149C1
:108920000B6823EA02030B60606CE062C0F107038E
:10893000A361012404FA00F30A4A11680B4313608F
:1089400000EB80002946064B03EB8000FFF77CF824
:108950002046D5E7002070470020D1E724080020FA
:10896000980700201C070020842801D0033070479E
:108970000020704708B5FFF721FD002008BD2DE954
:10898000F04387B00E464469C4B18569B5B1476804
:10899000D0F80080D0F81090B0F90800FFF7E4FF9D
:1089A00002950194009033464A4641463846FFF707
:1089B00097FC0590059807B0BDE8F083446805680A
:1089C0000769B0F90800FFF7CFFF05AB01930090EE
:1089D0003346BAB229462046FFF7BDFC0128E9D04C
:1089E0000020E8E708B500B90120FFF731FE0020BC
:1089F00008BD0000124A12F0070F1ED0D11D21F051
:108A00000701C1F5705313440A460E480260002165
:108A100041601344083B23F007030B48036059608F
:108A20001960991A51601360084B1960084B19605E
:108A3000084B4FF000421A6070474FF47053E4E760
:108A400048080020400800203C080020340800208E
:108A50003808002028080020154B1A461B6883425E
:108A6000FBD3516802EB010C844509D0416800EB4F
:108A7000010C634509D00360904218D01060704724
:108A80004068014451601046F0E710B4094C246876
:108A9000A3420AD05B681944416013681B680360F5
:108AA000904200D0106010BC70470460F8E7704737
:108AB000400800203C08002038B50446FFF7B8FC09
:108AC000384B1B68B3B1384B1B681C4250D1002C8B
:108AD00050D004F1080214F0070F02D022F0070270
:108AE0000832002A55D0314B1B68934253D330498A
:108AF0000C6804E0FFF77EFFE5E721461C4663684B
:108B0000934202D22368002BF7D1264B1B68A34265
:108B100043D00D68083523680B6063689B1A102BDF
:108B200010D9A01810F0070F08D04FF0500383F3AE
:108B30001188BFF36F8FBFF34F8FFEE74360626012
:108B4000FFF78AFF626819490B689B1A0B60194985
:108B500009688B4201D217490B60134B1B68134302
:108B6000636000232360144A13680133136002E03A
:108B7000002500E00025FFF7EFFC15F0070F0ED0F1
:108B80004FF0500383F31188BFF36F8FBFF34F8F04
:108B9000FEE70025EFE70025EDE70025EBE7284697
:108BA00038BD00BF3C0800202808002038080020FD
:108BB000400800203408002030080020002834D06D
:108BC00038B50446A0F1080550F8043C174A12686D
:108BD000134208D14FF0500383F31188BFF36F8F16
:108BE000BFF34F8FFEE750F8081C41B14FF0500320
:108BF00083F31188BFF36F8FBFF34F8FFEE723EA34
:108C0000020340F8043CFFF713FC54F8041C084A24
:108C100013680B4413602846FFF71EFF054A1368CC
:108C200001331360FFF798FC38BD70472808002017
:108C3000380800202C08002082B0002301930D4B3F
:108C40001B68B3F1FF3F08D04FF0500383F3118846
:108C5000BFF36F8FBFF34F8FFEE74FF0500383F3E7
:108C60001188BFF36F8FBFF34F8F019B002BFCD098
:108C700002B07047D001002006480068006880F309
:108C8000088862B661B6BFF34F8FBFF36F8F00DF06
:108C900000BF000008ED00E04FF0807340F8043C96
:108CA00021F0010140F8081C034B40F80C3C40F84F
:108CB000202C4038704700BF398C000800000000AD
:108CC000074B19680868B0E8F00F80F30988BFF314
:108CD0006F8F4FF0000080F311884EF00D0E70473B
:108CE000240800204FF0500383F31188BFF36F8FE7
:108CF000BFF34F8F0B4A136801331360012B00D071
:108D000070474FF0E023D3F8043D13F0FF0FF7D086
:108D10004FF0500383F31188BFF36F8FBFF34F8F72
:108D2000FEE700BFD0010020094B1B6843B94FF09C
:108D3000500383F31188BFF36F8FBFF34F8FFEE7AC
:108D4000013B034A13600BB983F31188704700BFDE
:108D5000D001002000000000000000000000000022
:108D6000EFF30980BFF36F8F0D4B1A6820E9F00F06
:108D700010602DE908404FF0500080F31188FFF794
:108D80008DFC4FF0000080F31188BDE808401968A1
:108D90000868B0E8F00F80F30988BFF36F8F704761
:108DA0002408002008B54FF0500383F31188BFF367
:108DB0006F8FBFF34F8FFFF743FB28B14FF0E023D6
:108DC0004FF08052C3F8042D002383F3118808BDAF
:108DD0004FF0E022002313619361054B1B680549A6
:108DE000A1FB03139B09013B5361072313617047E8
:108DF000CC010020D34D621010B582B02A4B1A78F6
:108E0000D2B20192FF221A701B78DBB28DF80330C8
:108E10009DF8033003F05003244A1370244B0722BB
:108E20001A6009E0224A1368013B13609DF8033081
:108E30005B00DBB28DF803309DF8033013F0800F38
:108E4000F0D11B4B1B68032B08D04FF0500383F36A
:108E50001188BFF36F8FBFF34F8FFEE71B02144AD9
:108E6000136003F4E0631360019BDBB20E4A1370DE
:108E70004FF0E023D3F8202D42F47002C3F8202DE8
:108E8000D3F8202D42F07042C3F8202DFFF7A0FF49
:108E90000024084B1C60FFF7EFFEFFF7FFFBFFF716
:108EA000CBFE204602B010BD00E400E04C440020A0
:108EB00048440020D001002010B503460C4A0D495B
:108EC0000D48006840B10C4800680344521A9342B0
:108ED00006D8094A136010BD0748084C0460F2E741
:108EE000F7F72AFC0C2303604FF0FF30F3E700BFD5
:108EF0000050002000040000504400208044002066
:108F00000120704708B5F7F717FC162303604FF0F0
:108F1000FF3008BD08B54FF0FF31FFF7F3FFFEE764
:108F200070B50C461646002506E0AFF300802146DA
:108F300001F8010B01350C46B542F6DB304670BD39
:108F40004FF0FF3070474FF400534B6000207047E4
:108F5000012070470020704710B58CB0374B384C5B
:108F60001C6004225A6000229A60DA604FF44021AB
:108F700019614FF4801159611A765A769A76DA7629
:108F80001A7701225A772F48F7F7A0F92E4BDA69A2
:108F900042F00072DA61DB6903F000730193019B18
:108FA000236823F0020323604FF6FF7300E01346AB
:108FB000234A526812F0020F02D05A1E002BF6D13B
:108FC0001F4B5B6813F0020F23D020492048F9F7AC
:108FD000F7FB1A4800F098F8E8B91E48F7F776F959
:108FE000164800F091F8E0B9144800F08DF8F0B997
:108FF0000023079308930122099202930393049399
:10900000059306930A9202A90C4800F023F90CB0CC
:1090100010BD1149DAE71148F7F758F9FCF714F8D1
:10902000DBE70E48F7F752F9FCF70EF8DCE70B48E0
:10903000F7F74CF9FCF708F8DAE700BF54440020D2
:1090400000640040C898000800100240BC98000866
:10905000F49800081C990008C49800080C990008AE
:1090600010B588B000230493059306930793026814
:10907000224B9A4201D008B010BD03F5D633DA690D
:1090800022F40002DA619A6942F008029A619A6950
:1090900002F008020192019ADA6942F00072DA6184
:1090A000DA6902F000720292029A9A6942F00102B1
:1090B0009A619B6903F001030393039B104A536871
:1090C00023F4C04343F0E06343F4804353604FF420
:1090D000807304930023059306930A4C04A9204649
:1090E000FDF712FC4FF4007304930223059303234E
:1090F000079304A92046FDF707FCBCE70064004085
:1091000000000140000C0140002800F0A18038B5AB
:10911000044690F82030D3B12268136843F001036D
:109120001360FDF73DF8054623685A6812F0010FF9
:1091300010D1FDF735F8401B0A28F5D9636A43F4CE
:1091400000336362052384F82030012038BDFFF727
:1091500087FFE1E71A6822F002021A60FDF720F8A3
:10916000054623685A6812F0020F0DD0FDF718F873
:10917000401B0A28F5D9636A43F400336362052370
:1091800084F820300120E1E7227E012A3DD01A68D0
:1091900022F080021A60637E012B3BD022681368A4
:1091A00023F040031360A37E012B39D0226813689B
:1091B00023F020031360E37E012B37D0226813686D
:1091C00043F010031360237F012B35D0226813680E
:1091D00023F008031360637F012B33D022681368E8
:1091E00023F004031360A368E26813432269134366
:1091F000626913436268013A21681343CB6100201E
:109200006062012384F82030A0E71A6842F08002EF
:109210001A60C0E72268136843F040031360C2E796
:109220002268136843F020031360C4E722681368C0
:1092300023F010031360C6E72268136843F00803A5
:109240001360C8E72268136843F004031360CAE799
:1092500001207047026890F82030013BDBB2012BFF
:1092600005D9436A43F4802343620120704710B557
:10927000D2F8003243F00103C2F800324B6903F028
:109280001F03012000FA03F3D2F81C026FEA030C5B
:1092900020EA0300C2F81C02C869C0B9D2F80C0267
:1092A0000CEA0000C2F80C028C884869D1F80CE086
:1092B00044EA0E44483042F830400C884869D1F8FE
:1092C00008E044EA0E44483002EBC0004460C8693C
:1092D00001281AD0886988BBD2F804020CEA000081
:1092E000C2F80402086978BBD2F814020CEA000044
:1092F000C2F81402096A01292CD0D2F8003223F0F6
:109300000103C2F80032002010BDD2F80C0218434D
:10931000C2F80C028C884869D1F800E044EA0E4497
:10932000483042F830408C894869D1F808E044EA76
:109330000E44483002EBC0004460CBE7D2F8040290
:109340001843C2F80402CDE7D2F814021843C2F859
:109350001402CFE7D2F81C120B43C2F81C32CCE740
:1093600070B5044690F82050EDB2012D06D0436A46
:1093700043F4002343620125284670BD022380F890
:1093800020300268136823F001031360FCF708FF24
:10939000064623685B6813F0010F0CD0FCF700FF52
:1093A000831B0A2BF5D9636A43F4003363620523F8
:1093B00084F82030E0E700256562DDE730B590F8FD
:1093C00020C00468A4680CF1FF3C5FFA8CFCBCF17F
:1093D000010F62D814F0E05F59D0C4F3016C01248E
:1093E00004FA0CF41C608B68002B3DD10D68CB682F
:1093F000046843EA45550CF118031B01E550036866
:109400000C690CF1180E03EB0E135C600B7D012B45
:1094100035D0D17993791B0443EA0163517943EA4A
:10942000012314790168234301EB0C11C1F88C313D
:10943000D17893781B0443EA0163517843EA01230E
:10944000117802680B4302EB0C12C2F888310268F3
:109450000CF1180C4FEA0C1C52F80C3043F00103CD
:1094600042F80C3000201DE04C6843EAC403CC688D
:1094700023430CF11804240105682B51BFE703684E
:1094800003EB0E13596841F480715960C1E7436AD8
:1094900043F400134362012004E0436A43F4802351
:1094A0004362012030BD90F82030013BDBB2012B3C
:1094B00001D9002070470368986810F0806000D0E0
:1094C00001209A6812F0006F00D001309B6813F001
:1094D000805FEFD001307047FEF7A7FA0B480C49C8
:1094E0000C4A002302E0D458C4500433C4188C4200
:1094F000F9D3094A094C002301E013600432A24267
:10950000FBD3F6F777FEFBF7D3FD70470000002092
:10951000D4010020B89A0008D40100207C44002027
:10952000FEE70000F8B500BFF8BC08BC9E467047D7
:0C953000F8B500BFF8BC08BC9E467047B0
:10954000849800089151000800000000000000000D
:109550000001000000000000000000007C980008EE
:109560000D52000800000000000000000001000093
:109570000000000000000000749800085552000828
:1095800000000000000000000002000000000000D9
:1095900000000000000000000500000019000000AD
:1095A0007D00000000000000000000000000F03F0F
:1095B00000000000000024400000000000005940AE
:1095C0000000000000408F40000000000088C34001
:1095D00000000000006AF8400000000080842E4176
:1095E00000000000D01263410000000084D79741C2
:1095F0000000000065CDCD41000000205FA00242C8
:10960000000000E876483742000000A2941A6D423C
:10961000000040E59C30A2420000901EC4BCD6422F
:1096200000003426F56B0C430080E03779C34143DA
:1096300000A0D8855734764300C84E676DC1AB4350
:10964000003D9160E458E143408CB5781DAF15446E
:1096500050EFE2D6E41A4B4492D54D06CFF0804449
:10966000F64AE1C7022DB544B49DD9794378EA445E
:10967000BC89D897B2D29C3C33A7A8D523F64939E8
:109680003DA7F444FD0FA5329D978CCF08BA5B250A
:10969000436FAC642806C80A0080E03779C34143B1
:1096A000176E05B5B5B89346F5F93FE9034F384D48
:1096B000321D30F94877825A3CBF737FDD4F1575F4
:1096C0000020202020202020202028282828282092
:1096D000202020202020202020202020202020208A
:1096E00020881010101010101010101010101010F2
:1096F00010040404040404040404041010101010E2
:1097000010104141414141410101010101010101AB
:1097100001010101010101010101010110101010FD
:10972000101042424242424202020202020202027D
:1097300002020202020202020202020210101010D1
:1097400020000000000000000000000000000000F9
:109750000000000000000000000000000000000009
:1097600000000000000000000000000000000000F9
:1097700000000000000000000000000000000000E9
:1097800000000000000000000000000000000000D9
:1097900000000000000000000000000000000000C9
:1097A00000000000000000000000000000000000B9
:1097B00000000000000000000000000000000000A9
:1097C000000000000000803F6042A20D0D0A3D3DF8
:1097D0003D2053495354454D4120494E4943494149
:1097E000444F203D3D3D0D0043414E207374617256
:1097F000746564204F4B0D0043414E2073746172B9
:1098000074204552524F520D0000000046726565AB
:1098100052544F5320696E6974204F4B0D00000065
:1098200041637175697265207461736B2073746133
:10983000727465640D0000005061636B61676520A0
:109840007461736B20737461727465640D00000041
:10985000547843414E207461736B20737461727449
:1098600065640D005B54454D505D20252E32662009
:10987000430D0A00747843414E0000007061636B31
:109880006167650061637175697265005B43414E94
:109890002054585D204552524F5220616C20656E15
:1098A000766961722049443D3078253033580D0A7D
:1098B0000000000049444C450000000046414C4C6B
:1098C000C39300004F4B0000496E696369616E6489
:1098D0006F2073656375656E6369612064652064DC
:1098E00065737065727461722043414E2E2E2E0D89
:1098F0000000000053616C69646120646520536C52
:109900006565703A2025730D0A0000004552524FDC
:10991000522043414E20494E49540D0043414E20B0
:10992000494E495420657869746F736F210D0000AA
:10993000494E4600696E66004E414E006E616E00F3
:1099400030000000496E66696E697479000000009D
:109950004E614E005245454E54206D616C6C6F63F4
:109960002073756363656564656400002E2E2F2E79
:109970002E2F2E2E2F2E2E2F2E2E2F2E2E2F6E658B
:10998000776C69622F6C6962632F7374646C6962AF
:109990002F64746F612E630042616C6C6F6320737F
:1099A00075636365656465640000000030313233BF
:1099B00034353637383941424344454600000000CB
:1099C0003031323334353637383961626364656635
:1099D00000000000232D302B20000000686C4C009C
:1099E00065666745464700002C2066756E6374699E
:1099F0006F6E3A2000000000617373657274696FC6
:109A00006E2022257322206661696C65643A2066A7
:109A1000696C6520222573222C206C696E652025D7
:109A200064257325730A00002E2E2F2E2E2F2E2E26
:109A30002F2E2E2F2E2E2F2E2E2F6E65776C6962D5
:109A40002F6C6962632F7374646C69622F6D70721E
:109A500065632E630000000043000000504F53492F
:109A6000580000002E00000001020000020304055F
:109A7000060708090A0B0C0D0E0F1010010200005A
:109A800002030405060708090A0B0C0D0E0F10103F
:109A900000000000010203040000000000000000BC
:089AA000010203040607080996
:089AA8009486FF7F010000001D
:049AB0007901000830
:049AB4005101000854
:109AB8000000000003000000F0010020100000205A
:109AC80000000000F001002058020020C002002021
:109AD800000000000000000000000000000000007E
:109AE800000000000000000000000000000000006E
:109AF800000000000000000000000000000000005E
:109B0800000000000000000000000000430000000A
:109B1800000000000000000000000000000000003D
:109B280000000000000000000000000043000000EA
:109B3800000000000000000000000000000000001D
:109B480000000000000000000000000043000000CA
:109B580000000000000000000000000000000000FD
:109B680000000000000000000000000043000000AA
:109B780000000000000000000000000000000000DD
:109B8800000000000000000000000000430000008A
:109B980000000000000000000000000000000000BD
:109BA800000000000000000000000000430000006A
:109BB800000000000000000000000000000000009D
:109BC800000000000000000000000000430000004A
:109BD800000000000000000000000000000000007D
:109BE800000000000000000000000000D53B000855
:109BF800693D000800000000C0960008649A00084B
:109C0800B0980008B0980008B0980008B09800080C
:109C1800B0980008B0980008B0980008B0980008FC
:109C2800B0980008FFFFFFFFFFFFFFFFFFFFFFFFE8
:109C3800FFFF0000010041534349490000000000B4
:109C4800000000000000000000000000000000000C
:109C58000000000000004153434949000000000093
:109C680000000000000000000000000000000000EC
:109C780000000000000000001000000000127A0040
:049C8800AAAAAAAA30
:04000005080094D982
:00000001FF
