:020000040800F2
:10000000005000201DA20008855B0008875B0008E7
:10001000895B00088B5B00088D5B00080000000016
:10002000000000000000000000000000E19900084E
:100030008F5B000800000000819A0008C59A000844
:1000400065A2000865A2000865A2000865A2000874
:1000500065A2000865A2000865A2000865A2000864
:1000600065A2000865A2000865A2000865A2000854
:1000700065A2000865A2000865A2000865A2000844
:1000800065A2000865A20008B15B000865A200082F
:1000900065A2000865A2000865A2000865A2000824
:1000A00065A2000865A2000865A2000865A2000814
:1000B000915B0008A15B000865A2000865A200082A
:1000C00065A2000865A2000865A2000865A20008F4
:1000D00065A2000865A2000865A2000865A20008E4
:1000E00065A2000865A2000865A2000800000000E3
:1000F0000000000000000000000000000000000000
:0C01000000000000000000005FF808F1A3
:100110000348044B834202D0034B03B11847704796
:10012000D8010020D8010020000000000548064B3F
:100130001B1AD90F01EBA301491002D0034B03B1E5
:1001400018477047D8010020D801002000000000A7
:1001500010B5064C237843B9FFF7DAFF044B13B10F
:100160000448AFF300800123237010BDD8010020A4
:100170000000000068A2000808B5044B1BB1044948
:100180000448AFF30080BDE80840CFE7000000005E
:10019000DC01002068A2000820F0030110F0030039
:1001A000C0F1000051F8043B00F1040C4FEACC0C04
:1001B0006FF000021CBF22FA0CF213434FF0010C47
:1001C0004CEA0C2C4CEA0C4CA3EB0C0222EA030286
:1001D00012EACC1204BF51F8043B0430F4D0C2F14F
:1001E000000102EA0102B2FA82F2C2F11F0200EB40
:1001F000D200704770B50F4B0F4DAB42A3EB050615
:1002000007D00024B61055F8043B01349847A642A5
:10021000F9D80AF029F8094D094B5E1BAB424FEAA9
:10022000A60606D0002455F8043B01349847A642A0
:10023000F9D870BDF8A70008F8A70008F8A70008CB
:10024000FCA70008036A70B506460D468468002BBB
:1002500038D0A3891B0714D5236993B1013DA36846
:1002600015F8011F013BA360D9B1002B04DAA26984
:100270009A420FDC0A290DD023685A1C226019709B
:10028000EDE72146304601F0F7FE0028E6D04FF0BA
:10029000FF3070BD2246304602F02EFC0130DED128
:1002A000F5E7002B08DA22460A21304602F024FC4A
:1002B0000130ECD00A2070BD0A222368591C21604D
:1002C0001A70F7E700F0F4F8C3E700BF024B0146ED
:1002D0001868FFF7B7BF00BF0C0000200020704770
:1002E000024A0349034801F0A5BE00BF00000020F8
:1002F000B5060008100000200C4B416810B599426B
:10030000044601D000F0D6F9A168094B994202D009
:10031000204600F0CFF9E168064B994204D0204610
:10032000BDE8104000F0C6B910BD00BFF4010020C8
:100330005C020020C4020020002070472DE9F84331
:1003400000250423294C2A490822C4F8381104F155
:100350005C002946DFF89C90DFF89C80274F284EF0
:10036000C4E90335C4E90055C4E90555A5606566CF
:1003700000F0C6F8234B0822294604F1C400636745
:10038000C4E90849C4E90A87C4E91A55C4E91E55F5
:1003900026632567C4F8CC50C4F8805000F0B0F84C
:1003A000194B2946C4F8DC30082204F1680304F52F
:1003B0009670C4F88830C4E92398C4E92576C4E966
:1003C0003455C4E93855C4F8D850C4F83451C4F889
:1003D000E85000F095F804F1D003C4E93D98C4E971
:1003E0003F76C4F8F030BDE8F88300BFF401002088
:1003F000E1020008D5360008FD3600083D37000848
:10040000613700080900010012000200F8B5254B11
:100410000646D3F83831002B3CD0234FD7E90134BE
:10042000013B04D51DE05A1C04F1680419D0B4F94D
:100430000C50013B002DF6D11C4B08222946C4E983
:100440000155C4E90455E36065662560A56104F1C2
:100450005C0000F055F8C4E90D55C4E9125520467A
:10046000F8BD3D680DB12F46D8E74FF4D671304640
:1004700000F008FD044680B10423056029462546A6
:100480000C304FF4D072A060636000F039F83C602B
:100490002F46C3E7FFF752FFBFE70C2338603360F6
:1004A000DDE700BFF4010020000000200100FFFF95
:1004B000036A03B17047044B044AD3F8383102622F
:1004C000002BF7D13AE700BFF4010020F902000841
:1004D000704700BF704700BF0020024A024901F088
:1004E000A9BD00BF00000020DD0200080020024A74
:1004F000024901F09FBD00BF000000203903000841
:1005000070B5860747D0541E002A3ED00346CAB2B3
:1005100001E0013C39D303F8012B9D07F9D1032CED
:100520002CD9CDB205EB05250F2C1A4605EB054558
:1005300034D9A4F1100C2CF00F0603F1100EB644C0
:100540004FEA1C1CC2E90055C2E90255103272453F
:10055000F8D10CF1010214F00C0F03EB021204F0BD
:100560000F0C13D0ACF1040323F003030433134442
:1005700042F8045B9342FBD10CF003042CB1C9B2E6
:100580001C4403F8011BA342FBD170BD6446134613
:10059000002CF4D1F9E703461446C0E7A446E1E78E
:1005A000F8B5B1F90C300C461E07074639D44A6835
:1005B000002A53DDE56A002D31D000223E683A6002
:1005C00013F48052216A55D101233846A847451CAF
:1005D000024663D0B4F90C30E56A216A580705D5A4
:1005E0006368D21A636B0BB1236CD21A00233846AE
:1005F000A847421C40D00022236962602360A3897F
:10060000DB0400D56065616B3E6041B104F14403D9
:10061000994202D0384601F0AFFC0023636300200A
:10062000F8BD0E69002EFAD09B0718BF00230D6895
:1006300008BF4B690E60AD1B8B600CE02B46324649
:10064000D4F828C03846216AE047B0F1000CA5EB89
:100650000C05664406DD002DF0DCE0E70A6C002A9C
:10066000A8DCDCE7B4F90C3043F040034FF0FF3076
:10067000A381F8BD626DB1E73968B4F90C301D296A
:10068000F2D80B4ACA40D507EED500226260226933
:100690002260DA04B7D50029B4D0B4E73B68002B58
:1006A00098D01D2B01D0162BDCD13E60B7E700BFE0
:1006B000010040200B69B3B110B5044682B008B107
:1006C000036A5BB1B1F90C3013B9002002B010BD60
:1006D000204602B0BDE81040FFF762BF0191FFF76E
:1006E000E7FE0199EEE70020704700BFB8B138B5CA
:1006F0000D4A0369044615682BB10DB12B6A53B13D
:10070000B4F90C300BB9002038BD21462846BDE8AD
:100710003840FFF745BF2846FFF7CAFEF0E7034A17
:100720000349044801F086BC0C00002000000020B2
:10073000B506000810000020014B1868704700BF84
:100740000C0000202DE9F04D002B88B014461D460A
:10075000109E1299DDF8508041DB0022B8F1650F40
:100760000A7039D040DCB8F1450F35D0B8F1460FEA
:100770005FD103230093139B2246CDE9016307ABAE
:10078000049306AB03932B4600F09CFC074628F02D
:100790002003462B07EB060805D13B78302B3CD0D5
:1007A000139B1E68B044204629460022002304F013
:1007B000E5F800283BD1079B984506D930215A1C03
:1007C00007921970079B4345F9D33846159ADB1BEE
:1007D000136008B0BDE8F08D02230136CAE703F1CB
:1007E000004B2D225D46B9E7B8F1660FC1D0139BCF
:1007F0002246CDE901630223009307AB049306ABC5
:1008000003932B4600F05EFCB8F1670F0746BED19C
:10081000119BDB0721D4079BD7E70022002320464A
:10082000294604F0ABF8D8B1139B1B6898444346A3
:10083000CBE7139B2246CDE901630223009307AB6C
:10084000049306AB03932B4600F03CFCB8F1470F32
:1008500007469CD1119BDB07DDD507EB0608A2E715
:10086000139BC6F101061E609CE700BF0029B4BFC0
:100870002D232B2330B5B8BF4942092983B002701C
:1008800043702CDD0DF107042346194D8C461A46A2
:10089000A5FB01E3DB0803EB830EA1EB4E0101F1A5
:1008A000300EBCF1630F194602F801EC02F1FF3380
:1008B000ECDC303103F8011C931EA34200F1020569
:1008C0000AD2411C13F801CBA34201F801CFF9D1A0
:1008D0000DF109039B1A1D44281A03B030BD3023C3
:1008E000051D1944C1708370281A03B030BD00BFC4
:1008F000CDCCCCCC2DE9F04F91B00C46DDF8688022
:1009000016461F46054602F031FF036818460A9353
:10091000FFF742FC00230E93D8F800300B9007330A
:1009200023F0070303F10802D4F800A094F818B0EC
:10093000C8F80020D3E9008929F000430993CDF8D5
:1009400020804FF0FF32DDE90801C4E91289A04B95
:1009500004F046F840B9DDE908014FF0FF329C4B46
:1009600004F020F8002877D042464B4640464946DE
:1009700004F036F8002840F03B8263684AF4806156
:100980005A1C0BF0DF0A35D0BAF1470F00F028816E
:10099000009321600191002106910EA905910DA9F6
:1009A00003910DF1330142464B462846CDF810B075
:1009B0000291FFF7C7FE8046BBF1650F0D993AD94A
:1009C000BBF1660F00F02E810E9B8B4240F3358108
:1009D0000029CCBF0122C1F10202134423614FF070
:1009E000000AA1659DF83330002B4DD02D2384F8EB
:1009F000433049E0216001910021062006910EA9B3
:100A0000CDF810B0606005910DA903910DF133018F
:100A1000424600904B4628460291FFF793FEBAF1FA
:100A2000470F8046C8D10D99C81C80F2F480ABF105
:100A3000020B5FFA8BFB5A46013904F150000D910D
:100A4000FFF714FF0E9A82461318012A236140F320
:100A5000428101332361C5E7404649460022002315
:100A600003F096FF10B12D2384F843302AF00403DD
:100A700023600323574A2361574B4FF0000ABBF111
:100A8000470F8CBF9046984633462146284600972C
:100A90000FAA01F0D9FB013023D0236858052BD4CD
:100AA0004246314628462369B847013019D02268AA
:100AB0009207E0680F9B19D5984217DD4FF00008A8
:100AC00004F1190904E0E0680F9BC21A42450DDDEC
:100AD00001234A4631462846B847013008F101084B
:100AE000F1D14FF0FF3011B0BDE8F08F9842B8BFA0
:100AF000184611B0BDE8F08FBBF1650F33D9D4E9CA
:100B000012010022002303F039FF002800F09D802D
:100B1000012331462846314AB8470130E1D0DDE9AA
:100B20000D3A534502DB2268D107C1D5DDE90A231E
:100B300031462846B8470130D3D0BAF1010FB6DDAF
:100B40004FF000080AF1FF3A04F11A0901E0D0451C
:100B5000ADD001234A4631462846B847013008F156
:100B60000108F4D1BDE7DDF83890B9F1010F40F389
:100B70009D800123424631462846B8470130B0D017
:100B8000DDE90A2331462846B8470130A9D0D4E927
:100B900012010022002309F1FF3B03F0EFFE0028C1
:100BA00000F09E80B9F1010F40F38B804FF00008F8
:100BB00004F11A0902E0D84500F0838001234A4677
:100BC00031462846B847013008F10108F3D188E7DB
:100BD000FFFFEF7F7CA6000878A6000888A6000823
:100BE0000BB90123636000932160019100210691FC
:100BF0000EA905910DA903910DF133014246029111
:100C00004B462846CDF810B0FFF79CFD0D99804665
:100C1000C81CFFF60CAF636899423FF708AF4FF06E
:100C2000670BD1E6002963685EDD2161002B00F0CF
:100C30008D8001330B442361D1E623682161DB07FA
:100C40007FF5CDAE4B1C2361C9E60D9B002B52DD19
:100C50000E9BD4F858B099465B45A8BFD946B9F168
:100C6000000F089309DD4B46424631462846B847F7
:100C700001303FF436AFD4F858B029EAE972934511
:100C800071DD4FF0000A934604F11A0904E0A36DE8
:100C9000A3EB0B02524565DD01234A463146284647
:100CA000B84701300AF1010AF1D11AE7D9073FF537
:100CB00060AF4246012331462846B84701303FF431
:100CC00010AF53463146284604F15002B847013070
:100CD0007FF4EDAE05E72268D2077FF583AEB8E674
:100CE0005B4608F10102E6E7002B34D12268D20707
:100CF00031D4012372E60123314628464B4AB847D6
:100D000001303FF4EEAEDDE90D3A5AEA030324D098
:100D1000DDE90A2331462846B84701303FF4E1AE09
:100D20000D9B002B79DA4FF0000B04F11A0903E058
:100D30000D9B5B425B4570DD01234A4631462846E8
:100D4000B84701300BF1010BF2D1CAE62268D00797
:100D50007FF545AE6DE7023340E62268D3077FF5A5
:100D6000A7AED5E79B460D9B089A9A4202DC226803
:100D7000D00708D5DDE90A2331462846B8470130B7
:100D80003FF4AFAE0D9B089AA2EB0B0AD31A9A451B
:100D9000A8BF9A46BAF1000F91460BDD5346314683
:100DA000284608EB0B02B84701303FF49AAE4A469A
:100DB0000D9BD31A2AEAEA7A53457FF778AE4FF0B3
:100DC0000008DDF820B004F11A0907E00D9BABEB39
:100DD0000303A3EB0A0343457FF769AE01234A46A9
:100DE00031462846B847013008F10108EED178E6CF
:100DF0004B46002BBCBF2D2384F843302AF004035C
:100E0000236003230A4A23610A4B4FF0000ABBF117
:100E1000470F8CBF9046984636E6534642463146C9
:100E20002846B84701307FF442AE5AE688A600084B
:100E300084A6000880A6000870B5114E05463368E8
:100E40000C46BBB12146284602F032FC431C014649
:100E50000CD0C41C24F00304A04205D02846611A1B
:100E600002F026FC013001D0204670BD4FF0FF3467
:100E7000204670BD194602F01BFC3060E2E700BF5F
:100E8000300300202DE9F843CD1C25F0030508357B
:100E90000C2D38BF0C25002D064618DBA94216D8AC
:100EA000DFF8DC8001F0A4FBD8F80420A2B11446DE
:100EB00003E0636822467BB11C4623685B1BF8D4C1
:100EC0000B2B1FD89442636854D053600CE00C2362
:100ED00033600020BDE8F88329463046FFF7ACFFB9
:100EE000431C044619D00560304601F083FB04F131
:100EF0000B00231D20F00700C21A1CBF1B1AA350B1
:100F0000BDE8F88361199442256014BF5160C8F8A8
:100F10000410635163684B60E6E7D8F804701FB3B0
:100F20003C467F68002FFBD123683946304604EBEE
:100F3000030902F0BDFB814516D123683046ED1A46
:100F40002946FFF779FF01300ED02368D8F8042036
:100F50002B442360536883B1A34203D01A465B68D5
:100F60009C42FBD10023B0E70C233046336001F0F4
:100F700041FBAEE7C8F80430B6E7C8F80470B3E741
:100F800030030020000000002DE9F04F03690C69D8
:100F900085B0A342C0F291808146013C01F1140565
:100FA00009F1140855F8243058F824C001339C4541
:100FB000BCFBF3F64FEA840005EB840708EB8402E0
:100FC00043D34FF0000CAA46CDE90105C64663465F
:100FD00065469346CDF80C805AF8040BDEF80020E5
:100FE0001FFA80FC06FB0C554FEA10484FEA154CDF
:100FF00006FB08CCADB290B2401B18441FFA8CF32C
:10100000C3EB204303EB124380B240EA0340574551
:101010004EF8040B4FEA1C454FEA2343DCD2DDE9CE
:101020000105DDF80C8058F8003073B9ABF104020B
:10103000904504D307E0904504F1FF3403D252F801
:101040000439002BF7D0C9F81040484602F0CEF81A
:1010500000282EDB4146002255F8040BD1F800C0D1
:101060001FFA80FE1FFA8CF3A3EB0E031344020C4D
:10107000C2EB234202EB1C429BB243EA0243AF4263
:1010800041F8043B4FEA2242E6D258F8242008EB0C
:1010900084036AB9043B434504D807E0984504F14A
:1010A000FF3403D253F80429002AF7D0C9F81040BE
:1010B0000136304605B0BDE8F08F002005B0BDE830
:1010C000F08F00BF2DE9F04F16461F46C5699DB051
:1010D000CDE90667299C0390002D00F0B2832968B2
:1010E00051B101236A6893404A608B6001F0B8FDFA
:1010F0000022039BDB691A60B7F10009B4BF01232A
:1011000000232360784BBCBF29F00049CDF81C9028
:1011100033EA090300F0AE80DDE9063418462146C3
:1011200000220023CDE9040103F028FC804668B1C9
:101130000123289A13602A9B13B16C4B2A9A1360DF
:101140006B4B089308981DB0BDE8F08F1AAB019364
:101150001BAB00930398DDE9042302F0A5F95FEAD5
:101160001955824640F09C80DDE91A85454405F218
:101170003243202B40F39983C3F1400309FA03F96A
:1011800005F2124326FA03F349EA030003F014F9C7
:101190000123013D1193A1F1F8710022554B02F09A
:1011A000CDFF4BA3D3E9002303F080F94AA3D3E991
:1011B000002302F0C5FF064628460F4603F00CF94F
:1011C00047A3D3E9002303F071F902460B463046EA
:1011D000394602F0B5FF06460F4603F017FC002221
:1011E0000446099000233046394603F0D1FB00281D
:1011F00040F03483099CA8EB0508162C08F1FF3B4E
:1012000000F21383DDE904013B4B03EBC403D3E994
:10121000002303F0BDFB002874D0631E0993002354
:10122000BBF1000F1093C0F2068300230B93099BC0
:10123000002B6DDA099B0B9A0E93D21A5B420F9327
:1012400000230993269B0B92092B69D8052BC4BF59
:10125000043B2693269BC8BF0025A3F10203D8BFF9
:101260000125032B00F24C86DFE813F07A047704A3
:101270006E04500442F20F73289AC9F3130959EA15
:10128000060913601CD12A9B002B00F02F861B4BF4
:10129000089308332A9A089813601DB0BDE8F08FB0
:1012A000DDE90412C2F31303084643F07F51CDF881
:1012B0004480A5F2FF35DDF8688041F440116CE709
:1012C0002A9B002B40F0FE830D4B08933AE700BFAA
:1012D00061436F63A787D23FB3C8608B288AC63F3C
:1012E000FB799F501344D33F0000F07F89A600088C
:1012F00088A600080000F83F00A300088CA600089C
:1013000098A60008B8F1000F40F3AF8410900B903E
:10131000099B9B440E9300230F93269B092B95D981
:10132000002326934FF0FF3301250A9300230C95E9
:1013300027930021039BDB6959600A9B189303984C
:1013400001F04EFC0890002800F0E385039B089A0A
:10135000DB691A600A9B0E2B00F20D81002D00F054
:101360000A810E99002940F34E84AE4B01F00F0222
:1013700003EBC2030A46D3E90067D2054FEA211501
:1013800040F11084DDE90401A74B4FF00309D3E9D4
:10139000082303F0B5F9CDE9120105F00F058DB171
:1013A000DFF88482EB0709D5D8E9002330463946B7
:1013B00003F07CF806460F4609F101096D1008F1AB
:1013C0000808EFD1DDE912013B46324603F098F9F7
:1013D00007468846109B43B1002238464146934B4E
:1013E00003F0D6FA002840F01285484602F0F4FFD8
:1013F0003A46434603F05AF88D4B002202F0A0FE15
:101400000A9B0446A1F15075002B00F09D800E9BB5
:1014100019930A9B12934146384603F0F7FA129942
:10142000804BCDE9144503EBC10353E90234054673
:10143000CDE9163402F0D0FF0B460246414638464D
:1014400002F07CFE089F0C9B30357E1CECB280467F
:1014500089463546002B00F06B84DDE91623002019
:10146000744903F04DF9DDE9142302F067FE3C7086
:1014700042464B4604460D4603F0A8FA002840F0C9
:10148000B984CDF858B0CDF850A0AB460027A2469D
:10149000129D2AE00137AF4280F20185504659463D
:1014A0000022654B03F002F80022634B82468B4614
:1014B0004046494602F0FAFF8946804603F0A6FA04
:1014C000044602F089FF02460B464046494602F0B8
:1014D00035FE303452465B4606F8014B804689465D
:1014E00003F056FA002840F0D78442464B460020CD
:1014F0004E4902F023FE52465B4603F049FA0028AB
:10150000C8D0199B3746DDF850A0089A03F10108AE
:1015100002E0974200F0A1843E4617F8013D392BC6
:10152000F7D00133DBB245463B706DE1484602F02F
:1015300053FF3A46434602F0B9FF00223C4B02F00B
:10154000FFFD0446A1F15075384600223B4B414651
:1015500002F0F4FD22462B4606460F4603F036FA0B
:10156000002840F0898430463946224605F1004380
:1015700003F00EFA28BB1B9B002BC0F291800E9A41
:101580000E2A00F38D80274B0E9A03EBC203D3E99A
:101590000034CDE90634279B002B19DA0A9B002B77
:1015A00016DC0ED1DDE906010022244B02F07EFF9D
:1015B00002460B46DDE9040103F0F4F9002800F0CF
:1015C0005B8400231F46089E0493279BDD4340E273
:1015D000089B5D1CDDE90678DDE904013A464346D7
:1015E00003F08EF803F012FA064602F0F5FE3A46D2
:1015F000434602F05BFF02460B46DDE9040102F0C0
:101600009DFD089A06F1300313700A9B2F46012BAB
:1016100000F036830125CDF810A0A846DDE906AB21
:1016200099462BE000A30008F0A300080000F03F5B
:1016300000001C400000E03F000024400000144077
:1016400052465B462046294603F05AF803F0DEF97D
:10165000064602F0C1FE52465B4602F027FF08F143
:1016600001080B4602462946204602F067FD06F1B6
:101670003003C84507F8013B00F0008300228D4B82
:1016800002F014FF0022002304460D4603F076F911
:101690000028D5D00E9D3E46DDF810A00135B3E000
:1016A0000C9A002A40F0EE8000231F460F9E0B9DEF
:1016B0000C9365B1BBF1000F09DD5D452B46A8BF5A
:1016C0005B460B9AED1AD21A0B92ABEB030B0F9BF6
:1016D00053B10C9B13B1002E40F00B8351460F9A6F
:1016E000039801F09FFC82460121039801F0D2FB90
:1016F000099B0490002B40F0D081269B012B40F3E6
:10170000E6810120584410F01F0000F0B480C0F1C1
:101710002003042B40F3F5810B9BC0F11C00034414
:101720000B93054483440B9B002B05DD51461A4661
:10173000039801F0E7FC8246BBF1000F05DDDDE90F
:1017400003015A4601F0DEFC0490109B002B40F090
:1017500089810A9B002B40F361810C9B002B40F098
:10176000B8800E9D01350126DDF82080049CDDF84F
:1017700028B0DDF80C9007E0514600230A224846C5
:1017800001F092FA8246013621465046FFF7FCFBF3
:10179000B34500F1300008F8010BEDDC0A9B8146EF
:1017A000002BCCBF1E4601260024089B03EB060B32
:1017B00051460122039801F0A5FC0499824601F0EC
:1017C00015FD002840F30282089A02E0934500F0DC
:1017D00015821BF8013C5E46392B0BF1FF3BF5D01F
:1017E00001338BF80030DDE90381404601F038FA1F
:1017F00057B12CB1BC4203D02146404601F030FA2B
:101800003946039801F02CFA5146039801F028FA62
:1018100000233370289B1D602A9B002B3FF492AC61
:1018200008981E601DB0BDE8F08F0123BBF1000FCA
:101830001093BFF6FAACC8F101034FF0000B0B9305
:10184000F5E4102000F0F0FC039BD861002800F0C4
:101850005183C0E90055C0E902554DE4204602F02D
:10186000BBFD32463B4603F089F800287FF4C2AC4A
:10187000631E0993BEE41C230B9A1D441A440B9269
:101880009B4450E7269A012A40F3AB810A9A0F9BAA
:10189000561EB342C0F26781002AA3EB060680F20F
:1018A000EF82DDE90A239D1A6AE1C3F1200306FAFB
:1018B00003F06BE400002440394600230A22039819
:1018C00001F0F2F9189B0746002B40F302830E96B5
:1018D0000A93002D05DD39462A46039801F012FCD3
:1018E0000746099B002B40F0E881B846089B0A9CFC
:1018F0001E46013B1C44069B03F00103CDE90A434D
:10190000039C04995046FFF73FFB394683465046F7
:1019100001F06CFC049905464246204601F086FC25
:10192000C36801460BF13009ABBB0990504601F08A
:101930005DFC09990990204601F092F9099A002A64
:1019400054D1269B1BB90B9B002B00F0AE82002DBF
:101950003FDBB3460A9B0BF8019BB34200F0C48106
:10196000514600230A22204601F09EF9474582464F
:1019700039464FF000034FF00A02204630D001F004
:1019800093F9414600230A220746204601F08CF9CC
:101990005E468046B5E7039801F062F9002D06DB4C
:1019A000069B03F00102269B1D432A4329D1514681
:1019B0000122039801F0A6FB0499824601F016FC6F
:1019C000002840F3F780B9F1390F00F04B820BF19A
:1019D00031090E9D3C460135474606F8019B02E75A
:1019E00001F062F95E46074680468AE7002DC0F2A4
:1019F000A282269B1D430B9B1D4300F09C82002A64
:101A0000A7DDB9F1390F00F02D820E9D09F1010318
:101A10003C460135474606F8013BE4E6269B022B8F
:101A20007FF79BAE0A9B002B40F02681052204998C
:101A3000039801F039F901460490504601F0D6FBB5
:101A4000002840F3198131230E9D089E013506F8C8
:101A5000013BDDE9030101F003F90135002F7FF4BB
:101A6000CFAED1E65046049901F0C0FB0028BFF686
:101A700070AE514600230A2203980E9C01F014F91F
:101A80000C9B8246661E002B7FF416AF189B002B22
:101A900040F312820E9D0A9365E601461A460398AA
:101AA00001F0C0FA269B0490012B6FDD00230993FF
:101AB000049A136902EB8303186901F09BF9C0F1E2
:101AC00020001FE6964B08930333FFF7E3BB069B0A
:101AD000002B7FF416AEDDE90612C2F31303002BD0
:101AE0007FF40FAE8F4B13402BB10B9B0BF1010B0F
:101AF00001330B930123099A0993002A3FF401AEA5
:101B0000D6E73FF410AEC0F13C03B5E601230C93D9
:101B1000279B0E9A134418930133012B1F46B8BF1D
:101B200001270A93039B172FDE6940F200820122EE
:101B300004235B0003F11400B842114602F10102D4
:101B4000F7D97160FFF7FBBB01230C93279B002B98
:101B500037DD1F4618930A93E4E700230C93D7E779
:101B600000230C93F2E70F9B0F96F31A0026099AB5
:101B70001A4409920B9B0A9A1D46134493440B93F3
:101B80000121039801F086F9074692E5069B002B98
:101B90008CD1DDE90601C1F313030A46002BA1D065
:101BA000099085E7DDE904344FF00209CDE91234EC
:101BB000FFF7F5BB7FF40DAF19F0010F7FF403AF12
:101BC00007E7012327930A93FFF7B3BB03D119F06B
:101BD000010F7FF4F9AD5E461BF8013D302BFAD0C2
:101BE00001E6119A002A00F0088103F233430B9AB0
:101BF0000F9E15461A449B440B92C1E73123089A65
:101C000001351370EFE500F0FC80DDE904010E9A68
:101C1000454B554205F00F0203EBC203D3E9002305
:101C200002F044FC2D11CDE9120100F0598100238E
:101C30004FF00209074688463C4EEC070AD5D6E924
:101C400000233846414602F031FC0123074688460E
:101C500009F101096D1006F10806EED1002B7FF4A1
:101C6000B9ABDDE91278FFF7B5BBC8F101038346D4
:101C70000B931090FFF74CBB089EA6E4DDF810A074
:101C800002460B4602F05CFA02460B460E9DCDE979
:101C90000423DDE906230135A84602F097FE40B98A
:101CA000DDE90623DDE9040102F068FE18B1F00762
:101CB00001D5089A30E43E46A6E50398796800F01D
:101CC0008FFF0546002800F02B813B6907F10C01CE
:101CD00002339A000C3000F031FA012229460398B1
:101CE00001F010FA804601E60E9D3C46013547465C
:101CF0005EE5039C39463246204601F093F90746DB
:101D000052463946204601F0DBF8514682462046CD
:101D100000F0A6FF0F9B9B1B0F933FF4E5ACDDE4A7
:101D200098A600080000F07F00A30008F0A30008B8
:101D3000DDE91623DDE9140102F0B8FB089BCDE9CB
:101D40000C011C70129B012B00F0C180129F089B9C
:101D500011961F440022804B4046494602F0A6FBE4
:101D60000D46044602F052FE814602F035FB024663
:101D70000B462046294602F0E1F909F1300906F840
:101D8000019BB74280468946E4D1119D0022DDE9DE
:101D90000C01724B02F0D4F902460B46404649460C
:101DA00002F014FE002871D1DDE90C2300206B49FC
:101DB00002F0C4F902460B464046494602F0E8FDEF
:101DC00088B91B9B002BFFF66FAC0E9B0E2B3FF7C9
:101DD0006BAC634B0E9A03EBC203D3E90034CDE93D
:101DE0000634FFF7F7BB17F8013C3E46302B07F1EE
:101DF000FF37F8D0199D013506E51A9BC3F136036C
:101E0000F5E64FF00209DDE90478FFF7E3BA0A9B33
:101E1000002B3FF48BAB189C002C7FF7ACAB0E9BD8
:101E20003846013B4146002219934B4B02F03EFBE2
:101E300002468846174609F1010002F0CDFA3A46FB
:101E4000434602F033FB0022464B02F079F912942C
:101E5000A1F150750446FFF7DEBA312308F10108FD
:101E6000FFF761BBB34639230E9D3C46089A4746AF
:101E700001350BF8013BACE400231F460493E2E577
:101E80000B9B93441D4613440B9379E6199B089AC8
:101E900003F10108FFF740BBDDF850A0AAE7DDF829
:101EA00058B0DDF850A0FFF766BBB9F1390FD9D0B3
:101EB000002D3FF78CAD8CE5269B022B03DC189B95
:101EC0000E9D0A934FE4189B0E960A93AAE5374697
:101ED0005CE7269B022BF6DC189B0E960A93F8E42F
:101EE0004FF00209DDE91278FFF774BA1E4B089330
:101EF000FFF728B90246EF211C4B1D4800F04AFEAF
:101F0000002503982946C3695D6000F069FE0890CA
:101F1000A8B9002240F2AF11164B154800F03AFE66
:101F2000024640F2EF21134B114800F033FE00212E
:101F30007160FFF704BA002A3FF739AD49E5039B0A
:101F40000899DB694FF0FF32196001232795189239
:101F50000C930A92FFF70FBB000024400000E03F03
:101F600000A3000800001C408CA600089CA60008E6
:101F7000B4A60008E0A60008002950D038B551F8F2
:101F8000043C0C1F002BB8BFE418054600F030FBE2
:101F9000274A13682BB1A3420CD9216860188342E9
:101FA0002CD0284663601460BDE8384000F022BBA6
:101FB000A3420FD81A465B68002BF9D1116850185C
:101FC000844217D02CD3636054602846BDE8384063
:101FD00000F010BB11685018A04214D020D821681E
:101FE00060188342EFD118685B680844C4E90003B5
:101FF0005460EAE723680B441360E6E718685B68FF
:1020000008442060CDE720680144501883421160E5
:10201000DBD1D3E900040144C2E90014D5E77047DD
:102020000C2328462B60BDE8384000F0E3BA00BF1F
:10203000340300202DE9F8434FF0000980460F4695
:102040001646D6E90154013D10D4A389012B08D9C5
:10205000B4F90E30013304D021464046B84749EA6E
:102060000009013D6B1C04F16804EED13668002EB6
:10207000E7D14846BDE8F88338B52F4B05461B68C5
:102080000C4613B11A6A002A4BD0B4F90C30180769
:102090001CD5226922B313F0010107D00020616929
:1020A000A0604942A1613AB1002038BD980758BFED
:1020B0006169A160002AF7D1190658BF1046F4D50E
:1020C00043F04003A3814FF0FF3038BDD9062CD533
:1020D0005A0712D4226943F00803A381002ADAD1F7
:1020E00003F42071B1F5007FD5D02146284600F0D9
:1020F00083FAB4F90C302269CDE7616B51B104F178
:102100004402914204D02846FFF736FFB4F90C3060
:10211000002262630021226923F02403C4E9002124
:10212000D9E71846FEF7C4F9AFE7092243F04003A8
:102130002A60A381C7E700BF0C000020844641EA63
:10214000000313F0030349D1403A23D30B68036023
:102150004B6843608B688360CB68C3600B69036125
:102160004B6943618B698361CB69C3610B6A03620D
:102170004B6A43628B6A8362CB6AC3620B6B0363F5
:102180004B6B43638B6B8363CB6BC36340304031DA
:10219000403ADBD230320BD30B6803604B684360AC
:1021A0008B688360CB68C36010301031103AF3D273
:1021B0000C3205D351F8043B40F8043B043AF9D201
:1021C000043208D0D2071CBF11F8013B00F8013BD4
:1021D00001D30B8803806046704700BF082A13D3E1
:1021E0008B07B1D010F00303AED0C3F10403D21AB1
:1021F000DB071CBF11F8013B00F8013BA4D331F809
:10220000023B20F8023B9FE7043AD9D3013A11F888
:10221000013B00F8013BF9D20B7803704B78437017
:102220008B78837060467047024B01461868FEF752
:1022300029BE00BF0C000020024B01461868FFF7C2
:102240009BBE00BF0C0000202DE9F84F92461F46B0
:102250000A698B680C469A42B8BF1A46CAF8002031
:1022600091F843300646DDF8289013B10132CAF8E0
:102270000020226891065FD5DAF800300233CAF8F0
:102280000030226812F0060F11461DD1E168994214
:10229000D8BF114618DD4FF0000804F1190B05E016
:1022A000E568DAF80030ED1A45450CDD01235A46A1
:1022B00039463046C847013008F10108F0D14FF0E7
:1022C000FF30BDE8F88F216894F84330003B18BF19
:1022D00001238A060AD53021E21882F8431094F8C7
:1022E00045105A1C2244023382F8431039463046C6
:1022F00004F14302C8470130E1D0D4E90220236849
:10230000DAF8005003F00603042B21691BD08A423F
:1023100020DD4FF00008521A904400251A3401E0E5
:10232000454517DA0123224639463046C847013071
:1023300005F10105F4D1C2E712F0060F0DD0003B04
:1023400018BF0123D2E7401B8A4220EAE078E2DC92
:102350000028E2DC0020BDE8F88FE168DAF8003000
:102360009942D8BF114696DCAEE700BF2DE9F04791
:1023700017460A7E84B00C46064698460C9D01F12D
:10238000430C002A35D0A2F15803D9B2202969D8CC
:10239000202B67D8DFE813F0E600660066006600D1
:1023A0006600660066006600660066006600AC00B7
:1023B00070006600660066006600700066006600D9
:1023C0006600660021008300C60066006600B60055
:1023D0006600830066006600EC002B682268181D0A
:1023E0006169286010061B6802D4520600F1E08083
:1023F00019600023E14623613B4621463046CDF873
:10240000008003AAFFF720FF013020D04A4639465A
:1024100030462369C047013019D02368E0689B0724
:10242000DDF80C9018D5484516DD002504F1190A91
:1024300004E0E068A0EB0903AB420DDD0123524646
:1024400039463046C047013005F10105F1D14FF062
:10245000FF3004B0BDE8F0874845B8BF484604B037
:10246000BDE8F087012084F8422004F142090023EE
:10247000206184F84330BFE72A682368111D1806DD
:10248000296002D4590600F19580106801460028A1
:102490006268C0F293804FF00A0E534815E020683E
:1024A0002B6810F0800F53F8041B02D1400648BF80
:1024B00089B26F2A14BF4FF00A0E4FF0080E4A4837
:1024C0002B600023626884F84330002AA26051DB4D
:1024D000236823F00403236000294BD1002A7BD119
:1024E000E146BEF1080F56D0ACEB0903236183E748
:1024F0002A680120116804322A6004F1420984F834
:102500004210B4E72B6800211A1D2A60D3F800900E
:102510006268484600F0F8F8002863D0A0EB090094
:102520006060A4E7236843F02003236078222F48EB
:1025300084F845202A6813F0800F52F8041B03D159
:1025400013F0400F18BF89B22A60DA0744BF43F086
:102550002003236019B9236823F0200323604FF080
:10256000100EAEE75823204884F845302368E1E791
:102570002368DBE77546E146B1FBF5F30A4605FB48
:10258000131A194610F80A30AA4209F8013DF3D28D
:10259000BEF1080FA8D12368DD07A5D562682369BD
:1025A0009A42A1DC302309F1FF3989F800309BE71A
:1025B00019801EE7B2F90010084668E72D20002AAE
:1025C000A26084F8430002DB23F0040323600A25A1
:1025D0000548AE464942CEE7037804F1420984F843
:1025E00042307EE7606842E7F4A6000808A70008CA
:1025F000704700BF704700BF70B5B1F90C300C4692
:10260000990796B007D5012204F14703C4E90432C3
:10261000236016B070BDB4F90E100546002929DB01
:102620006A4601F04FFB002822DB4FF48061284608
:10263000019EFEF727FC88B3A38906F4704643F099
:102640008003A3814FF48063B6F5005FC4E90403FF
:102650002060DED12846B4F90E1000F0C5F800283D
:10266000D7D0A38923F0030343F00103A381D0E76C
:10267000B4F90C3013F0800F14BF40264FF480667D
:1026800028463146FEF7FEFB40B1A389C4E90406A3
:1026900043F080032060A38116B070BDB4F90C3004
:1026A0009A05B6D4012123F0030304F1470243F055
:1026B0000203C4E90421A3812260AAE770B50C4695
:1026C000B1F90E10154600291E4696B00FDB6A467A
:1026D00001F0F8FA00280ADB019B4FF4806203F452
:1026E0007043A3F50053B3FA83F35B0907E0A289B3
:1026F000002312F0800F14BF40224FF480620020AC
:1027000033602A6016B070BD5FFA81FC810744D047
:102710000346511E22B909E09A0709D0013905D3B1
:102720001846027801336245F6D1704700207047A1
:10273000184603290CD80029F8D00346014401E0CB
:102740008B42F3D0184613F8012B6245F8D170473D
:1027500010B50CEB0C24024604EB044402E00439EF
:10276000032915D9104652F8043B6340A3F1013EFA
:102770002EEA030313F0803FF1D00346014401E049
:102780008B4208D0184613F8012B6245F8D110BDD2
:1027900010460029F1D1002010BD1146C9E700BF45
:1027A0000EB400B582B003AB53F8042B81680193DB
:1027B00000F068F802B05DF804EB03B0704700BFAA
:1027C0000FB400B5074A83B004AB106853F8042B6C
:1027D0008168019300F056F803B05DF804EB04B093
:1027E000704700BF0C000020002238B5064D04469B
:1027F00008462A6007F03CFA431C00D038BD2B681D
:10280000002BFBD0236038BD380300209368013BC8
:10281000002B936005DAD2F818C0634507DB0A295C
:1028200005D01368581C106008461970704700F0F6
:1028300063B900BF9BB1F8B5134406460F46541E5A
:102840005D1E01E0AC4208D03A46304614F8011F44
:10285000FFF7DCFF431CF5D1F8BD0020F8BD0020D8
:10286000704700BF936810B514461BB91846002383
:10287000636010BD00F082FF0023A360002363604B
:1028800010BD00BF2DE9F04FA1B08B4691461C460C
:10289000049018B1036A002B00F01381BBF80C30D0
:1028A000180740F18E80DBF81030002B00F0898093
:1028B000002343F220020D9399F800300127824E45
:1028C0000794ADF83920002B73D04D4603E015F87E
:1028D000013F002B7FD0252BF9D1B5EB090A7DD123
:1028E0002B78002B65D000234FF0FF320135CDE966
:1028F000092308930B938DF863301E9306E0254659
:10290000089B801B07FA00F0034308932C4605221E
:1029100014F8011B3046FFF7F7FEA1460028EED160
:10292000089BD90644BF20228DF863201A0748BFB0
:102930002B22297848BF8DF863202A2964D1079A71
:102940001168043200290792C0F296800B916978D1
:102950002E296FD05D4C03222046FFF7D5FE38B1FB
:102960004022089B001B8240134309F10109089390
:1029700019F8011B062256488DF83810FFF7C4FEDF
:1029800000287FD0534B002B69D007A900915A46ED
:102990000498514B08A9FDF7ADFF0390039B013349
:1029A00007D00D9B039A13440D9399F80030002B28
:1029B0008BD1BBF80C305B060AD40D9821B0BDE872
:1029C000F08F59460498FFF757FB00283FF470AF8B
:1029D0004FF0FF30F2E7B5EB090AEAD009F1FF3812
:1029E00005954546DDF8108001E0A2453ED92C460C
:1029F0005A46404615F8011FFFF708FF0234013020
:102A0000A4EB0904F1D1D4E7A1F13002092A88BF6F
:102A1000A9469DD80B9B00E00134217803EB83038A
:102A200002EB4303A1F13002092AF5D92E29A14670
:102A30000B938FD199F801102A292DD1079B09F109
:102A400002001A680433002A0793B8BF4FF0FF331F
:102A500099F8021009928146B8BF09937AE7079B5B
:102A6000073323F00703083307939AE70D99059D71
:102A700051442B780D9134E7494243F002030B9106
:102A8000089364E707A900915A460498124B08A9D5
:102A9000FFF76CFC039081E70023A1F13002092AC3
:102AA00009F1010909933FF655AF19F8011F03EB2E
:102AB000830302EB4303A1F13002092AF5D90993FC
:102AC00048E7FDF7F5FCE9E61CA7000824A7000885
:102AD00028A70008F5080008352800088C4600B52E
:102AE00086461346034A714610685DF804EB624659
:102AF000FFF7C8BE0C000020F8B506460D46144688
:102B000010B1036A002B37D0A269A389A2601A070B
:102B100019D52369BBB122686169D31AEDB2994214
:102B20002F4620DD0133A1680139A160511C2160CD
:102B3000157062699A420DD0A389DB0701D50A2D71
:102B400008D03846F8BD21463046FFF795FA38B927
:102B50002369E0E721463046FDF7ACFD0028F0D0C0
:102B60004FF0FF37EDE721463046FDF7A3FD002883
:102B7000F6D101232268D6E7FDF79AFCC4E700BF2F
:102B800003460A46024908681946FFF7B5BF00BF69
:102B90000C000020144600B51A460A4B0D461B686F
:102BA00085B0DE6803464CB10749019130460749BC
:102BB0000294009501F040F800F056FF04490C46DD
:102BC000F3E700BF0C00002030A7000840A7000872
:102BD000F8A5000808B513460022FFF7DBFF00BF89
:102BE00070B5C66905460C465EB1F368A3B153F8EB
:102BF0002400E8B1026843F824200023C0E903332D
:102C000070BD1020FFF710FB0646E861E8B1002315
:102C1000C0E90033C0E9023321220421284600F034
:102C20003DFFEB69F060DB68002BE0D1002070BD58
:102C30000121284601FA04F56A1D920000F02EFFDA
:102C40000028F3D0C0E90145D7E702466B21024BCB
:102C50000248FFF79FFF00BF9CA6000870A700086E
:102C600070B5C66905460C464EB13CB1EB69626869
:102C7000DB6853F82210216043F8224070BD102019
:102C8000FFF7D2FAE86120B1C0E90066C0E9026648
:102C9000EBE702468F21024B0248FFF77BFF00BFA4
:102CA0009CA6000870A700082DE9F0414FF0000E27
:102CB0000E461C460D69074601F1140001680EF12D
:102CC000010E8BB202FB0343090C4FEA134C02FBCB
:102CD00001CC9BB203EB0C43754540F8043B4FEA33
:102CE0001C44EBDC3CB1B368AB4207DD06EB85036B
:102CF00001355C6135613046BDE8F0817168384668
:102D00000131FFF76DFF804690B1326906F10C0189
:102D1000023292000C30FFF711FA3146464638462F
:102D2000FFF79EFF06EB850301355C613561E2E745
:102D30000246BA21014B0248FFF72CFFE0A600082B
:102D400070A700082DE9F8431E460C4626490833B3
:102D5000174681FB032C092E4FEAE3730546C3EBAC
:102D60006C0339DD4FF0010C00214FEA4C0C634538
:102D700001F10101F9DC2846FFF732FF014668B393
:102D8000089B092F43614FF00103036112DC0927FF
:102D90000A34BE420BDDF61B264414F8013B0A221E
:102DA0002846303BFFF780FFB4420146F5D1084684
:102DB000BDE8F88304F10909C8463C4418F8013B12
:102DC0000A222846303BFFF76FFFA0450146F5D1A8
:102DD000A7F108044C44DCE70021CCE70246D321EC
:102DE000024B0348FFF7D6FE398EE338E0A6000811
:102DF00070A70008B0F5803F03463ABF102083401B
:102E00000020B3F1807F3CBF1B020830B3F1805F2C
:102E10003CBF1B010430B3F1804F03D3002B06DB12
:102E2000013070479B0003D45B0003D4202070471F
:102E300002307047033070470368014613F0070201
:102E400009D0DA0721D498074BBF5B089B08012003
:102E500002200B60704798B2A0B11046DAB20AB9EE
:102E600008301B0A1A0704BF1B0904309A0704BF65
:102E70009B080230DA0703D45B0800F1010006D09A
:102E80000B6070471020C340E8E700207047202007
:102E9000704700BF10B50C460121FFF7A1FE0246A6
:102EA00018B10123C0E9043410BD40F24511024BB2
:102EB0000248FFF76FFE00BFE0A6000870A70008F9
:102EC0002DE9F04FD1F8108015690E46A8459246BD
:102ED00085B005DB2A46534645468A4690461E463F
:102EE000DAF80830DAF8041005EB0804A342B8BF9A
:102EF0000131FFF775FE002800F0898000F114070A
:102F000007EB840E774505D23B46002243F8042B9D
:102F10009E45FBD8143606EB88080AF1140946458D
:102F200009EB850566D2A5EB0A03153B23F00303E5
:102F30000AF1150A043355452CBF9B464FF0040B8C
:102F4000CDF808E08246AE46039405E0090C2AD18C
:102F5000B04507F104074AD956F8041B8DB2002D7D
:102F6000F4D0CC463C46002301965CF8040B216863
:102F700086B28AB205FB0622000C090C05FB001183
:102F80001A4401EB124192B242EA0142E64544F88A
:102F9000042B4FEA1143E8D8019E47F80B3056F84E
:102FA000041C090CD4D000223B6848461D463C4610
:102FB000944602889BB201FB02C202EB154243EA2F
:102FC000024344F8043B50F8043B25684FEA134C95
:102FD000ABB201FB0C33704503EB12434FEA134CC9
:102FE000E7D3B04547F80B3007F10407B4D8DDE963
:102FF00002E45046002C02DC05E0013C03D05EF800
:10300000043D002BF9D0046105B0BDE8F08F024605
:103010004FF4B171014B0248FFF7BCFDE0A6000878
:1030200070A700082DE9F04112F00303144607468B
:1030300082B02DD10E46A4101CD0FA698AB39568CF
:10304000002D39D0E3074FF0000806D4641011D0EA
:10305000286898B10546E307F8D531462A46384630
:10306000FFF72EFF0346314638461E46FFF7F8FDB0
:103070006410EDD1304602B0BDE8F0812A46294601
:103080003846FFF71DFF28600546C0F80080E2E7DC
:10309000184A013B52F823200023FFF705FE06469D
:1030A000C9E71020FFF7C0F80246F861E0B100233D
:1030B000C0E90033C0E90233012138460192FFF72D
:1030C0008FFD019A054640B1012340F27121C0E90C
:1030D0000431002390600360B4E7024640F24511DA
:1030E000054B0648FFF756FD40F2B311044B034869
:1030F000FFF750FDF0A20008E0A6000870A7000846
:103100009CA600082DE9F0470D462F69AB6807EB38
:1031100062177C1C9C429146064649684FEA621A37
:1031200004DD5B009C4201F10101FADC3046FFF74F
:1031300057FD804600284ED0BAF1000F00F1140070
:103140000EDD034600210AF105024FEA820C08EB6E
:10315000820243F8041B9342FBD1ACF114031844E0
:10316000296905F1140319F01F0903EB81012AD025
:1031700084464FF0000AC9F1200E1A6802FA09F2DB
:1031800042EA0A024CF8042B53F8042B994222FA23
:103190000EFAF2D84B1B153B23F00303043305F161
:1031A0001502914238BF042340F803A0BAF1000F82
:1031B00000D13C4630462946C8F81040FFF750FD84
:1031C0004046BDE8F087043853F8042B994240F894
:1031D000042FF9D8EDE702464FF4EF71014B024896
:1031E000FFF7D8FCE0A6000870A7000884460B692A
:1031F0000069C01A15D10CF1140C14310CEB8302C8
:1032000010B401EB830301E0944508D252F8044D59
:1032100053F8041D8C42F7D004D24FF0FF3010BC9D
:1032200070477047012010BC704700BF2DE9F04F78
:1032300014460A6923698846D21A002A83B040F0EE
:10324000888001F1140604F1140202EB830206EBFC
:10325000830301E09E427FD253F8045D52F8041DBF
:103260008D42F7D076D323460025444698466168C0
:10327000FFF7B6FC002800F0898000F114094946E8
:103280004FF0000C2769D8F8106004F1140B08F116
:10329000140EC56004F110020EEB86060BEB870AD4
:1032A000CDF804B05EF8044B52F8045F1FFA84FBBB
:1032B000ABB2A3EB0B03240C6344C4EB154404EB47
:1032C00023449BB243EA0443764541F8043B4FEA6A
:1032D000244CE7D808F115018E4234BF00210121AA
:1032E000A6EB0806153EB608002906F101024FEAD2
:1032F000820208BF0422DDF804B00BEB0204A245F1
:103300004A4434D915462146E04651F8046BB3B21D
:1033100063444FEA164E0EEB234E06EB08039BB2B6
:1033200043EA0E438A454FEA2E4C45F8043BEBD85E
:103330000AF1FF3AAAEB040A2AF0030A524423B91D
:1033400052F8043D013F002BFAD0076103B0BDE8FD
:10335000F08F88DA01258AE70021FFF741FC70B180
:1033600001220023C0E9042303B0BDE8F08F002947
:103370004FEA860608BF002609EB0602DFE7024691
:1033800040F23721054B0648FFF704FC024640F2A5
:103390004521024B0248FFF7FDFB00BFE0A60008F5
:1033A00070A70008124B0A460B40A3F15073002B84
:1033B00003DD00221946104670475B42B3F1A07F3F
:1033C0004FEA235106DA4FF4002300220B4119463D
:1033D0001046704714391E29D4BF4FF00042012215
:1033E0004FF00003D8BFCA4010461946704700BFCF
:1033F0000000F07FF8B5046900F1140202EB8404C8
:1034000054F8045C261F2846FFF7F4FC0346C0F17D
:1034100020000A2B086030DDB242A3F10B071AD25C
:1034200054F8083C1FB3C7F1200C23FA0CF1BD403F
:1034300045EA0106A4F1080546F07F51AA4203FAC5
:1034400007F341F4401116D254F80C2C22FA0CF276
:1034500013431846F8BD0B2B08D0002305FA07F7D5
:1034600047F07F51184641F44011F8BD002345F064
:103470007F5141F440111846F8BDB2422CBF0022E2
:1034800054F8082CC3F10B0703F1150325FA07FCC8
:1034900038BFFA4005FA03F34CF07F511343184646
:1034A00041F44011F8BD00BFF0B5012183B01646CC
:1034B0001F46FFF795FB0546002847D0C7F30A547F
:1034C000C7F313030CB143F48013002E019314D1FE
:1034D00001A8FFF7B1FC0122019B20306B612A613A
:1034E00014B3089BA4F2334404441C60099BC0F14C
:1034F00035001860284603B0F0BD68460096FFF717
:103500009BFC019B00B30099C0F1200203FA02F278
:10351000C34001930A43002B6A610CBF01220222BF
:10352000AB612A61002CDCD105EB8201A0F23243B1
:10353000086908990B60FFF75DFC099BC0EB42101E
:103540001860284603B0F0BD009AE4E7024640F256
:103550000F31024B0248FFF71DFB00BFE0A6000839
:1035600070A700082DE9F04383B08846694681467C
:10357000FFF740FF04460D46404601A9FFF73AFF1A
:10358000D9F81030D8F81020A3EB020CDDE9003296
:103590009B1A03EB4C13002B0BDD05EB03573D4649
:1035A00002460B462046294601F0AAF803B0BDE8C2
:1035B000F083C3EB033301EB03594946F0E700BF47
:1035C000172870B506460ADD002000240749084D7B
:1035D00022462B4600F06AFF013EF9D170BD054B33
:1035E00003EBC003D3E9040170BD00BF0000F03F4E
:1035F00000002440F0A2000801F1FF3C116902F133
:1036000014034FEA6C1C03EB81010CF1010C8B429B
:1036100000EB8C0C16D210B5A0F1040E53F8044B3D
:1036200099424EF8044FF9D88B1A153B23F0030347
:1036300004331844844504D9002340F8043B8445EE
:10364000FBD810BD844505D9002340F8043B8445D0
:10365000FBD87047704700BF03694A11934200F1DD
:10366000140009DA00EB830302E053F8042DA2B939
:103670008342FAD80020704700EB8203F8DD11F096
:103680001F01F5D010B450F8224024FA01F28A400C
:10369000944208D0012010BC70470120704753F8B5
:1036A000042D002AF6D18342F9D8002010BC7047BF
:1036B000002238B5064D044608462A6006F08CFA0A
:1036C000431C00D038BD2B68002BFBD0236038BDD5
:1036D0003803002010B50C46B1F90E1000F088FA3E
:1036E000002803DB636D0344636510BDA38923F4E5
:1036F0008053A38110BD00BF002070472DE9F04129
:103700000C46B1F90C101F46CB05054616460BD4E6
:1037100021F48051A1813B4632462846B4F90E106F
:10372000BDE8F04100F0F8BAB4F90E10022300220F
:1037300000F0DCFAB4F90C10EAE700BF10B50C4653
:10374000B1F90E1000F0D2FAB4F90C30421C0EBFE1
:1037500023F4805343F480536065A38110BD00BF00
:10376000B1F90E1000F088B9F0307047004870478A
:103770004C010020004870474C0100209368002B4A
:1037800000F0F0802DE9F04FB1F90CC090461CF02C
:10379000080F81460C4683B02BD00B694BB31CF04D
:1037A0000207D8F8006032D04FF0000A5546D4F82E
:1037B00028B0216AAB4FC5B1BD422B46524628BF47
:1037C0003B464846D847002840F3C280D8F8083026
:1037D00082441B1A2D1AC8F80830002B00F0AE8066
:1037E000D4F828B0216A002DE6D1D6E900A5083624
:1037F000E1E721464846FEF73FFC002840F0AD8057
:10380000B4F90CC0D8F800601CF00207CCD11CF051
:10381000010A63D157462368A16818468B46002FDA
:1038200058D01CF4007F00F0B180B9420A4600F283
:10383000DD801CF4906F2FD0216962695D1A02EB64
:10384000420202EBD2726B1C52103B44934292BF75
:1038500093469B461A461CF4806F00F0E6801146A2
:103860004846FDF70FFB002800F0F5802A46216945
:103870000190FEF763FCA289019B22F4906242F062
:103880008002A2815819C4F814B0ABEB05053A4682
:10389000BB462361A56020603D460027514601924A
:1038A00000F010F9A1682368019AA1EB0B011A44FA
:1038B000A1602260D8F80830AA445B1BC8F8083021
:1038C000002B3BD02368A16818468B46B4F90CC086
:1038D000002FA6D1D6E900A708369EE73846BB469A
:1038E0003D46002D40D0002845D03A46D4E904C3D7
:1038F0002068AA4228BF2A466045A16804D901EB86
:10390000030A524500F38280934272DC5A464846CD
:10391000216AD4F828C0E047B0F1000A18DDB7EBFF
:103920000A070FD00120D8F80830D344A3EB0A03CC
:10393000A5EB0A05C8F80830002BD2D1002003B04F
:10394000BDE8F08F21464846FCF7B4FE0028EAD0D7
:10395000B4F90C3043F04003A3814FF0FF3003B0C3
:10396000BDE8F08F00207047756833460836002D9B
:10397000FAD0D3F800B02A460A215846FEF7C4FE12
:10398000002865D00130A0EB0B07AEE722699A4210
:1039900014D36569BD4211D86FF00043BB4228BF04
:1039A0003B4693FBF5F3524605FB03F34846A56AF5
:1039B000216AA847051ECBDD7F1B7BE7B94228BFE4
:1039C00039460D46184651462A4600F07BF8A16854
:1039D0002368491B2B44A16023600029ECD12146B8
:1039E0004846FCF767FE0028E6D0B1E7BB463A46FA
:1039F00052E75946019200F065F8019AA368924691
:103A00009B1AA36023681344236088E759465246F3
:103A100000F058F823682146534448462360FCF7D9
:103A200049FE00283FF47BAF92E7484600F018F9C2
:103A3000034600287FF426AF48462169FEF79CFA2A
:103A40000C22B4F90C30C9F8002023F0800381E780
:103A50006A1C17464AE70C22B4F90C30C9F800205A
:103A600078E700BF00FCFF7F062008B500F028FAC9
:103A7000012006F0DFF800BF002238B5064D0446ED
:103A800008462A6006F0ECF8431C00D038BD2B68CD
:103A9000002BFBD0236038BD3803002070B5A1FB9C
:103AA000025454B92946FDF7EDF9064618B12A46E5
:103AB0002146FCF725FD304670BD0C220026026031
:103AC000F9E700BF88420ED98B1883420BD900EB6F
:103AD000020C002A6DD0624613F801CD994202F81B
:103AE00001CDF9D170470F2A0FD8034602F1FF3CF0
:103AF000002A5ED00CF1010C013B8C4411F8012B23
:103B0000614503F8012FF9D1704740EA01039B0793
:103B100050D1A2F1100370B501F1200C23F00F0574
:103B200001F1100E00F11004AC441B095EF8105CAA
:103B30000EF1100E44F8105C5EF81C5C103444F872
:103B40001C5C5EF8185C44F8185C5EF8145CE64592
:103B500044F8145CEAD1013312F00C0F01EB0311AD
:103B600002F00F0400EB031328D08E46043C24F02F
:103B700003064FEA940C1E441C1F5EF8045B44F8D5
:103B8000045FB442F9D10CF1010402F0030203EB2B
:103B9000840301EB840102F1FF3C4AB10CF1010CFA
:103BA000013B8C4411F8012B614503F8012FF9D139
:103BB00070BD7047034602F1FF3C9BE72246EAE7EF
:103BC00010B4034CD4F8E040A44610BC604700BFDA
:103BD0005C000020034649B1FF2A02D801200A7088
:103BE00070478A224FF0FF301A60704708467047CE
:103BF00038B50C46114600228446074D20462A60FF
:103C00001A46644606F01CF8431C00D038BD2B68E9
:103C1000002BFBD0236038BD380300200CB400B566
:103C200083B004AB53F8042B0193FEF72BFE03B0D3
:103C30005DF804EB02B070470EB400B5074A82B0DD
:103C400003AB0146106853F8042B0193FEF71AFEEC
:103C500002B05DF804EB03B0704700BF0C00002019
:103C60002DE9F041144641B30AB306460D4600F073
:103C700069F88442074602D8B4EB500F13D82146A6
:103C80003046FDF7FFF8804650B1BC422246294637
:103C900028BF3A46FEF752FA29463046FEF76CF93D
:103CA0004046BDE8F081A8464046BDE8F081A04608
:103CB000FEF762F94046BDE8F0811146BDE8F041EB
:103CC000FDF7E0B870B50026074D044608461146DA
:103CD0002E6005F0C8FF431C00D070BD2B68002B80
:103CE000FBD0236070BD00BF3803002038B50C4600
:103CF000114600228446074D20462A601A46644633
:103D000005F0B8FF431C00D038BD2B68002BFBD05A
:103D1000236038BD3803002038B50C461146002218
:103D20008446074D20462A601A46644601F096F9FB
:103D3000431C00D038BD2B68002BFBD0236038BD5E
:103D40003803002051F8043C181F002BBCBF0B584F
:103D5000C018704710B4034CD4F8E440A44610BC1B
:103D6000604700BF5C00002082B049B15AB16BB11E
:103D700013780B601278101E18BF012002B0704734
:103D800001A9002AF3D1104602B070476FF001007C
:103D9000F4E700BF38B5C46B0CB1002038BD8021FA
:103DA0000546FDF76FF80246E86330B1031F7C3229
:103DB00043F8044F9342FBD1EFE74FF0FF3038BD9B
:103DC00030B51F29054683B008D8C36B0C4653B1E4
:103DD00053F8240043F8242003B030BD16230360B9
:103DE0004FF0FF30F8E780210192FDF74BF8019A80
:103DF0000346E8630028F3D0011F00F17C05002092
:103E000041F8040FA942FBD1E2E700BF1F2938B5F2
:103E100005461ED8C26B0C466AB152F8213053B128
:103E2000012B06D0591C10D00021204642F8241046
:103E30009847002038BD284600F0F2F82246014697
:103E40002846BDE8384000F0D7B8162301202B6083
:103E500038BD16234FF0FF302B6038BD1F292BD8FB
:103E600038B5C36B0C460546A3B153F8242003EBC9
:103E700084034AB1511C0BD0012A07D000252046EB
:103E80001D609047284638BD012038BD032038BD4D
:103E9000022038BD8021FCF7F5FF0346E86340B1FE
:103EA00000201A1F03F17C0142F8040F8A42FBD163
:103EB000DBE74FF0FF3038BD4FF0FF30704700BFF9
:103EC00038B5134B1F281D681DD8EA6B044662B134
:103ED00052F820304BB1012B05D0591C0FD00021D6
:103EE00042F820109847002038BD284600F098F886
:103EF000224601462846BDE8384000F07DB816232A
:103F000001202B6038BD16234FF0FF302B6038BDE9
:103F10000C000020114B1F2870B51E6808D8F36BE9
:103F200004460D464BB153F8240043F8245070BDAD
:103F3000162333604FF0FF3070BD80213046FCF710
:103F4000A1FF0346F0630028F4D00021021F7C305B
:103F500042F8041F8242FBD1E5E700BF0C000020BD
:103F600038B50B4B1D68EC6B0CB1002038BD8021BF
:103F70002846FCF787FFE86338B1031F00F17C0295
:103F800043F8044F9342FBD1EFE74FF0FF3038BDC9
:103F90000C00002038B5174B1F281D6826D8044692
:103FA000E86BA0B150F8242000EB84034AB1511C07
:103FB0000BD0012A07D0002520461D6090472846D7
:103FC00038BD012038BD032038BD022038BD802116
:103FD0002846FCF757FFE86340B10021031F00F1BA
:103FE0007C0243F8041F9342FBD1DBE74FF0FF3024
:103FF00038BD00BF0C00002070B50026074D0446F8
:10400000084611462E6005F00DFE431C00D070BD21
:104010002B68002BFBD0236070BD00BF380300204D
:1040200005F0FEBD38B5044600F01AF821460546F5
:10403000204600F0E7FF20B92046002100F0BAFF3B
:1040400008B9284638BDFCF777FB2122034600213A
:104050001A60084600F0C4FE0546284638BD00BF79
:1040600020F00042B2F1FF4FF8B504464ED2002ACC
:1040700043D00028034650DB10F0FF423ED0C1156C
:104080000024C3F31602A1F17F05CB074FF0190EF0
:104090004FF0807C214642F4000258BF52006D1060
:1040A000520001EB0C039342CFBF134603EB0C010C
:1040B0006444D31ABEF1010E4FEA43024FEA5C0C8E
:1040C000EFD1ABB11A4E3068716800F0CBFC3768A5
:1040D0000146384600F078FF50B13068716800F052
:1040E000C3FC36680146304600F064FFE0B102349C
:1040F000601000F17C5000EBC550F8BD5B00180269
:10410000114602F10102F9D54942B9E7014600F032
:10411000B3FD214600F0A8FCF8BD014600F0A2FC6A
:10412000014600F05DFEF8BD013424F00104DFE734
:104130001CA5000881F0004102E000BF83F00043AD
:1041400030B54FEA41044FEA430594EA050F08BF32
:1041500090EA020F1FBF54EA000C55EA020C7FEAF6
:10416000645C7FEA655C00F0E2804FEA5454D4EB73
:104170005555B8BF6D420CDD2C4480EA020281EA3D
:10418000030382EA000083EA010180EA020281EA75
:104190000303362D88BF30BD11F0004F4FEA0131C7
:1041A0004FF4801C4CEA113102D0404261EB4101D6
:1041B00013F0004F4FEA03334CEA133302D052425C
:1041C00063EB430394EA050F00F0A780A4F1010418
:1041D000D5F1200E0DDB02FA0EFC22FA05F2801852
:1041E00041F1000103FA0EF2801843FA05F3594138
:1041F0000EE0A5F120050EF1200E012A03FA0EFCB7
:1042000028BF4CF0020C43FA05F3C01851EBE371E0
:1042100001F0004507D54FF0000EDCF1000C7EEBFD
:1042200000006EEB0101B1F5801F1BD3B1F5001F3B
:104230000CD349085FEA30004FEA3C0C04F101045A
:104240004FEA445212F5800F80F09A80BCF1004F83
:1042500008BF5FEA500C50F1000041EB045141EA05
:10426000050130BD5FEA4C0C404141EB0101013CCE
:1042700028BFB1F5801FE9D291F0000F04BF0146BD
:104280000020B1FA81F308BF2033A3F10B03B3F18F
:1042900020020CDA0C3208DD02F1140CC2F10C021F
:1042A00001FA0CF021FA02F10CE002F11402D8BF7D
:1042B000C2F1200C01FA02F120FA0CFCDCBF41EA49
:1042C0000C019040E41AA2BF01EB0451294330BD18
:1042D0006FEA04041F3C1CDA0C340EDC04F11404F5
:1042E000C4F1200220FA04F001FA02F340EA0300CC
:1042F00021FA04F345EA030130BDC4F10C04C4F112
:10430000200220FA02F001FA04F340EA03002946F1
:1043100030BD21FA04F0294630BD94F0000F83F43B
:10432000801306BF81F480110134013D4EE77FEA1E
:10433000645C18BF7FEA655C29D094EA050F08BF6A
:1043400090EA020F05D054EA000C04BF194610464B
:1043500030BD91EA030F1EBF0021002030BD5FEA8F
:10436000545C05D14000494128BF41F0004130BDB7
:1043700014F580043CBF01F5801130BD01F000450B
:1043800045F0FE4141F470014FF0000030BD7FEA7E
:10439000645C1ABF194610467FEA655C1CBF0B4679
:1043A000024650EA013406BF52EA033591EA030F90
:1043B00041F4002130BD00BF90F0000F04BF002188
:1043C000704730B54FF4806404F132044FF00005BB
:1043D0004FF0000150E700BF90F0000F04BF002134
:1043E000704730B54FF4806404F1320410F000459A
:1043F00048BF40424FF000013EE700BF42004FEA95
:10440000E2014FEA31014FEA02701FBF12F07F4311
:1044100093F07F4F81F06051704732F07F4208BFC8
:10442000704793F07F4F04BF41F40021704730B5CF
:104430004FF4607401F0004521F000411CE700BF1B
:1044400050EA010208BF704730B54FF000050AE09E
:1044500050EA010208BF704730B511F0004502D59F
:10446000404261EB41014FF4806404F132045FEAA1
:10447000915C3FF4D8AE4FF003025FEADC0C18BF4A
:1044800003325FEADC0C18BF033202EBDC02C2F13C
:10449000200300FA03FC20FA02F001FA03FE40EACE
:1044A0000E0021FA02F11444BDE600BF70B54FF0D2
:1044B000FF0C4CF4E06C1CEA11541DBF1CEA1355B0
:1044C00094EA0C0F95EA0C0F00F0DEF82C4481EA18
:1044D000030621EA4C5123EA4C5350EA013518BF38
:1044E00052EA033541F4801143F4801338D0A0FB25
:1044F00002CE4FF00005E1FB02E506F00042E0FBD2
:1045000003E54FF00006E1FB03569CF0000F18BFD7
:104510004EF0010EA4F1FF04B6F5007F64F540747F
:1045200004D25FEA4E0E6D4146EB060642EAC62112
:1045300041EA55514FEAC52040EA5E504FEACE2E7F
:10454000B4F1FD0C88BFBCF5E06F1ED8BEF1004F82
:1045500008BF5FEA500E50F1000041EB045170BDFE
:1045600006F0004646EA010140EA020081EA030142
:10457000B4EB5C04C2BFD4EB0C0541EA045170BD3E
:1045800041F480114FF0000E013C00F3AB8014F1B8
:10459000360FDEBF002001F0004170BDC4F1000401
:1045A000203C35DA0C341BDC04F11404C4F1200582
:1045B00000FA05F320FA04F001FA05F240EA0200DD
:1045C00001F0004221F0004110EBD37021FA04F613
:1045D00042EB06015EEA430E08BF20EAD37070BDCD
:1045E000C4F10C04C4F1200500FA04F320FA05F02C
:1045F00001FA04F240EA020001F0004110EBD3702E
:1046000041F100015EEA430E08BF20EAD37070BD9D
:10461000C4F1200500FA05F24EEA020E20FA04F376
:1046200001FA05F243EA020321FA04F001F0004125
:1046300021FA04F220EA020000EBD3705EEA430E96
:1046400008BF20EAD37070BD94F0000F0FD101F0C5
:104650000046400041EB010111F4801F08BF013CFE
:10466000F7D041EA060195F0000F18BF704703F03C
:104670000046520043EB030313F4801F08BF013DC3
:10468000F7D043EA0603704794EA0C0F0CEA13557F
:1046900018BF95EA0C0F0CD050EA410618BF52EA39
:1046A0004306D1D181EA030101F000414FF000003F
:1046B00070BD50EA410606BF1046194652EA43064D
:1046C00019D094EA0C0F02D150EA013613D195EAC1
:1046D0000C0F05D152EA03361CBF104619460AD109
:1046E00081EA030101F0004141F0FE4141F4700113
:1046F0004FF0000070BD41F0FE4141F4780170BD03
:1047000070B54FF0FF0C4CF4E06C1CEA11541DBF67
:104710001CEA135594EA0C0F95EA0C0F00F0A7F869
:10472000A4EB050481EA030E52EA03354FEA013196
:1047300000F088804FEA03334FF0805545EA1313A9
:1047400043EA12634FEA022245EA111545EA106571
:104750004FEA00260EF000419D4208BF964244F108
:10476000FD0404F5407402D25B084FEA3202B61A27
:1047700065EB03055B084FEA32024FF480104FF4FB
:10478000002CB6EB020E75EB030E22BFB61A75466F
:1047900040EA0C005B084FEA3202B6EB020E75EB02
:1047A000030E22BFB61A754640EA5C005B084FEA6A
:1047B0003202B6EB020E75EB030E22BFB61A754637
:1047C00040EA9C005B084FEA3202B6EB020E75EB42
:1047D000030E22BFB61A754640EADC0055EA060E03
:1047E00018D04FEA051545EA16754FEA06164FEA46
:1047F000C30343EA52734FEAC2025FEA1C1CC0D1F2
:1048000011F4801F0BD141EA00014FF000004FF07E
:10481000004CB6E711F4801F04BF01430020B4F13F
:10482000FD0C88BFBCF5E06F3FF6AFAEB5EB030CF7
:1048300004BFB6EB020C5FEA500C50F1000041EBF4
:10484000045170BD0EF0004E4EEA113114EB5C04C1
:10485000C2BFD4EB0C0541EA045170BD41F4801194
:104860004FF0000E013C90E645EA060E8DE60CEA9C
:10487000135594EA0C0F08BF95EA0C0F3FF43BAFB9
:1048800094EA0C0F0AD150EA01347FF434AF95EA70
:104890000C0F7FF425AF104619462CE795EA0C0F54
:1048A00006D152EA03353FF4FDAE1046194622E721
:1048B00050EA410618BF52EA43067FF4C5AE50EAFB
:1048C00041047FF40DAF52EA43057FF4EBAE12E7EB
:1048D0004FF0FF3C06E000BF4FF0010C02E000BFCC
:1048E0004FF0010C4DF804CD4FEA410C7FEA6C5CAF
:1048F0004FEA430C18BF7FEA6C5C1BD001B050EA52
:10490000410C0CBF52EA430C91EA030F02BF90EA3C
:10491000020F0020704710F1000F91EA030F58BFFB
:10492000994208BF90422CBFD8176FEAE37040F05D
:10493000010070474FEA410C7FEA6C5C02D150EAFB
:10494000013C07D14FEA430C7FEA6C5CD6D152EAB6
:10495000033CD3D05DF8040B704700BF844610467B
:1049600062468C461946634600E000BF01B5FFF77A
:10497000B7FF002848BF10F1000F01BD4DF808ED4A
:10498000FFF7F4FF0CBF012000205DF808FB00BF1B
:104990004DF808EDFFF7EAFF34BF012000205DF875
:1049A00008FB00BF4DF808EDFFF7E0FF94BF0120C2
:1049B00000205DF808FB00BF4DF808EDFFF7CEFFC3
:1049C00094BF012000205DF808FB00BF4DF808ED02
:1049D000FFF7C4FF34BF012000205DF808FB00BFD3
:1049E0004FEA410C7FEA6C5C02D150EA013C0AD1EB
:1049F0004FEA430C7FEA6C5C02D152EA033C02D1DD
:104A00004FF0000070474FF0010070474FEA41023D
:104A100012F5001215D211D56FF47873B3EB625210
:104A200012D94FEAC12343F0004343EA505311F037
:104A3000004F23FA02F018BF404270474FF00000C9
:104A4000704750EA013005D111F0004008BF6FF007
:104A5000004070474FF00000704700BF80F00040FA
:104A600002E000BF81F0004142001FBF5FEA410346
:104A700092EA030F7FEA226C7FEA236C6AD04FEA46
:104A80001262D2EB1363C1BFD2184140484041408B
:104A9000B8BF5B42192B88BF704710F0004F40F43D
:104AA000000020F07F4018BF404211F0004F41F459
:104AB000000121F07F4118BF494292EA030F3FD025
:104AC000A2F1010241FA03FC10EB0C00C3F1200338
:104AD00001FA03F100F0004302D5494260EB4000C7
:104AE000B0F5000F13D3B0F1807F06D340084FEA32
:104AF000310102F10102FE2A51D2B1F1004F40EB27
:104B0000C25008BF20F0010040EA0300704749008E
:104B100040EB0000013A28BFB0F5000FEDD2B0FA2B
:104B200080FCACF1080CB2EB0C0200FA0CF0AABF4E
:104B300000EBC25052421843BCBFD04018437047EC
:104B400092F0000F81F4000106BF80F400000132F2
:104B5000013BB5E74FEA41037FEA226C18BF7FEAC9
:104B6000236C21D092EA030F04D092F0000F08BF0B
:104B70000846704790EA010F1CBF0020704712F0F2
:104B80007F4F04D1400028BF40F00040704712F131
:104B900000723CBF00F50000704700F0004343F096
:104BA000FE4040F4000070477FEA226216BF0846CC
:104BB0007FEA23630146420206BF5FEA412390EA8F
:104BC000010F40F4800070474FF0000304E000BF85
:104BD00010F0004348BF40425FEA000C08BF704736
:104BE00043F0964301464FF000001CE050EA0102FA
:104BF00008BF70474FF000030AE000BF50EA01020F
:104C000008BF704711F0004302D5404261EB4101FB
:104C10005FEA010C02BF84460146002043F0B64320
:104C200008BFA3F18053A3F50003BCFA8CF2083A45
:104C3000A3EBC25310DB01FA02FC634400FA02FC4E
:104C4000C2F12002BCF1004F20FA02F243EB020055
:104C500008BF20F00100704702F1200201FA02FCB7
:104C6000C2F1200250EA4C0021FA02F243EB0200AA
:104C700008BF20EADC7070474FF0FF0C1CEAD052EE
:104C80001EBF1CEAD15392EA0C0F93EA0C0F6FD0AF
:104C90001A4480EA010C400218BF5FEA41211ED08D
:104CA0004FF0006343EA501043EA5111A0FB013179
:104CB0000CF00040B1F5000F3EBF490041EAD3714E
:104CC0005B0040EA010062F17F02FD2A1DD8B3F1CA
:104CD000004F40EBC25008BF20F00100704790F039
:104CE000000F0CF0004C08BF49024CEA502040EA8B
:104CF00051207F3AC2BFD2F1FF0340EAC250704751
:104D000040F400004FF00003013A5DDC12F1190F8E
:104D1000DCBF00F000407047C2F10002410021FA00
:104D200002F1C2F1200200FA02FC5FEA310040F118
:104D3000000053EA4C0308BF20EADC70704792F091
:104D4000000F00F0004C02BF400010F4000F013AC9
:104D5000F9D040EA0C0093F0000F01F0004C02BFC4
:104D6000490011F4000F013BF9D041EA0C018FE733
:104D70000CEAD15392EA0C0F18BF93EA0C0F0AD039
:104D800030F0004C18BF31F0004CD8D180EA01005F
:104D900000F00040704790F0000F17BF90F0004FF8
:104DA000084691F0000F91F0004F14D092EA0C0FDA
:104DB00001D142020FD193EA0C0F03D14B0218BF6D
:104DC000084608D180EA010000F0004040F0FE40B3
:104DD00040F40000704740F0FE4040F4400070474F
:104DE0004FF0FF0C1CEAD0521EBF1CEAD15392EACE
:104DF0000C0F93EA0C0F69D0A2EB030280EA010CBE
:104E000049024FEA402037D04FF0805343EA111156
:104E100043EA10130CF000408B4238BF5B0042F1B4
:104E20007D024FF4000C8B4224BF5B1A40EA0C0059
:104E3000B3EB510F24BFA3EB510340EA5C00B3EB8B
:104E4000910F24BFA3EB910340EA9C00B3EBD10F79
:104E500024BFA3EBD10340EADC001B0118BF5FEACB
:104E60001C1CE0D1FD2A3FF650AF8B4240EBC250F4
:104E700008BF20F0010070470CF0004C4CEA5020B5
:104E80007F32C2BFD2F1FF0340EAC250704740F404
:104E900000004FF00003013A37E792F0000F00F0F6
:104EA000004C02BF400010F4000F013AF9D040EA74
:104EB0000C0093F0000F01F0004C02BF490011F408
:104EC000000F013BF9D041EA0C0195E70CEAD15300
:104ED00092EA0C0F08D142027FF47DAF93EA0C0FE7
:104EE0007FF470AF084676E793EA0C0F04D14B02CB
:104EF0003FF44CAF08466EE730F0004C18BF31F07D
:104F0000004CCAD130F000427FF45CAF31F0004376
:104F10007FF43CAF5FE700BF4FF0FF3C06E000BF0F
:104F20004FF0010C02E000BF4FF0010C4DF804CD32
:104F30004FEA40024FEA41037FEA226C18BF7FEA42
:104F4000236C11D001B052EA530C18BF90EA010F44
:104F500058BFB2EB030088BFC81738BF6FEAE170D3
:104F600018BF40F0010070477FEA226C02D15FEA6F
:104F7000402C05D17FEA236CE4D15FEA412CE1D0DB
:104F80005DF8040B704700BF844608466146FFE7A2
:104F90000FB5FFF7C9FF002848BF10F1000F0FBD84
:104FA0004DF808EDFFF7F4FF0CBF012000205DF87D
:104FB00008FB00BF4DF808EDFFF7EAFF34BF012002
:104FC00000205DF808FB00BF4DF808EDFFF7E0FF9B
:104FD00094BF012000205DF808FB00BF4DF808EDEC
:104FE000FFF7D2FF94BF012000205DF808FB00BF4F
:104FF0004DF808EDFFF7C8FF34BF012000205DF831
:1050000008FB00BF4FEA40024FEA41037FEA226CEF
:1050100002D15FEA402C08D17FEA236C02D15FEA1B
:10502000412C02D14FF0000070474FF00100704753
:1050300008B50268064B9A4200D008BD002101F075
:10504000CCFA044B1860044B01221A70F5E700BF3C
:1050500000040040400300203C03002010B514462B
:105060004FF0FF3392B2024803F0B3FA204610BD6E
:105070008008002008B502680E4B9A4200D008BD97
:1050800000F0E0FE0C4A13889BB280B20B4921F875
:10509000130013889BB201339BB2138013889BB219
:1050A000632BECD9134600221A80054B01221A709B
:1050B000E5E700BF0024014046030020480300202C
:1050C0004403002008B50368B3F1804F00D008BD49
:1050D00001F008FEFBE772B6FEE700B595B02822A6
:1050E00000210DEB0200FBF70BFA0023059306935A
:1050F0000793089309930193029303930493012266
:105100000A924FF480330B930E9202221192129363
:105110004FF4E01313930AA801F00CFEC8B90F2353
:10512000059302210691002307934FF480620892B1
:10513000099305A802F030F868B9022301934FF4EF
:105140004043039301A802F021F930B915B05DF88E
:1051500004FBFFF7C0FFFFF7BEFFFFF7BCFF000037
:1051600008B501F0ADFDFFF7B8FF00F029F800F039
:1051700009FC00F089FA00F0B5FA00F035FA0D48A4
:1051800000F0AAFC04F078FD0B4804F065FF08B1BC
:10519000FFF7A1FF48F20141074805F02CF800F0A5
:1051A0002FFB0021054801F0AFFC00F0D3F804F01C
:1051B00073FAFEE7840700207046002038080020BC
:1051C000F0B589B000240494059406940794224B0A
:1051D0009A6942F010029A619A6902F010020192F3
:1051E000019A9A6942F004029A619A6902F00402F3
:1051F0000292029A9A6942F008029A619B6903F04E
:1052000008030393039B154E01224FF400513046CF
:1052100002F0C2FA4FF40053049301250595069459
:105220000227079704A9304602F0A8F9049503263F
:105230000596069404F1804404F5843404A92046BC
:1052400002F09CF904970596069504A9204602F001
:1052500095F909B0F0BD00BF0010024000100140F8
:1052600000B583B003F026FF0190012101A804F0EE
:105270002FF8024800F0C4FFF7E700BF080800203D
:1052800000B5C5B00F48FBF721F84FF0FF3206A973
:105290000D4B186803F021FC694606A800F03CFBA2
:1052A0000A4B1B6803930A4B1B680493439B0593AB
:1052B00000234FF0FF3269460648006803F049FBBF
:1052C000E3E700BF24A500087007002014050020B4
:1052D000100500206C07002000B587B01548FAF7CC
:1052E000F5FF4FF0FF326946134B186803F0F5FBEA
:1052F000009940F2011000F09BFB02994FF481707D
:1053000000F096FB019940F2031000F091FB049924
:1053100040F2051000F08CFB05994FF4837000F00B
:1053200087FB03994FF4827000F082FB012004F0A8
:10533000EBF9D6E73CA500086C070020034B03609F
:10534000034B0B6080231360704700BF18070020D9
:105350001805002010B59CB00022F821022003F0AF
:10536000D4FA344C206000221821052003F0CDFA35
:10537000314B18602368002B4AD0002851D02F4CA5
:105380000DF1540CA646BEE80F00ACE80F009EE8F5
:1053900007008CE80700002115A804F082F9284BCB
:1053A00018600DF1380C04F11C0EBEE80F00ACE8DB
:1053B0000F009EE807008CE8070000210EA804F00B
:1053C00070F9204B18600DF11C0C04F1380EBEE88A
:1053D0000F00ACE80F009EE807008CE807000021F2
:1053E00007A804F05EF9184B1860EE4604F1540C5F
:1053F000BCE80F00AEE80F009CE807008EE807004D
:105400000021684604F04DF9104B18601CB010BD27
:105410004FF0500383F31188BFF36F8FBFF34F8FAB
:10542000FEE74FF0500383F31188BFF36F8FBFF394
:105430004F8FFEE7700700206C07002080A2000855
:10544000800700207C0700207807002074070020D8
:1054500038B5002500240FE00D4B33F815309BB212
:10546000A3F5006000FB00F0FFF7B2FB0146204609
:10547000FFF7FAFA04460135632DEDDD05492046B4
:10548000FFF7AEFCFEF7CEFD0349FFF7F5FB38BD95
:10549000480300200000C8429CC4503A2DE9F04166
:1054A0004348FAF713FF002500242746264660E00C
:1054B00004F0A8FA3F4BD3F800803F4B00221A704B
:1054C00004F0C2FA3D4B1A6808EB020018603C4A2F
:1054D00013780133DBB21370072B5CD9FFF774FB31
:1054E0004FF07851FFF7C8FB01463648FFF778FCCC
:1054F00005460023314A1360314A13704BE0FFF731
:10550000A7FF314B1860314B00221A70DFF8C080C2
:10551000404600F001FE0221404600F0D1FBB0B150
:105520002B4800F095FF1F2F3CD93046FFF74CFB6E
:105530004FF07451FFF7A0FB2649FFF79DFB26496A
:10554000FFF74EFC254B1860002637462AE0404600
:1055500000F078FC06440137E2E700234FF0FF3209
:105560001F492048006803F0F4F90024642004F087
:10557000CBF804F13C021A4804F11C0100EB410194
:1055800000EB4202043100EB440000F0CDFA0A4B7C
:105590001B78002B8CD1124BC3F8F4500B4B1B78AB
:1055A000002BACD10134A4B21D2CD6D8DEE700BF4D
:1055B00050A50008400300203C03002014040020F4
:1055C00010040020C0E1E44A10050020440300203C
:1055D000D807002000E04B3F0000204114050020C8
:1055E000180400207007002008B50B480B4B03601F
:1055F0000B4B436000238360C3604FF48042026121
:1056000043618361C361036202F0BAFB00B908BD64
:10561000FFF761FDFBE700BF840700200054004056
:10562000A086010010B586B0002302930393049373
:1056300005930268114B9A4201D006B010BD104C80
:10564000A36943F00803A361A36903F0080300936F
:10565000009BC0230293122303930323059302A903
:10566000084801F08BFFE36943F40013E361E36949
:1056700003F400130193019BDFE700BF00540040D7
:1056800000100240000C014000B585B000230193DA
:10569000029303931148124A0260836003730375F7
:1056A0004FF46022C26143600123036100F04CFEAD
:1056B00068B900230193012302930523039301A9F1
:1056C000064800F045FC28B905B05DF804FBFFF77B
:1056D00002FDEEE7FFF7FFFCF6E700BF0808002039
:1056E0000024014000B585B0002301930293039389
:1056F0001048114A02608360037303754FF46022FF
:10570000C26143600123036100F01EFE60B9012302
:10571000019302930723039301A9064800F018FCA4
:1057200028B905B05DF804FBFFF7D5FCEFE7FFF7FC
:10573000D2FCF6E7D80700200028014000B589B068
:10574000002304930593069307930368284A934222
:1057500005D0284A934226D009B05DF804FB264BB9
:105760009A6942F400729A619A6902F40072009296
:10577000009A9A6942F004029A619B6903F004035B
:105780000193019B012304930323059304A91B4860
:1057900001F0F4FE00220521122002F049F8122047
:1057A00002F056F8D8E7144B9A6942F480629A6185
:1057B0009A6902F480620292029A9A6942F00402A3
:1057C0009A619B6903F004030393039B02230493F0
:1057D0000323059304A9094801F0D0FE0022052106
:1057E000122002F025F8122002F032F8B4E700BFD0
:1057F0000024014000280140001002400008014040
:1058000000B58DB000230793089309930A930B9377
:105810000593069301930293039304932148224A2C
:1058200002604722426083604FF6FF72C2600361EC
:10583000836100F0DFFF30BB1A4801F007F828BB96
:105840000423079350230893002309930B9307A97C
:10585000144801F021F9E0B900230593069305A946
:10586000104801F0F5F9B8B9002201920123029322
:1058700003920A23049301A90A4801F03FF870B982
:105880000DB05DF804FBFFF726FCD5E7FFF723FC1E
:10589000D6E7FFF720FCDFE7FFF71DFCE4E7FFF7A3
:1058A0001AFCEDE7380800200004004000B587B07E
:1058B000002302930393049305930268144B9A42C6
:1058C00002D007B05DF804FB03F50333DA6942F058
:1058D0000202DA61DA6902F002020092009A9A6921
:1058E00042F004029A619B6903F004030193019B57
:1058F0004023029302A9074801F040FE002205213F
:105900001D2001F095FF1D2001F0A2FFD9E700BF87
:1059100000040040000801402DE9F8438046894614
:10592000002500273E4600E001351D2D16DC38F924
:105930001500FFF74DF904460146FFF79DF90146B2
:105940003046FFF791F8064624F0004439462046D9
:10595000FFF74EFB0028E7D02746E5E70849304629
:10596000FFF73EFAFEF75EFB0146C9F80000C9F8F2
:1059700004703846FFF734FAC9F80800BDE8F88328
:105980000000F04108B50A480A4B03604FF4E133C8
:10599000436000238360C36003610C224261836122
:1059A000C36102F0E6FD00B908BDFFF794FBFBE719
:1059B000800800200038014010B586B00023029313
:1059C0000393049305930268174B9A4201D006B0E3
:1059D00010BD03F558439A6942F480429A619A696E
:1059E00002F480420092009A9A6942F004029A619D
:1059F0009B6903F004030193019B4FF4007302932E
:105A00000223039303230593084C02A9204601F0C7
:105A1000B5FD4FF48063029300230393049302A91E
:105A2000204601F0ABFDD2E70038014000080140FC
:105A30002DE9F0438FB005460E46069108900023ED
:105A40000B930A9304220C928DF834301E4804F014
:105A5000A6FB0028FAD007AB06AA08A91A4804F04A
:105A600029FB48BB01F04AF904460799164804F09F
:105A7000AFFB40B101F042F9031B0A2BF5D91348E3
:105A8000FAF724FC1CE09DF818409DF819709DF869
:105A90001A809DF81B903046FEF7B0FCCDE904015A
:105AA000CDF80890CDF80480009723460C9A29463B
:105AB0000748FCF785FE03E029460648FCF780FE10
:105AC0000FB0BDE8F08300BF7046002088A5000835
:105AD00094A50008D4A500082DE9F04186B0114D29
:105AE00028604FF008088DF817804FF0FF370297B5
:105AF000012401940DF11706009623462D22A621BC
:105B000002F01CFA8DF81780029701940096234644
:105B10003122A621286802F011FA002006B0BDE863
:105B2000F08100BFC808002070B586B006460D465B
:105B300014464FF0FF3302930623019304AB009306
:105B400001233222A6210E48006802F0A9FA9DF82E
:105B500011209DF8103043EA022333809DF8132072
:105B60009DF8123043EA02232B809DF815209DF802
:105B7000143043EA02232380002006B070BD00BF2A
:105B8000C8080020FEE7FEE7FEE7FEE7FEE77047F5
:105B900008B5024800F03DFD08BD00BFCC0800205C
:105BA00008B5024800F035FD08BD00BF38080020E8
:105BB00008B5034800F04AF9024800F047F908BD6B
:105BC00008080020D807002000B583B0114B9A695F
:105BD00042F001029A619A6902F001020092009A71
:105BE000DA6942F08052DA61DB6903F08053019395
:105BF000019B00220F216FF0010001F019FE064AFF
:105C0000536823F0E06343F00073536003B05DF822
:105C100004FB00BF001002400000014030B589B015
:105C20000446224BDA6942F00102DA61DB6903F0D3
:105C300001030193019B02A903A801F089FB069BC4
:105C4000D3B901F065FB0346194AA2FB03239B0C61
:105C5000013B18484FF08042026040F2E732C260D8
:105C60004360002303618360836100F0C3FD054648
:105C700030B1284609B030BD01F04AFB4300E3E7EC
:105C80000C4800F075FC05460028F2D11C2001F0FC
:105C9000DFFD0F2C01D90125EBE7002221461C2056
:105CA00001F0C6FD044B1C60E3E700BF001002409A
:105CB00083DE1B43CC080020CC010020704700008D
:105CC000F0B583B005460C460023019301F016F8A9
:105CD0002B689A6812F4807F23D107465A6812F421
:105CE000807F03D1DB6A13F4700F29D0504B1E68FC
:105CF000022001F0D7FBB6FBF0F62B6819694D4A7C
:105D0000114236D1D96802F15C42114231D1196990
:105D1000494A114240D1DA68484B1A423ED0292301
:105D200041E0AB6A43F02003AB62002385F82430E6
:105D3000012003B0F0BD2B681B6813F0020F0FD0D9
:105D40002B681B6813F0020F4FD1B4F1FF3FF7D05F
:105D5000002CF0D000F0D2FFC31BA342F0D9EAE739
:105D6000AB6A43F00403AB62002385F824300320C0
:105D7000DFE71969304A114204D1D96802F16E4255
:105D800011420DD019692E4A0A405AB9DA682C4BD3
:105D900013405BB1FC2306E0292304E0142302E056
:105DA000542300E0FC2303FB06F607E05423FAE744
:105DB000019BB34210D3019B01330193019BB3427A
:105DC00013D2B4F1FF3FF6D0002CF1D000F096FFD3
:105DD000C01BA042EFD9EBE7AB6A43F00403AB6210
:105DE000002385F824300320A3E72B686FF012020C
:105DF0001A60AB6A43F40073AB622B689B6803F4D0
:105E00006023B3F5602F01D0002092E7287B60B9B2
:105E1000AB6A23F48073AB62AB6A13F4805F88D102
:105E2000AB6A43F00103AB6283E7002081E700BF68
:105E3000D00100202449922492244912922449003E
:105E4000499224000368D86C7047704770B50446C7
:105E500003681E685D6815F0200F17D016F0020F5A
:105E600014D0826A12F0100F03D1826A42F40072D9
:105E700082629A6802F46022B2F5602F33D0204625
:105E8000FFF7F8F823686FF012021A6015F0800F20
:105E900022D016F0040F1FD0A36A13F0100F03D105
:105EA000A36A43F40053A3622268936803F4E043B7
:105EB000B3F5E04F2ED0536813F4806F05D193688B
:105EC00003F46023B3F5602F21D02046FFF7F6FEE0
:105ED00023686FF00C021A6015F0400F02D016F024
:105EE000010F28D170BD227B002AC8D15A6822F048
:105EF00020025A60A36A23F48073A362A36A13F496
:105F0000805FBCD1A36A43F00103A362B7E7237BA0
:105F1000002BDAD1536823F080035360A36A23F483
:105F20008053A362A36A13F4807FCED1A36A43F0A7
:105F30000103A362C9E7A36A43F48033A362204646
:105F4000FFF783FF23686FF001021A60CAE70000C1
:105F500030B482B00022019290F82420012A00F08F
:105F60008F800346012280F824204A68062A2DD813
:105F70000468606B02EB8202053A4FF01F0C0CFACA
:105F800002FC20EA0C000D6805FA02F2024362638B
:105F90000A68092A38D91C68E06802EB42021E3AF6
:105FA0004FF0070C0CFA02FC20EA0C008D6805FA91
:105FB00002F20243E2600A68103A012A34D9002052
:105FC000002283F8242002B030BC70470C2A0DD880
:105FD0000568286B02EB8202233A1F24944020EAD2
:105FE00004000C68944020432863D1E70568E86A00
:105FF00002EB8202413A1F24944020EA04000C681C
:1060000094402043E862C3E71C68206902EB420227
:106010004FF0070C0CFA02FC20EA0C008D6805FA20
:1060200002F202432261C6E71A681648824205D08E
:106030009A6A42F020029A620120C1E7906810F447
:10604000000F1BD1906840F4000090600A68102A8D
:1060500001D00020B4E70C4A12680C49A1FB0212DF
:10606000920C02EB82025200019202E0019A013A84
:106070000192019A002AF9D10020A1E700209FE7B0
:106080000220A0E700240140D001002083DE1B4352
:1060900030B583B00023019303689A6812F0010FB2
:1060A00033D104469A6842F001029A60184B1B688B
:1060B000184AA2FB03239B0C019302E0019B013BC6
:1060C0000193019B002BF9D100F018FE05462368CF
:1060D0009B6813F0010F16D100F010FE431B022B3A
:1060E000F5D923689B6813F0010FF0D1A36A43F040
:1060F0001003A362E36A43F00103E362002384F820
:106100002430012002E0002000E0002003B030BD78
:10611000D001002083DE1B4390F82430012B68D08F
:1061200010B50446012380F82430FFF7B1FF0028A2
:106130005BD1A36A23F4407323F0010343F480731B
:10614000A36223682C4A934227D0A26A22F48012C9
:10615000A2625A6812F4806F05D0A26A22F44052FB
:1061600042F48052A262A26A12F4805F2BD0E26AEB
:1061700022F00602E262002284F824206FF002027C
:106180001A6023689A6802F46022B2F5602F1DD06D
:106190009A6842F480129A602AE0A2F580625268FE
:1061A00012F4702FD1D0A26A42F48012A262134A74
:1061B000526812F4806FD6D0A26A22F4405242F4A0
:1061C0008052A262CFE70022E262D4E70A4A9342F9
:1061D00004D09A6842F4A0029A6009E0A2F58062B5
:1061E000526812F4702FD3D1F3E7002384F82430DF
:1061F00010BD0220704700BF00280140002401406C
:1062000090F82430012B6DD010B50446012380F89E
:106210002430FFF73DFF002860D1A36A23F47063A8
:1062200023F0010343F48073A36223682E4A934250
:106230002CD0A26A22F48012A2625A6812F4806FF3
:1062400005D0A26A22F4405242F48052A262A26AAD
:1062500012F4805F30D0E26A22F00602E26200228D
:1062600084F824206FF002021A602268536843F019
:106270002003536023689A6802F46022B2F5602F0D
:106280001DD09A6842F480129A602AE0A2F58062DA
:10629000526812F4702FCCD0A26A42F48012A2622B
:1062A000124A526812F4806FD1D0A26A22F440528E
:1062B00042F48052A262CAE70022E262CFE70A4AB1
:1062C000934204D09A6842F4A0029A6009E0A2F5D1
:1062D0008062526812F4702FD3D1F3E7002384F860
:1062E000243010BD022070470028014000240140E6
:1062F00038B503689A6812F0010F01D1002038BD4B
:1063000004469A6822F001029A6000F0F7FC054604
:1063100023689B6813F0010F13D000F0EFFC431BC0
:10632000022BF5D923689B6813F0010FF0D0A36A04
:1063300043F01003A362E36A43F00103E362012028
:10634000DDE70020DBE7000000287BD070B50446C5
:10635000836A002B4DD02046FFF7CAFFA36A13F0D3
:10636000100369D1002867D1A26A22F4885222F072
:10637000020242F00202A2626268E1690A43217BE2
:1063800042EA4102A568B5F5807F02D0012D36D0E2
:106390001D46267D012E35D02668716821F469419D
:1063A000294371602568AE68274931401143A960CF
:1063B000A168B1F5807F01D0012902D12369013B99
:1063C0001B052568E96A21F470010B43EB62236821
:1063D00099681E4B0B409A4225D0A36A23F0120302
:1063E00043F01003A362E36A43F00103E362012078
:1063F00027E0C36280F82430FFF7A0F9ABE74FF441
:106400008075C6E731B9A169013945EA413141F4E6
:106410000065C1E7A16A41F02001A162E16A41F093
:106420000101E162B8E70023E362A36A23F00303FA
:1064300043F00103A36204E0A36A43F01003A362E4
:10644000012070BD01207047FDF7E1FFFE0E1FFF28
:1064500090F82430012B13D010B50446012380F8A6
:106460002430FFF745FF38B9A36A23F4885323F09B
:10647000010343F00103A362002384F8243010BD1C
:106480000220704710B4036A046A24F00104046215
:10649000846924F0F00C4CEA021223F00A030B4347
:1064A0008261036210BC704730B4056A046A24F04C
:1064B00010040462846924F4407C4CEA022C2CF41D
:1064C000704C1B039BB243EA0C0325F0A0050901A5
:1064D00001F0A00129438361016230BC704710B410
:1064E000036A046A24F010040462846924F4704C82
:1064F0004CEA023223F0A00343EA011382610362F3
:1065000010BC704730B4056A046A24F480740462D5
:10651000C46924F0030C4CEA020C2CF0F00C1B01B3
:10652000DBB243EA0C0325F40075090201F40071A3
:106530002943C361016230BC704730B4056A046A04
:1065400024F480540462C46924F4407C4CEA022C94
:106550002CF4704C1B039BB243EA0C0325F400554A
:10656000090301F400512943C361016230BC704743
:1065700090F83D30DBB2012B27D1022380F83D306B
:106580000268D36843F00103D3600368114A934261
:1065900010D0B3F1804F0DD0A2F59432934209D0C0
:1065A00002F58062934205D01A6842F001021A6037
:1065B000002070479A6802F00702062A07D01A687E
:1065C00042F001021A60002070470120704700204D
:1065D000704700BF002C014070470C2914D8DFE839
:1065E00001F0071313130A1313130D1313131000E1
:1065F0000368586B70470368986B70470368D86BE3
:1066000070470368186C70470020704770477047E8
:10661000704770B504460368DE681D6915F0020F07
:1066200010D016F0020F0DD06FF002021A61012394
:10663000037703689B6913F0030F5ED0FEF7F8FC45
:106640000023237715F0040F12D016F0040F0FD09B
:1066500023686FF004021A610223237723689B6981
:1066600013F4407F4FD02046FEF7E2FC002323774F
:1066700015F0080F12D016F0080F0FD023686FF036
:1066800008021A61042323772368DB6913F0030FE0
:1066900040D02046FEF7CCFC0023237715F0100FE6
:1066A00012D016F0100F0FD023686FF010021A618D
:1066B000082323772368DB6913F4407F31D0204619
:1066C000FEF7B6FC0023237715F0010F02D016F079
:1066D000010F2DD115F0800F02D016F0800F2FD1B1
:1066E00015F0400F02D016F0400F31D115F0200FF9
:1066F00002D016F0200F33D170BDFFF787FF204680
:10670000FFF785FF9CE72046FFF780FF2046FFF755
:106710007EFFABE72046FFF779FF2046FFF777FFC4
:10672000BAE72046FFF772FF2046FFF770FFC9E780
:1067300023686FF001021A612046FEF7C3FCC9E727
:1067400023686FF080021A61204600F0B8FAC7E7AC
:1067500023686FF040021A612046FFF759FFC5E732
:1067600023686FF020021A61204600F0A7FAC3E701
:1067700003681F4A90420AD0B0F1804F07D0A2F5BB
:106780009432904203D002F58062904203D123F00C
:1067900070034A681343164A90420AD0B0F1804F02
:1067A00007D0A2F59432904203D002F58062904265
:1067B00003D123F44073CA68134323F080034A696A
:1067C000134303608B68C3620B688362084B984273
:1067D0000AD001234361036913F0010F03D0036959
:1067E00023F00103036170470B690363F1E700BF06
:1067F000002C014040B310B5044690F83D30F3B191
:10680000022384F83D30214651F8040BFFF7B0FF16
:10681000012384F8463084F83E3084F83F3084F811
:10682000403084F8413084F8423084F8433084F8B2
:10683000443084F8453084F83D30002010BD80F8A5
:106840003C30FFF733F8DBE70120704740B310B569
:10685000044690F83D30F3B1022384F83D302146E0
:1068600051F8040BFFF784FF012384F8463084F8C5
:106870003E3084F83F3084F8403084F8413084F86A
:10688000423084F8433084F8443084F8453084F84A
:106890003D30002010BD80F83C30FFF79DFEDBE767
:1068A0000120704770B4056A046A24F00104046290
:1068B0008469114EB0420DD0B0F1804F0AD0A6F5D8
:1068C0009436B04206D006F58066B04202D044F05D
:1068D000010202E024F00304224322F0F0021B0133
:1068E000DBB2134325F00A0201F00A011143836170
:1068F000016270BC704700BF002C014038B590F8B1
:106900003C30012B5ED004460D46012380F83C301C
:106910000C2A52D8DFE802F0075151511951515158
:106920002C5151513E00CB684A6809680068FFF756
:10693000B9FF2268936923F00C039361226893697D
:10694000A9680B439361002038E0CB684A68096866
:106950000068FFF7A9FD2268936923F440639361FF
:1069600022689369A96843EA01239361002025E026
:10697000CB684A6809680068FFF7C4FD2268D369DC
:1069800023F00C03D3612268D369A9680B43D36158
:10699000002013E0CB684A6809680068FFF7CDFD66
:1069A0002268D36923F44063D3612268D369A9685C
:1069B00043EA0123D361002000E00120002384F892
:1069C0003C3038BD0220FCE710B4846824F47F4CCE
:1069D00042EA03220A4342EA0C02826010BC70477A
:1069E00010B50468A26822F070024B68134323F0CC
:1069F00007030A681A43A2604B68502B30D00BD9AA
:106A0000602B34D0702B43D10B698A68C968006849
:106A1000FFF7DAFF002010BD402B0CD02ED8202B22
:106A20002ED004D873B3102B2ED10020F3E7302BD7
:106A30002CD10020EFE70B68052B2BD003681C6AD4
:106A40001A6A22F001021A620268936923F0F003C5
:106A5000096943EA0113936103681C620020DAE7C5
:106A60000A6989680068FFF70DFD0020D3E70A690D
:106A700089680068FFF733FD0020CCE70120CAE7F2
:106A80000020C8E70020C6E70120C4E70120C2E7D4
:106A90000120C0E70120BEE790F83C30012B22D056
:106AA00010B50446012380F83C30022380F83D30C5
:106AB000FFF796FF80B92268D36823F04003D360C4
:106AC0002268D36823F48043D360012384F83D30E7
:106AD000002384F83C3010BD012084F83D000023E1
:106AE00084F83C30F7E70220704701F01F014FF0B7
:106AF000010C0CFA01FC036A23EA0C030362036A2B
:106B00008A4013430362704710B504460B46F1B93F
:106B100090F83E00C0B253BB94F84220D2B2012894
:106B200040F08E80012A40F08C8083BB022184F8E3
:106B30003E1084F842100C2B00F28480DFE803F052
:106B40006982828241828282638282826F0004290A
:106B500005D0082907D090F84100C0B2DBE790F8D3
:106B60003F00C0B2D7E790F84000C0B2D3E7042B93
:106B700005D0082B07D094F84520D2B2CFE794F87F
:106B80004320D2B2CBE794F84420D2B2C7E7042B1B
:106B90000CD0082B0ED0022184F84110042B0DD00C
:106BA000082B2DD0022184F84510C4E7022184F877
:106BB0003F10F3E7022184F84010EFE7022284F847
:106BC00043202168CA6842F00402CA6001221946C3
:106BD0002068FFF78AFF23681C4A934225D0B3F14F
:106BE000804F22D0A2F5943293421ED002F58062EB
:106BF00093421AD01A6842F001021A60002020E085
:106C0000022284F844202168CA6842F00802CA605F
:106C1000DCE72168CA6842F00202CA60D6E7216850
:106C2000CA6842F01002CA60D0E79A6802F0070210
:106C3000062A09D01A6842F001021A60002000E01A
:106C4000012010BD1046FCE70020FAE7002C0140AF
:106C500090F83C20012A2CD010B40346012280F881
:106C60003C20022280F83D2002685068946820F0A1
:106C7000700C086840EA0C0050601A680E488242A6
:106C80000AD0B2F1804F07D0A0F59430824203D0F1
:106C900000F58060824204D124F0800449682143D9
:106CA0009160012283F83D20002083F83C0010BC55
:106CB00070470220704700BF002C014070477047AA
:106CC00008B5074A136843F010031360032000F06F
:106CD0009DFD0F20FEF7A2FFFEF776FF002008BD06
:106CE00000200240034A1168034B1B780B441360D9
:106CF000704700BF14090020C8010020014B18682C
:106D0000704700BF1409002082B0084B1B68084A76
:106D1000A2FB03235B0A00FB03F3019300BF019B6B
:106D20005A1E0192002BF9D102B07047D001002009
:106D3000D34D6210002800F0F18170B582B0044696
:106D4000036813F0010F2CD0994B5B6803F00C0320
:106D5000042B1DD0964B5B6803F00C03082B12D05C
:106D60006368B3F5803F41D0002B55D103F18043D8
:106D700003F504331A6822F480321A601A6822F488
:106D800080221A6037E08A4B5B6813F4803FE7D0BB
:106D9000874B1B6813F4003F03D06368002B00F09F
:106DA000BF81236813F0020F75D0814B5B6813F02D
:106DB0000C0F5FD07E4B5B6803F00C03082B54D0A4
:106DC0002369002B00F08A807A4B01221A60FFF7BA
:106DD00095FF0546764B1B6813F0020F75D1FFF740
:106DE0008DFF401B0228F5D903209EE1704A1368ED
:106DF00043F480331360636843B3FFF77FFF0546B6
:106E00006B4B1B6813F4003FCBD1FFF777FF401BA0
:106E10006428F5D9032088E1B3F5A02F09D0644B8D
:106E20001A6822F480321A601A6822F480221A60EA
:106E3000E1E703F18043A3F53C331A6842F4802272
:106E40001A601A6842F480321A60D4E7FFF756FFDE
:106E50000546574B1B6813F4003FA2D0FFF74EFFC7
:106E6000401B6428F5D903205FE1514B5B6813F4A4
:106E7000803FA5D14E4B1B6813F0020F03D023694E
:106E8000012B40F04F814A4A136823F0F8036169EF
:106E900043EAC1031360236813F0080F33D0A369DA
:106EA000002B5CD0434B0122C3F88024FFF726FF60
:106EB00005463F4B5B6A13F0020F21D1FFF71EFF1F
:106EC000401B0228F5D903202FE1394A136823F02B
:106ED000F803616943EAC1031360DCE7354B002224
:106EE0001A60FFF70BFF0546314B1B6813F0020FCA
:106EF000D1D0FFF703FF401B0228F5D9032014E18E
:106F00000120FFF701FF236813F0040F00F09680C3
:106F1000274BDB6913F0805F34D1254BDA6942F0EF
:106F20008052DA61DB6903F080530193019B0125F4
:106F3000214B1B6813F4807F26D0E368012B3DD0E2
:106F4000002B53D103F1804303F504331A6A22F076
:106F500001021A621A6A22F004021A6233E0154B27
:106F60000022C3F88024FFF7C9FE0546104B5B6A78
:106F700013F0020FC7D0FFF7C1FE401B0228F5D95E
:106F80000320D2E00025D3E70B4A136843F4807353
:106F90001360FFF7B3FE0646074B1B6813F4807FB0
:106FA000CBD1FFF7ABFE801B6428F5D90320BCE0F2
:106FB0000010024000004242007000405F4A136A25
:106FC00043F001031362E36833B3FFF797FE06460D
:106FD0005A4B1B6A13F0020F2FD1FFF78FFE801B55
:106FE00041F288339842F3D903209EE0052B09D063
:106FF000524B1A6A22F001021A621A6A22F0040243
:107000001A62E0E74D4B1A6A42F004021A621A6AE9
:1070100042F001021A62D6E7FFF770FE0646474BC0
:107020001B6A13F0020F08D0FFF768FE801B41F2C5
:1070300088339842F3D9032077E0E5B9E369002B60
:1070400072D03E4A526802F00C02082A56D0022B37
:1070500017D03B4B00221A66FFF750FE0446374B11
:107060001B6813F0007F47D0FFF748FE001B022883
:10707000F5D9032059E0314AD36923F08053D36115
:10708000DCE72F4B00221A66FFF738FE05462B4B34
:107090001B6813F0007F06D0FFF730FE401B02286C
:1070A000F5D9032041E0236AB3F5803F1AD0234984
:1070B0004B6823F47413226A606A024313434B60E3
:1070C0001F4B01221A66FFF719FE04461B4B1B6873
:1070D00013F0007F0ED1FFF711FE001B0228F5D937
:1070E000032022E0154A536823F40033A1680B43C0
:1070F0005360DCE7002018E0002016E0012B16D0DA
:107100000E4B5B6803F48031226A914211D103F483
:107110007013626A93420ED1002006E0012070478E
:10712000012002E0012000E0002002B070BD01203B
:10713000FBE70120F9E70120F7E700BF001002405C
:10714000000042420F4B5B6803F00C02082A01D09A
:107150000D487047C3F383420C49885C13F4803FA9
:107160000BD0084B5B68C3F34043094AD35C064A23
:1071700002FB00F0B0FBF3F07047064B03FB00F09E
:10718000704700BF0010024000127A00B4A7000848
:10719000B0A7000800093D00002800F0A08070B5ED
:1071A0000D460446524B1B6803F007038B420BD27B
:1071B0004F4A136823F007030B431360136803F06F
:1071C00007038B4240F08D80236813F0020F17D025
:1071D00013F0040F04D0474A536843F4E06353604C
:1071E000236813F0080F04D0424A536843F46053F5
:1071F0005360404A536823F0F003A1680B43536087
:10720000236813F0010F31D06368012B20D0022BCB
:1072100025D0384A126812F0020F64D035494A6806
:1072200022F0030213434B60FFF768FD0646314B23
:107230005B6803F00C036268B3EB820F16D0FFF7B4
:107240005DFD801B41F288339842F0D9032045E070
:10725000284A126812F4003FE0D101203EE0254A9E
:10726000126812F0007FD9D1012037E0204B1B6853
:1072700003F00703AB420AD91D4A136823F0070342
:107280002B431360136803F00703AB422DD123682F
:1072900013F0040F06D0174A536823F4E063E16843
:1072A0000B435360236813F0080F07D0114A53684B
:1072B00023F46053216943EAC1035360FFF742FF9F
:1072C0000C4B5B68C3F303130B4AD35CD8400B4BE6
:1072D00018600B4B1868FEF7A1FC002070BD012060
:1072E00070470120FAE70120F8E70120F6E700BF28
:1072F0000020024000100240E0A70008D00100205A
:10730000CC010020014B1868704700BFD00100205D
:1073100008B5FFF7F7FF044B5B68C3F30223034A8A
:10732000D35CD84008BD00BF00100240D8A70008B9
:1073300008B5FFF7E7FF044B5B68C3F3C223034ABA
:10734000D35CD84008BD00BF00100240D8A7000899
:107350000F2303600B4B5A6802F0030242605A6825
:1073600002F0F00282605A6802F4E062C2605B6878
:10737000DB0803F4E0630361034B1B6803F00703BE
:107380000B607047001002400020024070B582B0D0
:107390000446036813F0010F36D03F4BDB6913F04E
:1073A000805F49D13C4BDA6942F08052DA61DB6997
:1073B00003F080530193019B0125384B1B6813F4A4
:1073C000807F3BD0344B1B6A13F4407313D0626848
:1073D00002F440729A420ED02F4A136A23F440708E
:1073E0002F490126C1F840640026C1F840641062AC
:1073F00013F0010F36D1284A136A23F440736168F1
:107400000B431362002D3ED1236813F0020F06D008
:10741000214A536823F44043A1680B435360236817
:1074200013F0100F34D01C4A536823F48003E16832
:107430000B43536000202CE00025BEE7174A136879
:1074400043F480731360FFF759FC0646134B1B6827
:1074500013F4807FB6D1FFF751FC801B6428F5D967
:10746000032016E0FFF74AFC06460B4B1B6A13F09D
:10747000020FC0D1FFF742FC801B41F288339842D3
:10748000F3D9032005E0D36923F08053D361BBE730
:10749000002002B070BD00BF00100240007000402C
:1074A0000000424208B502284ED0102803D001281F
:1074B00028D0002052E02B4B5A68186810F08070DA
:1074C0004CD0C2F383432849C85C12F4803F15D0E6
:1074D000244B5B68C3F34043244AD25C244BB3FB88
:1074E000F2F303FB00F01F4B5B6813F4800F35D100
:1074F0004000204BA3FB003040082FE01E4B03FB55
:1075000000F0F0E7174B1B6A40F202321A40B2F566
:10751000817F24D003F44073B3F5007F04D0B3F52A
:10752000407F09D0002019E00E4A526A12F0020F83
:10753000F5D049F6404011E00A4B186810F40030CD
:107540000CD04FF2244009E0FFF7F2FE054B5B68D8
:10755000C3F3813301335B00B0FBF3F008BD4FF49C
:107560000040FBE700100240C8A70008C4A70008BD
:1075700000127A00ABAAAAAA00093D0070B582B039
:107580000024A446A1E07E4DAB4214D00CD8A5F552
:107590008015AB420FD005F57025AB420BD0A5F599
:1075A0008015AB4210D106E0764DAB4203D005F515
:1075B0008035AB4208D18B68002B50D0012B49D0CD
:1075C0004261082400E0CC68BEF1FF0F49D80646AE
:1075D0004FEA8C0233680F25954023EA050304FA2D
:1075E00002F2134333604B6813F0805F6BD0664B3D
:1075F0009A6942F001029A619B6903F001030193C9
:10760000019B4FEA9C02951C604B53F825600CF0DF
:107610000305AD000F23AB4026EA03065C4B9842FE
:1076200026D003F58063984200F08C8003F58063D8
:10763000984200F0898003F58063984216D00423B5
:1076400017E0CC680434BFE7CC680834BCE7CC68EA
:107650000C34B9E702610824B6E70024B4E7042437
:10766000B2E7061DACF108029200B3E7032300E085
:107670000023AB4033430232444D45F822304B687F
:1076800013F4801F62D0434A936843EA0E03936069
:107690004B6813F4001F5FD03E4AD36843EA0E03E1
:1076A000D3604B6813F4003F5CD03A4A536843EA16
:1076B0000E0353604B6813F4803F59D0354A13686A
:1076C00043EA0E0313600CF1010C0B6833FA0CF261
:1076D00054D0012202FA0CF203EA020E32EA03034A
:1076E000F1D14B68122B3FF64EAF122B3FF66CAF29
:1076F00001A555F823F000BFB7750008C77500084D
:10770000497600085B760008C9750008C97500084D
:10771000C9750008C9750008C9750008C975000851
:10772000C9750008C9750008C9750008C975000841
:10773000C9750008C9750008C975000843760008B6
:107740004F760008012394E7022392E7114A9368D9
:1077500023EA0E0393609BE70E4AD36823EA0E03E5
:10776000D3609EE70B4A536823EA0E035360A1E7F8
:10777000084A136823EA0E031360A4E702B070BD41
:1077800000002210000031100010024000000140F3
:1077900000080140000401400AB10161704709047A
:1077A00001617047002808DB0901C9B200F160409F
:1077B00000F5614080F80013704700F00F000901E8
:1077C000C9B2014B1954704714ED00E000B500F048
:1077D0000700C0F1070CBCF1040F28BF4FF0040CE8
:1077E000031D062B0FD9C31E4FF0FF3E0EFA0CF0FF
:1077F00021EA000199400EFA03FE22EA0E0241EA54
:1078000002005DF804FB0023EEE70000074AD3689E
:1078100023F4E0631B041B0C000200F4E06003434C
:1078200043F0BF6343F40033D360704700ED00E0E2
:1078300010B50446054BD868C0F30220FFF7C6FF19
:1078400001462046FFF7AEFF10BD00BF00ED00E08F
:10785000002807DB00F01F02400901239340024A81
:1078600042F82030704700BF00E100E003685A6929
:1078700012F4806F01D1002070476FF480625A616A
:1078800000230363202280F83D2080F83E30026C04
:1078900042F00402026480F83C30012070472DE978
:1078A000F04106460C46174698463BE0FFF726FA9D
:1078B000069BC01A404502D8B8F1000F32D1012D05
:1078C00018D033689B6924EA03039BB2B3FA83F3AD
:1078D0005B099F4226D100233363202286F83D2096
:1078E00086F83E30326C42F02002326486F83C303A
:1078F000012027E033685B6924EA03039BB2B3FAF3
:1079000083F35B09E5E733685B6924EA030C1FFA3C
:107910008CFCBCFA8CFC4FEA5C1C674511D1B8F1B9
:10792000FF3FC3D1C4F30745012DECD033689B69F9
:1079300024EA030C1FFA8CFCBCFA8CFC4FEA5C1C9A
:10794000EBE70020BDE8F0812DE9F84305460E463F
:107950009046994653E01A6842F400721A602B6808
:107960006FF480625A6100232B63202285F83D204A
:1079700085F83E302A6C42F004022A6485F83C30D7
:1079800001204AE0FFF7BAF9A0EB0900404502D810
:10799000B8F1000F33D1012F17D02B689B6926EA6D
:1079A00003039BB2003B18BF012343B300232B63A7
:1079B000202285F83D2085F83E302A6C42F02002D6
:1079C0002A6485F83C30012027E02B685B6926EAB1
:1079D00003039BB2003B18BF0123E6E72B689C69B9
:1079E00026EA0404A4B2003C18BF0124A4B12B6809
:1079F0005A6912F4806FAED1B8F1FF3FC2D1C6F31D
:107A00000747012FEAD12B685C6926EA0404A4B277
:107A1000003C18BF0124E9E70020BDE8F88370B5F9
:107A200004460D46164623685B6913F0800F21D18A
:107A30002046FFF71BFFF8B9B5F1FF3FF3D0FFF782
:107A40005DF9801BA84201D8002DECD123685B6949
:107A500013F0800FE7D100232363202284F83D2018
:107A600084F83E30226C42F02002226484F83C30DC
:107A7000012000E0002070BD0120FCE72DE9F0436B
:107A800085B004460D4691461F46DDF830800D9EB8
:107A90000368196841F4807119600096434600221A
:107AA0004FF00111FFF7FBFE60B9236805F0FE05FA
:107AB0001D613346424626492046FFF745FF68B11F
:107AC000012008E023681B6813F4807F02D04FF484
:107AD00000732364032005B0BDE8F0830023039303
:107AE00023685A6903929B690393039B324641467C
:107AF0002046FFF794FF30B9012F0FD123685FFABA
:107B000089F61E61E7E7236C042B01D00120E2E730
:107B10002268136843F400731360F7E723684FEAA1
:107B200019221A61324641462046FFF778FF20B9F4
:107B300023685FFA89F61E61CDE7236C042B01D020
:107B40000120C8E72268136843F400731360F7E765
:107B5000020001002DE9F04784B004460D461646A8
:107B600099460C9FDDF834800268136843F4806303
:107B700013600368196841F480711960CDF80080C2
:107B80003B4600224FF00111FFF789FE70B95FFA02
:107B900085FA236805F0FE051D6143463A464149D2
:107BA0002046FFF7D1FE68B1012008E023681B687A
:107BB00013F4807F02D04FF400732364032004B0D9
:107BC000BDE8F0870023039323685A6903929B69F9
:107BD0000393039B424639462046FFF720FF80B9B6
:107BE000B9F1010F18D12368F6B21E614246394639
:107BF0002046FFF714FF68B3236C042B24D0012028
:107C0000DDE7236C042B01D00120D8E7226813683C
:107C100043F400731360F7E72368320A1A6142469F
:107C200039462046FFF7FBFE18B92368F6B21E61FD
:107C3000DCE7236C042B01D00120C0E72268136825
:107C400043F400731360F7E72268136843F400738A
:107C50001360D4E72268136843F480731360CDF88F
:107C600000803B4600224FF001112046FFF717FE2F
:107C700068B922684AF00103136143463A4609494C
:107C80002046FFF761FE002899D0012097E723687E
:107C90001B6813F4807F02D04FF400732364032029
:107CA0008DE700BF0200010070B504460D46164680
:107CB00023685B6913F0040F21D12046FFF7D6FD3E
:107CC000F8B9B5F1FF3FF3D0FFF718F8801BA842D1
:107CD00001D8002DECD123685B6913F0040FE7D1C4
:107CE00000232363202284F83D2084F83E30226C58
:107CF00042F02002226484F83C30012000E00020A1
:107D000070BD0120FCE770B504460D46164614E030
:107D10006FF010025A6100232363202284F83D2073
:107D200084F83E30226C226484F83C30012025E047
:107D300023685B6913F0400F10D02368586910F076
:107D4000400F1AD1586910F0100FE1D1FEF7D6FF9D
:107D5000801BA842ECD8002DEFD1E9E70023236374
:107D6000202284F83D2084F83E30226C42F020022C
:107D7000226484F83C30012000E0002070BD000047
:107D8000002800F0CC8070B5044690F83D30002B00
:107D900077D0242384F83D302268136823F0010350
:107DA00013602268136843F4004313602268136869
:107DB00023F400431360FFF7ABFA62685A4B9A4210
:107DC00064D85A4B98428CBF00230123002B40F00B
:107DD000A8805749A1FB00318B0C25686A6822F006
:107DE0003F0242EA91426A6021680A6A22F03F0239
:107DF00066684D4DAE424FD8013313430B62216884
:107E0000CA6922F44F4222F0FF026568464B9D4248
:107E10004CD8431E6D00B3FBF5F3013340F6FC7004
:107E2000034278D0C3F30B031A43CA6121680B687D
:107E300023F0C003E269206A024313430B60216808
:107E40008B6823F4034323F0FF032269E0680243B5
:107E500013438B602168CB6823F0FF036269A0693C
:107E600002431343CB602268136843F0010313609D
:107E700000202064202384F83D30206384F83E00F5
:107E800070BD80F83C30FDF7CDFB82E7294B98426E
:107E90008CBF0023012399E74FF4967505FB03F38C
:107EA000254DA5FB03539B090133A6E7A668BEB980
:107EB000431E05EB450CB3FBFCF30133C3F30B038B
:107EC000B3FA83F35B0943BBC6B9431E05EB450513
:107ED000B3FBF5F30133C3F30B0343F40043A3E710
:107EE000431E05EB850C0CEB8C0CB3FBFCF3013350
:107EF000C3F30B03B3FA83F35B09E4E7431E05EB1B
:107F0000850505EB8505B3FBF5F30133C3F30B03DF
:107F100043F4404388E7042386E7012384E70120F4
:107F200070470120ACE700BFA08601007F841E00DF
:107F300083DE1B43FF083D00D34D62102DE9F04363
:107F400083B004460F46904699460C9EFEF7D6FE37
:107F5000054694F83D00C0B2202803D0022003B0AB
:107F6000BDE8F0830095192301224B492046FFF715
:107F700096FC002840F0898094F83C30012B00F0FA
:107F80008680012384F83C3023681A6812F0010FC0
:107F900003D11A6842F001021A602268136823F4C0
:107FA00000631360212384F83D30402384F83E3081
:107FB000002323640A9B6362BDF82C306385638DC4
:107FC0002385364BE362019500964B46424639467F
:107FD0002046FFF753FD00285BD1238D002B35D0C1
:107FE0002A4631462046FFF71AFD20BB626A236805
:107FF00012781A61626A531C6362218D013989B259
:108000002185638D9BB2013B9BB2638523685869D0
:1080100010F0040FE1D00029DFD052781A61636AB2
:1080200001336362238D013B2385638D9BB2013B4A
:108030009BB26385D1E7236C042B01D001208EE72E
:108040002268136843F400731360F7E72A46314649
:108050002046FFF729FE50B1236C042B01D00120EC
:108060007DE72268136843F400731360F7E7226822
:10807000136843F400731360202384F83D30002319
:1080800084F83E3084F83C3069E7022067E702203C
:1080900065E7012063E700BF020010000000FFFF5A
:1080A0002DE9F04389B004460F4690469946129E4A
:1080B00000230793FEF722FE054694F83D00C0B268
:1080C000202804D00227384609B0BDE8F083009587
:1080D0001923012281492046FFF7E1FB002840F0E7
:1080E0007C8194F83C30012B00F07981012384F8E5
:1080F0003C3023681A6812F0010F03D11A6842F06D
:1081000001021A602268136823F4006313602223BB
:1081100084F83D30402384F83E3000232364109BD4
:108120006362BDF844306385638D23856C4BE362E5
:10813000019500964B46424639462046FFF70AFD18
:108140000746002840F04D81238D5BB903932368D7
:108150005A6903929A690392039A1A6842F4007268
:108160001A60F2E0012B0FD0022B21D02268136895
:1081700043F4806313600023069323685A690692D0
:108180009B690693069BE0E02268136823F48063F2
:10819000136072B60023049323685A6904929A69A3
:1081A0000492049A1A6842F400721A6062B6CCE033
:1081B0002268136843F40063136072B600230593CA
:1081C00023685A6905929A690592059A1A6822F4F9
:1081D00080621A6062B6B8E02A4631462046FFF750
:1081E00092FD002840F0FF8023681A69636A1A70C4
:1081F000636A01336362238D013B2385638D9BB2E8
:10820000013B9BB26385A0E00095334600223549CF
:108210002046FFF744FB002840F0E98022681368FD
:1082200023F48063136072B623681A69636A1A7054
:10823000636A01336362238D013B2385638D9BB2A7
:10824000013B9BB26385284B1B68DB08274AA2FBD6
:1082500003231B0A03EB8303C3EBC3030793079BAF
:10826000013B0793079B002B28D023685A6912F023
:10827000040FF4D01A6842F400721A6023681A6975
:10828000636A1A70636A01336362238D013B23853D
:10829000638D9BB2013B9BB2638562B623681A690A
:1082A000636A1A70636A01336362238D013B23851D
:1082B000638D9BB2013B9BB2638546E02363202222
:1082C00084F83D2084F83E30226C42F02002226483
:1082D00062B684F83C300127F5E600BF02001000CA
:1082E0000000FFFF04000100D001002089B5F81450
:1082F0002A4631462046FFF706FD002879D123683B
:108300001A69636A1A70636A01336362228D013AE3
:1083100092B22285638D9BB2013B9BB26385236839
:10832000596911F0040F10D0032A48D023681A6944
:10833000636A1A70636A01336362238D013B23858C
:10834000638D9BB2013B9BB26385238D002B3BD099
:10835000032BCDD8012B3FF43FAF022B7FF454AF5A
:1083600000953346002224492046FFF798FA00285A
:108370003BD172B62268136843F40073136023681C
:108380001A69636A1A70636A01336362238D013B61
:108390002385638D9BB2013B9BB2638562B62368E4
:1083A0001A69636A1A70636A01336362238D013B41
:1083B0002385638D9BB2013B9BB26385C5E71A6839
:1083C00022F480621A60B1E7202384F83D30002354
:1083D00084F83E3084F83C3075E6022773E60227C5
:1083E00071E601276FE601276DE601276BE601279D
:1083F00069E6012767E600BF04000100026802F198
:108400000C0353E8003F23F490730C3242E8003130
:108410000029F3D1026802F1140353E8003F23F06E
:108420000103143242E800310029F3D1036B012B20
:1084300005D0202380F84230002303637047026890
:1084400002F10C0353E8003F23F010030C3242E822
:1084500000310029F3D1ECE710B504460268136936
:1084600023F44053C1680B431361836802691343CB
:1084700042691A430168CB6823F4B05323F00C031C
:108480001343CB600268536923F4407381690B4343
:1084900053610268134B9A4220D0FEF739FF02461F
:1084A00002EB820202EB820263689B00B2FBF3F2F2
:1084B0000D48A0FB02314909642303FB11231B0172
:1084C0003233A0FB03035B0903F0F00202EB01125D
:1084D00003F00F03216813448B6010BDFEF728FFE3
:1084E0000246DDE7003801401F85EB512DE9F043DE
:1084F00083B005460E4617469946DDF828802B685E
:108500001C6836EA04040CBF01240024BC4228D1B4
:10851000B8F1FF3FF3D0FEF7F1FBA0EB09004045B7
:1085200023D8B8F1000F22D02B68DA6812F0040FBC
:10853000E5D0802EE3D0402EE1D01A6812F0080F6B
:10854000DDD0002401941A6801925B680193019BBD
:108550002846FFF753FF08236B6485F8404001204D
:1085600000E0002003B0BDE8F0830320FAE7032019
:10857000F8E760B310B5044690F8413013B32423F4
:1085800084F841302268D36823F40053D360204636
:10859000FFF762FF2268136923F490431361226896
:1085A000536923F02A0353612268D36843F40053CC
:1085B000D36000206064202384F8413084F8423086
:1085C000606310BD80F84030FDF7F6F9D7E7012071
:1085D00070472DE9F04182B01E4690F84130DBB281
:1085E000202B56D104460D469046002955D00AB995
:1085F00001204FE000234364212380F84130FEF73F
:108600007DFB0746A4F82480A4F82680A368B3F570
:10861000805F02D04FF0000814E023692BB34FF0C5
:1086200000080FE0202384F84130032032E038F8BE
:10863000023B2268C3F308035360E28C92B2013A12
:1086400092B2E284E38C9BB293B100963B46002247
:1086500080212046FFF74AFF0028E3D1002DE6D015
:1086600015F8012B23685A60E7E7A8460025E9E7DB
:1086700000963B46002240212046FFF737FF18B9FD
:10868000202384F8413005E0202384F84130032082
:1086900000E0022002B0BDE8F0810120FAE7704757
:1086A00000F1080343604FF0FF328260C360036152
:1086B00000230360704700230361704743684B60E9
:1086C0009A688A60516099600861036801330360A9
:1086D000704730B40D68B5F1FF3F11D000F10803C9
:1086E0001C465B681A68AA42FAD963684B609960B5
:1086F0008C606160086103680133036030BC7047BF
:108700000469F2E70369416882688A6041685160E0
:108710005A68824206D0002202611A68013A1A6041
:108720001868704782685A60F5E710B5044601F092
:1087300069F9A26BE36B9A4204D0002401F084F93A
:10874000204610BD0124F9E710B5044601F05AF99E
:10875000A36B23B9012401F077F9204610BD002452
:10876000F9E770B504461546866B026C5AB9036882
:108770001BB100200136A66370BD806800F02EFF9B
:108780000023A360F6E76DB94068F9F7D7FC63688A
:10879000226C13446360A268934219D32368636018
:1087A0002846E7E7C068F9F7C9FCE368226C514244
:1087B0009B1AE3602268934202D2A3680B44E360F1
:1087C000022D01D00020D5E726B1013E0020D1E7DF
:1087D0002846CFE70020CDE708B50346026C62B11A
:1087E0000846D9681144D960D3F808C0614501D35F
:1087F0001968D960D968F9F7A1FC08BD38B50546F4
:1088000001F000F995F8454064B201E0013C64B222
:10881000002C0ADD6B6A43B105F1240000F034FE40
:108820000028F3D000F0C4FEF0E7FF2385F84530C0
:1088300001F00AF901F0E6F895F8444064B201E06D
:10884000013C64B2002C0ADD2B6943B105F1100034
:1088500000F01AFE0028F3D000F0AAFEF0E7FF2394
:1088600085F8443001F0F0F838BD38B5E0B10D4678
:10887000044601F0C7F82368E26B216C01FB02306B
:10888000A0600020A0636360013A02FB0133E36053
:10889000FF2384F8443084F84530FDB9236963B977
:1088A00001F0D2F8012038BD4FF0500383F3118856
:1088B000BFF36F8FBFF34F8FFEE704F1100000F09E
:1088C000E3FD0028ECD04FF0E0234FF08052C3F8D6
:1088D000042DBFF34F8FBFF36F8FE1E704F110005A
:1088E000FFF7DEFE04F12400FFF7DAFED8E710B54B
:1088F000034602980C4631B90060C3630464012149
:10890000FFF7B3FF10BD0260F7E740B94FF0500327
:1089100083F31188BFF36F8FBFF34F8FFEE7F0B57E
:1089200083B00D461446064601FB00F0483000F0C7
:1089300055FF074650B1002380F84630009023468B
:1089400000F1480229463046FFF7D1FF384603B010
:10895000F0BDF0B585B0019288B10F461D460446C2
:10896000B1B1022D20D1E36B012B1DD04FF050038C
:1089700083F31188BFF36F8FBFF34F8FFEE74FF084
:10898000500383F31188BFF36F8FBFF34F8FFEE760
:10899000036C002BE5D04FF0500383F31188BFF335
:1089A0006F8FBFF34F8FFEE700F008FE064658B901
:1089B000019B002B48D04FF0500383F31188BFF385
:1089C0006F8FBFF34F8FFEE700263DE02A46394602
:1089D0002046FFF7C6FE636A7BB948B14FF0E0233B
:1089E0004FF08052C3F8042DBFF34F8FBFF36F8F4A
:1089F00001F02AF8012005B0F0BD04F1240000F0D8
:108A000043FD0028F4D04FF0E0234FF08052C3F82C
:108A1000042DBFF34F8FBFF36F8FE9E701F014F818
:108A20000020E8E702A800F075FD012619E0002308
:108A300084F8443021E0002384F8453023E02046C8
:108A4000FFF7DCFE00F0C8FB00F0DCFFA26BE36B7D
:108A50009A42BBD3022DB9D0019B002BDED0002E51
:108A6000E0D000F0F1FF00F01DFB00F0CBFF94F828
:108A7000442052B2B2F1FF3FD9D094F8452052B20F
:108A8000B2F1FF3FD7D000F0DFFF01A902A800F04C
:108A90004DFDD8B92046FFF748FE0028CFD00199F8
:108AA00004F1100000F0D8FC2046FFF7A7FE00F00C
:108AB00093FB0028C8D14FF0E0234FF08052C3F859
:108AC000042DBFF34F8FBFF36F8FBDE72046FFF735
:108AD00095FE00F081FB00208DE7F0B585B0019296
:108AE00090B10F460446C1B100F068FD064600BBD8
:108AF000019B002B5ED04FF0500383F31188BFF32E
:108B00006F8FBFF34F8FFEE74FF0500383F3118851
:108B1000BFF36F8FBFF34F8FFEE7036C002BE3D0E3
:108B20004FF0500383F31188BFF36F8FBFF34F8F64
:108B3000FEE700263EE039462046FFF74DFE013DA8
:108B4000A563236923B900F07FFF012005B0F0BDC4
:108B500004F1100000F098FC0028F4D04FF0E0235E
:108B60004FF08052C3F8042DBFF34F8FBFF36F8FC8
:108B7000E9E700F069FF0020E8E702A800F0CAFC7E
:108B8000012621E0002384F8443029E0002384F802
:108B900045302BE02046FFF731FE00F01DFB09E0D9
:108BA0002046FFF72BFE00F017FB2046FFF7CCFD19
:108BB00000283FD100F026FFA56B002DBBD1019B03
:108BC000002BD6D0002ED8D000F03EFF00F06AFA7D
:108BD00000F018FF94F844305BB2B3F1FF3FD1D0FE
:108BE00094F845305BB2B3F1FF3FCFD000F02CFFDB
:108BF00001A902A800F09AFC0028D1D12046FFF775
:108C0000A3FD0028C6D0019904F1240000F024FC43
:108C10002046FFF7F3FD00F0DFFA0028CAD14FF03D
:108C2000E0234FF08052C3F8042DBFF34F8FBFF302
:108C30006F8FBFE7002089E7084B1B681B6823B9CB
:108C4000074B4FF0FF321A607047044B1B68DB681C
:108C5000DB685A68024B1A60704700BF8809002021
:108C6000200900202DE9F04707469846089DDDF8C9
:108C700024900A9C266B02F18042013A06EB8206A0
:108C800026F00706C1B308464FF0000CBCF10F0FE9
:108C900009D810F80C2004EB0C0383F8342012B12F
:108CA0000CF1010CF2E7002384F84330062D00D9C3
:108CB0000625E56265644FF0000AC4F848A0201D4F
:108CC000FFF7F9FC04F11800FFF7F5FC2461C5F18A
:108CD0000705A5616462C4F84CA084F850A0424620
:108CE0003946304600F06AFE2060B9F1000F01D02D
:108CF000C9F80040BDE8F087002384F83430D5E798
:108D000038B5002407E004EB840293000E481844B1
:108D1000FFF7C6FC0134062CF5D90C4D2846FFF7A9
:108D2000BFFC0B4C2046FFF7BBFC0A48FFF7B8FC22
:108D30000948FFF7B5FC0948FFF7B2FC084B1D6076
:108D4000084B1C6038BD00BFB4090020A0090020FA
:108D50008C090020700900205C09002044090020D3
:108D6000880900208409002010B5044600F04AFE5E
:108D7000214A136801331360204B1B685BB1204B01
:108D80001B686BB91D4B1B68DA6AE36A9A4207D805
:108D90001A4B1C6004E0194B1C601368012B28D08F
:108DA000184A136801331360E06A01238340164AAE
:108DB00011680B43136000EB8000211D134B03EB84
:108DC0008000FFF77BFC00F03FFE0D4B1B687BB182
:108DD0000A4B1B68DA6AE36A9A4209D24FF0E02331
:108DE0004FF08052C3F8042DBFF34F8FBFF36F8F46
:108DF00010BDFFF785FFD3E740090020400A00209F
:108E0000340900202409002038090020B40900207A
:108E100010B5044690F8513063B1012B11D0022BEC
:108E20000ED04FF0500383F31188BFF36F8FBFF361
:108E30004F8FFEE7006B00F053FD204600F050FD21
:108E400010BD00F04DFDFBE70F4B1B68D3B110B513
:108E500000F0D8FD0D4BDB68DC68201DFFF752FCED
:108E60000B4A1368013B1360074A1368013B136008
:108E700000F0EAFD2046FFF7CBFF034B1B68002BF9
:108E8000E6D110BD704700BF580900205C090020E2
:108E90004009002008B5FFF7D7FF074B1B68012BDF
:108EA000F9D94FF0E0234FF08052C3F8042DBFF3FF
:108EB0004F8FBFF36F8FEEE7B409002070B5044603
:108EC0000D461D4B1E681D4B18680430FFF71AFC39
:108ED00048B91A4B1B68DB6A01229A4018490B6893
:108EE00023EA02030B60B4F1FF3F0DD03444134B6F
:108EF0001B685C60A64210D9124B18680F4B1968AA
:108F00000431FFF7E6FB70BD002DEFD00B4B196865
:108F100004310D48FFF7D2FBF5E70C4B1868074BFF
:108F200019680431FFF7D5FB094B1B68A342EAD946
:108F3000074B1C60E7E700BF3C090020400A002007
:108F400038090020840900204409002088090020F5
:108F50002009002030B587B00B9C7CB10C9DB5B1C9
:108F600054250495049D542D1AD04FF0500383F3DB
:108F70001188BFF36F8FBFF34F8FFEE74FF05003A1
:108F800083F31188BFF36F8FBFF34F8FFEE74FF06E
:108F9000500383F31188BFF36F8FBFF34F8FFEE74A
:108FA000049D0C9D2C63022485F8514000240394F9
:108FB000029505AC01940A9C0094FFF753FE0C98AF
:108FC000FFF7D2FE059807B030BD2DE9F04385B01C
:108FD0000746884614461E46900000F0FFFB08B383
:108FE0008146542000F0FAFB0546A8B1C0F8309045
:108FF000002380F85130039302900D9B01930C9B4A
:1090000000933346224641463846FFF72BFE28465A
:10901000FFF7AAFE012007E0484600F061FC4FF090
:10902000FF3001E04FF0FF3005B0BDE8F0830000F5
:1090300010B588B000240594069407AA06A905A8CF
:10904000FCF77CF9059B0293069B01930094234651
:10905000079A0E490E48FFF77DFF0E4B186090B13E
:109060004FF0500383F31188BFF36F8FBFF34F8F1F
:10907000094B4FF0FF321A60084B01221A60084B6F
:109080001C6000F049FD08B010BD00BFFCA5000841
:10909000958E00081C0900202009002034090020BA
:1090A0003C090020024A136801331360704700BF77
:1090B00018090020014B1868704700BF3C090020C8
:1090C000F8B53A4B1B68002B69D1394B1D68013547
:1090D0001D60C5B9374B1B681B6843B14FF0500387
:1090E00083F31188BFF36F8FBFF34F8FFEE7314AD1
:1090F0001168314B186810601960304A13680133E9
:109100001360FFF799FD2E4B1B68AB423DD900273A
:109110002C4B1B68DB6A03EB83039A002A4B9B589A
:10912000012B00D90127294B1B68002B3CD00127BC
:109130003AE001271F4B1B681B6843B31D4B1B689C
:10914000DB68DC6863689D4226D3261D3046FFF746
:10915000D9FAA36A1BB104F11800FFF7D3FAE36A46
:1091600001229A401A49086802430A6003EB83030C
:109170009A00314614481044FFF7A0FAE26A114BF6
:109180001B68DB6A9A42D4D2D4E70027D2E70C4BA3
:109190004FF0FF321A60BBE7094A1360B8E70D4A87
:1091A00013680133136000273846F8BD1809002002
:1091B0003C0900208809002084090020280900209B
:1091C00020090020400A0020B40900202C090020BA
:1091D000380900203009002038B5354B1B6843B9E9
:1091E0004FF0500383F31188BFF36F8FBFF34F8F9E
:1091F000FEE700F007FC2E4B1A68013A1A601B6864
:10920000002B4FD12B4B1B680BB900244BE00024E3
:10921000294B1B681BB3284BDB68DC6804F1180082
:10922000FFF770FA251D2846FFF76CFAE06A012364
:109230008340224A11680B43136000EB80002946EB
:109240001F4B03EB8000FFF739FAE26A1D4B1B68E6
:10925000DB6A9A42DCD31C4B01221A60D8E70CB1BE
:10926000FFF7EAFC194B1C6884B9174B1C68D4B192
:109270004FF0E0234FF08052C3F8042DBFF34F8F1F
:10928000BFF36F8F01240EE0013C07D0FFF718FFFA
:109290000028F9D00C4B01221A60F5E70B4B002295
:1092A0001A60E2E7002400F0CFFB204638BD00BF83
:1092B000180900204009002070090020380900200A
:1092C000B4090020400A00202C09002030090020A9
:1092D00038B558B10C46054689B94FF0500383F3B1
:1092E0001188BFF36F8FBFF34F8FFEE74FF050032E
:1092F00083F31188BFF36F8FBFF34F8FFEE71B4BD4
:109300001B6843B14FF0500383F31188BFF36F8F95
:10931000BFF34F8FFEE7FFF7C5FE154B18682B68AC
:109320001C44834209D9A34201D82C600EE0A0421C
:1093300001D32C600AE02C6004E0A34201D8A042D3
:1093400012D22C600021201AFFF7B8FDFFF744FF6E
:1093500048B94FF0E0234FF08052C3F8042DBFF31B
:109360004F8FBFF36F8F38BD2C60EFE718090020D7
:109370003C09002010B5A8B10446104B1B6843B14E
:109380004FF0500383F31188BFF36F8FBFF34F8FFC
:10939000FEE7FFF787FE00212046FFF78FFDFFF76E
:1093A0001BFF48B94FF0E0234FF08052C3F8042D63
:1093B000BFF34F8FBFF36F8F10BD00BF18090020A0
:1093C000204B1B681BB1204B01221A6070471E4BBB
:1093D00000221A601D4B1B68B3FA83F3DBB2C3F1A2
:1093E0001F0303EB83018A0019498A5842B94FF0E1
:1093F000500383F31188BFF36F8FBFF34F8FFEE7E6
:10940000134803EB83018A000244516849685160A4
:1094100003EB830C4FEA8C0208320244914209D0DC
:1094200003EB83039A000A4B13445B68DA68094B29
:109430001A607047486862469100054A0A445060C5
:10944000EEE700BF180900202C0900203809002091
:10945000B4090020400A002058B110B50C46094A52
:1094600011681831FFF735F901212046FFF726FD75
:1094700010BD4FF0500383F31188BFF36F8FBFF31C
:109480004F8FFEE7400A002038B5C368DC6824B37C
:1094900004F118052846FFF735F9184B1B682BBB5C
:1094A000251D2846FFF72EF9E06A01238340144A60
:1094B00011680B43136000EB80002946114B03EB4E
:1094C0008000FFF7FBF8E26A0F4B1B68DB6A9A42E9
:1094D00011D901200D4B186038BD4FF0500383F3B4
:1094E0001188BFF36F8FBFF34F8FFEE729460848FF
:1094F000FFF7E4F8E7E70020EEE700BF18090020D7
:1095000038090020B4090020400A00202C0900205E
:1095100070090020034B1B680360034B1B6843600A
:10952000704700BF280900203C090020D8B170B561
:109530000C46054601B300F065FA1B4B19686B68D1
:10954000C81A2268B2F1FF3F27D0184E3668D5F806
:1095500000C0B44501D08B4224D9824215D80023E3
:10956000236001241AE04FF0500383F31188BFF306
:109570006F8FBFF34F8FFEE74FF0500383F31188D7
:10958000BFF36F8FBFF34F8FFEE75B1A1344236067
:109590002846FFF7BFFF002400E0002400F054FA43
:1095A000204670BD0124F9E73C090020280900206D
:1095B000014B01221A6070472C090020054B1B68E3
:1095C00033B1054B1B680BB1002070470220704778
:1095D00001207047340900201809002000284BD0D2
:1095E00038B50446264B1B68834208D04FF0500321
:1095F00083F31188BFF36F8FBFF34F8FFEE7836C48
:1096000043B94FF0500383F31188BFF36F8FBFF35B
:109610004F8FFEE7013B8364C16A426C91422DD0BB
:109620000BB1002038BD051D2846FFF76BF868B95F
:10963000E36A03EB8302920012498A5832B901228D
:109640009A4011490B6823EA02030B60606CE062E8
:10965000C0F10703A361012404FA00F30A4A116868
:109660000B43136000EB80002946064B03EB8000A0
:10967000FFF724F82046D5E7002070470020D1E707
:10968000400A0020B409002038090020842801D0B5
:10969000033070470020704708B5FFF7C9FC002071
:1096A00008BD2DE9F04387B00E464469C4B1856911
:1096B000B5B14768D0F80080D0F81090B0F9080034
:1096C000FFF7E4FF02950194009033464A46414675
:1096D0003846FFF73FFC0590059807B0BDE8F083DA
:1096E000446805680769B0F90800FFF7CFFF05ABCC
:1096F000019300903346BAB229462046FFF765FC35
:109700000128E9D00020E8E708B500B90120FFF7FB
:1097100031FE002008BD0000124A12F0070F1ED0D3
:10972000D11D21F00701C1F5705313440A460E48BC
:109730000260002141601344083B23F007030B48FB
:10974000036059601960991A51601360084B1960E1
:10975000084B1960084B4FF000421A6070474FF4F5
:109760007053E4E7640A00205C0A0020580A0020D5
:10977000500A0020540A0020440A0020154B1A46C3
:109780001B688342FBD3516802EB010C844509D06E
:10979000416800EB010C634509D00360904218D08A
:1097A000106070474068014451601046F0E710B403
:1097B000094C2468A3420AD05B68194441601368CD
:1097C0001B680360904200D0106010BC70470460BA
:1097D000F8E770475C0A0020580A002038B50446B4
:1097E000FFF760FC384B1B68B3B1384B1B681C4259
:1097F00050D1002C50D004F1080214F0070F02D011
:1098000022F007020832002A55D0314B1B689342E0
:1098100053D330490C6804E0FFF77EFFE5E72146AB
:109820001C466368934202D22368002BF7D1264B73
:109830001B68A34243D00D68083523680B6063683A
:109840009B1A102B10D9A01810F0070F08D04FF05A
:10985000500383F31188BFF36F8FBFF34F8FFEE781
:1098600043606260FFF78AFF626819490B689B1AC0
:109870000B60194909688B4201D217490B60134BE1
:109880001B681343636000232360144A1368013389
:10989000136002E0002500E00025FFF79DFC15F0B5
:1098A000070F0ED04FF0500383F31188BFF36F8F73
:1098B000BFF34F8FFEE70025EFE70025EDE700251A
:1098C000EBE7284638BD00BF580A0020440A0020B4
:1098D000540A00205C0A0020500A00204C0A002094
:1098E000002834D038B50446A0F1080550F8043CEF
:1098F000174A1268134208D14FF0500383F31188BE
:10990000BFF36F8FBFF34F8FFEE750F8081C41B1D4
:109910004FF0500383F31188BFF36F8FBFF34F8F66
:10992000FEE723EA020340F8043CFFF7BBFB54F8D0
:10993000041C084A13680B4413602846FFF71EFFF7
:10994000054A136801331360FFF746FC38BD7047C2
:10995000440A0020540A0020480A002082B0002354
:1099600001930D4B1B68B3F1FF3F08D04FF050033C
:1099700083F31188BFF36F8FBFF34F8FFEE74FF074
:10998000500383F31188BFF36F8FBFF34F8F019B99
:10999000002BFCD002B07047D401002006480068BC
:1099A000006880F3088862B661B6BFF34F8FBFF3DB
:1099B0006F8F00DF00BF000008ED00E04FF0807304
:1099C00040F8043C21F0010140F8081C034B40F82A
:1099D0000C3C40F8202C4038704700BF5D990008CF
:1099E000074B19680868B0E8F00F80F30988BFF3E7
:1099F0006F8F4FF0000080F311884EF00D0E70470E
:109A0000400A00204FF0500383F31188BFF36F8F9B
:109A1000BFF34F8F0B4A136801331360012B00D043
:109A200070474FF0E023D3F8043D13F0FF0FF7D059
:109A30004FF0500383F31188BFF36F8FBFF34F8F45
:109A4000FEE700BFD4010020094B1B6843B94FF06B
:109A5000500383F31188BFF36F8FBFF34F8FFEE77F
:109A6000013B034A13600BB983F31188704700BFB1
:109A7000D4010020000000000000000000000000F1
:109A8000EFF30980BFF36F8F0D4B1A6820E9F00FD9
:109A900010602DE908404FF0500080F31188FFF767
:109AA0008FFC4FF0000080F31188BDE80840196872
:109AB0000868B0E8F00F80F30988BFF36F8F704734
:109AC000400A002008B54FF0500383F31188BFF31C
:109AD0006F8FBFF34F8FFFF7F3FA28B14FF0E023FA
:109AE0004FF08052C3F8042D002383F3118808BD82
:109AF0004FF0E022002313619361054B1B68054979
:109B0000A1FB03139B09013B5361072313617047BA
:109B1000D0010020D34D621010B582B02A4B1A78C4
:109B2000D2B20192FF221A701B78DBB28DF803309B
:109B30009DF8033003F05003244A1370244B07228E
:109B40001A6009E0224A1368013B13609DF8033054
:109B50005B00DBB28DF803309DF8033013F0800F0B
:109B6000F0D11B4B1B68032B08D04FF0500383F33D
:109B70001188BFF36F8FBFF34F8FFEE71B02144AAC
:109B8000136003F4E0631360019BDBB20E4A1370B1
:109B90004FF0E023D3F8202D42F47002C3F8202DBB
:109BA000D3F8202D42F07042C3F8202DFFF7A0FF1C
:109BB0000024084B1C60FFF7F1FEFFF701FCFFF7E4
:109BC000CDFE204602B010BD00E400E06846002053
:109BD00064460020D401002010B503460C4A0D490C
:109BE0000D48006840B10C4800680344521A934283
:109BF00006D8094A136010BD0748084C0460F2E714
:109C0000F6F79AFD0C2303604FF0FF30F3E700BF37
:109C100000500020000400006C4600209846002000
:109C20000120704708B5F6F787FD162303604FF053
:109C3000FF3008BD08B54FF0FF31FFF7F3FFFEE737
:109C400070B50C461646002506E0AFF300802146AD
:109C500001F8010B01350C46B542F6DB304670BD0C
:109C60004FF0FF3070474FF400534B6000207047B7
:109C7000012070470020704710B58CB02D4B2E4C42
:109C80001C6008225A6000229A60DA604FF440217A
:109C900019614FF4401159611A76012159769A766B
:109CA000DA761A7759772548F6F710FB244BDA69EC
:109CB00042F00072DA61DB6903F000730193019BEB
:109CC000236823F0020323604FF6FF7300E013467E
:109CD000194A526812F0020F02D05A1E002BF6D118
:109CE000154B5B6813F0020F1DD016491648F8F7A4
:109CF00067FD104800F084F8B8B11448F6F7E6FAAA
:109D0000FBF7E9F9002307930893012209920293D4
:109D100003930493059306930A9202A9054800F061
:109D200015F90CB010BD0A49E0E70A48F6F7CEFA7B
:109D3000E8E700BF704600200064004010A600085D
:109D40000010024004A600083CA6000854A6000823
:109D50000CA6000864A6000810B588B00023049380
:109D60000593069307930268224B9A4201D008B0EC
:109D700010BD03F5D633DA6922F40002DA619A697C
:109D800042F008029A619A6902F008020192019A6F
:109D9000DA6942F00072DA61DA6902F00072029266
:109DA000029A9A6942F001029A619B6903F00103E9
:109DB0000393039B104A536823F4C04343F0E063CA
:109DC00043F4804353604FF480730493002305935E
:109DD00006930A4C04A92046FDF7D0FB4FF400730C
:109DE0000493022305930323079304A92046FDF758
:109DF000C5FBBCE70064004000000140000C0140CE
:109E0000002800F0A18038B5044690F82030D3B186
:109E10002268136843F001031360FCF76FFF0546E7
:109E200023685A6812F0010F10D1FCF767FF401B3E
:109E30000A28F5D9636A43F400336362052384F882
:109E40002030012038BDFFF787FFE1E71A6822F0D4
:109E500002021A60FCF752FF054623685A6812F0A6
:109E6000020F0DD0FCF74AFF401B0A28F5D9636AA0
:109E700043F400336362052384F820300120E1E7D6
:109E8000227E012A3DD01A6822F080021A60637E89
:109E9000012B3BD02268136823F040031360A37E9C
:109EA000012B39D02268136823F020031360E37E6E
:109EB000012B37D02268136843F010031360237F0F
:109EC000012B35D02268136823F008031360637FE9
:109ED000012B33D02268136823F004031360A368B6
:109EE000E268134322691343626913436268013ACB
:109EF00021681343CB6100206062012384F8203085
:109F0000A0E71A6842F080021A60C0E7226813686E
:109F100043F040031360C2E72268136843F0200354
:109F20001360C4E72268136823F010031360C6E7C8
:109F30002268136843F008031360C8E722681368B7
:109F400043F004031360CAE701207047026890F8E9
:109F50002030013BDBB2012B05D9436A43F4802357
:109F600043620120704710B5D2F8003243F001037C
:109F7000C2F800324B6903F01F03012000FA03F31B
:109F8000D2F81C026FEA030C20EA0300C2F81C029C
:109F9000C869C0B9D2F80C020CEA0000C2F80C0281
:109FA0008C884869D1F80CE044EA0E44483042F805
:109FB00030400C884869D1F808E044EA0E44483043
:109FC00002EBC0004460C86901281AD0886988BBC8
:109FD000D2F804020CEA0000C2F80402086978BB57
:109FE000D2F814020CEA0000C2F81402096A01292E
:109FF0002CD0D2F8003223F00103C2F80032002046
:10A0000010BDD2F80C021843C2F80C028C884869C3
:10A01000D1F800E044EA0E44483042F830408C89E0
:10A020004869D1F808E044EA0E44483002EBC00029
:10A030004460CBE7D2F804021843C2F80402CDE72B
:10A04000D2F814021843C2F81402CFE7D2F81C1257
:10A050000B43C2F81C32CCE770B5044690F8205090
:10A06000EDB2012D06D0436A43F40023436201257B
:10A07000284670BD022380F820300268136823F060
:10A0800001031360FCF73AFE064623685B6813F091
:10A09000010F0CD0FCF732FE831B0A2BF5D9636A43
:10A0A00043F400336362052384F82030E0E70025A1
:10A0B0006562DDE730B590F820C00468A4680CF153
:10A0C000FF3C5FFA8CFCBCF1010F62D814F0E05F3A
:10A0D00059D0C4F3016C012404FA0CF41C608B68A1
:10A0E000002B3DD10D68CB68046843EA45550CF15F
:10A0F00018031B01E55003680C690CF1180E03EB03
:10A100000E135C600B7D012B35D0D17993791B0444
:10A1100043EA0163517943EA012314790168234337
:10A1200001EB0C11C1F88C31D17893781B0443EA10
:10A130000163517843EA0123117802680B4302EB73
:10A140000C12C2F8883102680CF1180C4FEA0C1C92
:10A1500052F80C3043F0010342F80C3000201DE0AF
:10A160004C6843EAC403CC6823430CF1180424016F
:10A1700005682B51BFE7036803EB0E13596841F4E0
:10A1800080715960C1E7436A43F4001343620120C0
:10A1900004E0436A43F480234362012030BD90F819
:10A1A0002030013BDBB2012B01D90020704703684E
:10A1B000986810F0806000D001209A6812F0006F5B
:10A1C00000D001309B6813F0805FEFD00130704702
:10A1D00090F82030013BDBB2012B01D90020704701
:10A1E00003689B6803EA8163B3EB816F01D00120B0
:10A1F00070470020704790F82030013BDBB2012B04
:10A2000005D9436A43F48023436201207047026802
:10A2100053690B435361002070470000FEF73FFA7B
:10A220000B480C490C4A002302E0D458C4500433B4
:10A23000C4188C42F9D3094A094C002301E0136089
:10A240000432A242FBD3F5F7D5FFFAF789FF704736
:10A2500000000020D801002000A80008D80100203C
:10A2600098460020FEE70000F8B500BFF8BC08BC27
:10A270009E467047F8B500BFF8BC08BC9E467047C4
:10A2800080A500089D5400080000000000000000A8
:10A2900000010000000000000000000078A5000898
:10A2A00081520008000000000000000000010000D2
:10A2B000000000000000000070A50008D95200084E
:10A2C000000000000000000000020000000000008C
:10A2D0000000000068A500086152000802000000AC
:10A2E00000000000800000000000000000000000EE
:10A2F00005000000190000007D00000000000000C3
:10A30000000000000000F03F0000000000002440BA
:10A3100000000000000059400000000000408F4095
:10A32000000000000088C34000000000006AF84000
:10A330000000000080842E4100000000D012634124
:10A340000000000084D797410000000065CDCD419A
:10A35000000000205FA00242000000E8764837427B
:10A36000000000A2941A6D42000040E59C30A24219
:10A370000000901EC4BCD64200003426F56B0C438E
:10A380000080E03779C3414300A0D8855734764335
:10A3900000C84E676DC1AB43003D9160E458E14396
:10A3A000408CB5781DAF154450EFE2D6E41A4B440B
:10A3B00092D54D06CFF08044F64AE1C7022DB54450
:10A3C000B49DD9794378EA44BC89D897B2D29C3CF1
:10A3D00033A7A8D523F649393DA7F444FD0FA5328C
:10A3E0009D978CCF08BA5B25436FAC642806C80ADA
:10A3F0000080E03779C34143176E05B5B5B8934681
:10A40000F5F93FE9034F384D321D30F94877825A4C
:10A410003CBF737FDD4F15750020202020202020B9
:10A420002020282828282820202020202020202004
:10A430002020202020202020208810101010101014
:10A440001010101010101010100404040404040460
:10A4500004040410101010101010414141414141FA
:10A4600001010101010101010101010101010101DC
:10A4700001010101101010101010424242424242EC
:10A4800002020202020202020202020202020202AC
:10A490000202020210101010200000000000000054
:10A4A00000000000000000000000000000000000AC
:10A4B000000000000000000000000000000000009C
:10A4C000000000000000000000000000000000008C
:10A4D000000000000000000000000000000000007C
:10A4E000000000000000000000000000000000006C
:10A4F000000000000000000000000000000000005C
:10A50000000000000000000000000000000000004B
:10A510000000000000000000000000000000803F7C
:10A520006042A20D5061636B616765207461736B5B
:10A5300020737461727465640D00000054784341A7
:10A540004E207461736B20737461727465640D00C6
:10A55000496E696369616E646F204C6F67676572ED
:10A560002E2E2E0D0000000073616D706C65720060
:10A57000747843414E0000007061636B6167650051
:10A58000616371756972650054582054494D454F97
:10A5900055540D005B43414E2053454E445D2049C8
:10A5A000443D30782530335820444C433D256420C9
:10A5B000444154413D253032582025303258202521
:10A5C00030325820253032582028252E3366290D68
:10A5D0000A0000005B43414E2054585D2045525212
:10A5E0004F5220616C20656E766961722049443D4E
:10A5F0003078253033580D0A0000000049444C459E
:10A600000000000046414C4CC39300004F4B00003B
:10A61000496E696369616E646F2073656375656E09
:10A62000636961206465206465737065727461722A
:10A630002043414E2E2E2E0D0000000053616C6908
:10A64000646120646520536C6565703A2025730D44
:10A650000A0000004552524F522043414E20494EBD
:10A6600049540D0043414E20494E495420657869B4
:10A67000746F736F210D0000494E4600696E6600CD
:10A680004E414E006E616E0030000000496E6669FA
:10A690006E697479000000004E614E005245454ECF
:10A6A00054206D616C6C6F632073756363656564C2
:10A6B000656400002E2E2F2E2E2F2E2E2F2E2E2FA5
:10A6C0002E2E2F2E2E2F6E65776C69622F6C69628D
:10A6D000632F7374646C69622F64746F612E6300FE
:10A6E00042616C6C6F632073756363656564656458
:10A6F00000000000303132333435363738394142CA
:10A70000434445460000000030313233343536379B
:10A71000383961626364656600000000232D302BC8
:10A7200020000000686C4C006566674546470000E5
:10A730002C2066756E6374696F6E3A20000000000D
:10A74000617373657274696F6E20222573222066AF
:10A7500061696C65643A2066696C65202225732204
:10A760002C206C696E65202564257325730A000012
:10A770002E2E2F2E2E2F2E2E2F2E2E2F2E2E2F2EF4
:10A780002E2F6E65776C69622F6C6962632F73740C
:10A79000646C69622F6D707265632E630000000047
:10A7A00043000000504F5349580000002E000000A5
:10A7B0000102000002030405060708090A0B0C0D3C
:10A7C0000E0F10100102000002030405060708091D
:10A7D0000A0B0C0D0E0F1010000000000102030404
:10A7E0000000000000000000010203040607080941
:08A7F0004C79FF7F010000001D
:04A7F80079010008DB
:04A7FC0051010008FF
:10A800000000000003000000F40100201000002000
:10A8100000000000F40100205C020020C4020020BF
:10A820000000000000000000000000000000000028
:10A830000000000000000000000000000000000018
:10A840000000000000000000000000000000000008
:10A8500000000000000000000000000043000000B5
:10A8600000000000000000000000000000000000E8
:10A870000000000000000000000000004300000095
:10A8800000000000000000000000000000000000C8
:10A890000000000000000000000000004300000075
:10A8A00000000000000000000000000000000000A8
:10A8B0000000000000000000000000004300000055
:10A8C0000000000000000000000000000000000088
:10A8D0000000000000000000000000004300000035
:10A8E0000000000000000000000000000000000068
:10A8F0000000000000000000000000004300000015
:10A900000000000000000000000000000000000047
:10A9100000000000000000000000000043000000F4
:10A920000000000000000000000000000000000027
:10A93000000000000000000000000000D53B0008FF
:10A94000693D00080000000018A40008ACA700083A
:10A95000F8A50008F8A50008F8A50008F8A5000863
:10A96000F8A50008F8A50008F8A50008F8A5000853
:10A97000F8A50008FFFFFFFFFFFFFFFFFFFFFFFF3E
:10A98000FFFF00000100415343494900000000005F
:10A9900000000000000000000000000000000000B7
:10A9A000000000000000415343494900000000003E
:10A9B0000000000000000000000000000000000097
:10A9C0000000000000000000010000001000000076
:08A9D00000127A00AAAAAAAA4B
:040000050800A21D30
:00000001FF
