ARM GAS  /tmp/ccfmOoCP.s 			page 1


   1              		.cpu cortex-m3
   2              		.arch armv7-m
   3              		.fpu softvfp
   4              		.eabi_attribute 20, 1
   5              		.eabi_attribute 21, 1
   6              		.eabi_attribute 23, 3
   7              		.eabi_attribute 24, 1
   8              		.eabi_attribute 25, 1
   9              		.eabi_attribute 26, 1
  10              		.eabi_attribute 30, 1
  11              		.eabi_attribute 34, 1
  12              		.eabi_attribute 18, 4
  13              		.file	"freertos.c"
  14              		.section	.rodata.str1.4,"aMS",%progbits,1
  15              		.align	2
  16              	.LC0:
  17 0000 73616D70 		.ascii	"sampler\000"
  17      6C657200 
  18              		.align	2
  19              	.LC2:
  20 0008 61636365 		.ascii	"accelTask\000"
  20      6C546173 
  20      6B00
  21 0012 0000     		.align	2
  22              	.LC4:
  23 0014 74656C65 		.ascii	"telemetryTask\000"
  23      6D657472 
  23      79546173 
  23      6B00
  24 0022 0000     		.align	2
  25              	.LC6:
  26 0024 7061636B 		.ascii	"package\000"
  26      61676500 
  27              		.align	2
  28              	.LC8:
  29 002c 74784341 		.ascii	"txCAN\000"
  29      4E00
  30              		.text
  31              	.Ltext0:
  32              		.cfi_sections	.debug_frame
  33              		.section	.text.StartSampler,"ax",%progbits
  34              		.align	1
  35              		.global	StartSampler
  36              		.syntax unified
  37              		.thumb
  38              		.thumb_func
  40              	StartSampler:
  41              	.LVL0:
  42              	.LFB81:
  43              		.file 1 "Core/Src/freertos.c"
   1:Core/Src/freertos.c **** /* USER CODE BEGIN Header */
   2:Core/Src/freertos.c **** /**
   3:Core/Src/freertos.c ****   ******************************************************************************
   4:Core/Src/freertos.c ****   * File Name          : freertos.c
   5:Core/Src/freertos.c ****   * Description        : Code for freertos applications (Optimized & Decoupled)
   6:Core/Src/freertos.c ****   *
   7:Core/Src/freertos.c ****   ******************************************************************************
ARM GAS  /tmp/ccfmOoCP.s 			page 2


   8:Core/Src/freertos.c ****   */
   9:Core/Src/freertos.c **** /* USER CODE END Header */
  10:Core/Src/freertos.c **** 
  11:Core/Src/freertos.c **** /* Includes ------------------------------------------------------------------*/
  12:Core/Src/freertos.c **** #include "FreeRTOS.h"
  13:Core/Src/freertos.c **** #include "task.h"
  14:Core/Src/freertos.c **** #include "main.h"
  15:Core/Src/freertos.c **** #include "cmsis_os.h"
  16:Core/Src/freertos.c **** #include "queue.h"
  17:Core/Src/freertos.c **** #include "can.h"
  18:Core/Src/freertos.c **** #include "adxl345.h"
  19:Core/Src/freertos.c **** #include "math.h"
  20:Core/Src/freertos.c **** 
  21:Core/Src/freertos.c **** #include "i2c.h"
  22:Core/Src/freertos.c **** #include "usart.h"
  23:Core/Src/freertos.c **** #include "adc.h"
  24:Core/Src/freertos.c **** 
  25:Core/Src/freertos.c **** #include "features.h"
  26:Core/Src/freertos.c **** #include "can_app.h"
  27:Core/Src/freertos.c **** 
  28:Core/Src/freertos.c **** #include <stdint.h>
  29:Core/Src/freertos.c **** #include <stdio.h>
  30:Core/Src/freertos.c **** #include <stdlib.h>
  31:Core/Src/freertos.c **** 
  32:Core/Src/freertos.c **** /* Private variables ---------------------------------------------------------*/
  33:Core/Src/freertos.c **** /* USER CODE BEGIN Variables */
  34:Core/Src/freertos.c **** extern volatile uint8_t  flag_pulso;
  35:Core/Src/freertos.c **** extern volatile uint32_t diff_ticks;
  36:Core/Src/freertos.c **** extern volatile uint8_t  new_read;
  37:Core/Src/freertos.c **** extern volatile uint16_t adc_buffer_corriente[100];
  38:Core/Src/freertos.c **** extern volatile uint8_t  buffer_listo;
  39:Core/Src/freertos.c **** 
  40:Core/Src/freertos.c **** /*
  41:Core/Src/freertos.c ****  * [FIX-1] Variables de telemetría lenta.
  42:Core/Src/freertos.c ****  * Solo StartTelemetryTask las escribe.
  43:Core/Src/freertos.c ****  * Cualquier otra tarea que las lea debe hacerlo dentro de una sección crítica.
  44:Core/Src/freertos.c ****  * Se mantienen volatile para que el compilador no las optimice fuera.
  45:Core/Src/freertos.c ****  */
  46:Core/Src/freertos.c **** static volatile float s_temp_filtrada   = 0.0f;
  47:Core/Src/freertos.c **** static volatile float s_corriente_actual = 0.0f;
  48:Core/Src/freertos.c **** static volatile float s_rpm_global       = 0.0f;
  49:Core/Src/freertos.c **** 
  50:Core/Src/freertos.c **** /* Contador de drops para diagnóstico (FIX-4) */
  51:Core/Src/freertos.c **** static volatile uint32_t s_rawQueue_drops = 0;
  52:Core/Src/freertos.c **** 
  53:Core/Src/freertos.c **** /* USER CODE END Variables */
  54:Core/Src/freertos.c **** 
  55:Core/Src/freertos.c **** /* Thread handles */
  56:Core/Src/freertos.c **** osThreadId accelHandle;
  57:Core/Src/freertos.c **** osThreadId telemetryHandle;
  58:Core/Src/freertos.c **** osThreadId packageHandle;
  59:Core/Src/freertos.c **** osThreadId txCANHandle;
  60:Core/Src/freertos.c **** osThreadId samplerHandle;
  61:Core/Src/freertos.c **** 
  62:Core/Src/freertos.c **** /* Queue handles */
  63:Core/Src/freertos.c **** QueueHandle_t rawQueue;
  64:Core/Src/freertos.c **** QueueHandle_t canQueue;
ARM GAS  /tmp/ccfmOoCP.s 			page 3


  65:Core/Src/freertos.c **** 
  66:Core/Src/freertos.c **** extern CAN_HandleTypeDef hcan;
  67:Core/Src/freertos.c **** extern I2C_HandleTypeDef hi2c1;
  68:Core/Src/freertos.c **** extern ADC_HandleTypeDef hadc1;
  69:Core/Src/freertos.c **** extern ADC_HandleTypeDef hadc2;
  70:Core/Src/freertos.c **** 
  71:Core/Src/freertos.c **** /* Private function prototypes -----------------------------------------------*/
  72:Core/Src/freertos.c **** float Procesar_Corriente_RMS(void);
  73:Core/Src/freertos.c **** void  I2C_Reset_Bus_Routine(void);
  74:Core/Src/freertos.c **** void  I2C_DelayUs(uint32_t us);   /* [FIX-3] delay sin SysTick */
  75:Core/Src/freertos.c **** 
  76:Core/Src/freertos.c **** /* Helpers de acceso seguro a telemetría [FIX-1] */
  77:Core/Src/freertos.c **** static inline float Telemetry_GetTemp(void);
  78:Core/Src/freertos.c **** static inline float Telemetry_GetCurrent(void);
  79:Core/Src/freertos.c **** static inline float Telemetry_GetRPM(void);
  80:Core/Src/freertos.c **** static inline void  Telemetry_SetTemp(float v);
  81:Core/Src/freertos.c **** static inline void  Telemetry_SetCurrent(float v);
  82:Core/Src/freertos.c **** static inline void  Telemetry_SetRPM(float v);
  83:Core/Src/freertos.c **** 
  84:Core/Src/freertos.c **** void StartAccelTask(void const * argument);
  85:Core/Src/freertos.c **** void StartTelemetryTask(void const * argument);
  86:Core/Src/freertos.c **** void StartPackageTask(void const * argument);
  87:Core/Src/freertos.c **** void StartTxCAN(void const * argument);
  88:Core/Src/freertos.c **** void StartSampler(void const * argument);
  89:Core/Src/freertos.c **** void MX_FREERTOS_Init(void);
  90:Core/Src/freertos.c **** 
  91:Core/Src/freertos.c **** /* Static Allocation Support for Idle Task */
  92:Core/Src/freertos.c **** static StaticTask_t xIdleTaskTCBBuffer;
  93:Core/Src/freertos.c **** static StackType_t  xIdleStack[configMINIMAL_STACK_SIZE];
  94:Core/Src/freertos.c **** 
  95:Core/Src/freertos.c **** void vApplicationGetIdleTaskMemory( StaticTask_t **ppxIdleTaskTCBBuffer,
  96:Core/Src/freertos.c ****                                     StackType_t  **ppxIdleTaskStackBuffer,
  97:Core/Src/freertos.c ****                                     uint32_t      *pulIdleTaskStackSize )
  98:Core/Src/freertos.c **** {
  99:Core/Src/freertos.c ****     *ppxIdleTaskTCBBuffer  = &xIdleTaskTCBBuffer;
 100:Core/Src/freertos.c ****     *ppxIdleTaskStackBuffer = &xIdleStack[0];
 101:Core/Src/freertos.c ****     *pulIdleTaskStackSize   = configMINIMAL_STACK_SIZE;
 102:Core/Src/freertos.c **** }
 103:Core/Src/freertos.c **** 
 104:Core/Src/freertos.c **** static inline float Telemetry_GetTemp(void)
 105:Core/Src/freertos.c **** {
 106:Core/Src/freertos.c ****     float v;
 107:Core/Src/freertos.c ****     taskENTER_CRITICAL();
 108:Core/Src/freertos.c ****     v = s_temp_filtrada;
 109:Core/Src/freertos.c ****     taskEXIT_CRITICAL();
 110:Core/Src/freertos.c ****     return v;
 111:Core/Src/freertos.c **** }
 112:Core/Src/freertos.c **** 
 113:Core/Src/freertos.c **** static inline float Telemetry_GetCurrent(void)
 114:Core/Src/freertos.c **** {
 115:Core/Src/freertos.c ****     float v;
 116:Core/Src/freertos.c ****     taskENTER_CRITICAL();
 117:Core/Src/freertos.c ****     v = s_corriente_actual;
 118:Core/Src/freertos.c ****     taskEXIT_CRITICAL();
 119:Core/Src/freertos.c ****     return v;
 120:Core/Src/freertos.c **** }
 121:Core/Src/freertos.c **** 
ARM GAS  /tmp/ccfmOoCP.s 			page 4


 122:Core/Src/freertos.c **** static inline float Telemetry_GetRPM(void)
 123:Core/Src/freertos.c **** {
 124:Core/Src/freertos.c ****     float v;
 125:Core/Src/freertos.c ****     taskENTER_CRITICAL();
 126:Core/Src/freertos.c ****     v = s_rpm_global;
 127:Core/Src/freertos.c ****     taskEXIT_CRITICAL();
 128:Core/Src/freertos.c ****     return v;
 129:Core/Src/freertos.c **** }
 130:Core/Src/freertos.c **** 
 131:Core/Src/freertos.c **** static inline void Telemetry_SetTemp(float v)
 132:Core/Src/freertos.c **** {
 133:Core/Src/freertos.c ****     taskENTER_CRITICAL();
 134:Core/Src/freertos.c ****     s_temp_filtrada = v;
 135:Core/Src/freertos.c ****     taskEXIT_CRITICAL();
 136:Core/Src/freertos.c **** }
 137:Core/Src/freertos.c **** 
 138:Core/Src/freertos.c **** static inline void Telemetry_SetCurrent(float v)
 139:Core/Src/freertos.c **** {
 140:Core/Src/freertos.c ****     taskENTER_CRITICAL();
 141:Core/Src/freertos.c ****     s_corriente_actual = v;
 142:Core/Src/freertos.c ****     taskEXIT_CRITICAL();
 143:Core/Src/freertos.c **** }
 144:Core/Src/freertos.c **** 
 145:Core/Src/freertos.c **** static inline void Telemetry_SetRPM(float v)
 146:Core/Src/freertos.c **** {
 147:Core/Src/freertos.c ****     taskENTER_CRITICAL();
 148:Core/Src/freertos.c ****     s_rpm_global = v;
 149:Core/Src/freertos.c ****     taskEXIT_CRITICAL();
 150:Core/Src/freertos.c **** }
 151:Core/Src/freertos.c **** 
 152:Core/Src/freertos.c **** void MX_FREERTOS_Init(void)
 153:Core/Src/freertos.c **** {
 154:Core/Src/freertos.c ****     rawQueue = xQueueCreate(2, sizeof(raw_data_t));
 155:Core/Src/freertos.c ****     canQueue = xQueueCreate(5, sizeof(data_frame_t));
 156:Core/Src/freertos.c **** 
 157:Core/Src/freertos.c ****     configASSERT(rawQueue);
 158:Core/Src/freertos.c ****     configASSERT(canQueue);
 159:Core/Src/freertos.c **** 
 160:Core/Src/freertos.c ****     /* Sampler – Alta prioridad, dispara ADC1 cada 1 ms */
 161:Core/Src/freertos.c ****     osThreadDef(sampler, StartSampler, osPriorityHigh, 0, 128);
 162:Core/Src/freertos.c ****     samplerHandle = osThreadCreate(osThread(sampler), NULL);
 163:Core/Src/freertos.c **** 
 164:Core/Src/freertos.c ****     /* Accel – I2C exclusivo, 50 Hz */
 165:Core/Src/freertos.c ****     osThreadDef(accelTask, StartAccelTask, osPriorityNormal, 0, 512);
 166:Core/Src/freertos.c ****     accelHandle = osThreadCreate(osThread(accelTask), NULL);
 167:Core/Src/freertos.c **** 
 168:Core/Src/freertos.c ****     /* Telemetry – ADC2 polling + RPM, prioridad baja */
 169:Core/Src/freertos.c ****     osThreadDef(telemetryTask, StartTelemetryTask, osPriorityBelowNormal, 0, 256);
 170:Core/Src/freertos.c ****     telemetryHandle = osThreadCreate(osThread(telemetryTask), NULL);
 171:Core/Src/freertos.c **** 
 172:Core/Src/freertos.c ****     /* Package – Procesamiento matemático */
 173:Core/Src/freertos.c ****     osThreadDef(package, StartPackageTask, osPriorityNormal, 0, 256);
 174:Core/Src/freertos.c ****     packageHandle = osThreadCreate(osThread(package), NULL);
 175:Core/Src/freertos.c **** 
 176:Core/Src/freertos.c ****     /* TxCAN – Despacho de tramas */
 177:Core/Src/freertos.c ****     osThreadDef(txCAN, StartTxCAN, osPriorityNormal, 0, 512);
 178:Core/Src/freertos.c ****     txCANHandle = osThreadCreate(osThread(txCAN), NULL);
ARM GAS  /tmp/ccfmOoCP.s 			page 5


 179:Core/Src/freertos.c **** }
 180:Core/Src/freertos.c **** 
 181:Core/Src/freertos.c **** /* ============================================================
 182:Core/Src/freertos.c ****  * StartSampler
 183:Core/Src/freertos.c ****  * Dispara ADC1 con interrupción cada 1 ms exacto.
 184:Core/Src/freertos.c ****  * ============================================================ */
 185:Core/Src/freertos.c **** void StartSampler(void const * argument)
 186:Core/Src/freertos.c **** {
  44              		.loc 1 186 1 view -0
  45              		.cfi_startproc
  46              		@ args = 0, pretend = 0, frame = 8
  47              		@ frame_needed = 0, uses_anonymous_args = 0
  48              		.loc 1 186 1 is_stmt 0 view .LVU1
  49 0000 00B5     		push	{lr}
  50              	.LCFI0:
  51              		.cfi_def_cfa_offset 4
  52              		.cfi_offset 14, -4
  53 0002 83B0     		sub	sp, sp, #12
  54              	.LCFI1:
  55              		.cfi_def_cfa_offset 16
 187:Core/Src/freertos.c ****     TickType_t xLastWakeTime = xTaskGetTickCount();
  56              		.loc 1 187 5 is_stmt 1 view .LVU2
  57              		.loc 1 187 32 is_stmt 0 view .LVU3
  58 0004 FFF7FEFF 		bl	xTaskGetTickCount
  59              	.LVL1:
  60              		.loc 1 187 16 view .LVU4
  61 0008 0190     		str	r0, [sp, #4]
 188:Core/Src/freertos.c ****     const TickType_t xFrequency = pdMS_TO_TICKS(1);
  62              		.loc 1 188 5 is_stmt 1 view .LVU5
  63              	.LVL2:
  64              	.L2:
 189:Core/Src/freertos.c **** 
 190:Core/Src/freertos.c ****     for (;;)
  65              		.loc 1 190 5 discriminator 1 view .LVU6
 191:Core/Src/freertos.c ****     {
 192:Core/Src/freertos.c ****         vTaskDelayUntil(&xLastWakeTime, xFrequency);
  66              		.loc 1 192 9 discriminator 1 view .LVU7
  67 000a 0121     		movs	r1, #1
  68 000c 01A8     		add	r0, sp, #4
  69 000e FFF7FEFF 		bl	vTaskDelayUntil
  70              	.LVL3:
 193:Core/Src/freertos.c ****         HAL_ADC_Start_IT(&hadc1);
  71              		.loc 1 193 9 discriminator 1 view .LVU8
  72 0012 0248     		ldr	r0, .L4
  73 0014 FFF7FEFF 		bl	HAL_ADC_Start_IT
  74              	.LVL4:
 190:Core/Src/freertos.c ****     {
  75              		.loc 1 190 11 discriminator 1 view .LVU9
  76 0018 F7E7     		b	.L2
  77              	.L5:
  78 001a 00BF     		.align	2
  79              	.L4:
  80 001c 00000000 		.word	hadc1
  81              		.cfi_endproc
  82              	.LFE81:
  84              		.section	.rodata.StartAccelTask.str1.4,"aMS",%progbits,1
  85              		.align	2
ARM GAS  /tmp/ccfmOoCP.s 			page 6


  86              	.LC10:
  87 0000 5B493243 		.ascii	"[I2C Error] HAL st=%d  state=0x%02X\015\012\000"
  87      20457272 
  87      6F725D20 
  87      48414C20 
  87      73743D25 
  88 0026 0000     		.align	2
  89              	.LC11:
  90 0028 5B414458 		.ascii	"[ADXL Brownout] datos=(%d,%d,%d) \342\200\224 reini"
  90      4C204272 
  90      6F776E6F 
  90      75745D20 
  90      6461746F 
  91 0052 6369616E 		.ascii	"ciando sensor...\015\012\000"
  91      646F2073 
  91      656E736F 
  91      722E2E2E 
  91      0D0A00
  92 0065 000000   		.align	2
  93              	.LC12:
  94 0068 5B574152 		.ascii	"[WARN] rawQueue drop\015\000"
  94      4E5D2072 
  94      61775175 
  94      65756520 
  94      64726F70 
  95              		.section	.text.StartAccelTask,"ax",%progbits
  96              		.align	1
  97              		.global	StartAccelTask
  98              		.syntax unified
  99              		.thumb
 100              		.thumb_func
 102              	StartAccelTask:
 103              	.LVL5:
 104              	.LFB82:
 194:Core/Src/freertos.c ****     }
 195:Core/Src/freertos.c **** }
 196:Core/Src/freertos.c **** 
 197:Core/Src/freertos.c **** /* ============================================================
 198:Core/Src/freertos.c ****  * StartAccelTask
 199:Core/Src/freertos.c ****  * Tarea dedicada exclusivamente al bus I2C del ADXL345.
 200:Core/Src/freertos.c ****  * ============================================================ */
 201:Core/Src/freertos.c **** // void StartAccelTask(void const * argument)
 202:Core/Src/freertos.c **** // {
 203:Core/Src/freertos.c **** //     printf("Iniciando Adquisidor I2C (ADXL345)...\r\n");
 204:Core/Src/freertos.c **** 
 205:Core/Src/freertos.c **** //     static raw_data_t raw;
 206:Core/Src/freertos.c **** //     uint16_t idx = 0;
 207:Core/Src/freertos.c **** 
 208:Core/Src/freertos.c **** //     TickType_t xLastWakeTime = xTaskGetTickCount();
 209:Core/Src/freertos.c **** //     const TickType_t xPeriod = pdMS_TO_TICKS(20); // 50 Hz
 210:Core/Src/freertos.c **** 
 211:Core/Src/freertos.c **** //     for (;;)
 212:Core/Src/freertos.c **** //     {
 213:Core/Src/freertos.c **** //         vTaskDelayUntil(&xLastWakeTime, xPeriod);
 214:Core/Src/freertos.c **** 
 215:Core/Src/freertos.c **** //         /* Lectura I2C — si falla, recuperamos el bus y descartamos la muestra */
 216:Core/Src/freertos.c **** //         if (ADXL345_ReadXYZ(&raw.accel.ax[idx],
ARM GAS  /tmp/ccfmOoCP.s 			page 7


 217:Core/Src/freertos.c **** //                             &raw.accel.ay[idx],
 218:Core/Src/freertos.c **** //                             &raw.accel.az[idx]) != HAL_OK)
 219:Core/Src/freertos.c **** //         {
 220:Core/Src/freertos.c **** //             printf("[I2C Error] Falló lectura ADXL345. Recuperando bus...\r\n");
 221:Core/Src/freertos.c **** //             I2C_Reset_Bus_Routine();
 222:Core/Src/freertos.c **** //             continue; /* muestra descartada intencionalmente */
 223:Core/Src/freertos.c **** //         }
 224:Core/Src/freertos.c **** 
 225:Core/Src/freertos.c **** //         idx++;
 226:Core/Src/freertos.c **** //         if (idx >= WINDOW_SIZE)
 227:Core/Src/freertos.c **** //         {
 228:Core/Src/freertos.c **** //             /* [FIX-4] Contamos drops para poder diagnosticarlos */
 229:Core/Src/freertos.c **** //             if (xQueueSend(rawQueue, &raw, pdMS_TO_TICKS(10)) != pdPASS)
 230:Core/Src/freertos.c **** //             {
 231:Core/Src/freertos.c **** //                 taskENTER_CRITICAL();
 232:Core/Src/freertos.c **** //                 s_rawQueue_drops++;
 233:Core/Src/freertos.c **** //                 taskEXIT_CRITICAL();
 234:Core/Src/freertos.c **** //                 printf("[WARN] rawQueue llena — drops: %lu\r\n", s_rawQueue_drops);
 235:Core/Src/freertos.c **** //             }
 236:Core/Src/freertos.c **** //             idx = 0; /* reiniciamos siempre, con o sin error de queue */
 237:Core/Src/freertos.c **** //         }
 238:Core/Src/freertos.c **** //     }
 239:Core/Src/freertos.c **** // }
 240:Core/Src/freertos.c **** void StartAccelTask(void const * argument)
 241:Core/Src/freertos.c **** {
 105              		.loc 1 241 1 view -0
 106              		.cfi_startproc
 107              		@ args = 0, pretend = 0, frame = 16
 108              		@ frame_needed = 0, uses_anonymous_args = 0
 109              		.loc 1 241 1 is_stmt 0 view .LVU11
 110 0000 10B5     		push	{r4, lr}
 111              	.LCFI2:
 112              		.cfi_def_cfa_offset 8
 113              		.cfi_offset 4, -8
 114              		.cfi_offset 14, -4
 115 0002 84B0     		sub	sp, sp, #16
 116              	.LCFI3:
 117              		.cfi_def_cfa_offset 24
 242:Core/Src/freertos.c ****     static raw_data_t raw;
 118              		.loc 1 242 5 is_stmt 1 view .LVU12
 243:Core/Src/freertos.c ****     uint16_t idx = 0;
 119              		.loc 1 243 5 view .LVU13
 120              	.LVL6:
 244:Core/Src/freertos.c ****     static uint32_t lecturas_ok = 0;
 121              		.loc 1 244 5 view .LVU14
 245:Core/Src/freertos.c ****     static uint32_t lecturas_err = 0;
 122              		.loc 1 245 5 view .LVU15
 246:Core/Src/freertos.c **** 
 247:Core/Src/freertos.c ****     TickType_t xLastWakeTime = xTaskGetTickCount();
 123              		.loc 1 247 5 view .LVU16
 124              		.loc 1 247 32 is_stmt 0 view .LVU17
 125 0004 FFF7FEFF 		bl	xTaskGetTickCount
 126              	.LVL7:
 127              		.loc 1 247 16 view .LVU18
 128 0008 0390     		str	r0, [sp, #12]
 248:Core/Src/freertos.c ****     const TickType_t xPeriod = pdMS_TO_TICKS(20);
 129              		.loc 1 248 5 is_stmt 1 view .LVU19
ARM GAS  /tmp/ccfmOoCP.s 			page 8


 130              	.LVL8:
 243:Core/Src/freertos.c ****     static uint32_t lecturas_ok = 0;
 131              		.loc 1 243 14 is_stmt 0 view .LVU20
 132 000a 0024     		movs	r4, #0
 133 000c 07E0     		b	.L7
 134              	.LVL9:
 135              	.L15:
 136              	.LBB23:
 249:Core/Src/freertos.c **** 
 250:Core/Src/freertos.c ****     for (;;)
 251:Core/Src/freertos.c ****     {
 252:Core/Src/freertos.c ****         vTaskDelayUntil(&xLastWakeTime, xPeriod);
 253:Core/Src/freertos.c **** 
 254:Core/Src/freertos.c ****         int16_t ax, ay, az;
 255:Core/Src/freertos.c ****         HAL_StatusTypeDef st = ADXL345_ReadXYZ(&ax, &ay, &az);
 256:Core/Src/freertos.c **** 
 257:Core/Src/freertos.c ****         // Caso 1: bus I2C roto → recuperar bus completo
 258:Core/Src/freertos.c ****         if (st != HAL_OK)
 259:Core/Src/freertos.c ****         {
 260:Core/Src/freertos.c ****             printf("[I2C Error] HAL st=%d  state=0x%02X\r\n",
 137              		.loc 1 260 13 is_stmt 1 view .LVU21
 261:Core/Src/freertos.c ****                 (int)st, (unsigned)hi2c1.State);
 138              		.loc 1 261 41 is_stmt 0 view .LVU22
 139 000e 284B     		ldr	r3, .L18
 140 0010 93F83D20 		ldrb	r2, [r3, #61]	@ zero_extendqisi2
 260:Core/Src/freertos.c ****                 (int)st, (unsigned)hi2c1.State);
 141              		.loc 1 260 13 view .LVU23
 142 0014 2748     		ldr	r0, .L18+4
 143              	.LVL10:
 260:Core/Src/freertos.c ****                 (int)st, (unsigned)hi2c1.State);
 144              		.loc 1 260 13 view .LVU24
 145 0016 FFF7FEFF 		bl	printf
 146              	.LVL11:
 262:Core/Src/freertos.c ****             I2C_Reset_Bus_Routine();  // pulsos SCL + reinit periférico + reinit sensor
 147              		.loc 1 262 13 is_stmt 1 view .LVU25
 148 001a FFF7FEFF 		bl	I2C_Reset_Bus_Routine
 149              	.LVL12:
 263:Core/Src/freertos.c ****             continue;
 150              		.loc 1 263 13 view .LVU26
 151              	.L7:
 152              		.loc 1 263 13 is_stmt 0 view .LVU27
 153              	.LBE23:
 250:Core/Src/freertos.c ****     {
 154              		.loc 1 250 5 is_stmt 1 view .LVU28
 155              	.LBB24:
 252:Core/Src/freertos.c **** 
 156              		.loc 1 252 9 view .LVU29
 157 001e 1421     		movs	r1, #20
 158 0020 03A8     		add	r0, sp, #12
 159 0022 FFF7FEFF 		bl	vTaskDelayUntil
 160              	.LVL13:
 254:Core/Src/freertos.c ****         HAL_StatusTypeDef st = ADXL345_ReadXYZ(&ax, &ay, &az);
 161              		.loc 1 254 9 view .LVU30
 255:Core/Src/freertos.c **** 
 162              		.loc 1 255 9 view .LVU31
 255:Core/Src/freertos.c **** 
 163              		.loc 1 255 32 is_stmt 0 view .LVU32
ARM GAS  /tmp/ccfmOoCP.s 			page 9


 164 0026 0DF10A02 		add	r2, sp, #10
 165 002a 02A9     		add	r1, sp, #8
 166 002c 0DF10600 		add	r0, sp, #6
 167 0030 FFF7FEFF 		bl	ADXL345_ReadXYZ
 168              	.LVL14:
 258:Core/Src/freertos.c ****         {
 169              		.loc 1 258 9 is_stmt 1 view .LVU33
 258:Core/Src/freertos.c ****         {
 170              		.loc 1 258 12 is_stmt 0 view .LVU34
 171 0034 0146     		mov	r1, r0
 172 0036 0028     		cmp	r0, #0
 173 0038 E9D1     		bne	.L15
 264:Core/Src/freertos.c ****         }
 265:Core/Src/freertos.c **** 
 266:Core/Src/freertos.c ****         // Caso 2: bus OK pero sensor en standby (brownout) → solo reinit sensor
 267:Core/Src/freertos.c ****         int32_t mag_sq = (int32_t)ax*ax + (int32_t)ay*ay + (int32_t)az*az;
 174              		.loc 1 267 9 is_stmt 1 view .LVU35
 175              		.loc 1 267 26 is_stmt 0 view .LVU36
 176 003a BDF90610 		ldrsh	r1, [sp, #6]
 177              		.loc 1 267 43 view .LVU37
 178 003e BDF90820 		ldrsh	r2, [sp, #8]
 179              		.loc 1 267 54 view .LVU38
 180 0042 02FB02F0 		mul	r0, r2, r2
 181              	.LVL15:
 182              		.loc 1 267 41 view .LVU39
 183 0046 01FB0100 		mla	r0, r1, r1, r0
 184              		.loc 1 267 60 view .LVU40
 185 004a BDF90A30 		ldrsh	r3, [sp, #10]
 186              		.loc 1 267 17 view .LVU41
 187 004e 03FB0300 		mla	r0, r3, r3, r0
 188              	.LVL16:
 268:Core/Src/freertos.c ****         if (mag_sq < 100*100)
 189              		.loc 1 268 9 is_stmt 1 view .LVU42
 190              		.loc 1 268 12 is_stmt 0 view .LVU43
 191 0052 42F20F7C 		movw	ip, #9999
 192 0056 6045     		cmp	r0, ip
 193 0058 1ADD     		ble	.L16
 269:Core/Src/freertos.c ****         {
 270:Core/Src/freertos.c ****             printf("[ADXL Brownout] datos=(%d,%d,%d) — reiniciando sensor...\r\n",
 271:Core/Src/freertos.c ****                 ax, ay, az);
 272:Core/Src/freertos.c ****             ADXL345_Init(&hi2c1);   // solo reescribir registros, no tocar el bus
 273:Core/Src/freertos.c ****             osDelay(10);      // dar tiempo al sensor para salir del standby
 274:Core/Src/freertos.c ****             continue;
 275:Core/Src/freertos.c ****         }
 276:Core/Src/freertos.c **** 
 277:Core/Src/freertos.c ****         // Datos válidos — procesar normalmente
 278:Core/Src/freertos.c ****         raw.accel.ax[idx] = ax;
 194              		.loc 1 278 9 is_stmt 1 view .LVU44
 195              		.loc 1 278 27 is_stmt 0 view .LVU45
 196 005a 1748     		ldr	r0, .L18+8
 197              	.LVL17:
 198              		.loc 1 278 27 view .LVU46
 199 005c 20F81410 		strh	r1, [r0, r4, lsl #1]	@ movhi
 279:Core/Src/freertos.c ****         raw.accel.ay[idx] = ay;
 200              		.loc 1 279 9 is_stmt 1 view .LVU47
 201              		.loc 1 279 27 is_stmt 0 view .LVU48
 202 0060 04F11C01 		add	r1, r4, #28
ARM GAS  /tmp/ccfmOoCP.s 			page 10


 203              	.LVL18:
 204              		.loc 1 279 27 view .LVU49
 205 0064 00EB4101 		add	r1, r0, r1, lsl #1
 206 0068 8A80     		strh	r2, [r1, #4]	@ movhi
 280:Core/Src/freertos.c ****         raw.accel.az[idx] = az;
 207              		.loc 1 280 9 is_stmt 1 view .LVU50
 208              		.loc 1 280 27 is_stmt 0 view .LVU51
 209 006a 04F13C02 		add	r2, r4, #60
 210              	.LVL19:
 211              		.loc 1 280 27 view .LVU52
 212 006e 20F81230 		strh	r3, [r0, r2, lsl #1]	@ movhi
 281:Core/Src/freertos.c **** 
 282:Core/Src/freertos.c ****         idx++;
 213              		.loc 1 282 9 is_stmt 1 view .LVU53
 214              		.loc 1 282 12 is_stmt 0 view .LVU54
 215 0072 0134     		adds	r4, r4, #1
 216              	.LVL20:
 217              		.loc 1 282 12 view .LVU55
 218 0074 A4B2     		uxth	r4, r4
 219              	.LVL21:
 283:Core/Src/freertos.c ****         if (idx >= WINDOW_SIZE)
 220              		.loc 1 283 9 is_stmt 1 view .LVU56
 221              		.loc 1 283 12 is_stmt 0 view .LVU57
 222 0076 1D2C     		cmp	r4, #29
 223 0078 D1D9     		bls	.L7
 284:Core/Src/freertos.c ****         {
 285:Core/Src/freertos.c ****             if (xQueueSend(rawQueue, &raw, pdMS_TO_TICKS(10)) != pdPASS)
 224              		.loc 1 285 13 is_stmt 1 view .LVU58
 225              		.loc 1 285 17 is_stmt 0 view .LVU59
 226 007a 0023     		movs	r3, #0
 227              	.LVL22:
 228              		.loc 1 285 17 view .LVU60
 229 007c 0A22     		movs	r2, #10
 230 007e 0146     		mov	r1, r0
 231 0080 0E48     		ldr	r0, .L18+12
 232 0082 0068     		ldr	r0, [r0]
 233 0084 FFF7FEFF 		bl	xQueueGenericSend
 234              	.LVL23:
 235              		.loc 1 285 16 view .LVU61
 236 0088 0128     		cmp	r0, #1
 237 008a 0BD1     		bne	.L17
 286:Core/Src/freertos.c ****                 printf("[WARN] rawQueue drop\r\n");
 287:Core/Src/freertos.c ****             idx = 0;
 238              		.loc 1 287 17 view .LVU62
 239 008c 0024     		movs	r4, #0
 240              	.LVL24:
 241              		.loc 1 287 17 view .LVU63
 242 008e C6E7     		b	.L7
 243              	.LVL25:
 244              	.L16:
 270:Core/Src/freertos.c ****                 ax, ay, az);
 245              		.loc 1 270 13 is_stmt 1 view .LVU64
 246 0090 0B48     		ldr	r0, .L18+16
 247              	.LVL26:
 270:Core/Src/freertos.c ****                 ax, ay, az);
 248              		.loc 1 270 13 is_stmt 0 view .LVU65
 249 0092 FFF7FEFF 		bl	printf
ARM GAS  /tmp/ccfmOoCP.s 			page 11


 250              	.LVL27:
 272:Core/Src/freertos.c ****             osDelay(10);      // dar tiempo al sensor para salir del standby
 251              		.loc 1 272 13 is_stmt 1 view .LVU66
 252 0096 0648     		ldr	r0, .L18
 253 0098 FFF7FEFF 		bl	ADXL345_Init
 254              	.LVL28:
 273:Core/Src/freertos.c ****             continue;
 255              		.loc 1 273 13 view .LVU67
 256 009c 0A20     		movs	r0, #10
 257 009e FFF7FEFF 		bl	osDelay
 258              	.LVL29:
 274:Core/Src/freertos.c ****         }
 259              		.loc 1 274 13 view .LVU68
 260 00a2 BCE7     		b	.L7
 261              	.L17:
 286:Core/Src/freertos.c ****             idx = 0;
 262              		.loc 1 286 17 view .LVU69
 263 00a4 0748     		ldr	r0, .L18+20
 264 00a6 FFF7FEFF 		bl	puts
 265              	.LVL30:
 266              		.loc 1 287 17 is_stmt 0 view .LVU70
 267 00aa 0024     		movs	r4, #0
 268              	.LVL31:
 269              		.loc 1 287 17 view .LVU71
 270 00ac B7E7     		b	.L7
 271              	.L19:
 272 00ae 00BF     		.align	2
 273              	.L18:
 274 00b0 00000000 		.word	hi2c1
 275 00b4 00000000 		.word	.LC10
 276 00b8 00000000 		.word	.LANCHOR0
 277 00bc 00000000 		.word	.LANCHOR1
 278 00c0 28000000 		.word	.LC11
 279 00c4 68000000 		.word	.LC12
 280              	.LBE24:
 281              		.cfi_endproc
 282              	.LFE82:
 284              		.section	.rodata.StartPackageTask.str1.4,"aMS",%progbits,1
 285              		.align	2
 286              	.LC13:
 287 0000 5061636B 		.ascii	"Package task started\015\000"
 287      61676520 
 287      7461736B 
 287      20737461 
 287      72746564 
 288              		.section	.text.StartPackageTask,"ax",%progbits
 289              		.align	1
 290              		.global	StartPackageTask
 291              		.syntax unified
 292              		.thumb
 293              		.thumb_func
 295              	StartPackageTask:
 296              	.LVL32:
 297              	.LFB84:
 288:Core/Src/freertos.c ****         }
 289:Core/Src/freertos.c ****     }
 290:Core/Src/freertos.c **** }
ARM GAS  /tmp/ccfmOoCP.s 			page 12


 291:Core/Src/freertos.c **** /* ============================================================
 292:Core/Src/freertos.c ****  * StartTelemetryTask
 293:Core/Src/freertos.c ****  * Maneja RPM (pulsos) y telemetría lenta (ADC2 temperatura).
 294:Core/Src/freertos.c ****  * ============================================================ */
 295:Core/Src/freertos.c **** void StartTelemetryTask(void const * argument)
 296:Core/Src/freertos.c **** {
 297:Core/Src/freertos.c ****     printf("Iniciando Telemetría Lenta (ADC2 / RPM)...\r\n");
 298:Core/Src/freertos.c **** 
 299:Core/Src/freertos.c ****     uint32_t acumulador_temp      = 0;
 300:Core/Src/freertos.c ****     uint32_t cuenta_muestras_temp = 0;
 301:Core/Src/freertos.c ****     uint32_t acumulador_ticks     = 0;
 302:Core/Src/freertos.c ****     uint8_t  contador_pulsos      = 0;
 303:Core/Src/freertos.c **** 
 304:Core/Src/freertos.c ****     for (;;)
 305:Core/Src/freertos.c ****     {
 306:Core/Src/freertos.c ****         /* --------------------------------------------------
 307:Core/Src/freertos.c ****          * 1. RPM — [FIX-2] Lectura y limpieza atómica de new_read
 308:Core/Src/freertos.c ****          * -------------------------------------------------- */
 309:Core/Src/freertos.c ****         uint8_t hubo_pulso;
 310:Core/Src/freertos.c ****         static TickType_t ultimo_pulso = 0;
 311:Core/Src/freertos.c ****         uint32_t ticks_capturados;
 312:Core/Src/freertos.c **** 
 313:Core/Src/freertos.c ****         taskENTER_CRITICAL();
 314:Core/Src/freertos.c ****         hubo_pulso = new_read;
 315:Core/Src/freertos.c ****         if (hubo_pulso)
 316:Core/Src/freertos.c ****         {
 317:Core/Src/freertos.c ****             ticks_capturados = diff_ticks;
 318:Core/Src/freertos.c ****             new_read = 0;          /* limpieza dentro de la misma sección crítica */
 319:Core/Src/freertos.c ****         }
 320:Core/Src/freertos.c ****         taskEXIT_CRITICAL();
 321:Core/Src/freertos.c **** 
 322:Core/Src/freertos.c ****         if (hubo_pulso)
 323:Core/Src/freertos.c ****         {
 324:Core/Src/freertos.c ****             ultimo_pulso = xTaskGetTickCount();
 325:Core/Src/freertos.c ****             acumulador_ticks += ticks_capturados;
 326:Core/Src/freertos.c ****             contador_pulsos++;
 327:Core/Src/freertos.c **** 
 328:Core/Src/freertos.c ****             if (contador_pulsos >= 8)
 329:Core/Src/freertos.c ****             {
 330:Core/Src/freertos.c ****                 float promedio = (float)acumulador_ticks / 8.0f;
 331:Core/Src/freertos.c ****                 /* [FIX-1] escritura segura */
 332:Core/Src/freertos.c ****                 Telemetry_SetRPM(7500000.0f / promedio);
 333:Core/Src/freertos.c ****                 acumulador_ticks = 0;
 334:Core/Src/freertos.c ****                 contador_pulsos  = 0;
 335:Core/Src/freertos.c ****             }
 336:Core/Src/freertos.c ****         }
 337:Core/Src/freertos.c ****         if ((xTaskGetTickCount() - ultimo_pulso) > pdMS_TO_TICKS(1000)) {
 338:Core/Src/freertos.c ****             Telemetry_SetRPM(0.0f);
 339:Core/Src/freertos.c ****         }
 340:Core/Src/freertos.c **** 
 341:Core/Src/freertos.c ****         /* --------------------------------------------------
 342:Core/Src/freertos.c ****          * 2. Corriente + Temperatura — [FIX-2] ídem para buffer_listo
 343:Core/Src/freertos.c ****          * -------------------------------------------------- */
 344:Core/Src/freertos.c ****         uint8_t buffer_disponible;
 345:Core/Src/freertos.c **** 
 346:Core/Src/freertos.c ****         taskENTER_CRITICAL();
 347:Core/Src/freertos.c ****         buffer_disponible = buffer_listo;
ARM GAS  /tmp/ccfmOoCP.s 			page 13


 348:Core/Src/freertos.c ****         if (buffer_disponible)
 349:Core/Src/freertos.c ****             buffer_listo = 0;   /* limpieza atómica */
 350:Core/Src/freertos.c ****         taskEXIT_CRITICAL();
 351:Core/Src/freertos.c **** 
 352:Core/Src/freertos.c ****         if (buffer_disponible)
 353:Core/Src/freertos.c ****         {
 354:Core/Src/freertos.c ****             /* [FIX-1] escritura segura de corriente */
 355:Core/Src/freertos.c ****             Telemetry_SetCurrent(Procesar_Corriente_RMS());
 356:Core/Src/freertos.c **** 
 357:Core/Src/freertos.c ****             HAL_ADC_Start(&hadc2);
 358:Core/Src/freertos.c ****             if (HAL_ADC_PollForConversion(&hadc2, 2) == HAL_OK)
 359:Core/Src/freertos.c ****             {
 360:Core/Src/freertos.c ****                 acumulador_temp += HAL_ADC_GetValue(&hadc2);
 361:Core/Src/freertos.c ****                 cuenta_muestras_temp++;
 362:Core/Src/freertos.c ****             }
 363:Core/Src/freertos.c ****             HAL_ADC_Stop(&hadc2);
 364:Core/Src/freertos.c **** 
 365:Core/Src/freertos.c ****             if (cuenta_muestras_temp >= 32)
 366:Core/Src/freertos.c ****             {
 367:Core/Src/freertos.c ****                 float promedio_adc = (float)acumulador_temp / 32.0f;
 368:Core/Src/freertos.c ****                 float voltaje_mv   = promedio_adc * (3262.0f / 4096.0f);
 369:Core/Src/freertos.c ****                 /* [FIX-1] escritura segura de temperatura */
 370:Core/Src/freertos.c ****                 Telemetry_SetTemp(voltaje_mv / 10.0f);
 371:Core/Src/freertos.c **** 
 372:Core/Src/freertos.c ****                 acumulador_temp      = 0;
 373:Core/Src/freertos.c ****                 cuenta_muestras_temp = 0;
 374:Core/Src/freertos.c ****             }
 375:Core/Src/freertos.c ****         }
 376:Core/Src/freertos.c **** 
 377:Core/Src/freertos.c ****         vTaskDelay(pdMS_TO_TICKS(20));
 378:Core/Src/freertos.c ****     }
 379:Core/Src/freertos.c **** }
 380:Core/Src/freertos.c **** 
 381:Core/Src/freertos.c **** /* ============================================================
 382:Core/Src/freertos.c ****  * StartPackageTask
 383:Core/Src/freertos.c ****  * Recibe ventana cruda, calcula features y encola trama CAN.
 384:Core/Src/freertos.c ****  * ============================================================ */
 385:Core/Src/freertos.c **** void StartPackageTask(void const * argument)
 386:Core/Src/freertos.c **** {
 298              		.loc 1 386 1 is_stmt 1 view -0
 299              		.cfi_startproc
 300              		@ Volatile: function does not return.
 301              		@ args = 0, pretend = 0, frame = 272
 302              		@ frame_needed = 0, uses_anonymous_args = 0
 303              		.loc 1 386 1 is_stmt 0 view .LVU73
 304 0000 00B5     		push	{lr}
 305              	.LCFI4:
 306              		.cfi_def_cfa_offset 4
 307              		.cfi_offset 14, -4
 308 0002 C5B0     		sub	sp, sp, #276
 309              	.LCFI5:
 310              		.cfi_def_cfa_offset 280
 387:Core/Src/freertos.c ****     printf("Package task started\r\n");
 311              		.loc 1 387 5 is_stmt 1 view .LVU74
 312 0004 1548     		ldr	r0, .L23
 313              	.LVL33:
 314              		.loc 1 387 5 is_stmt 0 view .LVU75
ARM GAS  /tmp/ccfmOoCP.s 			page 14


 315 0006 FFF7FEFF 		bl	puts
 316              	.LVL34:
 317              	.L21:
 388:Core/Src/freertos.c **** 
 389:Core/Src/freertos.c ****     raw_data_t   raw;
 318              		.loc 1 389 5 is_stmt 1 discriminator 1 view .LVU76
 390:Core/Src/freertos.c ****     data_frame_t frame;
 319              		.loc 1 390 5 discriminator 1 view .LVU77
 391:Core/Src/freertos.c **** 
 392:Core/Src/freertos.c ****     for (;;)
 320              		.loc 1 392 5 discriminator 1 view .LVU78
 393:Core/Src/freertos.c ****     {
 394:Core/Src/freertos.c ****         xQueueReceive(rawQueue, &raw, portMAX_DELAY);
 321              		.loc 1 394 9 discriminator 1 view .LVU79
 322 000a 4FF0FF32 		mov	r2, #-1
 323 000e 06A9     		add	r1, sp, #24
 324 0010 134B     		ldr	r3, .L23+4
 325 0012 1868     		ldr	r0, [r3]
 326 0014 FFF7FEFF 		bl	xQueueReceive
 327              	.LVL35:
 395:Core/Src/freertos.c **** 
 396:Core/Src/freertos.c ****         Features_ComputeRMSPeak(&raw.accel, &frame.vib);
 328              		.loc 1 396 9 discriminator 1 view .LVU80
 329 0018 6946     		mov	r1, sp
 330 001a 06A8     		add	r0, sp, #24
 331 001c FFF7FEFF 		bl	Features_ComputeRMSPeak
 332              	.LVL36:
 397:Core/Src/freertos.c **** 
 398:Core/Src/freertos.c ****         /* [FIX-1] Lectura segura de variables de telemetría */
 399:Core/Src/freertos.c ****         frame.temperature = Telemetry_GetTemp();
 333              		.loc 1 399 9 discriminator 1 view .LVU81
 334              	.LBB25:
 335              	.LBI25:
 104:Core/Src/freertos.c **** {
 336              		.loc 1 104 21 discriminator 1 view .LVU82
 337              	.LBB26:
 106:Core/Src/freertos.c ****     taskENTER_CRITICAL();
 338              		.loc 1 106 5 discriminator 1 view .LVU83
 107:Core/Src/freertos.c ****     v = s_temp_filtrada;
 339              		.loc 1 107 5 discriminator 1 view .LVU84
 340 0020 FFF7FEFF 		bl	vPortEnterCritical
 341              	.LVL37:
 108:Core/Src/freertos.c ****     taskEXIT_CRITICAL();
 342              		.loc 1 108 5 discriminator 1 view .LVU85
 108:Core/Src/freertos.c ****     taskEXIT_CRITICAL();
 343              		.loc 1 108 7 is_stmt 0 discriminator 1 view .LVU86
 344 0024 0F4B     		ldr	r3, .L23+8
 345 0026 1C68     		ldr	r4, [r3]	@ float
 346              	.LVL38:
 109:Core/Src/freertos.c ****     return v;
 347              		.loc 1 109 5 is_stmt 1 discriminator 1 view .LVU87
 348 0028 FFF7FEFF 		bl	vPortExitCritical
 349              	.LVL39:
 110:Core/Src/freertos.c **** }
 350              		.loc 1 110 5 discriminator 1 view .LVU88
 110:Core/Src/freertos.c **** }
 351              		.loc 1 110 5 is_stmt 0 discriminator 1 view .LVU89
ARM GAS  /tmp/ccfmOoCP.s 			page 15


 352              	.LBE26:
 353              	.LBE25:
 354              		.loc 1 399 27 discriminator 1 view .LVU90
 355 002c 0394     		str	r4, [sp, #12]	@ float
 400:Core/Src/freertos.c ****         frame.current     = Telemetry_GetCurrent();
 356              		.loc 1 400 9 is_stmt 1 discriminator 1 view .LVU91
 357              	.LBB27:
 358              	.LBI27:
 113:Core/Src/freertos.c **** {
 359              		.loc 1 113 21 discriminator 1 view .LVU92
 360              	.LBB28:
 115:Core/Src/freertos.c ****     taskENTER_CRITICAL();
 361              		.loc 1 115 5 discriminator 1 view .LVU93
 116:Core/Src/freertos.c ****     v = s_corriente_actual;
 362              		.loc 1 116 5 discriminator 1 view .LVU94
 363 002e FFF7FEFF 		bl	vPortEnterCritical
 364              	.LVL40:
 117:Core/Src/freertos.c ****     taskEXIT_CRITICAL();
 365              		.loc 1 117 5 discriminator 1 view .LVU95
 117:Core/Src/freertos.c ****     taskEXIT_CRITICAL();
 366              		.loc 1 117 7 is_stmt 0 discriminator 1 view .LVU96
 367 0032 0D4B     		ldr	r3, .L23+12
 368 0034 1C68     		ldr	r4, [r3]	@ float
 369              	.LVL41:
 118:Core/Src/freertos.c ****     return v;
 370              		.loc 1 118 5 is_stmt 1 discriminator 1 view .LVU97
 371 0036 FFF7FEFF 		bl	vPortExitCritical
 372              	.LVL42:
 119:Core/Src/freertos.c **** }
 373              		.loc 1 119 5 discriminator 1 view .LVU98
 119:Core/Src/freertos.c **** }
 374              		.loc 1 119 5 is_stmt 0 discriminator 1 view .LVU99
 375              	.LBE28:
 376              	.LBE27:
 377              		.loc 1 400 27 discriminator 1 view .LVU100
 378 003a 0494     		str	r4, [sp, #16]	@ float
 401:Core/Src/freertos.c ****         frame.speed       = Telemetry_GetRPM();
 379              		.loc 1 401 9 is_stmt 1 discriminator 1 view .LVU101
 380              	.LBB29:
 381              	.LBI29:
 122:Core/Src/freertos.c **** {
 382              		.loc 1 122 21 discriminator 1 view .LVU102
 383              	.LBB30:
 124:Core/Src/freertos.c ****     taskENTER_CRITICAL();
 384              		.loc 1 124 5 discriminator 1 view .LVU103
 125:Core/Src/freertos.c ****     v = s_rpm_global;
 385              		.loc 1 125 5 discriminator 1 view .LVU104
 386 003c FFF7FEFF 		bl	vPortEnterCritical
 387              	.LVL43:
 126:Core/Src/freertos.c ****     taskEXIT_CRITICAL();
 388              		.loc 1 126 5 discriminator 1 view .LVU105
 126:Core/Src/freertos.c ****     taskEXIT_CRITICAL();
 389              		.loc 1 126 7 is_stmt 0 discriminator 1 view .LVU106
 390 0040 0A4B     		ldr	r3, .L23+16
 391 0042 1C68     		ldr	r4, [r3]	@ float
 392              	.LVL44:
 127:Core/Src/freertos.c ****     return v;
ARM GAS  /tmp/ccfmOoCP.s 			page 16


 393              		.loc 1 127 5 is_stmt 1 discriminator 1 view .LVU107
 394 0044 FFF7FEFF 		bl	vPortExitCritical
 395              	.LVL45:
 128:Core/Src/freertos.c **** }
 396              		.loc 1 128 5 discriminator 1 view .LVU108
 128:Core/Src/freertos.c **** }
 397              		.loc 1 128 5 is_stmt 0 discriminator 1 view .LVU109
 398              	.LBE30:
 399              	.LBE29:
 400              		.loc 1 401 27 discriminator 1 view .LVU110
 401 0048 0594     		str	r4, [sp, #20]	@ float
 402:Core/Src/freertos.c **** 
 403:Core/Src/freertos.c ****         xQueueSend(canQueue, &frame, portMAX_DELAY);
 402              		.loc 1 403 9 is_stmt 1 discriminator 1 view .LVU111
 403 004a 0023     		movs	r3, #0
 404 004c 4FF0FF32 		mov	r2, #-1
 405 0050 6946     		mov	r1, sp
 406 0052 0748     		ldr	r0, .L23+20
 407 0054 0068     		ldr	r0, [r0]
 408 0056 FFF7FEFF 		bl	xQueueGenericSend
 409              	.LVL46:
 392:Core/Src/freertos.c ****     {
 410              		.loc 1 392 11 discriminator 1 view .LVU112
 411 005a D6E7     		b	.L21
 412              	.L24:
 413              		.align	2
 414              	.L23:
 415 005c 00000000 		.word	.LC13
 416 0060 00000000 		.word	.LANCHOR1
 417 0064 00000000 		.word	.LANCHOR2
 418 0068 00000000 		.word	.LANCHOR3
 419 006c 00000000 		.word	.LANCHOR4
 420 0070 00000000 		.word	.LANCHOR5
 421              		.cfi_endproc
 422              	.LFE84:
 424              		.section	.rodata.StartTxCAN.str1.4,"aMS",%progbits,1
 425              		.align	2
 426              	.LC14:
 427 0000 54784341 		.ascii	"TxCAN task started\015\000"
 427      4E207461 
 427      736B2073 
 427      74617274 
 427      65640D00 
 428              		.section	.text.StartTxCAN,"ax",%progbits
 429              		.align	1
 430              		.global	StartTxCAN
 431              		.syntax unified
 432              		.thumb
 433              		.thumb_func
 435              	StartTxCAN:
 436              	.LVL47:
 437              	.LFB85:
 404:Core/Src/freertos.c ****     }
 405:Core/Src/freertos.c **** }
 406:Core/Src/freertos.c **** 
 407:Core/Src/freertos.c **** /* ============================================================
 408:Core/Src/freertos.c ****  * StartTxCAN
ARM GAS  /tmp/ccfmOoCP.s 			page 17


 409:Core/Src/freertos.c ****  * Despacha una trama CAN por mensaje recibido de canQueue.
 410:Core/Src/freertos.c ****  * ============================================================ */
 411:Core/Src/freertos.c **** void StartTxCAN(void const * argument)
 412:Core/Src/freertos.c **** {
 438              		.loc 1 412 1 view -0
 439              		.cfi_startproc
 440              		@ Volatile: function does not return.
 441              		@ args = 0, pretend = 0, frame = 24
 442              		@ frame_needed = 0, uses_anonymous_args = 0
 443              		.loc 1 412 1 is_stmt 0 view .LVU114
 444 0000 00B5     		push	{lr}
 445              	.LCFI6:
 446              		.cfi_def_cfa_offset 4
 447              		.cfi_offset 14, -4
 448 0002 87B0     		sub	sp, sp, #28
 449              	.LCFI7:
 450              		.cfi_def_cfa_offset 32
 413:Core/Src/freertos.c ****     data_frame_t frame;
 451              		.loc 1 413 5 is_stmt 1 view .LVU115
 414:Core/Src/freertos.c ****     printf("TxCAN task started\r\n");
 452              		.loc 1 414 5 view .LVU116
 453 0004 1D48     		ldr	r0, .L28
 454              	.LVL48:
 455              		.loc 1 414 5 is_stmt 0 view .LVU117
 456 0006 FFF7FEFF 		bl	puts
 457              	.LVL49:
 458              	.L26:
 415:Core/Src/freertos.c **** 
 416:Core/Src/freertos.c ****     for (;;)
 459              		.loc 1 416 5 is_stmt 1 discriminator 1 view .LVU118
 417:Core/Src/freertos.c ****     {
 418:Core/Src/freertos.c ****         xQueueReceive(canQueue, &frame, portMAX_DELAY);
 460              		.loc 1 418 9 discriminator 1 view .LVU119
 461 000a 4FF0FF32 		mov	r2, #-1
 462 000e 6946     		mov	r1, sp
 463 0010 1B4B     		ldr	r3, .L28+4
 464 0012 1868     		ldr	r0, [r3]
 465 0014 FFF7FEFF 		bl	xQueueReceive
 466              	.LVL50:
 419:Core/Src/freertos.c **** 
 420:Core/Src/freertos.c ****         CAN_SendFloat(0x101, frame.vib.rms);     vTaskDelay(pdMS_TO_TICKS(10));
 467              		.loc 1 420 9 discriminator 1 view .LVU120
 468 0018 0099     		ldr	r1, [sp]	@ float
 469 001a 40F20110 		movw	r0, #257
 470 001e FFF7FEFF 		bl	CAN_SendFloat
 471              	.LVL51:
 472              		.loc 1 420 50 discriminator 1 view .LVU121
 473 0022 0A20     		movs	r0, #10
 474 0024 FFF7FEFF 		bl	vTaskDelay
 475              	.LVL52:
 421:Core/Src/freertos.c ****         CAN_SendFloat(0x102, frame.vib.crest);   vTaskDelay(pdMS_TO_TICKS(10));
 476              		.loc 1 421 9 discriminator 1 view .LVU122
 477 0028 0299     		ldr	r1, [sp, #8]	@ float
 478 002a 4FF48170 		mov	r0, #258
 479 002e FFF7FEFF 		bl	CAN_SendFloat
 480              	.LVL53:
 481              		.loc 1 421 50 discriminator 1 view .LVU123
ARM GAS  /tmp/ccfmOoCP.s 			page 18


 482 0032 0A20     		movs	r0, #10
 483 0034 FFF7FEFF 		bl	vTaskDelay
 484              	.LVL54:
 422:Core/Src/freertos.c ****         CAN_SendFloat(0x103, frame.vib.peak);    vTaskDelay(pdMS_TO_TICKS(10));
 485              		.loc 1 422 9 discriminator 1 view .LVU124
 486 0038 0199     		ldr	r1, [sp, #4]	@ float
 487 003a 40F20310 		movw	r0, #259
 488 003e FFF7FEFF 		bl	CAN_SendFloat
 489              	.LVL55:
 490              		.loc 1 422 50 discriminator 1 view .LVU125
 491 0042 0A20     		movs	r0, #10
 492 0044 FFF7FEFF 		bl	vTaskDelay
 493              	.LVL56:
 423:Core/Src/freertos.c ****         CAN_SendFloat(0x104, frame.temperature); vTaskDelay(pdMS_TO_TICKS(10));
 494              		.loc 1 423 9 discriminator 1 view .LVU126
 495 0048 0399     		ldr	r1, [sp, #12]	@ float
 496 004a 4FF48270 		mov	r0, #260
 497 004e FFF7FEFF 		bl	CAN_SendFloat
 498              	.LVL57:
 499              		.loc 1 423 50 discriminator 1 view .LVU127
 500 0052 0A20     		movs	r0, #10
 501 0054 FFF7FEFF 		bl	vTaskDelay
 502              	.LVL58:
 424:Core/Src/freertos.c ****         CAN_SendFloat(0x105, frame.current);     vTaskDelay(pdMS_TO_TICKS(10));
 503              		.loc 1 424 9 discriminator 1 view .LVU128
 504 0058 0499     		ldr	r1, [sp, #16]	@ float
 505 005a 40F20510 		movw	r0, #261
 506 005e FFF7FEFF 		bl	CAN_SendFloat
 507              	.LVL59:
 508              		.loc 1 424 50 discriminator 1 view .LVU129
 509 0062 0A20     		movs	r0, #10
 510 0064 FFF7FEFF 		bl	vTaskDelay
 511              	.LVL60:
 425:Core/Src/freertos.c ****         CAN_SendFloat(0x106, frame.speed);       vTaskDelay(pdMS_TO_TICKS(10));
 512              		.loc 1 425 9 discriminator 1 view .LVU130
 513 0068 0599     		ldr	r1, [sp, #20]	@ float
 514 006a 4FF48370 		mov	r0, #262
 515 006e FFF7FEFF 		bl	CAN_SendFloat
 516              	.LVL61:
 517              		.loc 1 425 50 discriminator 1 view .LVU131
 518 0072 0A20     		movs	r0, #10
 519 0074 FFF7FEFF 		bl	vTaskDelay
 520              	.LVL62:
 416:Core/Src/freertos.c ****     {
 521              		.loc 1 416 11 discriminator 1 view .LVU132
 522 0078 C7E7     		b	.L26
 523              	.L29:
 524 007a 00BF     		.align	2
 525              	.L28:
 526 007c 00000000 		.word	.LC14
 527 0080 00000000 		.word	.LANCHOR5
 528              		.cfi_endproc
 529              	.LFE85:
 531              		.section	.text.vApplicationGetIdleTaskMemory,"ax",%progbits
 532              		.align	1
 533              		.global	vApplicationGetIdleTaskMemory
 534              		.syntax unified
ARM GAS  /tmp/ccfmOoCP.s 			page 19


 535              		.thumb
 536              		.thumb_func
 538              	vApplicationGetIdleTaskMemory:
 539              	.LVL63:
 540              	.LFB73:
  98:Core/Src/freertos.c ****     *ppxIdleTaskTCBBuffer  = &xIdleTaskTCBBuffer;
 541              		.loc 1 98 1 view -0
 542              		.cfi_startproc
 543              		@ args = 0, pretend = 0, frame = 0
 544              		@ frame_needed = 0, uses_anonymous_args = 0
 545              		@ link register save eliminated.
  99:Core/Src/freertos.c ****     *ppxIdleTaskStackBuffer = &xIdleStack[0];
 546              		.loc 1 99 5 view .LVU134
  99:Core/Src/freertos.c ****     *ppxIdleTaskStackBuffer = &xIdleStack[0];
 547              		.loc 1 99 28 is_stmt 0 view .LVU135
 548 0000 034B     		ldr	r3, .L31
 549 0002 0360     		str	r3, [r0]
 100:Core/Src/freertos.c ****     *pulIdleTaskStackSize   = configMINIMAL_STACK_SIZE;
 550              		.loc 1 100 5 is_stmt 1 view .LVU136
 100:Core/Src/freertos.c ****     *pulIdleTaskStackSize   = configMINIMAL_STACK_SIZE;
 551              		.loc 1 100 29 is_stmt 0 view .LVU137
 552 0004 034B     		ldr	r3, .L31+4
 553 0006 0B60     		str	r3, [r1]
 101:Core/Src/freertos.c **** }
 554              		.loc 1 101 5 is_stmt 1 view .LVU138
 101:Core/Src/freertos.c **** }
 555              		.loc 1 101 29 is_stmt 0 view .LVU139
 556 0008 8023     		movs	r3, #128
 557 000a 1360     		str	r3, [r2]
 102:Core/Src/freertos.c **** 
 558              		.loc 1 102 1 view .LVU140
 559 000c 7047     		bx	lr
 560              	.L32:
 561 000e 00BF     		.align	2
 562              	.L31:
 563 0010 00000000 		.word	.LANCHOR6
 564 0014 00000000 		.word	.LANCHOR7
 565              		.cfi_endproc
 566              	.LFE73:
 568              		.section	.text.MX_FREERTOS_Init,"ax",%progbits
 569              		.align	1
 570              		.global	MX_FREERTOS_Init
 571              		.syntax unified
 572              		.thumb
 573              		.thumb_func
 575              	MX_FREERTOS_Init:
 576              	.LFB80:
 153:Core/Src/freertos.c ****     rawQueue = xQueueCreate(2, sizeof(raw_data_t));
 577              		.loc 1 153 1 is_stmt 1 view -0
 578              		.cfi_startproc
 579              		@ args = 0, pretend = 0, frame = 144
 580              		@ frame_needed = 0, uses_anonymous_args = 0
 581 0000 10B5     		push	{r4, lr}
 582              	.LCFI8:
 583              		.cfi_def_cfa_offset 8
 584              		.cfi_offset 4, -8
 585              		.cfi_offset 14, -4
ARM GAS  /tmp/ccfmOoCP.s 			page 20


 586 0002 A4B0     		sub	sp, sp, #144
 587              	.LCFI9:
 588              		.cfi_def_cfa_offset 152
 154:Core/Src/freertos.c ****     canQueue = xQueueCreate(5, sizeof(data_frame_t));
 589              		.loc 1 154 5 view .LVU142
 154:Core/Src/freertos.c ****     canQueue = xQueueCreate(5, sizeof(data_frame_t));
 590              		.loc 1 154 16 is_stmt 0 view .LVU143
 591 0004 0022     		movs	r2, #0
 592 0006 F821     		movs	r1, #248
 593 0008 0220     		movs	r0, #2
 594 000a FFF7FEFF 		bl	xQueueGenericCreate
 595              	.LVL64:
 154:Core/Src/freertos.c ****     canQueue = xQueueCreate(5, sizeof(data_frame_t));
 596              		.loc 1 154 14 view .LVU144
 597 000e 3E4C     		ldr	r4, .L41
 598 0010 2060     		str	r0, [r4]
 155:Core/Src/freertos.c **** 
 599              		.loc 1 155 5 is_stmt 1 view .LVU145
 155:Core/Src/freertos.c **** 
 600              		.loc 1 155 16 is_stmt 0 view .LVU146
 601 0012 0022     		movs	r2, #0
 602 0014 1821     		movs	r1, #24
 603 0016 0520     		movs	r0, #5
 604 0018 FFF7FEFF 		bl	xQueueGenericCreate
 605              	.LVL65:
 155:Core/Src/freertos.c **** 
 606              		.loc 1 155 14 view .LVU147
 607 001c 3B4B     		ldr	r3, .L41+4
 608 001e 1860     		str	r0, [r3]
 157:Core/Src/freertos.c ****     configASSERT(canQueue);
 609              		.loc 1 157 5 is_stmt 1 view .LVU148
 610 0020 2368     		ldr	r3, [r4]
 611 0022 002B     		cmp	r3, #0
 612 0024 5DD0     		beq	.L39
 157:Core/Src/freertos.c ****     configASSERT(canQueue);
 613              		.loc 1 157 27 discriminator 2 view .LVU149
 158:Core/Src/freertos.c **** 
 614              		.loc 1 158 5 discriminator 2 view .LVU150
 615 0026 0028     		cmp	r0, #0
 616 0028 64D0     		beq	.L40
 158:Core/Src/freertos.c **** 
 617              		.loc 1 158 27 discriminator 2 view .LVU151
 161:Core/Src/freertos.c ****     samplerHandle = osThreadCreate(osThread(sampler), NULL);
 618              		.loc 1 161 5 discriminator 2 view .LVU152
 619 002a 394C     		ldr	r4, .L41+8
 620 002c 0DF1740C 		add	ip, sp, #116
 621 0030 A646     		mov	lr, r4
 622 0032 BEE80F00 		ldmia	lr!, {r0, r1, r2, r3}
 623 0036 ACE80F00 		stmia	ip!, {r0, r1, r2, r3}
 624 003a 9EE80700 		ldm	lr, {r0, r1, r2}
 625 003e 8CE80700 		stm	ip, {r0, r1, r2}
 162:Core/Src/freertos.c **** 
 626              		.loc 1 162 5 discriminator 2 view .LVU153
 162:Core/Src/freertos.c **** 
 627              		.loc 1 162 21 is_stmt 0 discriminator 2 view .LVU154
 628 0042 0021     		movs	r1, #0
 629 0044 1DA8     		add	r0, sp, #116
ARM GAS  /tmp/ccfmOoCP.s 			page 21


 630 0046 FFF7FEFF 		bl	osThreadCreate
 631              	.LVL66:
 162:Core/Src/freertos.c **** 
 632              		.loc 1 162 19 discriminator 2 view .LVU155
 633 004a 324B     		ldr	r3, .L41+12
 634 004c 1860     		str	r0, [r3]
 165:Core/Src/freertos.c ****     accelHandle = osThreadCreate(osThread(accelTask), NULL);
 635              		.loc 1 165 5 is_stmt 1 discriminator 2 view .LVU156
 636 004e 0DF1580C 		add	ip, sp, #88
 637 0052 04F11C0E 		add	lr, r4, #28
 638 0056 BEE80F00 		ldmia	lr!, {r0, r1, r2, r3}
 639 005a ACE80F00 		stmia	ip!, {r0, r1, r2, r3}
 640 005e 9EE80700 		ldm	lr, {r0, r1, r2}
 641 0062 8CE80700 		stm	ip, {r0, r1, r2}
 166:Core/Src/freertos.c **** 
 642              		.loc 1 166 5 discriminator 2 view .LVU157
 166:Core/Src/freertos.c **** 
 643              		.loc 1 166 19 is_stmt 0 discriminator 2 view .LVU158
 644 0066 0021     		movs	r1, #0
 645 0068 16A8     		add	r0, sp, #88
 646 006a FFF7FEFF 		bl	osThreadCreate
 647              	.LVL67:
 166:Core/Src/freertos.c **** 
 648              		.loc 1 166 17 discriminator 2 view .LVU159
 649 006e 2A4B     		ldr	r3, .L41+16
 650 0070 1860     		str	r0, [r3]
 169:Core/Src/freertos.c ****     telemetryHandle = osThreadCreate(osThread(telemetryTask), NULL);
 651              		.loc 1 169 5 is_stmt 1 discriminator 2 view .LVU160
 652 0072 0DF13C0C 		add	ip, sp, #60
 653 0076 04F1380E 		add	lr, r4, #56
 654 007a BEE80F00 		ldmia	lr!, {r0, r1, r2, r3}
 655 007e ACE80F00 		stmia	ip!, {r0, r1, r2, r3}
 656 0082 9EE80700 		ldm	lr, {r0, r1, r2}
 657 0086 8CE80700 		stm	ip, {r0, r1, r2}
 170:Core/Src/freertos.c **** 
 658              		.loc 1 170 5 discriminator 2 view .LVU161
 170:Core/Src/freertos.c **** 
 659              		.loc 1 170 23 is_stmt 0 discriminator 2 view .LVU162
 660 008a 0021     		movs	r1, #0
 661 008c 0FA8     		add	r0, sp, #60
 662 008e FFF7FEFF 		bl	osThreadCreate
 663              	.LVL68:
 170:Core/Src/freertos.c **** 
 664              		.loc 1 170 21 discriminator 2 view .LVU163
 665 0092 224B     		ldr	r3, .L41+20
 666 0094 1860     		str	r0, [r3]
 173:Core/Src/freertos.c ****     packageHandle = osThreadCreate(osThread(package), NULL);
 667              		.loc 1 173 5 is_stmt 1 discriminator 2 view .LVU164
 668 0096 0DF1200C 		add	ip, sp, #32
 669 009a 04F1540E 		add	lr, r4, #84
 670 009e BEE80F00 		ldmia	lr!, {r0, r1, r2, r3}
 671 00a2 ACE80F00 		stmia	ip!, {r0, r1, r2, r3}
 672 00a6 9EE80700 		ldm	lr, {r0, r1, r2}
 673 00aa 8CE80700 		stm	ip, {r0, r1, r2}
 174:Core/Src/freertos.c **** 
 674              		.loc 1 174 5 discriminator 2 view .LVU165
 174:Core/Src/freertos.c **** 
ARM GAS  /tmp/ccfmOoCP.s 			page 22


 675              		.loc 1 174 21 is_stmt 0 discriminator 2 view .LVU166
 676 00ae 0021     		movs	r1, #0
 677 00b0 08A8     		add	r0, sp, #32
 678 00b2 FFF7FEFF 		bl	osThreadCreate
 679              	.LVL69:
 174:Core/Src/freertos.c **** 
 680              		.loc 1 174 19 discriminator 2 view .LVU167
 681 00b6 1A4B     		ldr	r3, .L41+24
 682 00b8 1860     		str	r0, [r3]
 177:Core/Src/freertos.c ****     txCANHandle = osThreadCreate(osThread(txCAN), NULL);
 683              		.loc 1 177 5 is_stmt 1 discriminator 2 view .LVU168
 684 00ba 0DF1040E 		add	lr, sp, #4
 685 00be 04F1700C 		add	ip, r4, #112
 686 00c2 BCE80F00 		ldmia	ip!, {r0, r1, r2, r3}
 687 00c6 AEE80F00 		stmia	lr!, {r0, r1, r2, r3}
 688 00ca 9CE80700 		ldm	ip, {r0, r1, r2}
 689 00ce 8EE80700 		stm	lr, {r0, r1, r2}
 178:Core/Src/freertos.c **** }
 690              		.loc 1 178 5 discriminator 2 view .LVU169
 178:Core/Src/freertos.c **** }
 691              		.loc 1 178 19 is_stmt 0 discriminator 2 view .LVU170
 692 00d2 0021     		movs	r1, #0
 693 00d4 01A8     		add	r0, sp, #4
 694 00d6 FFF7FEFF 		bl	osThreadCreate
 695              	.LVL70:
 178:Core/Src/freertos.c **** }
 696              		.loc 1 178 17 discriminator 2 view .LVU171
 697 00da 124B     		ldr	r3, .L41+28
 698 00dc 1860     		str	r0, [r3]
 179:Core/Src/freertos.c **** 
 699              		.loc 1 179 1 discriminator 2 view .LVU172
 700 00de 24B0     		add	sp, sp, #144
 701              	.LCFI10:
 702              		.cfi_remember_state
 703              		.cfi_def_cfa_offset 8
 704              		@ sp needed
 705 00e0 10BD     		pop	{r4, pc}
 706              	.L39:
 707              	.LCFI11:
 708              		.cfi_restore_state
 157:Core/Src/freertos.c ****     configASSERT(canQueue);
 709              		.loc 1 157 5 is_stmt 1 view .LVU173
 710              	.LBB31:
 711              	.LBI31:
 712              		.file 2 "Middlewares/Third_Party/FreeRTOS/Source/portable/GCC/ARM_CM3/portmacro.h"
   1:Middlewares/Third_Party/FreeRTOS/Source/portable/GCC/ARM_CM3/portmacro.h **** /*
   2:Middlewares/Third_Party/FreeRTOS/Source/portable/GCC/ARM_CM3/portmacro.h ****  * FreeRTOS Kernel V10.3.1
   3:Middlewares/Third_Party/FreeRTOS/Source/portable/GCC/ARM_CM3/portmacro.h ****  * Copyright (C) 2020 Amazon.com, Inc. or its affiliates.  All Rights Reserved.
   4:Middlewares/Third_Party/FreeRTOS/Source/portable/GCC/ARM_CM3/portmacro.h ****  *
   5:Middlewares/Third_Party/FreeRTOS/Source/portable/GCC/ARM_CM3/portmacro.h ****  * Permission is hereby granted, free of charge, to any person obtaining a copy of
   6:Middlewares/Third_Party/FreeRTOS/Source/portable/GCC/ARM_CM3/portmacro.h ****  * this software and associated documentation files (the "Software"), to deal in
   7:Middlewares/Third_Party/FreeRTOS/Source/portable/GCC/ARM_CM3/portmacro.h ****  * the Software without restriction, including without limitation the rights to
   8:Middlewares/Third_Party/FreeRTOS/Source/portable/GCC/ARM_CM3/portmacro.h ****  * use, copy, modify, merge, publish, distribute, sublicense, and/or sell copies of
   9:Middlewares/Third_Party/FreeRTOS/Source/portable/GCC/ARM_CM3/portmacro.h ****  * the Software, and to permit persons to whom the Software is furnished to do so,
  10:Middlewares/Third_Party/FreeRTOS/Source/portable/GCC/ARM_CM3/portmacro.h ****  * subject to the following conditions:
  11:Middlewares/Third_Party/FreeRTOS/Source/portable/GCC/ARM_CM3/portmacro.h ****  *
  12:Middlewares/Third_Party/FreeRTOS/Source/portable/GCC/ARM_CM3/portmacro.h ****  * The above copyright notice and this permission notice shall be included in all
ARM GAS  /tmp/ccfmOoCP.s 			page 23


  13:Middlewares/Third_Party/FreeRTOS/Source/portable/GCC/ARM_CM3/portmacro.h ****  * copies or substantial portions of the Software.
  14:Middlewares/Third_Party/FreeRTOS/Source/portable/GCC/ARM_CM3/portmacro.h ****  *
  15:Middlewares/Third_Party/FreeRTOS/Source/portable/GCC/ARM_CM3/portmacro.h ****  * THE SOFTWARE IS PROVIDED "AS IS", WITHOUT WARRANTY OF ANY KIND, EXPRESS OR
  16:Middlewares/Third_Party/FreeRTOS/Source/portable/GCC/ARM_CM3/portmacro.h ****  * IMPLIED, INCLUDING BUT NOT LIMITED TO THE WARRANTIES OF MERCHANTABILITY, FITNESS
  17:Middlewares/Third_Party/FreeRTOS/Source/portable/GCC/ARM_CM3/portmacro.h ****  * FOR A PARTICULAR PURPOSE AND NONINFRINGEMENT. IN NO EVENT SHALL THE AUTHORS OR
  18:Middlewares/Third_Party/FreeRTOS/Source/portable/GCC/ARM_CM3/portmacro.h ****  * COPYRIGHT HOLDERS BE LIABLE FOR ANY CLAIM, DAMAGES OR OTHER LIABILITY, WHETHER
  19:Middlewares/Third_Party/FreeRTOS/Source/portable/GCC/ARM_CM3/portmacro.h ****  * IN AN ACTION OF CONTRACT, TORT OR OTHERWISE, ARISING FROM, OUT OF OR IN
  20:Middlewares/Third_Party/FreeRTOS/Source/portable/GCC/ARM_CM3/portmacro.h ****  * CONNECTION WITH THE SOFTWARE OR THE USE OR OTHER DEALINGS IN THE SOFTWARE.
  21:Middlewares/Third_Party/FreeRTOS/Source/portable/GCC/ARM_CM3/portmacro.h ****  *
  22:Middlewares/Third_Party/FreeRTOS/Source/portable/GCC/ARM_CM3/portmacro.h ****  * http://www.FreeRTOS.org
  23:Middlewares/Third_Party/FreeRTOS/Source/portable/GCC/ARM_CM3/portmacro.h ****  * http://aws.amazon.com/freertos
  24:Middlewares/Third_Party/FreeRTOS/Source/portable/GCC/ARM_CM3/portmacro.h ****  *
  25:Middlewares/Third_Party/FreeRTOS/Source/portable/GCC/ARM_CM3/portmacro.h ****  * 1 tab == 4 spaces!
  26:Middlewares/Third_Party/FreeRTOS/Source/portable/GCC/ARM_CM3/portmacro.h ****  */
  27:Middlewares/Third_Party/FreeRTOS/Source/portable/GCC/ARM_CM3/portmacro.h **** 
  28:Middlewares/Third_Party/FreeRTOS/Source/portable/GCC/ARM_CM3/portmacro.h **** 
  29:Middlewares/Third_Party/FreeRTOS/Source/portable/GCC/ARM_CM3/portmacro.h **** #ifndef PORTMACRO_H
  30:Middlewares/Third_Party/FreeRTOS/Source/portable/GCC/ARM_CM3/portmacro.h **** #define PORTMACRO_H
  31:Middlewares/Third_Party/FreeRTOS/Source/portable/GCC/ARM_CM3/portmacro.h **** 
  32:Middlewares/Third_Party/FreeRTOS/Source/portable/GCC/ARM_CM3/portmacro.h **** #ifdef __cplusplus
  33:Middlewares/Third_Party/FreeRTOS/Source/portable/GCC/ARM_CM3/portmacro.h **** extern "C" {
  34:Middlewares/Third_Party/FreeRTOS/Source/portable/GCC/ARM_CM3/portmacro.h **** #endif
  35:Middlewares/Third_Party/FreeRTOS/Source/portable/GCC/ARM_CM3/portmacro.h **** 
  36:Middlewares/Third_Party/FreeRTOS/Source/portable/GCC/ARM_CM3/portmacro.h **** /*-----------------------------------------------------------
  37:Middlewares/Third_Party/FreeRTOS/Source/portable/GCC/ARM_CM3/portmacro.h ****  * Port specific definitions.
  38:Middlewares/Third_Party/FreeRTOS/Source/portable/GCC/ARM_CM3/portmacro.h ****  *
  39:Middlewares/Third_Party/FreeRTOS/Source/portable/GCC/ARM_CM3/portmacro.h ****  * The settings in this file configure FreeRTOS correctly for the
  40:Middlewares/Third_Party/FreeRTOS/Source/portable/GCC/ARM_CM3/portmacro.h ****  * given hardware and compiler.
  41:Middlewares/Third_Party/FreeRTOS/Source/portable/GCC/ARM_CM3/portmacro.h ****  *
  42:Middlewares/Third_Party/FreeRTOS/Source/portable/GCC/ARM_CM3/portmacro.h ****  * These settings should not be altered.
  43:Middlewares/Third_Party/FreeRTOS/Source/portable/GCC/ARM_CM3/portmacro.h ****  *-----------------------------------------------------------
  44:Middlewares/Third_Party/FreeRTOS/Source/portable/GCC/ARM_CM3/portmacro.h ****  */
  45:Middlewares/Third_Party/FreeRTOS/Source/portable/GCC/ARM_CM3/portmacro.h **** 
  46:Middlewares/Third_Party/FreeRTOS/Source/portable/GCC/ARM_CM3/portmacro.h **** /* Type definitions. */
  47:Middlewares/Third_Party/FreeRTOS/Source/portable/GCC/ARM_CM3/portmacro.h **** #define portCHAR		char
  48:Middlewares/Third_Party/FreeRTOS/Source/portable/GCC/ARM_CM3/portmacro.h **** #define portFLOAT		float
  49:Middlewares/Third_Party/FreeRTOS/Source/portable/GCC/ARM_CM3/portmacro.h **** #define portDOUBLE		double
  50:Middlewares/Third_Party/FreeRTOS/Source/portable/GCC/ARM_CM3/portmacro.h **** #define portLONG		long
  51:Middlewares/Third_Party/FreeRTOS/Source/portable/GCC/ARM_CM3/portmacro.h **** #define portSHORT		short
  52:Middlewares/Third_Party/FreeRTOS/Source/portable/GCC/ARM_CM3/portmacro.h **** #define portSTACK_TYPE	uint32_t
  53:Middlewares/Third_Party/FreeRTOS/Source/portable/GCC/ARM_CM3/portmacro.h **** #define portBASE_TYPE	long
  54:Middlewares/Third_Party/FreeRTOS/Source/portable/GCC/ARM_CM3/portmacro.h **** 
  55:Middlewares/Third_Party/FreeRTOS/Source/portable/GCC/ARM_CM3/portmacro.h **** typedef portSTACK_TYPE StackType_t;
  56:Middlewares/Third_Party/FreeRTOS/Source/portable/GCC/ARM_CM3/portmacro.h **** typedef long BaseType_t;
  57:Middlewares/Third_Party/FreeRTOS/Source/portable/GCC/ARM_CM3/portmacro.h **** typedef unsigned long UBaseType_t;
  58:Middlewares/Third_Party/FreeRTOS/Source/portable/GCC/ARM_CM3/portmacro.h **** 
  59:Middlewares/Third_Party/FreeRTOS/Source/portable/GCC/ARM_CM3/portmacro.h **** #if( configUSE_16_BIT_TICKS == 1 )
  60:Middlewares/Third_Party/FreeRTOS/Source/portable/GCC/ARM_CM3/portmacro.h **** 	typedef uint16_t TickType_t;
  61:Middlewares/Third_Party/FreeRTOS/Source/portable/GCC/ARM_CM3/portmacro.h **** 	#define portMAX_DELAY ( TickType_t ) 0xffff
  62:Middlewares/Third_Party/FreeRTOS/Source/portable/GCC/ARM_CM3/portmacro.h **** #else
  63:Middlewares/Third_Party/FreeRTOS/Source/portable/GCC/ARM_CM3/portmacro.h **** 	typedef uint32_t TickType_t;
  64:Middlewares/Third_Party/FreeRTOS/Source/portable/GCC/ARM_CM3/portmacro.h **** 	#define portMAX_DELAY ( TickType_t ) 0xffffffffUL
  65:Middlewares/Third_Party/FreeRTOS/Source/portable/GCC/ARM_CM3/portmacro.h **** 
  66:Middlewares/Third_Party/FreeRTOS/Source/portable/GCC/ARM_CM3/portmacro.h **** 	/* 32-bit tick type on a 32-bit architecture, so reads of the tick count do
  67:Middlewares/Third_Party/FreeRTOS/Source/portable/GCC/ARM_CM3/portmacro.h **** 	not need to be guarded with a critical section. */
  68:Middlewares/Third_Party/FreeRTOS/Source/portable/GCC/ARM_CM3/portmacro.h **** 	#define portTICK_TYPE_IS_ATOMIC 1
  69:Middlewares/Third_Party/FreeRTOS/Source/portable/GCC/ARM_CM3/portmacro.h **** #endif
ARM GAS  /tmp/ccfmOoCP.s 			page 24


  70:Middlewares/Third_Party/FreeRTOS/Source/portable/GCC/ARM_CM3/portmacro.h **** /*-----------------------------------------------------------*/
  71:Middlewares/Third_Party/FreeRTOS/Source/portable/GCC/ARM_CM3/portmacro.h **** 
  72:Middlewares/Third_Party/FreeRTOS/Source/portable/GCC/ARM_CM3/portmacro.h **** /* Architecture specifics. */
  73:Middlewares/Third_Party/FreeRTOS/Source/portable/GCC/ARM_CM3/portmacro.h **** #define portSTACK_GROWTH			( -1 )
  74:Middlewares/Third_Party/FreeRTOS/Source/portable/GCC/ARM_CM3/portmacro.h **** #define portTICK_PERIOD_MS			( ( TickType_t ) 1000 / configTICK_RATE_HZ )
  75:Middlewares/Third_Party/FreeRTOS/Source/portable/GCC/ARM_CM3/portmacro.h **** #define portBYTE_ALIGNMENT			8
  76:Middlewares/Third_Party/FreeRTOS/Source/portable/GCC/ARM_CM3/portmacro.h **** /*-----------------------------------------------------------*/
  77:Middlewares/Third_Party/FreeRTOS/Source/portable/GCC/ARM_CM3/portmacro.h **** 
  78:Middlewares/Third_Party/FreeRTOS/Source/portable/GCC/ARM_CM3/portmacro.h **** /* Scheduler utilities. */
  79:Middlewares/Third_Party/FreeRTOS/Source/portable/GCC/ARM_CM3/portmacro.h **** #define portYIELD() 															\
  80:Middlewares/Third_Party/FreeRTOS/Source/portable/GCC/ARM_CM3/portmacro.h **** {																				\
  81:Middlewares/Third_Party/FreeRTOS/Source/portable/GCC/ARM_CM3/portmacro.h **** 	/* Set a PendSV to request a context switch. */								\
  82:Middlewares/Third_Party/FreeRTOS/Source/portable/GCC/ARM_CM3/portmacro.h **** 	portNVIC_INT_CTRL_REG = portNVIC_PENDSVSET_BIT;								\
  83:Middlewares/Third_Party/FreeRTOS/Source/portable/GCC/ARM_CM3/portmacro.h **** 																				\
  84:Middlewares/Third_Party/FreeRTOS/Source/portable/GCC/ARM_CM3/portmacro.h **** 	/* Barriers are normally not required but do ensure the code is completely	\
  85:Middlewares/Third_Party/FreeRTOS/Source/portable/GCC/ARM_CM3/portmacro.h **** 	within the specified behaviour for the architecture. */						\
  86:Middlewares/Third_Party/FreeRTOS/Source/portable/GCC/ARM_CM3/portmacro.h **** 	__asm volatile( "dsb" ::: "memory" );										\
  87:Middlewares/Third_Party/FreeRTOS/Source/portable/GCC/ARM_CM3/portmacro.h **** 	__asm volatile( "isb" );													\
  88:Middlewares/Third_Party/FreeRTOS/Source/portable/GCC/ARM_CM3/portmacro.h **** }
  89:Middlewares/Third_Party/FreeRTOS/Source/portable/GCC/ARM_CM3/portmacro.h **** 
  90:Middlewares/Third_Party/FreeRTOS/Source/portable/GCC/ARM_CM3/portmacro.h **** #define portNVIC_INT_CTRL_REG		( * ( ( volatile uint32_t * ) 0xe000ed04 ) )
  91:Middlewares/Third_Party/FreeRTOS/Source/portable/GCC/ARM_CM3/portmacro.h **** #define portNVIC_PENDSVSET_BIT		( 1UL << 28UL )
  92:Middlewares/Third_Party/FreeRTOS/Source/portable/GCC/ARM_CM3/portmacro.h **** #define portEND_SWITCHING_ISR( xSwitchRequired ) if( xSwitchRequired != pdFALSE ) portYIELD()
  93:Middlewares/Third_Party/FreeRTOS/Source/portable/GCC/ARM_CM3/portmacro.h **** #define portYIELD_FROM_ISR( x ) portEND_SWITCHING_ISR( x )
  94:Middlewares/Third_Party/FreeRTOS/Source/portable/GCC/ARM_CM3/portmacro.h **** /*-----------------------------------------------------------*/
  95:Middlewares/Third_Party/FreeRTOS/Source/portable/GCC/ARM_CM3/portmacro.h **** 
  96:Middlewares/Third_Party/FreeRTOS/Source/portable/GCC/ARM_CM3/portmacro.h **** /* Critical section management. */
  97:Middlewares/Third_Party/FreeRTOS/Source/portable/GCC/ARM_CM3/portmacro.h **** extern void vPortEnterCritical( void );
  98:Middlewares/Third_Party/FreeRTOS/Source/portable/GCC/ARM_CM3/portmacro.h **** extern void vPortExitCritical( void );
  99:Middlewares/Third_Party/FreeRTOS/Source/portable/GCC/ARM_CM3/portmacro.h **** #define portSET_INTERRUPT_MASK_FROM_ISR()		ulPortRaiseBASEPRI()
 100:Middlewares/Third_Party/FreeRTOS/Source/portable/GCC/ARM_CM3/portmacro.h **** #define portCLEAR_INTERRUPT_MASK_FROM_ISR(x)	vPortSetBASEPRI(x)
 101:Middlewares/Third_Party/FreeRTOS/Source/portable/GCC/ARM_CM3/portmacro.h **** #define portDISABLE_INTERRUPTS()				vPortRaiseBASEPRI()
 102:Middlewares/Third_Party/FreeRTOS/Source/portable/GCC/ARM_CM3/portmacro.h **** #define portENABLE_INTERRUPTS()					vPortSetBASEPRI(0)
 103:Middlewares/Third_Party/FreeRTOS/Source/portable/GCC/ARM_CM3/portmacro.h **** #define portENTER_CRITICAL()					vPortEnterCritical()
 104:Middlewares/Third_Party/FreeRTOS/Source/portable/GCC/ARM_CM3/portmacro.h **** #define portEXIT_CRITICAL()						vPortExitCritical()
 105:Middlewares/Third_Party/FreeRTOS/Source/portable/GCC/ARM_CM3/portmacro.h **** 
 106:Middlewares/Third_Party/FreeRTOS/Source/portable/GCC/ARM_CM3/portmacro.h **** /*-----------------------------------------------------------*/
 107:Middlewares/Third_Party/FreeRTOS/Source/portable/GCC/ARM_CM3/portmacro.h **** 
 108:Middlewares/Third_Party/FreeRTOS/Source/portable/GCC/ARM_CM3/portmacro.h **** /* Task function macros as described on the FreeRTOS.org WEB site.  These are
 109:Middlewares/Third_Party/FreeRTOS/Source/portable/GCC/ARM_CM3/portmacro.h **** not necessary for to use this port.  They are defined so the common demo files
 110:Middlewares/Third_Party/FreeRTOS/Source/portable/GCC/ARM_CM3/portmacro.h **** (which build with all the ports) will build. */
 111:Middlewares/Third_Party/FreeRTOS/Source/portable/GCC/ARM_CM3/portmacro.h **** #define portTASK_FUNCTION_PROTO( vFunction, pvParameters ) void vFunction( void *pvParameters )
 112:Middlewares/Third_Party/FreeRTOS/Source/portable/GCC/ARM_CM3/portmacro.h **** #define portTASK_FUNCTION( vFunction, pvParameters ) void vFunction( void *pvParameters )
 113:Middlewares/Third_Party/FreeRTOS/Source/portable/GCC/ARM_CM3/portmacro.h **** /*-----------------------------------------------------------*/
 114:Middlewares/Third_Party/FreeRTOS/Source/portable/GCC/ARM_CM3/portmacro.h **** 
 115:Middlewares/Third_Party/FreeRTOS/Source/portable/GCC/ARM_CM3/portmacro.h **** /* Tickless idle/low power functionality. */
 116:Middlewares/Third_Party/FreeRTOS/Source/portable/GCC/ARM_CM3/portmacro.h **** #ifndef portSUPPRESS_TICKS_AND_SLEEP
 117:Middlewares/Third_Party/FreeRTOS/Source/portable/GCC/ARM_CM3/portmacro.h **** 	extern void vPortSuppressTicksAndSleep( TickType_t xExpectedIdleTime );
 118:Middlewares/Third_Party/FreeRTOS/Source/portable/GCC/ARM_CM3/portmacro.h **** 	#define portSUPPRESS_TICKS_AND_SLEEP( xExpectedIdleTime ) vPortSuppressTicksAndSleep( xExpectedIdl
 119:Middlewares/Third_Party/FreeRTOS/Source/portable/GCC/ARM_CM3/portmacro.h **** #endif
 120:Middlewares/Third_Party/FreeRTOS/Source/portable/GCC/ARM_CM3/portmacro.h **** /*-----------------------------------------------------------*/
 121:Middlewares/Third_Party/FreeRTOS/Source/portable/GCC/ARM_CM3/portmacro.h **** 
 122:Middlewares/Third_Party/FreeRTOS/Source/portable/GCC/ARM_CM3/portmacro.h **** /* Architecture specific optimisations. */
 123:Middlewares/Third_Party/FreeRTOS/Source/portable/GCC/ARM_CM3/portmacro.h **** #ifndef configUSE_PORT_OPTIMISED_TASK_SELECTION
 124:Middlewares/Third_Party/FreeRTOS/Source/portable/GCC/ARM_CM3/portmacro.h **** 	#define configUSE_PORT_OPTIMISED_TASK_SELECTION 1
 125:Middlewares/Third_Party/FreeRTOS/Source/portable/GCC/ARM_CM3/portmacro.h **** #endif
 126:Middlewares/Third_Party/FreeRTOS/Source/portable/GCC/ARM_CM3/portmacro.h **** 
ARM GAS  /tmp/ccfmOoCP.s 			page 25


 127:Middlewares/Third_Party/FreeRTOS/Source/portable/GCC/ARM_CM3/portmacro.h **** #if configUSE_PORT_OPTIMISED_TASK_SELECTION == 1
 128:Middlewares/Third_Party/FreeRTOS/Source/portable/GCC/ARM_CM3/portmacro.h **** 
 129:Middlewares/Third_Party/FreeRTOS/Source/portable/GCC/ARM_CM3/portmacro.h **** 	/* Generic helper function. */
 130:Middlewares/Third_Party/FreeRTOS/Source/portable/GCC/ARM_CM3/portmacro.h **** 	__attribute__( ( always_inline ) ) static inline uint8_t ucPortCountLeadingZeros( uint32_t ulBitma
 131:Middlewares/Third_Party/FreeRTOS/Source/portable/GCC/ARM_CM3/portmacro.h **** 	{
 132:Middlewares/Third_Party/FreeRTOS/Source/portable/GCC/ARM_CM3/portmacro.h **** 	uint8_t ucReturn;
 133:Middlewares/Third_Party/FreeRTOS/Source/portable/GCC/ARM_CM3/portmacro.h **** 
 134:Middlewares/Third_Party/FreeRTOS/Source/portable/GCC/ARM_CM3/portmacro.h **** 		__asm volatile ( "clz %0, %1" : "=r" ( ucReturn ) : "r" ( ulBitmap ) : "memory" );
 135:Middlewares/Third_Party/FreeRTOS/Source/portable/GCC/ARM_CM3/portmacro.h **** 		return ucReturn;
 136:Middlewares/Third_Party/FreeRTOS/Source/portable/GCC/ARM_CM3/portmacro.h **** 	}
 137:Middlewares/Third_Party/FreeRTOS/Source/portable/GCC/ARM_CM3/portmacro.h **** 
 138:Middlewares/Third_Party/FreeRTOS/Source/portable/GCC/ARM_CM3/portmacro.h **** 	/* Check the configuration. */
 139:Middlewares/Third_Party/FreeRTOS/Source/portable/GCC/ARM_CM3/portmacro.h **** 	#if( configMAX_PRIORITIES > 32 )
 140:Middlewares/Third_Party/FreeRTOS/Source/portable/GCC/ARM_CM3/portmacro.h **** 		#error configUSE_PORT_OPTIMISED_TASK_SELECTION can only be set to 1 when configMAX_PRIORITIES is 
 141:Middlewares/Third_Party/FreeRTOS/Source/portable/GCC/ARM_CM3/portmacro.h **** 	#endif
 142:Middlewares/Third_Party/FreeRTOS/Source/portable/GCC/ARM_CM3/portmacro.h **** 
 143:Middlewares/Third_Party/FreeRTOS/Source/portable/GCC/ARM_CM3/portmacro.h **** 	/* Store/clear the ready priorities in a bit map. */
 144:Middlewares/Third_Party/FreeRTOS/Source/portable/GCC/ARM_CM3/portmacro.h **** 	#define portRECORD_READY_PRIORITY( uxPriority, uxReadyPriorities ) ( uxReadyPriorities ) |= ( 1UL 
 145:Middlewares/Third_Party/FreeRTOS/Source/portable/GCC/ARM_CM3/portmacro.h **** 	#define portRESET_READY_PRIORITY( uxPriority, uxReadyPriorities ) ( uxReadyPriorities ) &= ~( 1UL 
 146:Middlewares/Third_Party/FreeRTOS/Source/portable/GCC/ARM_CM3/portmacro.h **** 
 147:Middlewares/Third_Party/FreeRTOS/Source/portable/GCC/ARM_CM3/portmacro.h **** 	/*-----------------------------------------------------------*/
 148:Middlewares/Third_Party/FreeRTOS/Source/portable/GCC/ARM_CM3/portmacro.h **** 
 149:Middlewares/Third_Party/FreeRTOS/Source/portable/GCC/ARM_CM3/portmacro.h **** 	#define portGET_HIGHEST_PRIORITY( uxTopPriority, uxReadyPriorities ) uxTopPriority = ( 31UL - ( ui
 150:Middlewares/Third_Party/FreeRTOS/Source/portable/GCC/ARM_CM3/portmacro.h **** 
 151:Middlewares/Third_Party/FreeRTOS/Source/portable/GCC/ARM_CM3/portmacro.h **** #endif /* configUSE_PORT_OPTIMISED_TASK_SELECTION */
 152:Middlewares/Third_Party/FreeRTOS/Source/portable/GCC/ARM_CM3/portmacro.h **** 
 153:Middlewares/Third_Party/FreeRTOS/Source/portable/GCC/ARM_CM3/portmacro.h **** /*-----------------------------------------------------------*/
 154:Middlewares/Third_Party/FreeRTOS/Source/portable/GCC/ARM_CM3/portmacro.h **** 
 155:Middlewares/Third_Party/FreeRTOS/Source/portable/GCC/ARM_CM3/portmacro.h **** #ifdef configASSERT
 156:Middlewares/Third_Party/FreeRTOS/Source/portable/GCC/ARM_CM3/portmacro.h **** 	void vPortValidateInterruptPriority( void );
 157:Middlewares/Third_Party/FreeRTOS/Source/portable/GCC/ARM_CM3/portmacro.h **** 	#define portASSERT_IF_INTERRUPT_PRIORITY_INVALID() 	vPortValidateInterruptPriority()
 158:Middlewares/Third_Party/FreeRTOS/Source/portable/GCC/ARM_CM3/portmacro.h **** #endif
 159:Middlewares/Third_Party/FreeRTOS/Source/portable/GCC/ARM_CM3/portmacro.h **** 
 160:Middlewares/Third_Party/FreeRTOS/Source/portable/GCC/ARM_CM3/portmacro.h **** /* portNOP() is not required by this port. */
 161:Middlewares/Third_Party/FreeRTOS/Source/portable/GCC/ARM_CM3/portmacro.h **** #define portNOP()
 162:Middlewares/Third_Party/FreeRTOS/Source/portable/GCC/ARM_CM3/portmacro.h **** 
 163:Middlewares/Third_Party/FreeRTOS/Source/portable/GCC/ARM_CM3/portmacro.h **** #define portINLINE	__inline
 164:Middlewares/Third_Party/FreeRTOS/Source/portable/GCC/ARM_CM3/portmacro.h **** 
 165:Middlewares/Third_Party/FreeRTOS/Source/portable/GCC/ARM_CM3/portmacro.h **** #ifndef portFORCE_INLINE
 166:Middlewares/Third_Party/FreeRTOS/Source/portable/GCC/ARM_CM3/portmacro.h **** 	#define portFORCE_INLINE inline __attribute__(( always_inline))
 167:Middlewares/Third_Party/FreeRTOS/Source/portable/GCC/ARM_CM3/portmacro.h **** #endif
 168:Middlewares/Third_Party/FreeRTOS/Source/portable/GCC/ARM_CM3/portmacro.h **** 
 169:Middlewares/Third_Party/FreeRTOS/Source/portable/GCC/ARM_CM3/portmacro.h **** /*-----------------------------------------------------------*/
 170:Middlewares/Third_Party/FreeRTOS/Source/portable/GCC/ARM_CM3/portmacro.h **** 
 171:Middlewares/Third_Party/FreeRTOS/Source/portable/GCC/ARM_CM3/portmacro.h **** portFORCE_INLINE static BaseType_t xPortIsInsideInterrupt( void )
 172:Middlewares/Third_Party/FreeRTOS/Source/portable/GCC/ARM_CM3/portmacro.h **** {
 173:Middlewares/Third_Party/FreeRTOS/Source/portable/GCC/ARM_CM3/portmacro.h **** uint32_t ulCurrentInterrupt;
 174:Middlewares/Third_Party/FreeRTOS/Source/portable/GCC/ARM_CM3/portmacro.h **** BaseType_t xReturn;
 175:Middlewares/Third_Party/FreeRTOS/Source/portable/GCC/ARM_CM3/portmacro.h **** 
 176:Middlewares/Third_Party/FreeRTOS/Source/portable/GCC/ARM_CM3/portmacro.h **** 	/* Obtain the number of the currently executing interrupt. */
 177:Middlewares/Third_Party/FreeRTOS/Source/portable/GCC/ARM_CM3/portmacro.h **** 	__asm volatile( "mrs %0, ipsr" : "=r"( ulCurrentInterrupt ) :: "memory" );
 178:Middlewares/Third_Party/FreeRTOS/Source/portable/GCC/ARM_CM3/portmacro.h **** 
 179:Middlewares/Third_Party/FreeRTOS/Source/portable/GCC/ARM_CM3/portmacro.h **** 	if( ulCurrentInterrupt == 0 )
 180:Middlewares/Third_Party/FreeRTOS/Source/portable/GCC/ARM_CM3/portmacro.h **** 	{
 181:Middlewares/Third_Party/FreeRTOS/Source/portable/GCC/ARM_CM3/portmacro.h **** 		xReturn = pdFALSE;
 182:Middlewares/Third_Party/FreeRTOS/Source/portable/GCC/ARM_CM3/portmacro.h **** 	}
 183:Middlewares/Third_Party/FreeRTOS/Source/portable/GCC/ARM_CM3/portmacro.h **** 	else
ARM GAS  /tmp/ccfmOoCP.s 			page 26


 184:Middlewares/Third_Party/FreeRTOS/Source/portable/GCC/ARM_CM3/portmacro.h **** 	{
 185:Middlewares/Third_Party/FreeRTOS/Source/portable/GCC/ARM_CM3/portmacro.h **** 		xReturn = pdTRUE;
 186:Middlewares/Third_Party/FreeRTOS/Source/portable/GCC/ARM_CM3/portmacro.h **** 	}
 187:Middlewares/Third_Party/FreeRTOS/Source/portable/GCC/ARM_CM3/portmacro.h **** 
 188:Middlewares/Third_Party/FreeRTOS/Source/portable/GCC/ARM_CM3/portmacro.h **** 	return xReturn;
 189:Middlewares/Third_Party/FreeRTOS/Source/portable/GCC/ARM_CM3/portmacro.h **** }
 190:Middlewares/Third_Party/FreeRTOS/Source/portable/GCC/ARM_CM3/portmacro.h **** 
 191:Middlewares/Third_Party/FreeRTOS/Source/portable/GCC/ARM_CM3/portmacro.h **** /*-----------------------------------------------------------*/
 192:Middlewares/Third_Party/FreeRTOS/Source/portable/GCC/ARM_CM3/portmacro.h **** 
 193:Middlewares/Third_Party/FreeRTOS/Source/portable/GCC/ARM_CM3/portmacro.h **** portFORCE_INLINE static void vPortRaiseBASEPRI( void )
 713              		.loc 2 193 30 view .LVU174
 714              	.LBB32:
 194:Middlewares/Third_Party/FreeRTOS/Source/portable/GCC/ARM_CM3/portmacro.h **** {
 195:Middlewares/Third_Party/FreeRTOS/Source/portable/GCC/ARM_CM3/portmacro.h **** uint32_t ulNewBASEPRI;
 715              		.loc 2 195 1 view .LVU175
 196:Middlewares/Third_Party/FreeRTOS/Source/portable/GCC/ARM_CM3/portmacro.h **** 
 197:Middlewares/Third_Party/FreeRTOS/Source/portable/GCC/ARM_CM3/portmacro.h **** 	__asm volatile
 716              		.loc 2 197 2 view .LVU176
 717              		.syntax unified
 718              	@ 197 "Middlewares/Third_Party/FreeRTOS/Source/portable/GCC/ARM_CM3/portmacro.h" 1
 719 00e2 4FF05003 			mov r3, #80												
 720 00e6 83F31188 		msr basepri, r3											
 721 00ea BFF36F8F 		isb														
 722 00ee BFF34F8F 		dsb														
 723              	
 724              	@ 0 "" 2
 725              	.LVL71:
 726              		.thumb
 727              		.syntax unified
 728              	.L35:
 729              		.loc 2 197 2 is_stmt 0 view .LVU177
 730              	.LBE32:
 731              	.LBE31:
 157:Core/Src/freertos.c ****     configASSERT(canQueue);
 732              		.loc 1 157 5 is_stmt 1 discriminator 1 view .LVU178
 157:Core/Src/freertos.c ****     configASSERT(canQueue);
 733              		.loc 1 157 5 discriminator 1 view .LVU179
 157:Core/Src/freertos.c ****     configASSERT(canQueue);
 734              		.loc 1 157 5 discriminator 1 view .LVU180
 735 00f2 FEE7     		b	.L35
 736              	.L40:
 158:Core/Src/freertos.c **** 
 737              		.loc 1 158 5 view .LVU181
 738              	.LBB33:
 739              	.LBI33:
 193:Middlewares/Third_Party/FreeRTOS/Source/portable/GCC/ARM_CM3/portmacro.h **** {
 740              		.loc 2 193 30 view .LVU182
 741              	.LBB34:
 195:Middlewares/Third_Party/FreeRTOS/Source/portable/GCC/ARM_CM3/portmacro.h **** 
 742              		.loc 2 195 1 view .LVU183
 743              		.loc 2 197 2 view .LVU184
 744              		.syntax unified
 745              	@ 197 "Middlewares/Third_Party/FreeRTOS/Source/portable/GCC/ARM_CM3/portmacro.h" 1
 746 00f4 4FF05003 			mov r3, #80												
 747 00f8 83F31188 		msr basepri, r3											
 748 00fc BFF36F8F 		isb														
 749 0100 BFF34F8F 		dsb														
ARM GAS  /tmp/ccfmOoCP.s 			page 27


 750              	
 751              	@ 0 "" 2
 752              	.LVL72:
 753              		.thumb
 754              		.syntax unified
 755              	.L37:
 756              		.loc 2 197 2 is_stmt 0 view .LVU185
 757              	.LBE34:
 758              	.LBE33:
 158:Core/Src/freertos.c **** 
 759              		.loc 1 158 5 is_stmt 1 discriminator 2 view .LVU186
 158:Core/Src/freertos.c **** 
 760              		.loc 1 158 5 discriminator 2 view .LVU187
 158:Core/Src/freertos.c **** 
 761              		.loc 1 158 5 discriminator 2 view .LVU188
 762 0104 FEE7     		b	.L37
 763              	.L42:
 764 0106 00BF     		.align	2
 765              	.L41:
 766 0108 00000000 		.word	.LANCHOR1
 767 010c 00000000 		.word	.LANCHOR5
 768 0110 00000000 		.word	.LANCHOR8
 769 0114 00000000 		.word	.LANCHOR9
 770 0118 00000000 		.word	.LANCHOR10
 771 011c 00000000 		.word	.LANCHOR11
 772 0120 00000000 		.word	.LANCHOR12
 773 0124 00000000 		.word	.LANCHOR13
 774              		.cfi_endproc
 775              	.LFE80:
 777              		.global	__aeabi_i2f
 778              		.global	__aeabi_fadd
 779              		.global	__aeabi_fdiv
 780              		.global	__aeabi_fmul
 781              		.section	.text.Procesar_Corriente_RMS,"ax",%progbits
 782              		.align	1
 783              		.global	Procesar_Corriente_RMS
 784              		.syntax unified
 785              		.thumb
 786              		.thumb_func
 788              	Procesar_Corriente_RMS:
 789              	.LFB86:
 426:Core/Src/freertos.c ****     }
 427:Core/Src/freertos.c **** }
 428:Core/Src/freertos.c **** 
 429:Core/Src/freertos.c **** /* ============================================================
 430:Core/Src/freertos.c ****  * Procesar_Corriente_RMS
 431:Core/Src/freertos.c ****  * Calcula la corriente eficaz sobre el buffer DMA de 100 muestras.
 432:Core/Src/freertos.c ****  * ============================================================ */
 433:Core/Src/freertos.c **** float Procesar_Corriente_RMS(void)
 434:Core/Src/freertos.c **** {
 790              		.loc 1 434 1 view -0
 791              		.cfi_startproc
 792              		@ args = 0, pretend = 0, frame = 0
 793              		@ frame_needed = 0, uses_anonymous_args = 0
 794 0000 38B5     		push	{r3, r4, r5, lr}
 795              	.LCFI12:
 796              		.cfi_def_cfa_offset 16
ARM GAS  /tmp/ccfmOoCP.s 			page 28


 797              		.cfi_offset 3, -16
 798              		.cfi_offset 4, -12
 799              		.cfi_offset 5, -8
 800              		.cfi_offset 14, -4
 435:Core/Src/freertos.c ****     float suma_cuadrados = 0.0f;
 801              		.loc 1 435 5 view .LVU190
 802              	.LVL73:
 436:Core/Src/freertos.c ****     for (int i = 0; i < 100; i++)
 803              		.loc 1 436 5 view .LVU191
 804              	.LBB35:
 805              		.loc 1 436 10 view .LVU192
 806              		.loc 1 436 14 is_stmt 0 view .LVU193
 807 0002 0025     		movs	r5, #0
 808              	.LBE35:
 435:Core/Src/freertos.c ****     float suma_cuadrados = 0.0f;
 809              		.loc 1 435 11 view .LVU194
 810 0004 0024     		movs	r4, #0
 811              	.LBB37:
 812              		.loc 1 436 5 view .LVU195
 813 0006 0FE0     		b	.L44
 814              	.LVL74:
 815              	.L45:
 816              	.LBB36:
 437:Core/Src/freertos.c ****     {
 438:Core/Src/freertos.c ****         int32_t centrado = (int32_t)adc_buffer_corriente[i] - 2048;
 817              		.loc 1 438 9 is_stmt 1 discriminator 3 view .LVU196
 818              		.loc 1 438 57 is_stmt 0 discriminator 3 view .LVU197
 819 0008 0D4B     		ldr	r3, .L47
 820 000a 33F81530 		ldrh	r3, [r3, r5, lsl #1]
 821 000e 9BB2     		uxth	r3, r3
 822              		.loc 1 438 17 discriminator 3 view .LVU198
 823 0010 A3F50060 		sub	r0, r3, #2048
 824              	.LVL75:
 439:Core/Src/freertos.c ****         suma_cuadrados  += (float)(centrado * centrado);
 825              		.loc 1 439 9 is_stmt 1 discriminator 3 view .LVU199
 826              		.loc 1 439 28 is_stmt 0 discriminator 3 view .LVU200
 827 0014 00FB00F0 		mul	r0, r0, r0
 828              	.LVL76:
 829              		.loc 1 439 28 discriminator 3 view .LVU201
 830 0018 FFF7FEFF 		bl	__aeabi_i2f
 831              	.LVL77:
 832              		.loc 1 439 28 discriminator 3 view .LVU202
 833 001c 0146     		mov	r1, r0
 834              		.loc 1 439 25 discriminator 3 view .LVU203
 835 001e 2046     		mov	r0, r4
 836 0020 FFF7FEFF 		bl	__aeabi_fadd
 837              	.LVL78:
 838 0024 0446     		mov	r4, r0
 839              	.LVL79:
 840              		.loc 1 439 25 discriminator 3 view .LVU204
 841              	.LBE36:
 436:Core/Src/freertos.c ****     for (int i = 0; i < 100; i++)
 842              		.loc 1 436 30 is_stmt 1 discriminator 3 view .LVU205
 436:Core/Src/freertos.c ****     for (int i = 0; i < 100; i++)
 843              		.loc 1 436 31 is_stmt 0 discriminator 3 view .LVU206
 844 0026 0135     		adds	r5, r5, #1
 845              	.LVL80:
ARM GAS  /tmp/ccfmOoCP.s 			page 29


 846              	.L44:
 436:Core/Src/freertos.c ****     for (int i = 0; i < 100; i++)
 847              		.loc 1 436 21 is_stmt 1 discriminator 1 view .LVU207
 436:Core/Src/freertos.c ****     for (int i = 0; i < 100; i++)
 848              		.loc 1 436 5 is_stmt 0 discriminator 1 view .LVU208
 849 0028 632D     		cmp	r5, #99
 850 002a EDDD     		ble	.L45
 851              	.LBE37:
 440:Core/Src/freertos.c ****     }
 441:Core/Src/freertos.c ****     float rms_raw = sqrtf(suma_cuadrados / 100.0f);
 852              		.loc 1 441 5 is_stmt 1 view .LVU209
 853              		.loc 1 441 21 is_stmt 0 view .LVU210
 854 002c 0549     		ldr	r1, .L47+4
 855 002e 2046     		mov	r0, r4
 856 0030 FFF7FEFF 		bl	__aeabi_fdiv
 857              	.LVL81:
 858 0034 FFF7FEFF 		bl	sqrtf
 859              	.LVL82:
 442:Core/Src/freertos.c ****     return (rms_raw * (3.262f / 4096.0f));
 860              		.loc 1 442 5 is_stmt 1 view .LVU211
 861              		.loc 1 442 21 is_stmt 0 view .LVU212
 862 0038 0349     		ldr	r1, .L47+8
 863 003a FFF7FEFF 		bl	__aeabi_fmul
 864              	.LVL83:
 443:Core/Src/freertos.c **** }...
 865              		.loc 1 443 1 view .LVU213
 866 003e 38BD     		pop	{r3, r4, r5, pc}
 867              	.LVL84:
 868              	.L48:
 869              		.loc 1 443 1 view .LVU214
 870              		.align	2
 871              	.L47:
 872 0040 00000000 		.word	adc_buffer_corriente
 873 0044 0000C842 		.word	1120403456
 874 0048 9CC4503A 		.word	978371740
 875              		.cfi_endproc
 876              	.LFE86:
 878              		.section	.rodata.StartTelemetryTask.str1.4,"aMS",%progbits,1
 879              		.align	2
 880              	.LC20:
 881 0000 496E6963 		.ascii	"Iniciando Telemetr\303\255a Lenta (ADC2 / RPM)...\015"
 881      69616E64 
 881      6F205465 
 881      6C656D65 
 881      7472C3AD 
 882 002c 00       		.ascii	"\000"
 883              		.global	__aeabi_ui2f
 884              		.section	.text.StartTelemetryTask,"ax",%progbits
 885              		.align	1
 886              		.global	StartTelemetryTask
 887              		.syntax unified
 888              		.thumb
 889              		.thumb_func
 891              	StartTelemetryTask:
 892              	.LVL85:
 893              	.LFB83:
 296:Core/Src/freertos.c **** {
ARM GAS  /tmp/ccfmOoCP.s 			page 30


 894              		.loc 1 296 1 is_stmt 1 view -0
 895              		.cfi_startproc
 896              		@ args = 0, pretend = 0, frame = 0
 897              		@ frame_needed = 0, uses_anonymous_args = 0
 296:Core/Src/freertos.c **** {
 898              		.loc 1 296 1 is_stmt 0 view .LVU216
 899 0000 2DE9F843 		push	{r3, r4, r5, r6, r7, r8, r9, lr}
 900              	.LCFI13:
 901              		.cfi_def_cfa_offset 32
 902              		.cfi_offset 3, -32
 903              		.cfi_offset 4, -28
 904              		.cfi_offset 5, -24
 905              		.cfi_offset 6, -20
 906              		.cfi_offset 7, -16
 907              		.cfi_offset 8, -12
 908              		.cfi_offset 9, -8
 909              		.cfi_offset 14, -4
 297:Core/Src/freertos.c ****     printf("Iniciando Telemetría Lenta (ADC2 / RPM)...\r\n");
 910              		.loc 1 297 5 is_stmt 1 view .LVU217
 911 0004 4848     		ldr	r0, .L61
 912              	.LVL86:
 297:Core/Src/freertos.c ****     printf("Iniciando Telemetría Lenta (ADC2 / RPM)...\r\n");
 913              		.loc 1 297 5 is_stmt 0 view .LVU218
 914 0006 FFF7FEFF 		bl	puts
 915              	.LVL87:
 299:Core/Src/freertos.c ****     uint32_t acumulador_temp      = 0;
 916              		.loc 1 299 5 is_stmt 1 view .LVU219
 300:Core/Src/freertos.c ****     uint32_t cuenta_muestras_temp = 0;
 917              		.loc 1 300 5 view .LVU220
 301:Core/Src/freertos.c ****     uint32_t acumulador_ticks     = 0;
 918              		.loc 1 301 5 view .LVU221
 302:Core/Src/freertos.c ****     uint8_t  contador_pulsos      = 0;
 919              		.loc 1 302 5 view .LVU222
 302:Core/Src/freertos.c ****     uint8_t  contador_pulsos      = 0;
 920              		.loc 1 302 14 is_stmt 0 view .LVU223
 921 000a 0024     		movs	r4, #0
 301:Core/Src/freertos.c ****     uint32_t acumulador_ticks     = 0;
 922              		.loc 1 301 14 view .LVU224
 923 000c 2746     		mov	r7, r4
 300:Core/Src/freertos.c ****     uint32_t cuenta_muestras_temp = 0;
 924              		.loc 1 300 14 view .LVU225
 925 000e 2646     		mov	r6, r4
 299:Core/Src/freertos.c ****     uint32_t acumulador_temp      = 0;
 926              		.loc 1 299 14 view .LVU226
 927 0010 2546     		mov	r5, r4
 928 0012 2EE0     		b	.L56
 929              	.LVL88:
 930              	.L58:
 931              	.LBB38:
 324:Core/Src/freertos.c ****             ultimo_pulso = xTaskGetTickCount();
 932              		.loc 1 324 13 is_stmt 1 view .LVU227
 324:Core/Src/freertos.c ****             ultimo_pulso = xTaskGetTickCount();
 933              		.loc 1 324 28 is_stmt 0 view .LVU228
 934 0014 FFF7FEFF 		bl	xTaskGetTickCount
 935              	.LVL89:
 324:Core/Src/freertos.c ****             ultimo_pulso = xTaskGetTickCount();
 936              		.loc 1 324 26 view .LVU229
ARM GAS  /tmp/ccfmOoCP.s 			page 31


 937 0018 444B     		ldr	r3, .L61+4
 938 001a 1860     		str	r0, [r3]
 325:Core/Src/freertos.c ****             acumulador_ticks += ticks_capturados;
 939              		.loc 1 325 13 is_stmt 1 view .LVU230
 325:Core/Src/freertos.c ****             acumulador_ticks += ticks_capturados;
 940              		.loc 1 325 30 is_stmt 0 view .LVU231
 941 001c 4744     		add	r7, r7, r8
 942              	.LVL90:
 326:Core/Src/freertos.c ****             contador_pulsos++;
 943              		.loc 1 326 13 is_stmt 1 view .LVU232
 326:Core/Src/freertos.c ****             contador_pulsos++;
 944              		.loc 1 326 28 is_stmt 0 view .LVU233
 945 001e 0134     		adds	r4, r4, #1
 946              	.LVL91:
 326:Core/Src/freertos.c ****             contador_pulsos++;
 947              		.loc 1 326 28 view .LVU234
 948 0020 E4B2     		uxtb	r4, r4
 949              	.LVL92:
 328:Core/Src/freertos.c ****             if (contador_pulsos >= 8)
 950              		.loc 1 328 13 is_stmt 1 view .LVU235
 328:Core/Src/freertos.c ****             if (contador_pulsos >= 8)
 951              		.loc 1 328 16 is_stmt 0 view .LVU236
 952 0022 072C     		cmp	r4, #7
 953 0024 37D9     		bls	.L51
 954              	.LBB39:
 330:Core/Src/freertos.c ****                 float promedio = (float)acumulador_ticks / 8.0f;
 955              		.loc 1 330 17 is_stmt 1 view .LVU237
 330:Core/Src/freertos.c ****                 float promedio = (float)acumulador_ticks / 8.0f;
 956              		.loc 1 330 34 is_stmt 0 view .LVU238
 957 0026 3846     		mov	r0, r7
 958 0028 FFF7FEFF 		bl	__aeabi_ui2f
 959              	.LVL93:
 330:Core/Src/freertos.c ****                 float promedio = (float)acumulador_ticks / 8.0f;
 960              		.loc 1 330 23 view .LVU239
 961 002c 4FF07851 		mov	r1, #1040187392
 962 0030 FFF7FEFF 		bl	__aeabi_fmul
 963              	.LVL94:
 964 0034 0146     		mov	r1, r0
 965              	.LVL95:
 332:Core/Src/freertos.c ****                 Telemetry_SetRPM(7500000.0f / promedio);
 966              		.loc 1 332 17 is_stmt 1 view .LVU240
 967 0036 3E48     		ldr	r0, .L61+8
 968              	.LVL96:
 332:Core/Src/freertos.c ****                 Telemetry_SetRPM(7500000.0f / promedio);
 969              		.loc 1 332 17 is_stmt 0 view .LVU241
 970 0038 FFF7FEFF 		bl	__aeabi_fdiv
 971              	.LVL97:
 332:Core/Src/freertos.c ****                 Telemetry_SetRPM(7500000.0f / promedio);
 972              		.loc 1 332 17 view .LVU242
 973 003c 0446     		mov	r4, r0
 974              	.LVL98:
 975              	.LBB40:
 976              	.LBI40:
 145:Core/Src/freertos.c **** static inline void Telemetry_SetRPM(float v)
 977              		.loc 1 145 20 is_stmt 1 view .LVU243
 978              	.LBB41:
 147:Core/Src/freertos.c ****     taskENTER_CRITICAL();
ARM GAS  /tmp/ccfmOoCP.s 			page 32


 979              		.loc 1 147 5 view .LVU244
 980 003e FFF7FEFF 		bl	vPortEnterCritical
 981              	.LVL99:
 148:Core/Src/freertos.c ****     s_rpm_global = v;
 982              		.loc 1 148 5 view .LVU245
 148:Core/Src/freertos.c ****     s_rpm_global = v;
 983              		.loc 1 148 18 is_stmt 0 view .LVU246
 984 0042 3C4B     		ldr	r3, .L61+12
 985 0044 1C60     		str	r4, [r3]	@ float
 149:Core/Src/freertos.c ****     taskEXIT_CRITICAL();
 986              		.loc 1 149 5 is_stmt 1 view .LVU247
 987 0046 FFF7FEFF 		bl	vPortExitCritical
 988              	.LVL100:
 149:Core/Src/freertos.c ****     taskEXIT_CRITICAL();
 989              		.loc 1 149 5 is_stmt 0 view .LVU248
 990              	.LBE41:
 991              	.LBE40:
 333:Core/Src/freertos.c ****                 acumulador_ticks = 0;
 992              		.loc 1 333 17 is_stmt 1 view .LVU249
 334:Core/Src/freertos.c ****                 contador_pulsos  = 0;
 993              		.loc 1 334 17 view .LVU250
 334:Core/Src/freertos.c ****                 contador_pulsos  = 0;
 994              		.loc 1 334 34 is_stmt 0 view .LVU251
 995 004a 0027     		movs	r7, #0
 333:Core/Src/freertos.c ****                 acumulador_ticks = 0;
 996              		.loc 1 333 34 view .LVU252
 997 004c 3C46     		mov	r4, r7
 998 004e 22E0     		b	.L51
 999              	.LVL101:
 1000              	.L59:
 333:Core/Src/freertos.c ****                 acumulador_ticks = 0;
 1001              		.loc 1 333 34 view .LVU253
 1002              	.LBE39:
 338:Core/Src/freertos.c ****             Telemetry_SetRPM(0.0f);
 1003              		.loc 1 338 13 is_stmt 1 view .LVU254
 1004              	.LBB42:
 1005              	.LBI42:
 145:Core/Src/freertos.c **** static inline void Telemetry_SetRPM(float v)
 1006              		.loc 1 145 20 view .LVU255
 1007              	.LBB43:
 147:Core/Src/freertos.c ****     taskENTER_CRITICAL();
 1008              		.loc 1 147 5 view .LVU256
 1009 0050 FFF7FEFF 		bl	vPortEnterCritical
 1010              	.LVL102:
 148:Core/Src/freertos.c ****     s_rpm_global = v;
 1011              		.loc 1 148 5 view .LVU257
 148:Core/Src/freertos.c ****     s_rpm_global = v;
 1012              		.loc 1 148 18 is_stmt 0 view .LVU258
 1013 0054 374B     		ldr	r3, .L61+12
 1014 0056 0022     		movs	r2, #0
 1015 0058 1A60     		str	r2, [r3]	@ float
 149:Core/Src/freertos.c ****     taskEXIT_CRITICAL();
 1016              		.loc 1 149 5 is_stmt 1 view .LVU259
 1017 005a FFF7FEFF 		bl	vPortExitCritical
 1018              	.LVL103:
 150:Core/Src/freertos.c **** }
 1019              		.loc 1 150 1 is_stmt 0 view .LVU260
ARM GAS  /tmp/ccfmOoCP.s 			page 33


 1020 005e 22E0     		b	.L52
 1021              	.LVL104:
 1022              	.L60:
 150:Core/Src/freertos.c **** }
 1023              		.loc 1 150 1 view .LVU261
 1024              	.LBE43:
 1025              	.LBE42:
 360:Core/Src/freertos.c ****                 acumulador_temp += HAL_ADC_GetValue(&hadc2);
 1026              		.loc 1 360 17 is_stmt 1 view .LVU262
 360:Core/Src/freertos.c ****                 acumulador_temp += HAL_ADC_GetValue(&hadc2);
 1027              		.loc 1 360 36 is_stmt 0 view .LVU263
 1028 0060 4846     		mov	r0, r9
 1029 0062 FFF7FEFF 		bl	HAL_ADC_GetValue
 1030              	.LVL105:
 360:Core/Src/freertos.c ****                 acumulador_temp += HAL_ADC_GetValue(&hadc2);
 1031              		.loc 1 360 33 view .LVU264
 1032 0066 0544     		add	r5, r5, r0
 1033              	.LVL106:
 361:Core/Src/freertos.c ****                 cuenta_muestras_temp++;
 1034              		.loc 1 361 17 is_stmt 1 view .LVU265
 361:Core/Src/freertos.c ****                 cuenta_muestras_temp++;
 1035              		.loc 1 361 37 is_stmt 0 view .LVU266
 1036 0068 0136     		adds	r6, r6, #1
 1037              	.LVL107:
 361:Core/Src/freertos.c ****                 cuenta_muestras_temp++;
 1038              		.loc 1 361 37 view .LVU267
 1039 006a 40E0     		b	.L55
 1040              	.LVL108:
 1041              	.L54:
 377:Core/Src/freertos.c ****         vTaskDelay(pdMS_TO_TICKS(20));
 1042              		.loc 1 377 9 is_stmt 1 view .LVU268
 1043 006c 1420     		movs	r0, #20
 1044 006e FFF7FEFF 		bl	vTaskDelay
 1045              	.LVL109:
 1046              	.LBE38:
 304:Core/Src/freertos.c ****     for (;;)
 1047              		.loc 1 304 11 view .LVU269
 1048              	.L56:
 304:Core/Src/freertos.c ****     for (;;)
 1049              		.loc 1 304 5 view .LVU270
 1050              	.LBB49:
 309:Core/Src/freertos.c ****         uint8_t hubo_pulso;
 1051              		.loc 1 309 9 view .LVU271
 310:Core/Src/freertos.c ****         static TickType_t ultimo_pulso = 0;
 1052              		.loc 1 310 9 view .LVU272
 311:Core/Src/freertos.c ****         uint32_t ticks_capturados;
 1053              		.loc 1 311 9 view .LVU273
 313:Core/Src/freertos.c ****         taskENTER_CRITICAL();
 1054              		.loc 1 313 9 view .LVU274
 1055 0072 FFF7FEFF 		bl	vPortEnterCritical
 1056              	.LVL110:
 314:Core/Src/freertos.c ****         hubo_pulso = new_read;
 1057              		.loc 1 314 9 view .LVU275
 314:Core/Src/freertos.c ****         hubo_pulso = new_read;
 1058              		.loc 1 314 20 is_stmt 0 view .LVU276
 1059 0076 304B     		ldr	r3, .L61+16
 1060 0078 1B78     		ldrb	r3, [r3]	@ zero_extendqisi2
ARM GAS  /tmp/ccfmOoCP.s 			page 34


 1061              	.LVL111:
 315:Core/Src/freertos.c ****         if (hubo_pulso)
 1062              		.loc 1 315 9 is_stmt 1 view .LVU277
 315:Core/Src/freertos.c ****         if (hubo_pulso)
 1063              		.loc 1 315 12 is_stmt 0 view .LVU278
 1064 007a 03F0FF09 		and	r9, r3, #255
 1065 007e 2BB1     		cbz	r3, .L50
 317:Core/Src/freertos.c ****             ticks_capturados = diff_ticks;
 1066              		.loc 1 317 13 is_stmt 1 view .LVU279
 317:Core/Src/freertos.c ****             ticks_capturados = diff_ticks;
 1067              		.loc 1 317 30 is_stmt 0 view .LVU280
 1068 0080 2E4B     		ldr	r3, .L61+20
 1069              	.LVL112:
 317:Core/Src/freertos.c ****             ticks_capturados = diff_ticks;
 1070              		.loc 1 317 30 view .LVU281
 1071 0082 D3F80080 		ldr	r8, [r3]
 1072              	.LVL113:
 318:Core/Src/freertos.c ****             new_read = 0;          /* limpieza dentro de la misma sección crítica */
 1073              		.loc 1 318 13 is_stmt 1 view .LVU282
 318:Core/Src/freertos.c ****             new_read = 0;          /* limpieza dentro de la misma sección crítica */
 1074              		.loc 1 318 22 is_stmt 0 view .LVU283
 1075 0086 2C4B     		ldr	r3, .L61+16
 1076 0088 0022     		movs	r2, #0
 1077 008a 1A70     		strb	r2, [r3]
 1078              	.L50:
 320:Core/Src/freertos.c ****         taskEXIT_CRITICAL();
 1079              		.loc 1 320 9 is_stmt 1 view .LVU284
 1080 008c FFF7FEFF 		bl	vPortExitCritical
 1081              	.LVL114:
 322:Core/Src/freertos.c ****         if (hubo_pulso)
 1082              		.loc 1 322 9 view .LVU285
 322:Core/Src/freertos.c ****         if (hubo_pulso)
 1083              		.loc 1 322 12 is_stmt 0 view .LVU286
 1084 0090 B9F1000F 		cmp	r9, #0
 1085 0094 BED1     		bne	.L58
 1086              	.LVL115:
 1087              	.L51:
 337:Core/Src/freertos.c ****         if ((xTaskGetTickCount() - ultimo_pulso) > pdMS_TO_TICKS(1000)) {
 1088              		.loc 1 337 9 is_stmt 1 view .LVU287
 337:Core/Src/freertos.c ****         if ((xTaskGetTickCount() - ultimo_pulso) > pdMS_TO_TICKS(1000)) {
 1089              		.loc 1 337 14 is_stmt 0 view .LVU288
 1090 0096 FFF7FEFF 		bl	xTaskGetTickCount
 1091              	.LVL116:
 337:Core/Src/freertos.c ****         if ((xTaskGetTickCount() - ultimo_pulso) > pdMS_TO_TICKS(1000)) {
 1092              		.loc 1 337 34 view .LVU289
 1093 009a 244B     		ldr	r3, .L61+4
 1094 009c 1B68     		ldr	r3, [r3]
 1095 009e C01A     		subs	r0, r0, r3
 337:Core/Src/freertos.c ****         if ((xTaskGetTickCount() - ultimo_pulso) > pdMS_TO_TICKS(1000)) {
 1096              		.loc 1 337 12 view .LVU290
 1097 00a0 B0F57A7F 		cmp	r0, #1000
 1098 00a4 D4D8     		bhi	.L59
 1099              	.L52:
 344:Core/Src/freertos.c ****         uint8_t buffer_disponible;
 1100              		.loc 1 344 9 is_stmt 1 view .LVU291
 346:Core/Src/freertos.c ****         taskENTER_CRITICAL();
 1101              		.loc 1 346 9 view .LVU292
ARM GAS  /tmp/ccfmOoCP.s 			page 35


 1102 00a6 FFF7FEFF 		bl	vPortEnterCritical
 1103              	.LVL117:
 347:Core/Src/freertos.c ****         buffer_disponible = buffer_listo;
 1104              		.loc 1 347 9 view .LVU293
 347:Core/Src/freertos.c ****         buffer_disponible = buffer_listo;
 1105              		.loc 1 347 27 is_stmt 0 view .LVU294
 1106 00aa 254B     		ldr	r3, .L61+24
 1107 00ac 1B78     		ldrb	r3, [r3]	@ zero_extendqisi2
 1108              	.LVL118:
 348:Core/Src/freertos.c ****         if (buffer_disponible)
 1109              		.loc 1 348 9 is_stmt 1 view .LVU295
 348:Core/Src/freertos.c ****         if (buffer_disponible)
 1110              		.loc 1 348 12 is_stmt 0 view .LVU296
 1111 00ae 03F0FF09 		and	r9, r3, #255
 1112 00b2 13B1     		cbz	r3, .L53
 349:Core/Src/freertos.c ****             buffer_listo = 0;   /* limpieza atómica */
 1113              		.loc 1 349 13 is_stmt 1 view .LVU297
 349:Core/Src/freertos.c ****             buffer_listo = 0;   /* limpieza atómica */
 1114              		.loc 1 349 26 is_stmt 0 view .LVU298
 1115 00b4 224B     		ldr	r3, .L61+24
 1116              	.LVL119:
 349:Core/Src/freertos.c ****             buffer_listo = 0;   /* limpieza atómica */
 1117              		.loc 1 349 26 view .LVU299
 1118 00b6 0022     		movs	r2, #0
 1119 00b8 1A70     		strb	r2, [r3]
 1120              	.L53:
 350:Core/Src/freertos.c ****         taskEXIT_CRITICAL();
 1121              		.loc 1 350 9 is_stmt 1 view .LVU300
 1122 00ba FFF7FEFF 		bl	vPortExitCritical
 1123              	.LVL120:
 352:Core/Src/freertos.c ****         if (buffer_disponible)
 1124              		.loc 1 352 9 view .LVU301
 352:Core/Src/freertos.c ****         if (buffer_disponible)
 1125              		.loc 1 352 12 is_stmt 0 view .LVU302
 1126 00be B9F1000F 		cmp	r9, #0
 1127 00c2 D3D0     		beq	.L54
 355:Core/Src/freertos.c ****             Telemetry_SetCurrent(Procesar_Corriente_RMS());
 1128              		.loc 1 355 13 is_stmt 1 view .LVU303
 1129 00c4 FFF7FEFF 		bl	Procesar_Corriente_RMS
 1130              	.LVL121:
 1131 00c8 8146     		mov	r9, r0
 1132              	.LVL122:
 1133              	.LBB44:
 1134              	.LBI44:
 138:Core/Src/freertos.c **** static inline void Telemetry_SetCurrent(float v)
 1135              		.loc 1 138 20 view .LVU304
 1136              	.LBB45:
 140:Core/Src/freertos.c ****     taskENTER_CRITICAL();
 1137              		.loc 1 140 5 view .LVU305
 1138 00ca FFF7FEFF 		bl	vPortEnterCritical
 1139              	.LVL123:
 141:Core/Src/freertos.c ****     s_corriente_actual = v;
 1140              		.loc 1 141 5 view .LVU306
 141:Core/Src/freertos.c ****     s_corriente_actual = v;
 1141              		.loc 1 141 24 is_stmt 0 view .LVU307
 1142 00ce 1D4B     		ldr	r3, .L61+28
 1143 00d0 C3F80090 		str	r9, [r3]	@ float
ARM GAS  /tmp/ccfmOoCP.s 			page 36


 142:Core/Src/freertos.c ****     taskEXIT_CRITICAL();
 1144              		.loc 1 142 5 is_stmt 1 view .LVU308
 1145 00d4 FFF7FEFF 		bl	vPortExitCritical
 1146              	.LVL124:
 142:Core/Src/freertos.c ****     taskEXIT_CRITICAL();
 1147              		.loc 1 142 5 is_stmt 0 view .LVU309
 1148              	.LBE45:
 1149              	.LBE44:
 357:Core/Src/freertos.c ****             HAL_ADC_Start(&hadc2);
 1150              		.loc 1 357 13 is_stmt 1 view .LVU310
 1151 00d8 DFF86C90 		ldr	r9, .L61+32
 1152 00dc 4846     		mov	r0, r9
 1153 00de FFF7FEFF 		bl	HAL_ADC_Start
 1154              	.LVL125:
 358:Core/Src/freertos.c ****             if (HAL_ADC_PollForConversion(&hadc2, 2) == HAL_OK)
 1155              		.loc 1 358 13 view .LVU311
 358:Core/Src/freertos.c ****             if (HAL_ADC_PollForConversion(&hadc2, 2) == HAL_OK)
 1156              		.loc 1 358 17 is_stmt 0 view .LVU312
 1157 00e2 0221     		movs	r1, #2
 1158 00e4 4846     		mov	r0, r9
 1159 00e6 FFF7FEFF 		bl	HAL_ADC_PollForConversion
 1160              	.LVL126:
 358:Core/Src/freertos.c ****             if (HAL_ADC_PollForConversion(&hadc2, 2) == HAL_OK)
 1161              		.loc 1 358 16 view .LVU313
 1162 00ea 0028     		cmp	r0, #0
 1163 00ec B8D0     		beq	.L60
 1164              	.L55:
 363:Core/Src/freertos.c ****             HAL_ADC_Stop(&hadc2);
 1165              		.loc 1 363 13 is_stmt 1 view .LVU314
 1166 00ee 1648     		ldr	r0, .L61+32
 1167 00f0 FFF7FEFF 		bl	HAL_ADC_Stop
 1168              	.LVL127:
 365:Core/Src/freertos.c ****             if (cuenta_muestras_temp >= 32)
 1169              		.loc 1 365 13 view .LVU315
 365:Core/Src/freertos.c ****             if (cuenta_muestras_temp >= 32)
 1170              		.loc 1 365 16 is_stmt 0 view .LVU316
 1171 00f4 1F2E     		cmp	r6, #31
 1172 00f6 B9D9     		bls	.L54
 1173              	.LBB46:
 367:Core/Src/freertos.c ****                 float promedio_adc = (float)acumulador_temp / 32.0f;
 1174              		.loc 1 367 17 is_stmt 1 view .LVU317
 367:Core/Src/freertos.c ****                 float promedio_adc = (float)acumulador_temp / 32.0f;
 1175              		.loc 1 367 38 is_stmt 0 view .LVU318
 1176 00f8 2846     		mov	r0, r5
 1177 00fa FFF7FEFF 		bl	__aeabi_ui2f
 1178              	.LVL128:
 367:Core/Src/freertos.c ****                 float promedio_adc = (float)acumulador_temp / 32.0f;
 1179              		.loc 1 367 23 view .LVU319
 1180 00fe 4FF07451 		mov	r1, #1023410176
 1181 0102 FFF7FEFF 		bl	__aeabi_fmul
 1182              	.LVL129:
 368:Core/Src/freertos.c ****                 float voltaje_mv   = promedio_adc * (3262.0f / 4096.0f);
 1183              		.loc 1 368 17 is_stmt 1 view .LVU320
 368:Core/Src/freertos.c ****                 float voltaje_mv   = promedio_adc * (3262.0f / 4096.0f);
 1184              		.loc 1 368 23 is_stmt 0 view .LVU321
 1185 0106 1149     		ldr	r1, .L61+36
 1186 0108 FFF7FEFF 		bl	__aeabi_fmul
ARM GAS  /tmp/ccfmOoCP.s 			page 37


 1187              	.LVL130:
 370:Core/Src/freertos.c ****                 Telemetry_SetTemp(voltaje_mv / 10.0f);
 1188              		.loc 1 370 17 is_stmt 1 view .LVU322
 1189 010c 1049     		ldr	r1, .L61+40
 1190 010e FFF7FEFF 		bl	__aeabi_fdiv
 1191              	.LVL131:
 370:Core/Src/freertos.c ****                 Telemetry_SetTemp(voltaje_mv / 10.0f);
 1192              		.loc 1 370 17 is_stmt 0 view .LVU323
 1193 0112 0546     		mov	r5, r0
 1194              	.LVL132:
 1195              	.LBB47:
 1196              	.LBI47:
 131:Core/Src/freertos.c **** static inline void Telemetry_SetTemp(float v)
 1197              		.loc 1 131 20 is_stmt 1 view .LVU324
 1198              	.LBB48:
 133:Core/Src/freertos.c ****     taskENTER_CRITICAL();
 1199              		.loc 1 133 5 view .LVU325
 1200 0114 FFF7FEFF 		bl	vPortEnterCritical
 1201              	.LVL133:
 134:Core/Src/freertos.c ****     s_temp_filtrada = v;
 1202              		.loc 1 134 5 view .LVU326
 134:Core/Src/freertos.c ****     s_temp_filtrada = v;
 1203              		.loc 1 134 21 is_stmt 0 view .LVU327
 1204 0118 0E4B     		ldr	r3, .L61+44
 1205 011a 1D60     		str	r5, [r3]	@ float
 135:Core/Src/freertos.c ****     taskEXIT_CRITICAL();
 1206              		.loc 1 135 5 is_stmt 1 view .LVU328
 1207 011c FFF7FEFF 		bl	vPortExitCritical
 1208              	.LVL134:
 135:Core/Src/freertos.c ****     taskEXIT_CRITICAL();
 1209              		.loc 1 135 5 is_stmt 0 view .LVU329
 1210              	.LBE48:
 1211              	.LBE47:
 372:Core/Src/freertos.c ****                 acumulador_temp      = 0;
 1212              		.loc 1 372 17 is_stmt 1 view .LVU330
 373:Core/Src/freertos.c ****                 cuenta_muestras_temp = 0;
 1213              		.loc 1 373 17 view .LVU331
 373:Core/Src/freertos.c ****                 cuenta_muestras_temp = 0;
 1214              		.loc 1 373 38 is_stmt 0 view .LVU332
 1215 0120 0025     		movs	r5, #0
 372:Core/Src/freertos.c ****                 acumulador_temp      = 0;
 1216              		.loc 1 372 38 view .LVU333
 1217 0122 2E46     		mov	r6, r5
 1218 0124 A2E7     		b	.L54
 1219              	.L62:
 1220 0126 00BF     		.align	2
 1221              	.L61:
 1222 0128 00000000 		.word	.LC20
 1223 012c 00000000 		.word	.LANCHOR14
 1224 0130 C0E1E44A 		.word	1256513984
 1225 0134 00000000 		.word	.LANCHOR4
 1226 0138 00000000 		.word	new_read
 1227 013c 00000000 		.word	diff_ticks
 1228 0140 00000000 		.word	buffer_listo
 1229 0144 00000000 		.word	.LANCHOR3
 1230 0148 00000000 		.word	hadc2
 1231 014c 00E04B3F 		.word	1061937152
ARM GAS  /tmp/ccfmOoCP.s 			page 38


 1232 0150 00002041 		.word	1092616192
 1233 0154 00000000 		.word	.LANCHOR2
 1234              	.LBE46:
 1235              	.LBE49:
 1236              		.cfi_endproc
 1237              	.LFE83:
 1239              		.global	canQueue
 1240              		.global	rawQueue
 1241              		.global	samplerHandle
 1242              		.global	txCANHandle
 1243              		.global	packageHandle
 1244              		.global	telemetryHandle
 1245              		.global	accelHandle
 1246              		.section	.rodata
 1247              		.align	2
 1248              		.set	.LANCHOR8,. + 0
 1249              	.LC15:
 1250 0000 00000000 		.word	.LC0
 1251 0004 00000000 		.word	StartSampler
 1252 0008 0200     		.short	2
 1253 000a 0000     		.space	2
 1254 000c 00000000 		.word	0
 1255 0010 80000000 		.word	128
 1256 0014 00000000 		.word	0
 1257 0018 00000000 		.word	0
 1258              	.LC16:
 1259 001c 08000000 		.word	.LC2
 1260 0020 00000000 		.word	StartAccelTask
 1261 0024 0000     		.short	0
 1262 0026 0000     		.space	2
 1263 0028 00000000 		.word	0
 1264 002c 00020000 		.word	512
 1265 0030 00000000 		.word	0
 1266 0034 00000000 		.word	0
 1267              	.LC17:
 1268 0038 14000000 		.word	.LC4
 1269 003c 00000000 		.word	StartTelemetryTask
 1270 0040 FFFF     		.short	-1
 1271 0042 0000     		.space	2
 1272 0044 00000000 		.word	0
 1273 0048 00010000 		.word	256
 1274 004c 00000000 		.word	0
 1275 0050 00000000 		.word	0
 1276              	.LC18:
 1277 0054 24000000 		.word	.LC6
 1278 0058 00000000 		.word	StartPackageTask
 1279 005c 0000     		.short	0
 1280 005e 0000     		.space	2
 1281 0060 00000000 		.word	0
 1282 0064 00010000 		.word	256
 1283 0068 00000000 		.word	0
 1284 006c 00000000 		.word	0
 1285              	.LC19:
 1286 0070 2C000000 		.word	.LC8
 1287 0074 00000000 		.word	StartTxCAN
 1288 0078 0000     		.short	0
 1289 007a 0000     		.space	2
ARM GAS  /tmp/ccfmOoCP.s 			page 39


 1290 007c 00000000 		.word	0
 1291 0080 00020000 		.word	512
 1292 0084 00000000 		.word	0
 1293 0088 00000000 		.word	0
 1294              		.section	.bss.accelHandle,"aw",%nobits
 1295              		.align	2
 1296              		.set	.LANCHOR10,. + 0
 1299              	accelHandle:
 1300 0000 00000000 		.space	4
 1301              		.section	.bss.canQueue,"aw",%nobits
 1302              		.align	2
 1303              		.set	.LANCHOR5,. + 0
 1306              	canQueue:
 1307 0000 00000000 		.space	4
 1308              		.section	.bss.packageHandle,"aw",%nobits
 1309              		.align	2
 1310              		.set	.LANCHOR12,. + 0
 1313              	packageHandle:
 1314 0000 00000000 		.space	4
 1315              		.section	.bss.raw.1,"aw",%nobits
 1316              		.align	2
 1317              		.set	.LANCHOR0,. + 0
 1320              	raw.1:
 1321 0000 00000000 		.space	248
 1321      00000000 
 1321      00000000 
 1321      00000000 
 1321      00000000 
 1322              		.section	.bss.rawQueue,"aw",%nobits
 1323              		.align	2
 1324              		.set	.LANCHOR1,. + 0
 1327              	rawQueue:
 1328 0000 00000000 		.space	4
 1329              		.section	.bss.s_corriente_actual,"aw",%nobits
 1330              		.align	2
 1331              		.set	.LANCHOR3,. + 0
 1334              	s_corriente_actual:
 1335 0000 00000000 		.space	4
 1336              		.section	.bss.s_rawQueue_drops,"aw",%nobits
 1337              		.align	2
 1340              	s_rawQueue_drops:
 1341 0000 00000000 		.space	4
 1342              		.section	.bss.s_rpm_global,"aw",%nobits
 1343              		.align	2
 1344              		.set	.LANCHOR4,. + 0
 1347              	s_rpm_global:
 1348 0000 00000000 		.space	4
 1349              		.section	.bss.s_temp_filtrada,"aw",%nobits
 1350              		.align	2
 1351              		.set	.LANCHOR2,. + 0
 1354              	s_temp_filtrada:
 1355 0000 00000000 		.space	4
 1356              		.section	.bss.samplerHandle,"aw",%nobits
 1357              		.align	2
 1358              		.set	.LANCHOR9,. + 0
 1361              	samplerHandle:
 1362 0000 00000000 		.space	4
ARM GAS  /tmp/ccfmOoCP.s 			page 40


 1363              		.section	.bss.telemetryHandle,"aw",%nobits
 1364              		.align	2
 1365              		.set	.LANCHOR11,. + 0
 1368              	telemetryHandle:
 1369 0000 00000000 		.space	4
 1370              		.section	.bss.txCANHandle,"aw",%nobits
 1371              		.align	2
 1372              		.set	.LANCHOR13,. + 0
 1375              	txCANHandle:
 1376 0000 00000000 		.space	4
 1377              		.section	.bss.ultimo_pulso.0,"aw",%nobits
 1378              		.align	2
 1379              		.set	.LANCHOR14,. + 0
 1382              	ultimo_pulso.0:
 1383 0000 00000000 		.space	4
 1384              		.section	.bss.xIdleStack,"aw",%nobits
 1385              		.align	2
 1386              		.set	.LANCHOR7,. + 0
 1389              	xIdleStack:
 1390 0000 00000000 		.space	512
 1390      00000000 
 1390      00000000 
 1390      00000000 
 1390      00000000 
 1391              		.section	.bss.xIdleTaskTCBBuffer,"aw",%nobits
 1392              		.align	2
 1393              		.set	.LANCHOR6,. + 0
 1396              	xIdleTaskTCBBuffer:
 1397 0000 00000000 		.space	84
 1397      00000000 
 1397      00000000 
 1397      00000000 
 1397      00000000 
 1398              		.text
 1399              	.Letext0:
 1400              		.file 3 "/home/santiago/gcc-arm-none-eabi-10.3-2021.10-x86_64-linux/gcc-arm-none-eabi-10.3-2021.10
 1401              		.file 4 "/home/santiago/gcc-arm-none-eabi-10.3-2021.10-x86_64-linux/gcc-arm-none-eabi-10.3-2021.10
 1402              		.file 5 "Middlewares/Third_Party/FreeRTOS/Source/include/FreeRTOS.h"
 1403              		.file 6 "Middlewares/Third_Party/FreeRTOS/Source/include/task.h"
 1404              		.file 7 "Drivers/CMSIS/Device/ST/STM32F1xx/Include/stm32f103xb.h"
 1405              		.file 8 "Drivers/CMSIS/Device/ST/STM32F1xx/Include/stm32f1xx.h"
 1406              		.file 9 "Drivers/STM32F1xx_HAL_Driver/Inc/stm32f1xx_hal_def.h"
 1407              		.file 10 "Drivers/STM32F1xx_HAL_Driver/Inc/stm32f1xx_hal_dma.h"
 1408              		.file 11 "Drivers/STM32F1xx_HAL_Driver/Inc/stm32f1xx_hal_adc.h"
 1409              		.file 12 "Drivers/STM32F1xx_HAL_Driver/Inc/stm32f1xx_hal_i2c.h"
 1410              		.file 13 "Middlewares/Third_Party/FreeRTOS/Source/include/queue.h"
 1411              		.file 14 "Middlewares/Third_Party/FreeRTOS/Source/CMSIS_RTOS/cmsis_os.h"
 1412              		.file 15 "Core/Inc/i2c.h"
 1413              		.file 16 "Core/Inc/adc.h"
 1414              		.file 17 "Core/Inc/features.h"
 1415              		.file 18 "/home/santiago/gcc-arm-none-eabi-10.3-2021.10-x86_64-linux/gcc-arm-none-eabi-10.3-2021.1
 1416              		.file 19 "Core/Inc/can_app.h"
 1417              		.file 20 "/home/santiago/gcc-arm-none-eabi-10.3-2021.10-x86_64-linux/gcc-arm-none-eabi-10.3-2021.1
 1418              		.file 21 "Core/Inc/adxl345.h"
 1419              		.file 22 "<built-in>"
ARM GAS  /tmp/ccfmOoCP.s 			page 41


DEFINED SYMBOLS
                            *ABS*:0000000000000000 freertos.c
     /tmp/ccfmOoCP.s:15     .rodata.str1.4:0000000000000000 $d
     /tmp/ccfmOoCP.s:34     .text.StartSampler:0000000000000000 $t
     /tmp/ccfmOoCP.s:40     .text.StartSampler:0000000000000000 StartSampler
     /tmp/ccfmOoCP.s:80     .text.StartSampler:000000000000001c $d
     /tmp/ccfmOoCP.s:85     .rodata.StartAccelTask.str1.4:0000000000000000 $d
     /tmp/ccfmOoCP.s:96     .text.StartAccelTask:0000000000000000 $t
     /tmp/ccfmOoCP.s:102    .text.StartAccelTask:0000000000000000 StartAccelTask
     /tmp/ccfmOoCP.s:274    .text.StartAccelTask:00000000000000b0 $d
     /tmp/ccfmOoCP.s:285    .rodata.StartPackageTask.str1.4:0000000000000000 $d
     /tmp/ccfmOoCP.s:289    .text.StartPackageTask:0000000000000000 $t
     /tmp/ccfmOoCP.s:295    .text.StartPackageTask:0000000000000000 StartPackageTask
     /tmp/ccfmOoCP.s:415    .text.StartPackageTask:000000000000005c $d
     /tmp/ccfmOoCP.s:425    .rodata.StartTxCAN.str1.4:0000000000000000 $d
     /tmp/ccfmOoCP.s:429    .text.StartTxCAN:0000000000000000 $t
     /tmp/ccfmOoCP.s:435    .text.StartTxCAN:0000000000000000 StartTxCAN
     /tmp/ccfmOoCP.s:526    .text.StartTxCAN:000000000000007c $d
     /tmp/ccfmOoCP.s:532    .text.vApplicationGetIdleTaskMemory:0000000000000000 $t
     /tmp/ccfmOoCP.s:538    .text.vApplicationGetIdleTaskMemory:0000000000000000 vApplicationGetIdleTaskMemory
     /tmp/ccfmOoCP.s:563    .text.vApplicationGetIdleTaskMemory:0000000000000010 $d
     /tmp/ccfmOoCP.s:569    .text.MX_FREERTOS_Init:0000000000000000 $t
     /tmp/ccfmOoCP.s:575    .text.MX_FREERTOS_Init:0000000000000000 MX_FREERTOS_Init
     /tmp/ccfmOoCP.s:766    .text.MX_FREERTOS_Init:0000000000000108 $d
     /tmp/ccfmOoCP.s:782    .text.Procesar_Corriente_RMS:0000000000000000 $t
     /tmp/ccfmOoCP.s:788    .text.Procesar_Corriente_RMS:0000000000000000 Procesar_Corriente_RMS
     /tmp/ccfmOoCP.s:872    .text.Procesar_Corriente_RMS:0000000000000040 $d
     /tmp/ccfmOoCP.s:879    .rodata.StartTelemetryTask.str1.4:0000000000000000 $d
     /tmp/ccfmOoCP.s:885    .text.StartTelemetryTask:0000000000000000 $t
     /tmp/ccfmOoCP.s:891    .text.StartTelemetryTask:0000000000000000 StartTelemetryTask
     /tmp/ccfmOoCP.s:1222   .text.StartTelemetryTask:0000000000000128 $d
     /tmp/ccfmOoCP.s:1306   .bss.canQueue:0000000000000000 canQueue
     /tmp/ccfmOoCP.s:1327   .bss.rawQueue:0000000000000000 rawQueue
     /tmp/ccfmOoCP.s:1361   .bss.samplerHandle:0000000000000000 samplerHandle
     /tmp/ccfmOoCP.s:1375   .bss.txCANHandle:0000000000000000 txCANHandle
     /tmp/ccfmOoCP.s:1313   .bss.packageHandle:0000000000000000 packageHandle
     /tmp/ccfmOoCP.s:1368   .bss.telemetryHandle:0000000000000000 telemetryHandle
     /tmp/ccfmOoCP.s:1299   .bss.accelHandle:0000000000000000 accelHandle
     /tmp/ccfmOoCP.s:1247   .rodata:0000000000000000 $d
     /tmp/ccfmOoCP.s:1295   .bss.accelHandle:0000000000000000 $d
     /tmp/ccfmOoCP.s:1302   .bss.canQueue:0000000000000000 $d
     /tmp/ccfmOoCP.s:1309   .bss.packageHandle:0000000000000000 $d
     /tmp/ccfmOoCP.s:1316   .bss.raw.1:0000000000000000 $d
     /tmp/ccfmOoCP.s:1320   .bss.raw.1:0000000000000000 raw.1
     /tmp/ccfmOoCP.s:1323   .bss.rawQueue:0000000000000000 $d
     /tmp/ccfmOoCP.s:1330   .bss.s_corriente_actual:0000000000000000 $d
     /tmp/ccfmOoCP.s:1334   .bss.s_corriente_actual:0000000000000000 s_corriente_actual
     /tmp/ccfmOoCP.s:1337   .bss.s_rawQueue_drops:0000000000000000 $d
     /tmp/ccfmOoCP.s:1340   .bss.s_rawQueue_drops:0000000000000000 s_rawQueue_drops
     /tmp/ccfmOoCP.s:1343   .bss.s_rpm_global:0000000000000000 $d
     /tmp/ccfmOoCP.s:1347   .bss.s_rpm_global:0000000000000000 s_rpm_global
     /tmp/ccfmOoCP.s:1350   .bss.s_temp_filtrada:0000000000000000 $d
     /tmp/ccfmOoCP.s:1354   .bss.s_temp_filtrada:0000000000000000 s_temp_filtrada
     /tmp/ccfmOoCP.s:1357   .bss.samplerHandle:0000000000000000 $d
     /tmp/ccfmOoCP.s:1364   .bss.telemetryHandle:0000000000000000 $d
     /tmp/ccfmOoCP.s:1371   .bss.txCANHandle:0000000000000000 $d
     /tmp/ccfmOoCP.s:1378   .bss.ultimo_pulso.0:0000000000000000 $d
ARM GAS  /tmp/ccfmOoCP.s 			page 42


     /tmp/ccfmOoCP.s:1382   .bss.ultimo_pulso.0:0000000000000000 ultimo_pulso.0
     /tmp/ccfmOoCP.s:1385   .bss.xIdleStack:0000000000000000 $d
     /tmp/ccfmOoCP.s:1389   .bss.xIdleStack:0000000000000000 xIdleStack
     /tmp/ccfmOoCP.s:1392   .bss.xIdleTaskTCBBuffer:0000000000000000 $d
     /tmp/ccfmOoCP.s:1396   .bss.xIdleTaskTCBBuffer:0000000000000000 xIdleTaskTCBBuffer

UNDEFINED SYMBOLS
xTaskGetTickCount
vTaskDelayUntil
HAL_ADC_Start_IT
hadc1
printf
I2C_Reset_Bus_Routine
ADXL345_ReadXYZ
xQueueGenericSend
ADXL345_Init
osDelay
puts
hi2c1
xQueueReceive
Features_ComputeRMSPeak
vPortEnterCritical
vPortExitCritical
CAN_SendFloat
vTaskDelay
xQueueGenericCreate
osThreadCreate
__aeabi_i2f
__aeabi_fadd
__aeabi_fdiv
__aeabi_fmul
sqrtf
adc_buffer_corriente
__aeabi_ui2f
HAL_ADC_GetValue
HAL_ADC_Start
HAL_ADC_PollForConversion
HAL_ADC_Stop
new_read
diff_ticks
buffer_listo
hadc2
