ARM GAS  /tmp/ccAaDn2P.s 			page 1


   1              		.cpu cortex-m3
   2              		.arch armv7-m
   3              		.fpu softvfp
   4              		.eabi_attribute 20, 1
   5              		.eabi_attribute 21, 1
   6              		.eabi_attribute 23, 3
   7              		.eabi_attribute 24, 1
   8              		.eabi_attribute 25, 1
   9              		.eabi_attribute 26, 1
  10              		.eabi_attribute 30, 1
  11              		.eabi_attribute 34, 1
  12              		.eabi_attribute 18, 4
  13              		.file	"queue.c"
  14              		.text
  15              	.Ltext0:
  16              		.cfi_sections	.debug_frame
  17              		.section	.text.prvGetDisinheritPriorityAfterTimeout,"ax",%progbits
  18              		.align	1
  19              		.syntax unified
  20              		.thumb
  21              		.thumb_func
  23              	prvGetDisinheritPriorityAfterTimeout:
  24              	.LVL0:
  25              	.LFB24:
  26              		.file 1 "Middlewares/Third_Party/FreeRTOS/Source/queue.c"
   1:Middlewares/Third_Party/FreeRTOS/Source/queue.c **** /*
   2:Middlewares/Third_Party/FreeRTOS/Source/queue.c ****  * FreeRTOS Kernel V10.3.1
   3:Middlewares/Third_Party/FreeRTOS/Source/queue.c ****  * Copyright (C) 2020 Amazon.com, Inc. or its affiliates.  All Rights Reserved.
   4:Middlewares/Third_Party/FreeRTOS/Source/queue.c ****  *
   5:Middlewares/Third_Party/FreeRTOS/Source/queue.c ****  * Permission is hereby granted, free of charge, to any person obtaining a copy of
   6:Middlewares/Third_Party/FreeRTOS/Source/queue.c ****  * this software and associated documentation files (the "Software"), to deal in
   7:Middlewares/Third_Party/FreeRTOS/Source/queue.c ****  * the Software without restriction, including without limitation the rights to
   8:Middlewares/Third_Party/FreeRTOS/Source/queue.c ****  * use, copy, modify, merge, publish, distribute, sublicense, and/or sell copies of
   9:Middlewares/Third_Party/FreeRTOS/Source/queue.c ****  * the Software, and to permit persons to whom the Software is furnished to do so,
  10:Middlewares/Third_Party/FreeRTOS/Source/queue.c ****  * subject to the following conditions:
  11:Middlewares/Third_Party/FreeRTOS/Source/queue.c ****  *
  12:Middlewares/Third_Party/FreeRTOS/Source/queue.c ****  * The above copyright notice and this permission notice shall be included in all
  13:Middlewares/Third_Party/FreeRTOS/Source/queue.c ****  * copies or substantial portions of the Software.
  14:Middlewares/Third_Party/FreeRTOS/Source/queue.c ****  *
  15:Middlewares/Third_Party/FreeRTOS/Source/queue.c ****  * THE SOFTWARE IS PROVIDED "AS IS", WITHOUT WARRANTY OF ANY KIND, EXPRESS OR
  16:Middlewares/Third_Party/FreeRTOS/Source/queue.c ****  * IMPLIED, INCLUDING BUT NOT LIMITED TO THE WARRANTIES OF MERCHANTABILITY, FITNESS
  17:Middlewares/Third_Party/FreeRTOS/Source/queue.c ****  * FOR A PARTICULAR PURPOSE AND NONINFRINGEMENT. IN NO EVENT SHALL THE AUTHORS OR
  18:Middlewares/Third_Party/FreeRTOS/Source/queue.c ****  * COPYRIGHT HOLDERS BE LIABLE FOR ANY CLAIM, DAMAGES OR OTHER LIABILITY, WHETHER
  19:Middlewares/Third_Party/FreeRTOS/Source/queue.c ****  * IN AN ACTION OF CONTRACT, TORT OR OTHERWISE, ARISING FROM, OUT OF OR IN
  20:Middlewares/Third_Party/FreeRTOS/Source/queue.c ****  * CONNECTION WITH THE SOFTWARE OR THE USE OR OTHER DEALINGS IN THE SOFTWARE.
  21:Middlewares/Third_Party/FreeRTOS/Source/queue.c ****  *
  22:Middlewares/Third_Party/FreeRTOS/Source/queue.c ****  * http://www.FreeRTOS.org
  23:Middlewares/Third_Party/FreeRTOS/Source/queue.c ****  * http://aws.amazon.com/freertos
  24:Middlewares/Third_Party/FreeRTOS/Source/queue.c ****  *
  25:Middlewares/Third_Party/FreeRTOS/Source/queue.c ****  * 1 tab == 4 spaces!
  26:Middlewares/Third_Party/FreeRTOS/Source/queue.c ****  */
  27:Middlewares/Third_Party/FreeRTOS/Source/queue.c **** 
  28:Middlewares/Third_Party/FreeRTOS/Source/queue.c **** #include <stdlib.h>
  29:Middlewares/Third_Party/FreeRTOS/Source/queue.c **** #include <string.h>
  30:Middlewares/Third_Party/FreeRTOS/Source/queue.c **** 
  31:Middlewares/Third_Party/FreeRTOS/Source/queue.c **** /* Defining MPU_WRAPPERS_INCLUDED_FROM_API_FILE prevents task.h from redefining
  32:Middlewares/Third_Party/FreeRTOS/Source/queue.c **** all the API functions to use the MPU wrappers.  That should only be done when
ARM GAS  /tmp/ccAaDn2P.s 			page 2


  33:Middlewares/Third_Party/FreeRTOS/Source/queue.c **** task.h is included from an application file. */
  34:Middlewares/Third_Party/FreeRTOS/Source/queue.c **** #define MPU_WRAPPERS_INCLUDED_FROM_API_FILE
  35:Middlewares/Third_Party/FreeRTOS/Source/queue.c **** 
  36:Middlewares/Third_Party/FreeRTOS/Source/queue.c **** #include "FreeRTOS.h"
  37:Middlewares/Third_Party/FreeRTOS/Source/queue.c **** #include "task.h"
  38:Middlewares/Third_Party/FreeRTOS/Source/queue.c **** #include "queue.h"
  39:Middlewares/Third_Party/FreeRTOS/Source/queue.c **** 
  40:Middlewares/Third_Party/FreeRTOS/Source/queue.c **** #if ( configUSE_CO_ROUTINES == 1 )
  41:Middlewares/Third_Party/FreeRTOS/Source/queue.c **** 	#include "croutine.h"
  42:Middlewares/Third_Party/FreeRTOS/Source/queue.c **** #endif
  43:Middlewares/Third_Party/FreeRTOS/Source/queue.c **** 
  44:Middlewares/Third_Party/FreeRTOS/Source/queue.c **** /* Lint e9021, e961 and e750 are suppressed as a MISRA exception justified
  45:Middlewares/Third_Party/FreeRTOS/Source/queue.c **** because the MPU ports require MPU_WRAPPERS_INCLUDED_FROM_API_FILE to be defined
  46:Middlewares/Third_Party/FreeRTOS/Source/queue.c **** for the header files above, but not in this file, in order to generate the
  47:Middlewares/Third_Party/FreeRTOS/Source/queue.c **** correct privileged Vs unprivileged linkage and placement. */
  48:Middlewares/Third_Party/FreeRTOS/Source/queue.c **** #undef MPU_WRAPPERS_INCLUDED_FROM_API_FILE /*lint !e961 !e750 !e9021. */
  49:Middlewares/Third_Party/FreeRTOS/Source/queue.c **** 
  50:Middlewares/Third_Party/FreeRTOS/Source/queue.c **** 
  51:Middlewares/Third_Party/FreeRTOS/Source/queue.c **** /* Constants used with the cRxLock and cTxLock structure members. */
  52:Middlewares/Third_Party/FreeRTOS/Source/queue.c **** #define queueUNLOCKED					( ( int8_t ) -1 )
  53:Middlewares/Third_Party/FreeRTOS/Source/queue.c **** #define queueLOCKED_UNMODIFIED			( ( int8_t ) 0 )
  54:Middlewares/Third_Party/FreeRTOS/Source/queue.c **** 
  55:Middlewares/Third_Party/FreeRTOS/Source/queue.c **** /* When the Queue_t structure is used to represent a base queue its pcHead and
  56:Middlewares/Third_Party/FreeRTOS/Source/queue.c **** pcTail members are used as pointers into the queue storage area.  When the
  57:Middlewares/Third_Party/FreeRTOS/Source/queue.c **** Queue_t structure is used to represent a mutex pcHead and pcTail pointers are
  58:Middlewares/Third_Party/FreeRTOS/Source/queue.c **** not necessary, and the pcHead pointer is set to NULL to indicate that the
  59:Middlewares/Third_Party/FreeRTOS/Source/queue.c **** structure instead holds a pointer to the mutex holder (if any).  Map alternative
  60:Middlewares/Third_Party/FreeRTOS/Source/queue.c **** names to the pcHead and structure member to ensure the readability of the code
  61:Middlewares/Third_Party/FreeRTOS/Source/queue.c **** is maintained.  The QueuePointers_t and SemaphoreData_t types are used to form
  62:Middlewares/Third_Party/FreeRTOS/Source/queue.c **** a union as their usage is mutually exclusive dependent on what the queue is
  63:Middlewares/Third_Party/FreeRTOS/Source/queue.c **** being used for. */
  64:Middlewares/Third_Party/FreeRTOS/Source/queue.c **** #define uxQueueType						pcHead
  65:Middlewares/Third_Party/FreeRTOS/Source/queue.c **** #define queueQUEUE_IS_MUTEX				NULL
  66:Middlewares/Third_Party/FreeRTOS/Source/queue.c **** 
  67:Middlewares/Third_Party/FreeRTOS/Source/queue.c **** typedef struct QueuePointers
  68:Middlewares/Third_Party/FreeRTOS/Source/queue.c **** {
  69:Middlewares/Third_Party/FreeRTOS/Source/queue.c **** 	int8_t *pcTail;					/*< Points to the byte at the end of the queue storage area.  Once more byte i
  70:Middlewares/Third_Party/FreeRTOS/Source/queue.c **** 	int8_t *pcReadFrom;				/*< Points to the last place that a queued item was read from when the stru
  71:Middlewares/Third_Party/FreeRTOS/Source/queue.c **** } QueuePointers_t;
  72:Middlewares/Third_Party/FreeRTOS/Source/queue.c **** 
  73:Middlewares/Third_Party/FreeRTOS/Source/queue.c **** typedef struct SemaphoreData
  74:Middlewares/Third_Party/FreeRTOS/Source/queue.c **** {
  75:Middlewares/Third_Party/FreeRTOS/Source/queue.c **** 	TaskHandle_t xMutexHolder;		 /*< The handle of the task that holds the mutex. */
  76:Middlewares/Third_Party/FreeRTOS/Source/queue.c **** 	UBaseType_t uxRecursiveCallCount;/*< Maintains a count of the number of times a recursive mutex ha
  77:Middlewares/Third_Party/FreeRTOS/Source/queue.c **** } SemaphoreData_t;
  78:Middlewares/Third_Party/FreeRTOS/Source/queue.c **** 
  79:Middlewares/Third_Party/FreeRTOS/Source/queue.c **** /* Semaphores do not actually store or copy data, so have an item size of
  80:Middlewares/Third_Party/FreeRTOS/Source/queue.c **** zero. */
  81:Middlewares/Third_Party/FreeRTOS/Source/queue.c **** #define queueSEMAPHORE_QUEUE_ITEM_LENGTH ( ( UBaseType_t ) 0 )
  82:Middlewares/Third_Party/FreeRTOS/Source/queue.c **** #define queueMUTEX_GIVE_BLOCK_TIME		 ( ( TickType_t ) 0U )
  83:Middlewares/Third_Party/FreeRTOS/Source/queue.c **** 
  84:Middlewares/Third_Party/FreeRTOS/Source/queue.c **** #if( configUSE_PREEMPTION == 0 )
  85:Middlewares/Third_Party/FreeRTOS/Source/queue.c **** 	/* If the cooperative scheduler is being used then a yield should not be
  86:Middlewares/Third_Party/FreeRTOS/Source/queue.c **** 	performed just because a higher priority task has been woken. */
  87:Middlewares/Third_Party/FreeRTOS/Source/queue.c **** 	#define queueYIELD_IF_USING_PREEMPTION()
  88:Middlewares/Third_Party/FreeRTOS/Source/queue.c **** #else
  89:Middlewares/Third_Party/FreeRTOS/Source/queue.c **** 	#define queueYIELD_IF_USING_PREEMPTION() portYIELD_WITHIN_API()
ARM GAS  /tmp/ccAaDn2P.s 			page 3


  90:Middlewares/Third_Party/FreeRTOS/Source/queue.c **** #endif
  91:Middlewares/Third_Party/FreeRTOS/Source/queue.c **** 
  92:Middlewares/Third_Party/FreeRTOS/Source/queue.c **** /*
  93:Middlewares/Third_Party/FreeRTOS/Source/queue.c ****  * Definition of the queue used by the scheduler.
  94:Middlewares/Third_Party/FreeRTOS/Source/queue.c ****  * Items are queued by copy, not reference.  See the following link for the
  95:Middlewares/Third_Party/FreeRTOS/Source/queue.c ****  * rationale: https://www.freertos.org/Embedded-RTOS-Queues.html
  96:Middlewares/Third_Party/FreeRTOS/Source/queue.c ****  */
  97:Middlewares/Third_Party/FreeRTOS/Source/queue.c **** typedef struct QueueDefinition 		/* The old naming convention is used to prevent breaking kernel aw
  98:Middlewares/Third_Party/FreeRTOS/Source/queue.c **** {
  99:Middlewares/Third_Party/FreeRTOS/Source/queue.c **** 	int8_t *pcHead;					/*< Points to the beginning of the queue storage area. */
 100:Middlewares/Third_Party/FreeRTOS/Source/queue.c **** 	int8_t *pcWriteTo;				/*< Points to the free next place in the storage area. */
 101:Middlewares/Third_Party/FreeRTOS/Source/queue.c **** 
 102:Middlewares/Third_Party/FreeRTOS/Source/queue.c **** 	union
 103:Middlewares/Third_Party/FreeRTOS/Source/queue.c **** 	{
 104:Middlewares/Third_Party/FreeRTOS/Source/queue.c **** 		QueuePointers_t xQueue;		/*< Data required exclusively when this structure is used as a queue. */
 105:Middlewares/Third_Party/FreeRTOS/Source/queue.c **** 		SemaphoreData_t xSemaphore; /*< Data required exclusively when this structure is used as a semaph
 106:Middlewares/Third_Party/FreeRTOS/Source/queue.c **** 	} u;
 107:Middlewares/Third_Party/FreeRTOS/Source/queue.c **** 
 108:Middlewares/Third_Party/FreeRTOS/Source/queue.c **** 	List_t xTasksWaitingToSend;		/*< List of tasks that are blocked waiting to post onto this queue.  
 109:Middlewares/Third_Party/FreeRTOS/Source/queue.c **** 	List_t xTasksWaitingToReceive;	/*< List of tasks that are blocked waiting to read from this queue.
 110:Middlewares/Third_Party/FreeRTOS/Source/queue.c **** 
 111:Middlewares/Third_Party/FreeRTOS/Source/queue.c **** 	volatile UBaseType_t uxMessagesWaiting;/*< The number of items currently in the queue. */
 112:Middlewares/Third_Party/FreeRTOS/Source/queue.c **** 	UBaseType_t uxLength;			/*< The length of the queue defined as the number of items it will hold, n
 113:Middlewares/Third_Party/FreeRTOS/Source/queue.c **** 	UBaseType_t uxItemSize;			/*< The size of each items that the queue will hold. */
 114:Middlewares/Third_Party/FreeRTOS/Source/queue.c **** 
 115:Middlewares/Third_Party/FreeRTOS/Source/queue.c **** 	volatile int8_t cRxLock;		/*< Stores the number of items received from the queue (removed from the
 116:Middlewares/Third_Party/FreeRTOS/Source/queue.c **** 	volatile int8_t cTxLock;		/*< Stores the number of items transmitted to the queue (added to the qu
 117:Middlewares/Third_Party/FreeRTOS/Source/queue.c **** 
 118:Middlewares/Third_Party/FreeRTOS/Source/queue.c **** 	#if( ( configSUPPORT_STATIC_ALLOCATION == 1 ) && ( configSUPPORT_DYNAMIC_ALLOCATION == 1 ) )
 119:Middlewares/Third_Party/FreeRTOS/Source/queue.c **** 		uint8_t ucStaticallyAllocated;	/*< Set to pdTRUE if the memory used by the queue was statically a
 120:Middlewares/Third_Party/FreeRTOS/Source/queue.c **** 	#endif
 121:Middlewares/Third_Party/FreeRTOS/Source/queue.c **** 
 122:Middlewares/Third_Party/FreeRTOS/Source/queue.c **** 	#if ( configUSE_QUEUE_SETS == 1 )
 123:Middlewares/Third_Party/FreeRTOS/Source/queue.c **** 		struct QueueDefinition *pxQueueSetContainer;
 124:Middlewares/Third_Party/FreeRTOS/Source/queue.c **** 	#endif
 125:Middlewares/Third_Party/FreeRTOS/Source/queue.c **** 
 126:Middlewares/Third_Party/FreeRTOS/Source/queue.c **** 	#if ( configUSE_TRACE_FACILITY == 1 )
 127:Middlewares/Third_Party/FreeRTOS/Source/queue.c **** 		UBaseType_t uxQueueNumber;
 128:Middlewares/Third_Party/FreeRTOS/Source/queue.c **** 		uint8_t ucQueueType;
 129:Middlewares/Third_Party/FreeRTOS/Source/queue.c **** 	#endif
 130:Middlewares/Third_Party/FreeRTOS/Source/queue.c **** 
 131:Middlewares/Third_Party/FreeRTOS/Source/queue.c **** } xQUEUE;
 132:Middlewares/Third_Party/FreeRTOS/Source/queue.c **** 
 133:Middlewares/Third_Party/FreeRTOS/Source/queue.c **** /* The old xQUEUE name is maintained above then typedefed to the new Queue_t
 134:Middlewares/Third_Party/FreeRTOS/Source/queue.c **** name below to enable the use of older kernel aware debuggers. */
 135:Middlewares/Third_Party/FreeRTOS/Source/queue.c **** typedef xQUEUE Queue_t;
 136:Middlewares/Third_Party/FreeRTOS/Source/queue.c **** 
 137:Middlewares/Third_Party/FreeRTOS/Source/queue.c **** /*-----------------------------------------------------------*/
 138:Middlewares/Third_Party/FreeRTOS/Source/queue.c **** 
 139:Middlewares/Third_Party/FreeRTOS/Source/queue.c **** /*
 140:Middlewares/Third_Party/FreeRTOS/Source/queue.c ****  * The queue registry is just a means for kernel aware debuggers to locate
 141:Middlewares/Third_Party/FreeRTOS/Source/queue.c ****  * queue structures.  It has no other purpose so is an optional component.
 142:Middlewares/Third_Party/FreeRTOS/Source/queue.c ****  */
 143:Middlewares/Third_Party/FreeRTOS/Source/queue.c **** #if ( configQUEUE_REGISTRY_SIZE > 0 )
 144:Middlewares/Third_Party/FreeRTOS/Source/queue.c **** 
 145:Middlewares/Third_Party/FreeRTOS/Source/queue.c **** 	/* The type stored within the queue registry array.  This allows a name
 146:Middlewares/Third_Party/FreeRTOS/Source/queue.c **** 	to be assigned to each queue making kernel aware debugging a little
ARM GAS  /tmp/ccAaDn2P.s 			page 4


 147:Middlewares/Third_Party/FreeRTOS/Source/queue.c **** 	more user friendly. */
 148:Middlewares/Third_Party/FreeRTOS/Source/queue.c **** 	typedef struct QUEUE_REGISTRY_ITEM
 149:Middlewares/Third_Party/FreeRTOS/Source/queue.c **** 	{
 150:Middlewares/Third_Party/FreeRTOS/Source/queue.c **** 		const char *pcQueueName; /*lint !e971 Unqualified char types are allowed for strings and single c
 151:Middlewares/Third_Party/FreeRTOS/Source/queue.c **** 		QueueHandle_t xHandle;
 152:Middlewares/Third_Party/FreeRTOS/Source/queue.c **** 	} xQueueRegistryItem;
 153:Middlewares/Third_Party/FreeRTOS/Source/queue.c **** 
 154:Middlewares/Third_Party/FreeRTOS/Source/queue.c **** 	/* The old xQueueRegistryItem name is maintained above then typedefed to the
 155:Middlewares/Third_Party/FreeRTOS/Source/queue.c **** 	new xQueueRegistryItem name below to enable the use of older kernel aware
 156:Middlewares/Third_Party/FreeRTOS/Source/queue.c **** 	debuggers. */
 157:Middlewares/Third_Party/FreeRTOS/Source/queue.c **** 	typedef xQueueRegistryItem QueueRegistryItem_t;
 158:Middlewares/Third_Party/FreeRTOS/Source/queue.c **** 
 159:Middlewares/Third_Party/FreeRTOS/Source/queue.c **** 	/* The queue registry is simply an array of QueueRegistryItem_t structures.
 160:Middlewares/Third_Party/FreeRTOS/Source/queue.c **** 	The pcQueueName member of a structure being NULL is indicative of the
 161:Middlewares/Third_Party/FreeRTOS/Source/queue.c **** 	array position being vacant. */
 162:Middlewares/Third_Party/FreeRTOS/Source/queue.c **** 	PRIVILEGED_DATA QueueRegistryItem_t xQueueRegistry[ configQUEUE_REGISTRY_SIZE ];
 163:Middlewares/Third_Party/FreeRTOS/Source/queue.c **** 
 164:Middlewares/Third_Party/FreeRTOS/Source/queue.c **** #endif /* configQUEUE_REGISTRY_SIZE */
 165:Middlewares/Third_Party/FreeRTOS/Source/queue.c **** 
 166:Middlewares/Third_Party/FreeRTOS/Source/queue.c **** /*
 167:Middlewares/Third_Party/FreeRTOS/Source/queue.c ****  * Unlocks a queue locked by a call to prvLockQueue.  Locking a queue does not
 168:Middlewares/Third_Party/FreeRTOS/Source/queue.c ****  * prevent an ISR from adding or removing items to the queue, but does prevent
 169:Middlewares/Third_Party/FreeRTOS/Source/queue.c ****  * an ISR from removing tasks from the queue event lists.  If an ISR finds a
 170:Middlewares/Third_Party/FreeRTOS/Source/queue.c ****  * queue is locked it will instead increment the appropriate queue lock count
 171:Middlewares/Third_Party/FreeRTOS/Source/queue.c ****  * to indicate that a task may require unblocking.  When the queue in unlocked
 172:Middlewares/Third_Party/FreeRTOS/Source/queue.c ****  * these lock counts are inspected, and the appropriate action taken.
 173:Middlewares/Third_Party/FreeRTOS/Source/queue.c ****  */
 174:Middlewares/Third_Party/FreeRTOS/Source/queue.c **** static void prvUnlockQueue( Queue_t * const pxQueue ) PRIVILEGED_FUNCTION;
 175:Middlewares/Third_Party/FreeRTOS/Source/queue.c **** 
 176:Middlewares/Third_Party/FreeRTOS/Source/queue.c **** /*
 177:Middlewares/Third_Party/FreeRTOS/Source/queue.c ****  * Uses a critical section to determine if there is any data in a queue.
 178:Middlewares/Third_Party/FreeRTOS/Source/queue.c ****  *
 179:Middlewares/Third_Party/FreeRTOS/Source/queue.c ****  * @return pdTRUE if the queue contains no items, otherwise pdFALSE.
 180:Middlewares/Third_Party/FreeRTOS/Source/queue.c ****  */
 181:Middlewares/Third_Party/FreeRTOS/Source/queue.c **** static BaseType_t prvIsQueueEmpty( const Queue_t *pxQueue ) PRIVILEGED_FUNCTION;
 182:Middlewares/Third_Party/FreeRTOS/Source/queue.c **** 
 183:Middlewares/Third_Party/FreeRTOS/Source/queue.c **** /*
 184:Middlewares/Third_Party/FreeRTOS/Source/queue.c ****  * Uses a critical section to determine if there is any space in a queue.
 185:Middlewares/Third_Party/FreeRTOS/Source/queue.c ****  *
 186:Middlewares/Third_Party/FreeRTOS/Source/queue.c ****  * @return pdTRUE if there is no space, otherwise pdFALSE;
 187:Middlewares/Third_Party/FreeRTOS/Source/queue.c ****  */
 188:Middlewares/Third_Party/FreeRTOS/Source/queue.c **** static BaseType_t prvIsQueueFull( const Queue_t *pxQueue ) PRIVILEGED_FUNCTION;
 189:Middlewares/Third_Party/FreeRTOS/Source/queue.c **** 
 190:Middlewares/Third_Party/FreeRTOS/Source/queue.c **** /*
 191:Middlewares/Third_Party/FreeRTOS/Source/queue.c ****  * Copies an item into the queue, either at the front of the queue or the
 192:Middlewares/Third_Party/FreeRTOS/Source/queue.c ****  * back of the queue.
 193:Middlewares/Third_Party/FreeRTOS/Source/queue.c ****  */
 194:Middlewares/Third_Party/FreeRTOS/Source/queue.c **** static BaseType_t prvCopyDataToQueue( Queue_t * const pxQueue, const void *pvItemToQueue, const Bas
 195:Middlewares/Third_Party/FreeRTOS/Source/queue.c **** 
 196:Middlewares/Third_Party/FreeRTOS/Source/queue.c **** /*
 197:Middlewares/Third_Party/FreeRTOS/Source/queue.c ****  * Copies an item out of a queue.
 198:Middlewares/Third_Party/FreeRTOS/Source/queue.c ****  */
 199:Middlewares/Third_Party/FreeRTOS/Source/queue.c **** static void prvCopyDataFromQueue( Queue_t * const pxQueue, void * const pvBuffer ) PRIVILEGED_FUNCT
 200:Middlewares/Third_Party/FreeRTOS/Source/queue.c **** 
 201:Middlewares/Third_Party/FreeRTOS/Source/queue.c **** #if ( configUSE_QUEUE_SETS == 1 )
 202:Middlewares/Third_Party/FreeRTOS/Source/queue.c **** 	/*
 203:Middlewares/Third_Party/FreeRTOS/Source/queue.c **** 	 * Checks to see if a queue is a member of a queue set, and if so, notifies
ARM GAS  /tmp/ccAaDn2P.s 			page 5


 204:Middlewares/Third_Party/FreeRTOS/Source/queue.c **** 	 * the queue set that the queue contains data.
 205:Middlewares/Third_Party/FreeRTOS/Source/queue.c **** 	 */
 206:Middlewares/Third_Party/FreeRTOS/Source/queue.c **** 	static BaseType_t prvNotifyQueueSetContainer( const Queue_t * const pxQueue ) PRIVILEGED_FUNCTION;
 207:Middlewares/Third_Party/FreeRTOS/Source/queue.c **** #endif
 208:Middlewares/Third_Party/FreeRTOS/Source/queue.c **** 
 209:Middlewares/Third_Party/FreeRTOS/Source/queue.c **** /*
 210:Middlewares/Third_Party/FreeRTOS/Source/queue.c ****  * Called after a Queue_t structure has been allocated either statically or
 211:Middlewares/Third_Party/FreeRTOS/Source/queue.c ****  * dynamically to fill in the structure's members.
 212:Middlewares/Third_Party/FreeRTOS/Source/queue.c ****  */
 213:Middlewares/Third_Party/FreeRTOS/Source/queue.c **** static void prvInitialiseNewQueue( const UBaseType_t uxQueueLength, const UBaseType_t uxItemSize, u
 214:Middlewares/Third_Party/FreeRTOS/Source/queue.c **** 
 215:Middlewares/Third_Party/FreeRTOS/Source/queue.c **** /*
 216:Middlewares/Third_Party/FreeRTOS/Source/queue.c ****  * Mutexes are a special type of queue.  When a mutex is created, first the
 217:Middlewares/Third_Party/FreeRTOS/Source/queue.c ****  * queue is created, then prvInitialiseMutex() is called to configure the queue
 218:Middlewares/Third_Party/FreeRTOS/Source/queue.c ****  * as a mutex.
 219:Middlewares/Third_Party/FreeRTOS/Source/queue.c ****  */
 220:Middlewares/Third_Party/FreeRTOS/Source/queue.c **** #if( configUSE_MUTEXES == 1 )
 221:Middlewares/Third_Party/FreeRTOS/Source/queue.c **** 	static void prvInitialiseMutex( Queue_t *pxNewQueue ) PRIVILEGED_FUNCTION;
 222:Middlewares/Third_Party/FreeRTOS/Source/queue.c **** #endif
 223:Middlewares/Third_Party/FreeRTOS/Source/queue.c **** 
 224:Middlewares/Third_Party/FreeRTOS/Source/queue.c **** #if( configUSE_MUTEXES == 1 )
 225:Middlewares/Third_Party/FreeRTOS/Source/queue.c **** 	/*
 226:Middlewares/Third_Party/FreeRTOS/Source/queue.c **** 	 * If a task waiting for a mutex causes the mutex holder to inherit a
 227:Middlewares/Third_Party/FreeRTOS/Source/queue.c **** 	 * priority, but the waiting task times out, then the holder should
 228:Middlewares/Third_Party/FreeRTOS/Source/queue.c **** 	 * disinherit the priority - but only down to the highest priority of any
 229:Middlewares/Third_Party/FreeRTOS/Source/queue.c **** 	 * other tasks that are waiting for the same mutex.  This function returns
 230:Middlewares/Third_Party/FreeRTOS/Source/queue.c **** 	 * that priority.
 231:Middlewares/Third_Party/FreeRTOS/Source/queue.c **** 	 */
 232:Middlewares/Third_Party/FreeRTOS/Source/queue.c **** 	static UBaseType_t prvGetDisinheritPriorityAfterTimeout( const Queue_t * const pxQueue ) PRIVILEGE
 233:Middlewares/Third_Party/FreeRTOS/Source/queue.c **** #endif
 234:Middlewares/Third_Party/FreeRTOS/Source/queue.c **** /*-----------------------------------------------------------*/
 235:Middlewares/Third_Party/FreeRTOS/Source/queue.c **** 
 236:Middlewares/Third_Party/FreeRTOS/Source/queue.c **** /*
 237:Middlewares/Third_Party/FreeRTOS/Source/queue.c ****  * Macro to mark a queue as locked.  Locking a queue prevents an ISR from
 238:Middlewares/Third_Party/FreeRTOS/Source/queue.c ****  * accessing the queue event lists.
 239:Middlewares/Third_Party/FreeRTOS/Source/queue.c ****  */
 240:Middlewares/Third_Party/FreeRTOS/Source/queue.c **** #define prvLockQueue( pxQueue )								\
 241:Middlewares/Third_Party/FreeRTOS/Source/queue.c **** 	taskENTER_CRITICAL();									\
 242:Middlewares/Third_Party/FreeRTOS/Source/queue.c **** 	{														\
 243:Middlewares/Third_Party/FreeRTOS/Source/queue.c **** 		if( ( pxQueue )->cRxLock == queueUNLOCKED )			\
 244:Middlewares/Third_Party/FreeRTOS/Source/queue.c **** 		{													\
 245:Middlewares/Third_Party/FreeRTOS/Source/queue.c **** 			( pxQueue )->cRxLock = queueLOCKED_UNMODIFIED;	\
 246:Middlewares/Third_Party/FreeRTOS/Source/queue.c **** 		}													\
 247:Middlewares/Third_Party/FreeRTOS/Source/queue.c **** 		if( ( pxQueue )->cTxLock == queueUNLOCKED )			\
 248:Middlewares/Third_Party/FreeRTOS/Source/queue.c **** 		{													\
 249:Middlewares/Third_Party/FreeRTOS/Source/queue.c **** 			( pxQueue )->cTxLock = queueLOCKED_UNMODIFIED;	\
 250:Middlewares/Third_Party/FreeRTOS/Source/queue.c **** 		}													\
 251:Middlewares/Third_Party/FreeRTOS/Source/queue.c **** 	}														\
 252:Middlewares/Third_Party/FreeRTOS/Source/queue.c **** 	taskEXIT_CRITICAL()
 253:Middlewares/Third_Party/FreeRTOS/Source/queue.c **** /*-----------------------------------------------------------*/
 254:Middlewares/Third_Party/FreeRTOS/Source/queue.c **** 
 255:Middlewares/Third_Party/FreeRTOS/Source/queue.c **** BaseType_t xQueueGenericReset( QueueHandle_t xQueue, BaseType_t xNewQueue )
 256:Middlewares/Third_Party/FreeRTOS/Source/queue.c **** {
 257:Middlewares/Third_Party/FreeRTOS/Source/queue.c **** Queue_t * const pxQueue = xQueue;
 258:Middlewares/Third_Party/FreeRTOS/Source/queue.c **** 
 259:Middlewares/Third_Party/FreeRTOS/Source/queue.c **** 	configASSERT( pxQueue );
 260:Middlewares/Third_Party/FreeRTOS/Source/queue.c **** 
ARM GAS  /tmp/ccAaDn2P.s 			page 6


 261:Middlewares/Third_Party/FreeRTOS/Source/queue.c **** 	taskENTER_CRITICAL();
 262:Middlewares/Third_Party/FreeRTOS/Source/queue.c **** 	{
 263:Middlewares/Third_Party/FreeRTOS/Source/queue.c **** 		pxQueue->u.xQueue.pcTail = pxQueue->pcHead + ( pxQueue->uxLength * pxQueue->uxItemSize ); /*lint 
 264:Middlewares/Third_Party/FreeRTOS/Source/queue.c **** 		pxQueue->uxMessagesWaiting = ( UBaseType_t ) 0U;
 265:Middlewares/Third_Party/FreeRTOS/Source/queue.c **** 		pxQueue->pcWriteTo = pxQueue->pcHead;
 266:Middlewares/Third_Party/FreeRTOS/Source/queue.c **** 		pxQueue->u.xQueue.pcReadFrom = pxQueue->pcHead + ( ( pxQueue->uxLength - 1U ) * pxQueue->uxItemSi
 267:Middlewares/Third_Party/FreeRTOS/Source/queue.c **** 		pxQueue->cRxLock = queueUNLOCKED;
 268:Middlewares/Third_Party/FreeRTOS/Source/queue.c **** 		pxQueue->cTxLock = queueUNLOCKED;
 269:Middlewares/Third_Party/FreeRTOS/Source/queue.c **** 
 270:Middlewares/Third_Party/FreeRTOS/Source/queue.c **** 		if( xNewQueue == pdFALSE )
 271:Middlewares/Third_Party/FreeRTOS/Source/queue.c **** 		{
 272:Middlewares/Third_Party/FreeRTOS/Source/queue.c **** 			/* If there are tasks blocked waiting to read from the queue, then
 273:Middlewares/Third_Party/FreeRTOS/Source/queue.c **** 			the tasks will remain blocked as after this function exits the queue
 274:Middlewares/Third_Party/FreeRTOS/Source/queue.c **** 			will still be empty.  If there are tasks blocked waiting to write to
 275:Middlewares/Third_Party/FreeRTOS/Source/queue.c **** 			the queue, then one should be unblocked as after this function exits
 276:Middlewares/Third_Party/FreeRTOS/Source/queue.c **** 			it will be possible to write to it. */
 277:Middlewares/Third_Party/FreeRTOS/Source/queue.c **** 			if( listLIST_IS_EMPTY( &( pxQueue->xTasksWaitingToSend ) ) == pdFALSE )
 278:Middlewares/Third_Party/FreeRTOS/Source/queue.c **** 			{
 279:Middlewares/Third_Party/FreeRTOS/Source/queue.c **** 				if( xTaskRemoveFromEventList( &( pxQueue->xTasksWaitingToSend ) ) != pdFALSE )
 280:Middlewares/Third_Party/FreeRTOS/Source/queue.c **** 				{
 281:Middlewares/Third_Party/FreeRTOS/Source/queue.c **** 					queueYIELD_IF_USING_PREEMPTION();
 282:Middlewares/Third_Party/FreeRTOS/Source/queue.c **** 				}
 283:Middlewares/Third_Party/FreeRTOS/Source/queue.c **** 				else
 284:Middlewares/Third_Party/FreeRTOS/Source/queue.c **** 				{
 285:Middlewares/Third_Party/FreeRTOS/Source/queue.c **** 					mtCOVERAGE_TEST_MARKER();
 286:Middlewares/Third_Party/FreeRTOS/Source/queue.c **** 				}
 287:Middlewares/Third_Party/FreeRTOS/Source/queue.c **** 			}
 288:Middlewares/Third_Party/FreeRTOS/Source/queue.c **** 			else
 289:Middlewares/Third_Party/FreeRTOS/Source/queue.c **** 			{
 290:Middlewares/Third_Party/FreeRTOS/Source/queue.c **** 				mtCOVERAGE_TEST_MARKER();
 291:Middlewares/Third_Party/FreeRTOS/Source/queue.c **** 			}
 292:Middlewares/Third_Party/FreeRTOS/Source/queue.c **** 		}
 293:Middlewares/Third_Party/FreeRTOS/Source/queue.c **** 		else
 294:Middlewares/Third_Party/FreeRTOS/Source/queue.c **** 		{
 295:Middlewares/Third_Party/FreeRTOS/Source/queue.c **** 			/* Ensure the event queues start in the correct state. */
 296:Middlewares/Third_Party/FreeRTOS/Source/queue.c **** 			vListInitialise( &( pxQueue->xTasksWaitingToSend ) );
 297:Middlewares/Third_Party/FreeRTOS/Source/queue.c **** 			vListInitialise( &( pxQueue->xTasksWaitingToReceive ) );
 298:Middlewares/Third_Party/FreeRTOS/Source/queue.c **** 		}
 299:Middlewares/Third_Party/FreeRTOS/Source/queue.c **** 	}
 300:Middlewares/Third_Party/FreeRTOS/Source/queue.c **** 	taskEXIT_CRITICAL();
 301:Middlewares/Third_Party/FreeRTOS/Source/queue.c **** 
 302:Middlewares/Third_Party/FreeRTOS/Source/queue.c **** 	/* A value is returned for calling semantic consistency with previous
 303:Middlewares/Third_Party/FreeRTOS/Source/queue.c **** 	versions. */
 304:Middlewares/Third_Party/FreeRTOS/Source/queue.c **** 	return pdPASS;
 305:Middlewares/Third_Party/FreeRTOS/Source/queue.c **** }
 306:Middlewares/Third_Party/FreeRTOS/Source/queue.c **** /*-----------------------------------------------------------*/
 307:Middlewares/Third_Party/FreeRTOS/Source/queue.c **** 
 308:Middlewares/Third_Party/FreeRTOS/Source/queue.c **** #if( configSUPPORT_STATIC_ALLOCATION == 1 )
 309:Middlewares/Third_Party/FreeRTOS/Source/queue.c **** 
 310:Middlewares/Third_Party/FreeRTOS/Source/queue.c **** 	QueueHandle_t xQueueGenericCreateStatic( const UBaseType_t uxQueueLength, const UBaseType_t uxItem
 311:Middlewares/Third_Party/FreeRTOS/Source/queue.c **** 	{
 312:Middlewares/Third_Party/FreeRTOS/Source/queue.c **** 	Queue_t *pxNewQueue;
 313:Middlewares/Third_Party/FreeRTOS/Source/queue.c **** 
 314:Middlewares/Third_Party/FreeRTOS/Source/queue.c **** 		configASSERT( uxQueueLength > ( UBaseType_t ) 0 );
 315:Middlewares/Third_Party/FreeRTOS/Source/queue.c **** 
 316:Middlewares/Third_Party/FreeRTOS/Source/queue.c **** 		/* The StaticQueue_t structure and the queue storage area must be
 317:Middlewares/Third_Party/FreeRTOS/Source/queue.c **** 		supplied. */
ARM GAS  /tmp/ccAaDn2P.s 			page 7


 318:Middlewares/Third_Party/FreeRTOS/Source/queue.c **** 		configASSERT( pxStaticQueue != NULL );
 319:Middlewares/Third_Party/FreeRTOS/Source/queue.c **** 
 320:Middlewares/Third_Party/FreeRTOS/Source/queue.c **** 		/* A queue storage area should be provided if the item size is not 0, and
 321:Middlewares/Third_Party/FreeRTOS/Source/queue.c **** 		should not be provided if the item size is 0. */
 322:Middlewares/Third_Party/FreeRTOS/Source/queue.c **** 		configASSERT( !( ( pucQueueStorage != NULL ) && ( uxItemSize == 0 ) ) );
 323:Middlewares/Third_Party/FreeRTOS/Source/queue.c **** 		configASSERT( !( ( pucQueueStorage == NULL ) && ( uxItemSize != 0 ) ) );
 324:Middlewares/Third_Party/FreeRTOS/Source/queue.c **** 
 325:Middlewares/Third_Party/FreeRTOS/Source/queue.c **** 		#if( configASSERT_DEFINED == 1 )
 326:Middlewares/Third_Party/FreeRTOS/Source/queue.c **** 		{
 327:Middlewares/Third_Party/FreeRTOS/Source/queue.c **** 			/* Sanity check that the size of the structure used to declare a
 328:Middlewares/Third_Party/FreeRTOS/Source/queue.c **** 			variable of type StaticQueue_t or StaticSemaphore_t equals the size of
 329:Middlewares/Third_Party/FreeRTOS/Source/queue.c **** 			the real queue and semaphore structures. */
 330:Middlewares/Third_Party/FreeRTOS/Source/queue.c **** 			volatile size_t xSize = sizeof( StaticQueue_t );
 331:Middlewares/Third_Party/FreeRTOS/Source/queue.c **** 			configASSERT( xSize == sizeof( Queue_t ) );
 332:Middlewares/Third_Party/FreeRTOS/Source/queue.c **** 			( void ) xSize; /* Keeps lint quiet when configASSERT() is not defined. */
 333:Middlewares/Third_Party/FreeRTOS/Source/queue.c **** 		}
 334:Middlewares/Third_Party/FreeRTOS/Source/queue.c **** 		#endif /* configASSERT_DEFINED */
 335:Middlewares/Third_Party/FreeRTOS/Source/queue.c **** 
 336:Middlewares/Third_Party/FreeRTOS/Source/queue.c **** 		/* The address of a statically allocated queue was passed in, use it.
 337:Middlewares/Third_Party/FreeRTOS/Source/queue.c **** 		The address of a statically allocated storage area was also passed in
 338:Middlewares/Third_Party/FreeRTOS/Source/queue.c **** 		but is already set. */
 339:Middlewares/Third_Party/FreeRTOS/Source/queue.c **** 		pxNewQueue = ( Queue_t * ) pxStaticQueue; /*lint !e740 !e9087 Unusual cast is ok as the structure
 340:Middlewares/Third_Party/FreeRTOS/Source/queue.c **** 
 341:Middlewares/Third_Party/FreeRTOS/Source/queue.c **** 		if( pxNewQueue != NULL )
 342:Middlewares/Third_Party/FreeRTOS/Source/queue.c **** 		{
 343:Middlewares/Third_Party/FreeRTOS/Source/queue.c **** 			#if( configSUPPORT_DYNAMIC_ALLOCATION == 1 )
 344:Middlewares/Third_Party/FreeRTOS/Source/queue.c **** 			{
 345:Middlewares/Third_Party/FreeRTOS/Source/queue.c **** 				/* Queues can be allocated wither statically or dynamically, so
 346:Middlewares/Third_Party/FreeRTOS/Source/queue.c **** 				note this queue was allocated statically in case the queue is
 347:Middlewares/Third_Party/FreeRTOS/Source/queue.c **** 				later deleted. */
 348:Middlewares/Third_Party/FreeRTOS/Source/queue.c **** 				pxNewQueue->ucStaticallyAllocated = pdTRUE;
 349:Middlewares/Third_Party/FreeRTOS/Source/queue.c **** 			}
 350:Middlewares/Third_Party/FreeRTOS/Source/queue.c **** 			#endif /* configSUPPORT_DYNAMIC_ALLOCATION */
 351:Middlewares/Third_Party/FreeRTOS/Source/queue.c **** 
 352:Middlewares/Third_Party/FreeRTOS/Source/queue.c **** 			prvInitialiseNewQueue( uxQueueLength, uxItemSize, pucQueueStorage, ucQueueType, pxNewQueue );
 353:Middlewares/Third_Party/FreeRTOS/Source/queue.c **** 		}
 354:Middlewares/Third_Party/FreeRTOS/Source/queue.c **** 		else
 355:Middlewares/Third_Party/FreeRTOS/Source/queue.c **** 		{
 356:Middlewares/Third_Party/FreeRTOS/Source/queue.c **** 			traceQUEUE_CREATE_FAILED( ucQueueType );
 357:Middlewares/Third_Party/FreeRTOS/Source/queue.c **** 			mtCOVERAGE_TEST_MARKER();
 358:Middlewares/Third_Party/FreeRTOS/Source/queue.c **** 		}
 359:Middlewares/Third_Party/FreeRTOS/Source/queue.c **** 
 360:Middlewares/Third_Party/FreeRTOS/Source/queue.c **** 		return pxNewQueue;
 361:Middlewares/Third_Party/FreeRTOS/Source/queue.c **** 	}
 362:Middlewares/Third_Party/FreeRTOS/Source/queue.c **** 
 363:Middlewares/Third_Party/FreeRTOS/Source/queue.c **** #endif /* configSUPPORT_STATIC_ALLOCATION */
 364:Middlewares/Third_Party/FreeRTOS/Source/queue.c **** /*-----------------------------------------------------------*/
 365:Middlewares/Third_Party/FreeRTOS/Source/queue.c **** 
 366:Middlewares/Third_Party/FreeRTOS/Source/queue.c **** #if( configSUPPORT_DYNAMIC_ALLOCATION == 1 )
 367:Middlewares/Third_Party/FreeRTOS/Source/queue.c **** 
 368:Middlewares/Third_Party/FreeRTOS/Source/queue.c **** 	QueueHandle_t xQueueGenericCreate( const UBaseType_t uxQueueLength, const UBaseType_t uxItemSize, 
 369:Middlewares/Third_Party/FreeRTOS/Source/queue.c **** 	{
 370:Middlewares/Third_Party/FreeRTOS/Source/queue.c **** 	Queue_t *pxNewQueue;
 371:Middlewares/Third_Party/FreeRTOS/Source/queue.c **** 	size_t xQueueSizeInBytes;
 372:Middlewares/Third_Party/FreeRTOS/Source/queue.c **** 	uint8_t *pucQueueStorage;
 373:Middlewares/Third_Party/FreeRTOS/Source/queue.c **** 
 374:Middlewares/Third_Party/FreeRTOS/Source/queue.c **** 		configASSERT( uxQueueLength > ( UBaseType_t ) 0 );
ARM GAS  /tmp/ccAaDn2P.s 			page 8


 375:Middlewares/Third_Party/FreeRTOS/Source/queue.c **** 
 376:Middlewares/Third_Party/FreeRTOS/Source/queue.c **** 		/* Allocate enough space to hold the maximum number of items that
 377:Middlewares/Third_Party/FreeRTOS/Source/queue.c **** 		can be in the queue at any time.  It is valid for uxItemSize to be
 378:Middlewares/Third_Party/FreeRTOS/Source/queue.c **** 		zero in the case the queue is used as a semaphore. */
 379:Middlewares/Third_Party/FreeRTOS/Source/queue.c **** 		xQueueSizeInBytes = ( size_t ) ( uxQueueLength * uxItemSize ); /*lint !e961 MISRA exception as th
 380:Middlewares/Third_Party/FreeRTOS/Source/queue.c **** 
 381:Middlewares/Third_Party/FreeRTOS/Source/queue.c **** 		/* Allocate the queue and storage area.  Justification for MISRA
 382:Middlewares/Third_Party/FreeRTOS/Source/queue.c **** 		deviation as follows:  pvPortMalloc() always ensures returned memory
 383:Middlewares/Third_Party/FreeRTOS/Source/queue.c **** 		blocks are aligned per the requirements of the MCU stack.  In this case
 384:Middlewares/Third_Party/FreeRTOS/Source/queue.c **** 		pvPortMalloc() must return a pointer that is guaranteed to meet the
 385:Middlewares/Third_Party/FreeRTOS/Source/queue.c **** 		alignment requirements of the Queue_t structure - which in this case
 386:Middlewares/Third_Party/FreeRTOS/Source/queue.c **** 		is an int8_t *.  Therefore, whenever the stack alignment requirements
 387:Middlewares/Third_Party/FreeRTOS/Source/queue.c **** 		are greater than or equal to the pointer to char requirements the cast
 388:Middlewares/Third_Party/FreeRTOS/Source/queue.c **** 		is safe.  In other cases alignment requirements are not strict (one or
 389:Middlewares/Third_Party/FreeRTOS/Source/queue.c **** 		two bytes). */
 390:Middlewares/Third_Party/FreeRTOS/Source/queue.c **** 		pxNewQueue = ( Queue_t * ) pvPortMalloc( sizeof( Queue_t ) + xQueueSizeInBytes ); /*lint !e9087 !
 391:Middlewares/Third_Party/FreeRTOS/Source/queue.c **** 
 392:Middlewares/Third_Party/FreeRTOS/Source/queue.c **** 		if( pxNewQueue != NULL )
 393:Middlewares/Third_Party/FreeRTOS/Source/queue.c **** 		{
 394:Middlewares/Third_Party/FreeRTOS/Source/queue.c **** 			/* Jump past the queue structure to find the location of the queue
 395:Middlewares/Third_Party/FreeRTOS/Source/queue.c **** 			storage area. */
 396:Middlewares/Third_Party/FreeRTOS/Source/queue.c **** 			pucQueueStorage = ( uint8_t * ) pxNewQueue;
 397:Middlewares/Third_Party/FreeRTOS/Source/queue.c **** 			pucQueueStorage += sizeof( Queue_t ); /*lint !e9016 Pointer arithmetic allowed on char types, es
 398:Middlewares/Third_Party/FreeRTOS/Source/queue.c **** 
 399:Middlewares/Third_Party/FreeRTOS/Source/queue.c **** 			#if( configSUPPORT_STATIC_ALLOCATION == 1 )
 400:Middlewares/Third_Party/FreeRTOS/Source/queue.c **** 			{
 401:Middlewares/Third_Party/FreeRTOS/Source/queue.c **** 				/* Queues can be created either statically or dynamically, so
 402:Middlewares/Third_Party/FreeRTOS/Source/queue.c **** 				note this task was created dynamically in case it is later
 403:Middlewares/Third_Party/FreeRTOS/Source/queue.c **** 				deleted. */
 404:Middlewares/Third_Party/FreeRTOS/Source/queue.c **** 				pxNewQueue->ucStaticallyAllocated = pdFALSE;
 405:Middlewares/Third_Party/FreeRTOS/Source/queue.c **** 			}
 406:Middlewares/Third_Party/FreeRTOS/Source/queue.c **** 			#endif /* configSUPPORT_STATIC_ALLOCATION */
 407:Middlewares/Third_Party/FreeRTOS/Source/queue.c **** 
 408:Middlewares/Third_Party/FreeRTOS/Source/queue.c **** 			prvInitialiseNewQueue( uxQueueLength, uxItemSize, pucQueueStorage, ucQueueType, pxNewQueue );
 409:Middlewares/Third_Party/FreeRTOS/Source/queue.c **** 		}
 410:Middlewares/Third_Party/FreeRTOS/Source/queue.c **** 		else
 411:Middlewares/Third_Party/FreeRTOS/Source/queue.c **** 		{
 412:Middlewares/Third_Party/FreeRTOS/Source/queue.c **** 			traceQUEUE_CREATE_FAILED( ucQueueType );
 413:Middlewares/Third_Party/FreeRTOS/Source/queue.c **** 			mtCOVERAGE_TEST_MARKER();
 414:Middlewares/Third_Party/FreeRTOS/Source/queue.c **** 		}
 415:Middlewares/Third_Party/FreeRTOS/Source/queue.c **** 
 416:Middlewares/Third_Party/FreeRTOS/Source/queue.c **** 		return pxNewQueue;
 417:Middlewares/Third_Party/FreeRTOS/Source/queue.c **** 	}
 418:Middlewares/Third_Party/FreeRTOS/Source/queue.c **** 
 419:Middlewares/Third_Party/FreeRTOS/Source/queue.c **** #endif /* configSUPPORT_STATIC_ALLOCATION */
 420:Middlewares/Third_Party/FreeRTOS/Source/queue.c **** /*-----------------------------------------------------------*/
 421:Middlewares/Third_Party/FreeRTOS/Source/queue.c **** 
 422:Middlewares/Third_Party/FreeRTOS/Source/queue.c **** static void prvInitialiseNewQueue( const UBaseType_t uxQueueLength, const UBaseType_t uxItemSize, u
 423:Middlewares/Third_Party/FreeRTOS/Source/queue.c **** {
 424:Middlewares/Third_Party/FreeRTOS/Source/queue.c **** 	/* Remove compiler warnings about unused parameters should
 425:Middlewares/Third_Party/FreeRTOS/Source/queue.c **** 	configUSE_TRACE_FACILITY not be set to 1. */
 426:Middlewares/Third_Party/FreeRTOS/Source/queue.c **** 	( void ) ucQueueType;
 427:Middlewares/Third_Party/FreeRTOS/Source/queue.c **** 
 428:Middlewares/Third_Party/FreeRTOS/Source/queue.c **** 	if( uxItemSize == ( UBaseType_t ) 0 )
 429:Middlewares/Third_Party/FreeRTOS/Source/queue.c **** 	{
 430:Middlewares/Third_Party/FreeRTOS/Source/queue.c **** 		/* No RAM was allocated for the queue storage area, but PC head cannot
 431:Middlewares/Third_Party/FreeRTOS/Source/queue.c **** 		be set to NULL because NULL is used as a key to say the queue is used as
ARM GAS  /tmp/ccAaDn2P.s 			page 9


 432:Middlewares/Third_Party/FreeRTOS/Source/queue.c **** 		a mutex.  Therefore just set pcHead to point to the queue as a benign
 433:Middlewares/Third_Party/FreeRTOS/Source/queue.c **** 		value that is known to be within the memory map. */
 434:Middlewares/Third_Party/FreeRTOS/Source/queue.c **** 		pxNewQueue->pcHead = ( int8_t * ) pxNewQueue;
 435:Middlewares/Third_Party/FreeRTOS/Source/queue.c **** 	}
 436:Middlewares/Third_Party/FreeRTOS/Source/queue.c **** 	else
 437:Middlewares/Third_Party/FreeRTOS/Source/queue.c **** 	{
 438:Middlewares/Third_Party/FreeRTOS/Source/queue.c **** 		/* Set the head to the start of the queue storage area. */
 439:Middlewares/Third_Party/FreeRTOS/Source/queue.c **** 		pxNewQueue->pcHead = ( int8_t * ) pucQueueStorage;
 440:Middlewares/Third_Party/FreeRTOS/Source/queue.c **** 	}
 441:Middlewares/Third_Party/FreeRTOS/Source/queue.c **** 
 442:Middlewares/Third_Party/FreeRTOS/Source/queue.c **** 	/* Initialise the queue members as described where the queue type is
 443:Middlewares/Third_Party/FreeRTOS/Source/queue.c **** 	defined. */
 444:Middlewares/Third_Party/FreeRTOS/Source/queue.c **** 	pxNewQueue->uxLength = uxQueueLength;
 445:Middlewares/Third_Party/FreeRTOS/Source/queue.c **** 	pxNewQueue->uxItemSize = uxItemSize;
 446:Middlewares/Third_Party/FreeRTOS/Source/queue.c **** 	( void ) xQueueGenericReset( pxNewQueue, pdTRUE );
 447:Middlewares/Third_Party/FreeRTOS/Source/queue.c **** 
 448:Middlewares/Third_Party/FreeRTOS/Source/queue.c **** 	#if ( configUSE_TRACE_FACILITY == 1 )
 449:Middlewares/Third_Party/FreeRTOS/Source/queue.c **** 	{
 450:Middlewares/Third_Party/FreeRTOS/Source/queue.c **** 		pxNewQueue->ucQueueType = ucQueueType;
 451:Middlewares/Third_Party/FreeRTOS/Source/queue.c **** 	}
 452:Middlewares/Third_Party/FreeRTOS/Source/queue.c **** 	#endif /* configUSE_TRACE_FACILITY */
 453:Middlewares/Third_Party/FreeRTOS/Source/queue.c **** 
 454:Middlewares/Third_Party/FreeRTOS/Source/queue.c **** 	#if( configUSE_QUEUE_SETS == 1 )
 455:Middlewares/Third_Party/FreeRTOS/Source/queue.c **** 	{
 456:Middlewares/Third_Party/FreeRTOS/Source/queue.c **** 		pxNewQueue->pxQueueSetContainer = NULL;
 457:Middlewares/Third_Party/FreeRTOS/Source/queue.c **** 	}
 458:Middlewares/Third_Party/FreeRTOS/Source/queue.c **** 	#endif /* configUSE_QUEUE_SETS */
 459:Middlewares/Third_Party/FreeRTOS/Source/queue.c **** 
 460:Middlewares/Third_Party/FreeRTOS/Source/queue.c **** 	traceQUEUE_CREATE( pxNewQueue );
 461:Middlewares/Third_Party/FreeRTOS/Source/queue.c **** }
 462:Middlewares/Third_Party/FreeRTOS/Source/queue.c **** /*-----------------------------------------------------------*/
 463:Middlewares/Third_Party/FreeRTOS/Source/queue.c **** 
 464:Middlewares/Third_Party/FreeRTOS/Source/queue.c **** #if( configUSE_MUTEXES == 1 )
 465:Middlewares/Third_Party/FreeRTOS/Source/queue.c **** 
 466:Middlewares/Third_Party/FreeRTOS/Source/queue.c **** 	static void prvInitialiseMutex( Queue_t *pxNewQueue )
 467:Middlewares/Third_Party/FreeRTOS/Source/queue.c **** 	{
 468:Middlewares/Third_Party/FreeRTOS/Source/queue.c **** 		if( pxNewQueue != NULL )
 469:Middlewares/Third_Party/FreeRTOS/Source/queue.c **** 		{
 470:Middlewares/Third_Party/FreeRTOS/Source/queue.c **** 			/* The queue create function will set all the queue structure members
 471:Middlewares/Third_Party/FreeRTOS/Source/queue.c **** 			correctly for a generic queue, but this function is creating a
 472:Middlewares/Third_Party/FreeRTOS/Source/queue.c **** 			mutex.  Overwrite those members that need to be set differently -
 473:Middlewares/Third_Party/FreeRTOS/Source/queue.c **** 			in particular the information required for priority inheritance. */
 474:Middlewares/Third_Party/FreeRTOS/Source/queue.c **** 			pxNewQueue->u.xSemaphore.xMutexHolder = NULL;
 475:Middlewares/Third_Party/FreeRTOS/Source/queue.c **** 			pxNewQueue->uxQueueType = queueQUEUE_IS_MUTEX;
 476:Middlewares/Third_Party/FreeRTOS/Source/queue.c **** 
 477:Middlewares/Third_Party/FreeRTOS/Source/queue.c **** 			/* In case this is a recursive mutex. */
 478:Middlewares/Third_Party/FreeRTOS/Source/queue.c **** 			pxNewQueue->u.xSemaphore.uxRecursiveCallCount = 0;
 479:Middlewares/Third_Party/FreeRTOS/Source/queue.c **** 
 480:Middlewares/Third_Party/FreeRTOS/Source/queue.c **** 			traceCREATE_MUTEX( pxNewQueue );
 481:Middlewares/Third_Party/FreeRTOS/Source/queue.c **** 
 482:Middlewares/Third_Party/FreeRTOS/Source/queue.c **** 			/* Start with the semaphore in the expected state. */
 483:Middlewares/Third_Party/FreeRTOS/Source/queue.c **** 			( void ) xQueueGenericSend( pxNewQueue, NULL, ( TickType_t ) 0U, queueSEND_TO_BACK );
 484:Middlewares/Third_Party/FreeRTOS/Source/queue.c **** 		}
 485:Middlewares/Third_Party/FreeRTOS/Source/queue.c **** 		else
 486:Middlewares/Third_Party/FreeRTOS/Source/queue.c **** 		{
 487:Middlewares/Third_Party/FreeRTOS/Source/queue.c **** 			traceCREATE_MUTEX_FAILED();
 488:Middlewares/Third_Party/FreeRTOS/Source/queue.c **** 		}
ARM GAS  /tmp/ccAaDn2P.s 			page 10


 489:Middlewares/Third_Party/FreeRTOS/Source/queue.c **** 	}
 490:Middlewares/Third_Party/FreeRTOS/Source/queue.c **** 
 491:Middlewares/Third_Party/FreeRTOS/Source/queue.c **** #endif /* configUSE_MUTEXES */
 492:Middlewares/Third_Party/FreeRTOS/Source/queue.c **** /*-----------------------------------------------------------*/
 493:Middlewares/Third_Party/FreeRTOS/Source/queue.c **** 
 494:Middlewares/Third_Party/FreeRTOS/Source/queue.c **** #if( ( configUSE_MUTEXES == 1 ) && ( configSUPPORT_DYNAMIC_ALLOCATION == 1 ) )
 495:Middlewares/Third_Party/FreeRTOS/Source/queue.c **** 
 496:Middlewares/Third_Party/FreeRTOS/Source/queue.c **** 	QueueHandle_t xQueueCreateMutex( const uint8_t ucQueueType )
 497:Middlewares/Third_Party/FreeRTOS/Source/queue.c **** 	{
 498:Middlewares/Third_Party/FreeRTOS/Source/queue.c **** 	QueueHandle_t xNewQueue;
 499:Middlewares/Third_Party/FreeRTOS/Source/queue.c **** 	const UBaseType_t uxMutexLength = ( UBaseType_t ) 1, uxMutexSize = ( UBaseType_t ) 0;
 500:Middlewares/Third_Party/FreeRTOS/Source/queue.c **** 
 501:Middlewares/Third_Party/FreeRTOS/Source/queue.c **** 		xNewQueue = xQueueGenericCreate( uxMutexLength, uxMutexSize, ucQueueType );
 502:Middlewares/Third_Party/FreeRTOS/Source/queue.c **** 		prvInitialiseMutex( ( Queue_t * ) xNewQueue );
 503:Middlewares/Third_Party/FreeRTOS/Source/queue.c **** 
 504:Middlewares/Third_Party/FreeRTOS/Source/queue.c **** 		return xNewQueue;
 505:Middlewares/Third_Party/FreeRTOS/Source/queue.c **** 	}
 506:Middlewares/Third_Party/FreeRTOS/Source/queue.c **** 
 507:Middlewares/Third_Party/FreeRTOS/Source/queue.c **** #endif /* configUSE_MUTEXES */
 508:Middlewares/Third_Party/FreeRTOS/Source/queue.c **** /*-----------------------------------------------------------*/
 509:Middlewares/Third_Party/FreeRTOS/Source/queue.c **** 
 510:Middlewares/Third_Party/FreeRTOS/Source/queue.c **** #if( ( configUSE_MUTEXES == 1 ) && ( configSUPPORT_STATIC_ALLOCATION == 1 ) )
 511:Middlewares/Third_Party/FreeRTOS/Source/queue.c **** 
 512:Middlewares/Third_Party/FreeRTOS/Source/queue.c **** 	QueueHandle_t xQueueCreateMutexStatic( const uint8_t ucQueueType, StaticQueue_t *pxStaticQueue )
 513:Middlewares/Third_Party/FreeRTOS/Source/queue.c **** 	{
 514:Middlewares/Third_Party/FreeRTOS/Source/queue.c **** 	QueueHandle_t xNewQueue;
 515:Middlewares/Third_Party/FreeRTOS/Source/queue.c **** 	const UBaseType_t uxMutexLength = ( UBaseType_t ) 1, uxMutexSize = ( UBaseType_t ) 0;
 516:Middlewares/Third_Party/FreeRTOS/Source/queue.c **** 
 517:Middlewares/Third_Party/FreeRTOS/Source/queue.c **** 		/* Prevent compiler warnings about unused parameters if
 518:Middlewares/Third_Party/FreeRTOS/Source/queue.c **** 		configUSE_TRACE_FACILITY does not equal 1. */
 519:Middlewares/Third_Party/FreeRTOS/Source/queue.c **** 		( void ) ucQueueType;
 520:Middlewares/Third_Party/FreeRTOS/Source/queue.c **** 
 521:Middlewares/Third_Party/FreeRTOS/Source/queue.c **** 		xNewQueue = xQueueGenericCreateStatic( uxMutexLength, uxMutexSize, NULL, pxStaticQueue, ucQueueTy
 522:Middlewares/Third_Party/FreeRTOS/Source/queue.c **** 		prvInitialiseMutex( ( Queue_t * ) xNewQueue );
 523:Middlewares/Third_Party/FreeRTOS/Source/queue.c **** 
 524:Middlewares/Third_Party/FreeRTOS/Source/queue.c **** 		return xNewQueue;
 525:Middlewares/Third_Party/FreeRTOS/Source/queue.c **** 	}
 526:Middlewares/Third_Party/FreeRTOS/Source/queue.c **** 
 527:Middlewares/Third_Party/FreeRTOS/Source/queue.c **** #endif /* configUSE_MUTEXES */
 528:Middlewares/Third_Party/FreeRTOS/Source/queue.c **** /*-----------------------------------------------------------*/
 529:Middlewares/Third_Party/FreeRTOS/Source/queue.c **** 
 530:Middlewares/Third_Party/FreeRTOS/Source/queue.c **** #if ( ( configUSE_MUTEXES == 1 ) && ( INCLUDE_xSemaphoreGetMutexHolder == 1 ) )
 531:Middlewares/Third_Party/FreeRTOS/Source/queue.c **** 
 532:Middlewares/Third_Party/FreeRTOS/Source/queue.c **** 	TaskHandle_t xQueueGetMutexHolder( QueueHandle_t xSemaphore )
 533:Middlewares/Third_Party/FreeRTOS/Source/queue.c **** 	{
 534:Middlewares/Third_Party/FreeRTOS/Source/queue.c **** 	TaskHandle_t pxReturn;
 535:Middlewares/Third_Party/FreeRTOS/Source/queue.c **** 	Queue_t * const pxSemaphore = ( Queue_t * ) xSemaphore;
 536:Middlewares/Third_Party/FreeRTOS/Source/queue.c **** 
 537:Middlewares/Third_Party/FreeRTOS/Source/queue.c **** 		/* This function is called by xSemaphoreGetMutexHolder(), and should not
 538:Middlewares/Third_Party/FreeRTOS/Source/queue.c **** 		be called directly.  Note:  This is a good way of determining if the
 539:Middlewares/Third_Party/FreeRTOS/Source/queue.c **** 		calling task is the mutex holder, but not a good way of determining the
 540:Middlewares/Third_Party/FreeRTOS/Source/queue.c **** 		identity of the mutex holder, as the holder may change between the
 541:Middlewares/Third_Party/FreeRTOS/Source/queue.c **** 		following critical section exiting and the function returning. */
 542:Middlewares/Third_Party/FreeRTOS/Source/queue.c **** 		taskENTER_CRITICAL();
 543:Middlewares/Third_Party/FreeRTOS/Source/queue.c **** 		{
 544:Middlewares/Third_Party/FreeRTOS/Source/queue.c **** 			if( pxSemaphore->uxQueueType == queueQUEUE_IS_MUTEX )
 545:Middlewares/Third_Party/FreeRTOS/Source/queue.c **** 			{
ARM GAS  /tmp/ccAaDn2P.s 			page 11


 546:Middlewares/Third_Party/FreeRTOS/Source/queue.c **** 				pxReturn = pxSemaphore->u.xSemaphore.xMutexHolder;
 547:Middlewares/Third_Party/FreeRTOS/Source/queue.c **** 			}
 548:Middlewares/Third_Party/FreeRTOS/Source/queue.c **** 			else
 549:Middlewares/Third_Party/FreeRTOS/Source/queue.c **** 			{
 550:Middlewares/Third_Party/FreeRTOS/Source/queue.c **** 				pxReturn = NULL;
 551:Middlewares/Third_Party/FreeRTOS/Source/queue.c **** 			}
 552:Middlewares/Third_Party/FreeRTOS/Source/queue.c **** 		}
 553:Middlewares/Third_Party/FreeRTOS/Source/queue.c **** 		taskEXIT_CRITICAL();
 554:Middlewares/Third_Party/FreeRTOS/Source/queue.c **** 
 555:Middlewares/Third_Party/FreeRTOS/Source/queue.c **** 		return pxReturn;
 556:Middlewares/Third_Party/FreeRTOS/Source/queue.c **** 	} /*lint !e818 xSemaphore cannot be a pointer to const because it is a typedef. */
 557:Middlewares/Third_Party/FreeRTOS/Source/queue.c **** 
 558:Middlewares/Third_Party/FreeRTOS/Source/queue.c **** #endif
 559:Middlewares/Third_Party/FreeRTOS/Source/queue.c **** /*-----------------------------------------------------------*/
 560:Middlewares/Third_Party/FreeRTOS/Source/queue.c **** 
 561:Middlewares/Third_Party/FreeRTOS/Source/queue.c **** #if ( ( configUSE_MUTEXES == 1 ) && ( INCLUDE_xSemaphoreGetMutexHolder == 1 ) )
 562:Middlewares/Third_Party/FreeRTOS/Source/queue.c **** 
 563:Middlewares/Third_Party/FreeRTOS/Source/queue.c **** 	TaskHandle_t xQueueGetMutexHolderFromISR( QueueHandle_t xSemaphore )
 564:Middlewares/Third_Party/FreeRTOS/Source/queue.c **** 	{
 565:Middlewares/Third_Party/FreeRTOS/Source/queue.c **** 	TaskHandle_t pxReturn;
 566:Middlewares/Third_Party/FreeRTOS/Source/queue.c **** 
 567:Middlewares/Third_Party/FreeRTOS/Source/queue.c **** 		configASSERT( xSemaphore );
 568:Middlewares/Third_Party/FreeRTOS/Source/queue.c **** 
 569:Middlewares/Third_Party/FreeRTOS/Source/queue.c **** 		/* Mutexes cannot be used in interrupt service routines, so the mutex
 570:Middlewares/Third_Party/FreeRTOS/Source/queue.c **** 		holder should not change in an ISR, and therefore a critical section is
 571:Middlewares/Third_Party/FreeRTOS/Source/queue.c **** 		not required here. */
 572:Middlewares/Third_Party/FreeRTOS/Source/queue.c **** 		if( ( ( Queue_t * ) xSemaphore )->uxQueueType == queueQUEUE_IS_MUTEX )
 573:Middlewares/Third_Party/FreeRTOS/Source/queue.c **** 		{
 574:Middlewares/Third_Party/FreeRTOS/Source/queue.c **** 			pxReturn = ( ( Queue_t * ) xSemaphore )->u.xSemaphore.xMutexHolder;
 575:Middlewares/Third_Party/FreeRTOS/Source/queue.c **** 		}
 576:Middlewares/Third_Party/FreeRTOS/Source/queue.c **** 		else
 577:Middlewares/Third_Party/FreeRTOS/Source/queue.c **** 		{
 578:Middlewares/Third_Party/FreeRTOS/Source/queue.c **** 			pxReturn = NULL;
 579:Middlewares/Third_Party/FreeRTOS/Source/queue.c **** 		}
 580:Middlewares/Third_Party/FreeRTOS/Source/queue.c **** 
 581:Middlewares/Third_Party/FreeRTOS/Source/queue.c **** 		return pxReturn;
 582:Middlewares/Third_Party/FreeRTOS/Source/queue.c **** 	} /*lint !e818 xSemaphore cannot be a pointer to const because it is a typedef. */
 583:Middlewares/Third_Party/FreeRTOS/Source/queue.c **** 
 584:Middlewares/Third_Party/FreeRTOS/Source/queue.c **** #endif
 585:Middlewares/Third_Party/FreeRTOS/Source/queue.c **** /*-----------------------------------------------------------*/
 586:Middlewares/Third_Party/FreeRTOS/Source/queue.c **** 
 587:Middlewares/Third_Party/FreeRTOS/Source/queue.c **** #if ( configUSE_RECURSIVE_MUTEXES == 1 )
 588:Middlewares/Third_Party/FreeRTOS/Source/queue.c **** 
 589:Middlewares/Third_Party/FreeRTOS/Source/queue.c **** 	BaseType_t xQueueGiveMutexRecursive( QueueHandle_t xMutex )
 590:Middlewares/Third_Party/FreeRTOS/Source/queue.c **** 	{
 591:Middlewares/Third_Party/FreeRTOS/Source/queue.c **** 	BaseType_t xReturn;
 592:Middlewares/Third_Party/FreeRTOS/Source/queue.c **** 	Queue_t * const pxMutex = ( Queue_t * ) xMutex;
 593:Middlewares/Third_Party/FreeRTOS/Source/queue.c **** 
 594:Middlewares/Third_Party/FreeRTOS/Source/queue.c **** 		configASSERT( pxMutex );
 595:Middlewares/Third_Party/FreeRTOS/Source/queue.c **** 
 596:Middlewares/Third_Party/FreeRTOS/Source/queue.c **** 		/* If this is the task that holds the mutex then xMutexHolder will not
 597:Middlewares/Third_Party/FreeRTOS/Source/queue.c **** 		change outside of this task.  If this task does not hold the mutex then
 598:Middlewares/Third_Party/FreeRTOS/Source/queue.c **** 		pxMutexHolder can never coincidentally equal the tasks handle, and as
 599:Middlewares/Third_Party/FreeRTOS/Source/queue.c **** 		this is the only condition we are interested in it does not matter if
 600:Middlewares/Third_Party/FreeRTOS/Source/queue.c **** 		pxMutexHolder is accessed simultaneously by another task.  Therefore no
 601:Middlewares/Third_Party/FreeRTOS/Source/queue.c **** 		mutual exclusion is required to test the pxMutexHolder variable. */
 602:Middlewares/Third_Party/FreeRTOS/Source/queue.c **** 		if( pxMutex->u.xSemaphore.xMutexHolder == xTaskGetCurrentTaskHandle() )
ARM GAS  /tmp/ccAaDn2P.s 			page 12


 603:Middlewares/Third_Party/FreeRTOS/Source/queue.c **** 		{
 604:Middlewares/Third_Party/FreeRTOS/Source/queue.c **** 			traceGIVE_MUTEX_RECURSIVE( pxMutex );
 605:Middlewares/Third_Party/FreeRTOS/Source/queue.c **** 
 606:Middlewares/Third_Party/FreeRTOS/Source/queue.c **** 			/* uxRecursiveCallCount cannot be zero if xMutexHolder is equal to
 607:Middlewares/Third_Party/FreeRTOS/Source/queue.c **** 			the task handle, therefore no underflow check is required.  Also,
 608:Middlewares/Third_Party/FreeRTOS/Source/queue.c **** 			uxRecursiveCallCount is only modified by the mutex holder, and as
 609:Middlewares/Third_Party/FreeRTOS/Source/queue.c **** 			there can only be one, no mutual exclusion is required to modify the
 610:Middlewares/Third_Party/FreeRTOS/Source/queue.c **** 			uxRecursiveCallCount member. */
 611:Middlewares/Third_Party/FreeRTOS/Source/queue.c **** 			( pxMutex->u.xSemaphore.uxRecursiveCallCount )--;
 612:Middlewares/Third_Party/FreeRTOS/Source/queue.c **** 
 613:Middlewares/Third_Party/FreeRTOS/Source/queue.c **** 			/* Has the recursive call count unwound to 0? */
 614:Middlewares/Third_Party/FreeRTOS/Source/queue.c **** 			if( pxMutex->u.xSemaphore.uxRecursiveCallCount == ( UBaseType_t ) 0 )
 615:Middlewares/Third_Party/FreeRTOS/Source/queue.c **** 			{
 616:Middlewares/Third_Party/FreeRTOS/Source/queue.c **** 				/* Return the mutex.  This will automatically unblock any other
 617:Middlewares/Third_Party/FreeRTOS/Source/queue.c **** 				task that might be waiting to access the mutex. */
 618:Middlewares/Third_Party/FreeRTOS/Source/queue.c **** 				( void ) xQueueGenericSend( pxMutex, NULL, queueMUTEX_GIVE_BLOCK_TIME, queueSEND_TO_BACK );
 619:Middlewares/Third_Party/FreeRTOS/Source/queue.c **** 			}
 620:Middlewares/Third_Party/FreeRTOS/Source/queue.c **** 			else
 621:Middlewares/Third_Party/FreeRTOS/Source/queue.c **** 			{
 622:Middlewares/Third_Party/FreeRTOS/Source/queue.c **** 				mtCOVERAGE_TEST_MARKER();
 623:Middlewares/Third_Party/FreeRTOS/Source/queue.c **** 			}
 624:Middlewares/Third_Party/FreeRTOS/Source/queue.c **** 
 625:Middlewares/Third_Party/FreeRTOS/Source/queue.c **** 			xReturn = pdPASS;
 626:Middlewares/Third_Party/FreeRTOS/Source/queue.c **** 		}
 627:Middlewares/Third_Party/FreeRTOS/Source/queue.c **** 		else
 628:Middlewares/Third_Party/FreeRTOS/Source/queue.c **** 		{
 629:Middlewares/Third_Party/FreeRTOS/Source/queue.c **** 			/* The mutex cannot be given because the calling task is not the
 630:Middlewares/Third_Party/FreeRTOS/Source/queue.c **** 			holder. */
 631:Middlewares/Third_Party/FreeRTOS/Source/queue.c **** 			xReturn = pdFAIL;
 632:Middlewares/Third_Party/FreeRTOS/Source/queue.c **** 
 633:Middlewares/Third_Party/FreeRTOS/Source/queue.c **** 			traceGIVE_MUTEX_RECURSIVE_FAILED( pxMutex );
 634:Middlewares/Third_Party/FreeRTOS/Source/queue.c **** 		}
 635:Middlewares/Third_Party/FreeRTOS/Source/queue.c **** 
 636:Middlewares/Third_Party/FreeRTOS/Source/queue.c **** 		return xReturn;
 637:Middlewares/Third_Party/FreeRTOS/Source/queue.c **** 	}
 638:Middlewares/Third_Party/FreeRTOS/Source/queue.c **** 
 639:Middlewares/Third_Party/FreeRTOS/Source/queue.c **** #endif /* configUSE_RECURSIVE_MUTEXES */
 640:Middlewares/Third_Party/FreeRTOS/Source/queue.c **** /*-----------------------------------------------------------*/
 641:Middlewares/Third_Party/FreeRTOS/Source/queue.c **** 
 642:Middlewares/Third_Party/FreeRTOS/Source/queue.c **** #if ( configUSE_RECURSIVE_MUTEXES == 1 )
 643:Middlewares/Third_Party/FreeRTOS/Source/queue.c **** 
 644:Middlewares/Third_Party/FreeRTOS/Source/queue.c **** 	BaseType_t xQueueTakeMutexRecursive( QueueHandle_t xMutex, TickType_t xTicksToWait )
 645:Middlewares/Third_Party/FreeRTOS/Source/queue.c **** 	{
 646:Middlewares/Third_Party/FreeRTOS/Source/queue.c **** 	BaseType_t xReturn;
 647:Middlewares/Third_Party/FreeRTOS/Source/queue.c **** 	Queue_t * const pxMutex = ( Queue_t * ) xMutex;
 648:Middlewares/Third_Party/FreeRTOS/Source/queue.c **** 
 649:Middlewares/Third_Party/FreeRTOS/Source/queue.c **** 		configASSERT( pxMutex );
 650:Middlewares/Third_Party/FreeRTOS/Source/queue.c **** 
 651:Middlewares/Third_Party/FreeRTOS/Source/queue.c **** 		/* Comments regarding mutual exclusion as per those within
 652:Middlewares/Third_Party/FreeRTOS/Source/queue.c **** 		xQueueGiveMutexRecursive(). */
 653:Middlewares/Third_Party/FreeRTOS/Source/queue.c **** 
 654:Middlewares/Third_Party/FreeRTOS/Source/queue.c **** 		traceTAKE_MUTEX_RECURSIVE( pxMutex );
 655:Middlewares/Third_Party/FreeRTOS/Source/queue.c **** 
 656:Middlewares/Third_Party/FreeRTOS/Source/queue.c **** 		if( pxMutex->u.xSemaphore.xMutexHolder == xTaskGetCurrentTaskHandle() )
 657:Middlewares/Third_Party/FreeRTOS/Source/queue.c **** 		{
 658:Middlewares/Third_Party/FreeRTOS/Source/queue.c **** 			( pxMutex->u.xSemaphore.uxRecursiveCallCount )++;
 659:Middlewares/Third_Party/FreeRTOS/Source/queue.c **** 			xReturn = pdPASS;
ARM GAS  /tmp/ccAaDn2P.s 			page 13


 660:Middlewares/Third_Party/FreeRTOS/Source/queue.c **** 		}
 661:Middlewares/Third_Party/FreeRTOS/Source/queue.c **** 		else
 662:Middlewares/Third_Party/FreeRTOS/Source/queue.c **** 		{
 663:Middlewares/Third_Party/FreeRTOS/Source/queue.c **** 			xReturn = xQueueSemaphoreTake( pxMutex, xTicksToWait );
 664:Middlewares/Third_Party/FreeRTOS/Source/queue.c **** 
 665:Middlewares/Third_Party/FreeRTOS/Source/queue.c **** 			/* pdPASS will only be returned if the mutex was successfully
 666:Middlewares/Third_Party/FreeRTOS/Source/queue.c **** 			obtained.  The calling task may have entered the Blocked state
 667:Middlewares/Third_Party/FreeRTOS/Source/queue.c **** 			before reaching here. */
 668:Middlewares/Third_Party/FreeRTOS/Source/queue.c **** 			if( xReturn != pdFAIL )
 669:Middlewares/Third_Party/FreeRTOS/Source/queue.c **** 			{
 670:Middlewares/Third_Party/FreeRTOS/Source/queue.c **** 				( pxMutex->u.xSemaphore.uxRecursiveCallCount )++;
 671:Middlewares/Third_Party/FreeRTOS/Source/queue.c **** 			}
 672:Middlewares/Third_Party/FreeRTOS/Source/queue.c **** 			else
 673:Middlewares/Third_Party/FreeRTOS/Source/queue.c **** 			{
 674:Middlewares/Third_Party/FreeRTOS/Source/queue.c **** 				traceTAKE_MUTEX_RECURSIVE_FAILED( pxMutex );
 675:Middlewares/Third_Party/FreeRTOS/Source/queue.c **** 			}
 676:Middlewares/Third_Party/FreeRTOS/Source/queue.c **** 		}
 677:Middlewares/Third_Party/FreeRTOS/Source/queue.c **** 
 678:Middlewares/Third_Party/FreeRTOS/Source/queue.c **** 		return xReturn;
 679:Middlewares/Third_Party/FreeRTOS/Source/queue.c **** 	}
 680:Middlewares/Third_Party/FreeRTOS/Source/queue.c **** 
 681:Middlewares/Third_Party/FreeRTOS/Source/queue.c **** #endif /* configUSE_RECURSIVE_MUTEXES */
 682:Middlewares/Third_Party/FreeRTOS/Source/queue.c **** /*-----------------------------------------------------------*/
 683:Middlewares/Third_Party/FreeRTOS/Source/queue.c **** 
 684:Middlewares/Third_Party/FreeRTOS/Source/queue.c **** #if( ( configUSE_COUNTING_SEMAPHORES == 1 ) && ( configSUPPORT_STATIC_ALLOCATION == 1 ) )
 685:Middlewares/Third_Party/FreeRTOS/Source/queue.c **** 
 686:Middlewares/Third_Party/FreeRTOS/Source/queue.c **** 	QueueHandle_t xQueueCreateCountingSemaphoreStatic( const UBaseType_t uxMaxCount, const UBaseType_t
 687:Middlewares/Third_Party/FreeRTOS/Source/queue.c **** 	{
 688:Middlewares/Third_Party/FreeRTOS/Source/queue.c **** 	QueueHandle_t xHandle;
 689:Middlewares/Third_Party/FreeRTOS/Source/queue.c **** 
 690:Middlewares/Third_Party/FreeRTOS/Source/queue.c **** 		configASSERT( uxMaxCount != 0 );
 691:Middlewares/Third_Party/FreeRTOS/Source/queue.c **** 		configASSERT( uxInitialCount <= uxMaxCount );
 692:Middlewares/Third_Party/FreeRTOS/Source/queue.c **** 
 693:Middlewares/Third_Party/FreeRTOS/Source/queue.c **** 		xHandle = xQueueGenericCreateStatic( uxMaxCount, queueSEMAPHORE_QUEUE_ITEM_LENGTH, NULL, pxStatic
 694:Middlewares/Third_Party/FreeRTOS/Source/queue.c **** 
 695:Middlewares/Third_Party/FreeRTOS/Source/queue.c **** 		if( xHandle != NULL )
 696:Middlewares/Third_Party/FreeRTOS/Source/queue.c **** 		{
 697:Middlewares/Third_Party/FreeRTOS/Source/queue.c **** 			( ( Queue_t * ) xHandle )->uxMessagesWaiting = uxInitialCount;
 698:Middlewares/Third_Party/FreeRTOS/Source/queue.c **** 
 699:Middlewares/Third_Party/FreeRTOS/Source/queue.c **** 			traceCREATE_COUNTING_SEMAPHORE();
 700:Middlewares/Third_Party/FreeRTOS/Source/queue.c **** 		}
 701:Middlewares/Third_Party/FreeRTOS/Source/queue.c **** 		else
 702:Middlewares/Third_Party/FreeRTOS/Source/queue.c **** 		{
 703:Middlewares/Third_Party/FreeRTOS/Source/queue.c **** 			traceCREATE_COUNTING_SEMAPHORE_FAILED();
 704:Middlewares/Third_Party/FreeRTOS/Source/queue.c **** 		}
 705:Middlewares/Third_Party/FreeRTOS/Source/queue.c **** 
 706:Middlewares/Third_Party/FreeRTOS/Source/queue.c **** 		return xHandle;
 707:Middlewares/Third_Party/FreeRTOS/Source/queue.c **** 	}
 708:Middlewares/Third_Party/FreeRTOS/Source/queue.c **** 
 709:Middlewares/Third_Party/FreeRTOS/Source/queue.c **** #endif /* ( ( configUSE_COUNTING_SEMAPHORES == 1 ) && ( configSUPPORT_DYNAMIC_ALLOCATION == 1 ) ) *
 710:Middlewares/Third_Party/FreeRTOS/Source/queue.c **** /*-----------------------------------------------------------*/
 711:Middlewares/Third_Party/FreeRTOS/Source/queue.c **** 
 712:Middlewares/Third_Party/FreeRTOS/Source/queue.c **** #if( ( configUSE_COUNTING_SEMAPHORES == 1 ) && ( configSUPPORT_DYNAMIC_ALLOCATION == 1 ) )
 713:Middlewares/Third_Party/FreeRTOS/Source/queue.c **** 
 714:Middlewares/Third_Party/FreeRTOS/Source/queue.c **** 	QueueHandle_t xQueueCreateCountingSemaphore( const UBaseType_t uxMaxCount, const UBaseType_t uxIni
 715:Middlewares/Third_Party/FreeRTOS/Source/queue.c **** 	{
 716:Middlewares/Third_Party/FreeRTOS/Source/queue.c **** 	QueueHandle_t xHandle;
ARM GAS  /tmp/ccAaDn2P.s 			page 14


 717:Middlewares/Third_Party/FreeRTOS/Source/queue.c **** 
 718:Middlewares/Third_Party/FreeRTOS/Source/queue.c **** 		configASSERT( uxMaxCount != 0 );
 719:Middlewares/Third_Party/FreeRTOS/Source/queue.c **** 		configASSERT( uxInitialCount <= uxMaxCount );
 720:Middlewares/Third_Party/FreeRTOS/Source/queue.c **** 
 721:Middlewares/Third_Party/FreeRTOS/Source/queue.c **** 		xHandle = xQueueGenericCreate( uxMaxCount, queueSEMAPHORE_QUEUE_ITEM_LENGTH, queueQUEUE_TYPE_COUN
 722:Middlewares/Third_Party/FreeRTOS/Source/queue.c **** 
 723:Middlewares/Third_Party/FreeRTOS/Source/queue.c **** 		if( xHandle != NULL )
 724:Middlewares/Third_Party/FreeRTOS/Source/queue.c **** 		{
 725:Middlewares/Third_Party/FreeRTOS/Source/queue.c **** 			( ( Queue_t * ) xHandle )->uxMessagesWaiting = uxInitialCount;
 726:Middlewares/Third_Party/FreeRTOS/Source/queue.c **** 
 727:Middlewares/Third_Party/FreeRTOS/Source/queue.c **** 			traceCREATE_COUNTING_SEMAPHORE();
 728:Middlewares/Third_Party/FreeRTOS/Source/queue.c **** 		}
 729:Middlewares/Third_Party/FreeRTOS/Source/queue.c **** 		else
 730:Middlewares/Third_Party/FreeRTOS/Source/queue.c **** 		{
 731:Middlewares/Third_Party/FreeRTOS/Source/queue.c **** 			traceCREATE_COUNTING_SEMAPHORE_FAILED();
 732:Middlewares/Third_Party/FreeRTOS/Source/queue.c **** 		}
 733:Middlewares/Third_Party/FreeRTOS/Source/queue.c **** 
 734:Middlewares/Third_Party/FreeRTOS/Source/queue.c **** 		return xHandle;
 735:Middlewares/Third_Party/FreeRTOS/Source/queue.c **** 	}
 736:Middlewares/Third_Party/FreeRTOS/Source/queue.c **** 
 737:Middlewares/Third_Party/FreeRTOS/Source/queue.c **** #endif /* ( ( configUSE_COUNTING_SEMAPHORES == 1 ) && ( configSUPPORT_DYNAMIC_ALLOCATION == 1 ) ) *
 738:Middlewares/Third_Party/FreeRTOS/Source/queue.c **** /*-----------------------------------------------------------*/
 739:Middlewares/Third_Party/FreeRTOS/Source/queue.c **** 
 740:Middlewares/Third_Party/FreeRTOS/Source/queue.c **** BaseType_t xQueueGenericSend( QueueHandle_t xQueue, const void * const pvItemToQueue, TickType_t xT
 741:Middlewares/Third_Party/FreeRTOS/Source/queue.c **** {
 742:Middlewares/Third_Party/FreeRTOS/Source/queue.c **** BaseType_t xEntryTimeSet = pdFALSE, xYieldRequired;
 743:Middlewares/Third_Party/FreeRTOS/Source/queue.c **** TimeOut_t xTimeOut;
 744:Middlewares/Third_Party/FreeRTOS/Source/queue.c **** Queue_t * const pxQueue = xQueue;
 745:Middlewares/Third_Party/FreeRTOS/Source/queue.c **** 
 746:Middlewares/Third_Party/FreeRTOS/Source/queue.c **** 	configASSERT( pxQueue );
 747:Middlewares/Third_Party/FreeRTOS/Source/queue.c **** 	configASSERT( !( ( pvItemToQueue == NULL ) && ( pxQueue->uxItemSize != ( UBaseType_t ) 0U ) ) );
 748:Middlewares/Third_Party/FreeRTOS/Source/queue.c **** 	configASSERT( !( ( xCopyPosition == queueOVERWRITE ) && ( pxQueue->uxLength != 1 ) ) );
 749:Middlewares/Third_Party/FreeRTOS/Source/queue.c **** 	#if ( ( INCLUDE_xTaskGetSchedulerState == 1 ) || ( configUSE_TIMERS == 1 ) )
 750:Middlewares/Third_Party/FreeRTOS/Source/queue.c **** 	{
 751:Middlewares/Third_Party/FreeRTOS/Source/queue.c **** 		configASSERT( !( ( xTaskGetSchedulerState() == taskSCHEDULER_SUSPENDED ) && ( xTicksToWait != 0 )
 752:Middlewares/Third_Party/FreeRTOS/Source/queue.c **** 	}
 753:Middlewares/Third_Party/FreeRTOS/Source/queue.c **** 	#endif
 754:Middlewares/Third_Party/FreeRTOS/Source/queue.c **** 
 755:Middlewares/Third_Party/FreeRTOS/Source/queue.c **** 
 756:Middlewares/Third_Party/FreeRTOS/Source/queue.c **** 	/*lint -save -e904 This function relaxes the coding standard somewhat to
 757:Middlewares/Third_Party/FreeRTOS/Source/queue.c **** 	allow return statements within the function itself.  This is done in the
 758:Middlewares/Third_Party/FreeRTOS/Source/queue.c **** 	interest of execution time efficiency. */
 759:Middlewares/Third_Party/FreeRTOS/Source/queue.c **** 	for( ;; )
 760:Middlewares/Third_Party/FreeRTOS/Source/queue.c **** 	{
 761:Middlewares/Third_Party/FreeRTOS/Source/queue.c **** 		taskENTER_CRITICAL();
 762:Middlewares/Third_Party/FreeRTOS/Source/queue.c **** 		{
 763:Middlewares/Third_Party/FreeRTOS/Source/queue.c **** 			/* Is there room on the queue now?  The running task must be the
 764:Middlewares/Third_Party/FreeRTOS/Source/queue.c **** 			highest priority task wanting to access the queue.  If the head item
 765:Middlewares/Third_Party/FreeRTOS/Source/queue.c **** 			in the queue is to be overwritten then it does not matter if the
 766:Middlewares/Third_Party/FreeRTOS/Source/queue.c **** 			queue is full. */
 767:Middlewares/Third_Party/FreeRTOS/Source/queue.c **** 			if( ( pxQueue->uxMessagesWaiting < pxQueue->uxLength ) || ( xCopyPosition == queueOVERWRITE ) )
 768:Middlewares/Third_Party/FreeRTOS/Source/queue.c **** 			{
 769:Middlewares/Third_Party/FreeRTOS/Source/queue.c **** 				traceQUEUE_SEND( pxQueue );
 770:Middlewares/Third_Party/FreeRTOS/Source/queue.c **** 
 771:Middlewares/Third_Party/FreeRTOS/Source/queue.c **** 				#if ( configUSE_QUEUE_SETS == 1 )
 772:Middlewares/Third_Party/FreeRTOS/Source/queue.c **** 				{
 773:Middlewares/Third_Party/FreeRTOS/Source/queue.c **** 				const UBaseType_t uxPreviousMessagesWaiting = pxQueue->uxMessagesWaiting;
ARM GAS  /tmp/ccAaDn2P.s 			page 15


 774:Middlewares/Third_Party/FreeRTOS/Source/queue.c **** 
 775:Middlewares/Third_Party/FreeRTOS/Source/queue.c **** 					xYieldRequired = prvCopyDataToQueue( pxQueue, pvItemToQueue, xCopyPosition );
 776:Middlewares/Third_Party/FreeRTOS/Source/queue.c **** 
 777:Middlewares/Third_Party/FreeRTOS/Source/queue.c **** 					if( pxQueue->pxQueueSetContainer != NULL )
 778:Middlewares/Third_Party/FreeRTOS/Source/queue.c **** 					{
 779:Middlewares/Third_Party/FreeRTOS/Source/queue.c **** 						if( ( xCopyPosition == queueOVERWRITE ) && ( uxPreviousMessagesWaiting != ( UBaseType_t ) 0 )
 780:Middlewares/Third_Party/FreeRTOS/Source/queue.c **** 						{
 781:Middlewares/Third_Party/FreeRTOS/Source/queue.c **** 							/* Do not notify the queue set as an existing item
 782:Middlewares/Third_Party/FreeRTOS/Source/queue.c **** 							was overwritten in the queue so the number of items
 783:Middlewares/Third_Party/FreeRTOS/Source/queue.c **** 							in the queue has not changed. */
 784:Middlewares/Third_Party/FreeRTOS/Source/queue.c **** 							mtCOVERAGE_TEST_MARKER();
 785:Middlewares/Third_Party/FreeRTOS/Source/queue.c **** 						}
 786:Middlewares/Third_Party/FreeRTOS/Source/queue.c **** 						else if( prvNotifyQueueSetContainer( pxQueue ) != pdFALSE )
 787:Middlewares/Third_Party/FreeRTOS/Source/queue.c **** 						{
 788:Middlewares/Third_Party/FreeRTOS/Source/queue.c **** 							/* The queue is a member of a queue set, and posting
 789:Middlewares/Third_Party/FreeRTOS/Source/queue.c **** 							to the queue set caused a higher priority task to
 790:Middlewares/Third_Party/FreeRTOS/Source/queue.c **** 							unblock. A context switch is required. */
 791:Middlewares/Third_Party/FreeRTOS/Source/queue.c **** 							queueYIELD_IF_USING_PREEMPTION();
 792:Middlewares/Third_Party/FreeRTOS/Source/queue.c **** 						}
 793:Middlewares/Third_Party/FreeRTOS/Source/queue.c **** 						else
 794:Middlewares/Third_Party/FreeRTOS/Source/queue.c **** 						{
 795:Middlewares/Third_Party/FreeRTOS/Source/queue.c **** 							mtCOVERAGE_TEST_MARKER();
 796:Middlewares/Third_Party/FreeRTOS/Source/queue.c **** 						}
 797:Middlewares/Third_Party/FreeRTOS/Source/queue.c **** 					}
 798:Middlewares/Third_Party/FreeRTOS/Source/queue.c **** 					else
 799:Middlewares/Third_Party/FreeRTOS/Source/queue.c **** 					{
 800:Middlewares/Third_Party/FreeRTOS/Source/queue.c **** 						/* If there was a task waiting for data to arrive on the
 801:Middlewares/Third_Party/FreeRTOS/Source/queue.c **** 						queue then unblock it now. */
 802:Middlewares/Third_Party/FreeRTOS/Source/queue.c **** 						if( listLIST_IS_EMPTY( &( pxQueue->xTasksWaitingToReceive ) ) == pdFALSE )
 803:Middlewares/Third_Party/FreeRTOS/Source/queue.c **** 						{
 804:Middlewares/Third_Party/FreeRTOS/Source/queue.c **** 							if( xTaskRemoveFromEventList( &( pxQueue->xTasksWaitingToReceive ) ) != pdFALSE )
 805:Middlewares/Third_Party/FreeRTOS/Source/queue.c **** 							{
 806:Middlewares/Third_Party/FreeRTOS/Source/queue.c **** 								/* The unblocked task has a priority higher than
 807:Middlewares/Third_Party/FreeRTOS/Source/queue.c **** 								our own so yield immediately.  Yes it is ok to
 808:Middlewares/Third_Party/FreeRTOS/Source/queue.c **** 								do this from within the critical section - the
 809:Middlewares/Third_Party/FreeRTOS/Source/queue.c **** 								kernel takes care of that. */
 810:Middlewares/Third_Party/FreeRTOS/Source/queue.c **** 								queueYIELD_IF_USING_PREEMPTION();
 811:Middlewares/Third_Party/FreeRTOS/Source/queue.c **** 							}
 812:Middlewares/Third_Party/FreeRTOS/Source/queue.c **** 							else
 813:Middlewares/Third_Party/FreeRTOS/Source/queue.c **** 							{
 814:Middlewares/Third_Party/FreeRTOS/Source/queue.c **** 								mtCOVERAGE_TEST_MARKER();
 815:Middlewares/Third_Party/FreeRTOS/Source/queue.c **** 							}
 816:Middlewares/Third_Party/FreeRTOS/Source/queue.c **** 						}
 817:Middlewares/Third_Party/FreeRTOS/Source/queue.c **** 						else if( xYieldRequired != pdFALSE )
 818:Middlewares/Third_Party/FreeRTOS/Source/queue.c **** 						{
 819:Middlewares/Third_Party/FreeRTOS/Source/queue.c **** 							/* This path is a special case that will only get
 820:Middlewares/Third_Party/FreeRTOS/Source/queue.c **** 							executed if the task was holding multiple mutexes
 821:Middlewares/Third_Party/FreeRTOS/Source/queue.c **** 							and the mutexes were given back in an order that is
 822:Middlewares/Third_Party/FreeRTOS/Source/queue.c **** 							different to that in which they were taken. */
 823:Middlewares/Third_Party/FreeRTOS/Source/queue.c **** 							queueYIELD_IF_USING_PREEMPTION();
 824:Middlewares/Third_Party/FreeRTOS/Source/queue.c **** 						}
 825:Middlewares/Third_Party/FreeRTOS/Source/queue.c **** 						else
 826:Middlewares/Third_Party/FreeRTOS/Source/queue.c **** 						{
 827:Middlewares/Third_Party/FreeRTOS/Source/queue.c **** 							mtCOVERAGE_TEST_MARKER();
 828:Middlewares/Third_Party/FreeRTOS/Source/queue.c **** 						}
 829:Middlewares/Third_Party/FreeRTOS/Source/queue.c **** 					}
 830:Middlewares/Third_Party/FreeRTOS/Source/queue.c **** 				}
ARM GAS  /tmp/ccAaDn2P.s 			page 16


 831:Middlewares/Third_Party/FreeRTOS/Source/queue.c **** 				#else /* configUSE_QUEUE_SETS */
 832:Middlewares/Third_Party/FreeRTOS/Source/queue.c **** 				{
 833:Middlewares/Third_Party/FreeRTOS/Source/queue.c **** 					xYieldRequired = prvCopyDataToQueue( pxQueue, pvItemToQueue, xCopyPosition );
 834:Middlewares/Third_Party/FreeRTOS/Source/queue.c **** 
 835:Middlewares/Third_Party/FreeRTOS/Source/queue.c **** 					/* If there was a task waiting for data to arrive on the
 836:Middlewares/Third_Party/FreeRTOS/Source/queue.c **** 					queue then unblock it now. */
 837:Middlewares/Third_Party/FreeRTOS/Source/queue.c **** 					if( listLIST_IS_EMPTY( &( pxQueue->xTasksWaitingToReceive ) ) == pdFALSE )
 838:Middlewares/Third_Party/FreeRTOS/Source/queue.c **** 					{
 839:Middlewares/Third_Party/FreeRTOS/Source/queue.c **** 						if( xTaskRemoveFromEventList( &( pxQueue->xTasksWaitingToReceive ) ) != pdFALSE )
 840:Middlewares/Third_Party/FreeRTOS/Source/queue.c **** 						{
 841:Middlewares/Third_Party/FreeRTOS/Source/queue.c **** 							/* The unblocked task has a priority higher than
 842:Middlewares/Third_Party/FreeRTOS/Source/queue.c **** 							our own so yield immediately.  Yes it is ok to do
 843:Middlewares/Third_Party/FreeRTOS/Source/queue.c **** 							this from within the critical section - the kernel
 844:Middlewares/Third_Party/FreeRTOS/Source/queue.c **** 							takes care of that. */
 845:Middlewares/Third_Party/FreeRTOS/Source/queue.c **** 							queueYIELD_IF_USING_PREEMPTION();
 846:Middlewares/Third_Party/FreeRTOS/Source/queue.c **** 						}
 847:Middlewares/Third_Party/FreeRTOS/Source/queue.c **** 						else
 848:Middlewares/Third_Party/FreeRTOS/Source/queue.c **** 						{
 849:Middlewares/Third_Party/FreeRTOS/Source/queue.c **** 							mtCOVERAGE_TEST_MARKER();
 850:Middlewares/Third_Party/FreeRTOS/Source/queue.c **** 						}
 851:Middlewares/Third_Party/FreeRTOS/Source/queue.c **** 					}
 852:Middlewares/Third_Party/FreeRTOS/Source/queue.c **** 					else if( xYieldRequired != pdFALSE )
 853:Middlewares/Third_Party/FreeRTOS/Source/queue.c **** 					{
 854:Middlewares/Third_Party/FreeRTOS/Source/queue.c **** 						/* This path is a special case that will only get
 855:Middlewares/Third_Party/FreeRTOS/Source/queue.c **** 						executed if the task was holding multiple mutexes and
 856:Middlewares/Third_Party/FreeRTOS/Source/queue.c **** 						the mutexes were given back in an order that is
 857:Middlewares/Third_Party/FreeRTOS/Source/queue.c **** 						different to that in which they were taken. */
 858:Middlewares/Third_Party/FreeRTOS/Source/queue.c **** 						queueYIELD_IF_USING_PREEMPTION();
 859:Middlewares/Third_Party/FreeRTOS/Source/queue.c **** 					}
 860:Middlewares/Third_Party/FreeRTOS/Source/queue.c **** 					else
 861:Middlewares/Third_Party/FreeRTOS/Source/queue.c **** 					{
 862:Middlewares/Third_Party/FreeRTOS/Source/queue.c **** 						mtCOVERAGE_TEST_MARKER();
 863:Middlewares/Third_Party/FreeRTOS/Source/queue.c **** 					}
 864:Middlewares/Third_Party/FreeRTOS/Source/queue.c **** 				}
 865:Middlewares/Third_Party/FreeRTOS/Source/queue.c **** 				#endif /* configUSE_QUEUE_SETS */
 866:Middlewares/Third_Party/FreeRTOS/Source/queue.c **** 
 867:Middlewares/Third_Party/FreeRTOS/Source/queue.c **** 				taskEXIT_CRITICAL();
 868:Middlewares/Third_Party/FreeRTOS/Source/queue.c **** 				return pdPASS;
 869:Middlewares/Third_Party/FreeRTOS/Source/queue.c **** 			}
 870:Middlewares/Third_Party/FreeRTOS/Source/queue.c **** 			else
 871:Middlewares/Third_Party/FreeRTOS/Source/queue.c **** 			{
 872:Middlewares/Third_Party/FreeRTOS/Source/queue.c **** 				if( xTicksToWait == ( TickType_t ) 0 )
 873:Middlewares/Third_Party/FreeRTOS/Source/queue.c **** 				{
 874:Middlewares/Third_Party/FreeRTOS/Source/queue.c **** 					/* The queue was full and no block time is specified (or
 875:Middlewares/Third_Party/FreeRTOS/Source/queue.c **** 					the block time has expired) so leave now. */
 876:Middlewares/Third_Party/FreeRTOS/Source/queue.c **** 					taskEXIT_CRITICAL();
 877:Middlewares/Third_Party/FreeRTOS/Source/queue.c **** 
 878:Middlewares/Third_Party/FreeRTOS/Source/queue.c **** 					/* Return to the original privilege level before exiting
 879:Middlewares/Third_Party/FreeRTOS/Source/queue.c **** 					the function. */
 880:Middlewares/Third_Party/FreeRTOS/Source/queue.c **** 					traceQUEUE_SEND_FAILED( pxQueue );
 881:Middlewares/Third_Party/FreeRTOS/Source/queue.c **** 					return errQUEUE_FULL;
 882:Middlewares/Third_Party/FreeRTOS/Source/queue.c **** 				}
 883:Middlewares/Third_Party/FreeRTOS/Source/queue.c **** 				else if( xEntryTimeSet == pdFALSE )
 884:Middlewares/Third_Party/FreeRTOS/Source/queue.c **** 				{
 885:Middlewares/Third_Party/FreeRTOS/Source/queue.c **** 					/* The queue was full and a block time was specified so
 886:Middlewares/Third_Party/FreeRTOS/Source/queue.c **** 					configure the timeout structure. */
 887:Middlewares/Third_Party/FreeRTOS/Source/queue.c **** 					vTaskInternalSetTimeOutState( &xTimeOut );
ARM GAS  /tmp/ccAaDn2P.s 			page 17


 888:Middlewares/Third_Party/FreeRTOS/Source/queue.c **** 					xEntryTimeSet = pdTRUE;
 889:Middlewares/Third_Party/FreeRTOS/Source/queue.c **** 				}
 890:Middlewares/Third_Party/FreeRTOS/Source/queue.c **** 				else
 891:Middlewares/Third_Party/FreeRTOS/Source/queue.c **** 				{
 892:Middlewares/Third_Party/FreeRTOS/Source/queue.c **** 					/* Entry time was already set. */
 893:Middlewares/Third_Party/FreeRTOS/Source/queue.c **** 					mtCOVERAGE_TEST_MARKER();
 894:Middlewares/Third_Party/FreeRTOS/Source/queue.c **** 				}
 895:Middlewares/Third_Party/FreeRTOS/Source/queue.c **** 			}
 896:Middlewares/Third_Party/FreeRTOS/Source/queue.c **** 		}
 897:Middlewares/Third_Party/FreeRTOS/Source/queue.c **** 		taskEXIT_CRITICAL();
 898:Middlewares/Third_Party/FreeRTOS/Source/queue.c **** 
 899:Middlewares/Third_Party/FreeRTOS/Source/queue.c **** 		/* Interrupts and other tasks can send to and receive from the queue
 900:Middlewares/Third_Party/FreeRTOS/Source/queue.c **** 		now the critical section has been exited. */
 901:Middlewares/Third_Party/FreeRTOS/Source/queue.c **** 
 902:Middlewares/Third_Party/FreeRTOS/Source/queue.c **** 		vTaskSuspendAll();
 903:Middlewares/Third_Party/FreeRTOS/Source/queue.c **** 		prvLockQueue( pxQueue );
 904:Middlewares/Third_Party/FreeRTOS/Source/queue.c **** 
 905:Middlewares/Third_Party/FreeRTOS/Source/queue.c **** 		/* Update the timeout state to see if it has expired yet. */
 906:Middlewares/Third_Party/FreeRTOS/Source/queue.c **** 		if( xTaskCheckForTimeOut( &xTimeOut, &xTicksToWait ) == pdFALSE )
 907:Middlewares/Third_Party/FreeRTOS/Source/queue.c **** 		{
 908:Middlewares/Third_Party/FreeRTOS/Source/queue.c **** 			if( prvIsQueueFull( pxQueue ) != pdFALSE )
 909:Middlewares/Third_Party/FreeRTOS/Source/queue.c **** 			{
 910:Middlewares/Third_Party/FreeRTOS/Source/queue.c **** 				traceBLOCKING_ON_QUEUE_SEND( pxQueue );
 911:Middlewares/Third_Party/FreeRTOS/Source/queue.c **** 				vTaskPlaceOnEventList( &( pxQueue->xTasksWaitingToSend ), xTicksToWait );
 912:Middlewares/Third_Party/FreeRTOS/Source/queue.c **** 
 913:Middlewares/Third_Party/FreeRTOS/Source/queue.c **** 				/* Unlocking the queue means queue events can effect the
 914:Middlewares/Third_Party/FreeRTOS/Source/queue.c **** 				event list.  It is possible that interrupts occurring now
 915:Middlewares/Third_Party/FreeRTOS/Source/queue.c **** 				remove this task from the event list again - but as the
 916:Middlewares/Third_Party/FreeRTOS/Source/queue.c **** 				scheduler is suspended the task will go onto the pending
 917:Middlewares/Third_Party/FreeRTOS/Source/queue.c **** 				ready last instead of the actual ready list. */
 918:Middlewares/Third_Party/FreeRTOS/Source/queue.c **** 				prvUnlockQueue( pxQueue );
 919:Middlewares/Third_Party/FreeRTOS/Source/queue.c **** 
 920:Middlewares/Third_Party/FreeRTOS/Source/queue.c **** 				/* Resuming the scheduler will move tasks from the pending
 921:Middlewares/Third_Party/FreeRTOS/Source/queue.c **** 				ready list into the ready list - so it is feasible that this
 922:Middlewares/Third_Party/FreeRTOS/Source/queue.c **** 				task is already in a ready list before it yields - in which
 923:Middlewares/Third_Party/FreeRTOS/Source/queue.c **** 				case the yield will not cause a context switch unless there
 924:Middlewares/Third_Party/FreeRTOS/Source/queue.c **** 				is also a higher priority task in the pending ready list. */
 925:Middlewares/Third_Party/FreeRTOS/Source/queue.c **** 				if( xTaskResumeAll() == pdFALSE )
 926:Middlewares/Third_Party/FreeRTOS/Source/queue.c **** 				{
 927:Middlewares/Third_Party/FreeRTOS/Source/queue.c **** 					portYIELD_WITHIN_API();
 928:Middlewares/Third_Party/FreeRTOS/Source/queue.c **** 				}
 929:Middlewares/Third_Party/FreeRTOS/Source/queue.c **** 			}
 930:Middlewares/Third_Party/FreeRTOS/Source/queue.c **** 			else
 931:Middlewares/Third_Party/FreeRTOS/Source/queue.c **** 			{
 932:Middlewares/Third_Party/FreeRTOS/Source/queue.c **** 				/* Try again. */
 933:Middlewares/Third_Party/FreeRTOS/Source/queue.c **** 				prvUnlockQueue( pxQueue );
 934:Middlewares/Third_Party/FreeRTOS/Source/queue.c **** 				( void ) xTaskResumeAll();
 935:Middlewares/Third_Party/FreeRTOS/Source/queue.c **** 			}
 936:Middlewares/Third_Party/FreeRTOS/Source/queue.c **** 		}
 937:Middlewares/Third_Party/FreeRTOS/Source/queue.c **** 		else
 938:Middlewares/Third_Party/FreeRTOS/Source/queue.c **** 		{
 939:Middlewares/Third_Party/FreeRTOS/Source/queue.c **** 			/* The timeout has expired. */
 940:Middlewares/Third_Party/FreeRTOS/Source/queue.c **** 			prvUnlockQueue( pxQueue );
 941:Middlewares/Third_Party/FreeRTOS/Source/queue.c **** 			( void ) xTaskResumeAll();
 942:Middlewares/Third_Party/FreeRTOS/Source/queue.c **** 
 943:Middlewares/Third_Party/FreeRTOS/Source/queue.c **** 			traceQUEUE_SEND_FAILED( pxQueue );
 944:Middlewares/Third_Party/FreeRTOS/Source/queue.c **** 			return errQUEUE_FULL;
ARM GAS  /tmp/ccAaDn2P.s 			page 18


 945:Middlewares/Third_Party/FreeRTOS/Source/queue.c **** 		}
 946:Middlewares/Third_Party/FreeRTOS/Source/queue.c **** 	} /*lint -restore */
 947:Middlewares/Third_Party/FreeRTOS/Source/queue.c **** }
 948:Middlewares/Third_Party/FreeRTOS/Source/queue.c **** /*-----------------------------------------------------------*/
 949:Middlewares/Third_Party/FreeRTOS/Source/queue.c **** 
 950:Middlewares/Third_Party/FreeRTOS/Source/queue.c **** BaseType_t xQueueGenericSendFromISR( QueueHandle_t xQueue, const void * const pvItemToQueue, BaseTy
 951:Middlewares/Third_Party/FreeRTOS/Source/queue.c **** {
 952:Middlewares/Third_Party/FreeRTOS/Source/queue.c **** BaseType_t xReturn;
 953:Middlewares/Third_Party/FreeRTOS/Source/queue.c **** UBaseType_t uxSavedInterruptStatus;
 954:Middlewares/Third_Party/FreeRTOS/Source/queue.c **** Queue_t * const pxQueue = xQueue;
 955:Middlewares/Third_Party/FreeRTOS/Source/queue.c **** 
 956:Middlewares/Third_Party/FreeRTOS/Source/queue.c **** 	configASSERT( pxQueue );
 957:Middlewares/Third_Party/FreeRTOS/Source/queue.c **** 	configASSERT( !( ( pvItemToQueue == NULL ) && ( pxQueue->uxItemSize != ( UBaseType_t ) 0U ) ) );
 958:Middlewares/Third_Party/FreeRTOS/Source/queue.c **** 	configASSERT( !( ( xCopyPosition == queueOVERWRITE ) && ( pxQueue->uxLength != 1 ) ) );
 959:Middlewares/Third_Party/FreeRTOS/Source/queue.c **** 
 960:Middlewares/Third_Party/FreeRTOS/Source/queue.c **** 	/* RTOS ports that support interrupt nesting have the concept of a maximum
 961:Middlewares/Third_Party/FreeRTOS/Source/queue.c **** 	system call (or maximum API call) interrupt priority.  Interrupts that are
 962:Middlewares/Third_Party/FreeRTOS/Source/queue.c **** 	above the maximum system call priority are kept permanently enabled, even
 963:Middlewares/Third_Party/FreeRTOS/Source/queue.c **** 	when the RTOS kernel is in a critical section, but cannot make any calls to
 964:Middlewares/Third_Party/FreeRTOS/Source/queue.c **** 	FreeRTOS API functions.  If configASSERT() is defined in FreeRTOSConfig.h
 965:Middlewares/Third_Party/FreeRTOS/Source/queue.c **** 	then portASSERT_IF_INTERRUPT_PRIORITY_INVALID() will result in an assertion
 966:Middlewares/Third_Party/FreeRTOS/Source/queue.c **** 	failure if a FreeRTOS API function is called from an interrupt that has been
 967:Middlewares/Third_Party/FreeRTOS/Source/queue.c **** 	assigned a priority above the configured maximum system call priority.
 968:Middlewares/Third_Party/FreeRTOS/Source/queue.c **** 	Only FreeRTOS functions that end in FromISR can be called from interrupts
 969:Middlewares/Third_Party/FreeRTOS/Source/queue.c **** 	that have been assigned a priority at or (logically) below the maximum
 970:Middlewares/Third_Party/FreeRTOS/Source/queue.c **** 	system call	interrupt priority.  FreeRTOS maintains a separate interrupt
 971:Middlewares/Third_Party/FreeRTOS/Source/queue.c **** 	safe API to ensure interrupt entry is as fast and as simple as possible.
 972:Middlewares/Third_Party/FreeRTOS/Source/queue.c **** 	More information (albeit Cortex-M specific) is provided on the following
 973:Middlewares/Third_Party/FreeRTOS/Source/queue.c **** 	link: http://www.freertos.org/RTOS-Cortex-M3-M4.html */
 974:Middlewares/Third_Party/FreeRTOS/Source/queue.c **** 	portASSERT_IF_INTERRUPT_PRIORITY_INVALID();
 975:Middlewares/Third_Party/FreeRTOS/Source/queue.c **** 
 976:Middlewares/Third_Party/FreeRTOS/Source/queue.c **** 	/* Similar to xQueueGenericSend, except without blocking if there is no room
 977:Middlewares/Third_Party/FreeRTOS/Source/queue.c **** 	in the queue.  Also don't directly wake a task that was blocked on a queue
 978:Middlewares/Third_Party/FreeRTOS/Source/queue.c **** 	read, instead return a flag to say whether a context switch is required or
 979:Middlewares/Third_Party/FreeRTOS/Source/queue.c **** 	not (i.e. has a task with a higher priority than us been woken by this
 980:Middlewares/Third_Party/FreeRTOS/Source/queue.c **** 	post). */
 981:Middlewares/Third_Party/FreeRTOS/Source/queue.c **** 	uxSavedInterruptStatus = portSET_INTERRUPT_MASK_FROM_ISR();
 982:Middlewares/Third_Party/FreeRTOS/Source/queue.c **** 	{
 983:Middlewares/Third_Party/FreeRTOS/Source/queue.c **** 		if( ( pxQueue->uxMessagesWaiting < pxQueue->uxLength ) || ( xCopyPosition == queueOVERWRITE ) )
 984:Middlewares/Third_Party/FreeRTOS/Source/queue.c **** 		{
 985:Middlewares/Third_Party/FreeRTOS/Source/queue.c **** 			const int8_t cTxLock = pxQueue->cTxLock;
 986:Middlewares/Third_Party/FreeRTOS/Source/queue.c **** 			const UBaseType_t uxPreviousMessagesWaiting = pxQueue->uxMessagesWaiting;
 987:Middlewares/Third_Party/FreeRTOS/Source/queue.c **** 
 988:Middlewares/Third_Party/FreeRTOS/Source/queue.c **** 			traceQUEUE_SEND_FROM_ISR( pxQueue );
 989:Middlewares/Third_Party/FreeRTOS/Source/queue.c **** 
 990:Middlewares/Third_Party/FreeRTOS/Source/queue.c **** 			/* Semaphores use xQueueGiveFromISR(), so pxQueue will not be a
 991:Middlewares/Third_Party/FreeRTOS/Source/queue.c **** 			semaphore or mutex.  That means prvCopyDataToQueue() cannot result
 992:Middlewares/Third_Party/FreeRTOS/Source/queue.c **** 			in a task disinheriting a priority and prvCopyDataToQueue() can be
 993:Middlewares/Third_Party/FreeRTOS/Source/queue.c **** 			called here even though the disinherit function does not check if
 994:Middlewares/Third_Party/FreeRTOS/Source/queue.c **** 			the scheduler is suspended before accessing the ready lists. */
 995:Middlewares/Third_Party/FreeRTOS/Source/queue.c **** 			( void ) prvCopyDataToQueue( pxQueue, pvItemToQueue, xCopyPosition );
 996:Middlewares/Third_Party/FreeRTOS/Source/queue.c **** 
 997:Middlewares/Third_Party/FreeRTOS/Source/queue.c **** 			/* The event list is not altered if the queue is locked.  This will
 998:Middlewares/Third_Party/FreeRTOS/Source/queue.c **** 			be done when the queue is unlocked later. */
 999:Middlewares/Third_Party/FreeRTOS/Source/queue.c **** 			if( cTxLock == queueUNLOCKED )
1000:Middlewares/Third_Party/FreeRTOS/Source/queue.c **** 			{
1001:Middlewares/Third_Party/FreeRTOS/Source/queue.c **** 				#if ( configUSE_QUEUE_SETS == 1 )
ARM GAS  /tmp/ccAaDn2P.s 			page 19


1002:Middlewares/Third_Party/FreeRTOS/Source/queue.c **** 				{
1003:Middlewares/Third_Party/FreeRTOS/Source/queue.c **** 					if( pxQueue->pxQueueSetContainer != NULL )
1004:Middlewares/Third_Party/FreeRTOS/Source/queue.c **** 					{
1005:Middlewares/Third_Party/FreeRTOS/Source/queue.c **** 						if( ( xCopyPosition == queueOVERWRITE ) && ( uxPreviousMessagesWaiting != ( UBaseType_t ) 0 )
1006:Middlewares/Third_Party/FreeRTOS/Source/queue.c **** 						{
1007:Middlewares/Third_Party/FreeRTOS/Source/queue.c **** 							/* Do not notify the queue set as an existing item
1008:Middlewares/Third_Party/FreeRTOS/Source/queue.c **** 							was overwritten in the queue so the number of items
1009:Middlewares/Third_Party/FreeRTOS/Source/queue.c **** 							in the queue has not changed. */
1010:Middlewares/Third_Party/FreeRTOS/Source/queue.c **** 							mtCOVERAGE_TEST_MARKER();
1011:Middlewares/Third_Party/FreeRTOS/Source/queue.c **** 						}
1012:Middlewares/Third_Party/FreeRTOS/Source/queue.c **** 						else if( prvNotifyQueueSetContainer( pxQueue ) != pdFALSE )
1013:Middlewares/Third_Party/FreeRTOS/Source/queue.c **** 						{
1014:Middlewares/Third_Party/FreeRTOS/Source/queue.c **** 							/* The queue is a member of a queue set, and posting
1015:Middlewares/Third_Party/FreeRTOS/Source/queue.c **** 							to the queue set caused a higher priority task to
1016:Middlewares/Third_Party/FreeRTOS/Source/queue.c **** 							unblock.  A context switch is required. */
1017:Middlewares/Third_Party/FreeRTOS/Source/queue.c **** 							if( pxHigherPriorityTaskWoken != NULL )
1018:Middlewares/Third_Party/FreeRTOS/Source/queue.c **** 							{
1019:Middlewares/Third_Party/FreeRTOS/Source/queue.c **** 								*pxHigherPriorityTaskWoken = pdTRUE;
1020:Middlewares/Third_Party/FreeRTOS/Source/queue.c **** 							}
1021:Middlewares/Third_Party/FreeRTOS/Source/queue.c **** 							else
1022:Middlewares/Third_Party/FreeRTOS/Source/queue.c **** 							{
1023:Middlewares/Third_Party/FreeRTOS/Source/queue.c **** 								mtCOVERAGE_TEST_MARKER();
1024:Middlewares/Third_Party/FreeRTOS/Source/queue.c **** 							}
1025:Middlewares/Third_Party/FreeRTOS/Source/queue.c **** 						}
1026:Middlewares/Third_Party/FreeRTOS/Source/queue.c **** 						else
1027:Middlewares/Third_Party/FreeRTOS/Source/queue.c **** 						{
1028:Middlewares/Third_Party/FreeRTOS/Source/queue.c **** 							mtCOVERAGE_TEST_MARKER();
1029:Middlewares/Third_Party/FreeRTOS/Source/queue.c **** 						}
1030:Middlewares/Third_Party/FreeRTOS/Source/queue.c **** 					}
1031:Middlewares/Third_Party/FreeRTOS/Source/queue.c **** 					else
1032:Middlewares/Third_Party/FreeRTOS/Source/queue.c **** 					{
1033:Middlewares/Third_Party/FreeRTOS/Source/queue.c **** 						if( listLIST_IS_EMPTY( &( pxQueue->xTasksWaitingToReceive ) ) == pdFALSE )
1034:Middlewares/Third_Party/FreeRTOS/Source/queue.c **** 						{
1035:Middlewares/Third_Party/FreeRTOS/Source/queue.c **** 							if( xTaskRemoveFromEventList( &( pxQueue->xTasksWaitingToReceive ) ) != pdFALSE )
1036:Middlewares/Third_Party/FreeRTOS/Source/queue.c **** 							{
1037:Middlewares/Third_Party/FreeRTOS/Source/queue.c **** 								/* The task waiting has a higher priority so
1038:Middlewares/Third_Party/FreeRTOS/Source/queue.c **** 								record that a context switch is required. */
1039:Middlewares/Third_Party/FreeRTOS/Source/queue.c **** 								if( pxHigherPriorityTaskWoken != NULL )
1040:Middlewares/Third_Party/FreeRTOS/Source/queue.c **** 								{
1041:Middlewares/Third_Party/FreeRTOS/Source/queue.c **** 									*pxHigherPriorityTaskWoken = pdTRUE;
1042:Middlewares/Third_Party/FreeRTOS/Source/queue.c **** 								}
1043:Middlewares/Third_Party/FreeRTOS/Source/queue.c **** 								else
1044:Middlewares/Third_Party/FreeRTOS/Source/queue.c **** 								{
1045:Middlewares/Third_Party/FreeRTOS/Source/queue.c **** 									mtCOVERAGE_TEST_MARKER();
1046:Middlewares/Third_Party/FreeRTOS/Source/queue.c **** 								}
1047:Middlewares/Third_Party/FreeRTOS/Source/queue.c **** 							}
1048:Middlewares/Third_Party/FreeRTOS/Source/queue.c **** 							else
1049:Middlewares/Third_Party/FreeRTOS/Source/queue.c **** 							{
1050:Middlewares/Third_Party/FreeRTOS/Source/queue.c **** 								mtCOVERAGE_TEST_MARKER();
1051:Middlewares/Third_Party/FreeRTOS/Source/queue.c **** 							}
1052:Middlewares/Third_Party/FreeRTOS/Source/queue.c **** 						}
1053:Middlewares/Third_Party/FreeRTOS/Source/queue.c **** 						else
1054:Middlewares/Third_Party/FreeRTOS/Source/queue.c **** 						{
1055:Middlewares/Third_Party/FreeRTOS/Source/queue.c **** 							mtCOVERAGE_TEST_MARKER();
1056:Middlewares/Third_Party/FreeRTOS/Source/queue.c **** 						}
1057:Middlewares/Third_Party/FreeRTOS/Source/queue.c **** 					}
1058:Middlewares/Third_Party/FreeRTOS/Source/queue.c **** 				}
ARM GAS  /tmp/ccAaDn2P.s 			page 20


1059:Middlewares/Third_Party/FreeRTOS/Source/queue.c **** 				#else /* configUSE_QUEUE_SETS */
1060:Middlewares/Third_Party/FreeRTOS/Source/queue.c **** 				{
1061:Middlewares/Third_Party/FreeRTOS/Source/queue.c **** 					if( listLIST_IS_EMPTY( &( pxQueue->xTasksWaitingToReceive ) ) == pdFALSE )
1062:Middlewares/Third_Party/FreeRTOS/Source/queue.c **** 					{
1063:Middlewares/Third_Party/FreeRTOS/Source/queue.c **** 						if( xTaskRemoveFromEventList( &( pxQueue->xTasksWaitingToReceive ) ) != pdFALSE )
1064:Middlewares/Third_Party/FreeRTOS/Source/queue.c **** 						{
1065:Middlewares/Third_Party/FreeRTOS/Source/queue.c **** 							/* The task waiting has a higher priority so record that a
1066:Middlewares/Third_Party/FreeRTOS/Source/queue.c **** 							context	switch is required. */
1067:Middlewares/Third_Party/FreeRTOS/Source/queue.c **** 							if( pxHigherPriorityTaskWoken != NULL )
1068:Middlewares/Third_Party/FreeRTOS/Source/queue.c **** 							{
1069:Middlewares/Third_Party/FreeRTOS/Source/queue.c **** 								*pxHigherPriorityTaskWoken = pdTRUE;
1070:Middlewares/Third_Party/FreeRTOS/Source/queue.c **** 							}
1071:Middlewares/Third_Party/FreeRTOS/Source/queue.c **** 							else
1072:Middlewares/Third_Party/FreeRTOS/Source/queue.c **** 							{
1073:Middlewares/Third_Party/FreeRTOS/Source/queue.c **** 								mtCOVERAGE_TEST_MARKER();
1074:Middlewares/Third_Party/FreeRTOS/Source/queue.c **** 							}
1075:Middlewares/Third_Party/FreeRTOS/Source/queue.c **** 						}
1076:Middlewares/Third_Party/FreeRTOS/Source/queue.c **** 						else
1077:Middlewares/Third_Party/FreeRTOS/Source/queue.c **** 						{
1078:Middlewares/Third_Party/FreeRTOS/Source/queue.c **** 							mtCOVERAGE_TEST_MARKER();
1079:Middlewares/Third_Party/FreeRTOS/Source/queue.c **** 						}
1080:Middlewares/Third_Party/FreeRTOS/Source/queue.c **** 					}
1081:Middlewares/Third_Party/FreeRTOS/Source/queue.c **** 					else
1082:Middlewares/Third_Party/FreeRTOS/Source/queue.c **** 					{
1083:Middlewares/Third_Party/FreeRTOS/Source/queue.c **** 						mtCOVERAGE_TEST_MARKER();
1084:Middlewares/Third_Party/FreeRTOS/Source/queue.c **** 					}
1085:Middlewares/Third_Party/FreeRTOS/Source/queue.c **** 					
1086:Middlewares/Third_Party/FreeRTOS/Source/queue.c **** 					/* Not used in this path. */
1087:Middlewares/Third_Party/FreeRTOS/Source/queue.c **** 					( void ) uxPreviousMessagesWaiting;
1088:Middlewares/Third_Party/FreeRTOS/Source/queue.c **** 				}
1089:Middlewares/Third_Party/FreeRTOS/Source/queue.c **** 				#endif /* configUSE_QUEUE_SETS */
1090:Middlewares/Third_Party/FreeRTOS/Source/queue.c **** 			}
1091:Middlewares/Third_Party/FreeRTOS/Source/queue.c **** 			else
1092:Middlewares/Third_Party/FreeRTOS/Source/queue.c **** 			{
1093:Middlewares/Third_Party/FreeRTOS/Source/queue.c **** 				/* Increment the lock count so the task that unlocks the queue
1094:Middlewares/Third_Party/FreeRTOS/Source/queue.c **** 				knows that data was posted while it was locked. */
1095:Middlewares/Third_Party/FreeRTOS/Source/queue.c **** 				pxQueue->cTxLock = ( int8_t ) ( cTxLock + 1 );
1096:Middlewares/Third_Party/FreeRTOS/Source/queue.c **** 			}
1097:Middlewares/Third_Party/FreeRTOS/Source/queue.c **** 
1098:Middlewares/Third_Party/FreeRTOS/Source/queue.c **** 			xReturn = pdPASS;
1099:Middlewares/Third_Party/FreeRTOS/Source/queue.c **** 		}
1100:Middlewares/Third_Party/FreeRTOS/Source/queue.c **** 		else
1101:Middlewares/Third_Party/FreeRTOS/Source/queue.c **** 		{
1102:Middlewares/Third_Party/FreeRTOS/Source/queue.c **** 			traceQUEUE_SEND_FROM_ISR_FAILED( pxQueue );
1103:Middlewares/Third_Party/FreeRTOS/Source/queue.c **** 			xReturn = errQUEUE_FULL;
1104:Middlewares/Third_Party/FreeRTOS/Source/queue.c **** 		}
1105:Middlewares/Third_Party/FreeRTOS/Source/queue.c **** 	}
1106:Middlewares/Third_Party/FreeRTOS/Source/queue.c **** 	portCLEAR_INTERRUPT_MASK_FROM_ISR( uxSavedInterruptStatus );
1107:Middlewares/Third_Party/FreeRTOS/Source/queue.c **** 
1108:Middlewares/Third_Party/FreeRTOS/Source/queue.c **** 	return xReturn;
1109:Middlewares/Third_Party/FreeRTOS/Source/queue.c **** }
1110:Middlewares/Third_Party/FreeRTOS/Source/queue.c **** /*-----------------------------------------------------------*/
1111:Middlewares/Third_Party/FreeRTOS/Source/queue.c **** 
1112:Middlewares/Third_Party/FreeRTOS/Source/queue.c **** BaseType_t xQueueGiveFromISR( QueueHandle_t xQueue, BaseType_t * const pxHigherPriorityTaskWoken )
1113:Middlewares/Third_Party/FreeRTOS/Source/queue.c **** {
1114:Middlewares/Third_Party/FreeRTOS/Source/queue.c **** BaseType_t xReturn;
1115:Middlewares/Third_Party/FreeRTOS/Source/queue.c **** UBaseType_t uxSavedInterruptStatus;
ARM GAS  /tmp/ccAaDn2P.s 			page 21


1116:Middlewares/Third_Party/FreeRTOS/Source/queue.c **** Queue_t * const pxQueue = xQueue;
1117:Middlewares/Third_Party/FreeRTOS/Source/queue.c **** 
1118:Middlewares/Third_Party/FreeRTOS/Source/queue.c **** 	/* Similar to xQueueGenericSendFromISR() but used with semaphores where the
1119:Middlewares/Third_Party/FreeRTOS/Source/queue.c **** 	item size is 0.  Don't directly wake a task that was blocked on a queue
1120:Middlewares/Third_Party/FreeRTOS/Source/queue.c **** 	read, instead return a flag to say whether a context switch is required or
1121:Middlewares/Third_Party/FreeRTOS/Source/queue.c **** 	not (i.e. has a task with a higher priority than us been woken by this
1122:Middlewares/Third_Party/FreeRTOS/Source/queue.c **** 	post). */
1123:Middlewares/Third_Party/FreeRTOS/Source/queue.c **** 
1124:Middlewares/Third_Party/FreeRTOS/Source/queue.c **** 	configASSERT( pxQueue );
1125:Middlewares/Third_Party/FreeRTOS/Source/queue.c **** 
1126:Middlewares/Third_Party/FreeRTOS/Source/queue.c **** 	/* xQueueGenericSendFromISR() should be used instead of xQueueGiveFromISR()
1127:Middlewares/Third_Party/FreeRTOS/Source/queue.c **** 	if the item size is not 0. */
1128:Middlewares/Third_Party/FreeRTOS/Source/queue.c **** 	configASSERT( pxQueue->uxItemSize == 0 );
1129:Middlewares/Third_Party/FreeRTOS/Source/queue.c **** 
1130:Middlewares/Third_Party/FreeRTOS/Source/queue.c **** 	/* Normally a mutex would not be given from an interrupt, especially if
1131:Middlewares/Third_Party/FreeRTOS/Source/queue.c **** 	there is a mutex holder, as priority inheritance makes no sense for an
1132:Middlewares/Third_Party/FreeRTOS/Source/queue.c **** 	interrupts, only tasks. */
1133:Middlewares/Third_Party/FreeRTOS/Source/queue.c **** 	configASSERT( !( ( pxQueue->uxQueueType == queueQUEUE_IS_MUTEX ) && ( pxQueue->u.xSemaphore.xMutex
1134:Middlewares/Third_Party/FreeRTOS/Source/queue.c **** 
1135:Middlewares/Third_Party/FreeRTOS/Source/queue.c **** 	/* RTOS ports that support interrupt nesting have the concept of a maximum
1136:Middlewares/Third_Party/FreeRTOS/Source/queue.c **** 	system call (or maximum API call) interrupt priority.  Interrupts that are
1137:Middlewares/Third_Party/FreeRTOS/Source/queue.c **** 	above the maximum system call priority are kept permanently enabled, even
1138:Middlewares/Third_Party/FreeRTOS/Source/queue.c **** 	when the RTOS kernel is in a critical section, but cannot make any calls to
1139:Middlewares/Third_Party/FreeRTOS/Source/queue.c **** 	FreeRTOS API functions.  If configASSERT() is defined in FreeRTOSConfig.h
1140:Middlewares/Third_Party/FreeRTOS/Source/queue.c **** 	then portASSERT_IF_INTERRUPT_PRIORITY_INVALID() will result in an assertion
1141:Middlewares/Third_Party/FreeRTOS/Source/queue.c **** 	failure if a FreeRTOS API function is called from an interrupt that has been
1142:Middlewares/Third_Party/FreeRTOS/Source/queue.c **** 	assigned a priority above the configured maximum system call priority.
1143:Middlewares/Third_Party/FreeRTOS/Source/queue.c **** 	Only FreeRTOS functions that end in FromISR can be called from interrupts
1144:Middlewares/Third_Party/FreeRTOS/Source/queue.c **** 	that have been assigned a priority at or (logically) below the maximum
1145:Middlewares/Third_Party/FreeRTOS/Source/queue.c **** 	system call	interrupt priority.  FreeRTOS maintains a separate interrupt
1146:Middlewares/Third_Party/FreeRTOS/Source/queue.c **** 	safe API to ensure interrupt entry is as fast and as simple as possible.
1147:Middlewares/Third_Party/FreeRTOS/Source/queue.c **** 	More information (albeit Cortex-M specific) is provided on the following
1148:Middlewares/Third_Party/FreeRTOS/Source/queue.c **** 	link: http://www.freertos.org/RTOS-Cortex-M3-M4.html */
1149:Middlewares/Third_Party/FreeRTOS/Source/queue.c **** 	portASSERT_IF_INTERRUPT_PRIORITY_INVALID();
1150:Middlewares/Third_Party/FreeRTOS/Source/queue.c **** 
1151:Middlewares/Third_Party/FreeRTOS/Source/queue.c **** 	uxSavedInterruptStatus = portSET_INTERRUPT_MASK_FROM_ISR();
1152:Middlewares/Third_Party/FreeRTOS/Source/queue.c **** 	{
1153:Middlewares/Third_Party/FreeRTOS/Source/queue.c **** 		const UBaseType_t uxMessagesWaiting = pxQueue->uxMessagesWaiting;
1154:Middlewares/Third_Party/FreeRTOS/Source/queue.c **** 
1155:Middlewares/Third_Party/FreeRTOS/Source/queue.c **** 		/* When the queue is used to implement a semaphore no data is ever
1156:Middlewares/Third_Party/FreeRTOS/Source/queue.c **** 		moved through the queue but it is still valid to see if the queue 'has
1157:Middlewares/Third_Party/FreeRTOS/Source/queue.c **** 		space'. */
1158:Middlewares/Third_Party/FreeRTOS/Source/queue.c **** 		if( uxMessagesWaiting < pxQueue->uxLength )
1159:Middlewares/Third_Party/FreeRTOS/Source/queue.c **** 		{
1160:Middlewares/Third_Party/FreeRTOS/Source/queue.c **** 			const int8_t cTxLock = pxQueue->cTxLock;
1161:Middlewares/Third_Party/FreeRTOS/Source/queue.c **** 
1162:Middlewares/Third_Party/FreeRTOS/Source/queue.c **** 			traceQUEUE_SEND_FROM_ISR( pxQueue );
1163:Middlewares/Third_Party/FreeRTOS/Source/queue.c **** 
1164:Middlewares/Third_Party/FreeRTOS/Source/queue.c **** 			/* A task can only have an inherited priority if it is a mutex
1165:Middlewares/Third_Party/FreeRTOS/Source/queue.c **** 			holder - and if there is a mutex holder then the mutex cannot be
1166:Middlewares/Third_Party/FreeRTOS/Source/queue.c **** 			given from an ISR.  As this is the ISR version of the function it
1167:Middlewares/Third_Party/FreeRTOS/Source/queue.c **** 			can be assumed there is no mutex holder and no need to determine if
1168:Middlewares/Third_Party/FreeRTOS/Source/queue.c **** 			priority disinheritance is needed.  Simply increase the count of
1169:Middlewares/Third_Party/FreeRTOS/Source/queue.c **** 			messages (semaphores) available. */
1170:Middlewares/Third_Party/FreeRTOS/Source/queue.c **** 			pxQueue->uxMessagesWaiting = uxMessagesWaiting + ( UBaseType_t ) 1;
1171:Middlewares/Third_Party/FreeRTOS/Source/queue.c **** 
1172:Middlewares/Third_Party/FreeRTOS/Source/queue.c **** 			/* The event list is not altered if the queue is locked.  This will
ARM GAS  /tmp/ccAaDn2P.s 			page 22


1173:Middlewares/Third_Party/FreeRTOS/Source/queue.c **** 			be done when the queue is unlocked later. */
1174:Middlewares/Third_Party/FreeRTOS/Source/queue.c **** 			if( cTxLock == queueUNLOCKED )
1175:Middlewares/Third_Party/FreeRTOS/Source/queue.c **** 			{
1176:Middlewares/Third_Party/FreeRTOS/Source/queue.c **** 				#if ( configUSE_QUEUE_SETS == 1 )
1177:Middlewares/Third_Party/FreeRTOS/Source/queue.c **** 				{
1178:Middlewares/Third_Party/FreeRTOS/Source/queue.c **** 					if( pxQueue->pxQueueSetContainer != NULL )
1179:Middlewares/Third_Party/FreeRTOS/Source/queue.c **** 					{
1180:Middlewares/Third_Party/FreeRTOS/Source/queue.c **** 						if( prvNotifyQueueSetContainer( pxQueue ) != pdFALSE )
1181:Middlewares/Third_Party/FreeRTOS/Source/queue.c **** 						{
1182:Middlewares/Third_Party/FreeRTOS/Source/queue.c **** 							/* The semaphore is a member of a queue set, and
1183:Middlewares/Third_Party/FreeRTOS/Source/queue.c **** 							posting	to the queue set caused a higher priority
1184:Middlewares/Third_Party/FreeRTOS/Source/queue.c **** 							task to	unblock.  A context switch is required. */
1185:Middlewares/Third_Party/FreeRTOS/Source/queue.c **** 							if( pxHigherPriorityTaskWoken != NULL )
1186:Middlewares/Third_Party/FreeRTOS/Source/queue.c **** 							{
1187:Middlewares/Third_Party/FreeRTOS/Source/queue.c **** 								*pxHigherPriorityTaskWoken = pdTRUE;
1188:Middlewares/Third_Party/FreeRTOS/Source/queue.c **** 							}
1189:Middlewares/Third_Party/FreeRTOS/Source/queue.c **** 							else
1190:Middlewares/Third_Party/FreeRTOS/Source/queue.c **** 							{
1191:Middlewares/Third_Party/FreeRTOS/Source/queue.c **** 								mtCOVERAGE_TEST_MARKER();
1192:Middlewares/Third_Party/FreeRTOS/Source/queue.c **** 							}
1193:Middlewares/Third_Party/FreeRTOS/Source/queue.c **** 						}
1194:Middlewares/Third_Party/FreeRTOS/Source/queue.c **** 						else
1195:Middlewares/Third_Party/FreeRTOS/Source/queue.c **** 						{
1196:Middlewares/Third_Party/FreeRTOS/Source/queue.c **** 							mtCOVERAGE_TEST_MARKER();
1197:Middlewares/Third_Party/FreeRTOS/Source/queue.c **** 						}
1198:Middlewares/Third_Party/FreeRTOS/Source/queue.c **** 					}
1199:Middlewares/Third_Party/FreeRTOS/Source/queue.c **** 					else
1200:Middlewares/Third_Party/FreeRTOS/Source/queue.c **** 					{
1201:Middlewares/Third_Party/FreeRTOS/Source/queue.c **** 						if( listLIST_IS_EMPTY( &( pxQueue->xTasksWaitingToReceive ) ) == pdFALSE )
1202:Middlewares/Third_Party/FreeRTOS/Source/queue.c **** 						{
1203:Middlewares/Third_Party/FreeRTOS/Source/queue.c **** 							if( xTaskRemoveFromEventList( &( pxQueue->xTasksWaitingToReceive ) ) != pdFALSE )
1204:Middlewares/Third_Party/FreeRTOS/Source/queue.c **** 							{
1205:Middlewares/Third_Party/FreeRTOS/Source/queue.c **** 								/* The task waiting has a higher priority so
1206:Middlewares/Third_Party/FreeRTOS/Source/queue.c **** 								record that a context switch is required. */
1207:Middlewares/Third_Party/FreeRTOS/Source/queue.c **** 								if( pxHigherPriorityTaskWoken != NULL )
1208:Middlewares/Third_Party/FreeRTOS/Source/queue.c **** 								{
1209:Middlewares/Third_Party/FreeRTOS/Source/queue.c **** 									*pxHigherPriorityTaskWoken = pdTRUE;
1210:Middlewares/Third_Party/FreeRTOS/Source/queue.c **** 								}
1211:Middlewares/Third_Party/FreeRTOS/Source/queue.c **** 								else
1212:Middlewares/Third_Party/FreeRTOS/Source/queue.c **** 								{
1213:Middlewares/Third_Party/FreeRTOS/Source/queue.c **** 									mtCOVERAGE_TEST_MARKER();
1214:Middlewares/Third_Party/FreeRTOS/Source/queue.c **** 								}
1215:Middlewares/Third_Party/FreeRTOS/Source/queue.c **** 							}
1216:Middlewares/Third_Party/FreeRTOS/Source/queue.c **** 							else
1217:Middlewares/Third_Party/FreeRTOS/Source/queue.c **** 							{
1218:Middlewares/Third_Party/FreeRTOS/Source/queue.c **** 								mtCOVERAGE_TEST_MARKER();
1219:Middlewares/Third_Party/FreeRTOS/Source/queue.c **** 							}
1220:Middlewares/Third_Party/FreeRTOS/Source/queue.c **** 						}
1221:Middlewares/Third_Party/FreeRTOS/Source/queue.c **** 						else
1222:Middlewares/Third_Party/FreeRTOS/Source/queue.c **** 						{
1223:Middlewares/Third_Party/FreeRTOS/Source/queue.c **** 							mtCOVERAGE_TEST_MARKER();
1224:Middlewares/Third_Party/FreeRTOS/Source/queue.c **** 						}
1225:Middlewares/Third_Party/FreeRTOS/Source/queue.c **** 					}
1226:Middlewares/Third_Party/FreeRTOS/Source/queue.c **** 				}
1227:Middlewares/Third_Party/FreeRTOS/Source/queue.c **** 				#else /* configUSE_QUEUE_SETS */
1228:Middlewares/Third_Party/FreeRTOS/Source/queue.c **** 				{
1229:Middlewares/Third_Party/FreeRTOS/Source/queue.c **** 					if( listLIST_IS_EMPTY( &( pxQueue->xTasksWaitingToReceive ) ) == pdFALSE )
ARM GAS  /tmp/ccAaDn2P.s 			page 23


1230:Middlewares/Third_Party/FreeRTOS/Source/queue.c **** 					{
1231:Middlewares/Third_Party/FreeRTOS/Source/queue.c **** 						if( xTaskRemoveFromEventList( &( pxQueue->xTasksWaitingToReceive ) ) != pdFALSE )
1232:Middlewares/Third_Party/FreeRTOS/Source/queue.c **** 						{
1233:Middlewares/Third_Party/FreeRTOS/Source/queue.c **** 							/* The task waiting has a higher priority so record that a
1234:Middlewares/Third_Party/FreeRTOS/Source/queue.c **** 							context	switch is required. */
1235:Middlewares/Third_Party/FreeRTOS/Source/queue.c **** 							if( pxHigherPriorityTaskWoken != NULL )
1236:Middlewares/Third_Party/FreeRTOS/Source/queue.c **** 							{
1237:Middlewares/Third_Party/FreeRTOS/Source/queue.c **** 								*pxHigherPriorityTaskWoken = pdTRUE;
1238:Middlewares/Third_Party/FreeRTOS/Source/queue.c **** 							}
1239:Middlewares/Third_Party/FreeRTOS/Source/queue.c **** 							else
1240:Middlewares/Third_Party/FreeRTOS/Source/queue.c **** 							{
1241:Middlewares/Third_Party/FreeRTOS/Source/queue.c **** 								mtCOVERAGE_TEST_MARKER();
1242:Middlewares/Third_Party/FreeRTOS/Source/queue.c **** 							}
1243:Middlewares/Third_Party/FreeRTOS/Source/queue.c **** 						}
1244:Middlewares/Third_Party/FreeRTOS/Source/queue.c **** 						else
1245:Middlewares/Third_Party/FreeRTOS/Source/queue.c **** 						{
1246:Middlewares/Third_Party/FreeRTOS/Source/queue.c **** 							mtCOVERAGE_TEST_MARKER();
1247:Middlewares/Third_Party/FreeRTOS/Source/queue.c **** 						}
1248:Middlewares/Third_Party/FreeRTOS/Source/queue.c **** 					}
1249:Middlewares/Third_Party/FreeRTOS/Source/queue.c **** 					else
1250:Middlewares/Third_Party/FreeRTOS/Source/queue.c **** 					{
1251:Middlewares/Third_Party/FreeRTOS/Source/queue.c **** 						mtCOVERAGE_TEST_MARKER();
1252:Middlewares/Third_Party/FreeRTOS/Source/queue.c **** 					}
1253:Middlewares/Third_Party/FreeRTOS/Source/queue.c **** 				}
1254:Middlewares/Third_Party/FreeRTOS/Source/queue.c **** 				#endif /* configUSE_QUEUE_SETS */
1255:Middlewares/Third_Party/FreeRTOS/Source/queue.c **** 			}
1256:Middlewares/Third_Party/FreeRTOS/Source/queue.c **** 			else
1257:Middlewares/Third_Party/FreeRTOS/Source/queue.c **** 			{
1258:Middlewares/Third_Party/FreeRTOS/Source/queue.c **** 				/* Increment the lock count so the task that unlocks the queue
1259:Middlewares/Third_Party/FreeRTOS/Source/queue.c **** 				knows that data was posted while it was locked. */
1260:Middlewares/Third_Party/FreeRTOS/Source/queue.c **** 				pxQueue->cTxLock = ( int8_t ) ( cTxLock + 1 );
1261:Middlewares/Third_Party/FreeRTOS/Source/queue.c **** 			}
1262:Middlewares/Third_Party/FreeRTOS/Source/queue.c **** 
1263:Middlewares/Third_Party/FreeRTOS/Source/queue.c **** 			xReturn = pdPASS;
1264:Middlewares/Third_Party/FreeRTOS/Source/queue.c **** 		}
1265:Middlewares/Third_Party/FreeRTOS/Source/queue.c **** 		else
1266:Middlewares/Third_Party/FreeRTOS/Source/queue.c **** 		{
1267:Middlewares/Third_Party/FreeRTOS/Source/queue.c **** 			traceQUEUE_SEND_FROM_ISR_FAILED( pxQueue );
1268:Middlewares/Third_Party/FreeRTOS/Source/queue.c **** 			xReturn = errQUEUE_FULL;
1269:Middlewares/Third_Party/FreeRTOS/Source/queue.c **** 		}
1270:Middlewares/Third_Party/FreeRTOS/Source/queue.c **** 	}
1271:Middlewares/Third_Party/FreeRTOS/Source/queue.c **** 	portCLEAR_INTERRUPT_MASK_FROM_ISR( uxSavedInterruptStatus );
1272:Middlewares/Third_Party/FreeRTOS/Source/queue.c **** 
1273:Middlewares/Third_Party/FreeRTOS/Source/queue.c **** 	return xReturn;
1274:Middlewares/Third_Party/FreeRTOS/Source/queue.c **** }
1275:Middlewares/Third_Party/FreeRTOS/Source/queue.c **** /*-----------------------------------------------------------*/
1276:Middlewares/Third_Party/FreeRTOS/Source/queue.c **** 
1277:Middlewares/Third_Party/FreeRTOS/Source/queue.c **** BaseType_t xQueueReceive( QueueHandle_t xQueue, void * const pvBuffer, TickType_t xTicksToWait )
1278:Middlewares/Third_Party/FreeRTOS/Source/queue.c **** {
1279:Middlewares/Third_Party/FreeRTOS/Source/queue.c **** BaseType_t xEntryTimeSet = pdFALSE;
1280:Middlewares/Third_Party/FreeRTOS/Source/queue.c **** TimeOut_t xTimeOut;
1281:Middlewares/Third_Party/FreeRTOS/Source/queue.c **** Queue_t * const pxQueue = xQueue;
1282:Middlewares/Third_Party/FreeRTOS/Source/queue.c **** 
1283:Middlewares/Third_Party/FreeRTOS/Source/queue.c **** 	/* Check the pointer is not NULL. */
1284:Middlewares/Third_Party/FreeRTOS/Source/queue.c **** 	configASSERT( ( pxQueue ) );
1285:Middlewares/Third_Party/FreeRTOS/Source/queue.c **** 
1286:Middlewares/Third_Party/FreeRTOS/Source/queue.c **** 	/* The buffer into which data is received can only be NULL if the data size
ARM GAS  /tmp/ccAaDn2P.s 			page 24


1287:Middlewares/Third_Party/FreeRTOS/Source/queue.c **** 	is zero (so no data is copied into the buffer. */
1288:Middlewares/Third_Party/FreeRTOS/Source/queue.c **** 	configASSERT( !( ( ( pvBuffer ) == NULL ) && ( ( pxQueue )->uxItemSize != ( UBaseType_t ) 0U ) ) )
1289:Middlewares/Third_Party/FreeRTOS/Source/queue.c **** 
1290:Middlewares/Third_Party/FreeRTOS/Source/queue.c **** 	/* Cannot block if the scheduler is suspended. */
1291:Middlewares/Third_Party/FreeRTOS/Source/queue.c **** 	#if ( ( INCLUDE_xTaskGetSchedulerState == 1 ) || ( configUSE_TIMERS == 1 ) )
1292:Middlewares/Third_Party/FreeRTOS/Source/queue.c **** 	{
1293:Middlewares/Third_Party/FreeRTOS/Source/queue.c **** 		configASSERT( !( ( xTaskGetSchedulerState() == taskSCHEDULER_SUSPENDED ) && ( xTicksToWait != 0 )
1294:Middlewares/Third_Party/FreeRTOS/Source/queue.c **** 	}
1295:Middlewares/Third_Party/FreeRTOS/Source/queue.c **** 	#endif
1296:Middlewares/Third_Party/FreeRTOS/Source/queue.c **** 
1297:Middlewares/Third_Party/FreeRTOS/Source/queue.c **** 
1298:Middlewares/Third_Party/FreeRTOS/Source/queue.c **** 	/*lint -save -e904  This function relaxes the coding standard somewhat to
1299:Middlewares/Third_Party/FreeRTOS/Source/queue.c **** 	allow return statements within the function itself.  This is done in the
1300:Middlewares/Third_Party/FreeRTOS/Source/queue.c **** 	interest of execution time efficiency. */
1301:Middlewares/Third_Party/FreeRTOS/Source/queue.c **** 	for( ;; )
1302:Middlewares/Third_Party/FreeRTOS/Source/queue.c **** 	{
1303:Middlewares/Third_Party/FreeRTOS/Source/queue.c **** 		taskENTER_CRITICAL();
1304:Middlewares/Third_Party/FreeRTOS/Source/queue.c **** 		{
1305:Middlewares/Third_Party/FreeRTOS/Source/queue.c **** 			const UBaseType_t uxMessagesWaiting = pxQueue->uxMessagesWaiting;
1306:Middlewares/Third_Party/FreeRTOS/Source/queue.c **** 
1307:Middlewares/Third_Party/FreeRTOS/Source/queue.c **** 			/* Is there data in the queue now?  To be running the calling task
1308:Middlewares/Third_Party/FreeRTOS/Source/queue.c **** 			must be the highest priority task wanting to access the queue. */
1309:Middlewares/Third_Party/FreeRTOS/Source/queue.c **** 			if( uxMessagesWaiting > ( UBaseType_t ) 0 )
1310:Middlewares/Third_Party/FreeRTOS/Source/queue.c **** 			{
1311:Middlewares/Third_Party/FreeRTOS/Source/queue.c **** 				/* Data available, remove one item. */
1312:Middlewares/Third_Party/FreeRTOS/Source/queue.c **** 				prvCopyDataFromQueue( pxQueue, pvBuffer );
1313:Middlewares/Third_Party/FreeRTOS/Source/queue.c **** 				traceQUEUE_RECEIVE( pxQueue );
1314:Middlewares/Third_Party/FreeRTOS/Source/queue.c **** 				pxQueue->uxMessagesWaiting = uxMessagesWaiting - ( UBaseType_t ) 1;
1315:Middlewares/Third_Party/FreeRTOS/Source/queue.c **** 
1316:Middlewares/Third_Party/FreeRTOS/Source/queue.c **** 				/* There is now space in the queue, were any tasks waiting to
1317:Middlewares/Third_Party/FreeRTOS/Source/queue.c **** 				post to the queue?  If so, unblock the highest priority waiting
1318:Middlewares/Third_Party/FreeRTOS/Source/queue.c **** 				task. */
1319:Middlewares/Third_Party/FreeRTOS/Source/queue.c **** 				if( listLIST_IS_EMPTY( &( pxQueue->xTasksWaitingToSend ) ) == pdFALSE )
1320:Middlewares/Third_Party/FreeRTOS/Source/queue.c **** 				{
1321:Middlewares/Third_Party/FreeRTOS/Source/queue.c **** 					if( xTaskRemoveFromEventList( &( pxQueue->xTasksWaitingToSend ) ) != pdFALSE )
1322:Middlewares/Third_Party/FreeRTOS/Source/queue.c **** 					{
1323:Middlewares/Third_Party/FreeRTOS/Source/queue.c **** 						queueYIELD_IF_USING_PREEMPTION();
1324:Middlewares/Third_Party/FreeRTOS/Source/queue.c **** 					}
1325:Middlewares/Third_Party/FreeRTOS/Source/queue.c **** 					else
1326:Middlewares/Third_Party/FreeRTOS/Source/queue.c **** 					{
1327:Middlewares/Third_Party/FreeRTOS/Source/queue.c **** 						mtCOVERAGE_TEST_MARKER();
1328:Middlewares/Third_Party/FreeRTOS/Source/queue.c **** 					}
1329:Middlewares/Third_Party/FreeRTOS/Source/queue.c **** 				}
1330:Middlewares/Third_Party/FreeRTOS/Source/queue.c **** 				else
1331:Middlewares/Third_Party/FreeRTOS/Source/queue.c **** 				{
1332:Middlewares/Third_Party/FreeRTOS/Source/queue.c **** 					mtCOVERAGE_TEST_MARKER();
1333:Middlewares/Third_Party/FreeRTOS/Source/queue.c **** 				}
1334:Middlewares/Third_Party/FreeRTOS/Source/queue.c **** 
1335:Middlewares/Third_Party/FreeRTOS/Source/queue.c **** 				taskEXIT_CRITICAL();
1336:Middlewares/Third_Party/FreeRTOS/Source/queue.c **** 				return pdPASS;
1337:Middlewares/Third_Party/FreeRTOS/Source/queue.c **** 			}
1338:Middlewares/Third_Party/FreeRTOS/Source/queue.c **** 			else
1339:Middlewares/Third_Party/FreeRTOS/Source/queue.c **** 			{
1340:Middlewares/Third_Party/FreeRTOS/Source/queue.c **** 				if( xTicksToWait == ( TickType_t ) 0 )
1341:Middlewares/Third_Party/FreeRTOS/Source/queue.c **** 				{
1342:Middlewares/Third_Party/FreeRTOS/Source/queue.c **** 					/* The queue was empty and no block time is specified (or
1343:Middlewares/Third_Party/FreeRTOS/Source/queue.c **** 					the block time has expired) so leave now. */
ARM GAS  /tmp/ccAaDn2P.s 			page 25


1344:Middlewares/Third_Party/FreeRTOS/Source/queue.c **** 					taskEXIT_CRITICAL();
1345:Middlewares/Third_Party/FreeRTOS/Source/queue.c **** 					traceQUEUE_RECEIVE_FAILED( pxQueue );
1346:Middlewares/Third_Party/FreeRTOS/Source/queue.c **** 					return errQUEUE_EMPTY;
1347:Middlewares/Third_Party/FreeRTOS/Source/queue.c **** 				}
1348:Middlewares/Third_Party/FreeRTOS/Source/queue.c **** 				else if( xEntryTimeSet == pdFALSE )
1349:Middlewares/Third_Party/FreeRTOS/Source/queue.c **** 				{
1350:Middlewares/Third_Party/FreeRTOS/Source/queue.c **** 					/* The queue was empty and a block time was specified so
1351:Middlewares/Third_Party/FreeRTOS/Source/queue.c **** 					configure the timeout structure. */
1352:Middlewares/Third_Party/FreeRTOS/Source/queue.c **** 					vTaskInternalSetTimeOutState( &xTimeOut );
1353:Middlewares/Third_Party/FreeRTOS/Source/queue.c **** 					xEntryTimeSet = pdTRUE;
1354:Middlewares/Third_Party/FreeRTOS/Source/queue.c **** 				}
1355:Middlewares/Third_Party/FreeRTOS/Source/queue.c **** 				else
1356:Middlewares/Third_Party/FreeRTOS/Source/queue.c **** 				{
1357:Middlewares/Third_Party/FreeRTOS/Source/queue.c **** 					/* Entry time was already set. */
1358:Middlewares/Third_Party/FreeRTOS/Source/queue.c **** 					mtCOVERAGE_TEST_MARKER();
1359:Middlewares/Third_Party/FreeRTOS/Source/queue.c **** 				}
1360:Middlewares/Third_Party/FreeRTOS/Source/queue.c **** 			}
1361:Middlewares/Third_Party/FreeRTOS/Source/queue.c **** 		}
1362:Middlewares/Third_Party/FreeRTOS/Source/queue.c **** 		taskEXIT_CRITICAL();
1363:Middlewares/Third_Party/FreeRTOS/Source/queue.c **** 
1364:Middlewares/Third_Party/FreeRTOS/Source/queue.c **** 		/* Interrupts and other tasks can send to and receive from the queue
1365:Middlewares/Third_Party/FreeRTOS/Source/queue.c **** 		now the critical section has been exited. */
1366:Middlewares/Third_Party/FreeRTOS/Source/queue.c **** 
1367:Middlewares/Third_Party/FreeRTOS/Source/queue.c **** 		vTaskSuspendAll();
1368:Middlewares/Third_Party/FreeRTOS/Source/queue.c **** 		prvLockQueue( pxQueue );
1369:Middlewares/Third_Party/FreeRTOS/Source/queue.c **** 
1370:Middlewares/Third_Party/FreeRTOS/Source/queue.c **** 		/* Update the timeout state to see if it has expired yet. */
1371:Middlewares/Third_Party/FreeRTOS/Source/queue.c **** 		if( xTaskCheckForTimeOut( &xTimeOut, &xTicksToWait ) == pdFALSE )
1372:Middlewares/Third_Party/FreeRTOS/Source/queue.c **** 		{
1373:Middlewares/Third_Party/FreeRTOS/Source/queue.c **** 			/* The timeout has not expired.  If the queue is still empty place
1374:Middlewares/Third_Party/FreeRTOS/Source/queue.c **** 			the task on the list of tasks waiting to receive from the queue. */
1375:Middlewares/Third_Party/FreeRTOS/Source/queue.c **** 			if( prvIsQueueEmpty( pxQueue ) != pdFALSE )
1376:Middlewares/Third_Party/FreeRTOS/Source/queue.c **** 			{
1377:Middlewares/Third_Party/FreeRTOS/Source/queue.c **** 				traceBLOCKING_ON_QUEUE_RECEIVE( pxQueue );
1378:Middlewares/Third_Party/FreeRTOS/Source/queue.c **** 				vTaskPlaceOnEventList( &( pxQueue->xTasksWaitingToReceive ), xTicksToWait );
1379:Middlewares/Third_Party/FreeRTOS/Source/queue.c **** 				prvUnlockQueue( pxQueue );
1380:Middlewares/Third_Party/FreeRTOS/Source/queue.c **** 				if( xTaskResumeAll() == pdFALSE )
1381:Middlewares/Third_Party/FreeRTOS/Source/queue.c **** 				{
1382:Middlewares/Third_Party/FreeRTOS/Source/queue.c **** 					portYIELD_WITHIN_API();
1383:Middlewares/Third_Party/FreeRTOS/Source/queue.c **** 				}
1384:Middlewares/Third_Party/FreeRTOS/Source/queue.c **** 				else
1385:Middlewares/Third_Party/FreeRTOS/Source/queue.c **** 				{
1386:Middlewares/Third_Party/FreeRTOS/Source/queue.c **** 					mtCOVERAGE_TEST_MARKER();
1387:Middlewares/Third_Party/FreeRTOS/Source/queue.c **** 				}
1388:Middlewares/Third_Party/FreeRTOS/Source/queue.c **** 			}
1389:Middlewares/Third_Party/FreeRTOS/Source/queue.c **** 			else
1390:Middlewares/Third_Party/FreeRTOS/Source/queue.c **** 			{
1391:Middlewares/Third_Party/FreeRTOS/Source/queue.c **** 				/* The queue contains data again.  Loop back to try and read the
1392:Middlewares/Third_Party/FreeRTOS/Source/queue.c **** 				data. */
1393:Middlewares/Third_Party/FreeRTOS/Source/queue.c **** 				prvUnlockQueue( pxQueue );
1394:Middlewares/Third_Party/FreeRTOS/Source/queue.c **** 				( void ) xTaskResumeAll();
1395:Middlewares/Third_Party/FreeRTOS/Source/queue.c **** 			}
1396:Middlewares/Third_Party/FreeRTOS/Source/queue.c **** 		}
1397:Middlewares/Third_Party/FreeRTOS/Source/queue.c **** 		else
1398:Middlewares/Third_Party/FreeRTOS/Source/queue.c **** 		{
1399:Middlewares/Third_Party/FreeRTOS/Source/queue.c **** 			/* Timed out.  If there is no data in the queue exit, otherwise loop
1400:Middlewares/Third_Party/FreeRTOS/Source/queue.c **** 			back and attempt to read the data. */
ARM GAS  /tmp/ccAaDn2P.s 			page 26


1401:Middlewares/Third_Party/FreeRTOS/Source/queue.c **** 			prvUnlockQueue( pxQueue );
1402:Middlewares/Third_Party/FreeRTOS/Source/queue.c **** 			( void ) xTaskResumeAll();
1403:Middlewares/Third_Party/FreeRTOS/Source/queue.c **** 
1404:Middlewares/Third_Party/FreeRTOS/Source/queue.c **** 			if( prvIsQueueEmpty( pxQueue ) != pdFALSE )
1405:Middlewares/Third_Party/FreeRTOS/Source/queue.c **** 			{
1406:Middlewares/Third_Party/FreeRTOS/Source/queue.c **** 				traceQUEUE_RECEIVE_FAILED( pxQueue );
1407:Middlewares/Third_Party/FreeRTOS/Source/queue.c **** 				return errQUEUE_EMPTY;
1408:Middlewares/Third_Party/FreeRTOS/Source/queue.c **** 			}
1409:Middlewares/Third_Party/FreeRTOS/Source/queue.c **** 			else
1410:Middlewares/Third_Party/FreeRTOS/Source/queue.c **** 			{
1411:Middlewares/Third_Party/FreeRTOS/Source/queue.c **** 				mtCOVERAGE_TEST_MARKER();
1412:Middlewares/Third_Party/FreeRTOS/Source/queue.c **** 			}
1413:Middlewares/Third_Party/FreeRTOS/Source/queue.c **** 		}
1414:Middlewares/Third_Party/FreeRTOS/Source/queue.c **** 	} /*lint -restore */
1415:Middlewares/Third_Party/FreeRTOS/Source/queue.c **** }
1416:Middlewares/Third_Party/FreeRTOS/Source/queue.c **** /*-----------------------------------------------------------*/
1417:Middlewares/Third_Party/FreeRTOS/Source/queue.c **** 
1418:Middlewares/Third_Party/FreeRTOS/Source/queue.c **** BaseType_t xQueueSemaphoreTake( QueueHandle_t xQueue, TickType_t xTicksToWait )
1419:Middlewares/Third_Party/FreeRTOS/Source/queue.c **** {
1420:Middlewares/Third_Party/FreeRTOS/Source/queue.c **** BaseType_t xEntryTimeSet = pdFALSE;
1421:Middlewares/Third_Party/FreeRTOS/Source/queue.c **** TimeOut_t xTimeOut;
1422:Middlewares/Third_Party/FreeRTOS/Source/queue.c **** Queue_t * const pxQueue = xQueue;
1423:Middlewares/Third_Party/FreeRTOS/Source/queue.c **** 
1424:Middlewares/Third_Party/FreeRTOS/Source/queue.c **** #if( configUSE_MUTEXES == 1 )
1425:Middlewares/Third_Party/FreeRTOS/Source/queue.c **** 	BaseType_t xInheritanceOccurred = pdFALSE;
1426:Middlewares/Third_Party/FreeRTOS/Source/queue.c **** #endif
1427:Middlewares/Third_Party/FreeRTOS/Source/queue.c **** 
1428:Middlewares/Third_Party/FreeRTOS/Source/queue.c **** 	/* Check the queue pointer is not NULL. */
1429:Middlewares/Third_Party/FreeRTOS/Source/queue.c **** 	configASSERT( ( pxQueue ) );
1430:Middlewares/Third_Party/FreeRTOS/Source/queue.c **** 
1431:Middlewares/Third_Party/FreeRTOS/Source/queue.c **** 	/* Check this really is a semaphore, in which case the item size will be
1432:Middlewares/Third_Party/FreeRTOS/Source/queue.c **** 	0. */
1433:Middlewares/Third_Party/FreeRTOS/Source/queue.c **** 	configASSERT( pxQueue->uxItemSize == 0 );
1434:Middlewares/Third_Party/FreeRTOS/Source/queue.c **** 
1435:Middlewares/Third_Party/FreeRTOS/Source/queue.c **** 	/* Cannot block if the scheduler is suspended. */
1436:Middlewares/Third_Party/FreeRTOS/Source/queue.c **** 	#if ( ( INCLUDE_xTaskGetSchedulerState == 1 ) || ( configUSE_TIMERS == 1 ) )
1437:Middlewares/Third_Party/FreeRTOS/Source/queue.c **** 	{
1438:Middlewares/Third_Party/FreeRTOS/Source/queue.c **** 		configASSERT( !( ( xTaskGetSchedulerState() == taskSCHEDULER_SUSPENDED ) && ( xTicksToWait != 0 )
1439:Middlewares/Third_Party/FreeRTOS/Source/queue.c **** 	}
1440:Middlewares/Third_Party/FreeRTOS/Source/queue.c **** 	#endif
1441:Middlewares/Third_Party/FreeRTOS/Source/queue.c **** 
1442:Middlewares/Third_Party/FreeRTOS/Source/queue.c **** 
1443:Middlewares/Third_Party/FreeRTOS/Source/queue.c **** 	/*lint -save -e904 This function relaxes the coding standard somewhat to allow return
1444:Middlewares/Third_Party/FreeRTOS/Source/queue.c **** 	statements within the function itself.  This is done in the interest
1445:Middlewares/Third_Party/FreeRTOS/Source/queue.c **** 	of execution time efficiency. */
1446:Middlewares/Third_Party/FreeRTOS/Source/queue.c **** 	for( ;; )
1447:Middlewares/Third_Party/FreeRTOS/Source/queue.c **** 	{
1448:Middlewares/Third_Party/FreeRTOS/Source/queue.c **** 		taskENTER_CRITICAL();
1449:Middlewares/Third_Party/FreeRTOS/Source/queue.c **** 		{
1450:Middlewares/Third_Party/FreeRTOS/Source/queue.c **** 			/* Semaphores are queues with an item size of 0, and where the
1451:Middlewares/Third_Party/FreeRTOS/Source/queue.c **** 			number of messages in the queue is the semaphore's count value. */
1452:Middlewares/Third_Party/FreeRTOS/Source/queue.c **** 			const UBaseType_t uxSemaphoreCount = pxQueue->uxMessagesWaiting;
1453:Middlewares/Third_Party/FreeRTOS/Source/queue.c **** 
1454:Middlewares/Third_Party/FreeRTOS/Source/queue.c **** 			/* Is there data in the queue now?  To be running the calling task
1455:Middlewares/Third_Party/FreeRTOS/Source/queue.c **** 			must be the highest priority task wanting to access the queue. */
1456:Middlewares/Third_Party/FreeRTOS/Source/queue.c **** 			if( uxSemaphoreCount > ( UBaseType_t ) 0 )
1457:Middlewares/Third_Party/FreeRTOS/Source/queue.c **** 			{
ARM GAS  /tmp/ccAaDn2P.s 			page 27


1458:Middlewares/Third_Party/FreeRTOS/Source/queue.c **** 				traceQUEUE_RECEIVE( pxQueue );
1459:Middlewares/Third_Party/FreeRTOS/Source/queue.c **** 
1460:Middlewares/Third_Party/FreeRTOS/Source/queue.c **** 				/* Semaphores are queues with a data size of zero and where the
1461:Middlewares/Third_Party/FreeRTOS/Source/queue.c **** 				messages waiting is the semaphore's count.  Reduce the count. */
1462:Middlewares/Third_Party/FreeRTOS/Source/queue.c **** 				pxQueue->uxMessagesWaiting = uxSemaphoreCount - ( UBaseType_t ) 1;
1463:Middlewares/Third_Party/FreeRTOS/Source/queue.c **** 
1464:Middlewares/Third_Party/FreeRTOS/Source/queue.c **** 				#if ( configUSE_MUTEXES == 1 )
1465:Middlewares/Third_Party/FreeRTOS/Source/queue.c **** 				{
1466:Middlewares/Third_Party/FreeRTOS/Source/queue.c **** 					if( pxQueue->uxQueueType == queueQUEUE_IS_MUTEX )
1467:Middlewares/Third_Party/FreeRTOS/Source/queue.c **** 					{
1468:Middlewares/Third_Party/FreeRTOS/Source/queue.c **** 						/* Record the information required to implement
1469:Middlewares/Third_Party/FreeRTOS/Source/queue.c **** 						priority inheritance should it become necessary. */
1470:Middlewares/Third_Party/FreeRTOS/Source/queue.c **** 						pxQueue->u.xSemaphore.xMutexHolder = pvTaskIncrementMutexHeldCount();
1471:Middlewares/Third_Party/FreeRTOS/Source/queue.c **** 					}
1472:Middlewares/Third_Party/FreeRTOS/Source/queue.c **** 					else
1473:Middlewares/Third_Party/FreeRTOS/Source/queue.c **** 					{
1474:Middlewares/Third_Party/FreeRTOS/Source/queue.c **** 						mtCOVERAGE_TEST_MARKER();
1475:Middlewares/Third_Party/FreeRTOS/Source/queue.c **** 					}
1476:Middlewares/Third_Party/FreeRTOS/Source/queue.c **** 				}
1477:Middlewares/Third_Party/FreeRTOS/Source/queue.c **** 				#endif /* configUSE_MUTEXES */
1478:Middlewares/Third_Party/FreeRTOS/Source/queue.c **** 
1479:Middlewares/Third_Party/FreeRTOS/Source/queue.c **** 				/* Check to see if other tasks are blocked waiting to give the
1480:Middlewares/Third_Party/FreeRTOS/Source/queue.c **** 				semaphore, and if so, unblock the highest priority such task. */
1481:Middlewares/Third_Party/FreeRTOS/Source/queue.c **** 				if( listLIST_IS_EMPTY( &( pxQueue->xTasksWaitingToSend ) ) == pdFALSE )
1482:Middlewares/Third_Party/FreeRTOS/Source/queue.c **** 				{
1483:Middlewares/Third_Party/FreeRTOS/Source/queue.c **** 					if( xTaskRemoveFromEventList( &( pxQueue->xTasksWaitingToSend ) ) != pdFALSE )
1484:Middlewares/Third_Party/FreeRTOS/Source/queue.c **** 					{
1485:Middlewares/Third_Party/FreeRTOS/Source/queue.c **** 						queueYIELD_IF_USING_PREEMPTION();
1486:Middlewares/Third_Party/FreeRTOS/Source/queue.c **** 					}
1487:Middlewares/Third_Party/FreeRTOS/Source/queue.c **** 					else
1488:Middlewares/Third_Party/FreeRTOS/Source/queue.c **** 					{
1489:Middlewares/Third_Party/FreeRTOS/Source/queue.c **** 						mtCOVERAGE_TEST_MARKER();
1490:Middlewares/Third_Party/FreeRTOS/Source/queue.c **** 					}
1491:Middlewares/Third_Party/FreeRTOS/Source/queue.c **** 				}
1492:Middlewares/Third_Party/FreeRTOS/Source/queue.c **** 				else
1493:Middlewares/Third_Party/FreeRTOS/Source/queue.c **** 				{
1494:Middlewares/Third_Party/FreeRTOS/Source/queue.c **** 					mtCOVERAGE_TEST_MARKER();
1495:Middlewares/Third_Party/FreeRTOS/Source/queue.c **** 				}
1496:Middlewares/Third_Party/FreeRTOS/Source/queue.c **** 
1497:Middlewares/Third_Party/FreeRTOS/Source/queue.c **** 				taskEXIT_CRITICAL();
1498:Middlewares/Third_Party/FreeRTOS/Source/queue.c **** 				return pdPASS;
1499:Middlewares/Third_Party/FreeRTOS/Source/queue.c **** 			}
1500:Middlewares/Third_Party/FreeRTOS/Source/queue.c **** 			else
1501:Middlewares/Third_Party/FreeRTOS/Source/queue.c **** 			{
1502:Middlewares/Third_Party/FreeRTOS/Source/queue.c **** 				if( xTicksToWait == ( TickType_t ) 0 )
1503:Middlewares/Third_Party/FreeRTOS/Source/queue.c **** 				{
1504:Middlewares/Third_Party/FreeRTOS/Source/queue.c **** 					/* For inheritance to have occurred there must have been an
1505:Middlewares/Third_Party/FreeRTOS/Source/queue.c **** 					initial timeout, and an adjusted timeout cannot become 0, as
1506:Middlewares/Third_Party/FreeRTOS/Source/queue.c **** 					if it were 0 the function would have exited. */
1507:Middlewares/Third_Party/FreeRTOS/Source/queue.c **** 					#if( configUSE_MUTEXES == 1 )
1508:Middlewares/Third_Party/FreeRTOS/Source/queue.c **** 					{
1509:Middlewares/Third_Party/FreeRTOS/Source/queue.c **** 						configASSERT( xInheritanceOccurred == pdFALSE );
1510:Middlewares/Third_Party/FreeRTOS/Source/queue.c **** 					}
1511:Middlewares/Third_Party/FreeRTOS/Source/queue.c **** 					#endif /* configUSE_MUTEXES */
1512:Middlewares/Third_Party/FreeRTOS/Source/queue.c **** 
1513:Middlewares/Third_Party/FreeRTOS/Source/queue.c **** 					/* The semaphore count was 0 and no block time is specified
1514:Middlewares/Third_Party/FreeRTOS/Source/queue.c **** 					(or the block time has expired) so exit now. */
ARM GAS  /tmp/ccAaDn2P.s 			page 28


1515:Middlewares/Third_Party/FreeRTOS/Source/queue.c **** 					taskEXIT_CRITICAL();
1516:Middlewares/Third_Party/FreeRTOS/Source/queue.c **** 					traceQUEUE_RECEIVE_FAILED( pxQueue );
1517:Middlewares/Third_Party/FreeRTOS/Source/queue.c **** 					return errQUEUE_EMPTY;
1518:Middlewares/Third_Party/FreeRTOS/Source/queue.c **** 				}
1519:Middlewares/Third_Party/FreeRTOS/Source/queue.c **** 				else if( xEntryTimeSet == pdFALSE )
1520:Middlewares/Third_Party/FreeRTOS/Source/queue.c **** 				{
1521:Middlewares/Third_Party/FreeRTOS/Source/queue.c **** 					/* The semaphore count was 0 and a block time was specified
1522:Middlewares/Third_Party/FreeRTOS/Source/queue.c **** 					so configure the timeout structure ready to block. */
1523:Middlewares/Third_Party/FreeRTOS/Source/queue.c **** 					vTaskInternalSetTimeOutState( &xTimeOut );
1524:Middlewares/Third_Party/FreeRTOS/Source/queue.c **** 					xEntryTimeSet = pdTRUE;
1525:Middlewares/Third_Party/FreeRTOS/Source/queue.c **** 				}
1526:Middlewares/Third_Party/FreeRTOS/Source/queue.c **** 				else
1527:Middlewares/Third_Party/FreeRTOS/Source/queue.c **** 				{
1528:Middlewares/Third_Party/FreeRTOS/Source/queue.c **** 					/* Entry time was already set. */
1529:Middlewares/Third_Party/FreeRTOS/Source/queue.c **** 					mtCOVERAGE_TEST_MARKER();
1530:Middlewares/Third_Party/FreeRTOS/Source/queue.c **** 				}
1531:Middlewares/Third_Party/FreeRTOS/Source/queue.c **** 			}
1532:Middlewares/Third_Party/FreeRTOS/Source/queue.c **** 		}
1533:Middlewares/Third_Party/FreeRTOS/Source/queue.c **** 		taskEXIT_CRITICAL();
1534:Middlewares/Third_Party/FreeRTOS/Source/queue.c **** 
1535:Middlewares/Third_Party/FreeRTOS/Source/queue.c **** 		/* Interrupts and other tasks can give to and take from the semaphore
1536:Middlewares/Third_Party/FreeRTOS/Source/queue.c **** 		now the critical section has been exited. */
1537:Middlewares/Third_Party/FreeRTOS/Source/queue.c **** 
1538:Middlewares/Third_Party/FreeRTOS/Source/queue.c **** 		vTaskSuspendAll();
1539:Middlewares/Third_Party/FreeRTOS/Source/queue.c **** 		prvLockQueue( pxQueue );
1540:Middlewares/Third_Party/FreeRTOS/Source/queue.c **** 
1541:Middlewares/Third_Party/FreeRTOS/Source/queue.c **** 		/* Update the timeout state to see if it has expired yet. */
1542:Middlewares/Third_Party/FreeRTOS/Source/queue.c **** 		if( xTaskCheckForTimeOut( &xTimeOut, &xTicksToWait ) == pdFALSE )
1543:Middlewares/Third_Party/FreeRTOS/Source/queue.c **** 		{
1544:Middlewares/Third_Party/FreeRTOS/Source/queue.c **** 			/* A block time is specified and not expired.  If the semaphore
1545:Middlewares/Third_Party/FreeRTOS/Source/queue.c **** 			count is 0 then enter the Blocked state to wait for a semaphore to
1546:Middlewares/Third_Party/FreeRTOS/Source/queue.c **** 			become available.  As semaphores are implemented with queues the
1547:Middlewares/Third_Party/FreeRTOS/Source/queue.c **** 			queue being empty is equivalent to the semaphore count being 0. */
1548:Middlewares/Third_Party/FreeRTOS/Source/queue.c **** 			if( prvIsQueueEmpty( pxQueue ) != pdFALSE )
1549:Middlewares/Third_Party/FreeRTOS/Source/queue.c **** 			{
1550:Middlewares/Third_Party/FreeRTOS/Source/queue.c **** 				traceBLOCKING_ON_QUEUE_RECEIVE( pxQueue );
1551:Middlewares/Third_Party/FreeRTOS/Source/queue.c **** 
1552:Middlewares/Third_Party/FreeRTOS/Source/queue.c **** 				#if ( configUSE_MUTEXES == 1 )
1553:Middlewares/Third_Party/FreeRTOS/Source/queue.c **** 				{
1554:Middlewares/Third_Party/FreeRTOS/Source/queue.c **** 					if( pxQueue->uxQueueType == queueQUEUE_IS_MUTEX )
1555:Middlewares/Third_Party/FreeRTOS/Source/queue.c **** 					{
1556:Middlewares/Third_Party/FreeRTOS/Source/queue.c **** 						taskENTER_CRITICAL();
1557:Middlewares/Third_Party/FreeRTOS/Source/queue.c **** 						{
1558:Middlewares/Third_Party/FreeRTOS/Source/queue.c **** 							xInheritanceOccurred = xTaskPriorityInherit( pxQueue->u.xSemaphore.xMutexHolder );
1559:Middlewares/Third_Party/FreeRTOS/Source/queue.c **** 						}
1560:Middlewares/Third_Party/FreeRTOS/Source/queue.c **** 						taskEXIT_CRITICAL();
1561:Middlewares/Third_Party/FreeRTOS/Source/queue.c **** 					}
1562:Middlewares/Third_Party/FreeRTOS/Source/queue.c **** 					else
1563:Middlewares/Third_Party/FreeRTOS/Source/queue.c **** 					{
1564:Middlewares/Third_Party/FreeRTOS/Source/queue.c **** 						mtCOVERAGE_TEST_MARKER();
1565:Middlewares/Third_Party/FreeRTOS/Source/queue.c **** 					}
1566:Middlewares/Third_Party/FreeRTOS/Source/queue.c **** 				}
1567:Middlewares/Third_Party/FreeRTOS/Source/queue.c **** 				#endif
1568:Middlewares/Third_Party/FreeRTOS/Source/queue.c **** 
1569:Middlewares/Third_Party/FreeRTOS/Source/queue.c **** 				vTaskPlaceOnEventList( &( pxQueue->xTasksWaitingToReceive ), xTicksToWait );
1570:Middlewares/Third_Party/FreeRTOS/Source/queue.c **** 				prvUnlockQueue( pxQueue );
1571:Middlewares/Third_Party/FreeRTOS/Source/queue.c **** 				if( xTaskResumeAll() == pdFALSE )
ARM GAS  /tmp/ccAaDn2P.s 			page 29


1572:Middlewares/Third_Party/FreeRTOS/Source/queue.c **** 				{
1573:Middlewares/Third_Party/FreeRTOS/Source/queue.c **** 					portYIELD_WITHIN_API();
1574:Middlewares/Third_Party/FreeRTOS/Source/queue.c **** 				}
1575:Middlewares/Third_Party/FreeRTOS/Source/queue.c **** 				else
1576:Middlewares/Third_Party/FreeRTOS/Source/queue.c **** 				{
1577:Middlewares/Third_Party/FreeRTOS/Source/queue.c **** 					mtCOVERAGE_TEST_MARKER();
1578:Middlewares/Third_Party/FreeRTOS/Source/queue.c **** 				}
1579:Middlewares/Third_Party/FreeRTOS/Source/queue.c **** 			}
1580:Middlewares/Third_Party/FreeRTOS/Source/queue.c **** 			else
1581:Middlewares/Third_Party/FreeRTOS/Source/queue.c **** 			{
1582:Middlewares/Third_Party/FreeRTOS/Source/queue.c **** 				/* There was no timeout and the semaphore count was not 0, so
1583:Middlewares/Third_Party/FreeRTOS/Source/queue.c **** 				attempt to take the semaphore again. */
1584:Middlewares/Third_Party/FreeRTOS/Source/queue.c **** 				prvUnlockQueue( pxQueue );
1585:Middlewares/Third_Party/FreeRTOS/Source/queue.c **** 				( void ) xTaskResumeAll();
1586:Middlewares/Third_Party/FreeRTOS/Source/queue.c **** 			}
1587:Middlewares/Third_Party/FreeRTOS/Source/queue.c **** 		}
1588:Middlewares/Third_Party/FreeRTOS/Source/queue.c **** 		else
1589:Middlewares/Third_Party/FreeRTOS/Source/queue.c **** 		{
1590:Middlewares/Third_Party/FreeRTOS/Source/queue.c **** 			/* Timed out. */
1591:Middlewares/Third_Party/FreeRTOS/Source/queue.c **** 			prvUnlockQueue( pxQueue );
1592:Middlewares/Third_Party/FreeRTOS/Source/queue.c **** 			( void ) xTaskResumeAll();
1593:Middlewares/Third_Party/FreeRTOS/Source/queue.c **** 
1594:Middlewares/Third_Party/FreeRTOS/Source/queue.c **** 			/* If the semaphore count is 0 exit now as the timeout has
1595:Middlewares/Third_Party/FreeRTOS/Source/queue.c **** 			expired.  Otherwise return to attempt to take the semaphore that is
1596:Middlewares/Third_Party/FreeRTOS/Source/queue.c **** 			known to be available.  As semaphores are implemented by queues the
1597:Middlewares/Third_Party/FreeRTOS/Source/queue.c **** 			queue being empty is equivalent to the semaphore count being 0. */
1598:Middlewares/Third_Party/FreeRTOS/Source/queue.c **** 			if( prvIsQueueEmpty( pxQueue ) != pdFALSE )
1599:Middlewares/Third_Party/FreeRTOS/Source/queue.c **** 			{
1600:Middlewares/Third_Party/FreeRTOS/Source/queue.c **** 				#if ( configUSE_MUTEXES == 1 )
1601:Middlewares/Third_Party/FreeRTOS/Source/queue.c **** 				{
1602:Middlewares/Third_Party/FreeRTOS/Source/queue.c **** 					/* xInheritanceOccurred could only have be set if
1603:Middlewares/Third_Party/FreeRTOS/Source/queue.c **** 					pxQueue->uxQueueType == queueQUEUE_IS_MUTEX so no need to
1604:Middlewares/Third_Party/FreeRTOS/Source/queue.c **** 					test the mutex type again to check it is actually a mutex. */
1605:Middlewares/Third_Party/FreeRTOS/Source/queue.c **** 					if( xInheritanceOccurred != pdFALSE )
1606:Middlewares/Third_Party/FreeRTOS/Source/queue.c **** 					{
1607:Middlewares/Third_Party/FreeRTOS/Source/queue.c **** 						taskENTER_CRITICAL();
1608:Middlewares/Third_Party/FreeRTOS/Source/queue.c **** 						{
1609:Middlewares/Third_Party/FreeRTOS/Source/queue.c **** 							UBaseType_t uxHighestWaitingPriority;
1610:Middlewares/Third_Party/FreeRTOS/Source/queue.c **** 
1611:Middlewares/Third_Party/FreeRTOS/Source/queue.c **** 							/* This task blocking on the mutex caused another
1612:Middlewares/Third_Party/FreeRTOS/Source/queue.c **** 							task to inherit this task's priority.  Now this task
1613:Middlewares/Third_Party/FreeRTOS/Source/queue.c **** 							has timed out the priority should be disinherited
1614:Middlewares/Third_Party/FreeRTOS/Source/queue.c **** 							again, but only as low as the next highest priority
1615:Middlewares/Third_Party/FreeRTOS/Source/queue.c **** 							task that is waiting for the same mutex. */
1616:Middlewares/Third_Party/FreeRTOS/Source/queue.c **** 							uxHighestWaitingPriority = prvGetDisinheritPriorityAfterTimeout( pxQueue );
1617:Middlewares/Third_Party/FreeRTOS/Source/queue.c **** 							vTaskPriorityDisinheritAfterTimeout( pxQueue->u.xSemaphore.xMutexHolder, uxHighestWaitingPri
1618:Middlewares/Third_Party/FreeRTOS/Source/queue.c **** 						}
1619:Middlewares/Third_Party/FreeRTOS/Source/queue.c **** 						taskEXIT_CRITICAL();
1620:Middlewares/Third_Party/FreeRTOS/Source/queue.c **** 					}
1621:Middlewares/Third_Party/FreeRTOS/Source/queue.c **** 				}
1622:Middlewares/Third_Party/FreeRTOS/Source/queue.c **** 				#endif /* configUSE_MUTEXES */
1623:Middlewares/Third_Party/FreeRTOS/Source/queue.c **** 
1624:Middlewares/Third_Party/FreeRTOS/Source/queue.c **** 				traceQUEUE_RECEIVE_FAILED( pxQueue );
1625:Middlewares/Third_Party/FreeRTOS/Source/queue.c **** 				return errQUEUE_EMPTY;
1626:Middlewares/Third_Party/FreeRTOS/Source/queue.c **** 			}
1627:Middlewares/Third_Party/FreeRTOS/Source/queue.c **** 			else
1628:Middlewares/Third_Party/FreeRTOS/Source/queue.c **** 			{
ARM GAS  /tmp/ccAaDn2P.s 			page 30


1629:Middlewares/Third_Party/FreeRTOS/Source/queue.c **** 				mtCOVERAGE_TEST_MARKER();
1630:Middlewares/Third_Party/FreeRTOS/Source/queue.c **** 			}
1631:Middlewares/Third_Party/FreeRTOS/Source/queue.c **** 		}
1632:Middlewares/Third_Party/FreeRTOS/Source/queue.c **** 	} /*lint -restore */
1633:Middlewares/Third_Party/FreeRTOS/Source/queue.c **** }
1634:Middlewares/Third_Party/FreeRTOS/Source/queue.c **** /*-----------------------------------------------------------*/
1635:Middlewares/Third_Party/FreeRTOS/Source/queue.c **** 
1636:Middlewares/Third_Party/FreeRTOS/Source/queue.c **** BaseType_t xQueuePeek( QueueHandle_t xQueue, void * const pvBuffer, TickType_t xTicksToWait )
1637:Middlewares/Third_Party/FreeRTOS/Source/queue.c **** {
1638:Middlewares/Third_Party/FreeRTOS/Source/queue.c **** BaseType_t xEntryTimeSet = pdFALSE;
1639:Middlewares/Third_Party/FreeRTOS/Source/queue.c **** TimeOut_t xTimeOut;
1640:Middlewares/Third_Party/FreeRTOS/Source/queue.c **** int8_t *pcOriginalReadPosition;
1641:Middlewares/Third_Party/FreeRTOS/Source/queue.c **** Queue_t * const pxQueue = xQueue;
1642:Middlewares/Third_Party/FreeRTOS/Source/queue.c **** 
1643:Middlewares/Third_Party/FreeRTOS/Source/queue.c **** 	/* Check the pointer is not NULL. */
1644:Middlewares/Third_Party/FreeRTOS/Source/queue.c **** 	configASSERT( ( pxQueue ) );
1645:Middlewares/Third_Party/FreeRTOS/Source/queue.c **** 
1646:Middlewares/Third_Party/FreeRTOS/Source/queue.c **** 	/* The buffer into which data is received can only be NULL if the data size
1647:Middlewares/Third_Party/FreeRTOS/Source/queue.c **** 	is zero (so no data is copied into the buffer. */
1648:Middlewares/Third_Party/FreeRTOS/Source/queue.c **** 	configASSERT( !( ( ( pvBuffer ) == NULL ) && ( ( pxQueue )->uxItemSize != ( UBaseType_t ) 0U ) ) )
1649:Middlewares/Third_Party/FreeRTOS/Source/queue.c **** 
1650:Middlewares/Third_Party/FreeRTOS/Source/queue.c **** 	/* Cannot block if the scheduler is suspended. */
1651:Middlewares/Third_Party/FreeRTOS/Source/queue.c **** 	#if ( ( INCLUDE_xTaskGetSchedulerState == 1 ) || ( configUSE_TIMERS == 1 ) )
1652:Middlewares/Third_Party/FreeRTOS/Source/queue.c **** 	{
1653:Middlewares/Third_Party/FreeRTOS/Source/queue.c **** 		configASSERT( !( ( xTaskGetSchedulerState() == taskSCHEDULER_SUSPENDED ) && ( xTicksToWait != 0 )
1654:Middlewares/Third_Party/FreeRTOS/Source/queue.c **** 	}
1655:Middlewares/Third_Party/FreeRTOS/Source/queue.c **** 	#endif
1656:Middlewares/Third_Party/FreeRTOS/Source/queue.c **** 
1657:Middlewares/Third_Party/FreeRTOS/Source/queue.c **** 
1658:Middlewares/Third_Party/FreeRTOS/Source/queue.c **** 	/*lint -save -e904  This function relaxes the coding standard somewhat to
1659:Middlewares/Third_Party/FreeRTOS/Source/queue.c **** 	allow return statements within the function itself.  This is done in the
1660:Middlewares/Third_Party/FreeRTOS/Source/queue.c **** 	interest of execution time efficiency. */
1661:Middlewares/Third_Party/FreeRTOS/Source/queue.c **** 	for( ;; )
1662:Middlewares/Third_Party/FreeRTOS/Source/queue.c **** 	{
1663:Middlewares/Third_Party/FreeRTOS/Source/queue.c **** 		taskENTER_CRITICAL();
1664:Middlewares/Third_Party/FreeRTOS/Source/queue.c **** 		{
1665:Middlewares/Third_Party/FreeRTOS/Source/queue.c **** 			const UBaseType_t uxMessagesWaiting = pxQueue->uxMessagesWaiting;
1666:Middlewares/Third_Party/FreeRTOS/Source/queue.c **** 
1667:Middlewares/Third_Party/FreeRTOS/Source/queue.c **** 			/* Is there data in the queue now?  To be running the calling task
1668:Middlewares/Third_Party/FreeRTOS/Source/queue.c **** 			must be the highest priority task wanting to access the queue. */
1669:Middlewares/Third_Party/FreeRTOS/Source/queue.c **** 			if( uxMessagesWaiting > ( UBaseType_t ) 0 )
1670:Middlewares/Third_Party/FreeRTOS/Source/queue.c **** 			{
1671:Middlewares/Third_Party/FreeRTOS/Source/queue.c **** 				/* Remember the read position so it can be reset after the data
1672:Middlewares/Third_Party/FreeRTOS/Source/queue.c **** 				is read from the queue as this function is only peeking the
1673:Middlewares/Third_Party/FreeRTOS/Source/queue.c **** 				data, not removing it. */
1674:Middlewares/Third_Party/FreeRTOS/Source/queue.c **** 				pcOriginalReadPosition = pxQueue->u.xQueue.pcReadFrom;
1675:Middlewares/Third_Party/FreeRTOS/Source/queue.c **** 
1676:Middlewares/Third_Party/FreeRTOS/Source/queue.c **** 				prvCopyDataFromQueue( pxQueue, pvBuffer );
1677:Middlewares/Third_Party/FreeRTOS/Source/queue.c **** 				traceQUEUE_PEEK( pxQueue );
1678:Middlewares/Third_Party/FreeRTOS/Source/queue.c **** 
1679:Middlewares/Third_Party/FreeRTOS/Source/queue.c **** 				/* The data is not being removed, so reset the read pointer. */
1680:Middlewares/Third_Party/FreeRTOS/Source/queue.c **** 				pxQueue->u.xQueue.pcReadFrom = pcOriginalReadPosition;
1681:Middlewares/Third_Party/FreeRTOS/Source/queue.c **** 
1682:Middlewares/Third_Party/FreeRTOS/Source/queue.c **** 				/* The data is being left in the queue, so see if there are
1683:Middlewares/Third_Party/FreeRTOS/Source/queue.c **** 				any other tasks waiting for the data. */
1684:Middlewares/Third_Party/FreeRTOS/Source/queue.c **** 				if( listLIST_IS_EMPTY( &( pxQueue->xTasksWaitingToReceive ) ) == pdFALSE )
1685:Middlewares/Third_Party/FreeRTOS/Source/queue.c **** 				{
ARM GAS  /tmp/ccAaDn2P.s 			page 31


1686:Middlewares/Third_Party/FreeRTOS/Source/queue.c **** 					if( xTaskRemoveFromEventList( &( pxQueue->xTasksWaitingToReceive ) ) != pdFALSE )
1687:Middlewares/Third_Party/FreeRTOS/Source/queue.c **** 					{
1688:Middlewares/Third_Party/FreeRTOS/Source/queue.c **** 						/* The task waiting has a higher priority than this task. */
1689:Middlewares/Third_Party/FreeRTOS/Source/queue.c **** 						queueYIELD_IF_USING_PREEMPTION();
1690:Middlewares/Third_Party/FreeRTOS/Source/queue.c **** 					}
1691:Middlewares/Third_Party/FreeRTOS/Source/queue.c **** 					else
1692:Middlewares/Third_Party/FreeRTOS/Source/queue.c **** 					{
1693:Middlewares/Third_Party/FreeRTOS/Source/queue.c **** 						mtCOVERAGE_TEST_MARKER();
1694:Middlewares/Third_Party/FreeRTOS/Source/queue.c **** 					}
1695:Middlewares/Third_Party/FreeRTOS/Source/queue.c **** 				}
1696:Middlewares/Third_Party/FreeRTOS/Source/queue.c **** 				else
1697:Middlewares/Third_Party/FreeRTOS/Source/queue.c **** 				{
1698:Middlewares/Third_Party/FreeRTOS/Source/queue.c **** 					mtCOVERAGE_TEST_MARKER();
1699:Middlewares/Third_Party/FreeRTOS/Source/queue.c **** 				}
1700:Middlewares/Third_Party/FreeRTOS/Source/queue.c **** 
1701:Middlewares/Third_Party/FreeRTOS/Source/queue.c **** 				taskEXIT_CRITICAL();
1702:Middlewares/Third_Party/FreeRTOS/Source/queue.c **** 				return pdPASS;
1703:Middlewares/Third_Party/FreeRTOS/Source/queue.c **** 			}
1704:Middlewares/Third_Party/FreeRTOS/Source/queue.c **** 			else
1705:Middlewares/Third_Party/FreeRTOS/Source/queue.c **** 			{
1706:Middlewares/Third_Party/FreeRTOS/Source/queue.c **** 				if( xTicksToWait == ( TickType_t ) 0 )
1707:Middlewares/Third_Party/FreeRTOS/Source/queue.c **** 				{
1708:Middlewares/Third_Party/FreeRTOS/Source/queue.c **** 					/* The queue was empty and no block time is specified (or
1709:Middlewares/Third_Party/FreeRTOS/Source/queue.c **** 					the block time has expired) so leave now. */
1710:Middlewares/Third_Party/FreeRTOS/Source/queue.c **** 					taskEXIT_CRITICAL();
1711:Middlewares/Third_Party/FreeRTOS/Source/queue.c **** 					traceQUEUE_PEEK_FAILED( pxQueue );
1712:Middlewares/Third_Party/FreeRTOS/Source/queue.c **** 					return errQUEUE_EMPTY;
1713:Middlewares/Third_Party/FreeRTOS/Source/queue.c **** 				}
1714:Middlewares/Third_Party/FreeRTOS/Source/queue.c **** 				else if( xEntryTimeSet == pdFALSE )
1715:Middlewares/Third_Party/FreeRTOS/Source/queue.c **** 				{
1716:Middlewares/Third_Party/FreeRTOS/Source/queue.c **** 					/* The queue was empty and a block time was specified so
1717:Middlewares/Third_Party/FreeRTOS/Source/queue.c **** 					configure the timeout structure ready to enter the blocked
1718:Middlewares/Third_Party/FreeRTOS/Source/queue.c **** 					state. */
1719:Middlewares/Third_Party/FreeRTOS/Source/queue.c **** 					vTaskInternalSetTimeOutState( &xTimeOut );
1720:Middlewares/Third_Party/FreeRTOS/Source/queue.c **** 					xEntryTimeSet = pdTRUE;
1721:Middlewares/Third_Party/FreeRTOS/Source/queue.c **** 				}
1722:Middlewares/Third_Party/FreeRTOS/Source/queue.c **** 				else
1723:Middlewares/Third_Party/FreeRTOS/Source/queue.c **** 				{
1724:Middlewares/Third_Party/FreeRTOS/Source/queue.c **** 					/* Entry time was already set. */
1725:Middlewares/Third_Party/FreeRTOS/Source/queue.c **** 					mtCOVERAGE_TEST_MARKER();
1726:Middlewares/Third_Party/FreeRTOS/Source/queue.c **** 				}
1727:Middlewares/Third_Party/FreeRTOS/Source/queue.c **** 			}
1728:Middlewares/Third_Party/FreeRTOS/Source/queue.c **** 		}
1729:Middlewares/Third_Party/FreeRTOS/Source/queue.c **** 		taskEXIT_CRITICAL();
1730:Middlewares/Third_Party/FreeRTOS/Source/queue.c **** 
1731:Middlewares/Third_Party/FreeRTOS/Source/queue.c **** 		/* Interrupts and other tasks can send to and receive from the queue
1732:Middlewares/Third_Party/FreeRTOS/Source/queue.c **** 		now the critical section has been exited. */
1733:Middlewares/Third_Party/FreeRTOS/Source/queue.c **** 
1734:Middlewares/Third_Party/FreeRTOS/Source/queue.c **** 		vTaskSuspendAll();
1735:Middlewares/Third_Party/FreeRTOS/Source/queue.c **** 		prvLockQueue( pxQueue );
1736:Middlewares/Third_Party/FreeRTOS/Source/queue.c **** 
1737:Middlewares/Third_Party/FreeRTOS/Source/queue.c **** 		/* Update the timeout state to see if it has expired yet. */
1738:Middlewares/Third_Party/FreeRTOS/Source/queue.c **** 		if( xTaskCheckForTimeOut( &xTimeOut, &xTicksToWait ) == pdFALSE )
1739:Middlewares/Third_Party/FreeRTOS/Source/queue.c **** 		{
1740:Middlewares/Third_Party/FreeRTOS/Source/queue.c **** 			/* Timeout has not expired yet, check to see if there is data in the
1741:Middlewares/Third_Party/FreeRTOS/Source/queue.c **** 			queue now, and if not enter the Blocked state to wait for data. */
1742:Middlewares/Third_Party/FreeRTOS/Source/queue.c **** 			if( prvIsQueueEmpty( pxQueue ) != pdFALSE )
ARM GAS  /tmp/ccAaDn2P.s 			page 32


1743:Middlewares/Third_Party/FreeRTOS/Source/queue.c **** 			{
1744:Middlewares/Third_Party/FreeRTOS/Source/queue.c **** 				traceBLOCKING_ON_QUEUE_PEEK( pxQueue );
1745:Middlewares/Third_Party/FreeRTOS/Source/queue.c **** 				vTaskPlaceOnEventList( &( pxQueue->xTasksWaitingToReceive ), xTicksToWait );
1746:Middlewares/Third_Party/FreeRTOS/Source/queue.c **** 				prvUnlockQueue( pxQueue );
1747:Middlewares/Third_Party/FreeRTOS/Source/queue.c **** 				if( xTaskResumeAll() == pdFALSE )
1748:Middlewares/Third_Party/FreeRTOS/Source/queue.c **** 				{
1749:Middlewares/Third_Party/FreeRTOS/Source/queue.c **** 					portYIELD_WITHIN_API();
1750:Middlewares/Third_Party/FreeRTOS/Source/queue.c **** 				}
1751:Middlewares/Third_Party/FreeRTOS/Source/queue.c **** 				else
1752:Middlewares/Third_Party/FreeRTOS/Source/queue.c **** 				{
1753:Middlewares/Third_Party/FreeRTOS/Source/queue.c **** 					mtCOVERAGE_TEST_MARKER();
1754:Middlewares/Third_Party/FreeRTOS/Source/queue.c **** 				}
1755:Middlewares/Third_Party/FreeRTOS/Source/queue.c **** 			}
1756:Middlewares/Third_Party/FreeRTOS/Source/queue.c **** 			else
1757:Middlewares/Third_Party/FreeRTOS/Source/queue.c **** 			{
1758:Middlewares/Third_Party/FreeRTOS/Source/queue.c **** 				/* There is data in the queue now, so don't enter the blocked
1759:Middlewares/Third_Party/FreeRTOS/Source/queue.c **** 				state, instead return to try and obtain the data. */
1760:Middlewares/Third_Party/FreeRTOS/Source/queue.c **** 				prvUnlockQueue( pxQueue );
1761:Middlewares/Third_Party/FreeRTOS/Source/queue.c **** 				( void ) xTaskResumeAll();
1762:Middlewares/Third_Party/FreeRTOS/Source/queue.c **** 			}
1763:Middlewares/Third_Party/FreeRTOS/Source/queue.c **** 		}
1764:Middlewares/Third_Party/FreeRTOS/Source/queue.c **** 		else
1765:Middlewares/Third_Party/FreeRTOS/Source/queue.c **** 		{
1766:Middlewares/Third_Party/FreeRTOS/Source/queue.c **** 			/* The timeout has expired.  If there is still no data in the queue
1767:Middlewares/Third_Party/FreeRTOS/Source/queue.c **** 			exit, otherwise go back and try to read the data again. */
1768:Middlewares/Third_Party/FreeRTOS/Source/queue.c **** 			prvUnlockQueue( pxQueue );
1769:Middlewares/Third_Party/FreeRTOS/Source/queue.c **** 			( void ) xTaskResumeAll();
1770:Middlewares/Third_Party/FreeRTOS/Source/queue.c **** 
1771:Middlewares/Third_Party/FreeRTOS/Source/queue.c **** 			if( prvIsQueueEmpty( pxQueue ) != pdFALSE )
1772:Middlewares/Third_Party/FreeRTOS/Source/queue.c **** 			{
1773:Middlewares/Third_Party/FreeRTOS/Source/queue.c **** 				traceQUEUE_PEEK_FAILED( pxQueue );
1774:Middlewares/Third_Party/FreeRTOS/Source/queue.c **** 				return errQUEUE_EMPTY;
1775:Middlewares/Third_Party/FreeRTOS/Source/queue.c **** 			}
1776:Middlewares/Third_Party/FreeRTOS/Source/queue.c **** 			else
1777:Middlewares/Third_Party/FreeRTOS/Source/queue.c **** 			{
1778:Middlewares/Third_Party/FreeRTOS/Source/queue.c **** 				mtCOVERAGE_TEST_MARKER();
1779:Middlewares/Third_Party/FreeRTOS/Source/queue.c **** 			}
1780:Middlewares/Third_Party/FreeRTOS/Source/queue.c **** 		}
1781:Middlewares/Third_Party/FreeRTOS/Source/queue.c **** 	} /*lint -restore */
1782:Middlewares/Third_Party/FreeRTOS/Source/queue.c **** }
1783:Middlewares/Third_Party/FreeRTOS/Source/queue.c **** /*-----------------------------------------------------------*/
1784:Middlewares/Third_Party/FreeRTOS/Source/queue.c **** 
1785:Middlewares/Third_Party/FreeRTOS/Source/queue.c **** BaseType_t xQueueReceiveFromISR( QueueHandle_t xQueue, void * const pvBuffer, BaseType_t * const px
1786:Middlewares/Third_Party/FreeRTOS/Source/queue.c **** {
1787:Middlewares/Third_Party/FreeRTOS/Source/queue.c **** BaseType_t xReturn;
1788:Middlewares/Third_Party/FreeRTOS/Source/queue.c **** UBaseType_t uxSavedInterruptStatus;
1789:Middlewares/Third_Party/FreeRTOS/Source/queue.c **** Queue_t * const pxQueue = xQueue;
1790:Middlewares/Third_Party/FreeRTOS/Source/queue.c **** 
1791:Middlewares/Third_Party/FreeRTOS/Source/queue.c **** 	configASSERT( pxQueue );
1792:Middlewares/Third_Party/FreeRTOS/Source/queue.c **** 	configASSERT( !( ( pvBuffer == NULL ) && ( pxQueue->uxItemSize != ( UBaseType_t ) 0U ) ) );
1793:Middlewares/Third_Party/FreeRTOS/Source/queue.c **** 
1794:Middlewares/Third_Party/FreeRTOS/Source/queue.c **** 	/* RTOS ports that support interrupt nesting have the concept of a maximum
1795:Middlewares/Third_Party/FreeRTOS/Source/queue.c **** 	system call (or maximum API call) interrupt priority.  Interrupts that are
1796:Middlewares/Third_Party/FreeRTOS/Source/queue.c **** 	above the maximum system call priority are kept permanently enabled, even
1797:Middlewares/Third_Party/FreeRTOS/Source/queue.c **** 	when the RTOS kernel is in a critical section, but cannot make any calls to
1798:Middlewares/Third_Party/FreeRTOS/Source/queue.c **** 	FreeRTOS API functions.  If configASSERT() is defined in FreeRTOSConfig.h
1799:Middlewares/Third_Party/FreeRTOS/Source/queue.c **** 	then portASSERT_IF_INTERRUPT_PRIORITY_INVALID() will result in an assertion
ARM GAS  /tmp/ccAaDn2P.s 			page 33


1800:Middlewares/Third_Party/FreeRTOS/Source/queue.c **** 	failure if a FreeRTOS API function is called from an interrupt that has been
1801:Middlewares/Third_Party/FreeRTOS/Source/queue.c **** 	assigned a priority above the configured maximum system call priority.
1802:Middlewares/Third_Party/FreeRTOS/Source/queue.c **** 	Only FreeRTOS functions that end in FromISR can be called from interrupts
1803:Middlewares/Third_Party/FreeRTOS/Source/queue.c **** 	that have been assigned a priority at or (logically) below the maximum
1804:Middlewares/Third_Party/FreeRTOS/Source/queue.c **** 	system call	interrupt priority.  FreeRTOS maintains a separate interrupt
1805:Middlewares/Third_Party/FreeRTOS/Source/queue.c **** 	safe API to ensure interrupt entry is as fast and as simple as possible.
1806:Middlewares/Third_Party/FreeRTOS/Source/queue.c **** 	More information (albeit Cortex-M specific) is provided on the following
1807:Middlewares/Third_Party/FreeRTOS/Source/queue.c **** 	link: http://www.freertos.org/RTOS-Cortex-M3-M4.html */
1808:Middlewares/Third_Party/FreeRTOS/Source/queue.c **** 	portASSERT_IF_INTERRUPT_PRIORITY_INVALID();
1809:Middlewares/Third_Party/FreeRTOS/Source/queue.c **** 
1810:Middlewares/Third_Party/FreeRTOS/Source/queue.c **** 	uxSavedInterruptStatus = portSET_INTERRUPT_MASK_FROM_ISR();
1811:Middlewares/Third_Party/FreeRTOS/Source/queue.c **** 	{
1812:Middlewares/Third_Party/FreeRTOS/Source/queue.c **** 		const UBaseType_t uxMessagesWaiting = pxQueue->uxMessagesWaiting;
1813:Middlewares/Third_Party/FreeRTOS/Source/queue.c **** 
1814:Middlewares/Third_Party/FreeRTOS/Source/queue.c **** 		/* Cannot block in an ISR, so check there is data available. */
1815:Middlewares/Third_Party/FreeRTOS/Source/queue.c **** 		if( uxMessagesWaiting > ( UBaseType_t ) 0 )
1816:Middlewares/Third_Party/FreeRTOS/Source/queue.c **** 		{
1817:Middlewares/Third_Party/FreeRTOS/Source/queue.c **** 			const int8_t cRxLock = pxQueue->cRxLock;
1818:Middlewares/Third_Party/FreeRTOS/Source/queue.c **** 
1819:Middlewares/Third_Party/FreeRTOS/Source/queue.c **** 			traceQUEUE_RECEIVE_FROM_ISR( pxQueue );
1820:Middlewares/Third_Party/FreeRTOS/Source/queue.c **** 
1821:Middlewares/Third_Party/FreeRTOS/Source/queue.c **** 			prvCopyDataFromQueue( pxQueue, pvBuffer );
1822:Middlewares/Third_Party/FreeRTOS/Source/queue.c **** 			pxQueue->uxMessagesWaiting = uxMessagesWaiting - ( UBaseType_t ) 1;
1823:Middlewares/Third_Party/FreeRTOS/Source/queue.c **** 
1824:Middlewares/Third_Party/FreeRTOS/Source/queue.c **** 			/* If the queue is locked the event list will not be modified.
1825:Middlewares/Third_Party/FreeRTOS/Source/queue.c **** 			Instead update the lock count so the task that unlocks the queue
1826:Middlewares/Third_Party/FreeRTOS/Source/queue.c **** 			will know that an ISR has removed data while the queue was
1827:Middlewares/Third_Party/FreeRTOS/Source/queue.c **** 			locked. */
1828:Middlewares/Third_Party/FreeRTOS/Source/queue.c **** 			if( cRxLock == queueUNLOCKED )
1829:Middlewares/Third_Party/FreeRTOS/Source/queue.c **** 			{
1830:Middlewares/Third_Party/FreeRTOS/Source/queue.c **** 				if( listLIST_IS_EMPTY( &( pxQueue->xTasksWaitingToSend ) ) == pdFALSE )
1831:Middlewares/Third_Party/FreeRTOS/Source/queue.c **** 				{
1832:Middlewares/Third_Party/FreeRTOS/Source/queue.c **** 					if( xTaskRemoveFromEventList( &( pxQueue->xTasksWaitingToSend ) ) != pdFALSE )
1833:Middlewares/Third_Party/FreeRTOS/Source/queue.c **** 					{
1834:Middlewares/Third_Party/FreeRTOS/Source/queue.c **** 						/* The task waiting has a higher priority than us so
1835:Middlewares/Third_Party/FreeRTOS/Source/queue.c **** 						force a context switch. */
1836:Middlewares/Third_Party/FreeRTOS/Source/queue.c **** 						if( pxHigherPriorityTaskWoken != NULL )
1837:Middlewares/Third_Party/FreeRTOS/Source/queue.c **** 						{
1838:Middlewares/Third_Party/FreeRTOS/Source/queue.c **** 							*pxHigherPriorityTaskWoken = pdTRUE;
1839:Middlewares/Third_Party/FreeRTOS/Source/queue.c **** 						}
1840:Middlewares/Third_Party/FreeRTOS/Source/queue.c **** 						else
1841:Middlewares/Third_Party/FreeRTOS/Source/queue.c **** 						{
1842:Middlewares/Third_Party/FreeRTOS/Source/queue.c **** 							mtCOVERAGE_TEST_MARKER();
1843:Middlewares/Third_Party/FreeRTOS/Source/queue.c **** 						}
1844:Middlewares/Third_Party/FreeRTOS/Source/queue.c **** 					}
1845:Middlewares/Third_Party/FreeRTOS/Source/queue.c **** 					else
1846:Middlewares/Third_Party/FreeRTOS/Source/queue.c **** 					{
1847:Middlewares/Third_Party/FreeRTOS/Source/queue.c **** 						mtCOVERAGE_TEST_MARKER();
1848:Middlewares/Third_Party/FreeRTOS/Source/queue.c **** 					}
1849:Middlewares/Third_Party/FreeRTOS/Source/queue.c **** 				}
1850:Middlewares/Third_Party/FreeRTOS/Source/queue.c **** 				else
1851:Middlewares/Third_Party/FreeRTOS/Source/queue.c **** 				{
1852:Middlewares/Third_Party/FreeRTOS/Source/queue.c **** 					mtCOVERAGE_TEST_MARKER();
1853:Middlewares/Third_Party/FreeRTOS/Source/queue.c **** 				}
1854:Middlewares/Third_Party/FreeRTOS/Source/queue.c **** 			}
1855:Middlewares/Third_Party/FreeRTOS/Source/queue.c **** 			else
1856:Middlewares/Third_Party/FreeRTOS/Source/queue.c **** 			{
ARM GAS  /tmp/ccAaDn2P.s 			page 34


1857:Middlewares/Third_Party/FreeRTOS/Source/queue.c **** 				/* Increment the lock count so the task that unlocks the queue
1858:Middlewares/Third_Party/FreeRTOS/Source/queue.c **** 				knows that data was removed while it was locked. */
1859:Middlewares/Third_Party/FreeRTOS/Source/queue.c **** 				pxQueue->cRxLock = ( int8_t ) ( cRxLock + 1 );
1860:Middlewares/Third_Party/FreeRTOS/Source/queue.c **** 			}
1861:Middlewares/Third_Party/FreeRTOS/Source/queue.c **** 
1862:Middlewares/Third_Party/FreeRTOS/Source/queue.c **** 			xReturn = pdPASS;
1863:Middlewares/Third_Party/FreeRTOS/Source/queue.c **** 		}
1864:Middlewares/Third_Party/FreeRTOS/Source/queue.c **** 		else
1865:Middlewares/Third_Party/FreeRTOS/Source/queue.c **** 		{
1866:Middlewares/Third_Party/FreeRTOS/Source/queue.c **** 			xReturn = pdFAIL;
1867:Middlewares/Third_Party/FreeRTOS/Source/queue.c **** 			traceQUEUE_RECEIVE_FROM_ISR_FAILED( pxQueue );
1868:Middlewares/Third_Party/FreeRTOS/Source/queue.c **** 		}
1869:Middlewares/Third_Party/FreeRTOS/Source/queue.c **** 	}
1870:Middlewares/Third_Party/FreeRTOS/Source/queue.c **** 	portCLEAR_INTERRUPT_MASK_FROM_ISR( uxSavedInterruptStatus );
1871:Middlewares/Third_Party/FreeRTOS/Source/queue.c **** 
1872:Middlewares/Third_Party/FreeRTOS/Source/queue.c **** 	return xReturn;
1873:Middlewares/Third_Party/FreeRTOS/Source/queue.c **** }
1874:Middlewares/Third_Party/FreeRTOS/Source/queue.c **** /*-----------------------------------------------------------*/
1875:Middlewares/Third_Party/FreeRTOS/Source/queue.c **** 
1876:Middlewares/Third_Party/FreeRTOS/Source/queue.c **** BaseType_t xQueuePeekFromISR( QueueHandle_t xQueue,  void * const pvBuffer )
1877:Middlewares/Third_Party/FreeRTOS/Source/queue.c **** {
1878:Middlewares/Third_Party/FreeRTOS/Source/queue.c **** BaseType_t xReturn;
1879:Middlewares/Third_Party/FreeRTOS/Source/queue.c **** UBaseType_t uxSavedInterruptStatus;
1880:Middlewares/Third_Party/FreeRTOS/Source/queue.c **** int8_t *pcOriginalReadPosition;
1881:Middlewares/Third_Party/FreeRTOS/Source/queue.c **** Queue_t * const pxQueue = xQueue;
1882:Middlewares/Third_Party/FreeRTOS/Source/queue.c **** 
1883:Middlewares/Third_Party/FreeRTOS/Source/queue.c **** 	configASSERT( pxQueue );
1884:Middlewares/Third_Party/FreeRTOS/Source/queue.c **** 	configASSERT( !( ( pvBuffer == NULL ) && ( pxQueue->uxItemSize != ( UBaseType_t ) 0U ) ) );
1885:Middlewares/Third_Party/FreeRTOS/Source/queue.c **** 	configASSERT( pxQueue->uxItemSize != 0 ); /* Can't peek a semaphore. */
1886:Middlewares/Third_Party/FreeRTOS/Source/queue.c **** 
1887:Middlewares/Third_Party/FreeRTOS/Source/queue.c **** 	/* RTOS ports that support interrupt nesting have the concept of a maximum
1888:Middlewares/Third_Party/FreeRTOS/Source/queue.c **** 	system call (or maximum API call) interrupt priority.  Interrupts that are
1889:Middlewares/Third_Party/FreeRTOS/Source/queue.c **** 	above the maximum system call priority are kept permanently enabled, even
1890:Middlewares/Third_Party/FreeRTOS/Source/queue.c **** 	when the RTOS kernel is in a critical section, but cannot make any calls to
1891:Middlewares/Third_Party/FreeRTOS/Source/queue.c **** 	FreeRTOS API functions.  If configASSERT() is defined in FreeRTOSConfig.h
1892:Middlewares/Third_Party/FreeRTOS/Source/queue.c **** 	then portASSERT_IF_INTERRUPT_PRIORITY_INVALID() will result in an assertion
1893:Middlewares/Third_Party/FreeRTOS/Source/queue.c **** 	failure if a FreeRTOS API function is called from an interrupt that has been
1894:Middlewares/Third_Party/FreeRTOS/Source/queue.c **** 	assigned a priority above the configured maximum system call priority.
1895:Middlewares/Third_Party/FreeRTOS/Source/queue.c **** 	Only FreeRTOS functions that end in FromISR can be called from interrupts
1896:Middlewares/Third_Party/FreeRTOS/Source/queue.c **** 	that have been assigned a priority at or (logically) below the maximum
1897:Middlewares/Third_Party/FreeRTOS/Source/queue.c **** 	system call	interrupt priority.  FreeRTOS maintains a separate interrupt
1898:Middlewares/Third_Party/FreeRTOS/Source/queue.c **** 	safe API to ensure interrupt entry is as fast and as simple as possible.
1899:Middlewares/Third_Party/FreeRTOS/Source/queue.c **** 	More information (albeit Cortex-M specific) is provided on the following
1900:Middlewares/Third_Party/FreeRTOS/Source/queue.c **** 	link: http://www.freertos.org/RTOS-Cortex-M3-M4.html */
1901:Middlewares/Third_Party/FreeRTOS/Source/queue.c **** 	portASSERT_IF_INTERRUPT_PRIORITY_INVALID();
1902:Middlewares/Third_Party/FreeRTOS/Source/queue.c **** 
1903:Middlewares/Third_Party/FreeRTOS/Source/queue.c **** 	uxSavedInterruptStatus = portSET_INTERRUPT_MASK_FROM_ISR();
1904:Middlewares/Third_Party/FreeRTOS/Source/queue.c **** 	{
1905:Middlewares/Third_Party/FreeRTOS/Source/queue.c **** 		/* Cannot block in an ISR, so check there is data available. */
1906:Middlewares/Third_Party/FreeRTOS/Source/queue.c **** 		if( pxQueue->uxMessagesWaiting > ( UBaseType_t ) 0 )
1907:Middlewares/Third_Party/FreeRTOS/Source/queue.c **** 		{
1908:Middlewares/Third_Party/FreeRTOS/Source/queue.c **** 			traceQUEUE_PEEK_FROM_ISR( pxQueue );
1909:Middlewares/Third_Party/FreeRTOS/Source/queue.c **** 
1910:Middlewares/Third_Party/FreeRTOS/Source/queue.c **** 			/* Remember the read position so it can be reset as nothing is
1911:Middlewares/Third_Party/FreeRTOS/Source/queue.c **** 			actually being removed from the queue. */
1912:Middlewares/Third_Party/FreeRTOS/Source/queue.c **** 			pcOriginalReadPosition = pxQueue->u.xQueue.pcReadFrom;
1913:Middlewares/Third_Party/FreeRTOS/Source/queue.c **** 			prvCopyDataFromQueue( pxQueue, pvBuffer );
ARM GAS  /tmp/ccAaDn2P.s 			page 35


1914:Middlewares/Third_Party/FreeRTOS/Source/queue.c **** 			pxQueue->u.xQueue.pcReadFrom = pcOriginalReadPosition;
1915:Middlewares/Third_Party/FreeRTOS/Source/queue.c **** 
1916:Middlewares/Third_Party/FreeRTOS/Source/queue.c **** 			xReturn = pdPASS;
1917:Middlewares/Third_Party/FreeRTOS/Source/queue.c **** 		}
1918:Middlewares/Third_Party/FreeRTOS/Source/queue.c **** 		else
1919:Middlewares/Third_Party/FreeRTOS/Source/queue.c **** 		{
1920:Middlewares/Third_Party/FreeRTOS/Source/queue.c **** 			xReturn = pdFAIL;
1921:Middlewares/Third_Party/FreeRTOS/Source/queue.c **** 			traceQUEUE_PEEK_FROM_ISR_FAILED( pxQueue );
1922:Middlewares/Third_Party/FreeRTOS/Source/queue.c **** 		}
1923:Middlewares/Third_Party/FreeRTOS/Source/queue.c **** 	}
1924:Middlewares/Third_Party/FreeRTOS/Source/queue.c **** 	portCLEAR_INTERRUPT_MASK_FROM_ISR( uxSavedInterruptStatus );
1925:Middlewares/Third_Party/FreeRTOS/Source/queue.c **** 
1926:Middlewares/Third_Party/FreeRTOS/Source/queue.c **** 	return xReturn;
1927:Middlewares/Third_Party/FreeRTOS/Source/queue.c **** }
1928:Middlewares/Third_Party/FreeRTOS/Source/queue.c **** /*-----------------------------------------------------------*/
1929:Middlewares/Third_Party/FreeRTOS/Source/queue.c **** 
1930:Middlewares/Third_Party/FreeRTOS/Source/queue.c **** UBaseType_t uxQueueMessagesWaiting( const QueueHandle_t xQueue )
1931:Middlewares/Third_Party/FreeRTOS/Source/queue.c **** {
1932:Middlewares/Third_Party/FreeRTOS/Source/queue.c **** UBaseType_t uxReturn;
1933:Middlewares/Third_Party/FreeRTOS/Source/queue.c **** 
1934:Middlewares/Third_Party/FreeRTOS/Source/queue.c **** 	configASSERT( xQueue );
1935:Middlewares/Third_Party/FreeRTOS/Source/queue.c **** 
1936:Middlewares/Third_Party/FreeRTOS/Source/queue.c **** 	taskENTER_CRITICAL();
1937:Middlewares/Third_Party/FreeRTOS/Source/queue.c **** 	{
1938:Middlewares/Third_Party/FreeRTOS/Source/queue.c **** 		uxReturn = ( ( Queue_t * ) xQueue )->uxMessagesWaiting;
1939:Middlewares/Third_Party/FreeRTOS/Source/queue.c **** 	}
1940:Middlewares/Third_Party/FreeRTOS/Source/queue.c **** 	taskEXIT_CRITICAL();
1941:Middlewares/Third_Party/FreeRTOS/Source/queue.c **** 
1942:Middlewares/Third_Party/FreeRTOS/Source/queue.c **** 	return uxReturn;
1943:Middlewares/Third_Party/FreeRTOS/Source/queue.c **** } /*lint !e818 Pointer cannot be declared const as xQueue is a typedef not pointer. */
1944:Middlewares/Third_Party/FreeRTOS/Source/queue.c **** /*-----------------------------------------------------------*/
1945:Middlewares/Third_Party/FreeRTOS/Source/queue.c **** 
1946:Middlewares/Third_Party/FreeRTOS/Source/queue.c **** UBaseType_t uxQueueSpacesAvailable( const QueueHandle_t xQueue )
1947:Middlewares/Third_Party/FreeRTOS/Source/queue.c **** {
1948:Middlewares/Third_Party/FreeRTOS/Source/queue.c **** UBaseType_t uxReturn;
1949:Middlewares/Third_Party/FreeRTOS/Source/queue.c **** Queue_t * const pxQueue = xQueue;
1950:Middlewares/Third_Party/FreeRTOS/Source/queue.c **** 
1951:Middlewares/Third_Party/FreeRTOS/Source/queue.c **** 	configASSERT( pxQueue );
1952:Middlewares/Third_Party/FreeRTOS/Source/queue.c **** 
1953:Middlewares/Third_Party/FreeRTOS/Source/queue.c **** 	taskENTER_CRITICAL();
1954:Middlewares/Third_Party/FreeRTOS/Source/queue.c **** 	{
1955:Middlewares/Third_Party/FreeRTOS/Source/queue.c **** 		uxReturn = pxQueue->uxLength - pxQueue->uxMessagesWaiting;
1956:Middlewares/Third_Party/FreeRTOS/Source/queue.c **** 	}
1957:Middlewares/Third_Party/FreeRTOS/Source/queue.c **** 	taskEXIT_CRITICAL();
1958:Middlewares/Third_Party/FreeRTOS/Source/queue.c **** 
1959:Middlewares/Third_Party/FreeRTOS/Source/queue.c **** 	return uxReturn;
1960:Middlewares/Third_Party/FreeRTOS/Source/queue.c **** } /*lint !e818 Pointer cannot be declared const as xQueue is a typedef not pointer. */
1961:Middlewares/Third_Party/FreeRTOS/Source/queue.c **** /*-----------------------------------------------------------*/
1962:Middlewares/Third_Party/FreeRTOS/Source/queue.c **** 
1963:Middlewares/Third_Party/FreeRTOS/Source/queue.c **** UBaseType_t uxQueueMessagesWaitingFromISR( const QueueHandle_t xQueue )
1964:Middlewares/Third_Party/FreeRTOS/Source/queue.c **** {
1965:Middlewares/Third_Party/FreeRTOS/Source/queue.c **** UBaseType_t uxReturn;
1966:Middlewares/Third_Party/FreeRTOS/Source/queue.c **** Queue_t * const pxQueue = xQueue;
1967:Middlewares/Third_Party/FreeRTOS/Source/queue.c **** 
1968:Middlewares/Third_Party/FreeRTOS/Source/queue.c **** 	configASSERT( pxQueue );
1969:Middlewares/Third_Party/FreeRTOS/Source/queue.c **** 	uxReturn = pxQueue->uxMessagesWaiting;
1970:Middlewares/Third_Party/FreeRTOS/Source/queue.c **** 
ARM GAS  /tmp/ccAaDn2P.s 			page 36


1971:Middlewares/Third_Party/FreeRTOS/Source/queue.c **** 	return uxReturn;
1972:Middlewares/Third_Party/FreeRTOS/Source/queue.c **** } /*lint !e818 Pointer cannot be declared const as xQueue is a typedef not pointer. */
1973:Middlewares/Third_Party/FreeRTOS/Source/queue.c **** /*-----------------------------------------------------------*/
1974:Middlewares/Third_Party/FreeRTOS/Source/queue.c **** 
1975:Middlewares/Third_Party/FreeRTOS/Source/queue.c **** void vQueueDelete( QueueHandle_t xQueue )
1976:Middlewares/Third_Party/FreeRTOS/Source/queue.c **** {
1977:Middlewares/Third_Party/FreeRTOS/Source/queue.c **** Queue_t * const pxQueue = xQueue;
1978:Middlewares/Third_Party/FreeRTOS/Source/queue.c **** 
1979:Middlewares/Third_Party/FreeRTOS/Source/queue.c **** 	configASSERT( pxQueue );
1980:Middlewares/Third_Party/FreeRTOS/Source/queue.c **** 	traceQUEUE_DELETE( pxQueue );
1981:Middlewares/Third_Party/FreeRTOS/Source/queue.c **** 
1982:Middlewares/Third_Party/FreeRTOS/Source/queue.c **** 	#if ( configQUEUE_REGISTRY_SIZE > 0 )
1983:Middlewares/Third_Party/FreeRTOS/Source/queue.c **** 	{
1984:Middlewares/Third_Party/FreeRTOS/Source/queue.c **** 		vQueueUnregisterQueue( pxQueue );
1985:Middlewares/Third_Party/FreeRTOS/Source/queue.c **** 	}
1986:Middlewares/Third_Party/FreeRTOS/Source/queue.c **** 	#endif
1987:Middlewares/Third_Party/FreeRTOS/Source/queue.c **** 
1988:Middlewares/Third_Party/FreeRTOS/Source/queue.c **** 	#if( ( configSUPPORT_DYNAMIC_ALLOCATION == 1 ) && ( configSUPPORT_STATIC_ALLOCATION == 0 ) )
1989:Middlewares/Third_Party/FreeRTOS/Source/queue.c **** 	{
1990:Middlewares/Third_Party/FreeRTOS/Source/queue.c **** 		/* The queue can only have been allocated dynamically - free it
1991:Middlewares/Third_Party/FreeRTOS/Source/queue.c **** 		again. */
1992:Middlewares/Third_Party/FreeRTOS/Source/queue.c **** 		vPortFree( pxQueue );
1993:Middlewares/Third_Party/FreeRTOS/Source/queue.c **** 	}
1994:Middlewares/Third_Party/FreeRTOS/Source/queue.c **** 	#elif( ( configSUPPORT_DYNAMIC_ALLOCATION == 1 ) && ( configSUPPORT_STATIC_ALLOCATION == 1 ) )
1995:Middlewares/Third_Party/FreeRTOS/Source/queue.c **** 	{
1996:Middlewares/Third_Party/FreeRTOS/Source/queue.c **** 		/* The queue could have been allocated statically or dynamically, so
1997:Middlewares/Third_Party/FreeRTOS/Source/queue.c **** 		check before attempting to free the memory. */
1998:Middlewares/Third_Party/FreeRTOS/Source/queue.c **** 		if( pxQueue->ucStaticallyAllocated == ( uint8_t ) pdFALSE )
1999:Middlewares/Third_Party/FreeRTOS/Source/queue.c **** 		{
2000:Middlewares/Third_Party/FreeRTOS/Source/queue.c **** 			vPortFree( pxQueue );
2001:Middlewares/Third_Party/FreeRTOS/Source/queue.c **** 		}
2002:Middlewares/Third_Party/FreeRTOS/Source/queue.c **** 		else
2003:Middlewares/Third_Party/FreeRTOS/Source/queue.c **** 		{
2004:Middlewares/Third_Party/FreeRTOS/Source/queue.c **** 			mtCOVERAGE_TEST_MARKER();
2005:Middlewares/Third_Party/FreeRTOS/Source/queue.c **** 		}
2006:Middlewares/Third_Party/FreeRTOS/Source/queue.c **** 	}
2007:Middlewares/Third_Party/FreeRTOS/Source/queue.c **** 	#else
2008:Middlewares/Third_Party/FreeRTOS/Source/queue.c **** 	{
2009:Middlewares/Third_Party/FreeRTOS/Source/queue.c **** 		/* The queue must have been statically allocated, so is not going to be
2010:Middlewares/Third_Party/FreeRTOS/Source/queue.c **** 		deleted.  Avoid compiler warnings about the unused parameter. */
2011:Middlewares/Third_Party/FreeRTOS/Source/queue.c **** 		( void ) pxQueue;
2012:Middlewares/Third_Party/FreeRTOS/Source/queue.c **** 	}
2013:Middlewares/Third_Party/FreeRTOS/Source/queue.c **** 	#endif /* configSUPPORT_DYNAMIC_ALLOCATION */
2014:Middlewares/Third_Party/FreeRTOS/Source/queue.c **** }
2015:Middlewares/Third_Party/FreeRTOS/Source/queue.c **** /*-----------------------------------------------------------*/
2016:Middlewares/Third_Party/FreeRTOS/Source/queue.c **** 
2017:Middlewares/Third_Party/FreeRTOS/Source/queue.c **** #if ( configUSE_TRACE_FACILITY == 1 )
2018:Middlewares/Third_Party/FreeRTOS/Source/queue.c **** 
2019:Middlewares/Third_Party/FreeRTOS/Source/queue.c **** 	UBaseType_t uxQueueGetQueueNumber( QueueHandle_t xQueue )
2020:Middlewares/Third_Party/FreeRTOS/Source/queue.c **** 	{
2021:Middlewares/Third_Party/FreeRTOS/Source/queue.c **** 		return ( ( Queue_t * ) xQueue )->uxQueueNumber;
2022:Middlewares/Third_Party/FreeRTOS/Source/queue.c **** 	}
2023:Middlewares/Third_Party/FreeRTOS/Source/queue.c **** 
2024:Middlewares/Third_Party/FreeRTOS/Source/queue.c **** #endif /* configUSE_TRACE_FACILITY */
2025:Middlewares/Third_Party/FreeRTOS/Source/queue.c **** /*-----------------------------------------------------------*/
2026:Middlewares/Third_Party/FreeRTOS/Source/queue.c **** 
2027:Middlewares/Third_Party/FreeRTOS/Source/queue.c **** #if ( configUSE_TRACE_FACILITY == 1 )
ARM GAS  /tmp/ccAaDn2P.s 			page 37


2028:Middlewares/Third_Party/FreeRTOS/Source/queue.c **** 
2029:Middlewares/Third_Party/FreeRTOS/Source/queue.c **** 	void vQueueSetQueueNumber( QueueHandle_t xQueue, UBaseType_t uxQueueNumber )
2030:Middlewares/Third_Party/FreeRTOS/Source/queue.c **** 	{
2031:Middlewares/Third_Party/FreeRTOS/Source/queue.c **** 		( ( Queue_t * ) xQueue )->uxQueueNumber = uxQueueNumber;
2032:Middlewares/Third_Party/FreeRTOS/Source/queue.c **** 	}
2033:Middlewares/Third_Party/FreeRTOS/Source/queue.c **** 
2034:Middlewares/Third_Party/FreeRTOS/Source/queue.c **** #endif /* configUSE_TRACE_FACILITY */
2035:Middlewares/Third_Party/FreeRTOS/Source/queue.c **** /*-----------------------------------------------------------*/
2036:Middlewares/Third_Party/FreeRTOS/Source/queue.c **** 
2037:Middlewares/Third_Party/FreeRTOS/Source/queue.c **** #if ( configUSE_TRACE_FACILITY == 1 )
2038:Middlewares/Third_Party/FreeRTOS/Source/queue.c **** 
2039:Middlewares/Third_Party/FreeRTOS/Source/queue.c **** 	uint8_t ucQueueGetQueueType( QueueHandle_t xQueue )
2040:Middlewares/Third_Party/FreeRTOS/Source/queue.c **** 	{
2041:Middlewares/Third_Party/FreeRTOS/Source/queue.c **** 		return ( ( Queue_t * ) xQueue )->ucQueueType;
2042:Middlewares/Third_Party/FreeRTOS/Source/queue.c **** 	}
2043:Middlewares/Third_Party/FreeRTOS/Source/queue.c **** 
2044:Middlewares/Third_Party/FreeRTOS/Source/queue.c **** #endif /* configUSE_TRACE_FACILITY */
2045:Middlewares/Third_Party/FreeRTOS/Source/queue.c **** /*-----------------------------------------------------------*/
2046:Middlewares/Third_Party/FreeRTOS/Source/queue.c **** 
2047:Middlewares/Third_Party/FreeRTOS/Source/queue.c **** #if( configUSE_MUTEXES == 1 )
2048:Middlewares/Third_Party/FreeRTOS/Source/queue.c **** 
2049:Middlewares/Third_Party/FreeRTOS/Source/queue.c **** 	static UBaseType_t prvGetDisinheritPriorityAfterTimeout( const Queue_t * const pxQueue )
2050:Middlewares/Third_Party/FreeRTOS/Source/queue.c **** 	{
  27              		.loc 1 2050 2 view -0
  28              		.cfi_startproc
  29              		@ args = 0, pretend = 0, frame = 0
  30              		@ frame_needed = 0, uses_anonymous_args = 0
  31              		@ link register save eliminated.
  32              		.loc 1 2050 2 is_stmt 0 view .LVU1
  33 0000 0346     		mov	r3, r0
2051:Middlewares/Third_Party/FreeRTOS/Source/queue.c **** 	UBaseType_t uxHighestPriorityOfWaitingTasks;
  34              		.loc 1 2051 2 is_stmt 1 view .LVU2
2052:Middlewares/Third_Party/FreeRTOS/Source/queue.c **** 
2053:Middlewares/Third_Party/FreeRTOS/Source/queue.c **** 		/* If a task waiting for a mutex causes the mutex holder to inherit a
2054:Middlewares/Third_Party/FreeRTOS/Source/queue.c **** 		priority, but the waiting task times out, then the holder should
2055:Middlewares/Third_Party/FreeRTOS/Source/queue.c **** 		disinherit the priority - but only down to the highest priority of any
2056:Middlewares/Third_Party/FreeRTOS/Source/queue.c **** 		other tasks that are waiting for the same mutex.  For this purpose,
2057:Middlewares/Third_Party/FreeRTOS/Source/queue.c **** 		return the priority of the highest priority task that is waiting for the
2058:Middlewares/Third_Party/FreeRTOS/Source/queue.c **** 		mutex. */
2059:Middlewares/Third_Party/FreeRTOS/Source/queue.c **** 		if( listCURRENT_LIST_LENGTH( &( pxQueue->xTasksWaitingToReceive ) ) > 0U )
  35              		.loc 1 2059 3 view .LVU3
  36              		.loc 1 2059 7 is_stmt 0 view .LVU4
  37 0002 406A     		ldr	r0, [r0, #36]
  38              	.LVL1:
  39              		.loc 1 2059 5 view .LVU5
  40 0004 18B1     		cbz	r0, .L1
2060:Middlewares/Third_Party/FreeRTOS/Source/queue.c **** 		{
2061:Middlewares/Third_Party/FreeRTOS/Source/queue.c **** 			uxHighestPriorityOfWaitingTasks = ( UBaseType_t ) configMAX_PRIORITIES - ( UBaseType_t ) listGET
  41              		.loc 1 2061 4 is_stmt 1 view .LVU6
  42              		.loc 1 2061 93 is_stmt 0 view .LVU7
  43 0006 1B6B     		ldr	r3, [r3, #48]
  44              	.LVL2:
  45              		.loc 1 2061 93 view .LVU8
  46 0008 1868     		ldr	r0, [r3]
  47              		.loc 1 2061 36 view .LVU9
  48 000a C0F10500 		rsb	r0, r0, #5
  49              	.LVL3:
ARM GAS  /tmp/ccAaDn2P.s 			page 38


2062:Middlewares/Third_Party/FreeRTOS/Source/queue.c **** 		}
2063:Middlewares/Third_Party/FreeRTOS/Source/queue.c **** 		else
2064:Middlewares/Third_Party/FreeRTOS/Source/queue.c **** 		{
2065:Middlewares/Third_Party/FreeRTOS/Source/queue.c **** 			uxHighestPriorityOfWaitingTasks = tskIDLE_PRIORITY;
2066:Middlewares/Third_Party/FreeRTOS/Source/queue.c **** 		}
2067:Middlewares/Third_Party/FreeRTOS/Source/queue.c **** 
2068:Middlewares/Third_Party/FreeRTOS/Source/queue.c **** 		return uxHighestPriorityOfWaitingTasks;
  50              		.loc 1 2068 3 is_stmt 1 view .LVU10
  51              	.L1:
2069:Middlewares/Third_Party/FreeRTOS/Source/queue.c **** 	}
  52              		.loc 1 2069 2 is_stmt 0 view .LVU11
  53 000e 7047     		bx	lr
  54              		.cfi_endproc
  55              	.LFE24:
  57              		.section	.text.prvIsQueueFull,"ax",%progbits
  58              		.align	1
  59              		.syntax unified
  60              		.thumb
  61              		.thumb_func
  63              	prvIsQueueFull:
  64              	.LVL4:
  65              	.LFB30:
2070:Middlewares/Third_Party/FreeRTOS/Source/queue.c **** 
2071:Middlewares/Third_Party/FreeRTOS/Source/queue.c **** #endif /* configUSE_MUTEXES */
2072:Middlewares/Third_Party/FreeRTOS/Source/queue.c **** /*-----------------------------------------------------------*/
2073:Middlewares/Third_Party/FreeRTOS/Source/queue.c **** 
2074:Middlewares/Third_Party/FreeRTOS/Source/queue.c **** static BaseType_t prvCopyDataToQueue( Queue_t * const pxQueue, const void *pvItemToQueue, const Bas
2075:Middlewares/Third_Party/FreeRTOS/Source/queue.c **** {
2076:Middlewares/Third_Party/FreeRTOS/Source/queue.c **** BaseType_t xReturn = pdFALSE;
2077:Middlewares/Third_Party/FreeRTOS/Source/queue.c **** UBaseType_t uxMessagesWaiting;
2078:Middlewares/Third_Party/FreeRTOS/Source/queue.c **** 
2079:Middlewares/Third_Party/FreeRTOS/Source/queue.c **** 	/* This function is called from a critical section. */
2080:Middlewares/Third_Party/FreeRTOS/Source/queue.c **** 
2081:Middlewares/Third_Party/FreeRTOS/Source/queue.c **** 	uxMessagesWaiting = pxQueue->uxMessagesWaiting;
2082:Middlewares/Third_Party/FreeRTOS/Source/queue.c **** 
2083:Middlewares/Third_Party/FreeRTOS/Source/queue.c **** 	if( pxQueue->uxItemSize == ( UBaseType_t ) 0 )
2084:Middlewares/Third_Party/FreeRTOS/Source/queue.c **** 	{
2085:Middlewares/Third_Party/FreeRTOS/Source/queue.c **** 		#if ( configUSE_MUTEXES == 1 )
2086:Middlewares/Third_Party/FreeRTOS/Source/queue.c **** 		{
2087:Middlewares/Third_Party/FreeRTOS/Source/queue.c **** 			if( pxQueue->uxQueueType == queueQUEUE_IS_MUTEX )
2088:Middlewares/Third_Party/FreeRTOS/Source/queue.c **** 			{
2089:Middlewares/Third_Party/FreeRTOS/Source/queue.c **** 				/* The mutex is no longer being held. */
2090:Middlewares/Third_Party/FreeRTOS/Source/queue.c **** 				xReturn = xTaskPriorityDisinherit( pxQueue->u.xSemaphore.xMutexHolder );
2091:Middlewares/Third_Party/FreeRTOS/Source/queue.c **** 				pxQueue->u.xSemaphore.xMutexHolder = NULL;
2092:Middlewares/Third_Party/FreeRTOS/Source/queue.c **** 			}
2093:Middlewares/Third_Party/FreeRTOS/Source/queue.c **** 			else
2094:Middlewares/Third_Party/FreeRTOS/Source/queue.c **** 			{
2095:Middlewares/Third_Party/FreeRTOS/Source/queue.c **** 				mtCOVERAGE_TEST_MARKER();
2096:Middlewares/Third_Party/FreeRTOS/Source/queue.c **** 			}
2097:Middlewares/Third_Party/FreeRTOS/Source/queue.c **** 		}
2098:Middlewares/Third_Party/FreeRTOS/Source/queue.c **** 		#endif /* configUSE_MUTEXES */
2099:Middlewares/Third_Party/FreeRTOS/Source/queue.c **** 	}
2100:Middlewares/Third_Party/FreeRTOS/Source/queue.c **** 	else if( xPosition == queueSEND_TO_BACK )
2101:Middlewares/Third_Party/FreeRTOS/Source/queue.c **** 	{
2102:Middlewares/Third_Party/FreeRTOS/Source/queue.c **** 		( void ) memcpy( ( void * ) pxQueue->pcWriteTo, pvItemToQueue, ( size_t ) pxQueue->uxItemSize ); 
2103:Middlewares/Third_Party/FreeRTOS/Source/queue.c **** 		pxQueue->pcWriteTo += pxQueue->uxItemSize; /*lint !e9016 Pointer arithmetic on char types ok, esp
2104:Middlewares/Third_Party/FreeRTOS/Source/queue.c **** 		if( pxQueue->pcWriteTo >= pxQueue->u.xQueue.pcTail ) /*lint !e946 MISRA exception justified as co
ARM GAS  /tmp/ccAaDn2P.s 			page 39


2105:Middlewares/Third_Party/FreeRTOS/Source/queue.c **** 		{
2106:Middlewares/Third_Party/FreeRTOS/Source/queue.c **** 			pxQueue->pcWriteTo = pxQueue->pcHead;
2107:Middlewares/Third_Party/FreeRTOS/Source/queue.c **** 		}
2108:Middlewares/Third_Party/FreeRTOS/Source/queue.c **** 		else
2109:Middlewares/Third_Party/FreeRTOS/Source/queue.c **** 		{
2110:Middlewares/Third_Party/FreeRTOS/Source/queue.c **** 			mtCOVERAGE_TEST_MARKER();
2111:Middlewares/Third_Party/FreeRTOS/Source/queue.c **** 		}
2112:Middlewares/Third_Party/FreeRTOS/Source/queue.c **** 	}
2113:Middlewares/Third_Party/FreeRTOS/Source/queue.c **** 	else
2114:Middlewares/Third_Party/FreeRTOS/Source/queue.c **** 	{
2115:Middlewares/Third_Party/FreeRTOS/Source/queue.c **** 		( void ) memcpy( ( void * ) pxQueue->u.xQueue.pcReadFrom, pvItemToQueue, ( size_t ) pxQueue->uxIt
2116:Middlewares/Third_Party/FreeRTOS/Source/queue.c **** 		pxQueue->u.xQueue.pcReadFrom -= pxQueue->uxItemSize;
2117:Middlewares/Third_Party/FreeRTOS/Source/queue.c **** 		if( pxQueue->u.xQueue.pcReadFrom < pxQueue->pcHead ) /*lint !e946 MISRA exception justified as co
2118:Middlewares/Third_Party/FreeRTOS/Source/queue.c **** 		{
2119:Middlewares/Third_Party/FreeRTOS/Source/queue.c **** 			pxQueue->u.xQueue.pcReadFrom = ( pxQueue->u.xQueue.pcTail - pxQueue->uxItemSize );
2120:Middlewares/Third_Party/FreeRTOS/Source/queue.c **** 		}
2121:Middlewares/Third_Party/FreeRTOS/Source/queue.c **** 		else
2122:Middlewares/Third_Party/FreeRTOS/Source/queue.c **** 		{
2123:Middlewares/Third_Party/FreeRTOS/Source/queue.c **** 			mtCOVERAGE_TEST_MARKER();
2124:Middlewares/Third_Party/FreeRTOS/Source/queue.c **** 		}
2125:Middlewares/Third_Party/FreeRTOS/Source/queue.c **** 
2126:Middlewares/Third_Party/FreeRTOS/Source/queue.c **** 		if( xPosition == queueOVERWRITE )
2127:Middlewares/Third_Party/FreeRTOS/Source/queue.c **** 		{
2128:Middlewares/Third_Party/FreeRTOS/Source/queue.c **** 			if( uxMessagesWaiting > ( UBaseType_t ) 0 )
2129:Middlewares/Third_Party/FreeRTOS/Source/queue.c **** 			{
2130:Middlewares/Third_Party/FreeRTOS/Source/queue.c **** 				/* An item is not being added but overwritten, so subtract
2131:Middlewares/Third_Party/FreeRTOS/Source/queue.c **** 				one from the recorded number of items in the queue so when
2132:Middlewares/Third_Party/FreeRTOS/Source/queue.c **** 				one is added again below the number of recorded items remains
2133:Middlewares/Third_Party/FreeRTOS/Source/queue.c **** 				correct. */
2134:Middlewares/Third_Party/FreeRTOS/Source/queue.c **** 				--uxMessagesWaiting;
2135:Middlewares/Third_Party/FreeRTOS/Source/queue.c **** 			}
2136:Middlewares/Third_Party/FreeRTOS/Source/queue.c **** 			else
2137:Middlewares/Third_Party/FreeRTOS/Source/queue.c **** 			{
2138:Middlewares/Third_Party/FreeRTOS/Source/queue.c **** 				mtCOVERAGE_TEST_MARKER();
2139:Middlewares/Third_Party/FreeRTOS/Source/queue.c **** 			}
2140:Middlewares/Third_Party/FreeRTOS/Source/queue.c **** 		}
2141:Middlewares/Third_Party/FreeRTOS/Source/queue.c **** 		else
2142:Middlewares/Third_Party/FreeRTOS/Source/queue.c **** 		{
2143:Middlewares/Third_Party/FreeRTOS/Source/queue.c **** 			mtCOVERAGE_TEST_MARKER();
2144:Middlewares/Third_Party/FreeRTOS/Source/queue.c **** 		}
2145:Middlewares/Third_Party/FreeRTOS/Source/queue.c **** 	}
2146:Middlewares/Third_Party/FreeRTOS/Source/queue.c **** 
2147:Middlewares/Third_Party/FreeRTOS/Source/queue.c **** 	pxQueue->uxMessagesWaiting = uxMessagesWaiting + ( UBaseType_t ) 1;
2148:Middlewares/Third_Party/FreeRTOS/Source/queue.c **** 
2149:Middlewares/Third_Party/FreeRTOS/Source/queue.c **** 	return xReturn;
2150:Middlewares/Third_Party/FreeRTOS/Source/queue.c **** }
2151:Middlewares/Third_Party/FreeRTOS/Source/queue.c **** /*-----------------------------------------------------------*/
2152:Middlewares/Third_Party/FreeRTOS/Source/queue.c **** 
2153:Middlewares/Third_Party/FreeRTOS/Source/queue.c **** static void prvCopyDataFromQueue( Queue_t * const pxQueue, void * const pvBuffer )
2154:Middlewares/Third_Party/FreeRTOS/Source/queue.c **** {
2155:Middlewares/Third_Party/FreeRTOS/Source/queue.c **** 	if( pxQueue->uxItemSize != ( UBaseType_t ) 0 )
2156:Middlewares/Third_Party/FreeRTOS/Source/queue.c **** 	{
2157:Middlewares/Third_Party/FreeRTOS/Source/queue.c **** 		pxQueue->u.xQueue.pcReadFrom += pxQueue->uxItemSize; /*lint !e9016 Pointer arithmetic on char typ
2158:Middlewares/Third_Party/FreeRTOS/Source/queue.c **** 		if( pxQueue->u.xQueue.pcReadFrom >= pxQueue->u.xQueue.pcTail ) /*lint !e946 MISRA exception justi
2159:Middlewares/Third_Party/FreeRTOS/Source/queue.c **** 		{
2160:Middlewares/Third_Party/FreeRTOS/Source/queue.c **** 			pxQueue->u.xQueue.pcReadFrom = pxQueue->pcHead;
2161:Middlewares/Third_Party/FreeRTOS/Source/queue.c **** 		}
ARM GAS  /tmp/ccAaDn2P.s 			page 40


2162:Middlewares/Third_Party/FreeRTOS/Source/queue.c **** 		else
2163:Middlewares/Third_Party/FreeRTOS/Source/queue.c **** 		{
2164:Middlewares/Third_Party/FreeRTOS/Source/queue.c **** 			mtCOVERAGE_TEST_MARKER();
2165:Middlewares/Third_Party/FreeRTOS/Source/queue.c **** 		}
2166:Middlewares/Third_Party/FreeRTOS/Source/queue.c **** 		( void ) memcpy( ( void * ) pvBuffer, ( void * ) pxQueue->u.xQueue.pcReadFrom, ( size_t ) pxQueue
2167:Middlewares/Third_Party/FreeRTOS/Source/queue.c **** 	}
2168:Middlewares/Third_Party/FreeRTOS/Source/queue.c **** }
2169:Middlewares/Third_Party/FreeRTOS/Source/queue.c **** /*-----------------------------------------------------------*/
2170:Middlewares/Third_Party/FreeRTOS/Source/queue.c **** 
2171:Middlewares/Third_Party/FreeRTOS/Source/queue.c **** static void prvUnlockQueue( Queue_t * const pxQueue )
2172:Middlewares/Third_Party/FreeRTOS/Source/queue.c **** {
2173:Middlewares/Third_Party/FreeRTOS/Source/queue.c **** 	/* THIS FUNCTION MUST BE CALLED WITH THE SCHEDULER SUSPENDED. */
2174:Middlewares/Third_Party/FreeRTOS/Source/queue.c **** 
2175:Middlewares/Third_Party/FreeRTOS/Source/queue.c **** 	/* The lock counts contains the number of extra data items placed or
2176:Middlewares/Third_Party/FreeRTOS/Source/queue.c **** 	removed from the queue while the queue was locked.  When a queue is
2177:Middlewares/Third_Party/FreeRTOS/Source/queue.c **** 	locked items can be added or removed, but the event lists cannot be
2178:Middlewares/Third_Party/FreeRTOS/Source/queue.c **** 	updated. */
2179:Middlewares/Third_Party/FreeRTOS/Source/queue.c **** 	taskENTER_CRITICAL();
2180:Middlewares/Third_Party/FreeRTOS/Source/queue.c **** 	{
2181:Middlewares/Third_Party/FreeRTOS/Source/queue.c **** 		int8_t cTxLock = pxQueue->cTxLock;
2182:Middlewares/Third_Party/FreeRTOS/Source/queue.c **** 
2183:Middlewares/Third_Party/FreeRTOS/Source/queue.c **** 		/* See if data was added to the queue while it was locked. */
2184:Middlewares/Third_Party/FreeRTOS/Source/queue.c **** 		while( cTxLock > queueLOCKED_UNMODIFIED )
2185:Middlewares/Third_Party/FreeRTOS/Source/queue.c **** 		{
2186:Middlewares/Third_Party/FreeRTOS/Source/queue.c **** 			/* Data was posted while the queue was locked.  Are any tasks
2187:Middlewares/Third_Party/FreeRTOS/Source/queue.c **** 			blocked waiting for data to become available? */
2188:Middlewares/Third_Party/FreeRTOS/Source/queue.c **** 			#if ( configUSE_QUEUE_SETS == 1 )
2189:Middlewares/Third_Party/FreeRTOS/Source/queue.c **** 			{
2190:Middlewares/Third_Party/FreeRTOS/Source/queue.c **** 				if( pxQueue->pxQueueSetContainer != NULL )
2191:Middlewares/Third_Party/FreeRTOS/Source/queue.c **** 				{
2192:Middlewares/Third_Party/FreeRTOS/Source/queue.c **** 					if( prvNotifyQueueSetContainer( pxQueue ) != pdFALSE )
2193:Middlewares/Third_Party/FreeRTOS/Source/queue.c **** 					{
2194:Middlewares/Third_Party/FreeRTOS/Source/queue.c **** 						/* The queue is a member of a queue set, and posting to
2195:Middlewares/Third_Party/FreeRTOS/Source/queue.c **** 						the queue set caused a higher priority task to unblock.
2196:Middlewares/Third_Party/FreeRTOS/Source/queue.c **** 						A context switch is required. */
2197:Middlewares/Third_Party/FreeRTOS/Source/queue.c **** 						vTaskMissedYield();
2198:Middlewares/Third_Party/FreeRTOS/Source/queue.c **** 					}
2199:Middlewares/Third_Party/FreeRTOS/Source/queue.c **** 					else
2200:Middlewares/Third_Party/FreeRTOS/Source/queue.c **** 					{
2201:Middlewares/Third_Party/FreeRTOS/Source/queue.c **** 						mtCOVERAGE_TEST_MARKER();
2202:Middlewares/Third_Party/FreeRTOS/Source/queue.c **** 					}
2203:Middlewares/Third_Party/FreeRTOS/Source/queue.c **** 				}
2204:Middlewares/Third_Party/FreeRTOS/Source/queue.c **** 				else
2205:Middlewares/Third_Party/FreeRTOS/Source/queue.c **** 				{
2206:Middlewares/Third_Party/FreeRTOS/Source/queue.c **** 					/* Tasks that are removed from the event list will get
2207:Middlewares/Third_Party/FreeRTOS/Source/queue.c **** 					added to the pending ready list as the scheduler is still
2208:Middlewares/Third_Party/FreeRTOS/Source/queue.c **** 					suspended. */
2209:Middlewares/Third_Party/FreeRTOS/Source/queue.c **** 					if( listLIST_IS_EMPTY( &( pxQueue->xTasksWaitingToReceive ) ) == pdFALSE )
2210:Middlewares/Third_Party/FreeRTOS/Source/queue.c **** 					{
2211:Middlewares/Third_Party/FreeRTOS/Source/queue.c **** 						if( xTaskRemoveFromEventList( &( pxQueue->xTasksWaitingToReceive ) ) != pdFALSE )
2212:Middlewares/Third_Party/FreeRTOS/Source/queue.c **** 						{
2213:Middlewares/Third_Party/FreeRTOS/Source/queue.c **** 							/* The task waiting has a higher priority so record that a
2214:Middlewares/Third_Party/FreeRTOS/Source/queue.c **** 							context	switch is required. */
2215:Middlewares/Third_Party/FreeRTOS/Source/queue.c **** 							vTaskMissedYield();
2216:Middlewares/Third_Party/FreeRTOS/Source/queue.c **** 						}
2217:Middlewares/Third_Party/FreeRTOS/Source/queue.c **** 						else
2218:Middlewares/Third_Party/FreeRTOS/Source/queue.c **** 						{
ARM GAS  /tmp/ccAaDn2P.s 			page 41


2219:Middlewares/Third_Party/FreeRTOS/Source/queue.c **** 							mtCOVERAGE_TEST_MARKER();
2220:Middlewares/Third_Party/FreeRTOS/Source/queue.c **** 						}
2221:Middlewares/Third_Party/FreeRTOS/Source/queue.c **** 					}
2222:Middlewares/Third_Party/FreeRTOS/Source/queue.c **** 					else
2223:Middlewares/Third_Party/FreeRTOS/Source/queue.c **** 					{
2224:Middlewares/Third_Party/FreeRTOS/Source/queue.c **** 						break;
2225:Middlewares/Third_Party/FreeRTOS/Source/queue.c **** 					}
2226:Middlewares/Third_Party/FreeRTOS/Source/queue.c **** 				}
2227:Middlewares/Third_Party/FreeRTOS/Source/queue.c **** 			}
2228:Middlewares/Third_Party/FreeRTOS/Source/queue.c **** 			#else /* configUSE_QUEUE_SETS */
2229:Middlewares/Third_Party/FreeRTOS/Source/queue.c **** 			{
2230:Middlewares/Third_Party/FreeRTOS/Source/queue.c **** 				/* Tasks that are removed from the event list will get added to
2231:Middlewares/Third_Party/FreeRTOS/Source/queue.c **** 				the pending ready list as the scheduler is still suspended. */
2232:Middlewares/Third_Party/FreeRTOS/Source/queue.c **** 				if( listLIST_IS_EMPTY( &( pxQueue->xTasksWaitingToReceive ) ) == pdFALSE )
2233:Middlewares/Third_Party/FreeRTOS/Source/queue.c **** 				{
2234:Middlewares/Third_Party/FreeRTOS/Source/queue.c **** 					if( xTaskRemoveFromEventList( &( pxQueue->xTasksWaitingToReceive ) ) != pdFALSE )
2235:Middlewares/Third_Party/FreeRTOS/Source/queue.c **** 					{
2236:Middlewares/Third_Party/FreeRTOS/Source/queue.c **** 						/* The task waiting has a higher priority so record that
2237:Middlewares/Third_Party/FreeRTOS/Source/queue.c **** 						a context switch is required. */
2238:Middlewares/Third_Party/FreeRTOS/Source/queue.c **** 						vTaskMissedYield();
2239:Middlewares/Third_Party/FreeRTOS/Source/queue.c **** 					}
2240:Middlewares/Third_Party/FreeRTOS/Source/queue.c **** 					else
2241:Middlewares/Third_Party/FreeRTOS/Source/queue.c **** 					{
2242:Middlewares/Third_Party/FreeRTOS/Source/queue.c **** 						mtCOVERAGE_TEST_MARKER();
2243:Middlewares/Third_Party/FreeRTOS/Source/queue.c **** 					}
2244:Middlewares/Third_Party/FreeRTOS/Source/queue.c **** 				}
2245:Middlewares/Third_Party/FreeRTOS/Source/queue.c **** 				else
2246:Middlewares/Third_Party/FreeRTOS/Source/queue.c **** 				{
2247:Middlewares/Third_Party/FreeRTOS/Source/queue.c **** 					break;
2248:Middlewares/Third_Party/FreeRTOS/Source/queue.c **** 				}
2249:Middlewares/Third_Party/FreeRTOS/Source/queue.c **** 			}
2250:Middlewares/Third_Party/FreeRTOS/Source/queue.c **** 			#endif /* configUSE_QUEUE_SETS */
2251:Middlewares/Third_Party/FreeRTOS/Source/queue.c **** 
2252:Middlewares/Third_Party/FreeRTOS/Source/queue.c **** 			--cTxLock;
2253:Middlewares/Third_Party/FreeRTOS/Source/queue.c **** 		}
2254:Middlewares/Third_Party/FreeRTOS/Source/queue.c **** 
2255:Middlewares/Third_Party/FreeRTOS/Source/queue.c **** 		pxQueue->cTxLock = queueUNLOCKED;
2256:Middlewares/Third_Party/FreeRTOS/Source/queue.c **** 	}
2257:Middlewares/Third_Party/FreeRTOS/Source/queue.c **** 	taskEXIT_CRITICAL();
2258:Middlewares/Third_Party/FreeRTOS/Source/queue.c **** 
2259:Middlewares/Third_Party/FreeRTOS/Source/queue.c **** 	/* Do the same for the Rx lock. */
2260:Middlewares/Third_Party/FreeRTOS/Source/queue.c **** 	taskENTER_CRITICAL();
2261:Middlewares/Third_Party/FreeRTOS/Source/queue.c **** 	{
2262:Middlewares/Third_Party/FreeRTOS/Source/queue.c **** 		int8_t cRxLock = pxQueue->cRxLock;
2263:Middlewares/Third_Party/FreeRTOS/Source/queue.c **** 
2264:Middlewares/Third_Party/FreeRTOS/Source/queue.c **** 		while( cRxLock > queueLOCKED_UNMODIFIED )
2265:Middlewares/Third_Party/FreeRTOS/Source/queue.c **** 		{
2266:Middlewares/Third_Party/FreeRTOS/Source/queue.c **** 			if( listLIST_IS_EMPTY( &( pxQueue->xTasksWaitingToSend ) ) == pdFALSE )
2267:Middlewares/Third_Party/FreeRTOS/Source/queue.c **** 			{
2268:Middlewares/Third_Party/FreeRTOS/Source/queue.c **** 				if( xTaskRemoveFromEventList( &( pxQueue->xTasksWaitingToSend ) ) != pdFALSE )
2269:Middlewares/Third_Party/FreeRTOS/Source/queue.c **** 				{
2270:Middlewares/Third_Party/FreeRTOS/Source/queue.c **** 					vTaskMissedYield();
2271:Middlewares/Third_Party/FreeRTOS/Source/queue.c **** 				}
2272:Middlewares/Third_Party/FreeRTOS/Source/queue.c **** 				else
2273:Middlewares/Third_Party/FreeRTOS/Source/queue.c **** 				{
2274:Middlewares/Third_Party/FreeRTOS/Source/queue.c **** 					mtCOVERAGE_TEST_MARKER();
2275:Middlewares/Third_Party/FreeRTOS/Source/queue.c **** 				}
ARM GAS  /tmp/ccAaDn2P.s 			page 42


2276:Middlewares/Third_Party/FreeRTOS/Source/queue.c **** 
2277:Middlewares/Third_Party/FreeRTOS/Source/queue.c **** 				--cRxLock;
2278:Middlewares/Third_Party/FreeRTOS/Source/queue.c **** 			}
2279:Middlewares/Third_Party/FreeRTOS/Source/queue.c **** 			else
2280:Middlewares/Third_Party/FreeRTOS/Source/queue.c **** 			{
2281:Middlewares/Third_Party/FreeRTOS/Source/queue.c **** 				break;
2282:Middlewares/Third_Party/FreeRTOS/Source/queue.c **** 			}
2283:Middlewares/Third_Party/FreeRTOS/Source/queue.c **** 		}
2284:Middlewares/Third_Party/FreeRTOS/Source/queue.c **** 
2285:Middlewares/Third_Party/FreeRTOS/Source/queue.c **** 		pxQueue->cRxLock = queueUNLOCKED;
2286:Middlewares/Third_Party/FreeRTOS/Source/queue.c **** 	}
2287:Middlewares/Third_Party/FreeRTOS/Source/queue.c **** 	taskEXIT_CRITICAL();
2288:Middlewares/Third_Party/FreeRTOS/Source/queue.c **** }
2289:Middlewares/Third_Party/FreeRTOS/Source/queue.c **** /*-----------------------------------------------------------*/
2290:Middlewares/Third_Party/FreeRTOS/Source/queue.c **** 
2291:Middlewares/Third_Party/FreeRTOS/Source/queue.c **** static BaseType_t prvIsQueueEmpty( const Queue_t *pxQueue )
2292:Middlewares/Third_Party/FreeRTOS/Source/queue.c **** {
2293:Middlewares/Third_Party/FreeRTOS/Source/queue.c **** BaseType_t xReturn;
2294:Middlewares/Third_Party/FreeRTOS/Source/queue.c **** 
2295:Middlewares/Third_Party/FreeRTOS/Source/queue.c **** 	taskENTER_CRITICAL();
2296:Middlewares/Third_Party/FreeRTOS/Source/queue.c **** 	{
2297:Middlewares/Third_Party/FreeRTOS/Source/queue.c **** 		if( pxQueue->uxMessagesWaiting == ( UBaseType_t )  0 )
2298:Middlewares/Third_Party/FreeRTOS/Source/queue.c **** 		{
2299:Middlewares/Third_Party/FreeRTOS/Source/queue.c **** 			xReturn = pdTRUE;
2300:Middlewares/Third_Party/FreeRTOS/Source/queue.c **** 		}
2301:Middlewares/Third_Party/FreeRTOS/Source/queue.c **** 		else
2302:Middlewares/Third_Party/FreeRTOS/Source/queue.c **** 		{
2303:Middlewares/Third_Party/FreeRTOS/Source/queue.c **** 			xReturn = pdFALSE;
2304:Middlewares/Third_Party/FreeRTOS/Source/queue.c **** 		}
2305:Middlewares/Third_Party/FreeRTOS/Source/queue.c **** 	}
2306:Middlewares/Third_Party/FreeRTOS/Source/queue.c **** 	taskEXIT_CRITICAL();
2307:Middlewares/Third_Party/FreeRTOS/Source/queue.c **** 
2308:Middlewares/Third_Party/FreeRTOS/Source/queue.c **** 	return xReturn;
2309:Middlewares/Third_Party/FreeRTOS/Source/queue.c **** }
2310:Middlewares/Third_Party/FreeRTOS/Source/queue.c **** /*-----------------------------------------------------------*/
2311:Middlewares/Third_Party/FreeRTOS/Source/queue.c **** 
2312:Middlewares/Third_Party/FreeRTOS/Source/queue.c **** BaseType_t xQueueIsQueueEmptyFromISR( const QueueHandle_t xQueue )
2313:Middlewares/Third_Party/FreeRTOS/Source/queue.c **** {
2314:Middlewares/Third_Party/FreeRTOS/Source/queue.c **** BaseType_t xReturn;
2315:Middlewares/Third_Party/FreeRTOS/Source/queue.c **** Queue_t * const pxQueue = xQueue;
2316:Middlewares/Third_Party/FreeRTOS/Source/queue.c **** 
2317:Middlewares/Third_Party/FreeRTOS/Source/queue.c **** 	configASSERT( pxQueue );
2318:Middlewares/Third_Party/FreeRTOS/Source/queue.c **** 	if( pxQueue->uxMessagesWaiting == ( UBaseType_t ) 0 )
2319:Middlewares/Third_Party/FreeRTOS/Source/queue.c **** 	{
2320:Middlewares/Third_Party/FreeRTOS/Source/queue.c **** 		xReturn = pdTRUE;
2321:Middlewares/Third_Party/FreeRTOS/Source/queue.c **** 	}
2322:Middlewares/Third_Party/FreeRTOS/Source/queue.c **** 	else
2323:Middlewares/Third_Party/FreeRTOS/Source/queue.c **** 	{
2324:Middlewares/Third_Party/FreeRTOS/Source/queue.c **** 		xReturn = pdFALSE;
2325:Middlewares/Third_Party/FreeRTOS/Source/queue.c **** 	}
2326:Middlewares/Third_Party/FreeRTOS/Source/queue.c **** 
2327:Middlewares/Third_Party/FreeRTOS/Source/queue.c **** 	return xReturn;
2328:Middlewares/Third_Party/FreeRTOS/Source/queue.c **** } /*lint !e818 xQueue could not be pointer to const because it is a typedef. */
2329:Middlewares/Third_Party/FreeRTOS/Source/queue.c **** /*-----------------------------------------------------------*/
2330:Middlewares/Third_Party/FreeRTOS/Source/queue.c **** 
2331:Middlewares/Third_Party/FreeRTOS/Source/queue.c **** static BaseType_t prvIsQueueFull( const Queue_t *pxQueue )
2332:Middlewares/Third_Party/FreeRTOS/Source/queue.c **** {
ARM GAS  /tmp/ccAaDn2P.s 			page 43


  66              		.loc 1 2332 1 is_stmt 1 view -0
  67              		.cfi_startproc
  68              		@ args = 0, pretend = 0, frame = 0
  69              		@ frame_needed = 0, uses_anonymous_args = 0
  70              		.loc 1 2332 1 is_stmt 0 view .LVU13
  71 0000 10B5     		push	{r4, lr}
  72              	.LCFI0:
  73              		.cfi_def_cfa_offset 8
  74              		.cfi_offset 4, -8
  75              		.cfi_offset 14, -4
  76 0002 0446     		mov	r4, r0
2333:Middlewares/Third_Party/FreeRTOS/Source/queue.c **** BaseType_t xReturn;
  77              		.loc 1 2333 1 is_stmt 1 view .LVU14
2334:Middlewares/Third_Party/FreeRTOS/Source/queue.c **** 
2335:Middlewares/Third_Party/FreeRTOS/Source/queue.c **** 	taskENTER_CRITICAL();
  78              		.loc 1 2335 2 view .LVU15
  79 0004 FFF7FEFF 		bl	vPortEnterCritical
  80              	.LVL5:
2336:Middlewares/Third_Party/FreeRTOS/Source/queue.c **** 	{
2337:Middlewares/Third_Party/FreeRTOS/Source/queue.c **** 		if( pxQueue->uxMessagesWaiting == pxQueue->uxLength )
  81              		.loc 1 2337 3 view .LVU16
  82              		.loc 1 2337 14 is_stmt 0 view .LVU17
  83 0008 A26B     		ldr	r2, [r4, #56]
  84              		.loc 1 2337 44 view .LVU18
  85 000a E36B     		ldr	r3, [r4, #60]
  86              		.loc 1 2337 5 view .LVU19
  87 000c 9A42     		cmp	r2, r3
  88 000e 04D0     		beq	.L7
2338:Middlewares/Third_Party/FreeRTOS/Source/queue.c **** 		{
2339:Middlewares/Third_Party/FreeRTOS/Source/queue.c **** 			xReturn = pdTRUE;
2340:Middlewares/Third_Party/FreeRTOS/Source/queue.c **** 		}
2341:Middlewares/Third_Party/FreeRTOS/Source/queue.c **** 		else
2342:Middlewares/Third_Party/FreeRTOS/Source/queue.c **** 		{
2343:Middlewares/Third_Party/FreeRTOS/Source/queue.c **** 			xReturn = pdFALSE;
  89              		.loc 1 2343 12 view .LVU20
  90 0010 0024     		movs	r4, #0
  91              	.LVL6:
  92              	.L4:
2344:Middlewares/Third_Party/FreeRTOS/Source/queue.c **** 		}
2345:Middlewares/Third_Party/FreeRTOS/Source/queue.c **** 	}
2346:Middlewares/Third_Party/FreeRTOS/Source/queue.c **** 	taskEXIT_CRITICAL();
  93              		.loc 1 2346 2 is_stmt 1 view .LVU21
  94 0012 FFF7FEFF 		bl	vPortExitCritical
  95              	.LVL7:
2347:Middlewares/Third_Party/FreeRTOS/Source/queue.c **** 
2348:Middlewares/Third_Party/FreeRTOS/Source/queue.c **** 	return xReturn;
  96              		.loc 1 2348 2 view .LVU22
2349:Middlewares/Third_Party/FreeRTOS/Source/queue.c **** }
  97              		.loc 1 2349 1 is_stmt 0 view .LVU23
  98 0016 2046     		mov	r0, r4
  99 0018 10BD     		pop	{r4, pc}
 100              	.LVL8:
 101              	.L7:
2339:Middlewares/Third_Party/FreeRTOS/Source/queue.c **** 		}
 102              		.loc 1 2339 12 view .LVU24
 103 001a 0124     		movs	r4, #1
 104              	.LVL9:
ARM GAS  /tmp/ccAaDn2P.s 			page 44


2339:Middlewares/Third_Party/FreeRTOS/Source/queue.c **** 		}
 105              		.loc 1 2339 12 view .LVU25
 106 001c F9E7     		b	.L4
 107              		.cfi_endproc
 108              	.LFE30:
 110              		.section	.text.prvIsQueueEmpty,"ax",%progbits
 111              		.align	1
 112              		.syntax unified
 113              		.thumb
 114              		.thumb_func
 116              	prvIsQueueEmpty:
 117              	.LVL10:
 118              	.LFB28:
2292:Middlewares/Third_Party/FreeRTOS/Source/queue.c **** BaseType_t xReturn;
 119              		.loc 1 2292 1 is_stmt 1 view -0
 120              		.cfi_startproc
 121              		@ args = 0, pretend = 0, frame = 0
 122              		@ frame_needed = 0, uses_anonymous_args = 0
2292:Middlewares/Third_Party/FreeRTOS/Source/queue.c **** BaseType_t xReturn;
 123              		.loc 1 2292 1 is_stmt 0 view .LVU27
 124 0000 10B5     		push	{r4, lr}
 125              	.LCFI1:
 126              		.cfi_def_cfa_offset 8
 127              		.cfi_offset 4, -8
 128              		.cfi_offset 14, -4
 129 0002 0446     		mov	r4, r0
2293:Middlewares/Third_Party/FreeRTOS/Source/queue.c **** 
 130              		.loc 1 2293 1 is_stmt 1 view .LVU28
2295:Middlewares/Third_Party/FreeRTOS/Source/queue.c **** 	{
 131              		.loc 1 2295 2 view .LVU29
 132 0004 FFF7FEFF 		bl	vPortEnterCritical
 133              	.LVL11:
2297:Middlewares/Third_Party/FreeRTOS/Source/queue.c **** 		{
 134              		.loc 1 2297 3 view .LVU30
2297:Middlewares/Third_Party/FreeRTOS/Source/queue.c **** 		{
 135              		.loc 1 2297 14 is_stmt 0 view .LVU31
 136 0008 A36B     		ldr	r3, [r4, #56]
2297:Middlewares/Third_Party/FreeRTOS/Source/queue.c **** 		{
 137              		.loc 1 2297 5 view .LVU32
 138 000a 23B9     		cbnz	r3, .L10
2299:Middlewares/Third_Party/FreeRTOS/Source/queue.c **** 		}
 139              		.loc 1 2299 12 view .LVU33
 140 000c 0124     		movs	r4, #1
 141              	.LVL12:
 142              	.L9:
2306:Middlewares/Third_Party/FreeRTOS/Source/queue.c **** 
 143              		.loc 1 2306 2 is_stmt 1 view .LVU34
 144 000e FFF7FEFF 		bl	vPortExitCritical
 145              	.LVL13:
2308:Middlewares/Third_Party/FreeRTOS/Source/queue.c **** }
 146              		.loc 1 2308 2 view .LVU35
2309:Middlewares/Third_Party/FreeRTOS/Source/queue.c **** /*-----------------------------------------------------------*/
 147              		.loc 1 2309 1 is_stmt 0 view .LVU36
 148 0012 2046     		mov	r0, r4
 149 0014 10BD     		pop	{r4, pc}
 150              	.LVL14:
 151              	.L10:
ARM GAS  /tmp/ccAaDn2P.s 			page 45


2303:Middlewares/Third_Party/FreeRTOS/Source/queue.c **** 		}
 152              		.loc 1 2303 12 view .LVU37
 153 0016 0024     		movs	r4, #0
 154              	.LVL15:
2303:Middlewares/Third_Party/FreeRTOS/Source/queue.c **** 		}
 155              		.loc 1 2303 12 view .LVU38
 156 0018 F9E7     		b	.L9
 157              		.cfi_endproc
 158              	.LFE28:
 160              		.section	.text.prvCopyDataToQueue,"ax",%progbits
 161              		.align	1
 162              		.syntax unified
 163              		.thumb
 164              		.thumb_func
 166              	prvCopyDataToQueue:
 167              	.LVL16:
 168              	.LFB25:
2075:Middlewares/Third_Party/FreeRTOS/Source/queue.c **** BaseType_t xReturn = pdFALSE;
 169              		.loc 1 2075 1 is_stmt 1 view -0
 170              		.cfi_startproc
 171              		@ args = 0, pretend = 0, frame = 0
 172              		@ frame_needed = 0, uses_anonymous_args = 0
2075:Middlewares/Third_Party/FreeRTOS/Source/queue.c **** BaseType_t xReturn = pdFALSE;
 173              		.loc 1 2075 1 is_stmt 0 view .LVU40
 174 0000 70B5     		push	{r4, r5, r6, lr}
 175              	.LCFI2:
 176              		.cfi_def_cfa_offset 16
 177              		.cfi_offset 4, -16
 178              		.cfi_offset 5, -12
 179              		.cfi_offset 6, -8
 180              		.cfi_offset 14, -4
 181 0002 0446     		mov	r4, r0
 182 0004 1546     		mov	r5, r2
2076:Middlewares/Third_Party/FreeRTOS/Source/queue.c **** UBaseType_t uxMessagesWaiting;
 183              		.loc 1 2076 1 is_stmt 1 view .LVU41
 184              	.LVL17:
2077:Middlewares/Third_Party/FreeRTOS/Source/queue.c **** 
 185              		.loc 1 2077 1 view .LVU42
2081:Middlewares/Third_Party/FreeRTOS/Source/queue.c **** 
 186              		.loc 1 2081 2 view .LVU43
2081:Middlewares/Third_Party/FreeRTOS/Source/queue.c **** 
 187              		.loc 1 2081 20 is_stmt 0 view .LVU44
 188 0006 866B     		ldr	r6, [r0, #56]
 189              	.LVL18:
2083:Middlewares/Third_Party/FreeRTOS/Source/queue.c **** 	{
 190              		.loc 1 2083 2 is_stmt 1 view .LVU45
2083:Middlewares/Third_Party/FreeRTOS/Source/queue.c **** 	{
 191              		.loc 1 2083 13 is_stmt 0 view .LVU46
 192 0008 026C     		ldr	r2, [r0, #64]
 193              	.LVL19:
2083:Middlewares/Third_Party/FreeRTOS/Source/queue.c **** 	{
 194              		.loc 1 2083 4 view .LVU47
 195 000a 5AB9     		cbnz	r2, .L13
2087:Middlewares/Third_Party/FreeRTOS/Source/queue.c **** 			{
 196              		.loc 1 2087 4 is_stmt 1 view .LVU48
2087:Middlewares/Third_Party/FreeRTOS/Source/queue.c **** 			{
 197              		.loc 1 2087 15 is_stmt 0 view .LVU49
ARM GAS  /tmp/ccAaDn2P.s 			page 46


 198 000c 0368     		ldr	r3, [r0]
2087:Middlewares/Third_Party/FreeRTOS/Source/queue.c **** 			{
 199              		.loc 1 2087 6 view .LVU50
 200 000e 1BB1     		cbz	r3, .L22
2076:Middlewares/Third_Party/FreeRTOS/Source/queue.c **** UBaseType_t uxMessagesWaiting;
 201              		.loc 1 2076 12 view .LVU51
 202 0010 0020     		movs	r0, #0
 203              	.LVL20:
 204              	.L14:
2143:Middlewares/Third_Party/FreeRTOS/Source/queue.c **** 		}
 205              		.loc 1 2143 28 is_stmt 1 view .LVU52
2147:Middlewares/Third_Party/FreeRTOS/Source/queue.c **** 
 206              		.loc 1 2147 2 view .LVU53
2147:Middlewares/Third_Party/FreeRTOS/Source/queue.c **** 
 207              		.loc 1 2147 49 is_stmt 0 view .LVU54
 208 0012 0136     		adds	r6, r6, #1
 209              	.LVL21:
2147:Middlewares/Third_Party/FreeRTOS/Source/queue.c **** 
 210              		.loc 1 2147 29 view .LVU55
 211 0014 A663     		str	r6, [r4, #56]
2149:Middlewares/Third_Party/FreeRTOS/Source/queue.c **** }
 212              		.loc 1 2149 2 is_stmt 1 view .LVU56
2150:Middlewares/Third_Party/FreeRTOS/Source/queue.c **** /*-----------------------------------------------------------*/
 213              		.loc 1 2150 1 is_stmt 0 view .LVU57
 214 0016 70BD     		pop	{r4, r5, r6, pc}
 215              	.LVL22:
 216              	.L22:
2090:Middlewares/Third_Party/FreeRTOS/Source/queue.c **** 				pxQueue->u.xSemaphore.xMutexHolder = NULL;
 217              		.loc 1 2090 5 is_stmt 1 view .LVU58
2090:Middlewares/Third_Party/FreeRTOS/Source/queue.c **** 				pxQueue->u.xSemaphore.xMutexHolder = NULL;
 218              		.loc 1 2090 15 is_stmt 0 view .LVU59
 219 0018 8068     		ldr	r0, [r0, #8]
 220              	.LVL23:
2090:Middlewares/Third_Party/FreeRTOS/Source/queue.c **** 				pxQueue->u.xSemaphore.xMutexHolder = NULL;
 221              		.loc 1 2090 15 view .LVU60
 222 001a FFF7FEFF 		bl	xTaskPriorityDisinherit
 223              	.LVL24:
2091:Middlewares/Third_Party/FreeRTOS/Source/queue.c **** 			}
 224              		.loc 1 2091 5 is_stmt 1 view .LVU61
2091:Middlewares/Third_Party/FreeRTOS/Source/queue.c **** 			}
 225              		.loc 1 2091 40 is_stmt 0 view .LVU62
 226 001e 0023     		movs	r3, #0
 227 0020 A360     		str	r3, [r4, #8]
 228 0022 F6E7     		b	.L14
 229              	.LVL25:
 230              	.L13:
2100:Middlewares/Third_Party/FreeRTOS/Source/queue.c **** 	{
 231              		.loc 1 2100 7 is_stmt 1 view .LVU63
2100:Middlewares/Third_Party/FreeRTOS/Source/queue.c **** 	{
 232              		.loc 1 2100 9 is_stmt 0 view .LVU64
 233 0024 6DB9     		cbnz	r5, .L15
2102:Middlewares/Third_Party/FreeRTOS/Source/queue.c **** 		pxQueue->pcWriteTo += pxQueue->uxItemSize; /*lint !e9016 Pointer arithmetic on char types ok, esp
 234              		.loc 1 2102 3 is_stmt 1 view .LVU65
2102:Middlewares/Third_Party/FreeRTOS/Source/queue.c **** 		pxQueue->pcWriteTo += pxQueue->uxItemSize; /*lint !e9016 Pointer arithmetic on char types ok, esp
 235              		.loc 1 2102 12 is_stmt 0 view .LVU66
 236 0026 4068     		ldr	r0, [r0, #4]
 237              	.LVL26:
ARM GAS  /tmp/ccAaDn2P.s 			page 47


2102:Middlewares/Third_Party/FreeRTOS/Source/queue.c **** 		pxQueue->pcWriteTo += pxQueue->uxItemSize; /*lint !e9016 Pointer arithmetic on char types ok, esp
 238              		.loc 1 2102 12 view .LVU67
 239 0028 FFF7FEFF 		bl	memcpy
 240              	.LVL27:
2103:Middlewares/Third_Party/FreeRTOS/Source/queue.c **** 		if( pxQueue->pcWriteTo >= pxQueue->u.xQueue.pcTail ) /*lint !e946 MISRA exception justified as co
 241              		.loc 1 2103 3 is_stmt 1 view .LVU68
2103:Middlewares/Third_Party/FreeRTOS/Source/queue.c **** 		if( pxQueue->pcWriteTo >= pxQueue->u.xQueue.pcTail ) /*lint !e946 MISRA exception justified as co
 242              		.loc 1 2103 32 is_stmt 0 view .LVU69
 243 002c 226C     		ldr	r2, [r4, #64]
2103:Middlewares/Third_Party/FreeRTOS/Source/queue.c **** 		if( pxQueue->pcWriteTo >= pxQueue->u.xQueue.pcTail ) /*lint !e946 MISRA exception justified as co
 244              		.loc 1 2103 22 view .LVU70
 245 002e 6368     		ldr	r3, [r4, #4]
 246 0030 1344     		add	r3, r3, r2
 247 0032 6360     		str	r3, [r4, #4]
2104:Middlewares/Third_Party/FreeRTOS/Source/queue.c **** 		{
 248              		.loc 1 2104 3 is_stmt 1 view .LVU71
2104:Middlewares/Third_Party/FreeRTOS/Source/queue.c **** 		{
 249              		.loc 1 2104 46 is_stmt 0 view .LVU72
 250 0034 A268     		ldr	r2, [r4, #8]
2104:Middlewares/Third_Party/FreeRTOS/Source/queue.c **** 		{
 251              		.loc 1 2104 5 view .LVU73
 252 0036 9342     		cmp	r3, r2
 253 0038 19D3     		bcc	.L18
2106:Middlewares/Third_Party/FreeRTOS/Source/queue.c **** 		}
 254              		.loc 1 2106 4 is_stmt 1 view .LVU74
2106:Middlewares/Third_Party/FreeRTOS/Source/queue.c **** 		}
 255              		.loc 1 2106 32 is_stmt 0 view .LVU75
 256 003a 2368     		ldr	r3, [r4]
2106:Middlewares/Third_Party/FreeRTOS/Source/queue.c **** 		}
 257              		.loc 1 2106 23 view .LVU76
 258 003c 6360     		str	r3, [r4, #4]
2076:Middlewares/Third_Party/FreeRTOS/Source/queue.c **** UBaseType_t uxMessagesWaiting;
 259              		.loc 1 2076 12 view .LVU77
 260 003e 2846     		mov	r0, r5
 261 0040 E7E7     		b	.L14
 262              	.LVL28:
 263              	.L15:
2115:Middlewares/Third_Party/FreeRTOS/Source/queue.c **** 		pxQueue->u.xQueue.pcReadFrom -= pxQueue->uxItemSize;
 264              		.loc 1 2115 3 is_stmt 1 view .LVU78
2115:Middlewares/Third_Party/FreeRTOS/Source/queue.c **** 		pxQueue->u.xQueue.pcReadFrom -= pxQueue->uxItemSize;
 265              		.loc 1 2115 12 is_stmt 0 view .LVU79
 266 0042 C068     		ldr	r0, [r0, #12]
 267              	.LVL29:
2115:Middlewares/Third_Party/FreeRTOS/Source/queue.c **** 		pxQueue->u.xQueue.pcReadFrom -= pxQueue->uxItemSize;
 268              		.loc 1 2115 12 view .LVU80
 269 0044 FFF7FEFF 		bl	memcpy
 270              	.LVL30:
2116:Middlewares/Third_Party/FreeRTOS/Source/queue.c **** 		if( pxQueue->u.xQueue.pcReadFrom < pxQueue->pcHead ) /*lint !e946 MISRA exception justified as co
 271              		.loc 1 2116 3 is_stmt 1 view .LVU81
2116:Middlewares/Third_Party/FreeRTOS/Source/queue.c **** 		if( pxQueue->u.xQueue.pcReadFrom < pxQueue->pcHead ) /*lint !e946 MISRA exception justified as co
 272              		.loc 1 2116 42 is_stmt 0 view .LVU82
 273 0048 226C     		ldr	r2, [r4, #64]
2116:Middlewares/Third_Party/FreeRTOS/Source/queue.c **** 		if( pxQueue->u.xQueue.pcReadFrom < pxQueue->pcHead ) /*lint !e946 MISRA exception justified as co
 274              		.loc 1 2116 32 view .LVU83
 275 004a 5142     		rsbs	r1, r2, #0
 276 004c E368     		ldr	r3, [r4, #12]
 277 004e 9B1A     		subs	r3, r3, r2
ARM GAS  /tmp/ccAaDn2P.s 			page 48


 278 0050 E360     		str	r3, [r4, #12]
2117:Middlewares/Third_Party/FreeRTOS/Source/queue.c **** 		{
 279              		.loc 1 2117 3 is_stmt 1 view .LVU84
2117:Middlewares/Third_Party/FreeRTOS/Source/queue.c **** 		{
 280              		.loc 1 2117 45 is_stmt 0 view .LVU85
 281 0052 2268     		ldr	r2, [r4]
2117:Middlewares/Third_Party/FreeRTOS/Source/queue.c **** 		{
 282              		.loc 1 2117 5 view .LVU86
 283 0054 9342     		cmp	r3, r2
 284 0056 02D2     		bcs	.L16
2119:Middlewares/Third_Party/FreeRTOS/Source/queue.c **** 		}
 285              		.loc 1 2119 4 is_stmt 1 view .LVU87
2119:Middlewares/Third_Party/FreeRTOS/Source/queue.c **** 		}
 286              		.loc 1 2119 54 is_stmt 0 view .LVU88
 287 0058 A368     		ldr	r3, [r4, #8]
2119:Middlewares/Third_Party/FreeRTOS/Source/queue.c **** 		}
 288              		.loc 1 2119 62 view .LVU89
 289 005a 0B44     		add	r3, r3, r1
2119:Middlewares/Third_Party/FreeRTOS/Source/queue.c **** 		}
 290              		.loc 1 2119 33 view .LVU90
 291 005c E360     		str	r3, [r4, #12]
 292              	.L16:
2123:Middlewares/Third_Party/FreeRTOS/Source/queue.c **** 		}
 293              		.loc 1 2123 28 is_stmt 1 view .LVU91
2126:Middlewares/Third_Party/FreeRTOS/Source/queue.c **** 		{
 294              		.loc 1 2126 3 view .LVU92
2126:Middlewares/Third_Party/FreeRTOS/Source/queue.c **** 		{
 295              		.loc 1 2126 5 is_stmt 0 view .LVU93
 296 005e 022D     		cmp	r5, #2
 297 0060 01D0     		beq	.L23
2076:Middlewares/Third_Party/FreeRTOS/Source/queue.c **** UBaseType_t uxMessagesWaiting;
 298              		.loc 1 2076 12 view .LVU94
 299 0062 0020     		movs	r0, #0
 300 0064 D5E7     		b	.L14
 301              	.L23:
2128:Middlewares/Third_Party/FreeRTOS/Source/queue.c **** 			{
 302              		.loc 1 2128 4 is_stmt 1 view .LVU95
2128:Middlewares/Third_Party/FreeRTOS/Source/queue.c **** 			{
 303              		.loc 1 2128 6 is_stmt 0 view .LVU96
 304 0066 26B1     		cbz	r6, .L20
2134:Middlewares/Third_Party/FreeRTOS/Source/queue.c **** 			}
 305              		.loc 1 2134 5 is_stmt 1 view .LVU97
 306 0068 013E     		subs	r6, r6, #1
 307              	.LVL31:
2076:Middlewares/Third_Party/FreeRTOS/Source/queue.c **** UBaseType_t uxMessagesWaiting;
 308              		.loc 1 2076 12 is_stmt 0 view .LVU98
 309 006a 0020     		movs	r0, #0
 310 006c D1E7     		b	.L14
 311              	.L18:
2076:Middlewares/Third_Party/FreeRTOS/Source/queue.c **** UBaseType_t uxMessagesWaiting;
 312              		.loc 1 2076 12 view .LVU99
 313 006e 2846     		mov	r0, r5
 314 0070 CFE7     		b	.L14
 315              	.L20:
2076:Middlewares/Third_Party/FreeRTOS/Source/queue.c **** UBaseType_t uxMessagesWaiting;
 316              		.loc 1 2076 12 view .LVU100
 317 0072 0020     		movs	r0, #0
ARM GAS  /tmp/ccAaDn2P.s 			page 49


 318 0074 CDE7     		b	.L14
 319              		.cfi_endproc
 320              	.LFE25:
 322              		.section	.text.prvCopyDataFromQueue,"ax",%progbits
 323              		.align	1
 324              		.syntax unified
 325              		.thumb
 326              		.thumb_func
 328              	prvCopyDataFromQueue:
 329              	.LVL32:
 330              	.LFB26:
2154:Middlewares/Third_Party/FreeRTOS/Source/queue.c **** 	if( pxQueue->uxItemSize != ( UBaseType_t ) 0 )
 331              		.loc 1 2154 1 is_stmt 1 view -0
 332              		.cfi_startproc
 333              		@ args = 0, pretend = 0, frame = 0
 334              		@ frame_needed = 0, uses_anonymous_args = 0
2154:Middlewares/Third_Party/FreeRTOS/Source/queue.c **** 	if( pxQueue->uxItemSize != ( UBaseType_t ) 0 )
 335              		.loc 1 2154 1 is_stmt 0 view .LVU102
 336 0000 08B5     		push	{r3, lr}
 337              	.LCFI3:
 338              		.cfi_def_cfa_offset 8
 339              		.cfi_offset 3, -8
 340              		.cfi_offset 14, -4
 341 0002 0346     		mov	r3, r0
2155:Middlewares/Third_Party/FreeRTOS/Source/queue.c **** 	{
 342              		.loc 1 2155 2 is_stmt 1 view .LVU103
2155:Middlewares/Third_Party/FreeRTOS/Source/queue.c **** 	{
 343              		.loc 1 2155 13 is_stmt 0 view .LVU104
 344 0004 026C     		ldr	r2, [r0, #64]
2155:Middlewares/Third_Party/FreeRTOS/Source/queue.c **** 	{
 345              		.loc 1 2155 4 view .LVU105
 346 0006 62B1     		cbz	r2, .L24
 347 0008 0846     		mov	r0, r1
 348              	.LVL33:
2157:Middlewares/Third_Party/FreeRTOS/Source/queue.c **** 		if( pxQueue->u.xQueue.pcReadFrom >= pxQueue->u.xQueue.pcTail ) /*lint !e946 MISRA exception justi
 349              		.loc 1 2157 3 is_stmt 1 view .LVU106
2157:Middlewares/Third_Party/FreeRTOS/Source/queue.c **** 		if( pxQueue->u.xQueue.pcReadFrom >= pxQueue->u.xQueue.pcTail ) /*lint !e946 MISRA exception justi
 350              		.loc 1 2157 32 is_stmt 0 view .LVU107
 351 000a D968     		ldr	r1, [r3, #12]
 352              	.LVL34:
2157:Middlewares/Third_Party/FreeRTOS/Source/queue.c **** 		if( pxQueue->u.xQueue.pcReadFrom >= pxQueue->u.xQueue.pcTail ) /*lint !e946 MISRA exception justi
 353              		.loc 1 2157 32 view .LVU108
 354 000c 1144     		add	r1, r1, r2
 355 000e D960     		str	r1, [r3, #12]
2158:Middlewares/Third_Party/FreeRTOS/Source/queue.c **** 		{
 356              		.loc 1 2158 3 is_stmt 1 view .LVU109
2158:Middlewares/Third_Party/FreeRTOS/Source/queue.c **** 		{
 357              		.loc 1 2158 5 is_stmt 0 view .LVU110
 358 0010 D3F808C0 		ldr	ip, [r3, #8]
 359 0014 6145     		cmp	r1, ip
 360 0016 01D3     		bcc	.L26
2160:Middlewares/Third_Party/FreeRTOS/Source/queue.c **** 		}
 361              		.loc 1 2160 4 is_stmt 1 view .LVU111
2160:Middlewares/Third_Party/FreeRTOS/Source/queue.c **** 		}
 362              		.loc 1 2160 42 is_stmt 0 view .LVU112
 363 0018 1968     		ldr	r1, [r3]
2160:Middlewares/Third_Party/FreeRTOS/Source/queue.c **** 		}
ARM GAS  /tmp/ccAaDn2P.s 			page 50


 364              		.loc 1 2160 33 view .LVU113
 365 001a D960     		str	r1, [r3, #12]
 366              	.L26:
2164:Middlewares/Third_Party/FreeRTOS/Source/queue.c **** 		}
 367              		.loc 1 2164 28 is_stmt 1 view .LVU114
2166:Middlewares/Third_Party/FreeRTOS/Source/queue.c **** 	}
 368              		.loc 1 2166 3 view .LVU115
2166:Middlewares/Third_Party/FreeRTOS/Source/queue.c **** 	}
 369              		.loc 1 2166 12 is_stmt 0 view .LVU116
 370 001c D968     		ldr	r1, [r3, #12]
 371 001e FFF7FEFF 		bl	memcpy
 372              	.LVL35:
 373              	.L24:
2168:Middlewares/Third_Party/FreeRTOS/Source/queue.c **** /*-----------------------------------------------------------*/
 374              		.loc 1 2168 1 view .LVU117
 375 0022 08BD     		pop	{r3, pc}
 376              		.cfi_endproc
 377              	.LFE26:
 379              		.section	.text.prvUnlockQueue,"ax",%progbits
 380              		.align	1
 381              		.syntax unified
 382              		.thumb
 383              		.thumb_func
 385              	prvUnlockQueue:
 386              	.LVL36:
 387              	.LFB27:
2172:Middlewares/Third_Party/FreeRTOS/Source/queue.c **** 	/* THIS FUNCTION MUST BE CALLED WITH THE SCHEDULER SUSPENDED. */
 388              		.loc 1 2172 1 is_stmt 1 view -0
 389              		.cfi_startproc
 390              		@ args = 0, pretend = 0, frame = 0
 391              		@ frame_needed = 0, uses_anonymous_args = 0
2172:Middlewares/Third_Party/FreeRTOS/Source/queue.c **** 	/* THIS FUNCTION MUST BE CALLED WITH THE SCHEDULER SUSPENDED. */
 392              		.loc 1 2172 1 is_stmt 0 view .LVU119
 393 0000 38B5     		push	{r3, r4, r5, lr}
 394              	.LCFI4:
 395              		.cfi_def_cfa_offset 16
 396              		.cfi_offset 3, -16
 397              		.cfi_offset 4, -12
 398              		.cfi_offset 5, -8
 399              		.cfi_offset 14, -4
 400 0002 0546     		mov	r5, r0
2179:Middlewares/Third_Party/FreeRTOS/Source/queue.c **** 	{
 401              		.loc 1 2179 2 is_stmt 1 view .LVU120
 402 0004 FFF7FEFF 		bl	vPortEnterCritical
 403              	.LVL37:
 404              	.LBB104:
2181:Middlewares/Third_Party/FreeRTOS/Source/queue.c **** 
 405              		.loc 1 2181 3 view .LVU121
2181:Middlewares/Third_Party/FreeRTOS/Source/queue.c **** 
 406              		.loc 1 2181 10 is_stmt 0 view .LVU122
 407 0008 95F84540 		ldrb	r4, [r5, #69]	@ zero_extendqisi2
 408 000c 64B2     		sxtb	r4, r4
 409              	.LVL38:
2184:Middlewares/Third_Party/FreeRTOS/Source/queue.c **** 		{
 410              		.loc 1 2184 3 is_stmt 1 view .LVU123
2184:Middlewares/Third_Party/FreeRTOS/Source/queue.c **** 		{
 411              		.loc 1 2184 8 is_stmt 0 view .LVU124
ARM GAS  /tmp/ccAaDn2P.s 			page 51


 412 000e 01E0     		b	.L29
 413              	.L31:
2242:Middlewares/Third_Party/FreeRTOS/Source/queue.c **** 					}
 414              		.loc 1 2242 31 is_stmt 1 view .LVU125
2252:Middlewares/Third_Party/FreeRTOS/Source/queue.c **** 		}
 415              		.loc 1 2252 4 view .LVU126
 416 0010 013C     		subs	r4, r4, #1
 417              	.LVL39:
2252:Middlewares/Third_Party/FreeRTOS/Source/queue.c **** 		}
 418              		.loc 1 2252 4 is_stmt 0 view .LVU127
 419 0012 64B2     		sxtb	r4, r4
 420              	.LVL40:
 421              	.L29:
2184:Middlewares/Third_Party/FreeRTOS/Source/queue.c **** 		{
 422              		.loc 1 2184 8 is_stmt 1 view .LVU128
 423 0014 002C     		cmp	r4, #0
 424 0016 0ADD     		ble	.L30
2232:Middlewares/Third_Party/FreeRTOS/Source/queue.c **** 				{
 425              		.loc 1 2232 5 view .LVU129
2232:Middlewares/Third_Party/FreeRTOS/Source/queue.c **** 				{
 426              		.loc 1 2232 9 is_stmt 0 view .LVU130
 427 0018 6B6A     		ldr	r3, [r5, #36]
2232:Middlewares/Third_Party/FreeRTOS/Source/queue.c **** 				{
 428              		.loc 1 2232 7 view .LVU131
 429 001a 43B1     		cbz	r3, .L30
2234:Middlewares/Third_Party/FreeRTOS/Source/queue.c **** 					{
 430              		.loc 1 2234 6 is_stmt 1 view .LVU132
2234:Middlewares/Third_Party/FreeRTOS/Source/queue.c **** 					{
 431              		.loc 1 2234 10 is_stmt 0 view .LVU133
 432 001c 05F12400 		add	r0, r5, #36
 433 0020 FFF7FEFF 		bl	xTaskRemoveFromEventList
 434              	.LVL41:
2234:Middlewares/Third_Party/FreeRTOS/Source/queue.c **** 					{
 435              		.loc 1 2234 8 view .LVU134
 436 0024 0028     		cmp	r0, #0
 437 0026 F3D0     		beq	.L31
2238:Middlewares/Third_Party/FreeRTOS/Source/queue.c **** 					}
 438              		.loc 1 2238 7 is_stmt 1 view .LVU135
 439 0028 FFF7FEFF 		bl	vTaskMissedYield
 440              	.LVL42:
 441 002c F0E7     		b	.L31
 442              	.L30:
2255:Middlewares/Third_Party/FreeRTOS/Source/queue.c **** 	}
 443              		.loc 1 2255 3 view .LVU136
2255:Middlewares/Third_Party/FreeRTOS/Source/queue.c **** 	}
 444              		.loc 1 2255 20 is_stmt 0 view .LVU137
 445 002e FF23     		movs	r3, #255
 446 0030 85F84530 		strb	r3, [r5, #69]
 447              	.LBE104:
2257:Middlewares/Third_Party/FreeRTOS/Source/queue.c **** 
 448              		.loc 1 2257 2 is_stmt 1 view .LVU138
 449 0034 FFF7FEFF 		bl	vPortExitCritical
 450              	.LVL43:
2260:Middlewares/Third_Party/FreeRTOS/Source/queue.c **** 	{
 451              		.loc 1 2260 2 view .LVU139
 452 0038 FFF7FEFF 		bl	vPortEnterCritical
 453              	.LVL44:
ARM GAS  /tmp/ccAaDn2P.s 			page 52


 454              	.LBB105:
2262:Middlewares/Third_Party/FreeRTOS/Source/queue.c **** 
 455              		.loc 1 2262 3 view .LVU140
2262:Middlewares/Third_Party/FreeRTOS/Source/queue.c **** 
 456              		.loc 1 2262 10 is_stmt 0 view .LVU141
 457 003c 95F84440 		ldrb	r4, [r5, #68]	@ zero_extendqisi2
 458              	.LVL45:
2262:Middlewares/Third_Party/FreeRTOS/Source/queue.c **** 
 459              		.loc 1 2262 10 view .LVU142
 460 0040 64B2     		sxtb	r4, r4
 461              	.LVL46:
2264:Middlewares/Third_Party/FreeRTOS/Source/queue.c **** 		{
 462              		.loc 1 2264 3 is_stmt 1 view .LVU143
2264:Middlewares/Third_Party/FreeRTOS/Source/queue.c **** 		{
 463              		.loc 1 2264 8 is_stmt 0 view .LVU144
 464 0042 01E0     		b	.L33
 465              	.L35:
2274:Middlewares/Third_Party/FreeRTOS/Source/queue.c **** 				}
 466              		.loc 1 2274 30 is_stmt 1 view .LVU145
2277:Middlewares/Third_Party/FreeRTOS/Source/queue.c **** 			}
 467              		.loc 1 2277 5 view .LVU146
 468 0044 013C     		subs	r4, r4, #1
 469              	.LVL47:
2277:Middlewares/Third_Party/FreeRTOS/Source/queue.c **** 			}
 470              		.loc 1 2277 5 is_stmt 0 view .LVU147
 471 0046 64B2     		sxtb	r4, r4
 472              	.LVL48:
 473              	.L33:
2264:Middlewares/Third_Party/FreeRTOS/Source/queue.c **** 		{
 474              		.loc 1 2264 8 is_stmt 1 view .LVU148
 475 0048 002C     		cmp	r4, #0
 476 004a 0ADD     		ble	.L34
2266:Middlewares/Third_Party/FreeRTOS/Source/queue.c **** 			{
 477              		.loc 1 2266 4 view .LVU149
2266:Middlewares/Third_Party/FreeRTOS/Source/queue.c **** 			{
 478              		.loc 1 2266 8 is_stmt 0 view .LVU150
 479 004c 2B69     		ldr	r3, [r5, #16]
2266:Middlewares/Third_Party/FreeRTOS/Source/queue.c **** 			{
 480              		.loc 1 2266 6 view .LVU151
 481 004e 43B1     		cbz	r3, .L34
2268:Middlewares/Third_Party/FreeRTOS/Source/queue.c **** 				{
 482              		.loc 1 2268 5 is_stmt 1 view .LVU152
2268:Middlewares/Third_Party/FreeRTOS/Source/queue.c **** 				{
 483              		.loc 1 2268 9 is_stmt 0 view .LVU153
 484 0050 05F11000 		add	r0, r5, #16
 485 0054 FFF7FEFF 		bl	xTaskRemoveFromEventList
 486              	.LVL49:
2268:Middlewares/Third_Party/FreeRTOS/Source/queue.c **** 				{
 487              		.loc 1 2268 7 view .LVU154
 488 0058 0028     		cmp	r0, #0
 489 005a F3D0     		beq	.L35
2270:Middlewares/Third_Party/FreeRTOS/Source/queue.c **** 				}
 490              		.loc 1 2270 6 is_stmt 1 view .LVU155
 491 005c FFF7FEFF 		bl	vTaskMissedYield
 492              	.LVL50:
 493 0060 F0E7     		b	.L35
 494              	.L34:
ARM GAS  /tmp/ccAaDn2P.s 			page 53


2285:Middlewares/Third_Party/FreeRTOS/Source/queue.c **** 	}
 495              		.loc 1 2285 3 view .LVU156
2285:Middlewares/Third_Party/FreeRTOS/Source/queue.c **** 	}
 496              		.loc 1 2285 20 is_stmt 0 view .LVU157
 497 0062 FF23     		movs	r3, #255
 498 0064 85F84430 		strb	r3, [r5, #68]
 499              	.LBE105:
2287:Middlewares/Third_Party/FreeRTOS/Source/queue.c **** }
 500              		.loc 1 2287 2 is_stmt 1 view .LVU158
 501 0068 FFF7FEFF 		bl	vPortExitCritical
 502              	.LVL51:
2288:Middlewares/Third_Party/FreeRTOS/Source/queue.c **** /*-----------------------------------------------------------*/
 503              		.loc 1 2288 1 is_stmt 0 view .LVU159
 504 006c 38BD     		pop	{r3, r4, r5, pc}
2288:Middlewares/Third_Party/FreeRTOS/Source/queue.c **** /*-----------------------------------------------------------*/
 505              		.loc 1 2288 1 view .LVU160
 506              		.cfi_endproc
 507              	.LFE27:
 509              		.section	.text.xQueueGenericReset,"ax",%progbits
 510              		.align	1
 511              		.global	xQueueGenericReset
 512              		.syntax unified
 513              		.thumb
 514              		.thumb_func
 516              	xQueueGenericReset:
 517              	.LVL52:
 518              	.LFB5:
 256:Middlewares/Third_Party/FreeRTOS/Source/queue.c **** Queue_t * const pxQueue = xQueue;
 519              		.loc 1 256 1 is_stmt 1 view -0
 520              		.cfi_startproc
 521              		@ args = 0, pretend = 0, frame = 0
 522              		@ frame_needed = 0, uses_anonymous_args = 0
 256:Middlewares/Third_Party/FreeRTOS/Source/queue.c **** Queue_t * const pxQueue = xQueue;
 523              		.loc 1 256 1 is_stmt 0 view .LVU162
 524 0000 38B5     		push	{r3, r4, r5, lr}
 525              	.LCFI5:
 526              		.cfi_def_cfa_offset 16
 527              		.cfi_offset 3, -16
 528              		.cfi_offset 4, -12
 529              		.cfi_offset 5, -8
 530              		.cfi_offset 14, -4
 257:Middlewares/Third_Party/FreeRTOS/Source/queue.c **** 
 531              		.loc 1 257 1 is_stmt 1 view .LVU163
 532              	.LVL53:
 259:Middlewares/Third_Party/FreeRTOS/Source/queue.c **** 
 533              		.loc 1 259 2 view .LVU164
 534 0002 E0B1     		cbz	r0, .L44
 535 0004 0D46     		mov	r5, r1
 536 0006 0446     		mov	r4, r0
 259:Middlewares/Third_Party/FreeRTOS/Source/queue.c **** 
 537              		.loc 1 259 25 discriminator 2 view .LVU165
 261:Middlewares/Third_Party/FreeRTOS/Source/queue.c **** 	{
 538              		.loc 1 261 2 discriminator 2 view .LVU166
 539 0008 FFF7FEFF 		bl	vPortEnterCritical
 540              	.LVL54:
 263:Middlewares/Third_Party/FreeRTOS/Source/queue.c **** 		pxQueue->uxMessagesWaiting = ( UBaseType_t ) 0U;
 541              		.loc 1 263 3 discriminator 2 view .LVU167
ARM GAS  /tmp/ccAaDn2P.s 			page 54


 263:Middlewares/Third_Party/FreeRTOS/Source/queue.c **** 		pxQueue->uxMessagesWaiting = ( UBaseType_t ) 0U;
 542              		.loc 1 263 37 is_stmt 0 discriminator 2 view .LVU168
 543 000c 2368     		ldr	r3, [r4]
 263:Middlewares/Third_Party/FreeRTOS/Source/queue.c **** 		pxQueue->uxMessagesWaiting = ( UBaseType_t ) 0U;
 544              		.loc 1 263 57 discriminator 2 view .LVU169
 545 000e E26B     		ldr	r2, [r4, #60]
 263:Middlewares/Third_Party/FreeRTOS/Source/queue.c **** 		pxQueue->uxMessagesWaiting = ( UBaseType_t ) 0U;
 546              		.loc 1 263 77 discriminator 2 view .LVU170
 547 0010 216C     		ldr	r1, [r4, #64]
 263:Middlewares/Third_Party/FreeRTOS/Source/queue.c **** 		pxQueue->uxMessagesWaiting = ( UBaseType_t ) 0U;
 548              		.loc 1 263 46 discriminator 2 view .LVU171
 549 0012 01FB0230 		mla	r0, r1, r2, r3
 263:Middlewares/Third_Party/FreeRTOS/Source/queue.c **** 		pxQueue->uxMessagesWaiting = ( UBaseType_t ) 0U;
 550              		.loc 1 263 28 discriminator 2 view .LVU172
 551 0016 A060     		str	r0, [r4, #8]
 264:Middlewares/Third_Party/FreeRTOS/Source/queue.c **** 		pxQueue->pcWriteTo = pxQueue->pcHead;
 552              		.loc 1 264 3 is_stmt 1 discriminator 2 view .LVU173
 264:Middlewares/Third_Party/FreeRTOS/Source/queue.c **** 		pxQueue->pcWriteTo = pxQueue->pcHead;
 553              		.loc 1 264 30 is_stmt 0 discriminator 2 view .LVU174
 554 0018 0020     		movs	r0, #0
 555 001a A063     		str	r0, [r4, #56]
 265:Middlewares/Third_Party/FreeRTOS/Source/queue.c **** 		pxQueue->u.xQueue.pcReadFrom = pxQueue->pcHead + ( ( pxQueue->uxLength - 1U ) * pxQueue->uxItemSi
 556              		.loc 1 265 3 is_stmt 1 discriminator 2 view .LVU175
 265:Middlewares/Third_Party/FreeRTOS/Source/queue.c **** 		pxQueue->u.xQueue.pcReadFrom = pxQueue->pcHead + ( ( pxQueue->uxLength - 1U ) * pxQueue->uxItemSi
 557              		.loc 1 265 22 is_stmt 0 discriminator 2 view .LVU176
 558 001c 6360     		str	r3, [r4, #4]
 266:Middlewares/Third_Party/FreeRTOS/Source/queue.c **** 		pxQueue->cRxLock = queueUNLOCKED;
 559              		.loc 1 266 3 is_stmt 1 discriminator 2 view .LVU177
 266:Middlewares/Third_Party/FreeRTOS/Source/queue.c **** 		pxQueue->cRxLock = queueUNLOCKED;
 560              		.loc 1 266 74 is_stmt 0 discriminator 2 view .LVU178
 561 001e 013A     		subs	r2, r2, #1
 266:Middlewares/Third_Party/FreeRTOS/Source/queue.c **** 		pxQueue->cRxLock = queueUNLOCKED;
 562              		.loc 1 266 50 discriminator 2 view .LVU179
 563 0020 02FB0133 		mla	r3, r2, r1, r3
 266:Middlewares/Third_Party/FreeRTOS/Source/queue.c **** 		pxQueue->cRxLock = queueUNLOCKED;
 564              		.loc 1 266 32 discriminator 2 view .LVU180
 565 0024 E360     		str	r3, [r4, #12]
 267:Middlewares/Third_Party/FreeRTOS/Source/queue.c **** 		pxQueue->cTxLock = queueUNLOCKED;
 566              		.loc 1 267 3 is_stmt 1 discriminator 2 view .LVU181
 267:Middlewares/Third_Party/FreeRTOS/Source/queue.c **** 		pxQueue->cTxLock = queueUNLOCKED;
 567              		.loc 1 267 20 is_stmt 0 discriminator 2 view .LVU182
 568 0026 FF23     		movs	r3, #255
 569 0028 84F84430 		strb	r3, [r4, #68]
 268:Middlewares/Third_Party/FreeRTOS/Source/queue.c **** 
 570              		.loc 1 268 3 is_stmt 1 discriminator 2 view .LVU183
 268:Middlewares/Third_Party/FreeRTOS/Source/queue.c **** 
 571              		.loc 1 268 20 is_stmt 0 discriminator 2 view .LVU184
 572 002c 84F84530 		strb	r3, [r4, #69]
 270:Middlewares/Third_Party/FreeRTOS/Source/queue.c **** 		{
 573              		.loc 1 270 3 is_stmt 1 discriminator 2 view .LVU185
 270:Middlewares/Third_Party/FreeRTOS/Source/queue.c **** 		{
 574              		.loc 1 270 5 is_stmt 0 discriminator 2 view .LVU186
 575 0030 FDB9     		cbnz	r5, .L41
 277:Middlewares/Third_Party/FreeRTOS/Source/queue.c **** 			{
 576              		.loc 1 277 4 is_stmt 1 view .LVU187
 277:Middlewares/Third_Party/FreeRTOS/Source/queue.c **** 			{
 577              		.loc 1 277 8 is_stmt 0 view .LVU188
ARM GAS  /tmp/ccAaDn2P.s 			page 55


 578 0032 2369     		ldr	r3, [r4, #16]
 277:Middlewares/Third_Party/FreeRTOS/Source/queue.c **** 			{
 579              		.loc 1 277 6 view .LVU189
 580 0034 63B9     		cbnz	r3, .L45
 581              	.L42:
 300:Middlewares/Third_Party/FreeRTOS/Source/queue.c **** 
 582              		.loc 1 300 2 is_stmt 1 view .LVU190
 583 0036 FFF7FEFF 		bl	vPortExitCritical
 584              	.LVL55:
 304:Middlewares/Third_Party/FreeRTOS/Source/queue.c **** }
 585              		.loc 1 304 2 view .LVU191
 305:Middlewares/Third_Party/FreeRTOS/Source/queue.c **** /*-----------------------------------------------------------*/
 586              		.loc 1 305 1 is_stmt 0 view .LVU192
 587 003a 0120     		movs	r0, #1
 588 003c 38BD     		pop	{r3, r4, r5, pc}
 589              	.LVL56:
 590              	.L44:
 259:Middlewares/Third_Party/FreeRTOS/Source/queue.c **** 
 591              		.loc 1 259 2 is_stmt 1 view .LVU193
 592              	.LBB106:
 593              	.LBI106:
 594              		.file 2 "Middlewares/Third_Party/FreeRTOS/Source/portable/GCC/ARM_CM3/portmacro.h"
   1:Middlewares/Third_Party/FreeRTOS/Source/portable/GCC/ARM_CM3/portmacro.h **** /*
   2:Middlewares/Third_Party/FreeRTOS/Source/portable/GCC/ARM_CM3/portmacro.h ****  * FreeRTOS Kernel V10.3.1
   3:Middlewares/Third_Party/FreeRTOS/Source/portable/GCC/ARM_CM3/portmacro.h ****  * Copyright (C) 2020 Amazon.com, Inc. or its affiliates.  All Rights Reserved.
   4:Middlewares/Third_Party/FreeRTOS/Source/portable/GCC/ARM_CM3/portmacro.h ****  *
   5:Middlewares/Third_Party/FreeRTOS/Source/portable/GCC/ARM_CM3/portmacro.h ****  * Permission is hereby granted, free of charge, to any person obtaining a copy of
   6:Middlewares/Third_Party/FreeRTOS/Source/portable/GCC/ARM_CM3/portmacro.h ****  * this software and associated documentation files (the "Software"), to deal in
   7:Middlewares/Third_Party/FreeRTOS/Source/portable/GCC/ARM_CM3/portmacro.h ****  * the Software without restriction, including without limitation the rights to
   8:Middlewares/Third_Party/FreeRTOS/Source/portable/GCC/ARM_CM3/portmacro.h ****  * use, copy, modify, merge, publish, distribute, sublicense, and/or sell copies of
   9:Middlewares/Third_Party/FreeRTOS/Source/portable/GCC/ARM_CM3/portmacro.h ****  * the Software, and to permit persons to whom the Software is furnished to do so,
  10:Middlewares/Third_Party/FreeRTOS/Source/portable/GCC/ARM_CM3/portmacro.h ****  * subject to the following conditions:
  11:Middlewares/Third_Party/FreeRTOS/Source/portable/GCC/ARM_CM3/portmacro.h ****  *
  12:Middlewares/Third_Party/FreeRTOS/Source/portable/GCC/ARM_CM3/portmacro.h ****  * The above copyright notice and this permission notice shall be included in all
  13:Middlewares/Third_Party/FreeRTOS/Source/portable/GCC/ARM_CM3/portmacro.h ****  * copies or substantial portions of the Software.
  14:Middlewares/Third_Party/FreeRTOS/Source/portable/GCC/ARM_CM3/portmacro.h ****  *
  15:Middlewares/Third_Party/FreeRTOS/Source/portable/GCC/ARM_CM3/portmacro.h ****  * THE SOFTWARE IS PROVIDED "AS IS", WITHOUT WARRANTY OF ANY KIND, EXPRESS OR
  16:Middlewares/Third_Party/FreeRTOS/Source/portable/GCC/ARM_CM3/portmacro.h ****  * IMPLIED, INCLUDING BUT NOT LIMITED TO THE WARRANTIES OF MERCHANTABILITY, FITNESS
  17:Middlewares/Third_Party/FreeRTOS/Source/portable/GCC/ARM_CM3/portmacro.h ****  * FOR A PARTICULAR PURPOSE AND NONINFRINGEMENT. IN NO EVENT SHALL THE AUTHORS OR
  18:Middlewares/Third_Party/FreeRTOS/Source/portable/GCC/ARM_CM3/portmacro.h ****  * COPYRIGHT HOLDERS BE LIABLE FOR ANY CLAIM, DAMAGES OR OTHER LIABILITY, WHETHER
  19:Middlewares/Third_Party/FreeRTOS/Source/portable/GCC/ARM_CM3/portmacro.h ****  * IN AN ACTION OF CONTRACT, TORT OR OTHERWISE, ARISING FROM, OUT OF OR IN
  20:Middlewares/Third_Party/FreeRTOS/Source/portable/GCC/ARM_CM3/portmacro.h ****  * CONNECTION WITH THE SOFTWARE OR THE USE OR OTHER DEALINGS IN THE SOFTWARE.
  21:Middlewares/Third_Party/FreeRTOS/Source/portable/GCC/ARM_CM3/portmacro.h ****  *
  22:Middlewares/Third_Party/FreeRTOS/Source/portable/GCC/ARM_CM3/portmacro.h ****  * http://www.FreeRTOS.org
  23:Middlewares/Third_Party/FreeRTOS/Source/portable/GCC/ARM_CM3/portmacro.h ****  * http://aws.amazon.com/freertos
  24:Middlewares/Third_Party/FreeRTOS/Source/portable/GCC/ARM_CM3/portmacro.h ****  *
  25:Middlewares/Third_Party/FreeRTOS/Source/portable/GCC/ARM_CM3/portmacro.h ****  * 1 tab == 4 spaces!
  26:Middlewares/Third_Party/FreeRTOS/Source/portable/GCC/ARM_CM3/portmacro.h ****  */
  27:Middlewares/Third_Party/FreeRTOS/Source/portable/GCC/ARM_CM3/portmacro.h **** 
  28:Middlewares/Third_Party/FreeRTOS/Source/portable/GCC/ARM_CM3/portmacro.h **** 
  29:Middlewares/Third_Party/FreeRTOS/Source/portable/GCC/ARM_CM3/portmacro.h **** #ifndef PORTMACRO_H
  30:Middlewares/Third_Party/FreeRTOS/Source/portable/GCC/ARM_CM3/portmacro.h **** #define PORTMACRO_H
  31:Middlewares/Third_Party/FreeRTOS/Source/portable/GCC/ARM_CM3/portmacro.h **** 
  32:Middlewares/Third_Party/FreeRTOS/Source/portable/GCC/ARM_CM3/portmacro.h **** #ifdef __cplusplus
  33:Middlewares/Third_Party/FreeRTOS/Source/portable/GCC/ARM_CM3/portmacro.h **** extern "C" {
  34:Middlewares/Third_Party/FreeRTOS/Source/portable/GCC/ARM_CM3/portmacro.h **** #endif
  35:Middlewares/Third_Party/FreeRTOS/Source/portable/GCC/ARM_CM3/portmacro.h **** 
ARM GAS  /tmp/ccAaDn2P.s 			page 56


  36:Middlewares/Third_Party/FreeRTOS/Source/portable/GCC/ARM_CM3/portmacro.h **** /*-----------------------------------------------------------
  37:Middlewares/Third_Party/FreeRTOS/Source/portable/GCC/ARM_CM3/portmacro.h ****  * Port specific definitions.
  38:Middlewares/Third_Party/FreeRTOS/Source/portable/GCC/ARM_CM3/portmacro.h ****  *
  39:Middlewares/Third_Party/FreeRTOS/Source/portable/GCC/ARM_CM3/portmacro.h ****  * The settings in this file configure FreeRTOS correctly for the
  40:Middlewares/Third_Party/FreeRTOS/Source/portable/GCC/ARM_CM3/portmacro.h ****  * given hardware and compiler.
  41:Middlewares/Third_Party/FreeRTOS/Source/portable/GCC/ARM_CM3/portmacro.h ****  *
  42:Middlewares/Third_Party/FreeRTOS/Source/portable/GCC/ARM_CM3/portmacro.h ****  * These settings should not be altered.
  43:Middlewares/Third_Party/FreeRTOS/Source/portable/GCC/ARM_CM3/portmacro.h ****  *-----------------------------------------------------------
  44:Middlewares/Third_Party/FreeRTOS/Source/portable/GCC/ARM_CM3/portmacro.h ****  */
  45:Middlewares/Third_Party/FreeRTOS/Source/portable/GCC/ARM_CM3/portmacro.h **** 
  46:Middlewares/Third_Party/FreeRTOS/Source/portable/GCC/ARM_CM3/portmacro.h **** /* Type definitions. */
  47:Middlewares/Third_Party/FreeRTOS/Source/portable/GCC/ARM_CM3/portmacro.h **** #define portCHAR		char
  48:Middlewares/Third_Party/FreeRTOS/Source/portable/GCC/ARM_CM3/portmacro.h **** #define portFLOAT		float
  49:Middlewares/Third_Party/FreeRTOS/Source/portable/GCC/ARM_CM3/portmacro.h **** #define portDOUBLE		double
  50:Middlewares/Third_Party/FreeRTOS/Source/portable/GCC/ARM_CM3/portmacro.h **** #define portLONG		long
  51:Middlewares/Third_Party/FreeRTOS/Source/portable/GCC/ARM_CM3/portmacro.h **** #define portSHORT		short
  52:Middlewares/Third_Party/FreeRTOS/Source/portable/GCC/ARM_CM3/portmacro.h **** #define portSTACK_TYPE	uint32_t
  53:Middlewares/Third_Party/FreeRTOS/Source/portable/GCC/ARM_CM3/portmacro.h **** #define portBASE_TYPE	long
  54:Middlewares/Third_Party/FreeRTOS/Source/portable/GCC/ARM_CM3/portmacro.h **** 
  55:Middlewares/Third_Party/FreeRTOS/Source/portable/GCC/ARM_CM3/portmacro.h **** typedef portSTACK_TYPE StackType_t;
  56:Middlewares/Third_Party/FreeRTOS/Source/portable/GCC/ARM_CM3/portmacro.h **** typedef long BaseType_t;
  57:Middlewares/Third_Party/FreeRTOS/Source/portable/GCC/ARM_CM3/portmacro.h **** typedef unsigned long UBaseType_t;
  58:Middlewares/Third_Party/FreeRTOS/Source/portable/GCC/ARM_CM3/portmacro.h **** 
  59:Middlewares/Third_Party/FreeRTOS/Source/portable/GCC/ARM_CM3/portmacro.h **** #if( configUSE_16_BIT_TICKS == 1 )
  60:Middlewares/Third_Party/FreeRTOS/Source/portable/GCC/ARM_CM3/portmacro.h **** 	typedef uint16_t TickType_t;
  61:Middlewares/Third_Party/FreeRTOS/Source/portable/GCC/ARM_CM3/portmacro.h **** 	#define portMAX_DELAY ( TickType_t ) 0xffff
  62:Middlewares/Third_Party/FreeRTOS/Source/portable/GCC/ARM_CM3/portmacro.h **** #else
  63:Middlewares/Third_Party/FreeRTOS/Source/portable/GCC/ARM_CM3/portmacro.h **** 	typedef uint32_t TickType_t;
  64:Middlewares/Third_Party/FreeRTOS/Source/portable/GCC/ARM_CM3/portmacro.h **** 	#define portMAX_DELAY ( TickType_t ) 0xffffffffUL
  65:Middlewares/Third_Party/FreeRTOS/Source/portable/GCC/ARM_CM3/portmacro.h **** 
  66:Middlewares/Third_Party/FreeRTOS/Source/portable/GCC/ARM_CM3/portmacro.h **** 	/* 32-bit tick type on a 32-bit architecture, so reads of the tick count do
  67:Middlewares/Third_Party/FreeRTOS/Source/portable/GCC/ARM_CM3/portmacro.h **** 	not need to be guarded with a critical section. */
  68:Middlewares/Third_Party/FreeRTOS/Source/portable/GCC/ARM_CM3/portmacro.h **** 	#define portTICK_TYPE_IS_ATOMIC 1
  69:Middlewares/Third_Party/FreeRTOS/Source/portable/GCC/ARM_CM3/portmacro.h **** #endif
  70:Middlewares/Third_Party/FreeRTOS/Source/portable/GCC/ARM_CM3/portmacro.h **** /*-----------------------------------------------------------*/
  71:Middlewares/Third_Party/FreeRTOS/Source/portable/GCC/ARM_CM3/portmacro.h **** 
  72:Middlewares/Third_Party/FreeRTOS/Source/portable/GCC/ARM_CM3/portmacro.h **** /* Architecture specifics. */
  73:Middlewares/Third_Party/FreeRTOS/Source/portable/GCC/ARM_CM3/portmacro.h **** #define portSTACK_GROWTH			( -1 )
  74:Middlewares/Third_Party/FreeRTOS/Source/portable/GCC/ARM_CM3/portmacro.h **** #define portTICK_PERIOD_MS			( ( TickType_t ) 1000 / configTICK_RATE_HZ )
  75:Middlewares/Third_Party/FreeRTOS/Source/portable/GCC/ARM_CM3/portmacro.h **** #define portBYTE_ALIGNMENT			8
  76:Middlewares/Third_Party/FreeRTOS/Source/portable/GCC/ARM_CM3/portmacro.h **** /*-----------------------------------------------------------*/
  77:Middlewares/Third_Party/FreeRTOS/Source/portable/GCC/ARM_CM3/portmacro.h **** 
  78:Middlewares/Third_Party/FreeRTOS/Source/portable/GCC/ARM_CM3/portmacro.h **** /* Scheduler utilities. */
  79:Middlewares/Third_Party/FreeRTOS/Source/portable/GCC/ARM_CM3/portmacro.h **** #define portYIELD() 															\
  80:Middlewares/Third_Party/FreeRTOS/Source/portable/GCC/ARM_CM3/portmacro.h **** {																				\
  81:Middlewares/Third_Party/FreeRTOS/Source/portable/GCC/ARM_CM3/portmacro.h **** 	/* Set a PendSV to request a context switch. */								\
  82:Middlewares/Third_Party/FreeRTOS/Source/portable/GCC/ARM_CM3/portmacro.h **** 	portNVIC_INT_CTRL_REG = portNVIC_PENDSVSET_BIT;								\
  83:Middlewares/Third_Party/FreeRTOS/Source/portable/GCC/ARM_CM3/portmacro.h **** 																				\
  84:Middlewares/Third_Party/FreeRTOS/Source/portable/GCC/ARM_CM3/portmacro.h **** 	/* Barriers are normally not required but do ensure the code is completely	\
  85:Middlewares/Third_Party/FreeRTOS/Source/portable/GCC/ARM_CM3/portmacro.h **** 	within the specified behaviour for the architecture. */						\
  86:Middlewares/Third_Party/FreeRTOS/Source/portable/GCC/ARM_CM3/portmacro.h **** 	__asm volatile( "dsb" ::: "memory" );										\
  87:Middlewares/Third_Party/FreeRTOS/Source/portable/GCC/ARM_CM3/portmacro.h **** 	__asm volatile( "isb" );													\
  88:Middlewares/Third_Party/FreeRTOS/Source/portable/GCC/ARM_CM3/portmacro.h **** }
  89:Middlewares/Third_Party/FreeRTOS/Source/portable/GCC/ARM_CM3/portmacro.h **** 
  90:Middlewares/Third_Party/FreeRTOS/Source/portable/GCC/ARM_CM3/portmacro.h **** #define portNVIC_INT_CTRL_REG		( * ( ( volatile uint32_t * ) 0xe000ed04 ) )
  91:Middlewares/Third_Party/FreeRTOS/Source/portable/GCC/ARM_CM3/portmacro.h **** #define portNVIC_PENDSVSET_BIT		( 1UL << 28UL )
  92:Middlewares/Third_Party/FreeRTOS/Source/portable/GCC/ARM_CM3/portmacro.h **** #define portEND_SWITCHING_ISR( xSwitchRequired ) if( xSwitchRequired != pdFALSE ) portYIELD()
ARM GAS  /tmp/ccAaDn2P.s 			page 57


  93:Middlewares/Third_Party/FreeRTOS/Source/portable/GCC/ARM_CM3/portmacro.h **** #define portYIELD_FROM_ISR( x ) portEND_SWITCHING_ISR( x )
  94:Middlewares/Third_Party/FreeRTOS/Source/portable/GCC/ARM_CM3/portmacro.h **** /*-----------------------------------------------------------*/
  95:Middlewares/Third_Party/FreeRTOS/Source/portable/GCC/ARM_CM3/portmacro.h **** 
  96:Middlewares/Third_Party/FreeRTOS/Source/portable/GCC/ARM_CM3/portmacro.h **** /* Critical section management. */
  97:Middlewares/Third_Party/FreeRTOS/Source/portable/GCC/ARM_CM3/portmacro.h **** extern void vPortEnterCritical( void );
  98:Middlewares/Third_Party/FreeRTOS/Source/portable/GCC/ARM_CM3/portmacro.h **** extern void vPortExitCritical( void );
  99:Middlewares/Third_Party/FreeRTOS/Source/portable/GCC/ARM_CM3/portmacro.h **** #define portSET_INTERRUPT_MASK_FROM_ISR()		ulPortRaiseBASEPRI()
 100:Middlewares/Third_Party/FreeRTOS/Source/portable/GCC/ARM_CM3/portmacro.h **** #define portCLEAR_INTERRUPT_MASK_FROM_ISR(x)	vPortSetBASEPRI(x)
 101:Middlewares/Third_Party/FreeRTOS/Source/portable/GCC/ARM_CM3/portmacro.h **** #define portDISABLE_INTERRUPTS()				vPortRaiseBASEPRI()
 102:Middlewares/Third_Party/FreeRTOS/Source/portable/GCC/ARM_CM3/portmacro.h **** #define portENABLE_INTERRUPTS()					vPortSetBASEPRI(0)
 103:Middlewares/Third_Party/FreeRTOS/Source/portable/GCC/ARM_CM3/portmacro.h **** #define portENTER_CRITICAL()					vPortEnterCritical()
 104:Middlewares/Third_Party/FreeRTOS/Source/portable/GCC/ARM_CM3/portmacro.h **** #define portEXIT_CRITICAL()						vPortExitCritical()
 105:Middlewares/Third_Party/FreeRTOS/Source/portable/GCC/ARM_CM3/portmacro.h **** 
 106:Middlewares/Third_Party/FreeRTOS/Source/portable/GCC/ARM_CM3/portmacro.h **** /*-----------------------------------------------------------*/
 107:Middlewares/Third_Party/FreeRTOS/Source/portable/GCC/ARM_CM3/portmacro.h **** 
 108:Middlewares/Third_Party/FreeRTOS/Source/portable/GCC/ARM_CM3/portmacro.h **** /* Task function macros as described on the FreeRTOS.org WEB site.  These are
 109:Middlewares/Third_Party/FreeRTOS/Source/portable/GCC/ARM_CM3/portmacro.h **** not necessary for to use this port.  They are defined so the common demo files
 110:Middlewares/Third_Party/FreeRTOS/Source/portable/GCC/ARM_CM3/portmacro.h **** (which build with all the ports) will build. */
 111:Middlewares/Third_Party/FreeRTOS/Source/portable/GCC/ARM_CM3/portmacro.h **** #define portTASK_FUNCTION_PROTO( vFunction, pvParameters ) void vFunction( void *pvParameters )
 112:Middlewares/Third_Party/FreeRTOS/Source/portable/GCC/ARM_CM3/portmacro.h **** #define portTASK_FUNCTION( vFunction, pvParameters ) void vFunction( void *pvParameters )
 113:Middlewares/Third_Party/FreeRTOS/Source/portable/GCC/ARM_CM3/portmacro.h **** /*-----------------------------------------------------------*/
 114:Middlewares/Third_Party/FreeRTOS/Source/portable/GCC/ARM_CM3/portmacro.h **** 
 115:Middlewares/Third_Party/FreeRTOS/Source/portable/GCC/ARM_CM3/portmacro.h **** /* Tickless idle/low power functionality. */
 116:Middlewares/Third_Party/FreeRTOS/Source/portable/GCC/ARM_CM3/portmacro.h **** #ifndef portSUPPRESS_TICKS_AND_SLEEP
 117:Middlewares/Third_Party/FreeRTOS/Source/portable/GCC/ARM_CM3/portmacro.h **** 	extern void vPortSuppressTicksAndSleep( TickType_t xExpectedIdleTime );
 118:Middlewares/Third_Party/FreeRTOS/Source/portable/GCC/ARM_CM3/portmacro.h **** 	#define portSUPPRESS_TICKS_AND_SLEEP( xExpectedIdleTime ) vPortSuppressTicksAndSleep( xExpectedIdl
 119:Middlewares/Third_Party/FreeRTOS/Source/portable/GCC/ARM_CM3/portmacro.h **** #endif
 120:Middlewares/Third_Party/FreeRTOS/Source/portable/GCC/ARM_CM3/portmacro.h **** /*-----------------------------------------------------------*/
 121:Middlewares/Third_Party/FreeRTOS/Source/portable/GCC/ARM_CM3/portmacro.h **** 
 122:Middlewares/Third_Party/FreeRTOS/Source/portable/GCC/ARM_CM3/portmacro.h **** /* Architecture specific optimisations. */
 123:Middlewares/Third_Party/FreeRTOS/Source/portable/GCC/ARM_CM3/portmacro.h **** #ifndef configUSE_PORT_OPTIMISED_TASK_SELECTION
 124:Middlewares/Third_Party/FreeRTOS/Source/portable/GCC/ARM_CM3/portmacro.h **** 	#define configUSE_PORT_OPTIMISED_TASK_SELECTION 1
 125:Middlewares/Third_Party/FreeRTOS/Source/portable/GCC/ARM_CM3/portmacro.h **** #endif
 126:Middlewares/Third_Party/FreeRTOS/Source/portable/GCC/ARM_CM3/portmacro.h **** 
 127:Middlewares/Third_Party/FreeRTOS/Source/portable/GCC/ARM_CM3/portmacro.h **** #if configUSE_PORT_OPTIMISED_TASK_SELECTION == 1
 128:Middlewares/Third_Party/FreeRTOS/Source/portable/GCC/ARM_CM3/portmacro.h **** 
 129:Middlewares/Third_Party/FreeRTOS/Source/portable/GCC/ARM_CM3/portmacro.h **** 	/* Generic helper function. */
 130:Middlewares/Third_Party/FreeRTOS/Source/portable/GCC/ARM_CM3/portmacro.h **** 	__attribute__( ( always_inline ) ) static inline uint8_t ucPortCountLeadingZeros( uint32_t ulBitma
 131:Middlewares/Third_Party/FreeRTOS/Source/portable/GCC/ARM_CM3/portmacro.h **** 	{
 132:Middlewares/Third_Party/FreeRTOS/Source/portable/GCC/ARM_CM3/portmacro.h **** 	uint8_t ucReturn;
 133:Middlewares/Third_Party/FreeRTOS/Source/portable/GCC/ARM_CM3/portmacro.h **** 
 134:Middlewares/Third_Party/FreeRTOS/Source/portable/GCC/ARM_CM3/portmacro.h **** 		__asm volatile ( "clz %0, %1" : "=r" ( ucReturn ) : "r" ( ulBitmap ) : "memory" );
 135:Middlewares/Third_Party/FreeRTOS/Source/portable/GCC/ARM_CM3/portmacro.h **** 		return ucReturn;
 136:Middlewares/Third_Party/FreeRTOS/Source/portable/GCC/ARM_CM3/portmacro.h **** 	}
 137:Middlewares/Third_Party/FreeRTOS/Source/portable/GCC/ARM_CM3/portmacro.h **** 
 138:Middlewares/Third_Party/FreeRTOS/Source/portable/GCC/ARM_CM3/portmacro.h **** 	/* Check the configuration. */
 139:Middlewares/Third_Party/FreeRTOS/Source/portable/GCC/ARM_CM3/portmacro.h **** 	#if( configMAX_PRIORITIES > 32 )
 140:Middlewares/Third_Party/FreeRTOS/Source/portable/GCC/ARM_CM3/portmacro.h **** 		#error configUSE_PORT_OPTIMISED_TASK_SELECTION can only be set to 1 when configMAX_PRIORITIES is 
 141:Middlewares/Third_Party/FreeRTOS/Source/portable/GCC/ARM_CM3/portmacro.h **** 	#endif
 142:Middlewares/Third_Party/FreeRTOS/Source/portable/GCC/ARM_CM3/portmacro.h **** 
 143:Middlewares/Third_Party/FreeRTOS/Source/portable/GCC/ARM_CM3/portmacro.h **** 	/* Store/clear the ready priorities in a bit map. */
 144:Middlewares/Third_Party/FreeRTOS/Source/portable/GCC/ARM_CM3/portmacro.h **** 	#define portRECORD_READY_PRIORITY( uxPriority, uxReadyPriorities ) ( uxReadyPriorities ) |= ( 1UL 
 145:Middlewares/Third_Party/FreeRTOS/Source/portable/GCC/ARM_CM3/portmacro.h **** 	#define portRESET_READY_PRIORITY( uxPriority, uxReadyPriorities ) ( uxReadyPriorities ) &= ~( 1UL 
 146:Middlewares/Third_Party/FreeRTOS/Source/portable/GCC/ARM_CM3/portmacro.h **** 
 147:Middlewares/Third_Party/FreeRTOS/Source/portable/GCC/ARM_CM3/portmacro.h **** 	/*-----------------------------------------------------------*/
 148:Middlewares/Third_Party/FreeRTOS/Source/portable/GCC/ARM_CM3/portmacro.h **** 
 149:Middlewares/Third_Party/FreeRTOS/Source/portable/GCC/ARM_CM3/portmacro.h **** 	#define portGET_HIGHEST_PRIORITY( uxTopPriority, uxReadyPriorities ) uxTopPriority = ( 31UL - ( ui
ARM GAS  /tmp/ccAaDn2P.s 			page 58


 150:Middlewares/Third_Party/FreeRTOS/Source/portable/GCC/ARM_CM3/portmacro.h **** 
 151:Middlewares/Third_Party/FreeRTOS/Source/portable/GCC/ARM_CM3/portmacro.h **** #endif /* configUSE_PORT_OPTIMISED_TASK_SELECTION */
 152:Middlewares/Third_Party/FreeRTOS/Source/portable/GCC/ARM_CM3/portmacro.h **** 
 153:Middlewares/Third_Party/FreeRTOS/Source/portable/GCC/ARM_CM3/portmacro.h **** /*-----------------------------------------------------------*/
 154:Middlewares/Third_Party/FreeRTOS/Source/portable/GCC/ARM_CM3/portmacro.h **** 
 155:Middlewares/Third_Party/FreeRTOS/Source/portable/GCC/ARM_CM3/portmacro.h **** #ifdef configASSERT
 156:Middlewares/Third_Party/FreeRTOS/Source/portable/GCC/ARM_CM3/portmacro.h **** 	void vPortValidateInterruptPriority( void );
 157:Middlewares/Third_Party/FreeRTOS/Source/portable/GCC/ARM_CM3/portmacro.h **** 	#define portASSERT_IF_INTERRUPT_PRIORITY_INVALID() 	vPortValidateInterruptPriority()
 158:Middlewares/Third_Party/FreeRTOS/Source/portable/GCC/ARM_CM3/portmacro.h **** #endif
 159:Middlewares/Third_Party/FreeRTOS/Source/portable/GCC/ARM_CM3/portmacro.h **** 
 160:Middlewares/Third_Party/FreeRTOS/Source/portable/GCC/ARM_CM3/portmacro.h **** /* portNOP() is not required by this port. */
 161:Middlewares/Third_Party/FreeRTOS/Source/portable/GCC/ARM_CM3/portmacro.h **** #define portNOP()
 162:Middlewares/Third_Party/FreeRTOS/Source/portable/GCC/ARM_CM3/portmacro.h **** 
 163:Middlewares/Third_Party/FreeRTOS/Source/portable/GCC/ARM_CM3/portmacro.h **** #define portINLINE	__inline
 164:Middlewares/Third_Party/FreeRTOS/Source/portable/GCC/ARM_CM3/portmacro.h **** 
 165:Middlewares/Third_Party/FreeRTOS/Source/portable/GCC/ARM_CM3/portmacro.h **** #ifndef portFORCE_INLINE
 166:Middlewares/Third_Party/FreeRTOS/Source/portable/GCC/ARM_CM3/portmacro.h **** 	#define portFORCE_INLINE inline __attribute__(( always_inline))
 167:Middlewares/Third_Party/FreeRTOS/Source/portable/GCC/ARM_CM3/portmacro.h **** #endif
 168:Middlewares/Third_Party/FreeRTOS/Source/portable/GCC/ARM_CM3/portmacro.h **** 
 169:Middlewares/Third_Party/FreeRTOS/Source/portable/GCC/ARM_CM3/portmacro.h **** /*-----------------------------------------------------------*/
 170:Middlewares/Third_Party/FreeRTOS/Source/portable/GCC/ARM_CM3/portmacro.h **** 
 171:Middlewares/Third_Party/FreeRTOS/Source/portable/GCC/ARM_CM3/portmacro.h **** portFORCE_INLINE static BaseType_t xPortIsInsideInterrupt( void )
 172:Middlewares/Third_Party/FreeRTOS/Source/portable/GCC/ARM_CM3/portmacro.h **** {
 173:Middlewares/Third_Party/FreeRTOS/Source/portable/GCC/ARM_CM3/portmacro.h **** uint32_t ulCurrentInterrupt;
 174:Middlewares/Third_Party/FreeRTOS/Source/portable/GCC/ARM_CM3/portmacro.h **** BaseType_t xReturn;
 175:Middlewares/Third_Party/FreeRTOS/Source/portable/GCC/ARM_CM3/portmacro.h **** 
 176:Middlewares/Third_Party/FreeRTOS/Source/portable/GCC/ARM_CM3/portmacro.h **** 	/* Obtain the number of the currently executing interrupt. */
 177:Middlewares/Third_Party/FreeRTOS/Source/portable/GCC/ARM_CM3/portmacro.h **** 	__asm volatile( "mrs %0, ipsr" : "=r"( ulCurrentInterrupt ) :: "memory" );
 178:Middlewares/Third_Party/FreeRTOS/Source/portable/GCC/ARM_CM3/portmacro.h **** 
 179:Middlewares/Third_Party/FreeRTOS/Source/portable/GCC/ARM_CM3/portmacro.h **** 	if( ulCurrentInterrupt == 0 )
 180:Middlewares/Third_Party/FreeRTOS/Source/portable/GCC/ARM_CM3/portmacro.h **** 	{
 181:Middlewares/Third_Party/FreeRTOS/Source/portable/GCC/ARM_CM3/portmacro.h **** 		xReturn = pdFALSE;
 182:Middlewares/Third_Party/FreeRTOS/Source/portable/GCC/ARM_CM3/portmacro.h **** 	}
 183:Middlewares/Third_Party/FreeRTOS/Source/portable/GCC/ARM_CM3/portmacro.h **** 	else
 184:Middlewares/Third_Party/FreeRTOS/Source/portable/GCC/ARM_CM3/portmacro.h **** 	{
 185:Middlewares/Third_Party/FreeRTOS/Source/portable/GCC/ARM_CM3/portmacro.h **** 		xReturn = pdTRUE;
 186:Middlewares/Third_Party/FreeRTOS/Source/portable/GCC/ARM_CM3/portmacro.h **** 	}
 187:Middlewares/Third_Party/FreeRTOS/Source/portable/GCC/ARM_CM3/portmacro.h **** 
 188:Middlewares/Third_Party/FreeRTOS/Source/portable/GCC/ARM_CM3/portmacro.h **** 	return xReturn;
 189:Middlewares/Third_Party/FreeRTOS/Source/portable/GCC/ARM_CM3/portmacro.h **** }
 190:Middlewares/Third_Party/FreeRTOS/Source/portable/GCC/ARM_CM3/portmacro.h **** 
 191:Middlewares/Third_Party/FreeRTOS/Source/portable/GCC/ARM_CM3/portmacro.h **** /*-----------------------------------------------------------*/
 192:Middlewares/Third_Party/FreeRTOS/Source/portable/GCC/ARM_CM3/portmacro.h **** 
 193:Middlewares/Third_Party/FreeRTOS/Source/portable/GCC/ARM_CM3/portmacro.h **** portFORCE_INLINE static void vPortRaiseBASEPRI( void )
 595              		.loc 2 193 30 view .LVU194
 596              	.LBB107:
 194:Middlewares/Third_Party/FreeRTOS/Source/portable/GCC/ARM_CM3/portmacro.h **** {
 195:Middlewares/Third_Party/FreeRTOS/Source/portable/GCC/ARM_CM3/portmacro.h **** uint32_t ulNewBASEPRI;
 597              		.loc 2 195 1 view .LVU195
 196:Middlewares/Third_Party/FreeRTOS/Source/portable/GCC/ARM_CM3/portmacro.h **** 
 197:Middlewares/Third_Party/FreeRTOS/Source/portable/GCC/ARM_CM3/portmacro.h **** 	__asm volatile
 598              		.loc 2 197 2 view .LVU196
 599              		.syntax unified
 600              	@ 197 "Middlewares/Third_Party/FreeRTOS/Source/portable/GCC/ARM_CM3/portmacro.h" 1
 601 003e 4FF05003 			mov r3, #80												
 602 0042 83F31188 		msr basepri, r3											
 603 0046 BFF36F8F 		isb														
ARM GAS  /tmp/ccAaDn2P.s 			page 59


 604 004a BFF34F8F 		dsb														
 605              	
 606              	@ 0 "" 2
 607              	.LVL57:
 608              		.thumb
 609              		.syntax unified
 610              	.L40:
 611              		.loc 2 197 2 is_stmt 0 view .LVU197
 612              	.LBE107:
 613              	.LBE106:
 259:Middlewares/Third_Party/FreeRTOS/Source/queue.c **** 
 614              		.loc 1 259 2 is_stmt 1 discriminator 1 view .LVU198
 259:Middlewares/Third_Party/FreeRTOS/Source/queue.c **** 
 615              		.loc 1 259 2 discriminator 1 view .LVU199
 259:Middlewares/Third_Party/FreeRTOS/Source/queue.c **** 
 616              		.loc 1 259 2 discriminator 1 view .LVU200
 617 004e FEE7     		b	.L40
 618              	.LVL58:
 619              	.L45:
 279:Middlewares/Third_Party/FreeRTOS/Source/queue.c **** 				{
 620              		.loc 1 279 5 view .LVU201
 279:Middlewares/Third_Party/FreeRTOS/Source/queue.c **** 				{
 621              		.loc 1 279 9 is_stmt 0 view .LVU202
 622 0050 04F11000 		add	r0, r4, #16
 623 0054 FFF7FEFF 		bl	xTaskRemoveFromEventList
 624              	.LVL59:
 279:Middlewares/Third_Party/FreeRTOS/Source/queue.c **** 				{
 625              		.loc 1 279 7 view .LVU203
 626 0058 0028     		cmp	r0, #0
 627 005a ECD0     		beq	.L42
 281:Middlewares/Third_Party/FreeRTOS/Source/queue.c **** 				}
 628              		.loc 1 281 6 is_stmt 1 view .LVU204
 629 005c 4FF0E023 		mov	r3, #-536813568
 630 0060 4FF08052 		mov	r2, #268435456
 631 0064 C3F8042D 		str	r2, [r3, #3332]
 281:Middlewares/Third_Party/FreeRTOS/Source/queue.c **** 				}
 632              		.loc 1 281 6 view .LVU205
 633              		.syntax unified
 634              	@ 281 "Middlewares/Third_Party/FreeRTOS/Source/queue.c" 1
 635 0068 BFF34F8F 		dsb
 636              	@ 0 "" 2
 281:Middlewares/Third_Party/FreeRTOS/Source/queue.c **** 				}
 637              		.loc 1 281 6 view .LVU206
 638              	@ 281 "Middlewares/Third_Party/FreeRTOS/Source/queue.c" 1
 639 006c BFF36F8F 		isb
 640              	@ 0 "" 2
 281:Middlewares/Third_Party/FreeRTOS/Source/queue.c **** 				}
 641              		.loc 1 281 38 view .LVU207
 642              		.thumb
 643              		.syntax unified
 644 0070 E1E7     		b	.L42
 645              	.L41:
 296:Middlewares/Third_Party/FreeRTOS/Source/queue.c **** 			vListInitialise( &( pxQueue->xTasksWaitingToReceive ) );
 646              		.loc 1 296 4 view .LVU208
 647 0072 04F11000 		add	r0, r4, #16
 648 0076 FFF7FEFF 		bl	vListInitialise
 649              	.LVL60:
ARM GAS  /tmp/ccAaDn2P.s 			page 60


 297:Middlewares/Third_Party/FreeRTOS/Source/queue.c **** 		}
 650              		.loc 1 297 4 view .LVU209
 651 007a 04F12400 		add	r0, r4, #36
 652 007e FFF7FEFF 		bl	vListInitialise
 653              	.LVL61:
 654 0082 D8E7     		b	.L42
 655              		.cfi_endproc
 656              	.LFE5:
 658              		.section	.text.prvInitialiseNewQueue,"ax",%progbits
 659              		.align	1
 660              		.syntax unified
 661              		.thumb
 662              		.thumb_func
 664              	prvInitialiseNewQueue:
 665              	.LVL62:
 666              	.LFB8:
 423:Middlewares/Third_Party/FreeRTOS/Source/queue.c **** 	/* Remove compiler warnings about unused parameters should
 667              		.loc 1 423 1 view -0
 668              		.cfi_startproc
 669              		@ args = 4, pretend = 0, frame = 0
 670              		@ frame_needed = 0, uses_anonymous_args = 0
 423:Middlewares/Third_Party/FreeRTOS/Source/queue.c **** 	/* Remove compiler warnings about unused parameters should
 671              		.loc 1 423 1 is_stmt 0 view .LVU211
 672 0000 10B5     		push	{r4, lr}
 673              	.LCFI6:
 674              		.cfi_def_cfa_offset 8
 675              		.cfi_offset 4, -8
 676              		.cfi_offset 14, -4
 677 0002 0346     		mov	r3, r0
 678              	.LVL63:
 423:Middlewares/Third_Party/FreeRTOS/Source/queue.c **** 	/* Remove compiler warnings about unused parameters should
 679              		.loc 1 423 1 view .LVU212
 680 0004 0298     		ldr	r0, [sp, #8]
 681              	.LVL64:
 426:Middlewares/Third_Party/FreeRTOS/Source/queue.c **** 
 682              		.loc 1 426 2 is_stmt 1 view .LVU213
 428:Middlewares/Third_Party/FreeRTOS/Source/queue.c **** 	{
 683              		.loc 1 428 2 view .LVU214
 428:Middlewares/Third_Party/FreeRTOS/Source/queue.c **** 	{
 684              		.loc 1 428 4 is_stmt 0 view .LVU215
 685 0006 0C46     		mov	r4, r1
 686 0008 31B9     		cbnz	r1, .L47
 434:Middlewares/Third_Party/FreeRTOS/Source/queue.c **** 	}
 687              		.loc 1 434 3 is_stmt 1 view .LVU216
 434:Middlewares/Third_Party/FreeRTOS/Source/queue.c **** 	}
 688              		.loc 1 434 22 is_stmt 0 view .LVU217
 689 000a 0060     		str	r0, [r0]
 690              	.L48:
 444:Middlewares/Third_Party/FreeRTOS/Source/queue.c **** 	pxNewQueue->uxItemSize = uxItemSize;
 691              		.loc 1 444 2 is_stmt 1 view .LVU218
 444:Middlewares/Third_Party/FreeRTOS/Source/queue.c **** 	pxNewQueue->uxItemSize = uxItemSize;
 692              		.loc 1 444 23 is_stmt 0 view .LVU219
 693 000c C363     		str	r3, [r0, #60]
 445:Middlewares/Third_Party/FreeRTOS/Source/queue.c **** 	( void ) xQueueGenericReset( pxNewQueue, pdTRUE );
 694              		.loc 1 445 2 is_stmt 1 view .LVU220
 445:Middlewares/Third_Party/FreeRTOS/Source/queue.c **** 	( void ) xQueueGenericReset( pxNewQueue, pdTRUE );
 695              		.loc 1 445 25 is_stmt 0 view .LVU221
ARM GAS  /tmp/ccAaDn2P.s 			page 61


 696 000e 0464     		str	r4, [r0, #64]
 446:Middlewares/Third_Party/FreeRTOS/Source/queue.c **** 
 697              		.loc 1 446 2 is_stmt 1 view .LVU222
 446:Middlewares/Third_Party/FreeRTOS/Source/queue.c **** 
 698              		.loc 1 446 11 is_stmt 0 view .LVU223
 699 0010 0121     		movs	r1, #1
 700              	.LVL65:
 446:Middlewares/Third_Party/FreeRTOS/Source/queue.c **** 
 701              		.loc 1 446 11 view .LVU224
 702 0012 FFF7FEFF 		bl	xQueueGenericReset
 703              	.LVL66:
 460:Middlewares/Third_Party/FreeRTOS/Source/queue.c **** }
 704              		.loc 1 460 33 is_stmt 1 view .LVU225
 461:Middlewares/Third_Party/FreeRTOS/Source/queue.c **** /*-----------------------------------------------------------*/
 705              		.loc 1 461 1 is_stmt 0 view .LVU226
 706 0016 10BD     		pop	{r4, pc}
 707              	.LVL67:
 708              	.L47:
 439:Middlewares/Third_Party/FreeRTOS/Source/queue.c **** 	}
 709              		.loc 1 439 3 is_stmt 1 view .LVU227
 439:Middlewares/Third_Party/FreeRTOS/Source/queue.c **** 	}
 710              		.loc 1 439 22 is_stmt 0 view .LVU228
 711 0018 0260     		str	r2, [r0]
 712 001a F7E7     		b	.L48
 713              		.cfi_endproc
 714              	.LFE8:
 716              		.section	.text.xQueueGenericCreateStatic,"ax",%progbits
 717              		.align	1
 718              		.global	xQueueGenericCreateStatic
 719              		.syntax unified
 720              		.thumb
 721              		.thumb_func
 723              	xQueueGenericCreateStatic:
 724              	.LVL68:
 725              	.LFB6:
 311:Middlewares/Third_Party/FreeRTOS/Source/queue.c **** 	Queue_t *pxNewQueue;
 726              		.loc 1 311 2 is_stmt 1 view -0
 727              		.cfi_startproc
 728              		@ args = 4, pretend = 0, frame = 8
 729              		@ frame_needed = 0, uses_anonymous_args = 0
 312:Middlewares/Third_Party/FreeRTOS/Source/queue.c **** 
 730              		.loc 1 312 2 view .LVU230
 314:Middlewares/Third_Party/FreeRTOS/Source/queue.c **** 
 731              		.loc 1 314 3 view .LVU231
 732 0000 40B9     		cbnz	r0, .L51
 314:Middlewares/Third_Party/FreeRTOS/Source/queue.c **** 
 733              		.loc 1 314 3 view .LVU232
 734              	.LBB108:
 735              	.LBI108:
 193:Middlewares/Third_Party/FreeRTOS/Source/portable/GCC/ARM_CM3/portmacro.h **** {
 736              		.loc 2 193 30 view .LVU233
 737              	.LBB109:
 195:Middlewares/Third_Party/FreeRTOS/Source/portable/GCC/ARM_CM3/portmacro.h **** 
 738              		.loc 2 195 1 view .LVU234
 739              		.loc 2 197 2 view .LVU235
 740              		.syntax unified
 741              	@ 197 "Middlewares/Third_Party/FreeRTOS/Source/portable/GCC/ARM_CM3/portmacro.h" 1
ARM GAS  /tmp/ccAaDn2P.s 			page 62


 742 0002 4FF05003 			mov r3, #80												
 743 0006 83F31188 		msr basepri, r3											
 744 000a BFF36F8F 		isb														
 745 000e BFF34F8F 		dsb														
 746              	
 747              	@ 0 "" 2
 748              	.LVL69:
 749              		.thumb
 750              		.syntax unified
 751              	.L52:
 752              		.loc 2 197 2 is_stmt 0 view .LVU236
 753              	.LBE109:
 754              	.LBE108:
 314:Middlewares/Third_Party/FreeRTOS/Source/queue.c **** 
 755              		.loc 1 314 3 is_stmt 1 discriminator 1 view .LVU237
 314:Middlewares/Third_Party/FreeRTOS/Source/queue.c **** 
 756              		.loc 1 314 3 discriminator 1 view .LVU238
 314:Middlewares/Third_Party/FreeRTOS/Source/queue.c **** 
 757              		.loc 1 314 3 discriminator 1 view .LVU239
 758 0012 FEE7     		b	.L52
 759              	.LVL70:
 760              	.L51:
 311:Middlewares/Third_Party/FreeRTOS/Source/queue.c **** 	Queue_t *pxNewQueue;
 761              		.loc 1 311 2 is_stmt 0 discriminator 2 view .LVU240
 762 0014 10B5     		push	{r4, lr}
 763              	.LCFI7:
 764              		.cfi_def_cfa_offset 8
 765              		.cfi_offset 4, -8
 766              		.cfi_offset 14, -4
 767 0016 84B0     		sub	sp, sp, #16
 768              	.LCFI8:
 769              		.cfi_def_cfa_offset 24
 770 0018 1C46     		mov	r4, r3
 771 001a 8446     		mov	ip, r0
 314:Middlewares/Third_Party/FreeRTOS/Source/queue.c **** 
 772              		.loc 1 314 52 is_stmt 1 discriminator 2 view .LVU241
 318:Middlewares/Third_Party/FreeRTOS/Source/queue.c **** 
 773              		.loc 1 318 3 discriminator 2 view .LVU242
 774 001c 53B1     		cbz	r3, .L63
 318:Middlewares/Third_Party/FreeRTOS/Source/queue.c **** 
 775              		.loc 1 318 40 discriminator 2 view .LVU243
 322:Middlewares/Third_Party/FreeRTOS/Source/queue.c **** 		configASSERT( !( ( pucQueueStorage == NULL ) && ( uxItemSize != 0 ) ) );
 776              		.loc 1 322 3 discriminator 2 view .LVU244
 777 001e 92B1     		cbz	r2, .L55
 778 0020 89B9     		cbnz	r1, .L55
 322:Middlewares/Third_Party/FreeRTOS/Source/queue.c **** 		configASSERT( !( ( pucQueueStorage == NULL ) && ( uxItemSize != 0 ) ) );
 779              		.loc 1 322 3 view .LVU245
 780              	.LBB110:
 781              	.LBI110:
 193:Middlewares/Third_Party/FreeRTOS/Source/portable/GCC/ARM_CM3/portmacro.h **** {
 782              		.loc 2 193 30 view .LVU246
 783              	.LBB111:
 195:Middlewares/Third_Party/FreeRTOS/Source/portable/GCC/ARM_CM3/portmacro.h **** 
 784              		.loc 2 195 1 view .LVU247
 785              		.loc 2 197 2 view .LVU248
 786              		.syntax unified
 787              	@ 197 "Middlewares/Third_Party/FreeRTOS/Source/portable/GCC/ARM_CM3/portmacro.h" 1
ARM GAS  /tmp/ccAaDn2P.s 			page 63


 788 0022 4FF05003 			mov r3, #80												
 789 0026 83F31188 		msr basepri, r3											
 790 002a BFF36F8F 		isb														
 791 002e BFF34F8F 		dsb														
 792              	
 793              	@ 0 "" 2
 794              	.LVL71:
 795              		.thumb
 796              		.syntax unified
 797              	.L56:
 798              		.loc 2 197 2 is_stmt 0 view .LVU249
 799              	.LBE111:
 800              	.LBE110:
 322:Middlewares/Third_Party/FreeRTOS/Source/queue.c **** 		configASSERT( !( ( pucQueueStorage == NULL ) && ( uxItemSize != 0 ) ) );
 801              		.loc 1 322 3 is_stmt 1 discriminator 3 view .LVU250
 322:Middlewares/Third_Party/FreeRTOS/Source/queue.c **** 		configASSERT( !( ( pucQueueStorage == NULL ) && ( uxItemSize != 0 ) ) );
 802              		.loc 1 322 3 discriminator 3 view .LVU251
 322:Middlewares/Third_Party/FreeRTOS/Source/queue.c **** 		configASSERT( !( ( pucQueueStorage == NULL ) && ( uxItemSize != 0 ) ) );
 803              		.loc 1 322 3 discriminator 3 view .LVU252
 804 0032 FEE7     		b	.L56
 805              	.LVL72:
 806              	.L63:
 318:Middlewares/Third_Party/FreeRTOS/Source/queue.c **** 
 807              		.loc 1 318 3 view .LVU253
 808              	.LBB112:
 809              	.LBI112:
 193:Middlewares/Third_Party/FreeRTOS/Source/portable/GCC/ARM_CM3/portmacro.h **** {
 810              		.loc 2 193 30 view .LVU254
 811              	.LBB113:
 195:Middlewares/Third_Party/FreeRTOS/Source/portable/GCC/ARM_CM3/portmacro.h **** 
 812              		.loc 2 195 1 view .LVU255
 813              		.loc 2 197 2 view .LVU256
 814              		.syntax unified
 815              	@ 197 "Middlewares/Third_Party/FreeRTOS/Source/portable/GCC/ARM_CM3/portmacro.h" 1
 816 0034 4FF05003 			mov r3, #80												
 817 0038 83F31188 		msr basepri, r3											
 818 003c BFF36F8F 		isb														
 819 0040 BFF34F8F 		dsb														
 820              	
 821              	@ 0 "" 2
 822              	.LVL73:
 823              		.thumb
 824              		.syntax unified
 825              	.L54:
 826              		.loc 2 197 2 is_stmt 0 view .LVU257
 827              	.LBE113:
 828              	.LBE112:
 318:Middlewares/Third_Party/FreeRTOS/Source/queue.c **** 
 829              		.loc 1 318 3 is_stmt 1 discriminator 2 view .LVU258
 318:Middlewares/Third_Party/FreeRTOS/Source/queue.c **** 
 830              		.loc 1 318 3 discriminator 2 view .LVU259
 318:Middlewares/Third_Party/FreeRTOS/Source/queue.c **** 
 831              		.loc 1 318 3 discriminator 2 view .LVU260
 832 0044 FEE7     		b	.L54
 833              	.LVL74:
 834              	.L55:
 322:Middlewares/Third_Party/FreeRTOS/Source/queue.c **** 		configASSERT( !( ( pucQueueStorage == NULL ) && ( uxItemSize != 0 ) ) );
ARM GAS  /tmp/ccAaDn2P.s 			page 64


 835              		.loc 1 322 74 discriminator 8 view .LVU261
 323:Middlewares/Third_Party/FreeRTOS/Source/queue.c **** 
 836              		.loc 1 323 3 discriminator 8 view .LVU262
 837 0046 6AB1     		cbz	r2, .L64
 838              	.L57:
 323:Middlewares/Third_Party/FreeRTOS/Source/queue.c **** 
 839              		.loc 1 323 74 discriminator 8 view .LVU263
 840              	.LBB114:
 330:Middlewares/Third_Party/FreeRTOS/Source/queue.c **** 			configASSERT( xSize == sizeof( Queue_t ) );
 841              		.loc 1 330 4 discriminator 8 view .LVU264
 330:Middlewares/Third_Party/FreeRTOS/Source/queue.c **** 			configASSERT( xSize == sizeof( Queue_t ) );
 842              		.loc 1 330 20 is_stmt 0 discriminator 8 view .LVU265
 843 0048 4823     		movs	r3, #72
 844              	.LVL75:
 330:Middlewares/Third_Party/FreeRTOS/Source/queue.c **** 			configASSERT( xSize == sizeof( Queue_t ) );
 845              		.loc 1 330 20 discriminator 8 view .LVU266
 846 004a 0393     		str	r3, [sp, #12]
 331:Middlewares/Third_Party/FreeRTOS/Source/queue.c **** 			( void ) xSize; /* Keeps lint quiet when configASSERT() is not defined. */
 847              		.loc 1 331 4 is_stmt 1 discriminator 8 view .LVU267
 848 004c 039B     		ldr	r3, [sp, #12]
 849 004e 482B     		cmp	r3, #72
 850 0050 13D0     		beq	.L59
 331:Middlewares/Third_Party/FreeRTOS/Source/queue.c **** 			( void ) xSize; /* Keeps lint quiet when configASSERT() is not defined. */
 851              		.loc 1 331 4 view .LVU268
 852              	.LBB115:
 853              	.LBI115:
 193:Middlewares/Third_Party/FreeRTOS/Source/portable/GCC/ARM_CM3/portmacro.h **** {
 854              		.loc 2 193 30 view .LVU269
 855              	.LBB116:
 195:Middlewares/Third_Party/FreeRTOS/Source/portable/GCC/ARM_CM3/portmacro.h **** 
 856              		.loc 2 195 1 view .LVU270
 857              		.loc 2 197 2 view .LVU271
 858              		.syntax unified
 859              	@ 197 "Middlewares/Third_Party/FreeRTOS/Source/portable/GCC/ARM_CM3/portmacro.h" 1
 860 0052 4FF05003 			mov r3, #80												
 861 0056 83F31188 		msr basepri, r3											
 862 005a BFF36F8F 		isb														
 863 005e BFF34F8F 		dsb														
 864              	
 865              	@ 0 "" 2
 866              	.LVL76:
 867              		.thumb
 868              		.syntax unified
 869              	.L60:
 870              		.loc 2 197 2 is_stmt 0 view .LVU272
 871              	.LBE116:
 872              	.LBE115:
 331:Middlewares/Third_Party/FreeRTOS/Source/queue.c **** 			( void ) xSize; /* Keeps lint quiet when configASSERT() is not defined. */
 873              		.loc 1 331 4 is_stmt 1 discriminator 5 view .LVU273
 331:Middlewares/Third_Party/FreeRTOS/Source/queue.c **** 			( void ) xSize; /* Keeps lint quiet when configASSERT() is not defined. */
 874              		.loc 1 331 4 discriminator 5 view .LVU274
 331:Middlewares/Third_Party/FreeRTOS/Source/queue.c **** 			( void ) xSize; /* Keeps lint quiet when configASSERT() is not defined. */
 875              		.loc 1 331 4 discriminator 5 view .LVU275
 876 0062 FEE7     		b	.L60
 877              	.LVL77:
 878              	.L64:
 331:Middlewares/Third_Party/FreeRTOS/Source/queue.c **** 			( void ) xSize; /* Keeps lint quiet when configASSERT() is not defined. */
ARM GAS  /tmp/ccAaDn2P.s 			page 65


 879              		.loc 1 331 4 is_stmt 0 discriminator 5 view .LVU276
 880              	.LBE114:
 323:Middlewares/Third_Party/FreeRTOS/Source/queue.c **** 
 881              		.loc 1 323 3 discriminator 2 view .LVU277
 882 0064 0029     		cmp	r1, #0
 883 0066 EFD0     		beq	.L57
 323:Middlewares/Third_Party/FreeRTOS/Source/queue.c **** 
 884              		.loc 1 323 3 is_stmt 1 view .LVU278
 885              	.LBB117:
 886              	.LBI117:
 193:Middlewares/Third_Party/FreeRTOS/Source/portable/GCC/ARM_CM3/portmacro.h **** {
 887              		.loc 2 193 30 view .LVU279
 888              	.LBB118:
 195:Middlewares/Third_Party/FreeRTOS/Source/portable/GCC/ARM_CM3/portmacro.h **** 
 889              		.loc 2 195 1 view .LVU280
 890              		.loc 2 197 2 view .LVU281
 891              		.syntax unified
 892              	@ 197 "Middlewares/Third_Party/FreeRTOS/Source/portable/GCC/ARM_CM3/portmacro.h" 1
 893 0068 4FF05003 			mov r3, #80												
 894 006c 83F31188 		msr basepri, r3											
 895 0070 BFF36F8F 		isb														
 896 0074 BFF34F8F 		dsb														
 897              	
 898              	@ 0 "" 2
 899              	.LVL78:
 900              		.thumb
 901              		.syntax unified
 902              	.L58:
 903              		.loc 2 197 2 is_stmt 0 view .LVU282
 904              	.LBE118:
 905              	.LBE117:
 323:Middlewares/Third_Party/FreeRTOS/Source/queue.c **** 
 906              		.loc 1 323 3 is_stmt 1 discriminator 4 view .LVU283
 323:Middlewares/Third_Party/FreeRTOS/Source/queue.c **** 
 907              		.loc 1 323 3 discriminator 4 view .LVU284
 323:Middlewares/Third_Party/FreeRTOS/Source/queue.c **** 
 908              		.loc 1 323 3 discriminator 4 view .LVU285
 909 0078 FEE7     		b	.L58
 910              	.L59:
 911              	.LBB119:
 331:Middlewares/Third_Party/FreeRTOS/Source/queue.c **** 			( void ) xSize; /* Keeps lint quiet when configASSERT() is not defined. */
 912              		.loc 1 331 46 discriminator 2 view .LVU286
 332:Middlewares/Third_Party/FreeRTOS/Source/queue.c **** 		}
 913              		.loc 1 332 4 discriminator 2 view .LVU287
 914 007a 039B     		ldr	r3, [sp, #12]
 915              	.LBE119:
 339:Middlewares/Third_Party/FreeRTOS/Source/queue.c **** 
 916              		.loc 1 339 3 discriminator 2 view .LVU288
 917              	.LVL79:
 341:Middlewares/Third_Party/FreeRTOS/Source/queue.c **** 		{
 918              		.loc 1 341 3 discriminator 2 view .LVU289
 348:Middlewares/Third_Party/FreeRTOS/Source/queue.c **** 			}
 919              		.loc 1 348 5 discriminator 2 view .LVU290
 348:Middlewares/Third_Party/FreeRTOS/Source/queue.c **** 			}
 920              		.loc 1 348 39 is_stmt 0 discriminator 2 view .LVU291
 921 007c 0123     		movs	r3, #1
 922 007e 84F84630 		strb	r3, [r4, #70]
ARM GAS  /tmp/ccAaDn2P.s 			page 66


 352:Middlewares/Third_Party/FreeRTOS/Source/queue.c **** 		}
 923              		.loc 1 352 4 is_stmt 1 discriminator 2 view .LVU292
 924 0082 0094     		str	r4, [sp]
 925 0084 9DF81830 		ldrb	r3, [sp, #24]	@ zero_extendqisi2
 926 0088 6046     		mov	r0, ip
 927              	.LVL80:
 352:Middlewares/Third_Party/FreeRTOS/Source/queue.c **** 		}
 928              		.loc 1 352 4 is_stmt 0 discriminator 2 view .LVU293
 929 008a FFF7FEFF 		bl	prvInitialiseNewQueue
 930              	.LVL81:
 356:Middlewares/Third_Party/FreeRTOS/Source/queue.c **** 			mtCOVERAGE_TEST_MARKER();
 931              		.loc 1 356 43 is_stmt 1 discriminator 2 view .LVU294
 357:Middlewares/Third_Party/FreeRTOS/Source/queue.c **** 		}
 932              		.loc 1 357 28 discriminator 2 view .LVU295
 360:Middlewares/Third_Party/FreeRTOS/Source/queue.c **** 	}
 933              		.loc 1 360 3 discriminator 2 view .LVU296
 361:Middlewares/Third_Party/FreeRTOS/Source/queue.c **** 
 934              		.loc 1 361 2 is_stmt 0 discriminator 2 view .LVU297
 935 008e 2046     		mov	r0, r4
 936 0090 04B0     		add	sp, sp, #16
 937              	.LCFI9:
 938              		.cfi_def_cfa_offset 8
 939              		@ sp needed
 940 0092 10BD     		pop	{r4, pc}
 361:Middlewares/Third_Party/FreeRTOS/Source/queue.c **** 
 941              		.loc 1 361 2 discriminator 2 view .LVU298
 942              		.cfi_endproc
 943              	.LFE6:
 945              		.section	.text.xQueueGenericCreate,"ax",%progbits
 946              		.align	1
 947              		.global	xQueueGenericCreate
 948              		.syntax unified
 949              		.thumb
 950              		.thumb_func
 952              	xQueueGenericCreate:
 953              	.LVL82:
 954              	.LFB7:
 369:Middlewares/Third_Party/FreeRTOS/Source/queue.c **** 	Queue_t *pxNewQueue;
 955              		.loc 1 369 2 is_stmt 1 view -0
 956              		.cfi_startproc
 957              		@ args = 0, pretend = 0, frame = 0
 958              		@ frame_needed = 0, uses_anonymous_args = 0
 370:Middlewares/Third_Party/FreeRTOS/Source/queue.c **** 	size_t xQueueSizeInBytes;
 959              		.loc 1 370 2 view .LVU300
 371:Middlewares/Third_Party/FreeRTOS/Source/queue.c **** 	uint8_t *pucQueueStorage;
 960              		.loc 1 371 2 view .LVU301
 372:Middlewares/Third_Party/FreeRTOS/Source/queue.c **** 
 961              		.loc 1 372 2 view .LVU302
 374:Middlewares/Third_Party/FreeRTOS/Source/queue.c **** 
 962              		.loc 1 374 3 view .LVU303
 963 0000 40B9     		cbnz	r0, .L66
 374:Middlewares/Third_Party/FreeRTOS/Source/queue.c **** 
 964              		.loc 1 374 3 view .LVU304
 965              	.LBB120:
 966              	.LBI120:
 193:Middlewares/Third_Party/FreeRTOS/Source/portable/GCC/ARM_CM3/portmacro.h **** {
 967              		.loc 2 193 30 view .LVU305
ARM GAS  /tmp/ccAaDn2P.s 			page 67


 968              	.LBB121:
 195:Middlewares/Third_Party/FreeRTOS/Source/portable/GCC/ARM_CM3/portmacro.h **** 
 969              		.loc 2 195 1 view .LVU306
 970              		.loc 2 197 2 view .LVU307
 971              		.syntax unified
 972              	@ 197 "Middlewares/Third_Party/FreeRTOS/Source/portable/GCC/ARM_CM3/portmacro.h" 1
 973 0002 4FF05003 			mov r3, #80												
 974 0006 83F31188 		msr basepri, r3											
 975 000a BFF36F8F 		isb														
 976 000e BFF34F8F 		dsb														
 977              	
 978              	@ 0 "" 2
 979              	.LVL83:
 980              		.thumb
 981              		.syntax unified
 982              	.L67:
 983              		.loc 2 197 2 is_stmt 0 view .LVU308
 984              	.LBE121:
 985              	.LBE120:
 374:Middlewares/Third_Party/FreeRTOS/Source/queue.c **** 
 986              		.loc 1 374 3 is_stmt 1 discriminator 1 view .LVU309
 374:Middlewares/Third_Party/FreeRTOS/Source/queue.c **** 
 987              		.loc 1 374 3 discriminator 1 view .LVU310
 374:Middlewares/Third_Party/FreeRTOS/Source/queue.c **** 
 988              		.loc 1 374 3 discriminator 1 view .LVU311
 989 0012 FEE7     		b	.L67
 990              	.L66:
 369:Middlewares/Third_Party/FreeRTOS/Source/queue.c **** 	Queue_t *pxNewQueue;
 991              		.loc 1 369 2 is_stmt 0 discriminator 2 view .LVU312
 992 0014 F0B5     		push	{r4, r5, r6, r7, lr}
 993              	.LCFI10:
 994              		.cfi_def_cfa_offset 20
 995              		.cfi_offset 4, -20
 996              		.cfi_offset 5, -16
 997              		.cfi_offset 6, -12
 998              		.cfi_offset 7, -8
 999              		.cfi_offset 14, -4
 1000 0016 83B0     		sub	sp, sp, #12
 1001              	.LCFI11:
 1002              		.cfi_def_cfa_offset 32
 1003 0018 0D46     		mov	r5, r1
 1004 001a 1446     		mov	r4, r2
 1005 001c 0646     		mov	r6, r0
 374:Middlewares/Third_Party/FreeRTOS/Source/queue.c **** 
 1006              		.loc 1 374 52 is_stmt 1 discriminator 2 view .LVU313
 379:Middlewares/Third_Party/FreeRTOS/Source/queue.c **** 
 1007              		.loc 1 379 3 discriminator 2 view .LVU314
 379:Middlewares/Third_Party/FreeRTOS/Source/queue.c **** 
 1008              		.loc 1 379 21 is_stmt 0 discriminator 2 view .LVU315
 1009 001e 01FB00F0 		mul	r0, r1, r0
 1010              	.LVL84:
 390:Middlewares/Third_Party/FreeRTOS/Source/queue.c **** 
 1011              		.loc 1 390 3 is_stmt 1 discriminator 2 view .LVU316
 390:Middlewares/Third_Party/FreeRTOS/Source/queue.c **** 
 1012              		.loc 1 390 30 is_stmt 0 discriminator 2 view .LVU317
 1013 0022 4830     		adds	r0, r0, #72
 1014              	.LVL85:
ARM GAS  /tmp/ccAaDn2P.s 			page 68


 390:Middlewares/Third_Party/FreeRTOS/Source/queue.c **** 
 1015              		.loc 1 390 30 discriminator 2 view .LVU318
 1016 0024 FFF7FEFF 		bl	pvPortMalloc
 1017              	.LVL86:
 392:Middlewares/Third_Party/FreeRTOS/Source/queue.c **** 		{
 1018              		.loc 1 392 3 is_stmt 1 discriminator 2 view .LVU319
 392:Middlewares/Third_Party/FreeRTOS/Source/queue.c **** 		{
 1019              		.loc 1 392 5 is_stmt 0 discriminator 2 view .LVU320
 1020 0028 0746     		mov	r7, r0
 1021 002a 50B1     		cbz	r0, .L65
 396:Middlewares/Third_Party/FreeRTOS/Source/queue.c **** 			pucQueueStorage += sizeof( Queue_t ); /*lint !e9016 Pointer arithmetic allowed on char types, es
 1022              		.loc 1 396 4 is_stmt 1 view .LVU321
 1023              	.LVL87:
 397:Middlewares/Third_Party/FreeRTOS/Source/queue.c **** 
 1024              		.loc 1 397 4 view .LVU322
 404:Middlewares/Third_Party/FreeRTOS/Source/queue.c **** 			}
 1025              		.loc 1 404 5 view .LVU323
 404:Middlewares/Third_Party/FreeRTOS/Source/queue.c **** 			}
 1026              		.loc 1 404 39 is_stmt 0 view .LVU324
 1027 002c 0023     		movs	r3, #0
 1028 002e 80F84630 		strb	r3, [r0, #70]
 408:Middlewares/Third_Party/FreeRTOS/Source/queue.c **** 		}
 1029              		.loc 1 408 4 is_stmt 1 view .LVU325
 1030 0032 0090     		str	r0, [sp]
 1031 0034 2346     		mov	r3, r4
 1032 0036 00F14802 		add	r2, r0, #72
 1033              	.LVL88:
 408:Middlewares/Third_Party/FreeRTOS/Source/queue.c **** 		}
 1034              		.loc 1 408 4 is_stmt 0 view .LVU326
 1035 003a 2946     		mov	r1, r5
 1036 003c 3046     		mov	r0, r6
 1037              	.LVL89:
 408:Middlewares/Third_Party/FreeRTOS/Source/queue.c **** 		}
 1038              		.loc 1 408 4 view .LVU327
 1039 003e FFF7FEFF 		bl	prvInitialiseNewQueue
 1040              	.LVL90:
 412:Middlewares/Third_Party/FreeRTOS/Source/queue.c **** 			mtCOVERAGE_TEST_MARKER();
 1041              		.loc 1 412 43 is_stmt 1 view .LVU328
 413:Middlewares/Third_Party/FreeRTOS/Source/queue.c **** 		}
 1042              		.loc 1 413 28 view .LVU329
 416:Middlewares/Third_Party/FreeRTOS/Source/queue.c **** 	}
 1043              		.loc 1 416 3 view .LVU330
 1044              	.L65:
 417:Middlewares/Third_Party/FreeRTOS/Source/queue.c **** 
 1045              		.loc 1 417 2 is_stmt 0 view .LVU331
 1046 0042 3846     		mov	r0, r7
 1047 0044 03B0     		add	sp, sp, #12
 1048              	.LCFI12:
 1049              		.cfi_def_cfa_offset 20
 1050              		@ sp needed
 1051 0046 F0BD     		pop	{r4, r5, r6, r7, pc}
 417:Middlewares/Third_Party/FreeRTOS/Source/queue.c **** 
 1052              		.loc 1 417 2 view .LVU332
 1053              		.cfi_endproc
 1054              	.LFE7:
 1056              		.section	.text.xQueueGenericSend,"ax",%progbits
 1057              		.align	1
ARM GAS  /tmp/ccAaDn2P.s 			page 69


 1058              		.global	xQueueGenericSend
 1059              		.syntax unified
 1060              		.thumb
 1061              		.thumb_func
 1063              	xQueueGenericSend:
 1064              	.LVL91:
 1065              	.LFB12:
 741:Middlewares/Third_Party/FreeRTOS/Source/queue.c **** BaseType_t xEntryTimeSet = pdFALSE, xYieldRequired;
 1066              		.loc 1 741 1 is_stmt 1 view -0
 1067              		.cfi_startproc
 1068              		@ args = 0, pretend = 0, frame = 16
 1069              		@ frame_needed = 0, uses_anonymous_args = 0
 741:Middlewares/Third_Party/FreeRTOS/Source/queue.c **** BaseType_t xEntryTimeSet = pdFALSE, xYieldRequired;
 1070              		.loc 1 741 1 is_stmt 0 view .LVU334
 1071 0000 F0B5     		push	{r4, r5, r6, r7, lr}
 1072              	.LCFI13:
 1073              		.cfi_def_cfa_offset 20
 1074              		.cfi_offset 4, -20
 1075              		.cfi_offset 5, -16
 1076              		.cfi_offset 6, -12
 1077              		.cfi_offset 7, -8
 1078              		.cfi_offset 14, -4
 1079 0002 85B0     		sub	sp, sp, #20
 1080              	.LCFI14:
 1081              		.cfi_def_cfa_offset 40
 1082 0004 0192     		str	r2, [sp, #4]
 742:Middlewares/Third_Party/FreeRTOS/Source/queue.c **** TimeOut_t xTimeOut;
 1083              		.loc 1 742 1 is_stmt 1 view .LVU335
 1084              	.LVL92:
 743:Middlewares/Third_Party/FreeRTOS/Source/queue.c **** Queue_t * const pxQueue = xQueue;
 1085              		.loc 1 743 1 view .LVU336
 744:Middlewares/Third_Party/FreeRTOS/Source/queue.c **** 
 1086              		.loc 1 744 1 view .LVU337
 746:Middlewares/Third_Party/FreeRTOS/Source/queue.c **** 	configASSERT( !( ( pvItemToQueue == NULL ) && ( pxQueue->uxItemSize != ( UBaseType_t ) 0U ) ) );
 1087              		.loc 1 746 2 view .LVU338
 1088 0006 88B1     		cbz	r0, .L95
 1089 0008 0F46     		mov	r7, r1
 1090 000a 1D46     		mov	r5, r3
 1091 000c 0446     		mov	r4, r0
 746:Middlewares/Third_Party/FreeRTOS/Source/queue.c **** 	configASSERT( !( ( pvItemToQueue == NULL ) && ( pxQueue->uxItemSize != ( UBaseType_t ) 0U ) ) );
 1092              		.loc 1 746 25 discriminator 2 view .LVU339
 747:Middlewares/Third_Party/FreeRTOS/Source/queue.c **** 	configASSERT( !( ( xCopyPosition == queueOVERWRITE ) && ( pxQueue->uxLength != 1 ) ) );
 1093              		.loc 1 747 2 discriminator 2 view .LVU340
 1094 000e B1B1     		cbz	r1, .L96
 1095              	.LVL93:
 1096              	.L74:
 747:Middlewares/Third_Party/FreeRTOS/Source/queue.c **** 	configASSERT( !( ( xCopyPosition == queueOVERWRITE ) && ( pxQueue->uxLength != 1 ) ) );
 1097              		.loc 1 747 97 discriminator 8 view .LVU341
 748:Middlewares/Third_Party/FreeRTOS/Source/queue.c **** 	#if ( ( INCLUDE_xTaskGetSchedulerState == 1 ) || ( configUSE_TIMERS == 1 ) )
 1098              		.loc 1 748 2 discriminator 8 view .LVU342
 1099 0010 022D     		cmp	r5, #2
 1100 0012 20D1     		bne	.L76
 748:Middlewares/Third_Party/FreeRTOS/Source/queue.c **** 	#if ( ( INCLUDE_xTaskGetSchedulerState == 1 ) || ( configUSE_TIMERS == 1 ) )
 1101              		.loc 1 748 2 is_stmt 0 discriminator 2 view .LVU343
 1102 0014 E36B     		ldr	r3, [r4, #60]
 1103 0016 012B     		cmp	r3, #1
 1104 0018 1DD0     		beq	.L76
ARM GAS  /tmp/ccAaDn2P.s 			page 70


 748:Middlewares/Third_Party/FreeRTOS/Source/queue.c **** 	#if ( ( INCLUDE_xTaskGetSchedulerState == 1 ) || ( configUSE_TIMERS == 1 ) )
 1105              		.loc 1 748 2 is_stmt 1 view .LVU344
 1106              	.LBB122:
 1107              	.LBI122:
 193:Middlewares/Third_Party/FreeRTOS/Source/portable/GCC/ARM_CM3/portmacro.h **** {
 1108              		.loc 2 193 30 view .LVU345
 1109              	.LBB123:
 195:Middlewares/Third_Party/FreeRTOS/Source/portable/GCC/ARM_CM3/portmacro.h **** 
 1110              		.loc 2 195 1 view .LVU346
 1111              		.loc 2 197 2 view .LVU347
 1112              		.syntax unified
 1113              	@ 197 "Middlewares/Third_Party/FreeRTOS/Source/portable/GCC/ARM_CM3/portmacro.h" 1
 1114 001a 4FF05003 			mov r3, #80												
 1115 001e 83F31188 		msr basepri, r3											
 1116 0022 BFF36F8F 		isb														
 1117 0026 BFF34F8F 		dsb														
 1118              	
 1119              	@ 0 "" 2
 1120              	.LVL94:
 1121              		.thumb
 1122              		.syntax unified
 1123              	.L77:
 1124              		.loc 2 197 2 is_stmt 0 view .LVU348
 1125              	.LBE123:
 1126              	.LBE122:
 748:Middlewares/Third_Party/FreeRTOS/Source/queue.c **** 	#if ( ( INCLUDE_xTaskGetSchedulerState == 1 ) || ( configUSE_TIMERS == 1 ) )
 1127              		.loc 1 748 2 is_stmt 1 discriminator 3 view .LVU349
 748:Middlewares/Third_Party/FreeRTOS/Source/queue.c **** 	#if ( ( INCLUDE_xTaskGetSchedulerState == 1 ) || ( configUSE_TIMERS == 1 ) )
 1128              		.loc 1 748 2 discriminator 3 view .LVU350
 748:Middlewares/Third_Party/FreeRTOS/Source/queue.c **** 	#if ( ( INCLUDE_xTaskGetSchedulerState == 1 ) || ( configUSE_TIMERS == 1 ) )
 1129              		.loc 1 748 2 discriminator 3 view .LVU351
 1130 002a FEE7     		b	.L77
 1131              	.LVL95:
 1132              	.L95:
 746:Middlewares/Third_Party/FreeRTOS/Source/queue.c **** 	configASSERT( !( ( pvItemToQueue == NULL ) && ( pxQueue->uxItemSize != ( UBaseType_t ) 0U ) ) );
 1133              		.loc 1 746 2 view .LVU352
 1134              	.LBB124:
 1135              	.LBI124:
 193:Middlewares/Third_Party/FreeRTOS/Source/portable/GCC/ARM_CM3/portmacro.h **** {
 1136              		.loc 2 193 30 view .LVU353
 1137              	.LBB125:
 195:Middlewares/Third_Party/FreeRTOS/Source/portable/GCC/ARM_CM3/portmacro.h **** 
 1138              		.loc 2 195 1 view .LVU354
 1139              		.loc 2 197 2 view .LVU355
 1140              		.syntax unified
 1141              	@ 197 "Middlewares/Third_Party/FreeRTOS/Source/portable/GCC/ARM_CM3/portmacro.h" 1
 1142 002c 4FF05003 			mov r3, #80												
 1143 0030 83F31188 		msr basepri, r3											
 1144 0034 BFF36F8F 		isb														
 1145 0038 BFF34F8F 		dsb														
 1146              	
 1147              	@ 0 "" 2
 1148              	.LVL96:
 1149              		.thumb
 1150              		.syntax unified
 1151              	.L73:
 1152              		.loc 2 197 2 is_stmt 0 view .LVU356
ARM GAS  /tmp/ccAaDn2P.s 			page 71


 1153              	.LBE125:
 1154              	.LBE124:
 746:Middlewares/Third_Party/FreeRTOS/Source/queue.c **** 	configASSERT( !( ( pvItemToQueue == NULL ) && ( pxQueue->uxItemSize != ( UBaseType_t ) 0U ) ) );
 1155              		.loc 1 746 2 is_stmt 1 discriminator 1 view .LVU357
 746:Middlewares/Third_Party/FreeRTOS/Source/queue.c **** 	configASSERT( !( ( pvItemToQueue == NULL ) && ( pxQueue->uxItemSize != ( UBaseType_t ) 0U ) ) );
 1156              		.loc 1 746 2 discriminator 1 view .LVU358
 746:Middlewares/Third_Party/FreeRTOS/Source/queue.c **** 	configASSERT( !( ( pvItemToQueue == NULL ) && ( pxQueue->uxItemSize != ( UBaseType_t ) 0U ) ) );
 1157              		.loc 1 746 2 discriminator 1 view .LVU359
 1158 003c FEE7     		b	.L73
 1159              	.LVL97:
 1160              	.L96:
 747:Middlewares/Third_Party/FreeRTOS/Source/queue.c **** 	configASSERT( !( ( xCopyPosition == queueOVERWRITE ) && ( pxQueue->uxLength != 1 ) ) );
 1161              		.loc 1 747 2 is_stmt 0 discriminator 2 view .LVU360
 1162 003e 036C     		ldr	r3, [r0, #64]
 1163              	.LVL98:
 747:Middlewares/Third_Party/FreeRTOS/Source/queue.c **** 	configASSERT( !( ( xCopyPosition == queueOVERWRITE ) && ( pxQueue->uxLength != 1 ) ) );
 1164              		.loc 1 747 2 discriminator 2 view .LVU361
 1165 0040 002B     		cmp	r3, #0
 1166 0042 E5D0     		beq	.L74
 747:Middlewares/Third_Party/FreeRTOS/Source/queue.c **** 	configASSERT( !( ( xCopyPosition == queueOVERWRITE ) && ( pxQueue->uxLength != 1 ) ) );
 1167              		.loc 1 747 2 is_stmt 1 view .LVU362
 1168              	.LBB126:
 1169              	.LBI126:
 193:Middlewares/Third_Party/FreeRTOS/Source/portable/GCC/ARM_CM3/portmacro.h **** {
 1170              		.loc 2 193 30 view .LVU363
 1171              	.LBB127:
 195:Middlewares/Third_Party/FreeRTOS/Source/portable/GCC/ARM_CM3/portmacro.h **** 
 1172              		.loc 2 195 1 view .LVU364
 1173              		.loc 2 197 2 view .LVU365
 1174              		.syntax unified
 1175              	@ 197 "Middlewares/Third_Party/FreeRTOS/Source/portable/GCC/ARM_CM3/portmacro.h" 1
 1176 0044 4FF05003 			mov r3, #80												
 1177 0048 83F31188 		msr basepri, r3											
 1178 004c BFF36F8F 		isb														
 1179 0050 BFF34F8F 		dsb														
 1180              	
 1181              	@ 0 "" 2
 1182              	.LVL99:
 1183              		.thumb
 1184              		.syntax unified
 1185              	.L75:
 1186              		.loc 2 197 2 is_stmt 0 view .LVU366
 1187              	.LBE127:
 1188              	.LBE126:
 747:Middlewares/Third_Party/FreeRTOS/Source/queue.c **** 	configASSERT( !( ( xCopyPosition == queueOVERWRITE ) && ( pxQueue->uxLength != 1 ) ) );
 1189              		.loc 1 747 2 is_stmt 1 discriminator 2 view .LVU367
 747:Middlewares/Third_Party/FreeRTOS/Source/queue.c **** 	configASSERT( !( ( xCopyPosition == queueOVERWRITE ) && ( pxQueue->uxLength != 1 ) ) );
 1190              		.loc 1 747 2 discriminator 2 view .LVU368
 747:Middlewares/Third_Party/FreeRTOS/Source/queue.c **** 	configASSERT( !( ( xCopyPosition == queueOVERWRITE ) && ( pxQueue->uxLength != 1 ) ) );
 1191              		.loc 1 747 2 discriminator 2 view .LVU369
 1192 0054 FEE7     		b	.L75
 1193              	.L76:
 748:Middlewares/Third_Party/FreeRTOS/Source/queue.c **** 	#if ( ( INCLUDE_xTaskGetSchedulerState == 1 ) || ( configUSE_TIMERS == 1 ) )
 1194              		.loc 1 748 88 discriminator 8 view .LVU370
 751:Middlewares/Third_Party/FreeRTOS/Source/queue.c **** 	}
 1195              		.loc 1 751 3 discriminator 8 view .LVU371
 1196 0056 FFF7FEFF 		bl	xTaskGetSchedulerState
ARM GAS  /tmp/ccAaDn2P.s 			page 72


 1197              	.LVL100:
 751:Middlewares/Third_Party/FreeRTOS/Source/queue.c **** 	}
 1198              		.loc 1 751 3 is_stmt 0 discriminator 8 view .LVU372
 1199 005a 0646     		mov	r6, r0
 1200 005c 58B9     		cbnz	r0, .L93
 751:Middlewares/Third_Party/FreeRTOS/Source/queue.c **** 	}
 1201              		.loc 1 751 3 discriminator 2 view .LVU373
 1202 005e 019B     		ldr	r3, [sp, #4]
 1203 0060 002B     		cmp	r3, #0
 1204 0062 48D0     		beq	.L80
 751:Middlewares/Third_Party/FreeRTOS/Source/queue.c **** 	}
 1205              		.loc 1 751 3 is_stmt 1 view .LVU374
 1206              	.LBB128:
 1207              	.LBI128:
 193:Middlewares/Third_Party/FreeRTOS/Source/portable/GCC/ARM_CM3/portmacro.h **** {
 1208              		.loc 2 193 30 view .LVU375
 1209              	.LBB129:
 195:Middlewares/Third_Party/FreeRTOS/Source/portable/GCC/ARM_CM3/portmacro.h **** 
 1210              		.loc 2 195 1 view .LVU376
 1211              		.loc 2 197 2 view .LVU377
 1212              		.syntax unified
 1213              	@ 197 "Middlewares/Third_Party/FreeRTOS/Source/portable/GCC/ARM_CM3/portmacro.h" 1
 1214 0064 4FF05003 			mov r3, #80												
 1215 0068 83F31188 		msr basepri, r3											
 1216 006c BFF36F8F 		isb														
 1217 0070 BFF34F8F 		dsb														
 1218              	
 1219              	@ 0 "" 2
 1220              	.LVL101:
 1221              		.thumb
 1222              		.syntax unified
 1223              	.L79:
 1224              		.loc 2 197 2 is_stmt 0 view .LVU378
 1225              	.LBE129:
 1226              	.LBE128:
 751:Middlewares/Third_Party/FreeRTOS/Source/queue.c **** 	}
 1227              		.loc 1 751 3 is_stmt 1 discriminator 4 view .LVU379
 751:Middlewares/Third_Party/FreeRTOS/Source/queue.c **** 	}
 1228              		.loc 1 751 3 discriminator 4 view .LVU380
 751:Middlewares/Third_Party/FreeRTOS/Source/queue.c **** 	}
 1229              		.loc 1 751 3 discriminator 4 view .LVU381
 1230 0074 FEE7     		b	.L79
 1231              	.L93:
 1232 0076 0026     		movs	r6, #0
 1233 0078 3DE0     		b	.L80
 1234              	.LVL102:
 1235              	.L81:
 769:Middlewares/Third_Party/FreeRTOS/Source/queue.c **** 
 1236              		.loc 1 769 31 view .LVU382
 833:Middlewares/Third_Party/FreeRTOS/Source/queue.c **** 
 1237              		.loc 1 833 6 view .LVU383
 833:Middlewares/Third_Party/FreeRTOS/Source/queue.c **** 
 1238              		.loc 1 833 23 is_stmt 0 view .LVU384
 1239 007a 2A46     		mov	r2, r5
 1240 007c 3946     		mov	r1, r7
 1241 007e 2046     		mov	r0, r4
 1242 0080 FFF7FEFF 		bl	prvCopyDataToQueue
ARM GAS  /tmp/ccAaDn2P.s 			page 73


 1243              	.LVL103:
 837:Middlewares/Third_Party/FreeRTOS/Source/queue.c **** 					{
 1244              		.loc 1 837 6 is_stmt 1 view .LVU385
 837:Middlewares/Third_Party/FreeRTOS/Source/queue.c **** 					{
 1245              		.loc 1 837 10 is_stmt 0 view .LVU386
 1246 0084 636A     		ldr	r3, [r4, #36]
 837:Middlewares/Third_Party/FreeRTOS/Source/queue.c **** 					{
 1247              		.loc 1 837 8 view .LVU387
 1248 0086 7BB9     		cbnz	r3, .L97
 852:Middlewares/Third_Party/FreeRTOS/Source/queue.c **** 					{
 1249              		.loc 1 852 11 is_stmt 1 view .LVU388
 852:Middlewares/Third_Party/FreeRTOS/Source/queue.c **** 					{
 1250              		.loc 1 852 13 is_stmt 0 view .LVU389
 1251 0088 48B1     		cbz	r0, .L84
 858:Middlewares/Third_Party/FreeRTOS/Source/queue.c **** 					}
 1252              		.loc 1 858 7 is_stmt 1 view .LVU390
 1253 008a 4FF0E023 		mov	r3, #-536813568
 1254 008e 4FF08052 		mov	r2, #268435456
 1255 0092 C3F8042D 		str	r2, [r3, #3332]
 858:Middlewares/Third_Party/FreeRTOS/Source/queue.c **** 					}
 1256              		.loc 1 858 7 view .LVU391
 1257              		.syntax unified
 1258              	@ 858 "Middlewares/Third_Party/FreeRTOS/Source/queue.c" 1
 1259 0096 BFF34F8F 		dsb
 1260              	@ 0 "" 2
 858:Middlewares/Third_Party/FreeRTOS/Source/queue.c **** 					}
 1261              		.loc 1 858 7 view .LVU392
 1262              	@ 858 "Middlewares/Third_Party/FreeRTOS/Source/queue.c" 1
 1263 009a BFF36F8F 		isb
 1264              	@ 0 "" 2
 858:Middlewares/Third_Party/FreeRTOS/Source/queue.c **** 					}
 1265              		.loc 1 858 39 view .LVU393
 1266              	.LVL104:
 1267              		.thumb
 1268              		.syntax unified
 1269              	.L84:
 862:Middlewares/Third_Party/FreeRTOS/Source/queue.c **** 					}
 1270              		.loc 1 862 31 view .LVU394
 867:Middlewares/Third_Party/FreeRTOS/Source/queue.c **** 				return pdPASS;
 1271              		.loc 1 867 5 view .LVU395
 1272 009e FFF7FEFF 		bl	vPortExitCritical
 1273              	.LVL105:
 868:Middlewares/Third_Party/FreeRTOS/Source/queue.c **** 			}
 1274              		.loc 1 868 5 view .LVU396
 868:Middlewares/Third_Party/FreeRTOS/Source/queue.c **** 			}
 1275              		.loc 1 868 12 is_stmt 0 view .LVU397
 1276 00a2 0120     		movs	r0, #1
 1277              	.L71:
 947:Middlewares/Third_Party/FreeRTOS/Source/queue.c **** /*-----------------------------------------------------------*/
 1278              		.loc 1 947 1 view .LVU398
 1279 00a4 05B0     		add	sp, sp, #20
 1280              	.LCFI15:
 1281              		.cfi_remember_state
 1282              		.cfi_def_cfa_offset 20
 1283              		@ sp needed
 1284 00a6 F0BD     		pop	{r4, r5, r6, r7, pc}
 1285              	.LVL106:
ARM GAS  /tmp/ccAaDn2P.s 			page 74


 1286              	.L97:
 1287              	.LCFI16:
 1288              		.cfi_restore_state
 839:Middlewares/Third_Party/FreeRTOS/Source/queue.c **** 						{
 1289              		.loc 1 839 7 is_stmt 1 view .LVU399
 839:Middlewares/Third_Party/FreeRTOS/Source/queue.c **** 						{
 1290              		.loc 1 839 11 is_stmt 0 view .LVU400
 1291 00a8 04F12400 		add	r0, r4, #36
 1292              	.LVL107:
 839:Middlewares/Third_Party/FreeRTOS/Source/queue.c **** 						{
 1293              		.loc 1 839 11 view .LVU401
 1294 00ac FFF7FEFF 		bl	xTaskRemoveFromEventList
 1295              	.LVL108:
 839:Middlewares/Third_Party/FreeRTOS/Source/queue.c **** 						{
 1296              		.loc 1 839 9 view .LVU402
 1297 00b0 0028     		cmp	r0, #0
 1298 00b2 F4D0     		beq	.L84
 845:Middlewares/Third_Party/FreeRTOS/Source/queue.c **** 						}
 1299              		.loc 1 845 8 is_stmt 1 view .LVU403
 1300 00b4 4FF0E023 		mov	r3, #-536813568
 1301 00b8 4FF08052 		mov	r2, #268435456
 1302 00bc C3F8042D 		str	r2, [r3, #3332]
 845:Middlewares/Third_Party/FreeRTOS/Source/queue.c **** 						}
 1303              		.loc 1 845 8 view .LVU404
 1304              		.syntax unified
 1305              	@ 845 "Middlewares/Third_Party/FreeRTOS/Source/queue.c" 1
 1306 00c0 BFF34F8F 		dsb
 1307              	@ 0 "" 2
 845:Middlewares/Third_Party/FreeRTOS/Source/queue.c **** 						}
 1308              		.loc 1 845 8 view .LVU405
 1309              	@ 845 "Middlewares/Third_Party/FreeRTOS/Source/queue.c" 1
 1310 00c4 BFF36F8F 		isb
 1311              	@ 0 "" 2
 845:Middlewares/Third_Party/FreeRTOS/Source/queue.c **** 						}
 1312              		.loc 1 845 40 view .LVU406
 1313              		.thumb
 1314              		.syntax unified
 1315 00c8 E9E7     		b	.L84
 1316              	.L98:
 876:Middlewares/Third_Party/FreeRTOS/Source/queue.c **** 
 1317              		.loc 1 876 6 view .LVU407
 1318 00ca FFF7FEFF 		bl	vPortExitCritical
 1319              	.LVL109:
 880:Middlewares/Third_Party/FreeRTOS/Source/queue.c **** 					return errQUEUE_FULL;
 1320              		.loc 1 880 39 view .LVU408
 881:Middlewares/Third_Party/FreeRTOS/Source/queue.c **** 				}
 1321              		.loc 1 881 6 view .LVU409
 881:Middlewares/Third_Party/FreeRTOS/Source/queue.c **** 				}
 1322              		.loc 1 881 13 is_stmt 0 view .LVU410
 1323 00ce 0020     		movs	r0, #0
 1324 00d0 E8E7     		b	.L71
 1325              	.L99:
 887:Middlewares/Third_Party/FreeRTOS/Source/queue.c **** 					xEntryTimeSet = pdTRUE;
 1326              		.loc 1 887 6 is_stmt 1 view .LVU411
 1327 00d2 02A8     		add	r0, sp, #8
 1328 00d4 FFF7FEFF 		bl	vTaskInternalSetTimeOutState
 1329              	.LVL110:
ARM GAS  /tmp/ccAaDn2P.s 			page 75


 888:Middlewares/Third_Party/FreeRTOS/Source/queue.c **** 				}
 1330              		.loc 1 888 6 view .LVU412
 888:Middlewares/Third_Party/FreeRTOS/Source/queue.c **** 				}
 1331              		.loc 1 888 20 is_stmt 0 view .LVU413
 1332 00d8 0126     		movs	r6, #1
 1333 00da 19E0     		b	.L87
 1334              	.LVL111:
 1335              	.L100:
 903:Middlewares/Third_Party/FreeRTOS/Source/queue.c **** 
 1336              		.loc 1 903 3 is_stmt 1 discriminator 1 view .LVU414
 1337 00dc 0023     		movs	r3, #0
 1338 00de 84F84430 		strb	r3, [r4, #68]
 1339 00e2 21E0     		b	.L88
 1340              	.L101:
 903:Middlewares/Third_Party/FreeRTOS/Source/queue.c **** 
 1341              		.loc 1 903 3 discriminator 4 view .LVU415
 1342 00e4 0023     		movs	r3, #0
 1343 00e6 84F84530 		strb	r3, [r4, #69]
 1344 00ea 23E0     		b	.L89
 1345              	.L91:
 933:Middlewares/Third_Party/FreeRTOS/Source/queue.c **** 				( void ) xTaskResumeAll();
 1346              		.loc 1 933 5 view .LVU416
 1347 00ec 2046     		mov	r0, r4
 1348 00ee FFF7FEFF 		bl	prvUnlockQueue
 1349              	.LVL112:
 934:Middlewares/Third_Party/FreeRTOS/Source/queue.c **** 			}
 1350              		.loc 1 934 5 view .LVU417
 934:Middlewares/Third_Party/FreeRTOS/Source/queue.c **** 			}
 1351              		.loc 1 934 14 is_stmt 0 view .LVU418
 1352 00f2 FFF7FEFF 		bl	xTaskResumeAll
 1353              	.LVL113:
 1354              	.L80:
 751:Middlewares/Third_Party/FreeRTOS/Source/queue.c **** 	}
 1355              		.loc 1 751 104 is_stmt 1 discriminator 8 view .LVU419
 759:Middlewares/Third_Party/FreeRTOS/Source/queue.c **** 	{
 1356              		.loc 1 759 2 discriminator 8 view .LVU420
 761:Middlewares/Third_Party/FreeRTOS/Source/queue.c **** 		{
 1357              		.loc 1 761 3 discriminator 8 view .LVU421
 1358 00f6 FFF7FEFF 		bl	vPortEnterCritical
 1359              	.LVL114:
 767:Middlewares/Third_Party/FreeRTOS/Source/queue.c **** 			{
 1360              		.loc 1 767 4 discriminator 8 view .LVU422
 767:Middlewares/Third_Party/FreeRTOS/Source/queue.c **** 			{
 1361              		.loc 1 767 17 is_stmt 0 discriminator 8 view .LVU423
 1362 00fa A26B     		ldr	r2, [r4, #56]
 767:Middlewares/Third_Party/FreeRTOS/Source/queue.c **** 			{
 1363              		.loc 1 767 46 discriminator 8 view .LVU424
 1364 00fc E36B     		ldr	r3, [r4, #60]
 767:Middlewares/Third_Party/FreeRTOS/Source/queue.c **** 			{
 1365              		.loc 1 767 6 discriminator 8 view .LVU425
 1366 00fe 9A42     		cmp	r2, r3
 1367 0100 BBD3     		bcc	.L81
 767:Middlewares/Third_Party/FreeRTOS/Source/queue.c **** 			{
 1368              		.loc 1 767 59 discriminator 1 view .LVU426
 1369 0102 022D     		cmp	r5, #2
 1370 0104 B9D0     		beq	.L81
 872:Middlewares/Third_Party/FreeRTOS/Source/queue.c **** 				{
ARM GAS  /tmp/ccAaDn2P.s 			page 76


 1371              		.loc 1 872 5 is_stmt 1 view .LVU427
 872:Middlewares/Third_Party/FreeRTOS/Source/queue.c **** 				{
 1372              		.loc 1 872 22 is_stmt 0 view .LVU428
 1373 0106 019B     		ldr	r3, [sp, #4]
 872:Middlewares/Third_Party/FreeRTOS/Source/queue.c **** 				{
 1374              		.loc 1 872 7 view .LVU429
 1375 0108 002B     		cmp	r3, #0
 1376 010a DED0     		beq	.L98
 883:Middlewares/Third_Party/FreeRTOS/Source/queue.c **** 				{
 1377              		.loc 1 883 10 is_stmt 1 view .LVU430
 883:Middlewares/Third_Party/FreeRTOS/Source/queue.c **** 				{
 1378              		.loc 1 883 12 is_stmt 0 view .LVU431
 1379 010c 002E     		cmp	r6, #0
 1380 010e E0D0     		beq	.L99
 1381              	.LVL115:
 1382              	.L87:
 893:Middlewares/Third_Party/FreeRTOS/Source/queue.c **** 				}
 1383              		.loc 1 893 30 is_stmt 1 view .LVU432
 897:Middlewares/Third_Party/FreeRTOS/Source/queue.c **** 
 1384              		.loc 1 897 3 view .LVU433
 1385 0110 FFF7FEFF 		bl	vPortExitCritical
 1386              	.LVL116:
 902:Middlewares/Third_Party/FreeRTOS/Source/queue.c **** 		prvLockQueue( pxQueue );
 1387              		.loc 1 902 3 view .LVU434
 1388 0114 FFF7FEFF 		bl	vTaskSuspendAll
 1389              	.LVL117:
 903:Middlewares/Third_Party/FreeRTOS/Source/queue.c **** 
 1390              		.loc 1 903 3 view .LVU435
 1391 0118 FFF7FEFF 		bl	vPortEnterCritical
 1392              	.LVL118:
 903:Middlewares/Third_Party/FreeRTOS/Source/queue.c **** 
 1393              		.loc 1 903 3 view .LVU436
 1394 011c 94F84420 		ldrb	r2, [r4, #68]	@ zero_extendqisi2
 1395 0120 52B2     		sxtb	r2, r2
 1396 0122 B2F1FF3F 		cmp	r2, #-1
 1397 0126 D9D0     		beq	.L100
 1398              	.L88:
 903:Middlewares/Third_Party/FreeRTOS/Source/queue.c **** 
 1399              		.loc 1 903 3 discriminator 3 view .LVU437
 1400 0128 94F84520 		ldrb	r2, [r4, #69]	@ zero_extendqisi2
 1401 012c 52B2     		sxtb	r2, r2
 1402 012e B2F1FF3F 		cmp	r2, #-1
 1403 0132 D7D0     		beq	.L101
 1404              	.L89:
 903:Middlewares/Third_Party/FreeRTOS/Source/queue.c **** 
 1405              		.loc 1 903 3 discriminator 6 view .LVU438
 1406 0134 FFF7FEFF 		bl	vPortExitCritical
 1407              	.LVL119:
 906:Middlewares/Third_Party/FreeRTOS/Source/queue.c **** 		{
 1408              		.loc 1 906 3 discriminator 6 view .LVU439
 906:Middlewares/Third_Party/FreeRTOS/Source/queue.c **** 		{
 1409              		.loc 1 906 7 is_stmt 0 discriminator 6 view .LVU440
 1410 0138 01A9     		add	r1, sp, #4
 1411 013a 02A8     		add	r0, sp, #8
 1412 013c FFF7FEFF 		bl	xTaskCheckForTimeOut
 1413              	.LVL120:
 906:Middlewares/Third_Party/FreeRTOS/Source/queue.c **** 		{
ARM GAS  /tmp/ccAaDn2P.s 			page 77


 1414              		.loc 1 906 5 discriminator 6 view .LVU441
 1415 0140 D8B9     		cbnz	r0, .L90
 908:Middlewares/Third_Party/FreeRTOS/Source/queue.c **** 			{
 1416              		.loc 1 908 4 is_stmt 1 view .LVU442
 908:Middlewares/Third_Party/FreeRTOS/Source/queue.c **** 			{
 1417              		.loc 1 908 8 is_stmt 0 view .LVU443
 1418 0142 2046     		mov	r0, r4
 1419 0144 FFF7FEFF 		bl	prvIsQueueFull
 1420              	.LVL121:
 908:Middlewares/Third_Party/FreeRTOS/Source/queue.c **** 			{
 1421              		.loc 1 908 6 view .LVU444
 1422 0148 0028     		cmp	r0, #0
 1423 014a CFD0     		beq	.L91
 910:Middlewares/Third_Party/FreeRTOS/Source/queue.c **** 				vTaskPlaceOnEventList( &( pxQueue->xTasksWaitingToSend ), xTicksToWait );
 1424              		.loc 1 910 43 is_stmt 1 view .LVU445
 911:Middlewares/Third_Party/FreeRTOS/Source/queue.c **** 
 1425              		.loc 1 911 5 view .LVU446
 1426 014c 0199     		ldr	r1, [sp, #4]
 1427 014e 04F11000 		add	r0, r4, #16
 1428 0152 FFF7FEFF 		bl	vTaskPlaceOnEventList
 1429              	.LVL122:
 918:Middlewares/Third_Party/FreeRTOS/Source/queue.c **** 
 1430              		.loc 1 918 5 view .LVU447
 1431 0156 2046     		mov	r0, r4
 1432 0158 FFF7FEFF 		bl	prvUnlockQueue
 1433              	.LVL123:
 925:Middlewares/Third_Party/FreeRTOS/Source/queue.c **** 				{
 1434              		.loc 1 925 5 view .LVU448
 925:Middlewares/Third_Party/FreeRTOS/Source/queue.c **** 				{
 1435              		.loc 1 925 9 is_stmt 0 view .LVU449
 1436 015c FFF7FEFF 		bl	xTaskResumeAll
 1437              	.LVL124:
 925:Middlewares/Third_Party/FreeRTOS/Source/queue.c **** 				{
 1438              		.loc 1 925 7 view .LVU450
 1439 0160 0028     		cmp	r0, #0
 1440 0162 C8D1     		bne	.L80
 927:Middlewares/Third_Party/FreeRTOS/Source/queue.c **** 				}
 1441              		.loc 1 927 6 is_stmt 1 view .LVU451
 1442 0164 4FF0E023 		mov	r3, #-536813568
 1443 0168 4FF08052 		mov	r2, #268435456
 1444 016c C3F8042D 		str	r2, [r3, #3332]
 927:Middlewares/Third_Party/FreeRTOS/Source/queue.c **** 				}
 1445              		.loc 1 927 6 view .LVU452
 1446              		.syntax unified
 1447              	@ 927 "Middlewares/Third_Party/FreeRTOS/Source/queue.c" 1
 1448 0170 BFF34F8F 		dsb
 1449              	@ 0 "" 2
 927:Middlewares/Third_Party/FreeRTOS/Source/queue.c **** 				}
 1450              		.loc 1 927 6 view .LVU453
 1451              	@ 927 "Middlewares/Third_Party/FreeRTOS/Source/queue.c" 1
 1452 0174 BFF36F8F 		isb
 1453              	@ 0 "" 2
 1454              		.thumb
 1455              		.syntax unified
 1456 0178 BDE7     		b	.L80
 1457              	.L90:
 940:Middlewares/Third_Party/FreeRTOS/Source/queue.c **** 			( void ) xTaskResumeAll();
ARM GAS  /tmp/ccAaDn2P.s 			page 78


 1458              		.loc 1 940 4 view .LVU454
 1459 017a 2046     		mov	r0, r4
 1460 017c FFF7FEFF 		bl	prvUnlockQueue
 1461              	.LVL125:
 941:Middlewares/Third_Party/FreeRTOS/Source/queue.c **** 
 1462              		.loc 1 941 4 view .LVU455
 941:Middlewares/Third_Party/FreeRTOS/Source/queue.c **** 
 1463              		.loc 1 941 13 is_stmt 0 view .LVU456
 1464 0180 FFF7FEFF 		bl	xTaskResumeAll
 1465              	.LVL126:
 943:Middlewares/Third_Party/FreeRTOS/Source/queue.c **** 			return errQUEUE_FULL;
 1466              		.loc 1 943 37 is_stmt 1 view .LVU457
 944:Middlewares/Third_Party/FreeRTOS/Source/queue.c **** 		}
 1467              		.loc 1 944 4 view .LVU458
 944:Middlewares/Third_Party/FreeRTOS/Source/queue.c **** 		}
 1468              		.loc 1 944 11 is_stmt 0 view .LVU459
 1469 0184 0020     		movs	r0, #0
 1470 0186 8DE7     		b	.L71
 1471              		.cfi_endproc
 1472              	.LFE12:
 1474              		.section	.text.prvInitialiseMutex,"ax",%progbits
 1475              		.align	1
 1476              		.syntax unified
 1477              		.thumb
 1478              		.thumb_func
 1480              	prvInitialiseMutex:
 1481              	.LVL127:
 1482              	.LFB9:
 467:Middlewares/Third_Party/FreeRTOS/Source/queue.c **** 		if( pxNewQueue != NULL )
 1483              		.loc 1 467 2 is_stmt 1 view -0
 1484              		.cfi_startproc
 1485              		@ args = 0, pretend = 0, frame = 0
 1486              		@ frame_needed = 0, uses_anonymous_args = 0
 468:Middlewares/Third_Party/FreeRTOS/Source/queue.c **** 		{
 1487              		.loc 1 468 3 view .LVU461
 468:Middlewares/Third_Party/FreeRTOS/Source/queue.c **** 		{
 1488              		.loc 1 468 5 is_stmt 0 view .LVU462
 1489 0000 48B1     		cbz	r0, .L105
 467:Middlewares/Third_Party/FreeRTOS/Source/queue.c **** 		if( pxNewQueue != NULL )
 1490              		.loc 1 467 2 view .LVU463
 1491 0002 08B5     		push	{r3, lr}
 1492              	.LCFI17:
 1493              		.cfi_def_cfa_offset 8
 1494              		.cfi_offset 3, -8
 1495              		.cfi_offset 14, -4
 474:Middlewares/Third_Party/FreeRTOS/Source/queue.c **** 			pxNewQueue->uxQueueType = queueQUEUE_IS_MUTEX;
 1496              		.loc 1 474 4 is_stmt 1 view .LVU464
 474:Middlewares/Third_Party/FreeRTOS/Source/queue.c **** 			pxNewQueue->uxQueueType = queueQUEUE_IS_MUTEX;
 1497              		.loc 1 474 42 is_stmt 0 view .LVU465
 1498 0004 0021     		movs	r1, #0
 1499 0006 8160     		str	r1, [r0, #8]
 475:Middlewares/Third_Party/FreeRTOS/Source/queue.c **** 
 1500              		.loc 1 475 4 is_stmt 1 view .LVU466
 475:Middlewares/Third_Party/FreeRTOS/Source/queue.c **** 
 1501              		.loc 1 475 28 is_stmt 0 view .LVU467
 1502 0008 0160     		str	r1, [r0]
 478:Middlewares/Third_Party/FreeRTOS/Source/queue.c **** 
ARM GAS  /tmp/ccAaDn2P.s 			page 79


 1503              		.loc 1 478 4 is_stmt 1 view .LVU468
 478:Middlewares/Third_Party/FreeRTOS/Source/queue.c **** 
 1504              		.loc 1 478 50 is_stmt 0 view .LVU469
 1505 000a C160     		str	r1, [r0, #12]
 480:Middlewares/Third_Party/FreeRTOS/Source/queue.c **** 
 1506              		.loc 1 480 35 is_stmt 1 view .LVU470
 483:Middlewares/Third_Party/FreeRTOS/Source/queue.c **** 		}
 1507              		.loc 1 483 4 view .LVU471
 483:Middlewares/Third_Party/FreeRTOS/Source/queue.c **** 		}
 1508              		.loc 1 483 13 is_stmt 0 view .LVU472
 1509 000c 0B46     		mov	r3, r1
 1510 000e 0A46     		mov	r2, r1
 1511 0010 FFF7FEFF 		bl	xQueueGenericSend
 1512              	.LVL128:
 487:Middlewares/Third_Party/FreeRTOS/Source/queue.c **** 		}
 1513              		.loc 1 487 30 is_stmt 1 view .LVU473
 489:Middlewares/Third_Party/FreeRTOS/Source/queue.c **** 
 1514              		.loc 1 489 2 is_stmt 0 view .LVU474
 1515 0014 08BD     		pop	{r3, pc}
 1516              	.LVL129:
 1517              	.L105:
 1518              	.LCFI18:
 1519              		.cfi_def_cfa_offset 0
 1520              		.cfi_restore 3
 1521              		.cfi_restore 14
 489:Middlewares/Third_Party/FreeRTOS/Source/queue.c **** 
 1522              		.loc 1 489 2 view .LVU475
 1523 0016 7047     		bx	lr
 1524              		.cfi_endproc
 1525              	.LFE9:
 1527              		.section	.text.xQueueCreateMutex,"ax",%progbits
 1528              		.align	1
 1529              		.global	xQueueCreateMutex
 1530              		.syntax unified
 1531              		.thumb
 1532              		.thumb_func
 1534              	xQueueCreateMutex:
 1535              	.LVL130:
 1536              	.LFB10:
 497:Middlewares/Third_Party/FreeRTOS/Source/queue.c **** 	QueueHandle_t xNewQueue;
 1537              		.loc 1 497 2 is_stmt 1 view -0
 1538              		.cfi_startproc
 1539              		@ args = 0, pretend = 0, frame = 0
 1540              		@ frame_needed = 0, uses_anonymous_args = 0
 497:Middlewares/Third_Party/FreeRTOS/Source/queue.c **** 	QueueHandle_t xNewQueue;
 1541              		.loc 1 497 2 is_stmt 0 view .LVU477
 1542 0000 10B5     		push	{r4, lr}
 1543              	.LCFI19:
 1544              		.cfi_def_cfa_offset 8
 1545              		.cfi_offset 4, -8
 1546              		.cfi_offset 14, -4
 1547 0002 0246     		mov	r2, r0
 498:Middlewares/Third_Party/FreeRTOS/Source/queue.c **** 	const UBaseType_t uxMutexLength = ( UBaseType_t ) 1, uxMutexSize = ( UBaseType_t ) 0;
 1548              		.loc 1 498 2 is_stmt 1 view .LVU478
 499:Middlewares/Third_Party/FreeRTOS/Source/queue.c **** 
 1549              		.loc 1 499 2 view .LVU479
 1550              	.LVL131:
ARM GAS  /tmp/ccAaDn2P.s 			page 80


 501:Middlewares/Third_Party/FreeRTOS/Source/queue.c **** 		prvInitialiseMutex( ( Queue_t * ) xNewQueue );
 1551              		.loc 1 501 3 view .LVU480
 501:Middlewares/Third_Party/FreeRTOS/Source/queue.c **** 		prvInitialiseMutex( ( Queue_t * ) xNewQueue );
 1552              		.loc 1 501 15 is_stmt 0 view .LVU481
 1553 0004 0021     		movs	r1, #0
 1554 0006 0120     		movs	r0, #1
 1555              	.LVL132:
 501:Middlewares/Third_Party/FreeRTOS/Source/queue.c **** 		prvInitialiseMutex( ( Queue_t * ) xNewQueue );
 1556              		.loc 1 501 15 view .LVU482
 1557 0008 FFF7FEFF 		bl	xQueueGenericCreate
 1558              	.LVL133:
 1559 000c 0446     		mov	r4, r0
 1560              	.LVL134:
 502:Middlewares/Third_Party/FreeRTOS/Source/queue.c **** 
 1561              		.loc 1 502 3 is_stmt 1 view .LVU483
 1562 000e FFF7FEFF 		bl	prvInitialiseMutex
 1563              	.LVL135:
 504:Middlewares/Third_Party/FreeRTOS/Source/queue.c **** 	}
 1564              		.loc 1 504 3 view .LVU484
 505:Middlewares/Third_Party/FreeRTOS/Source/queue.c **** 
 1565              		.loc 1 505 2 is_stmt 0 view .LVU485
 1566 0012 2046     		mov	r0, r4
 1567 0014 10BD     		pop	{r4, pc}
 505:Middlewares/Third_Party/FreeRTOS/Source/queue.c **** 
 1568              		.loc 1 505 2 view .LVU486
 1569              		.cfi_endproc
 1570              	.LFE10:
 1572              		.section	.text.xQueueCreateMutexStatic,"ax",%progbits
 1573              		.align	1
 1574              		.global	xQueueCreateMutexStatic
 1575              		.syntax unified
 1576              		.thumb
 1577              		.thumb_func
 1579              	xQueueCreateMutexStatic:
 1580              	.LVL136:
 1581              	.LFB11:
 513:Middlewares/Third_Party/FreeRTOS/Source/queue.c **** 	QueueHandle_t xNewQueue;
 1582              		.loc 1 513 2 is_stmt 1 view -0
 1583              		.cfi_startproc
 1584              		@ args = 0, pretend = 0, frame = 0
 1585              		@ frame_needed = 0, uses_anonymous_args = 0
 513:Middlewares/Third_Party/FreeRTOS/Source/queue.c **** 	QueueHandle_t xNewQueue;
 1586              		.loc 1 513 2 is_stmt 0 view .LVU488
 1587 0000 10B5     		push	{r4, lr}
 1588              	.LCFI20:
 1589              		.cfi_def_cfa_offset 8
 1590              		.cfi_offset 4, -8
 1591              		.cfi_offset 14, -4
 1592 0002 82B0     		sub	sp, sp, #8
 1593              	.LCFI21:
 1594              		.cfi_def_cfa_offset 16
 1595 0004 0B46     		mov	r3, r1
 514:Middlewares/Third_Party/FreeRTOS/Source/queue.c **** 	const UBaseType_t uxMutexLength = ( UBaseType_t ) 1, uxMutexSize = ( UBaseType_t ) 0;
 1596              		.loc 1 514 2 is_stmt 1 view .LVU489
 515:Middlewares/Third_Party/FreeRTOS/Source/queue.c **** 
 1597              		.loc 1 515 2 view .LVU490
 1598              	.LVL137:
ARM GAS  /tmp/ccAaDn2P.s 			page 81


 519:Middlewares/Third_Party/FreeRTOS/Source/queue.c **** 
 1599              		.loc 1 519 3 view .LVU491
 521:Middlewares/Third_Party/FreeRTOS/Source/queue.c **** 		prvInitialiseMutex( ( Queue_t * ) xNewQueue );
 1600              		.loc 1 521 3 view .LVU492
 521:Middlewares/Third_Party/FreeRTOS/Source/queue.c **** 		prvInitialiseMutex( ( Queue_t * ) xNewQueue );
 1601              		.loc 1 521 15 is_stmt 0 view .LVU493
 1602 0006 0090     		str	r0, [sp]
 1603 0008 0022     		movs	r2, #0
 1604 000a 1146     		mov	r1, r2
 1605              	.LVL138:
 521:Middlewares/Third_Party/FreeRTOS/Source/queue.c **** 		prvInitialiseMutex( ( Queue_t * ) xNewQueue );
 1606              		.loc 1 521 15 view .LVU494
 1607 000c 0120     		movs	r0, #1
 1608              	.LVL139:
 521:Middlewares/Third_Party/FreeRTOS/Source/queue.c **** 		prvInitialiseMutex( ( Queue_t * ) xNewQueue );
 1609              		.loc 1 521 15 view .LVU495
 1610 000e FFF7FEFF 		bl	xQueueGenericCreateStatic
 1611              	.LVL140:
 521:Middlewares/Third_Party/FreeRTOS/Source/queue.c **** 		prvInitialiseMutex( ( Queue_t * ) xNewQueue );
 1612              		.loc 1 521 15 view .LVU496
 1613 0012 0446     		mov	r4, r0
 1614              	.LVL141:
 522:Middlewares/Third_Party/FreeRTOS/Source/queue.c **** 
 1615              		.loc 1 522 3 is_stmt 1 view .LVU497
 1616 0014 FFF7FEFF 		bl	prvInitialiseMutex
 1617              	.LVL142:
 524:Middlewares/Third_Party/FreeRTOS/Source/queue.c **** 	}
 1618              		.loc 1 524 3 view .LVU498
 525:Middlewares/Third_Party/FreeRTOS/Source/queue.c **** 
 1619              		.loc 1 525 2 is_stmt 0 view .LVU499
 1620 0018 2046     		mov	r0, r4
 1621 001a 02B0     		add	sp, sp, #8
 1622              	.LCFI22:
 1623              		.cfi_def_cfa_offset 8
 1624              		@ sp needed
 1625 001c 10BD     		pop	{r4, pc}
 525:Middlewares/Third_Party/FreeRTOS/Source/queue.c **** 
 1626              		.loc 1 525 2 view .LVU500
 1627              		.cfi_endproc
 1628              	.LFE11:
 1630              		.section	.text.xQueueGenericSendFromISR,"ax",%progbits
 1631              		.align	1
 1632              		.global	xQueueGenericSendFromISR
 1633              		.syntax unified
 1634              		.thumb
 1635              		.thumb_func
 1637              	xQueueGenericSendFromISR:
 1638              	.LVL143:
 1639              	.LFB13:
 951:Middlewares/Third_Party/FreeRTOS/Source/queue.c **** BaseType_t xReturn;
 1640              		.loc 1 951 1 is_stmt 1 view -0
 1641              		.cfi_startproc
 1642              		@ args = 0, pretend = 0, frame = 0
 1643              		@ frame_needed = 0, uses_anonymous_args = 0
 951:Middlewares/Third_Party/FreeRTOS/Source/queue.c **** BaseType_t xReturn;
 1644              		.loc 1 951 1 is_stmt 0 view .LVU502
 1645 0000 2DE9F843 		push	{r3, r4, r5, r6, r7, r8, r9, lr}
ARM GAS  /tmp/ccAaDn2P.s 			page 82


 1646              	.LCFI23:
 1647              		.cfi_def_cfa_offset 32
 1648              		.cfi_offset 3, -32
 1649              		.cfi_offset 4, -28
 1650              		.cfi_offset 5, -24
 1651              		.cfi_offset 6, -20
 1652              		.cfi_offset 7, -16
 1653              		.cfi_offset 8, -12
 1654              		.cfi_offset 9, -8
 1655              		.cfi_offset 14, -4
 952:Middlewares/Third_Party/FreeRTOS/Source/queue.c **** UBaseType_t uxSavedInterruptStatus;
 1656              		.loc 1 952 1 is_stmt 1 view .LVU503
 953:Middlewares/Third_Party/FreeRTOS/Source/queue.c **** Queue_t * const pxQueue = xQueue;
 1657              		.loc 1 953 1 view .LVU504
 954:Middlewares/Third_Party/FreeRTOS/Source/queue.c **** 
 1658              		.loc 1 954 1 view .LVU505
 1659              	.LVL144:
 956:Middlewares/Third_Party/FreeRTOS/Source/queue.c **** 	configASSERT( !( ( pvItemToQueue == NULL ) && ( pxQueue->uxItemSize != ( UBaseType_t ) 0U ) ) );
 1660              		.loc 1 956 2 view .LVU506
 1661 0004 90B1     		cbz	r0, .L127
 1662 0006 0F46     		mov	r7, r1
 1663 0008 1646     		mov	r6, r2
 1664 000a 1C46     		mov	r4, r3
 1665 000c 0546     		mov	r5, r0
 956:Middlewares/Third_Party/FreeRTOS/Source/queue.c **** 	configASSERT( !( ( pvItemToQueue == NULL ) && ( pxQueue->uxItemSize != ( UBaseType_t ) 0U ) ) );
 1666              		.loc 1 956 25 discriminator 2 view .LVU507
 957:Middlewares/Third_Party/FreeRTOS/Source/queue.c **** 	configASSERT( !( ( xCopyPosition == queueOVERWRITE ) && ( pxQueue->uxLength != 1 ) ) );
 1667              		.loc 1 957 2 discriminator 2 view .LVU508
 1668 000e B1B1     		cbz	r1, .L128
 1669              	.LVL145:
 1670              	.L115:
 957:Middlewares/Third_Party/FreeRTOS/Source/queue.c **** 	configASSERT( !( ( xCopyPosition == queueOVERWRITE ) && ( pxQueue->uxLength != 1 ) ) );
 1671              		.loc 1 957 97 discriminator 8 view .LVU509
 958:Middlewares/Third_Party/FreeRTOS/Source/queue.c **** 
 1672              		.loc 1 958 2 discriminator 8 view .LVU510
 1673 0010 022C     		cmp	r4, #2
 1674 0012 20D1     		bne	.L117
 958:Middlewares/Third_Party/FreeRTOS/Source/queue.c **** 
 1675              		.loc 1 958 2 is_stmt 0 discriminator 2 view .LVU511
 1676 0014 EB6B     		ldr	r3, [r5, #60]
 1677 0016 012B     		cmp	r3, #1
 1678 0018 1DD0     		beq	.L117
 958:Middlewares/Third_Party/FreeRTOS/Source/queue.c **** 
 1679              		.loc 1 958 2 is_stmt 1 view .LVU512
 1680              	.LBB130:
 1681              	.LBI130:
 193:Middlewares/Third_Party/FreeRTOS/Source/portable/GCC/ARM_CM3/portmacro.h **** {
 1682              		.loc 2 193 30 view .LVU513
 1683              	.LBB131:
 195:Middlewares/Third_Party/FreeRTOS/Source/portable/GCC/ARM_CM3/portmacro.h **** 
 1684              		.loc 2 195 1 view .LVU514
 1685              		.loc 2 197 2 view .LVU515
 1686              		.syntax unified
 1687              	@ 197 "Middlewares/Third_Party/FreeRTOS/Source/portable/GCC/ARM_CM3/portmacro.h" 1
 1688 001a 4FF05003 			mov r3, #80												
 1689 001e 83F31188 		msr basepri, r3											
 1690 0022 BFF36F8F 		isb														
ARM GAS  /tmp/ccAaDn2P.s 			page 83


 1691 0026 BFF34F8F 		dsb														
 1692              	
 1693              	@ 0 "" 2
 1694              	.LVL146:
 1695              		.thumb
 1696              		.syntax unified
 1697              	.L118:
 1698              		.loc 2 197 2 is_stmt 0 view .LVU516
 1699              	.LBE131:
 1700              	.LBE130:
 958:Middlewares/Third_Party/FreeRTOS/Source/queue.c **** 
 1701              		.loc 1 958 2 is_stmt 1 discriminator 3 view .LVU517
 958:Middlewares/Third_Party/FreeRTOS/Source/queue.c **** 
 1702              		.loc 1 958 2 discriminator 3 view .LVU518
 958:Middlewares/Third_Party/FreeRTOS/Source/queue.c **** 
 1703              		.loc 1 958 2 discriminator 3 view .LVU519
 1704 002a FEE7     		b	.L118
 1705              	.LVL147:
 1706              	.L127:
 956:Middlewares/Third_Party/FreeRTOS/Source/queue.c **** 	configASSERT( !( ( pvItemToQueue == NULL ) && ( pxQueue->uxItemSize != ( UBaseType_t ) 0U ) ) );
 1707              		.loc 1 956 2 view .LVU520
 1708              	.LBB132:
 1709              	.LBI132:
 193:Middlewares/Third_Party/FreeRTOS/Source/portable/GCC/ARM_CM3/portmacro.h **** {
 1710              		.loc 2 193 30 view .LVU521
 1711              	.LBB133:
 195:Middlewares/Third_Party/FreeRTOS/Source/portable/GCC/ARM_CM3/portmacro.h **** 
 1712              		.loc 2 195 1 view .LVU522
 1713              		.loc 2 197 2 view .LVU523
 1714              		.syntax unified
 1715              	@ 197 "Middlewares/Third_Party/FreeRTOS/Source/portable/GCC/ARM_CM3/portmacro.h" 1
 1716 002c 4FF05003 			mov r3, #80												
 1717 0030 83F31188 		msr basepri, r3											
 1718 0034 BFF36F8F 		isb														
 1719 0038 BFF34F8F 		dsb														
 1720              	
 1721              	@ 0 "" 2
 1722              	.LVL148:
 1723              		.thumb
 1724              		.syntax unified
 1725              	.L114:
 1726              		.loc 2 197 2 is_stmt 0 view .LVU524
 1727              	.LBE133:
 1728              	.LBE132:
 956:Middlewares/Third_Party/FreeRTOS/Source/queue.c **** 	configASSERT( !( ( pvItemToQueue == NULL ) && ( pxQueue->uxItemSize != ( UBaseType_t ) 0U ) ) );
 1729              		.loc 1 956 2 is_stmt 1 discriminator 1 view .LVU525
 956:Middlewares/Third_Party/FreeRTOS/Source/queue.c **** 	configASSERT( !( ( pvItemToQueue == NULL ) && ( pxQueue->uxItemSize != ( UBaseType_t ) 0U ) ) );
 1730              		.loc 1 956 2 discriminator 1 view .LVU526
 956:Middlewares/Third_Party/FreeRTOS/Source/queue.c **** 	configASSERT( !( ( pvItemToQueue == NULL ) && ( pxQueue->uxItemSize != ( UBaseType_t ) 0U ) ) );
 1731              		.loc 1 956 2 discriminator 1 view .LVU527
 1732 003c FEE7     		b	.L114
 1733              	.LVL149:
 1734              	.L128:
 957:Middlewares/Third_Party/FreeRTOS/Source/queue.c **** 	configASSERT( !( ( xCopyPosition == queueOVERWRITE ) && ( pxQueue->uxLength != 1 ) ) );
 1735              		.loc 1 957 2 is_stmt 0 discriminator 2 view .LVU528
 1736 003e 036C     		ldr	r3, [r0, #64]
 1737              	.LVL150:
ARM GAS  /tmp/ccAaDn2P.s 			page 84


 957:Middlewares/Third_Party/FreeRTOS/Source/queue.c **** 	configASSERT( !( ( xCopyPosition == queueOVERWRITE ) && ( pxQueue->uxLength != 1 ) ) );
 1738              		.loc 1 957 2 discriminator 2 view .LVU529
 1739 0040 002B     		cmp	r3, #0
 1740 0042 E5D0     		beq	.L115
 957:Middlewares/Third_Party/FreeRTOS/Source/queue.c **** 	configASSERT( !( ( xCopyPosition == queueOVERWRITE ) && ( pxQueue->uxLength != 1 ) ) );
 1741              		.loc 1 957 2 is_stmt 1 view .LVU530
 1742              	.LBB134:
 1743              	.LBI134:
 193:Middlewares/Third_Party/FreeRTOS/Source/portable/GCC/ARM_CM3/portmacro.h **** {
 1744              		.loc 2 193 30 view .LVU531
 1745              	.LBB135:
 195:Middlewares/Third_Party/FreeRTOS/Source/portable/GCC/ARM_CM3/portmacro.h **** 
 1746              		.loc 2 195 1 view .LVU532
 1747              		.loc 2 197 2 view .LVU533
 1748              		.syntax unified
 1749              	@ 197 "Middlewares/Third_Party/FreeRTOS/Source/portable/GCC/ARM_CM3/portmacro.h" 1
 1750 0044 4FF05003 			mov r3, #80												
 1751 0048 83F31188 		msr basepri, r3											
 1752 004c BFF36F8F 		isb														
 1753 0050 BFF34F8F 		dsb														
 1754              	
 1755              	@ 0 "" 2
 1756              	.LVL151:
 1757              		.thumb
 1758              		.syntax unified
 1759              	.L116:
 1760              		.loc 2 197 2 is_stmt 0 view .LVU534
 1761              	.LBE135:
 1762              	.LBE134:
 957:Middlewares/Third_Party/FreeRTOS/Source/queue.c **** 	configASSERT( !( ( xCopyPosition == queueOVERWRITE ) && ( pxQueue->uxLength != 1 ) ) );
 1763              		.loc 1 957 2 is_stmt 1 discriminator 2 view .LVU535
 957:Middlewares/Third_Party/FreeRTOS/Source/queue.c **** 	configASSERT( !( ( xCopyPosition == queueOVERWRITE ) && ( pxQueue->uxLength != 1 ) ) );
 1764              		.loc 1 957 2 discriminator 2 view .LVU536
 957:Middlewares/Third_Party/FreeRTOS/Source/queue.c **** 	configASSERT( !( ( xCopyPosition == queueOVERWRITE ) && ( pxQueue->uxLength != 1 ) ) );
 1765              		.loc 1 957 2 discriminator 2 view .LVU537
 1766 0054 FEE7     		b	.L116
 1767              	.L117:
 958:Middlewares/Third_Party/FreeRTOS/Source/queue.c **** 
 1768              		.loc 1 958 88 discriminator 8 view .LVU538
 974:Middlewares/Third_Party/FreeRTOS/Source/queue.c **** 
 1769              		.loc 1 974 2 discriminator 8 view .LVU539
 1770 0056 FFF7FEFF 		bl	vPortValidateInterruptPriority
 1771              	.LVL152:
 981:Middlewares/Third_Party/FreeRTOS/Source/queue.c **** 	{
 1772              		.loc 1 981 2 discriminator 8 view .LVU540
 1773              	.LBB136:
 1774              	.LBI136:
 198:Middlewares/Third_Party/FreeRTOS/Source/portable/GCC/ARM_CM3/portmacro.h **** 	(
 199:Middlewares/Third_Party/FreeRTOS/Source/portable/GCC/ARM_CM3/portmacro.h **** 		"	mov %0, %1												\n" \
 200:Middlewares/Third_Party/FreeRTOS/Source/portable/GCC/ARM_CM3/portmacro.h **** 		"	msr basepri, %0											\n" \
 201:Middlewares/Third_Party/FreeRTOS/Source/portable/GCC/ARM_CM3/portmacro.h **** 		"	isb														\n" \
 202:Middlewares/Third_Party/FreeRTOS/Source/portable/GCC/ARM_CM3/portmacro.h **** 		"	dsb														\n" \
 203:Middlewares/Third_Party/FreeRTOS/Source/portable/GCC/ARM_CM3/portmacro.h **** 		:"=r" (ulNewBASEPRI) : "i" ( configMAX_SYSCALL_INTERRUPT_PRIORITY ) : "memory"
 204:Middlewares/Third_Party/FreeRTOS/Source/portable/GCC/ARM_CM3/portmacro.h **** 	);
 205:Middlewares/Third_Party/FreeRTOS/Source/portable/GCC/ARM_CM3/portmacro.h **** }
 206:Middlewares/Third_Party/FreeRTOS/Source/portable/GCC/ARM_CM3/portmacro.h **** 
 207:Middlewares/Third_Party/FreeRTOS/Source/portable/GCC/ARM_CM3/portmacro.h **** /*-----------------------------------------------------------*/
ARM GAS  /tmp/ccAaDn2P.s 			page 85


 208:Middlewares/Third_Party/FreeRTOS/Source/portable/GCC/ARM_CM3/portmacro.h **** 
 209:Middlewares/Third_Party/FreeRTOS/Source/portable/GCC/ARM_CM3/portmacro.h **** portFORCE_INLINE static uint32_t ulPortRaiseBASEPRI( void )
 1775              		.loc 2 209 34 discriminator 8 view .LVU541
 1776              	.LBB137:
 210:Middlewares/Third_Party/FreeRTOS/Source/portable/GCC/ARM_CM3/portmacro.h **** {
 211:Middlewares/Third_Party/FreeRTOS/Source/portable/GCC/ARM_CM3/portmacro.h **** uint32_t ulOriginalBASEPRI, ulNewBASEPRI;
 1777              		.loc 2 211 1 discriminator 8 view .LVU542
 212:Middlewares/Third_Party/FreeRTOS/Source/portable/GCC/ARM_CM3/portmacro.h **** 
 213:Middlewares/Third_Party/FreeRTOS/Source/portable/GCC/ARM_CM3/portmacro.h **** 	__asm volatile
 1778              		.loc 2 213 2 discriminator 8 view .LVU543
 1779              		.syntax unified
 1780              	@ 213 "Middlewares/Third_Party/FreeRTOS/Source/portable/GCC/ARM_CM3/portmacro.h" 1
 1781 005a EFF31189 			mrs r9, basepri											
 1782 005e 4FF05003 		mov r3, #80												
 1783 0062 83F31188 		msr basepri, r3											
 1784 0066 BFF36F8F 		isb														
 1785 006a BFF34F8F 		dsb														
 1786              	
 1787              	@ 0 "" 2
 1788              	.LVL153:
 214:Middlewares/Third_Party/FreeRTOS/Source/portable/GCC/ARM_CM3/portmacro.h **** 	(
 215:Middlewares/Third_Party/FreeRTOS/Source/portable/GCC/ARM_CM3/portmacro.h **** 		"	mrs %0, basepri											\n" \
 216:Middlewares/Third_Party/FreeRTOS/Source/portable/GCC/ARM_CM3/portmacro.h **** 		"	mov %1, %2												\n" \
 217:Middlewares/Third_Party/FreeRTOS/Source/portable/GCC/ARM_CM3/portmacro.h **** 		"	msr basepri, %1											\n" \
 218:Middlewares/Third_Party/FreeRTOS/Source/portable/GCC/ARM_CM3/portmacro.h **** 		"	isb														\n" \
 219:Middlewares/Third_Party/FreeRTOS/Source/portable/GCC/ARM_CM3/portmacro.h **** 		"	dsb														\n" \
 220:Middlewares/Third_Party/FreeRTOS/Source/portable/GCC/ARM_CM3/portmacro.h **** 		:"=r" (ulOriginalBASEPRI), "=r" (ulNewBASEPRI) : "i" ( configMAX_SYSCALL_INTERRUPT_PRIORITY ) : "
 221:Middlewares/Third_Party/FreeRTOS/Source/portable/GCC/ARM_CM3/portmacro.h **** 	);
 222:Middlewares/Third_Party/FreeRTOS/Source/portable/GCC/ARM_CM3/portmacro.h **** 
 223:Middlewares/Third_Party/FreeRTOS/Source/portable/GCC/ARM_CM3/portmacro.h **** 	/* This return will not be reached but is necessary to prevent compiler
 224:Middlewares/Third_Party/FreeRTOS/Source/portable/GCC/ARM_CM3/portmacro.h **** 	warnings. */
 225:Middlewares/Third_Party/FreeRTOS/Source/portable/GCC/ARM_CM3/portmacro.h **** 	return ulOriginalBASEPRI;
 1789              		.loc 2 225 2 discriminator 8 view .LVU544
 1790              		.loc 2 225 2 is_stmt 0 discriminator 8 view .LVU545
 1791              		.thumb
 1792              		.syntax unified
 1793              	.LBE137:
 1794              	.LBE136:
 983:Middlewares/Third_Party/FreeRTOS/Source/queue.c **** 		{
 1795              		.loc 1 983 3 is_stmt 1 discriminator 8 view .LVU546
 983:Middlewares/Third_Party/FreeRTOS/Source/queue.c **** 		{
 1796              		.loc 1 983 16 is_stmt 0 discriminator 8 view .LVU547
 1797 006e AA6B     		ldr	r2, [r5, #56]
 983:Middlewares/Third_Party/FreeRTOS/Source/queue.c **** 		{
 1798              		.loc 1 983 45 discriminator 8 view .LVU548
 1799 0070 EB6B     		ldr	r3, [r5, #60]
 983:Middlewares/Third_Party/FreeRTOS/Source/queue.c **** 		{
 1800              		.loc 1 983 5 discriminator 8 view .LVU549
 1801 0072 9A42     		cmp	r2, r3
 1802 0074 06D3     		bcc	.L119
 983:Middlewares/Third_Party/FreeRTOS/Source/queue.c **** 		{
 1803              		.loc 1 983 58 discriminator 1 view .LVU550
 1804 0076 022C     		cmp	r4, #2
 1805 0078 04D0     		beq	.L119
1103:Middlewares/Third_Party/FreeRTOS/Source/queue.c **** 		}
 1806              		.loc 1 1103 12 view .LVU551
 1807 007a 0020     		movs	r0, #0
ARM GAS  /tmp/ccAaDn2P.s 			page 86


 1808              	.L120:
 1809              	.LVL154:
1106:Middlewares/Third_Party/FreeRTOS/Source/queue.c **** 
 1810              		.loc 1 1106 2 is_stmt 1 view .LVU552
 1811              	.LBB138:
 1812              	.LBI138:
 226:Middlewares/Third_Party/FreeRTOS/Source/portable/GCC/ARM_CM3/portmacro.h **** }
 227:Middlewares/Third_Party/FreeRTOS/Source/portable/GCC/ARM_CM3/portmacro.h **** /*-----------------------------------------------------------*/
 228:Middlewares/Third_Party/FreeRTOS/Source/portable/GCC/ARM_CM3/portmacro.h **** 
 229:Middlewares/Third_Party/FreeRTOS/Source/portable/GCC/ARM_CM3/portmacro.h **** portFORCE_INLINE static void vPortSetBASEPRI( uint32_t ulNewMaskValue )
 1813              		.loc 2 229 30 view .LVU553
 1814              	.LBB139:
 230:Middlewares/Third_Party/FreeRTOS/Source/portable/GCC/ARM_CM3/portmacro.h **** {
 231:Middlewares/Third_Party/FreeRTOS/Source/portable/GCC/ARM_CM3/portmacro.h **** 	__asm volatile
 1815              		.loc 2 231 2 view .LVU554
 1816              		.syntax unified
 1817              	@ 231 "Middlewares/Third_Party/FreeRTOS/Source/portable/GCC/ARM_CM3/portmacro.h" 1
 1818 007c 89F31188 			msr basepri, r9	
 1819              	@ 0 "" 2
 1820              	.LVL155:
 1821              		.loc 2 231 2 is_stmt 0 view .LVU555
 1822              		.thumb
 1823              		.syntax unified
 1824              	.LBE139:
 1825              	.LBE138:
1108:Middlewares/Third_Party/FreeRTOS/Source/queue.c **** }
 1826              		.loc 1 1108 2 is_stmt 1 view .LVU556
1109:Middlewares/Third_Party/FreeRTOS/Source/queue.c **** /*-----------------------------------------------------------*/
 1827              		.loc 1 1109 1 is_stmt 0 view .LVU557
 1828 0080 BDE8F883 		pop	{r3, r4, r5, r6, r7, r8, r9, pc}
 1829              	.LVL156:
 1830              	.L119:
 1831              	.LBB140:
 985:Middlewares/Third_Party/FreeRTOS/Source/queue.c **** 			const UBaseType_t uxPreviousMessagesWaiting = pxQueue->uxMessagesWaiting;
 1832              		.loc 1 985 4 is_stmt 1 view .LVU558
 985:Middlewares/Third_Party/FreeRTOS/Source/queue.c **** 			const UBaseType_t uxPreviousMessagesWaiting = pxQueue->uxMessagesWaiting;
 1833              		.loc 1 985 17 is_stmt 0 view .LVU559
 1834 0084 95F84580 		ldrb	r8, [r5, #69]	@ zero_extendqisi2
 1835 0088 4FFA88F8 		sxtb	r8, r8
 1836              	.LVL157:
 986:Middlewares/Third_Party/FreeRTOS/Source/queue.c **** 
 1837              		.loc 1 986 4 is_stmt 1 view .LVU560
 986:Middlewares/Third_Party/FreeRTOS/Source/queue.c **** 
 1838              		.loc 1 986 22 is_stmt 0 view .LVU561
 1839 008c AB6B     		ldr	r3, [r5, #56]
 988:Middlewares/Third_Party/FreeRTOS/Source/queue.c **** 
 1840              		.loc 1 988 39 is_stmt 1 view .LVU562
 995:Middlewares/Third_Party/FreeRTOS/Source/queue.c **** 
 1841              		.loc 1 995 4 view .LVU563
 995:Middlewares/Third_Party/FreeRTOS/Source/queue.c **** 
 1842              		.loc 1 995 13 is_stmt 0 view .LVU564
 1843 008e 2246     		mov	r2, r4
 1844 0090 3946     		mov	r1, r7
 1845 0092 2846     		mov	r0, r5
 1846 0094 FFF7FEFF 		bl	prvCopyDataToQueue
 1847              	.LVL158:
 999:Middlewares/Third_Party/FreeRTOS/Source/queue.c **** 			{
ARM GAS  /tmp/ccAaDn2P.s 			page 87


 1848              		.loc 1 999 4 is_stmt 1 view .LVU565
 999:Middlewares/Third_Party/FreeRTOS/Source/queue.c **** 			{
 1849              		.loc 1 999 6 is_stmt 0 view .LVU566
 1850 0098 B8F1FF3F 		cmp	r8, #-1
 1851 009c 06D0     		beq	.L129
1095:Middlewares/Third_Party/FreeRTOS/Source/queue.c **** 			}
 1852              		.loc 1 1095 5 is_stmt 1 view .LVU567
1095:Middlewares/Third_Party/FreeRTOS/Source/queue.c **** 			}
 1853              		.loc 1 1095 45 is_stmt 0 view .LVU568
 1854 009e 08F10103 		add	r3, r8, #1
1095:Middlewares/Third_Party/FreeRTOS/Source/queue.c **** 			}
 1855              		.loc 1 1095 24 view .LVU569
 1856 00a2 5BB2     		sxtb	r3, r3
1095:Middlewares/Third_Party/FreeRTOS/Source/queue.c **** 			}
 1857              		.loc 1 1095 22 view .LVU570
 1858 00a4 85F84530 		strb	r3, [r5, #69]
1098:Middlewares/Third_Party/FreeRTOS/Source/queue.c **** 		}
 1859              		.loc 1 1098 12 view .LVU571
 1860 00a8 0120     		movs	r0, #1
 1861 00aa E7E7     		b	.L120
 1862              	.L129:
1061:Middlewares/Third_Party/FreeRTOS/Source/queue.c **** 					{
 1863              		.loc 1 1061 6 is_stmt 1 view .LVU572
1061:Middlewares/Third_Party/FreeRTOS/Source/queue.c **** 					{
 1864              		.loc 1 1061 10 is_stmt 0 view .LVU573
 1865 00ac 6B6A     		ldr	r3, [r5, #36]
1061:Middlewares/Third_Party/FreeRTOS/Source/queue.c **** 					{
 1866              		.loc 1 1061 8 view .LVU574
 1867 00ae 0BB9     		cbnz	r3, .L130
1098:Middlewares/Third_Party/FreeRTOS/Source/queue.c **** 		}
 1868              		.loc 1 1098 12 view .LVU575
 1869 00b0 0120     		movs	r0, #1
 1870 00b2 E3E7     		b	.L120
 1871              	.L130:
1063:Middlewares/Third_Party/FreeRTOS/Source/queue.c **** 						{
 1872              		.loc 1 1063 7 is_stmt 1 view .LVU576
1063:Middlewares/Third_Party/FreeRTOS/Source/queue.c **** 						{
 1873              		.loc 1 1063 11 is_stmt 0 view .LVU577
 1874 00b4 05F12400 		add	r0, r5, #36
 1875 00b8 FFF7FEFF 		bl	xTaskRemoveFromEventList
 1876              	.LVL159:
1063:Middlewares/Third_Party/FreeRTOS/Source/queue.c **** 						{
 1877              		.loc 1 1063 9 view .LVU578
 1878 00bc 18B1     		cbz	r0, .L124
1067:Middlewares/Third_Party/FreeRTOS/Source/queue.c **** 							{
 1879              		.loc 1 1067 8 is_stmt 1 view .LVU579
1067:Middlewares/Third_Party/FreeRTOS/Source/queue.c **** 							{
 1880              		.loc 1 1067 10 is_stmt 0 view .LVU580
 1881 00be 26B1     		cbz	r6, .L125
1069:Middlewares/Third_Party/FreeRTOS/Source/queue.c **** 							}
 1882              		.loc 1 1069 9 is_stmt 1 view .LVU581
1069:Middlewares/Third_Party/FreeRTOS/Source/queue.c **** 							}
 1883              		.loc 1 1069 36 is_stmt 0 view .LVU582
 1884 00c0 0120     		movs	r0, #1
 1885 00c2 3060     		str	r0, [r6]
 1886 00c4 DAE7     		b	.L120
 1887              	.L124:
ARM GAS  /tmp/ccAaDn2P.s 			page 88


1098:Middlewares/Third_Party/FreeRTOS/Source/queue.c **** 		}
 1888              		.loc 1 1098 12 view .LVU583
 1889 00c6 0120     		movs	r0, #1
 1890 00c8 D8E7     		b	.L120
 1891              	.L125:
 1892 00ca 0120     		movs	r0, #1
 1893 00cc D6E7     		b	.L120
 1894              	.LBE140:
 1895              		.cfi_endproc
 1896              	.LFE13:
 1898              		.section	.text.xQueueGiveFromISR,"ax",%progbits
 1899              		.align	1
 1900              		.global	xQueueGiveFromISR
 1901              		.syntax unified
 1902              		.thumb
 1903              		.thumb_func
 1905              	xQueueGiveFromISR:
 1906              	.LVL160:
 1907              	.LFB14:
1113:Middlewares/Third_Party/FreeRTOS/Source/queue.c **** BaseType_t xReturn;
 1908              		.loc 1 1113 1 is_stmt 1 view -0
 1909              		.cfi_startproc
 1910              		@ args = 0, pretend = 0, frame = 0
 1911              		@ frame_needed = 0, uses_anonymous_args = 0
1114:Middlewares/Third_Party/FreeRTOS/Source/queue.c **** UBaseType_t uxSavedInterruptStatus;
 1912              		.loc 1 1114 1 view .LVU585
1115:Middlewares/Third_Party/FreeRTOS/Source/queue.c **** Queue_t * const pxQueue = xQueue;
 1913              		.loc 1 1115 1 view .LVU586
1116:Middlewares/Third_Party/FreeRTOS/Source/queue.c **** 
 1914              		.loc 1 1116 1 view .LVU587
1124:Middlewares/Third_Party/FreeRTOS/Source/queue.c **** 
 1915              		.loc 1 1124 2 view .LVU588
 1916 0000 68B1     		cbz	r0, .L146
1113:Middlewares/Third_Party/FreeRTOS/Source/queue.c **** BaseType_t xReturn;
 1917              		.loc 1 1113 1 is_stmt 0 discriminator 2 view .LVU589
 1918 0002 70B5     		push	{r4, r5, r6, lr}
 1919              	.LCFI24:
 1920              		.cfi_def_cfa_offset 16
 1921              		.cfi_offset 4, -16
 1922              		.cfi_offset 5, -12
 1923              		.cfi_offset 6, -8
 1924              		.cfi_offset 14, -4
 1925 0004 0C46     		mov	r4, r1
 1926 0006 0546     		mov	r5, r0
1124:Middlewares/Third_Party/FreeRTOS/Source/queue.c **** 
 1927              		.loc 1 1124 25 is_stmt 1 discriminator 2 view .LVU590
1128:Middlewares/Third_Party/FreeRTOS/Source/queue.c **** 
 1928              		.loc 1 1128 2 discriminator 2 view .LVU591
 1929 0008 036C     		ldr	r3, [r0, #64]
 1930 000a 8BB1     		cbz	r3, .L134
1128:Middlewares/Third_Party/FreeRTOS/Source/queue.c **** 
 1931              		.loc 1 1128 2 view .LVU592
 1932              	.LBB141:
 1933              	.LBI141:
 193:Middlewares/Third_Party/FreeRTOS/Source/portable/GCC/ARM_CM3/portmacro.h **** {
 1934              		.loc 2 193 30 view .LVU593
 1935              	.LBB142:
ARM GAS  /tmp/ccAaDn2P.s 			page 89


 195:Middlewares/Third_Party/FreeRTOS/Source/portable/GCC/ARM_CM3/portmacro.h **** 
 1936              		.loc 2 195 1 view .LVU594
 197:Middlewares/Third_Party/FreeRTOS/Source/portable/GCC/ARM_CM3/portmacro.h **** 	(
 1937              		.loc 2 197 2 view .LVU595
 1938              		.syntax unified
 1939              	@ 197 "Middlewares/Third_Party/FreeRTOS/Source/portable/GCC/ARM_CM3/portmacro.h" 1
 1940 000c 4FF05003 			mov r3, #80												
 1941 0010 83F31188 		msr basepri, r3											
 1942 0014 BFF36F8F 		isb														
 1943 0018 BFF34F8F 		dsb														
 1944              	
 1945              	@ 0 "" 2
 1946              	.LVL161:
 1947              		.thumb
 1948              		.syntax unified
 1949              	.L135:
 197:Middlewares/Third_Party/FreeRTOS/Source/portable/GCC/ARM_CM3/portmacro.h **** 	(
 1950              		.loc 2 197 2 is_stmt 0 view .LVU596
 1951              	.LBE142:
 1952              	.LBE141:
1128:Middlewares/Third_Party/FreeRTOS/Source/queue.c **** 
 1953              		.loc 1 1128 2 is_stmt 1 discriminator 2 view .LVU597
1128:Middlewares/Third_Party/FreeRTOS/Source/queue.c **** 
 1954              		.loc 1 1128 2 discriminator 2 view .LVU598
1128:Middlewares/Third_Party/FreeRTOS/Source/queue.c **** 
 1955              		.loc 1 1128 2 discriminator 2 view .LVU599
 1956 001c FEE7     		b	.L135
 1957              	.L146:
 1958              	.LCFI25:
 1959              		.cfi_def_cfa_offset 0
 1960              		.cfi_restore 4
 1961              		.cfi_restore 5
 1962              		.cfi_restore 6
 1963              		.cfi_restore 14
1124:Middlewares/Third_Party/FreeRTOS/Source/queue.c **** 
 1964              		.loc 1 1124 2 view .LVU600
 1965              	.LBB143:
 1966              	.LBI143:
 193:Middlewares/Third_Party/FreeRTOS/Source/portable/GCC/ARM_CM3/portmacro.h **** {
 1967              		.loc 2 193 30 view .LVU601
 1968              	.LBB144:
 195:Middlewares/Third_Party/FreeRTOS/Source/portable/GCC/ARM_CM3/portmacro.h **** 
 1969              		.loc 2 195 1 view .LVU602
 197:Middlewares/Third_Party/FreeRTOS/Source/portable/GCC/ARM_CM3/portmacro.h **** 	(
 1970              		.loc 2 197 2 view .LVU603
 1971              		.syntax unified
 1972              	@ 197 "Middlewares/Third_Party/FreeRTOS/Source/portable/GCC/ARM_CM3/portmacro.h" 1
 1973 001e 4FF05003 			mov r3, #80												
 1974 0022 83F31188 		msr basepri, r3											
 1975 0026 BFF36F8F 		isb														
 1976 002a BFF34F8F 		dsb														
 1977              	
 1978              	@ 0 "" 2
 1979              	.LVL162:
 1980              		.thumb
 1981              		.syntax unified
 1982              	.L133:
ARM GAS  /tmp/ccAaDn2P.s 			page 90


 197:Middlewares/Third_Party/FreeRTOS/Source/portable/GCC/ARM_CM3/portmacro.h **** 	(
 1983              		.loc 2 197 2 is_stmt 0 view .LVU604
 1984              	.LBE144:
 1985              	.LBE143:
1124:Middlewares/Third_Party/FreeRTOS/Source/queue.c **** 
 1986              		.loc 1 1124 2 is_stmt 1 discriminator 1 view .LVU605
1124:Middlewares/Third_Party/FreeRTOS/Source/queue.c **** 
 1987              		.loc 1 1124 2 discriminator 1 view .LVU606
1124:Middlewares/Third_Party/FreeRTOS/Source/queue.c **** 
 1988              		.loc 1 1124 2 discriminator 1 view .LVU607
 1989 002e FEE7     		b	.L133
 1990              	.L134:
 1991              	.LCFI26:
 1992              		.cfi_def_cfa_offset 16
 1993              		.cfi_offset 4, -16
 1994              		.cfi_offset 5, -12
 1995              		.cfi_offset 6, -8
 1996              		.cfi_offset 14, -4
1128:Middlewares/Third_Party/FreeRTOS/Source/queue.c **** 
 1997              		.loc 1 1128 42 discriminator 2 view .LVU608
1133:Middlewares/Third_Party/FreeRTOS/Source/queue.c **** 
 1998              		.loc 1 1133 2 discriminator 2 view .LVU609
 1999 0030 0368     		ldr	r3, [r0]
 2000 0032 EBB1     		cbz	r3, .L147
 2001              	.L136:
1133:Middlewares/Third_Party/FreeRTOS/Source/queue.c **** 
 2002              		.loc 1 1133 120 discriminator 8 view .LVU610
1149:Middlewares/Third_Party/FreeRTOS/Source/queue.c **** 
 2003              		.loc 1 1149 2 discriminator 8 view .LVU611
 2004 0034 FFF7FEFF 		bl	vPortValidateInterruptPriority
 2005              	.LVL163:
1151:Middlewares/Third_Party/FreeRTOS/Source/queue.c **** 	{
 2006              		.loc 1 1151 2 discriminator 8 view .LVU612
 2007              	.LBB145:
 2008              	.LBI145:
 209:Middlewares/Third_Party/FreeRTOS/Source/portable/GCC/ARM_CM3/portmacro.h **** {
 2009              		.loc 2 209 34 discriminator 8 view .LVU613
 2010              	.LBB146:
 211:Middlewares/Third_Party/FreeRTOS/Source/portable/GCC/ARM_CM3/portmacro.h **** 
 2011              		.loc 2 211 1 discriminator 8 view .LVU614
 213:Middlewares/Third_Party/FreeRTOS/Source/portable/GCC/ARM_CM3/portmacro.h **** 	(
 2012              		.loc 2 213 2 discriminator 8 view .LVU615
 2013              		.syntax unified
 2014              	@ 213 "Middlewares/Third_Party/FreeRTOS/Source/portable/GCC/ARM_CM3/portmacro.h" 1
 2015 0038 EFF31186 			mrs r6, basepri											
 2016 003c 4FF05003 		mov r3, #80												
 2017 0040 83F31188 		msr basepri, r3											
 2018 0044 BFF36F8F 		isb														
 2019 0048 BFF34F8F 		dsb														
 2020              	
 2021              	@ 0 "" 2
 2022              	.LVL164:
 225:Middlewares/Third_Party/FreeRTOS/Source/portable/GCC/ARM_CM3/portmacro.h **** }
 2023              		.loc 2 225 2 discriminator 8 view .LVU616
 225:Middlewares/Third_Party/FreeRTOS/Source/portable/GCC/ARM_CM3/portmacro.h **** }
 2024              		.loc 2 225 2 is_stmt 0 discriminator 8 view .LVU617
 2025              		.thumb
ARM GAS  /tmp/ccAaDn2P.s 			page 91


 2026              		.syntax unified
 2027              	.LBE146:
 2028              	.LBE145:
 2029              	.LBB147:
1153:Middlewares/Third_Party/FreeRTOS/Source/queue.c **** 
 2030              		.loc 1 1153 3 is_stmt 1 discriminator 8 view .LVU618
1153:Middlewares/Third_Party/FreeRTOS/Source/queue.c **** 
 2031              		.loc 1 1153 21 is_stmt 0 discriminator 8 view .LVU619
 2032 004c AA6B     		ldr	r2, [r5, #56]
 2033              	.LVL165:
1158:Middlewares/Third_Party/FreeRTOS/Source/queue.c **** 		{
 2034              		.loc 1 1158 3 is_stmt 1 discriminator 8 view .LVU620
1158:Middlewares/Third_Party/FreeRTOS/Source/queue.c **** 		{
 2035              		.loc 1 1158 34 is_stmt 0 discriminator 8 view .LVU621
 2036 004e EB6B     		ldr	r3, [r5, #60]
1158:Middlewares/Third_Party/FreeRTOS/Source/queue.c **** 		{
 2037              		.loc 1 1158 5 discriminator 8 view .LVU622
 2038 0050 9342     		cmp	r3, r2
 2039 0052 26D9     		bls	.L140
 2040              	.LBB148:
1160:Middlewares/Third_Party/FreeRTOS/Source/queue.c **** 
 2041              		.loc 1 1160 4 is_stmt 1 view .LVU623
1160:Middlewares/Third_Party/FreeRTOS/Source/queue.c **** 
 2042              		.loc 1 1160 17 is_stmt 0 view .LVU624
 2043 0054 95F84530 		ldrb	r3, [r5, #69]	@ zero_extendqisi2
 2044 0058 5BB2     		sxtb	r3, r3
 2045              	.LVL166:
1162:Middlewares/Third_Party/FreeRTOS/Source/queue.c **** 
 2046              		.loc 1 1162 39 is_stmt 1 view .LVU625
1170:Middlewares/Third_Party/FreeRTOS/Source/queue.c **** 
 2047              		.loc 1 1170 4 view .LVU626
1170:Middlewares/Third_Party/FreeRTOS/Source/queue.c **** 
 2048              		.loc 1 1170 51 is_stmt 0 view .LVU627
 2049 005a 0132     		adds	r2, r2, #1
 2050              	.LVL167:
1170:Middlewares/Third_Party/FreeRTOS/Source/queue.c **** 
 2051              		.loc 1 1170 31 view .LVU628
 2052 005c AA63     		str	r2, [r5, #56]
1174:Middlewares/Third_Party/FreeRTOS/Source/queue.c **** 			{
 2053              		.loc 1 1174 4 is_stmt 1 view .LVU629
1174:Middlewares/Third_Party/FreeRTOS/Source/queue.c **** 			{
 2054              		.loc 1 1174 6 is_stmt 0 view .LVU630
 2055 005e B3F1FF3F 		cmp	r3, #-1
 2056 0062 11D0     		beq	.L148
1260:Middlewares/Third_Party/FreeRTOS/Source/queue.c **** 			}
 2057              		.loc 1 1260 5 is_stmt 1 view .LVU631
1260:Middlewares/Third_Party/FreeRTOS/Source/queue.c **** 			}
 2058              		.loc 1 1260 45 is_stmt 0 view .LVU632
 2059 0064 0133     		adds	r3, r3, #1
 2060              	.LVL168:
1260:Middlewares/Third_Party/FreeRTOS/Source/queue.c **** 			}
 2061              		.loc 1 1260 24 view .LVU633
 2062 0066 5BB2     		sxtb	r3, r3
 2063              	.LVL169:
1260:Middlewares/Third_Party/FreeRTOS/Source/queue.c **** 			}
 2064              		.loc 1 1260 22 view .LVU634
 2065 0068 85F84530 		strb	r3, [r5, #69]
ARM GAS  /tmp/ccAaDn2P.s 			page 92


1263:Middlewares/Third_Party/FreeRTOS/Source/queue.c **** 		}
 2066              		.loc 1 1263 12 view .LVU635
 2067 006c 0120     		movs	r0, #1
 2068 006e 19E0     		b	.L138
 2069              	.LVL170:
 2070              	.L147:
1263:Middlewares/Third_Party/FreeRTOS/Source/queue.c **** 		}
 2071              		.loc 1 1263 12 view .LVU636
 2072              	.LBE148:
 2073              	.LBE147:
1133:Middlewares/Third_Party/FreeRTOS/Source/queue.c **** 
 2074              		.loc 1 1133 2 discriminator 2 view .LVU637
 2075 0070 8368     		ldr	r3, [r0, #8]
 2076 0072 002B     		cmp	r3, #0
 2077 0074 DED0     		beq	.L136
1133:Middlewares/Third_Party/FreeRTOS/Source/queue.c **** 
 2078              		.loc 1 1133 2 is_stmt 1 view .LVU638
 2079              	.LBB151:
 2080              	.LBI151:
 193:Middlewares/Third_Party/FreeRTOS/Source/portable/GCC/ARM_CM3/portmacro.h **** {
 2081              		.loc 2 193 30 view .LVU639
 2082              	.LBB152:
 195:Middlewares/Third_Party/FreeRTOS/Source/portable/GCC/ARM_CM3/portmacro.h **** 
 2083              		.loc 2 195 1 view .LVU640
 197:Middlewares/Third_Party/FreeRTOS/Source/portable/GCC/ARM_CM3/portmacro.h **** 	(
 2084              		.loc 2 197 2 view .LVU641
 2085              		.syntax unified
 2086              	@ 197 "Middlewares/Third_Party/FreeRTOS/Source/portable/GCC/ARM_CM3/portmacro.h" 1
 2087 0076 4FF05003 			mov r3, #80												
 2088 007a 83F31188 		msr basepri, r3											
 2089 007e BFF36F8F 		isb														
 2090 0082 BFF34F8F 		dsb														
 2091              	
 2092              	@ 0 "" 2
 2093              	.LVL171:
 2094              		.thumb
 2095              		.syntax unified
 2096              	.L137:
 197:Middlewares/Third_Party/FreeRTOS/Source/portable/GCC/ARM_CM3/portmacro.h **** 	(
 2097              		.loc 2 197 2 is_stmt 0 view .LVU642
 2098              	.LBE152:
 2099              	.LBE151:
1133:Middlewares/Third_Party/FreeRTOS/Source/queue.c **** 
 2100              		.loc 1 1133 2 is_stmt 1 discriminator 3 view .LVU643
1133:Middlewares/Third_Party/FreeRTOS/Source/queue.c **** 
 2101              		.loc 1 1133 2 discriminator 3 view .LVU644
1133:Middlewares/Third_Party/FreeRTOS/Source/queue.c **** 
 2102              		.loc 1 1133 2 discriminator 3 view .LVU645
 2103 0086 FEE7     		b	.L137
 2104              	.LVL172:
 2105              	.L148:
 2106              	.LBB153:
 2107              	.LBB149:
1229:Middlewares/Third_Party/FreeRTOS/Source/queue.c **** 					{
 2108              		.loc 1 1229 6 view .LVU646
1229:Middlewares/Third_Party/FreeRTOS/Source/queue.c **** 					{
 2109              		.loc 1 1229 10 is_stmt 0 view .LVU647
ARM GAS  /tmp/ccAaDn2P.s 			page 93


 2110 0088 6B6A     		ldr	r3, [r5, #36]
 2111              	.LVL173:
1229:Middlewares/Third_Party/FreeRTOS/Source/queue.c **** 					{
 2112              		.loc 1 1229 8 view .LVU648
 2113 008a 0BB9     		cbnz	r3, .L149
1263:Middlewares/Third_Party/FreeRTOS/Source/queue.c **** 		}
 2114              		.loc 1 1263 12 view .LVU649
 2115 008c 0120     		movs	r0, #1
 2116 008e 09E0     		b	.L138
 2117              	.L149:
1231:Middlewares/Third_Party/FreeRTOS/Source/queue.c **** 						{
 2118              		.loc 1 1231 7 is_stmt 1 view .LVU650
1231:Middlewares/Third_Party/FreeRTOS/Source/queue.c **** 						{
 2119              		.loc 1 1231 11 is_stmt 0 view .LVU651
 2120 0090 05F12400 		add	r0, r5, #36
 2121 0094 FFF7FEFF 		bl	xTaskRemoveFromEventList
 2122              	.LVL174:
1231:Middlewares/Third_Party/FreeRTOS/Source/queue.c **** 						{
 2123              		.loc 1 1231 9 view .LVU652
 2124 0098 38B1     		cbz	r0, .L142
1235:Middlewares/Third_Party/FreeRTOS/Source/queue.c **** 							{
 2125              		.loc 1 1235 8 is_stmt 1 view .LVU653
1235:Middlewares/Third_Party/FreeRTOS/Source/queue.c **** 							{
 2126              		.loc 1 1235 10 is_stmt 0 view .LVU654
 2127 009a 44B1     		cbz	r4, .L143
1237:Middlewares/Third_Party/FreeRTOS/Source/queue.c **** 							}
 2128              		.loc 1 1237 9 is_stmt 1 view .LVU655
1237:Middlewares/Third_Party/FreeRTOS/Source/queue.c **** 							}
 2129              		.loc 1 1237 36 is_stmt 0 view .LVU656
 2130 009c 0120     		movs	r0, #1
 2131 009e 2060     		str	r0, [r4]
 2132 00a0 00E0     		b	.L138
 2133              	.LVL175:
 2134              	.L140:
1237:Middlewares/Third_Party/FreeRTOS/Source/queue.c **** 							}
 2135              		.loc 1 1237 36 view .LVU657
 2136              	.LBE149:
1268:Middlewares/Third_Party/FreeRTOS/Source/queue.c **** 		}
 2137              		.loc 1 1268 12 view .LVU658
 2138 00a2 0020     		movs	r0, #0
 2139              	.LVL176:
 2140              	.L138:
1268:Middlewares/Third_Party/FreeRTOS/Source/queue.c **** 		}
 2141              		.loc 1 1268 12 view .LVU659
 2142              	.LBE153:
1271:Middlewares/Third_Party/FreeRTOS/Source/queue.c **** 
 2143              		.loc 1 1271 2 is_stmt 1 view .LVU660
 2144              	.LBB154:
 2145              	.LBI154:
 229:Middlewares/Third_Party/FreeRTOS/Source/portable/GCC/ARM_CM3/portmacro.h **** {
 2146              		.loc 2 229 30 view .LVU661
 2147              	.LBB155:
 2148              		.loc 2 231 2 view .LVU662
 2149              		.syntax unified
 2150              	@ 231 "Middlewares/Third_Party/FreeRTOS/Source/portable/GCC/ARM_CM3/portmacro.h" 1
 2151 00a4 86F31188 			msr basepri, r6	
 2152              	@ 0 "" 2
ARM GAS  /tmp/ccAaDn2P.s 			page 94


 2153              	.LVL177:
 2154              		.loc 2 231 2 is_stmt 0 view .LVU663
 2155              		.thumb
 2156              		.syntax unified
 2157              	.LBE155:
 2158              	.LBE154:
1273:Middlewares/Third_Party/FreeRTOS/Source/queue.c **** }
 2159              		.loc 1 1273 2 is_stmt 1 view .LVU664
1274:Middlewares/Third_Party/FreeRTOS/Source/queue.c **** /*-----------------------------------------------------------*/
 2160              		.loc 1 1274 1 is_stmt 0 view .LVU665
 2161 00a8 70BD     		pop	{r4, r5, r6, pc}
 2162              	.LVL178:
 2163              	.L142:
 2164              	.LBB156:
 2165              	.LBB150:
1263:Middlewares/Third_Party/FreeRTOS/Source/queue.c **** 		}
 2166              		.loc 1 1263 12 view .LVU666
 2167 00aa 0120     		movs	r0, #1
 2168 00ac FAE7     		b	.L138
 2169              	.L143:
 2170 00ae 0120     		movs	r0, #1
 2171 00b0 F8E7     		b	.L138
 2172              	.LBE150:
 2173              	.LBE156:
 2174              		.cfi_endproc
 2175              	.LFE14:
 2177              		.section	.text.xQueueReceive,"ax",%progbits
 2178              		.align	1
 2179              		.global	xQueueReceive
 2180              		.syntax unified
 2181              		.thumb
 2182              		.thumb_func
 2184              	xQueueReceive:
 2185              	.LVL179:
 2186              	.LFB15:
1278:Middlewares/Third_Party/FreeRTOS/Source/queue.c **** BaseType_t xEntryTimeSet = pdFALSE;
 2187              		.loc 1 1278 1 is_stmt 1 view -0
 2188              		.cfi_startproc
 2189              		@ args = 0, pretend = 0, frame = 16
 2190              		@ frame_needed = 0, uses_anonymous_args = 0
1278:Middlewares/Third_Party/FreeRTOS/Source/queue.c **** BaseType_t xEntryTimeSet = pdFALSE;
 2191              		.loc 1 1278 1 is_stmt 0 view .LVU668
 2192 0000 F0B5     		push	{r4, r5, r6, r7, lr}
 2193              	.LCFI27:
 2194              		.cfi_def_cfa_offset 20
 2195              		.cfi_offset 4, -20
 2196              		.cfi_offset 5, -16
 2197              		.cfi_offset 6, -12
 2198              		.cfi_offset 7, -8
 2199              		.cfi_offset 14, -4
 2200 0002 85B0     		sub	sp, sp, #20
 2201              	.LCFI28:
 2202              		.cfi_def_cfa_offset 40
 2203 0004 0192     		str	r2, [sp, #4]
1279:Middlewares/Third_Party/FreeRTOS/Source/queue.c **** TimeOut_t xTimeOut;
 2204              		.loc 1 1279 1 is_stmt 1 view .LVU669
 2205              	.LVL180:
ARM GAS  /tmp/ccAaDn2P.s 			page 95


1280:Middlewares/Third_Party/FreeRTOS/Source/queue.c **** Queue_t * const pxQueue = xQueue;
 2206              		.loc 1 1280 1 view .LVU670
1281:Middlewares/Third_Party/FreeRTOS/Source/queue.c **** 
 2207              		.loc 1 1281 1 view .LVU671
1284:Middlewares/Third_Party/FreeRTOS/Source/queue.c **** 
 2208              		.loc 1 1284 2 view .LVU672
 2209 0006 90B1     		cbz	r0, .L170
 2210 0008 0F46     		mov	r7, r1
 2211 000a 0446     		mov	r4, r0
1284:Middlewares/Third_Party/FreeRTOS/Source/queue.c **** 
 2212              		.loc 1 1284 29 discriminator 2 view .LVU673
1288:Middlewares/Third_Party/FreeRTOS/Source/queue.c **** 
 2213              		.loc 1 1288 2 discriminator 2 view .LVU674
 2214 000c C1B1     		cbz	r1, .L171
 2215              	.L153:
1288:Middlewares/Third_Party/FreeRTOS/Source/queue.c **** 
 2216              		.loc 1 1288 100 discriminator 8 view .LVU675
1293:Middlewares/Third_Party/FreeRTOS/Source/queue.c **** 	}
 2217              		.loc 1 1293 3 discriminator 8 view .LVU676
 2218 000e FFF7FEFF 		bl	xTaskGetSchedulerState
 2219              	.LVL181:
1293:Middlewares/Third_Party/FreeRTOS/Source/queue.c **** 	}
 2220              		.loc 1 1293 3 is_stmt 0 discriminator 8 view .LVU677
 2221 0012 0646     		mov	r6, r0
 2222 0014 00BB     		cbnz	r0, .L168
1293:Middlewares/Third_Party/FreeRTOS/Source/queue.c **** 	}
 2223              		.loc 1 1293 3 discriminator 2 view .LVU678
 2224 0016 019B     		ldr	r3, [sp, #4]
 2225 0018 002B     		cmp	r3, #0
 2226 001a 5ED0     		beq	.L157
1293:Middlewares/Third_Party/FreeRTOS/Source/queue.c **** 	}
 2227              		.loc 1 1293 3 is_stmt 1 view .LVU679
 2228              	.LBB157:
 2229              	.LBI157:
 193:Middlewares/Third_Party/FreeRTOS/Source/portable/GCC/ARM_CM3/portmacro.h **** {
 2230              		.loc 2 193 30 view .LVU680
 2231              	.LBB158:
 195:Middlewares/Third_Party/FreeRTOS/Source/portable/GCC/ARM_CM3/portmacro.h **** 
 2232              		.loc 2 195 1 view .LVU681
 197:Middlewares/Third_Party/FreeRTOS/Source/portable/GCC/ARM_CM3/portmacro.h **** 	(
 2233              		.loc 2 197 2 view .LVU682
 2234              		.syntax unified
 2235              	@ 197 "Middlewares/Third_Party/FreeRTOS/Source/portable/GCC/ARM_CM3/portmacro.h" 1
 2236 001c 4FF05003 			mov r3, #80												
 2237 0020 83F31188 		msr basepri, r3											
 2238 0024 BFF36F8F 		isb														
 2239 0028 BFF34F8F 		dsb														
 2240              	
 2241              	@ 0 "" 2
 2242              	.LVL182:
 2243              		.thumb
 2244              		.syntax unified
 2245              	.L156:
 197:Middlewares/Third_Party/FreeRTOS/Source/portable/GCC/ARM_CM3/portmacro.h **** 	(
 2246              		.loc 2 197 2 is_stmt 0 view .LVU683
 2247              	.LBE158:
 2248              	.LBE157:
ARM GAS  /tmp/ccAaDn2P.s 			page 96


1293:Middlewares/Third_Party/FreeRTOS/Source/queue.c **** 	}
 2249              		.loc 1 1293 3 is_stmt 1 discriminator 3 view .LVU684
1293:Middlewares/Third_Party/FreeRTOS/Source/queue.c **** 	}
 2250              		.loc 1 1293 3 discriminator 3 view .LVU685
1293:Middlewares/Third_Party/FreeRTOS/Source/queue.c **** 	}
 2251              		.loc 1 1293 3 discriminator 3 view .LVU686
 2252 002c FEE7     		b	.L156
 2253              	.LVL183:
 2254              	.L170:
1284:Middlewares/Third_Party/FreeRTOS/Source/queue.c **** 
 2255              		.loc 1 1284 2 view .LVU687
 2256              	.LBB159:
 2257              	.LBI159:
 193:Middlewares/Third_Party/FreeRTOS/Source/portable/GCC/ARM_CM3/portmacro.h **** {
 2258              		.loc 2 193 30 view .LVU688
 2259              	.LBB160:
 195:Middlewares/Third_Party/FreeRTOS/Source/portable/GCC/ARM_CM3/portmacro.h **** 
 2260              		.loc 2 195 1 view .LVU689
 197:Middlewares/Third_Party/FreeRTOS/Source/portable/GCC/ARM_CM3/portmacro.h **** 	(
 2261              		.loc 2 197 2 view .LVU690
 2262              		.syntax unified
 2263              	@ 197 "Middlewares/Third_Party/FreeRTOS/Source/portable/GCC/ARM_CM3/portmacro.h" 1
 2264 002e 4FF05003 			mov r3, #80												
 2265 0032 83F31188 		msr basepri, r3											
 2266 0036 BFF36F8F 		isb														
 2267 003a BFF34F8F 		dsb														
 2268              	
 2269              	@ 0 "" 2
 2270              	.LVL184:
 2271              		.thumb
 2272              		.syntax unified
 2273              	.L152:
 197:Middlewares/Third_Party/FreeRTOS/Source/portable/GCC/ARM_CM3/portmacro.h **** 	(
 2274              		.loc 2 197 2 is_stmt 0 view .LVU691
 2275              	.LBE160:
 2276              	.LBE159:
1284:Middlewares/Third_Party/FreeRTOS/Source/queue.c **** 
 2277              		.loc 1 1284 2 is_stmt 1 discriminator 1 view .LVU692
1284:Middlewares/Third_Party/FreeRTOS/Source/queue.c **** 
 2278              		.loc 1 1284 2 discriminator 1 view .LVU693
1284:Middlewares/Third_Party/FreeRTOS/Source/queue.c **** 
 2279              		.loc 1 1284 2 discriminator 1 view .LVU694
 2280 003e FEE7     		b	.L152
 2281              	.L171:
1288:Middlewares/Third_Party/FreeRTOS/Source/queue.c **** 
 2282              		.loc 1 1288 2 is_stmt 0 discriminator 2 view .LVU695
 2283 0040 036C     		ldr	r3, [r0, #64]
 2284 0042 002B     		cmp	r3, #0
 2285 0044 E3D0     		beq	.L153
1288:Middlewares/Third_Party/FreeRTOS/Source/queue.c **** 
 2286              		.loc 1 1288 2 is_stmt 1 view .LVU696
 2287              	.LBB161:
 2288              	.LBI161:
 193:Middlewares/Third_Party/FreeRTOS/Source/portable/GCC/ARM_CM3/portmacro.h **** {
 2289              		.loc 2 193 30 view .LVU697
 2290              	.LBB162:
 195:Middlewares/Third_Party/FreeRTOS/Source/portable/GCC/ARM_CM3/portmacro.h **** 
ARM GAS  /tmp/ccAaDn2P.s 			page 97


 2291              		.loc 2 195 1 view .LVU698
 197:Middlewares/Third_Party/FreeRTOS/Source/portable/GCC/ARM_CM3/portmacro.h **** 	(
 2292              		.loc 2 197 2 view .LVU699
 2293              		.syntax unified
 2294              	@ 197 "Middlewares/Third_Party/FreeRTOS/Source/portable/GCC/ARM_CM3/portmacro.h" 1
 2295 0046 4FF05003 			mov r3, #80												
 2296 004a 83F31188 		msr basepri, r3											
 2297 004e BFF36F8F 		isb														
 2298 0052 BFF34F8F 		dsb														
 2299              	
 2300              	@ 0 "" 2
 2301              	.LVL185:
 2302              		.thumb
 2303              		.syntax unified
 2304              	.L154:
 197:Middlewares/Third_Party/FreeRTOS/Source/portable/GCC/ARM_CM3/portmacro.h **** 	(
 2305              		.loc 2 197 2 is_stmt 0 view .LVU700
 2306              	.LBE162:
 2307              	.LBE161:
1288:Middlewares/Third_Party/FreeRTOS/Source/queue.c **** 
 2308              		.loc 1 1288 2 is_stmt 1 discriminator 2 view .LVU701
1288:Middlewares/Third_Party/FreeRTOS/Source/queue.c **** 
 2309              		.loc 1 1288 2 discriminator 2 view .LVU702
1288:Middlewares/Third_Party/FreeRTOS/Source/queue.c **** 
 2310              		.loc 1 1288 2 discriminator 2 view .LVU703
 2311 0056 FEE7     		b	.L154
 2312              	.LVL186:
 2313              	.L168:
1288:Middlewares/Third_Party/FreeRTOS/Source/queue.c **** 
 2314              		.loc 1 1288 2 is_stmt 0 discriminator 2 view .LVU704
 2315 0058 0026     		movs	r6, #0
 2316 005a 3EE0     		b	.L157
 2317              	.LVL187:
 2318              	.L174:
 2319              	.LBB163:
1312:Middlewares/Third_Party/FreeRTOS/Source/queue.c **** 				traceQUEUE_RECEIVE( pxQueue );
 2320              		.loc 1 1312 5 is_stmt 1 view .LVU705
 2321 005c 3946     		mov	r1, r7
 2322 005e 2046     		mov	r0, r4
 2323 0060 FFF7FEFF 		bl	prvCopyDataFromQueue
 2324              	.LVL188:
1313:Middlewares/Third_Party/FreeRTOS/Source/queue.c **** 				pxQueue->uxMessagesWaiting = uxMessagesWaiting - ( UBaseType_t ) 1;
 2325              		.loc 1 1313 34 view .LVU706
1314:Middlewares/Third_Party/FreeRTOS/Source/queue.c **** 
 2326              		.loc 1 1314 5 view .LVU707
1314:Middlewares/Third_Party/FreeRTOS/Source/queue.c **** 
 2327              		.loc 1 1314 52 is_stmt 0 view .LVU708
 2328 0064 013D     		subs	r5, r5, #1
 2329              	.LVL189:
1314:Middlewares/Third_Party/FreeRTOS/Source/queue.c **** 
 2330              		.loc 1 1314 32 view .LVU709
 2331 0066 A563     		str	r5, [r4, #56]
1319:Middlewares/Third_Party/FreeRTOS/Source/queue.c **** 				{
 2332              		.loc 1 1319 5 is_stmt 1 view .LVU710
1319:Middlewares/Third_Party/FreeRTOS/Source/queue.c **** 				{
 2333              		.loc 1 1319 9 is_stmt 0 view .LVU711
 2334 0068 2369     		ldr	r3, [r4, #16]
ARM GAS  /tmp/ccAaDn2P.s 			page 98


1319:Middlewares/Third_Party/FreeRTOS/Source/queue.c **** 				{
 2335              		.loc 1 1319 7 view .LVU712
 2336 006a 23B9     		cbnz	r3, .L172
 2337              	.L159:
1332:Middlewares/Third_Party/FreeRTOS/Source/queue.c **** 				}
 2338              		.loc 1 1332 30 is_stmt 1 view .LVU713
1335:Middlewares/Third_Party/FreeRTOS/Source/queue.c **** 				return pdPASS;
 2339              		.loc 1 1335 5 view .LVU714
 2340 006c FFF7FEFF 		bl	vPortExitCritical
 2341              	.LVL190:
1336:Middlewares/Third_Party/FreeRTOS/Source/queue.c **** 			}
 2342              		.loc 1 1336 5 view .LVU715
1336:Middlewares/Third_Party/FreeRTOS/Source/queue.c **** 			}
 2343              		.loc 1 1336 12 is_stmt 0 view .LVU716
 2344 0070 0120     		movs	r0, #1
 2345              	.LVL191:
 2346              	.L150:
1336:Middlewares/Third_Party/FreeRTOS/Source/queue.c **** 			}
 2347              		.loc 1 1336 12 view .LVU717
 2348              	.LBE163:
1415:Middlewares/Third_Party/FreeRTOS/Source/queue.c **** /*-----------------------------------------------------------*/
 2349              		.loc 1 1415 1 view .LVU718
 2350 0072 05B0     		add	sp, sp, #20
 2351              	.LCFI29:
 2352              		.cfi_remember_state
 2353              		.cfi_def_cfa_offset 20
 2354              		@ sp needed
 2355 0074 F0BD     		pop	{r4, r5, r6, r7, pc}
 2356              	.LVL192:
 2357              	.L172:
 2358              	.LCFI30:
 2359              		.cfi_restore_state
 2360              	.LBB164:
1321:Middlewares/Third_Party/FreeRTOS/Source/queue.c **** 					{
 2361              		.loc 1 1321 6 is_stmt 1 view .LVU719
1321:Middlewares/Third_Party/FreeRTOS/Source/queue.c **** 					{
 2362              		.loc 1 1321 10 is_stmt 0 view .LVU720
 2363 0076 04F11000 		add	r0, r4, #16
 2364 007a FFF7FEFF 		bl	xTaskRemoveFromEventList
 2365              	.LVL193:
1321:Middlewares/Third_Party/FreeRTOS/Source/queue.c **** 					{
 2366              		.loc 1 1321 8 view .LVU721
 2367 007e 0028     		cmp	r0, #0
 2368 0080 F4D0     		beq	.L159
1323:Middlewares/Third_Party/FreeRTOS/Source/queue.c **** 					}
 2369              		.loc 1 1323 7 is_stmt 1 view .LVU722
 2370 0082 4FF0E023 		mov	r3, #-536813568
 2371 0086 4FF08052 		mov	r2, #268435456
 2372 008a C3F8042D 		str	r2, [r3, #3332]
1323:Middlewares/Third_Party/FreeRTOS/Source/queue.c **** 					}
 2373              		.loc 1 1323 7 view .LVU723
 2374              		.syntax unified
 2375              	@ 1323 "Middlewares/Third_Party/FreeRTOS/Source/queue.c" 1
 2376 008e BFF34F8F 		dsb
 2377              	@ 0 "" 2
1323:Middlewares/Third_Party/FreeRTOS/Source/queue.c **** 					}
 2378              		.loc 1 1323 7 view .LVU724
ARM GAS  /tmp/ccAaDn2P.s 			page 99


 2379              	@ 1323 "Middlewares/Third_Party/FreeRTOS/Source/queue.c" 1
 2380 0092 BFF36F8F 		isb
 2381              	@ 0 "" 2
1323:Middlewares/Third_Party/FreeRTOS/Source/queue.c **** 					}
 2382              		.loc 1 1323 39 view .LVU725
 2383              		.thumb
 2384              		.syntax unified
 2385 0096 E9E7     		b	.L159
 2386              	.LVL194:
 2387              	.L175:
1344:Middlewares/Third_Party/FreeRTOS/Source/queue.c **** 					traceQUEUE_RECEIVE_FAILED( pxQueue );
 2388              		.loc 1 1344 6 view .LVU726
 2389 0098 FFF7FEFF 		bl	vPortExitCritical
 2390              	.LVL195:
1345:Middlewares/Third_Party/FreeRTOS/Source/queue.c **** 					return errQUEUE_EMPTY;
 2391              		.loc 1 1345 42 view .LVU727
1346:Middlewares/Third_Party/FreeRTOS/Source/queue.c **** 				}
 2392              		.loc 1 1346 6 view .LVU728
1346:Middlewares/Third_Party/FreeRTOS/Source/queue.c **** 				}
 2393              		.loc 1 1346 13 is_stmt 0 view .LVU729
 2394 009c 0020     		movs	r0, #0
 2395 009e E8E7     		b	.L150
 2396              	.L176:
1352:Middlewares/Third_Party/FreeRTOS/Source/queue.c **** 					xEntryTimeSet = pdTRUE;
 2397              		.loc 1 1352 6 is_stmt 1 view .LVU730
 2398 00a0 02A8     		add	r0, sp, #8
 2399 00a2 FFF7FEFF 		bl	vTaskInternalSetTimeOutState
 2400              	.LVL196:
1353:Middlewares/Third_Party/FreeRTOS/Source/queue.c **** 				}
 2401              		.loc 1 1353 6 view .LVU731
1353:Middlewares/Third_Party/FreeRTOS/Source/queue.c **** 				}
 2402              		.loc 1 1353 20 is_stmt 0 view .LVU732
 2403 00a6 0126     		movs	r6, #1
 2404 00a8 21E0     		b	.L162
 2405              	.LVL197:
 2406              	.L177:
1353:Middlewares/Third_Party/FreeRTOS/Source/queue.c **** 				}
 2407              		.loc 1 1353 20 view .LVU733
 2408              	.LBE164:
1368:Middlewares/Third_Party/FreeRTOS/Source/queue.c **** 
 2409              		.loc 1 1368 3 is_stmt 1 discriminator 1 view .LVU734
 2410 00aa 0023     		movs	r3, #0
 2411 00ac 84F84430 		strb	r3, [r4, #68]
 2412 00b0 29E0     		b	.L163
 2413              	.L178:
1368:Middlewares/Third_Party/FreeRTOS/Source/queue.c **** 
 2414              		.loc 1 1368 3 discriminator 4 view .LVU735
 2415 00b2 0023     		movs	r3, #0
 2416 00b4 84F84530 		strb	r3, [r4, #69]
 2417 00b8 2BE0     		b	.L164
 2418              	.L166:
1393:Middlewares/Third_Party/FreeRTOS/Source/queue.c **** 				( void ) xTaskResumeAll();
 2419              		.loc 1 1393 5 view .LVU736
 2420 00ba 2046     		mov	r0, r4
 2421 00bc FFF7FEFF 		bl	prvUnlockQueue
 2422              	.LVL198:
1394:Middlewares/Third_Party/FreeRTOS/Source/queue.c **** 			}
ARM GAS  /tmp/ccAaDn2P.s 			page 100


 2423              		.loc 1 1394 5 view .LVU737
1394:Middlewares/Third_Party/FreeRTOS/Source/queue.c **** 			}
 2424              		.loc 1 1394 14 is_stmt 0 view .LVU738
 2425 00c0 FFF7FEFF 		bl	xTaskResumeAll
 2426              	.LVL199:
 2427 00c4 09E0     		b	.L157
 2428              	.L165:
1401:Middlewares/Third_Party/FreeRTOS/Source/queue.c **** 			( void ) xTaskResumeAll();
 2429              		.loc 1 1401 4 is_stmt 1 view .LVU739
 2430 00c6 2046     		mov	r0, r4
 2431 00c8 FFF7FEFF 		bl	prvUnlockQueue
 2432              	.LVL200:
1402:Middlewares/Third_Party/FreeRTOS/Source/queue.c **** 
 2433              		.loc 1 1402 4 view .LVU740
1402:Middlewares/Third_Party/FreeRTOS/Source/queue.c **** 
 2434              		.loc 1 1402 13 is_stmt 0 view .LVU741
 2435 00cc FFF7FEFF 		bl	xTaskResumeAll
 2436              	.LVL201:
1404:Middlewares/Third_Party/FreeRTOS/Source/queue.c **** 			{
 2437              		.loc 1 1404 4 is_stmt 1 view .LVU742
1404:Middlewares/Third_Party/FreeRTOS/Source/queue.c **** 			{
 2438              		.loc 1 1404 8 is_stmt 0 view .LVU743
 2439 00d0 2046     		mov	r0, r4
 2440 00d2 FFF7FEFF 		bl	prvIsQueueEmpty
 2441              	.LVL202:
1404:Middlewares/Third_Party/FreeRTOS/Source/queue.c **** 			{
 2442              		.loc 1 1404 6 view .LVU744
 2443 00d6 0028     		cmp	r0, #0
 2444 00d8 3FD1     		bne	.L173
 2445              	.LVL203:
 2446              	.L157:
1293:Middlewares/Third_Party/FreeRTOS/Source/queue.c **** 	}
 2447              		.loc 1 1293 104 is_stmt 1 discriminator 8 view .LVU745
1301:Middlewares/Third_Party/FreeRTOS/Source/queue.c **** 	{
 2448              		.loc 1 1301 2 discriminator 8 view .LVU746
1303:Middlewares/Third_Party/FreeRTOS/Source/queue.c **** 		{
 2449              		.loc 1 1303 3 discriminator 8 view .LVU747
 2450 00da FFF7FEFF 		bl	vPortEnterCritical
 2451              	.LVL204:
 2452              	.LBB165:
1305:Middlewares/Third_Party/FreeRTOS/Source/queue.c **** 
 2453              		.loc 1 1305 4 discriminator 8 view .LVU748
1305:Middlewares/Third_Party/FreeRTOS/Source/queue.c **** 
 2454              		.loc 1 1305 22 is_stmt 0 discriminator 8 view .LVU749
 2455 00de A56B     		ldr	r5, [r4, #56]
 2456              	.LVL205:
1309:Middlewares/Third_Party/FreeRTOS/Source/queue.c **** 			{
 2457              		.loc 1 1309 4 is_stmt 1 discriminator 8 view .LVU750
1309:Middlewares/Third_Party/FreeRTOS/Source/queue.c **** 			{
 2458              		.loc 1 1309 6 is_stmt 0 discriminator 8 view .LVU751
 2459 00e0 002D     		cmp	r5, #0
 2460 00e2 BBD1     		bne	.L174
1340:Middlewares/Third_Party/FreeRTOS/Source/queue.c **** 				{
 2461              		.loc 1 1340 5 is_stmt 1 view .LVU752
1340:Middlewares/Third_Party/FreeRTOS/Source/queue.c **** 				{
 2462              		.loc 1 1340 22 is_stmt 0 view .LVU753
 2463 00e4 019B     		ldr	r3, [sp, #4]
ARM GAS  /tmp/ccAaDn2P.s 			page 101


1340:Middlewares/Third_Party/FreeRTOS/Source/queue.c **** 				{
 2464              		.loc 1 1340 7 view .LVU754
 2465 00e6 002B     		cmp	r3, #0
 2466 00e8 D6D0     		beq	.L175
1348:Middlewares/Third_Party/FreeRTOS/Source/queue.c **** 				{
 2467              		.loc 1 1348 10 is_stmt 1 view .LVU755
1348:Middlewares/Third_Party/FreeRTOS/Source/queue.c **** 				{
 2468              		.loc 1 1348 12 is_stmt 0 view .LVU756
 2469 00ea 002E     		cmp	r6, #0
 2470 00ec D8D0     		beq	.L176
 2471              	.LVL206:
 2472              	.L162:
1358:Middlewares/Third_Party/FreeRTOS/Source/queue.c **** 				}
 2473              		.loc 1 1358 30 is_stmt 1 view .LVU757
 2474              	.LBE165:
1362:Middlewares/Third_Party/FreeRTOS/Source/queue.c **** 
 2475              		.loc 1 1362 3 view .LVU758
 2476 00ee FFF7FEFF 		bl	vPortExitCritical
 2477              	.LVL207:
1367:Middlewares/Third_Party/FreeRTOS/Source/queue.c **** 		prvLockQueue( pxQueue );
 2478              		.loc 1 1367 3 view .LVU759
 2479 00f2 FFF7FEFF 		bl	vTaskSuspendAll
 2480              	.LVL208:
1368:Middlewares/Third_Party/FreeRTOS/Source/queue.c **** 
 2481              		.loc 1 1368 3 view .LVU760
 2482 00f6 FFF7FEFF 		bl	vPortEnterCritical
 2483              	.LVL209:
1368:Middlewares/Third_Party/FreeRTOS/Source/queue.c **** 
 2484              		.loc 1 1368 3 view .LVU761
 2485 00fa 94F84430 		ldrb	r3, [r4, #68]	@ zero_extendqisi2
 2486 00fe 5BB2     		sxtb	r3, r3
 2487 0100 B3F1FF3F 		cmp	r3, #-1
 2488 0104 D1D0     		beq	.L177
 2489              	.L163:
1368:Middlewares/Third_Party/FreeRTOS/Source/queue.c **** 
 2490              		.loc 1 1368 3 discriminator 3 view .LVU762
 2491 0106 94F84530 		ldrb	r3, [r4, #69]	@ zero_extendqisi2
 2492 010a 5BB2     		sxtb	r3, r3
 2493 010c B3F1FF3F 		cmp	r3, #-1
 2494 0110 CFD0     		beq	.L178
 2495              	.L164:
1368:Middlewares/Third_Party/FreeRTOS/Source/queue.c **** 
 2496              		.loc 1 1368 3 discriminator 6 view .LVU763
 2497 0112 FFF7FEFF 		bl	vPortExitCritical
 2498              	.LVL210:
1371:Middlewares/Third_Party/FreeRTOS/Source/queue.c **** 		{
 2499              		.loc 1 1371 3 discriminator 6 view .LVU764
1371:Middlewares/Third_Party/FreeRTOS/Source/queue.c **** 		{
 2500              		.loc 1 1371 7 is_stmt 0 discriminator 6 view .LVU765
 2501 0116 01A9     		add	r1, sp, #4
 2502 0118 02A8     		add	r0, sp, #8
 2503 011a FFF7FEFF 		bl	xTaskCheckForTimeOut
 2504              	.LVL211:
1371:Middlewares/Third_Party/FreeRTOS/Source/queue.c **** 		{
 2505              		.loc 1 1371 5 discriminator 6 view .LVU766
 2506 011e 0028     		cmp	r0, #0
 2507 0120 D1D1     		bne	.L165
ARM GAS  /tmp/ccAaDn2P.s 			page 102


1375:Middlewares/Third_Party/FreeRTOS/Source/queue.c **** 			{
 2508              		.loc 1 1375 4 is_stmt 1 view .LVU767
1375:Middlewares/Third_Party/FreeRTOS/Source/queue.c **** 			{
 2509              		.loc 1 1375 8 is_stmt 0 view .LVU768
 2510 0122 2046     		mov	r0, r4
 2511 0124 FFF7FEFF 		bl	prvIsQueueEmpty
 2512              	.LVL212:
1375:Middlewares/Third_Party/FreeRTOS/Source/queue.c **** 			{
 2513              		.loc 1 1375 6 view .LVU769
 2514 0128 0028     		cmp	r0, #0
 2515 012a C6D0     		beq	.L166
1377:Middlewares/Third_Party/FreeRTOS/Source/queue.c **** 				vTaskPlaceOnEventList( &( pxQueue->xTasksWaitingToReceive ), xTicksToWait );
 2516              		.loc 1 1377 46 is_stmt 1 view .LVU770
1378:Middlewares/Third_Party/FreeRTOS/Source/queue.c **** 				prvUnlockQueue( pxQueue );
 2517              		.loc 1 1378 5 view .LVU771
 2518 012c 0199     		ldr	r1, [sp, #4]
 2519 012e 04F12400 		add	r0, r4, #36
 2520 0132 FFF7FEFF 		bl	vTaskPlaceOnEventList
 2521              	.LVL213:
1379:Middlewares/Third_Party/FreeRTOS/Source/queue.c **** 				if( xTaskResumeAll() == pdFALSE )
 2522              		.loc 1 1379 5 view .LVU772
 2523 0136 2046     		mov	r0, r4
 2524 0138 FFF7FEFF 		bl	prvUnlockQueue
 2525              	.LVL214:
1380:Middlewares/Third_Party/FreeRTOS/Source/queue.c **** 				{
 2526              		.loc 1 1380 5 view .LVU773
1380:Middlewares/Third_Party/FreeRTOS/Source/queue.c **** 				{
 2527              		.loc 1 1380 9 is_stmt 0 view .LVU774
 2528 013c FFF7FEFF 		bl	xTaskResumeAll
 2529              	.LVL215:
1380:Middlewares/Third_Party/FreeRTOS/Source/queue.c **** 				{
 2530              		.loc 1 1380 7 view .LVU775
 2531 0140 0028     		cmp	r0, #0
 2532 0142 CAD1     		bne	.L157
1382:Middlewares/Third_Party/FreeRTOS/Source/queue.c **** 				}
 2533              		.loc 1 1382 6 is_stmt 1 view .LVU776
 2534 0144 4FF0E023 		mov	r3, #-536813568
 2535 0148 4FF08052 		mov	r2, #268435456
 2536 014c C3F8042D 		str	r2, [r3, #3332]
1382:Middlewares/Third_Party/FreeRTOS/Source/queue.c **** 				}
 2537              		.loc 1 1382 6 view .LVU777
 2538              		.syntax unified
 2539              	@ 1382 "Middlewares/Third_Party/FreeRTOS/Source/queue.c" 1
 2540 0150 BFF34F8F 		dsb
 2541              	@ 0 "" 2
1382:Middlewares/Third_Party/FreeRTOS/Source/queue.c **** 				}
 2542              		.loc 1 1382 6 view .LVU778
 2543              	@ 1382 "Middlewares/Third_Party/FreeRTOS/Source/queue.c" 1
 2544 0154 BFF36F8F 		isb
 2545              	@ 0 "" 2
1382:Middlewares/Third_Party/FreeRTOS/Source/queue.c **** 				}
 2546              		.loc 1 1382 28 view .LVU779
 2547              		.thumb
 2548              		.syntax unified
 2549 0158 BFE7     		b	.L157
 2550              	.L173:
1407:Middlewares/Third_Party/FreeRTOS/Source/queue.c **** 			}
ARM GAS  /tmp/ccAaDn2P.s 			page 103


 2551              		.loc 1 1407 12 is_stmt 0 view .LVU780
 2552 015a 0020     		movs	r0, #0
 2553 015c 89E7     		b	.L150
 2554              		.cfi_endproc
 2555              	.LFE15:
 2557              		.section	.text.xQueueSemaphoreTake,"ax",%progbits
 2558              		.align	1
 2559              		.global	xQueueSemaphoreTake
 2560              		.syntax unified
 2561              		.thumb
 2562              		.thumb_func
 2564              	xQueueSemaphoreTake:
 2565              	.LVL216:
 2566              	.LFB16:
1419:Middlewares/Third_Party/FreeRTOS/Source/queue.c **** BaseType_t xEntryTimeSet = pdFALSE;
 2567              		.loc 1 1419 1 is_stmt 1 view -0
 2568              		.cfi_startproc
 2569              		@ args = 0, pretend = 0, frame = 16
 2570              		@ frame_needed = 0, uses_anonymous_args = 0
1419:Middlewares/Third_Party/FreeRTOS/Source/queue.c **** BaseType_t xEntryTimeSet = pdFALSE;
 2571              		.loc 1 1419 1 is_stmt 0 view .LVU782
 2572 0000 70B5     		push	{r4, r5, r6, lr}
 2573              	.LCFI31:
 2574              		.cfi_def_cfa_offset 16
 2575              		.cfi_offset 4, -16
 2576              		.cfi_offset 5, -12
 2577              		.cfi_offset 6, -8
 2578              		.cfi_offset 14, -4
 2579 0002 84B0     		sub	sp, sp, #16
 2580              	.LCFI32:
 2581              		.cfi_def_cfa_offset 32
 2582 0004 0191     		str	r1, [sp, #4]
1420:Middlewares/Third_Party/FreeRTOS/Source/queue.c **** TimeOut_t xTimeOut;
 2583              		.loc 1 1420 1 is_stmt 1 view .LVU783
 2584              	.LVL217:
1421:Middlewares/Third_Party/FreeRTOS/Source/queue.c **** Queue_t * const pxQueue = xQueue;
 2585              		.loc 1 1421 1 view .LVU784
1422:Middlewares/Third_Party/FreeRTOS/Source/queue.c **** 
 2586              		.loc 1 1422 1 view .LVU785
1425:Middlewares/Third_Party/FreeRTOS/Source/queue.c **** #endif
 2587              		.loc 1 1425 2 view .LVU786
1429:Middlewares/Third_Party/FreeRTOS/Source/queue.c **** 
 2588              		.loc 1 1429 2 view .LVU787
 2589 0006 58B1     		cbz	r0, .L205
 2590 0008 0446     		mov	r4, r0
1429:Middlewares/Third_Party/FreeRTOS/Source/queue.c **** 
 2591              		.loc 1 1429 29 discriminator 2 view .LVU788
1433:Middlewares/Third_Party/FreeRTOS/Source/queue.c **** 
 2592              		.loc 1 1433 2 discriminator 2 view .LVU789
 2593 000a 036C     		ldr	r3, [r0, #64]
 2594 000c 8BB1     		cbz	r3, .L182
1433:Middlewares/Third_Party/FreeRTOS/Source/queue.c **** 
 2595              		.loc 1 1433 2 view .LVU790
 2596              	.LBB166:
 2597              	.LBI166:
 193:Middlewares/Third_Party/FreeRTOS/Source/portable/GCC/ARM_CM3/portmacro.h **** {
 2598              		.loc 2 193 30 view .LVU791
ARM GAS  /tmp/ccAaDn2P.s 			page 104


 2599              	.LBB167:
 195:Middlewares/Third_Party/FreeRTOS/Source/portable/GCC/ARM_CM3/portmacro.h **** 
 2600              		.loc 2 195 1 view .LVU792
 197:Middlewares/Third_Party/FreeRTOS/Source/portable/GCC/ARM_CM3/portmacro.h **** 	(
 2601              		.loc 2 197 2 view .LVU793
 2602              		.syntax unified
 2603              	@ 197 "Middlewares/Third_Party/FreeRTOS/Source/portable/GCC/ARM_CM3/portmacro.h" 1
 2604 000e 4FF05003 			mov r3, #80												
 2605 0012 83F31188 		msr basepri, r3											
 2606 0016 BFF36F8F 		isb														
 2607 001a BFF34F8F 		dsb														
 2608              	
 2609              	@ 0 "" 2
 2610              	.LVL218:
 2611              		.thumb
 2612              		.syntax unified
 2613              	.L183:
 197:Middlewares/Third_Party/FreeRTOS/Source/portable/GCC/ARM_CM3/portmacro.h **** 	(
 2614              		.loc 2 197 2 is_stmt 0 view .LVU794
 2615              	.LBE167:
 2616              	.LBE166:
1433:Middlewares/Third_Party/FreeRTOS/Source/queue.c **** 
 2617              		.loc 1 1433 2 is_stmt 1 discriminator 2 view .LVU795
1433:Middlewares/Third_Party/FreeRTOS/Source/queue.c **** 
 2618              		.loc 1 1433 2 discriminator 2 view .LVU796
1433:Middlewares/Third_Party/FreeRTOS/Source/queue.c **** 
 2619              		.loc 1 1433 2 discriminator 2 view .LVU797
 2620 001e FEE7     		b	.L183
 2621              	.L205:
1429:Middlewares/Third_Party/FreeRTOS/Source/queue.c **** 
 2622              		.loc 1 1429 2 view .LVU798
 2623              	.LBB168:
 2624              	.LBI168:
 193:Middlewares/Third_Party/FreeRTOS/Source/portable/GCC/ARM_CM3/portmacro.h **** {
 2625              		.loc 2 193 30 view .LVU799
 2626              	.LBB169:
 195:Middlewares/Third_Party/FreeRTOS/Source/portable/GCC/ARM_CM3/portmacro.h **** 
 2627              		.loc 2 195 1 view .LVU800
 197:Middlewares/Third_Party/FreeRTOS/Source/portable/GCC/ARM_CM3/portmacro.h **** 	(
 2628              		.loc 2 197 2 view .LVU801
 2629              		.syntax unified
 2630              	@ 197 "Middlewares/Third_Party/FreeRTOS/Source/portable/GCC/ARM_CM3/portmacro.h" 1
 2631 0020 4FF05003 			mov r3, #80												
 2632 0024 83F31188 		msr basepri, r3											
 2633 0028 BFF36F8F 		isb														
 2634 002c BFF34F8F 		dsb														
 2635              	
 2636              	@ 0 "" 2
 2637              	.LVL219:
 2638              		.thumb
 2639              		.syntax unified
 2640              	.L181:
 197:Middlewares/Third_Party/FreeRTOS/Source/portable/GCC/ARM_CM3/portmacro.h **** 	(
 2641              		.loc 2 197 2 is_stmt 0 view .LVU802
 2642              	.LBE169:
 2643              	.LBE168:
1429:Middlewares/Third_Party/FreeRTOS/Source/queue.c **** 
ARM GAS  /tmp/ccAaDn2P.s 			page 105


 2644              		.loc 1 1429 2 is_stmt 1 discriminator 1 view .LVU803
1429:Middlewares/Third_Party/FreeRTOS/Source/queue.c **** 
 2645              		.loc 1 1429 2 discriminator 1 view .LVU804
1429:Middlewares/Third_Party/FreeRTOS/Source/queue.c **** 
 2646              		.loc 1 1429 2 discriminator 1 view .LVU805
 2647 0030 FEE7     		b	.L181
 2648              	.L182:
1433:Middlewares/Third_Party/FreeRTOS/Source/queue.c **** 
 2649              		.loc 1 1433 42 discriminator 2 view .LVU806
1438:Middlewares/Third_Party/FreeRTOS/Source/queue.c **** 	}
 2650              		.loc 1 1438 3 discriminator 2 view .LVU807
 2651 0032 FFF7FEFF 		bl	xTaskGetSchedulerState
 2652              	.LVL220:
1438:Middlewares/Third_Party/FreeRTOS/Source/queue.c **** 	}
 2653              		.loc 1 1438 3 is_stmt 0 discriminator 2 view .LVU808
 2654 0036 0546     		mov	r5, r0
 2655 0038 50B9     		cbnz	r0, .L202
 2656 003a 019B     		ldr	r3, [sp, #4]
 2657 003c 5BB1     		cbz	r3, .L203
1438:Middlewares/Third_Party/FreeRTOS/Source/queue.c **** 	}
 2658              		.loc 1 1438 3 is_stmt 1 view .LVU809
 2659              	.LBB170:
 2660              	.LBI170:
 193:Middlewares/Third_Party/FreeRTOS/Source/portable/GCC/ARM_CM3/portmacro.h **** {
 2661              		.loc 2 193 30 view .LVU810
 2662              	.LBB171:
 195:Middlewares/Third_Party/FreeRTOS/Source/portable/GCC/ARM_CM3/portmacro.h **** 
 2663              		.loc 2 195 1 view .LVU811
 197:Middlewares/Third_Party/FreeRTOS/Source/portable/GCC/ARM_CM3/portmacro.h **** 	(
 2664              		.loc 2 197 2 view .LVU812
 2665              		.syntax unified
 2666              	@ 197 "Middlewares/Third_Party/FreeRTOS/Source/portable/GCC/ARM_CM3/portmacro.h" 1
 2667 003e 4FF05003 			mov r3, #80												
 2668 0042 83F31188 		msr basepri, r3											
 2669 0046 BFF36F8F 		isb														
 2670 004a BFF34F8F 		dsb														
 2671              	
 2672              	@ 0 "" 2
 2673              	.LVL221:
 2674              		.thumb
 2675              		.syntax unified
 2676              	.L185:
 197:Middlewares/Third_Party/FreeRTOS/Source/portable/GCC/ARM_CM3/portmacro.h **** 	(
 2677              		.loc 2 197 2 is_stmt 0 view .LVU813
 2678              	.LBE171:
 2679              	.LBE170:
1438:Middlewares/Third_Party/FreeRTOS/Source/queue.c **** 	}
 2680              		.loc 1 1438 3 is_stmt 1 discriminator 3 view .LVU814
1438:Middlewares/Third_Party/FreeRTOS/Source/queue.c **** 	}
 2681              		.loc 1 1438 3 discriminator 3 view .LVU815
1438:Middlewares/Third_Party/FreeRTOS/Source/queue.c **** 	}
 2682              		.loc 1 1438 3 discriminator 3 view .LVU816
 2683 004e FEE7     		b	.L185
 2684              	.L202:
 2685 0050 0026     		movs	r6, #0
 2686 0052 3546     		mov	r5, r6
 2687 0054 55E0     		b	.L186
ARM GAS  /tmp/ccAaDn2P.s 			page 106


 2688              	.L203:
 2689 0056 0646     		mov	r6, r0
 2690 0058 53E0     		b	.L186
 2691              	.LVL222:
 2692              	.L209:
 2693              	.LBB172:
1458:Middlewares/Third_Party/FreeRTOS/Source/queue.c **** 
 2694              		.loc 1 1458 34 view .LVU817
1462:Middlewares/Third_Party/FreeRTOS/Source/queue.c **** 
 2695              		.loc 1 1462 5 view .LVU818
1462:Middlewares/Third_Party/FreeRTOS/Source/queue.c **** 
 2696              		.loc 1 1462 51 is_stmt 0 view .LVU819
 2697 005a 013B     		subs	r3, r3, #1
 2698              	.LVL223:
1462:Middlewares/Third_Party/FreeRTOS/Source/queue.c **** 
 2699              		.loc 1 1462 32 view .LVU820
 2700 005c A363     		str	r3, [r4, #56]
1466:Middlewares/Third_Party/FreeRTOS/Source/queue.c **** 					{
 2701              		.loc 1 1466 6 is_stmt 1 view .LVU821
1466:Middlewares/Third_Party/FreeRTOS/Source/queue.c **** 					{
 2702              		.loc 1 1466 17 is_stmt 0 view .LVU822
 2703 005e 2368     		ldr	r3, [r4]
 2704              	.LVL224:
1466:Middlewares/Third_Party/FreeRTOS/Source/queue.c **** 					{
 2705              		.loc 1 1466 8 view .LVU823
 2706 0060 3BB1     		cbz	r3, .L206
 2707              	.LVL225:
 2708              	.L188:
1474:Middlewares/Third_Party/FreeRTOS/Source/queue.c **** 					}
 2709              		.loc 1 1474 31 is_stmt 1 view .LVU824
1481:Middlewares/Third_Party/FreeRTOS/Source/queue.c **** 				{
 2710              		.loc 1 1481 5 view .LVU825
1481:Middlewares/Third_Party/FreeRTOS/Source/queue.c **** 				{
 2711              		.loc 1 1481 9 is_stmt 0 view .LVU826
 2712 0062 2369     		ldr	r3, [r4, #16]
1481:Middlewares/Third_Party/FreeRTOS/Source/queue.c **** 				{
 2713              		.loc 1 1481 7 view .LVU827
 2714 0064 4BB9     		cbnz	r3, .L207
 2715              	.L189:
1494:Middlewares/Third_Party/FreeRTOS/Source/queue.c **** 				}
 2716              		.loc 1 1494 30 is_stmt 1 view .LVU828
1497:Middlewares/Third_Party/FreeRTOS/Source/queue.c **** 				return pdPASS;
 2717              		.loc 1 1497 5 view .LVU829
 2718 0066 FFF7FEFF 		bl	vPortExitCritical
 2719              	.LVL226:
1498:Middlewares/Third_Party/FreeRTOS/Source/queue.c **** 			}
 2720              		.loc 1 1498 5 view .LVU830
1498:Middlewares/Third_Party/FreeRTOS/Source/queue.c **** 			}
 2721              		.loc 1 1498 12 is_stmt 0 view .LVU831
 2722 006a 0126     		movs	r6, #1
 2723              	.LVL227:
 2724              	.L179:
1498:Middlewares/Third_Party/FreeRTOS/Source/queue.c **** 			}
 2725              		.loc 1 1498 12 view .LVU832
 2726              	.LBE172:
1633:Middlewares/Third_Party/FreeRTOS/Source/queue.c **** /*-----------------------------------------------------------*/
 2727              		.loc 1 1633 1 view .LVU833
ARM GAS  /tmp/ccAaDn2P.s 			page 107


 2728 006c 3046     		mov	r0, r6
 2729 006e 04B0     		add	sp, sp, #16
 2730              	.LCFI33:
 2731              		.cfi_remember_state
 2732              		.cfi_def_cfa_offset 16
 2733              		@ sp needed
 2734 0070 70BD     		pop	{r4, r5, r6, pc}
 2735              	.LVL228:
 2736              	.L206:
 2737              	.LCFI34:
 2738              		.cfi_restore_state
 2739              	.LBB175:
1470:Middlewares/Third_Party/FreeRTOS/Source/queue.c **** 					}
 2740              		.loc 1 1470 7 is_stmt 1 view .LVU834
1470:Middlewares/Third_Party/FreeRTOS/Source/queue.c **** 					}
 2741              		.loc 1 1470 44 is_stmt 0 view .LVU835
 2742 0072 FFF7FEFF 		bl	pvTaskIncrementMutexHeldCount
 2743              	.LVL229:
1470:Middlewares/Third_Party/FreeRTOS/Source/queue.c **** 					}
 2744              		.loc 1 1470 42 view .LVU836
 2745 0076 A060     		str	r0, [r4, #8]
 2746 0078 F3E7     		b	.L188
 2747              	.L207:
1483:Middlewares/Third_Party/FreeRTOS/Source/queue.c **** 					{
 2748              		.loc 1 1483 6 is_stmt 1 view .LVU837
1483:Middlewares/Third_Party/FreeRTOS/Source/queue.c **** 					{
 2749              		.loc 1 1483 10 is_stmt 0 view .LVU838
 2750 007a 04F11000 		add	r0, r4, #16
 2751 007e FFF7FEFF 		bl	xTaskRemoveFromEventList
 2752              	.LVL230:
1483:Middlewares/Third_Party/FreeRTOS/Source/queue.c **** 					{
 2753              		.loc 1 1483 8 view .LVU839
 2754 0082 0028     		cmp	r0, #0
 2755 0084 EFD0     		beq	.L189
1485:Middlewares/Third_Party/FreeRTOS/Source/queue.c **** 					}
 2756              		.loc 1 1485 7 is_stmt 1 view .LVU840
 2757 0086 4FF0E023 		mov	r3, #-536813568
 2758 008a 4FF08052 		mov	r2, #268435456
 2759 008e C3F8042D 		str	r2, [r3, #3332]
1485:Middlewares/Third_Party/FreeRTOS/Source/queue.c **** 					}
 2760              		.loc 1 1485 7 view .LVU841
 2761              		.syntax unified
 2762              	@ 1485 "Middlewares/Third_Party/FreeRTOS/Source/queue.c" 1
 2763 0092 BFF34F8F 		dsb
 2764              	@ 0 "" 2
1485:Middlewares/Third_Party/FreeRTOS/Source/queue.c **** 					}
 2765              		.loc 1 1485 7 view .LVU842
 2766              	@ 1485 "Middlewares/Third_Party/FreeRTOS/Source/queue.c" 1
 2767 0096 BFF36F8F 		isb
 2768              	@ 0 "" 2
1485:Middlewares/Third_Party/FreeRTOS/Source/queue.c **** 					}
 2769              		.loc 1 1485 39 view .LVU843
 2770              		.thumb
 2771              		.syntax unified
 2772 009a E4E7     		b	.L189
 2773              	.L210:
1509:Middlewares/Third_Party/FreeRTOS/Source/queue.c **** 					}
ARM GAS  /tmp/ccAaDn2P.s 			page 108


 2774              		.loc 1 1509 7 view .LVU844
 2775 009c 46B1     		cbz	r6, .L192
1509:Middlewares/Third_Party/FreeRTOS/Source/queue.c **** 					}
 2776              		.loc 1 1509 7 view .LVU845
 2777              	.LBB173:
 2778              	.LBI173:
 193:Middlewares/Third_Party/FreeRTOS/Source/portable/GCC/ARM_CM3/portmacro.h **** {
 2779              		.loc 2 193 30 view .LVU846
 2780              	.LBB174:
 195:Middlewares/Third_Party/FreeRTOS/Source/portable/GCC/ARM_CM3/portmacro.h **** 
 2781              		.loc 2 195 1 view .LVU847
 197:Middlewares/Third_Party/FreeRTOS/Source/portable/GCC/ARM_CM3/portmacro.h **** 	(
 2782              		.loc 2 197 2 view .LVU848
 2783              		.syntax unified
 2784              	@ 197 "Middlewares/Third_Party/FreeRTOS/Source/portable/GCC/ARM_CM3/portmacro.h" 1
 2785 009e 4FF05003 			mov r3, #80												
 2786 00a2 83F31188 		msr basepri, r3											
 2787 00a6 BFF36F8F 		isb														
 2788 00aa BFF34F8F 		dsb														
 2789              	
 2790              	@ 0 "" 2
 2791              	.LVL231:
 2792              		.thumb
 2793              		.syntax unified
 2794              	.L193:
 197:Middlewares/Third_Party/FreeRTOS/Source/portable/GCC/ARM_CM3/portmacro.h **** 	(
 2795              		.loc 2 197 2 is_stmt 0 view .LVU849
 2796              	.LBE174:
 2797              	.LBE173:
1509:Middlewares/Third_Party/FreeRTOS/Source/queue.c **** 					}
 2798              		.loc 1 1509 7 is_stmt 1 discriminator 4 view .LVU850
1509:Middlewares/Third_Party/FreeRTOS/Source/queue.c **** 					}
 2799              		.loc 1 1509 7 discriminator 4 view .LVU851
1509:Middlewares/Third_Party/FreeRTOS/Source/queue.c **** 					}
 2800              		.loc 1 1509 7 discriminator 4 view .LVU852
 2801 00ae FEE7     		b	.L193
 2802              	.L192:
1509:Middlewares/Third_Party/FreeRTOS/Source/queue.c **** 					}
 2803              		.loc 1 1509 54 discriminator 2 view .LVU853
1515:Middlewares/Third_Party/FreeRTOS/Source/queue.c **** 					traceQUEUE_RECEIVE_FAILED( pxQueue );
 2804              		.loc 1 1515 6 discriminator 2 view .LVU854
 2805 00b0 FFF7FEFF 		bl	vPortExitCritical
 2806              	.LVL232:
1516:Middlewares/Third_Party/FreeRTOS/Source/queue.c **** 					return errQUEUE_EMPTY;
 2807              		.loc 1 1516 42 discriminator 2 view .LVU855
1517:Middlewares/Third_Party/FreeRTOS/Source/queue.c **** 				}
 2808              		.loc 1 1517 6 discriminator 2 view .LVU856
1517:Middlewares/Third_Party/FreeRTOS/Source/queue.c **** 				}
 2809              		.loc 1 1517 13 is_stmt 0 discriminator 2 view .LVU857
 2810 00b4 DAE7     		b	.L179
 2811              	.L211:
1523:Middlewares/Third_Party/FreeRTOS/Source/queue.c **** 					xEntryTimeSet = pdTRUE;
 2812              		.loc 1 1523 6 is_stmt 1 view .LVU858
 2813 00b6 02A8     		add	r0, sp, #8
 2814 00b8 FFF7FEFF 		bl	vTaskInternalSetTimeOutState
 2815              	.LVL233:
1524:Middlewares/Third_Party/FreeRTOS/Source/queue.c **** 				}
ARM GAS  /tmp/ccAaDn2P.s 			page 109


 2816              		.loc 1 1524 6 view .LVU859
1524:Middlewares/Third_Party/FreeRTOS/Source/queue.c **** 				}
 2817              		.loc 1 1524 20 is_stmt 0 view .LVU860
 2818 00bc 0125     		movs	r5, #1
 2819 00be 2AE0     		b	.L194
 2820              	.LVL234:
 2821              	.L212:
1524:Middlewares/Third_Party/FreeRTOS/Source/queue.c **** 				}
 2822              		.loc 1 1524 20 view .LVU861
 2823              	.LBE175:
1539:Middlewares/Third_Party/FreeRTOS/Source/queue.c **** 
 2824              		.loc 1 1539 3 is_stmt 1 discriminator 1 view .LVU862
 2825 00c0 0023     		movs	r3, #0
 2826 00c2 84F84430 		strb	r3, [r4, #68]
 2827 00c6 32E0     		b	.L195
 2828              	.L213:
1539:Middlewares/Third_Party/FreeRTOS/Source/queue.c **** 
 2829              		.loc 1 1539 3 discriminator 4 view .LVU863
 2830 00c8 0023     		movs	r3, #0
 2831 00ca 84F84530 		strb	r3, [r4, #69]
 2832 00ce 34E0     		b	.L196
 2833              	.L214:
1556:Middlewares/Third_Party/FreeRTOS/Source/queue.c **** 						{
 2834              		.loc 1 1556 7 view .LVU864
 2835 00d0 FFF7FEFF 		bl	vPortEnterCritical
 2836              	.LVL235:
1558:Middlewares/Third_Party/FreeRTOS/Source/queue.c **** 						}
 2837              		.loc 1 1558 8 view .LVU865
1558:Middlewares/Third_Party/FreeRTOS/Source/queue.c **** 						}
 2838              		.loc 1 1558 31 is_stmt 0 view .LVU866
 2839 00d4 A068     		ldr	r0, [r4, #8]
 2840 00d6 FFF7FEFF 		bl	xTaskPriorityInherit
 2841              	.LVL236:
 2842 00da 0646     		mov	r6, r0
 2843              	.LVL237:
1560:Middlewares/Third_Party/FreeRTOS/Source/queue.c **** 					}
 2844              		.loc 1 1560 7 is_stmt 1 view .LVU867
 2845 00dc FFF7FEFF 		bl	vPortExitCritical
 2846              	.LVL238:
1560:Middlewares/Third_Party/FreeRTOS/Source/queue.c **** 					}
 2847              		.loc 1 1560 7 is_stmt 0 view .LVU868
 2848 00e0 3BE0     		b	.L199
 2849              	.L198:
1584:Middlewares/Third_Party/FreeRTOS/Source/queue.c **** 				( void ) xTaskResumeAll();
 2850              		.loc 1 1584 5 is_stmt 1 view .LVU869
 2851 00e2 2046     		mov	r0, r4
 2852 00e4 FFF7FEFF 		bl	prvUnlockQueue
 2853              	.LVL239:
1585:Middlewares/Third_Party/FreeRTOS/Source/queue.c **** 			}
 2854              		.loc 1 1585 5 view .LVU870
1585:Middlewares/Third_Party/FreeRTOS/Source/queue.c **** 			}
 2855              		.loc 1 1585 14 is_stmt 0 view .LVU871
 2856 00e8 FFF7FEFF 		bl	xTaskResumeAll
 2857              	.LVL240:
 2858 00ec 09E0     		b	.L186
 2859              	.L197:
1591:Middlewares/Third_Party/FreeRTOS/Source/queue.c **** 			( void ) xTaskResumeAll();
ARM GAS  /tmp/ccAaDn2P.s 			page 110


 2860              		.loc 1 1591 4 is_stmt 1 view .LVU872
 2861 00ee 2046     		mov	r0, r4
 2862 00f0 FFF7FEFF 		bl	prvUnlockQueue
 2863              	.LVL241:
1592:Middlewares/Third_Party/FreeRTOS/Source/queue.c **** 
 2864              		.loc 1 1592 4 view .LVU873
1592:Middlewares/Third_Party/FreeRTOS/Source/queue.c **** 
 2865              		.loc 1 1592 13 is_stmt 0 view .LVU874
 2866 00f4 FFF7FEFF 		bl	xTaskResumeAll
 2867              	.LVL242:
1598:Middlewares/Third_Party/FreeRTOS/Source/queue.c **** 			{
 2868              		.loc 1 1598 4 is_stmt 1 view .LVU875
1598:Middlewares/Third_Party/FreeRTOS/Source/queue.c **** 			{
 2869              		.loc 1 1598 8 is_stmt 0 view .LVU876
 2870 00f8 2046     		mov	r0, r4
 2871 00fa FFF7FEFF 		bl	prvIsQueueEmpty
 2872              	.LVL243:
1598:Middlewares/Third_Party/FreeRTOS/Source/queue.c **** 			{
 2873              		.loc 1 1598 6 view .LVU877
 2874 00fe 0028     		cmp	r0, #0
 2875 0100 42D1     		bne	.L208
 2876              	.LVL244:
 2877              	.L186:
1438:Middlewares/Third_Party/FreeRTOS/Source/queue.c **** 	}
 2878              		.loc 1 1438 104 is_stmt 1 discriminator 8 view .LVU878
1446:Middlewares/Third_Party/FreeRTOS/Source/queue.c **** 	{
 2879              		.loc 1 1446 2 discriminator 8 view .LVU879
1448:Middlewares/Third_Party/FreeRTOS/Source/queue.c **** 		{
 2880              		.loc 1 1448 3 discriminator 8 view .LVU880
 2881 0102 FFF7FEFF 		bl	vPortEnterCritical
 2882              	.LVL245:
 2883              	.LBB176:
1452:Middlewares/Third_Party/FreeRTOS/Source/queue.c **** 
 2884              		.loc 1 1452 4 discriminator 8 view .LVU881
1452:Middlewares/Third_Party/FreeRTOS/Source/queue.c **** 
 2885              		.loc 1 1452 22 is_stmt 0 discriminator 8 view .LVU882
 2886 0106 A36B     		ldr	r3, [r4, #56]
 2887              	.LVL246:
1456:Middlewares/Third_Party/FreeRTOS/Source/queue.c **** 			{
 2888              		.loc 1 1456 4 is_stmt 1 discriminator 8 view .LVU883
1456:Middlewares/Third_Party/FreeRTOS/Source/queue.c **** 			{
 2889              		.loc 1 1456 6 is_stmt 0 discriminator 8 view .LVU884
 2890 0108 002B     		cmp	r3, #0
 2891 010a A6D1     		bne	.L209
1502:Middlewares/Third_Party/FreeRTOS/Source/queue.c **** 				{
 2892              		.loc 1 1502 5 is_stmt 1 view .LVU885
1502:Middlewares/Third_Party/FreeRTOS/Source/queue.c **** 				{
 2893              		.loc 1 1502 22 is_stmt 0 view .LVU886
 2894 010c 019B     		ldr	r3, [sp, #4]
 2895              	.LVL247:
1502:Middlewares/Third_Party/FreeRTOS/Source/queue.c **** 				{
 2896              		.loc 1 1502 7 view .LVU887
 2897 010e 002B     		cmp	r3, #0
 2898 0110 C4D0     		beq	.L210
1519:Middlewares/Third_Party/FreeRTOS/Source/queue.c **** 				{
 2899              		.loc 1 1519 10 is_stmt 1 view .LVU888
1519:Middlewares/Third_Party/FreeRTOS/Source/queue.c **** 				{
ARM GAS  /tmp/ccAaDn2P.s 			page 111


 2900              		.loc 1 1519 12 is_stmt 0 view .LVU889
 2901 0112 002D     		cmp	r5, #0
 2902 0114 CFD0     		beq	.L211
 2903              	.LVL248:
 2904              	.L194:
1529:Middlewares/Third_Party/FreeRTOS/Source/queue.c **** 				}
 2905              		.loc 1 1529 30 is_stmt 1 view .LVU890
 2906              	.LBE176:
1533:Middlewares/Third_Party/FreeRTOS/Source/queue.c **** 
 2907              		.loc 1 1533 3 view .LVU891
 2908 0116 FFF7FEFF 		bl	vPortExitCritical
 2909              	.LVL249:
1538:Middlewares/Third_Party/FreeRTOS/Source/queue.c **** 		prvLockQueue( pxQueue );
 2910              		.loc 1 1538 3 view .LVU892
 2911 011a FFF7FEFF 		bl	vTaskSuspendAll
 2912              	.LVL250:
1539:Middlewares/Third_Party/FreeRTOS/Source/queue.c **** 
 2913              		.loc 1 1539 3 view .LVU893
 2914 011e FFF7FEFF 		bl	vPortEnterCritical
 2915              	.LVL251:
1539:Middlewares/Third_Party/FreeRTOS/Source/queue.c **** 
 2916              		.loc 1 1539 3 view .LVU894
 2917 0122 94F84430 		ldrb	r3, [r4, #68]	@ zero_extendqisi2
 2918 0126 5BB2     		sxtb	r3, r3
 2919 0128 B3F1FF3F 		cmp	r3, #-1
 2920 012c C8D0     		beq	.L212
 2921              	.L195:
1539:Middlewares/Third_Party/FreeRTOS/Source/queue.c **** 
 2922              		.loc 1 1539 3 discriminator 3 view .LVU895
 2923 012e 94F84530 		ldrb	r3, [r4, #69]	@ zero_extendqisi2
 2924 0132 5BB2     		sxtb	r3, r3
 2925 0134 B3F1FF3F 		cmp	r3, #-1
 2926 0138 C6D0     		beq	.L213
 2927              	.L196:
1539:Middlewares/Third_Party/FreeRTOS/Source/queue.c **** 
 2928              		.loc 1 1539 3 discriminator 6 view .LVU896
 2929 013a FFF7FEFF 		bl	vPortExitCritical
 2930              	.LVL252:
1542:Middlewares/Third_Party/FreeRTOS/Source/queue.c **** 		{
 2931              		.loc 1 1542 3 discriminator 6 view .LVU897
1542:Middlewares/Third_Party/FreeRTOS/Source/queue.c **** 		{
 2932              		.loc 1 1542 7 is_stmt 0 discriminator 6 view .LVU898
 2933 013e 01A9     		add	r1, sp, #4
 2934 0140 02A8     		add	r0, sp, #8
 2935 0142 FFF7FEFF 		bl	xTaskCheckForTimeOut
 2936              	.LVL253:
1542:Middlewares/Third_Party/FreeRTOS/Source/queue.c **** 		{
 2937              		.loc 1 1542 5 discriminator 6 view .LVU899
 2938 0146 0028     		cmp	r0, #0
 2939 0148 D1D1     		bne	.L197
1548:Middlewares/Third_Party/FreeRTOS/Source/queue.c **** 			{
 2940              		.loc 1 1548 4 is_stmt 1 view .LVU900
1548:Middlewares/Third_Party/FreeRTOS/Source/queue.c **** 			{
 2941              		.loc 1 1548 8 is_stmt 0 view .LVU901
 2942 014a 2046     		mov	r0, r4
 2943 014c FFF7FEFF 		bl	prvIsQueueEmpty
 2944              	.LVL254:
ARM GAS  /tmp/ccAaDn2P.s 			page 112


1548:Middlewares/Third_Party/FreeRTOS/Source/queue.c **** 			{
 2945              		.loc 1 1548 6 view .LVU902
 2946 0150 0028     		cmp	r0, #0
 2947 0152 C6D0     		beq	.L198
1550:Middlewares/Third_Party/FreeRTOS/Source/queue.c **** 
 2948              		.loc 1 1550 46 is_stmt 1 view .LVU903
1554:Middlewares/Third_Party/FreeRTOS/Source/queue.c **** 					{
 2949              		.loc 1 1554 6 view .LVU904
1554:Middlewares/Third_Party/FreeRTOS/Source/queue.c **** 					{
 2950              		.loc 1 1554 17 is_stmt 0 view .LVU905
 2951 0154 2368     		ldr	r3, [r4]
1554:Middlewares/Third_Party/FreeRTOS/Source/queue.c **** 					{
 2952              		.loc 1 1554 8 view .LVU906
 2953 0156 002B     		cmp	r3, #0
 2954 0158 BAD0     		beq	.L214
 2955              	.L199:
1564:Middlewares/Third_Party/FreeRTOS/Source/queue.c **** 					}
 2956              		.loc 1 1564 31 is_stmt 1 view .LVU907
1569:Middlewares/Third_Party/FreeRTOS/Source/queue.c **** 				prvUnlockQueue( pxQueue );
 2957              		.loc 1 1569 5 view .LVU908
 2958 015a 0199     		ldr	r1, [sp, #4]
 2959 015c 04F12400 		add	r0, r4, #36
 2960 0160 FFF7FEFF 		bl	vTaskPlaceOnEventList
 2961              	.LVL255:
1570:Middlewares/Third_Party/FreeRTOS/Source/queue.c **** 				if( xTaskResumeAll() == pdFALSE )
 2962              		.loc 1 1570 5 view .LVU909
 2963 0164 2046     		mov	r0, r4
 2964 0166 FFF7FEFF 		bl	prvUnlockQueue
 2965              	.LVL256:
1571:Middlewares/Third_Party/FreeRTOS/Source/queue.c **** 				{
 2966              		.loc 1 1571 5 view .LVU910
1571:Middlewares/Third_Party/FreeRTOS/Source/queue.c **** 				{
 2967              		.loc 1 1571 9 is_stmt 0 view .LVU911
 2968 016a FFF7FEFF 		bl	xTaskResumeAll
 2969              	.LVL257:
1571:Middlewares/Third_Party/FreeRTOS/Source/queue.c **** 				{
 2970              		.loc 1 1571 7 view .LVU912
 2971 016e 0028     		cmp	r0, #0
 2972 0170 C7D1     		bne	.L186
1573:Middlewares/Third_Party/FreeRTOS/Source/queue.c **** 				}
 2973              		.loc 1 1573 6 is_stmt 1 view .LVU913
 2974 0172 4FF0E023 		mov	r3, #-536813568
 2975 0176 4FF08052 		mov	r2, #268435456
 2976 017a C3F8042D 		str	r2, [r3, #3332]
1573:Middlewares/Third_Party/FreeRTOS/Source/queue.c **** 				}
 2977              		.loc 1 1573 6 view .LVU914
 2978              		.syntax unified
 2979              	@ 1573 "Middlewares/Third_Party/FreeRTOS/Source/queue.c" 1
 2980 017e BFF34F8F 		dsb
 2981              	@ 0 "" 2
1573:Middlewares/Third_Party/FreeRTOS/Source/queue.c **** 				}
 2982              		.loc 1 1573 6 view .LVU915
 2983              	@ 1573 "Middlewares/Third_Party/FreeRTOS/Source/queue.c" 1
 2984 0182 BFF36F8F 		isb
 2985              	@ 0 "" 2
1573:Middlewares/Third_Party/FreeRTOS/Source/queue.c **** 				}
 2986              		.loc 1 1573 28 view .LVU916
ARM GAS  /tmp/ccAaDn2P.s 			page 113


 2987              		.thumb
 2988              		.syntax unified
 2989 0186 BCE7     		b	.L186
 2990              	.L208:
1605:Middlewares/Third_Party/FreeRTOS/Source/queue.c **** 					{
 2991              		.loc 1 1605 6 view .LVU917
1605:Middlewares/Third_Party/FreeRTOS/Source/queue.c **** 					{
 2992              		.loc 1 1605 8 is_stmt 0 view .LVU918
 2993 0188 0EB9     		cbnz	r6, .L215
 2994              	.L201:
1624:Middlewares/Third_Party/FreeRTOS/Source/queue.c **** 				return errQUEUE_EMPTY;
 2995              		.loc 1 1624 41 is_stmt 1 view .LVU919
1625:Middlewares/Third_Party/FreeRTOS/Source/queue.c **** 			}
 2996              		.loc 1 1625 5 view .LVU920
1625:Middlewares/Third_Party/FreeRTOS/Source/queue.c **** 			}
 2997              		.loc 1 1625 12 is_stmt 0 view .LVU921
 2998 018a 0026     		movs	r6, #0
 2999              	.LVL258:
1625:Middlewares/Third_Party/FreeRTOS/Source/queue.c **** 			}
 3000              		.loc 1 1625 12 view .LVU922
 3001 018c 6EE7     		b	.L179
 3002              	.LVL259:
 3003              	.L215:
1607:Middlewares/Third_Party/FreeRTOS/Source/queue.c **** 						{
 3004              		.loc 1 1607 7 is_stmt 1 view .LVU923
 3005 018e FFF7FEFF 		bl	vPortEnterCritical
 3006              	.LVL260:
 3007              	.LBB177:
1609:Middlewares/Third_Party/FreeRTOS/Source/queue.c **** 
 3008              		.loc 1 1609 8 view .LVU924
1616:Middlewares/Third_Party/FreeRTOS/Source/queue.c **** 							vTaskPriorityDisinheritAfterTimeout( pxQueue->u.xSemaphore.xMutexHolder, uxHighestWaitingPri
 3009              		.loc 1 1616 8 view .LVU925
1616:Middlewares/Third_Party/FreeRTOS/Source/queue.c **** 							vTaskPriorityDisinheritAfterTimeout( pxQueue->u.xSemaphore.xMutexHolder, uxHighestWaitingPri
 3010              		.loc 1 1616 35 is_stmt 0 view .LVU926
 3011 0192 2046     		mov	r0, r4
 3012 0194 FFF7FEFF 		bl	prvGetDisinheritPriorityAfterTimeout
 3013              	.LVL261:
 3014 0198 0146     		mov	r1, r0
 3015              	.LVL262:
1617:Middlewares/Third_Party/FreeRTOS/Source/queue.c **** 						}
 3016              		.loc 1 1617 8 is_stmt 1 view .LVU927
 3017 019a A068     		ldr	r0, [r4, #8]
 3018              	.LVL263:
1617:Middlewares/Third_Party/FreeRTOS/Source/queue.c **** 						}
 3019              		.loc 1 1617 8 is_stmt 0 view .LVU928
 3020 019c FFF7FEFF 		bl	vTaskPriorityDisinheritAfterTimeout
 3021              	.LVL264:
1617:Middlewares/Third_Party/FreeRTOS/Source/queue.c **** 						}
 3022              		.loc 1 1617 8 view .LVU929
 3023              	.LBE177:
1619:Middlewares/Third_Party/FreeRTOS/Source/queue.c **** 					}
 3024              		.loc 1 1619 7 is_stmt 1 view .LVU930
 3025 01a0 FFF7FEFF 		bl	vPortExitCritical
 3026              	.LVL265:
 3027 01a4 F1E7     		b	.L201
 3028              		.cfi_endproc
 3029              	.LFE16:
ARM GAS  /tmp/ccAaDn2P.s 			page 114


 3031              		.section	.text.xQueuePeek,"ax",%progbits
 3032              		.align	1
 3033              		.global	xQueuePeek
 3034              		.syntax unified
 3035              		.thumb
 3036              		.thumb_func
 3038              	xQueuePeek:
 3039              	.LVL266:
 3040              	.LFB17:
1637:Middlewares/Third_Party/FreeRTOS/Source/queue.c **** BaseType_t xEntryTimeSet = pdFALSE;
 3041              		.loc 1 1637 1 view -0
 3042              		.cfi_startproc
 3043              		@ args = 0, pretend = 0, frame = 16
 3044              		@ frame_needed = 0, uses_anonymous_args = 0
1637:Middlewares/Third_Party/FreeRTOS/Source/queue.c **** BaseType_t xEntryTimeSet = pdFALSE;
 3045              		.loc 1 1637 1 is_stmt 0 view .LVU932
 3046 0000 70B5     		push	{r4, r5, r6, lr}
 3047              	.LCFI35:
 3048              		.cfi_def_cfa_offset 16
 3049              		.cfi_offset 4, -16
 3050              		.cfi_offset 5, -12
 3051              		.cfi_offset 6, -8
 3052              		.cfi_offset 14, -4
 3053 0002 84B0     		sub	sp, sp, #16
 3054              	.LCFI36:
 3055              		.cfi_def_cfa_offset 32
 3056 0004 0192     		str	r2, [sp, #4]
1638:Middlewares/Third_Party/FreeRTOS/Source/queue.c **** TimeOut_t xTimeOut;
 3057              		.loc 1 1638 1 is_stmt 1 view .LVU933
 3058              	.LVL267:
1639:Middlewares/Third_Party/FreeRTOS/Source/queue.c **** int8_t *pcOriginalReadPosition;
 3059              		.loc 1 1639 1 view .LVU934
1640:Middlewares/Third_Party/FreeRTOS/Source/queue.c **** Queue_t * const pxQueue = xQueue;
 3060              		.loc 1 1640 1 view .LVU935
1641:Middlewares/Third_Party/FreeRTOS/Source/queue.c **** 
 3061              		.loc 1 1641 1 view .LVU936
1644:Middlewares/Third_Party/FreeRTOS/Source/queue.c **** 
 3062              		.loc 1 1644 2 view .LVU937
 3063 0006 90B1     		cbz	r0, .L236
 3064 0008 0E46     		mov	r6, r1
 3065 000a 0446     		mov	r4, r0
1644:Middlewares/Third_Party/FreeRTOS/Source/queue.c **** 
 3066              		.loc 1 1644 29 discriminator 2 view .LVU938
1648:Middlewares/Third_Party/FreeRTOS/Source/queue.c **** 
 3067              		.loc 1 1648 2 discriminator 2 view .LVU939
 3068 000c C1B1     		cbz	r1, .L237
 3069              	.L219:
1648:Middlewares/Third_Party/FreeRTOS/Source/queue.c **** 
 3070              		.loc 1 1648 100 discriminator 8 view .LVU940
1653:Middlewares/Third_Party/FreeRTOS/Source/queue.c **** 	}
 3071              		.loc 1 1653 3 discriminator 8 view .LVU941
 3072 000e FFF7FEFF 		bl	xTaskGetSchedulerState
 3073              	.LVL268:
1653:Middlewares/Third_Party/FreeRTOS/Source/queue.c **** 	}
 3074              		.loc 1 1653 3 is_stmt 0 discriminator 8 view .LVU942
 3075 0012 0546     		mov	r5, r0
 3076 0014 00BB     		cbnz	r0, .L234
ARM GAS  /tmp/ccAaDn2P.s 			page 115


1653:Middlewares/Third_Party/FreeRTOS/Source/queue.c **** 	}
 3077              		.loc 1 1653 3 discriminator 2 view .LVU943
 3078 0016 019B     		ldr	r3, [sp, #4]
 3079 0018 002B     		cmp	r3, #0
 3080 001a 5ED0     		beq	.L223
1653:Middlewares/Third_Party/FreeRTOS/Source/queue.c **** 	}
 3081              		.loc 1 1653 3 is_stmt 1 view .LVU944
 3082              	.LBB178:
 3083              	.LBI178:
 193:Middlewares/Third_Party/FreeRTOS/Source/portable/GCC/ARM_CM3/portmacro.h **** {
 3084              		.loc 2 193 30 view .LVU945
 3085              	.LBB179:
 195:Middlewares/Third_Party/FreeRTOS/Source/portable/GCC/ARM_CM3/portmacro.h **** 
 3086              		.loc 2 195 1 view .LVU946
 197:Middlewares/Third_Party/FreeRTOS/Source/portable/GCC/ARM_CM3/portmacro.h **** 	(
 3087              		.loc 2 197 2 view .LVU947
 3088              		.syntax unified
 3089              	@ 197 "Middlewares/Third_Party/FreeRTOS/Source/portable/GCC/ARM_CM3/portmacro.h" 1
 3090 001c 4FF05003 			mov r3, #80												
 3091 0020 83F31188 		msr basepri, r3											
 3092 0024 BFF36F8F 		isb														
 3093 0028 BFF34F8F 		dsb														
 3094              	
 3095              	@ 0 "" 2
 3096              	.LVL269:
 3097              		.thumb
 3098              		.syntax unified
 3099              	.L222:
 197:Middlewares/Third_Party/FreeRTOS/Source/portable/GCC/ARM_CM3/portmacro.h **** 	(
 3100              		.loc 2 197 2 is_stmt 0 view .LVU948
 3101              	.LBE179:
 3102              	.LBE178:
1653:Middlewares/Third_Party/FreeRTOS/Source/queue.c **** 	}
 3103              		.loc 1 1653 3 is_stmt 1 discriminator 3 view .LVU949
1653:Middlewares/Third_Party/FreeRTOS/Source/queue.c **** 	}
 3104              		.loc 1 1653 3 discriminator 3 view .LVU950
1653:Middlewares/Third_Party/FreeRTOS/Source/queue.c **** 	}
 3105              		.loc 1 1653 3 discriminator 3 view .LVU951
 3106 002c FEE7     		b	.L222
 3107              	.LVL270:
 3108              	.L236:
1644:Middlewares/Third_Party/FreeRTOS/Source/queue.c **** 
 3109              		.loc 1 1644 2 view .LVU952
 3110              	.LBB180:
 3111              	.LBI180:
 193:Middlewares/Third_Party/FreeRTOS/Source/portable/GCC/ARM_CM3/portmacro.h **** {
 3112              		.loc 2 193 30 view .LVU953
 3113              	.LBB181:
 195:Middlewares/Third_Party/FreeRTOS/Source/portable/GCC/ARM_CM3/portmacro.h **** 
 3114              		.loc 2 195 1 view .LVU954
 197:Middlewares/Third_Party/FreeRTOS/Source/portable/GCC/ARM_CM3/portmacro.h **** 	(
 3115              		.loc 2 197 2 view .LVU955
 3116              		.syntax unified
 3117              	@ 197 "Middlewares/Third_Party/FreeRTOS/Source/portable/GCC/ARM_CM3/portmacro.h" 1
 3118 002e 4FF05003 			mov r3, #80												
 3119 0032 83F31188 		msr basepri, r3											
 3120 0036 BFF36F8F 		isb														
ARM GAS  /tmp/ccAaDn2P.s 			page 116


 3121 003a BFF34F8F 		dsb														
 3122              	
 3123              	@ 0 "" 2
 3124              	.LVL271:
 3125              		.thumb
 3126              		.syntax unified
 3127              	.L218:
 197:Middlewares/Third_Party/FreeRTOS/Source/portable/GCC/ARM_CM3/portmacro.h **** 	(
 3128              		.loc 2 197 2 is_stmt 0 view .LVU956
 3129              	.LBE181:
 3130              	.LBE180:
1644:Middlewares/Third_Party/FreeRTOS/Source/queue.c **** 
 3131              		.loc 1 1644 2 is_stmt 1 discriminator 1 view .LVU957
1644:Middlewares/Third_Party/FreeRTOS/Source/queue.c **** 
 3132              		.loc 1 1644 2 discriminator 1 view .LVU958
1644:Middlewares/Third_Party/FreeRTOS/Source/queue.c **** 
 3133              		.loc 1 1644 2 discriminator 1 view .LVU959
 3134 003e FEE7     		b	.L218
 3135              	.L237:
1648:Middlewares/Third_Party/FreeRTOS/Source/queue.c **** 
 3136              		.loc 1 1648 2 is_stmt 0 discriminator 2 view .LVU960
 3137 0040 036C     		ldr	r3, [r0, #64]
 3138 0042 002B     		cmp	r3, #0
 3139 0044 E3D0     		beq	.L219
1648:Middlewares/Third_Party/FreeRTOS/Source/queue.c **** 
 3140              		.loc 1 1648 2 is_stmt 1 view .LVU961
 3141              	.LBB182:
 3142              	.LBI182:
 193:Middlewares/Third_Party/FreeRTOS/Source/portable/GCC/ARM_CM3/portmacro.h **** {
 3143              		.loc 2 193 30 view .LVU962
 3144              	.LBB183:
 195:Middlewares/Third_Party/FreeRTOS/Source/portable/GCC/ARM_CM3/portmacro.h **** 
 3145              		.loc 2 195 1 view .LVU963
 197:Middlewares/Third_Party/FreeRTOS/Source/portable/GCC/ARM_CM3/portmacro.h **** 	(
 3146              		.loc 2 197 2 view .LVU964
 3147              		.syntax unified
 3148              	@ 197 "Middlewares/Third_Party/FreeRTOS/Source/portable/GCC/ARM_CM3/portmacro.h" 1
 3149 0046 4FF05003 			mov r3, #80												
 3150 004a 83F31188 		msr basepri, r3											
 3151 004e BFF36F8F 		isb														
 3152 0052 BFF34F8F 		dsb														
 3153              	
 3154              	@ 0 "" 2
 3155              	.LVL272:
 3156              		.thumb
 3157              		.syntax unified
 3158              	.L220:
 197:Middlewares/Third_Party/FreeRTOS/Source/portable/GCC/ARM_CM3/portmacro.h **** 	(
 3159              		.loc 2 197 2 is_stmt 0 view .LVU965
 3160              	.LBE183:
 3161              	.LBE182:
1648:Middlewares/Third_Party/FreeRTOS/Source/queue.c **** 
 3162              		.loc 1 1648 2 is_stmt 1 discriminator 2 view .LVU966
1648:Middlewares/Third_Party/FreeRTOS/Source/queue.c **** 
 3163              		.loc 1 1648 2 discriminator 2 view .LVU967
1648:Middlewares/Third_Party/FreeRTOS/Source/queue.c **** 
 3164              		.loc 1 1648 2 discriminator 2 view .LVU968
ARM GAS  /tmp/ccAaDn2P.s 			page 117


 3165 0056 FEE7     		b	.L220
 3166              	.LVL273:
 3167              	.L234:
1648:Middlewares/Third_Party/FreeRTOS/Source/queue.c **** 
 3168              		.loc 1 1648 2 is_stmt 0 discriminator 2 view .LVU969
 3169 0058 0025     		movs	r5, #0
 3170 005a 3EE0     		b	.L223
 3171              	.LVL274:
 3172              	.L240:
 3173              	.LBB184:
1674:Middlewares/Third_Party/FreeRTOS/Source/queue.c **** 
 3174              		.loc 1 1674 5 is_stmt 1 view .LVU970
1674:Middlewares/Third_Party/FreeRTOS/Source/queue.c **** 
 3175              		.loc 1 1674 28 is_stmt 0 view .LVU971
 3176 005c E568     		ldr	r5, [r4, #12]
 3177              	.LVL275:
1676:Middlewares/Third_Party/FreeRTOS/Source/queue.c **** 				traceQUEUE_PEEK( pxQueue );
 3178              		.loc 1 1676 5 is_stmt 1 view .LVU972
 3179 005e 3146     		mov	r1, r6
 3180 0060 2046     		mov	r0, r4
 3181 0062 FFF7FEFF 		bl	prvCopyDataFromQueue
 3182              	.LVL276:
1677:Middlewares/Third_Party/FreeRTOS/Source/queue.c **** 
 3183              		.loc 1 1677 31 view .LVU973
1680:Middlewares/Third_Party/FreeRTOS/Source/queue.c **** 
 3184              		.loc 1 1680 5 view .LVU974
1680:Middlewares/Third_Party/FreeRTOS/Source/queue.c **** 
 3185              		.loc 1 1680 34 is_stmt 0 view .LVU975
 3186 0066 E560     		str	r5, [r4, #12]
1684:Middlewares/Third_Party/FreeRTOS/Source/queue.c **** 				{
 3187              		.loc 1 1684 5 is_stmt 1 view .LVU976
1684:Middlewares/Third_Party/FreeRTOS/Source/queue.c **** 				{
 3188              		.loc 1 1684 9 is_stmt 0 view .LVU977
 3189 0068 636A     		ldr	r3, [r4, #36]
1684:Middlewares/Third_Party/FreeRTOS/Source/queue.c **** 				{
 3190              		.loc 1 1684 7 view .LVU978
 3191 006a 23B9     		cbnz	r3, .L238
 3192              	.L225:
1698:Middlewares/Third_Party/FreeRTOS/Source/queue.c **** 				}
 3193              		.loc 1 1698 30 is_stmt 1 view .LVU979
1701:Middlewares/Third_Party/FreeRTOS/Source/queue.c **** 				return pdPASS;
 3194              		.loc 1 1701 5 view .LVU980
 3195 006c FFF7FEFF 		bl	vPortExitCritical
 3196              	.LVL277:
1702:Middlewares/Third_Party/FreeRTOS/Source/queue.c **** 			}
 3197              		.loc 1 1702 5 view .LVU981
1702:Middlewares/Third_Party/FreeRTOS/Source/queue.c **** 			}
 3198              		.loc 1 1702 12 is_stmt 0 view .LVU982
 3199 0070 0120     		movs	r0, #1
 3200              	.LVL278:
 3201              	.L216:
1702:Middlewares/Third_Party/FreeRTOS/Source/queue.c **** 			}
 3202              		.loc 1 1702 12 view .LVU983
 3203              	.LBE184:
1782:Middlewares/Third_Party/FreeRTOS/Source/queue.c **** /*-----------------------------------------------------------*/
 3204              		.loc 1 1782 1 view .LVU984
 3205 0072 04B0     		add	sp, sp, #16
ARM GAS  /tmp/ccAaDn2P.s 			page 118


 3206              	.LCFI37:
 3207              		.cfi_remember_state
 3208              		.cfi_def_cfa_offset 16
 3209              		@ sp needed
 3210 0074 70BD     		pop	{r4, r5, r6, pc}
 3211              	.LVL279:
 3212              	.L238:
 3213              	.LCFI38:
 3214              		.cfi_restore_state
 3215              	.LBB185:
1686:Middlewares/Third_Party/FreeRTOS/Source/queue.c **** 					{
 3216              		.loc 1 1686 6 is_stmt 1 view .LVU985
1686:Middlewares/Third_Party/FreeRTOS/Source/queue.c **** 					{
 3217              		.loc 1 1686 10 is_stmt 0 view .LVU986
 3218 0076 04F12400 		add	r0, r4, #36
 3219 007a FFF7FEFF 		bl	xTaskRemoveFromEventList
 3220              	.LVL280:
1686:Middlewares/Third_Party/FreeRTOS/Source/queue.c **** 					{
 3221              		.loc 1 1686 8 view .LVU987
 3222 007e 0028     		cmp	r0, #0
 3223 0080 F4D0     		beq	.L225
1689:Middlewares/Third_Party/FreeRTOS/Source/queue.c **** 					}
 3224              		.loc 1 1689 7 is_stmt 1 view .LVU988
 3225 0082 4FF0E023 		mov	r3, #-536813568
 3226 0086 4FF08052 		mov	r2, #268435456
 3227 008a C3F8042D 		str	r2, [r3, #3332]
1689:Middlewares/Third_Party/FreeRTOS/Source/queue.c **** 					}
 3228              		.loc 1 1689 7 view .LVU989
 3229              		.syntax unified
 3230              	@ 1689 "Middlewares/Third_Party/FreeRTOS/Source/queue.c" 1
 3231 008e BFF34F8F 		dsb
 3232              	@ 0 "" 2
1689:Middlewares/Third_Party/FreeRTOS/Source/queue.c **** 					}
 3233              		.loc 1 1689 7 view .LVU990
 3234              	@ 1689 "Middlewares/Third_Party/FreeRTOS/Source/queue.c" 1
 3235 0092 BFF36F8F 		isb
 3236              	@ 0 "" 2
1689:Middlewares/Third_Party/FreeRTOS/Source/queue.c **** 					}
 3237              		.loc 1 1689 39 view .LVU991
 3238              		.thumb
 3239              		.syntax unified
 3240 0096 E9E7     		b	.L225
 3241              	.LVL281:
 3242              	.L241:
1710:Middlewares/Third_Party/FreeRTOS/Source/queue.c **** 					traceQUEUE_PEEK_FAILED( pxQueue );
 3243              		.loc 1 1710 6 view .LVU992
 3244 0098 FFF7FEFF 		bl	vPortExitCritical
 3245              	.LVL282:
1711:Middlewares/Third_Party/FreeRTOS/Source/queue.c **** 					return errQUEUE_EMPTY;
 3246              		.loc 1 1711 39 view .LVU993
1712:Middlewares/Third_Party/FreeRTOS/Source/queue.c **** 				}
 3247              		.loc 1 1712 6 view .LVU994
1712:Middlewares/Third_Party/FreeRTOS/Source/queue.c **** 				}
 3248              		.loc 1 1712 13 is_stmt 0 view .LVU995
 3249 009c 0020     		movs	r0, #0
 3250 009e E8E7     		b	.L216
 3251              	.L242:
ARM GAS  /tmp/ccAaDn2P.s 			page 119


1719:Middlewares/Third_Party/FreeRTOS/Source/queue.c **** 					xEntryTimeSet = pdTRUE;
 3252              		.loc 1 1719 6 is_stmt 1 view .LVU996
 3253 00a0 02A8     		add	r0, sp, #8
 3254 00a2 FFF7FEFF 		bl	vTaskInternalSetTimeOutState
 3255              	.LVL283:
1720:Middlewares/Third_Party/FreeRTOS/Source/queue.c **** 				}
 3256              		.loc 1 1720 6 view .LVU997
1720:Middlewares/Third_Party/FreeRTOS/Source/queue.c **** 				}
 3257              		.loc 1 1720 20 is_stmt 0 view .LVU998
 3258 00a6 0125     		movs	r5, #1
 3259 00a8 21E0     		b	.L228
 3260              	.LVL284:
 3261              	.L243:
1720:Middlewares/Third_Party/FreeRTOS/Source/queue.c **** 				}
 3262              		.loc 1 1720 20 view .LVU999
 3263              	.LBE185:
1735:Middlewares/Third_Party/FreeRTOS/Source/queue.c **** 
 3264              		.loc 1 1735 3 is_stmt 1 discriminator 1 view .LVU1000
 3265 00aa 0023     		movs	r3, #0
 3266 00ac 84F84430 		strb	r3, [r4, #68]
 3267 00b0 29E0     		b	.L229
 3268              	.L244:
1735:Middlewares/Third_Party/FreeRTOS/Source/queue.c **** 
 3269              		.loc 1 1735 3 discriminator 4 view .LVU1001
 3270 00b2 0023     		movs	r3, #0
 3271 00b4 84F84530 		strb	r3, [r4, #69]
 3272 00b8 2BE0     		b	.L230
 3273              	.L232:
1760:Middlewares/Third_Party/FreeRTOS/Source/queue.c **** 				( void ) xTaskResumeAll();
 3274              		.loc 1 1760 5 view .LVU1002
 3275 00ba 2046     		mov	r0, r4
 3276 00bc FFF7FEFF 		bl	prvUnlockQueue
 3277              	.LVL285:
1761:Middlewares/Third_Party/FreeRTOS/Source/queue.c **** 			}
 3278              		.loc 1 1761 5 view .LVU1003
1761:Middlewares/Third_Party/FreeRTOS/Source/queue.c **** 			}
 3279              		.loc 1 1761 14 is_stmt 0 view .LVU1004
 3280 00c0 FFF7FEFF 		bl	xTaskResumeAll
 3281              	.LVL286:
 3282 00c4 09E0     		b	.L223
 3283              	.L231:
1768:Middlewares/Third_Party/FreeRTOS/Source/queue.c **** 			( void ) xTaskResumeAll();
 3284              		.loc 1 1768 4 is_stmt 1 view .LVU1005
 3285 00c6 2046     		mov	r0, r4
 3286 00c8 FFF7FEFF 		bl	prvUnlockQueue
 3287              	.LVL287:
1769:Middlewares/Third_Party/FreeRTOS/Source/queue.c **** 
 3288              		.loc 1 1769 4 view .LVU1006
1769:Middlewares/Third_Party/FreeRTOS/Source/queue.c **** 
 3289              		.loc 1 1769 13 is_stmt 0 view .LVU1007
 3290 00cc FFF7FEFF 		bl	xTaskResumeAll
 3291              	.LVL288:
1771:Middlewares/Third_Party/FreeRTOS/Source/queue.c **** 			{
 3292              		.loc 1 1771 4 is_stmt 1 view .LVU1008
1771:Middlewares/Third_Party/FreeRTOS/Source/queue.c **** 			{
 3293              		.loc 1 1771 8 is_stmt 0 view .LVU1009
 3294 00d0 2046     		mov	r0, r4
ARM GAS  /tmp/ccAaDn2P.s 			page 120


 3295 00d2 FFF7FEFF 		bl	prvIsQueueEmpty
 3296              	.LVL289:
1771:Middlewares/Third_Party/FreeRTOS/Source/queue.c **** 			{
 3297              		.loc 1 1771 6 view .LVU1010
 3298 00d6 0028     		cmp	r0, #0
 3299 00d8 3FD1     		bne	.L239
 3300              	.LVL290:
 3301              	.L223:
1653:Middlewares/Third_Party/FreeRTOS/Source/queue.c **** 	}
 3302              		.loc 1 1653 104 is_stmt 1 discriminator 8 view .LVU1011
1661:Middlewares/Third_Party/FreeRTOS/Source/queue.c **** 	{
 3303              		.loc 1 1661 2 discriminator 8 view .LVU1012
1663:Middlewares/Third_Party/FreeRTOS/Source/queue.c **** 		{
 3304              		.loc 1 1663 3 discriminator 8 view .LVU1013
 3305 00da FFF7FEFF 		bl	vPortEnterCritical
 3306              	.LVL291:
 3307              	.LBB186:
1665:Middlewares/Third_Party/FreeRTOS/Source/queue.c **** 
 3308              		.loc 1 1665 4 discriminator 8 view .LVU1014
1665:Middlewares/Third_Party/FreeRTOS/Source/queue.c **** 
 3309              		.loc 1 1665 22 is_stmt 0 discriminator 8 view .LVU1015
 3310 00de A36B     		ldr	r3, [r4, #56]
 3311              	.LVL292:
1669:Middlewares/Third_Party/FreeRTOS/Source/queue.c **** 			{
 3312              		.loc 1 1669 4 is_stmt 1 discriminator 8 view .LVU1016
1669:Middlewares/Third_Party/FreeRTOS/Source/queue.c **** 			{
 3313              		.loc 1 1669 6 is_stmt 0 discriminator 8 view .LVU1017
 3314 00e0 002B     		cmp	r3, #0
 3315 00e2 BBD1     		bne	.L240
1706:Middlewares/Third_Party/FreeRTOS/Source/queue.c **** 				{
 3316              		.loc 1 1706 5 is_stmt 1 view .LVU1018
1706:Middlewares/Third_Party/FreeRTOS/Source/queue.c **** 				{
 3317              		.loc 1 1706 22 is_stmt 0 view .LVU1019
 3318 00e4 019B     		ldr	r3, [sp, #4]
 3319              	.LVL293:
1706:Middlewares/Third_Party/FreeRTOS/Source/queue.c **** 				{
 3320              		.loc 1 1706 7 view .LVU1020
 3321 00e6 002B     		cmp	r3, #0
 3322 00e8 D6D0     		beq	.L241
1714:Middlewares/Third_Party/FreeRTOS/Source/queue.c **** 				{
 3323              		.loc 1 1714 10 is_stmt 1 view .LVU1021
1714:Middlewares/Third_Party/FreeRTOS/Source/queue.c **** 				{
 3324              		.loc 1 1714 12 is_stmt 0 view .LVU1022
 3325 00ea 002D     		cmp	r5, #0
 3326 00ec D8D0     		beq	.L242
 3327              	.LVL294:
 3328              	.L228:
1725:Middlewares/Third_Party/FreeRTOS/Source/queue.c **** 				}
 3329              		.loc 1 1725 30 is_stmt 1 view .LVU1023
 3330              	.LBE186:
1729:Middlewares/Third_Party/FreeRTOS/Source/queue.c **** 
 3331              		.loc 1 1729 3 view .LVU1024
 3332 00ee FFF7FEFF 		bl	vPortExitCritical
 3333              	.LVL295:
1734:Middlewares/Third_Party/FreeRTOS/Source/queue.c **** 		prvLockQueue( pxQueue );
 3334              		.loc 1 1734 3 view .LVU1025
 3335 00f2 FFF7FEFF 		bl	vTaskSuspendAll
ARM GAS  /tmp/ccAaDn2P.s 			page 121


 3336              	.LVL296:
1735:Middlewares/Third_Party/FreeRTOS/Source/queue.c **** 
 3337              		.loc 1 1735 3 view .LVU1026
 3338 00f6 FFF7FEFF 		bl	vPortEnterCritical
 3339              	.LVL297:
1735:Middlewares/Third_Party/FreeRTOS/Source/queue.c **** 
 3340              		.loc 1 1735 3 view .LVU1027
 3341 00fa 94F84430 		ldrb	r3, [r4, #68]	@ zero_extendqisi2
 3342 00fe 5BB2     		sxtb	r3, r3
 3343 0100 B3F1FF3F 		cmp	r3, #-1
 3344 0104 D1D0     		beq	.L243
 3345              	.L229:
1735:Middlewares/Third_Party/FreeRTOS/Source/queue.c **** 
 3346              		.loc 1 1735 3 discriminator 3 view .LVU1028
 3347 0106 94F84530 		ldrb	r3, [r4, #69]	@ zero_extendqisi2
 3348 010a 5BB2     		sxtb	r3, r3
 3349 010c B3F1FF3F 		cmp	r3, #-1
 3350 0110 CFD0     		beq	.L244
 3351              	.L230:
1735:Middlewares/Third_Party/FreeRTOS/Source/queue.c **** 
 3352              		.loc 1 1735 3 discriminator 6 view .LVU1029
 3353 0112 FFF7FEFF 		bl	vPortExitCritical
 3354              	.LVL298:
1738:Middlewares/Third_Party/FreeRTOS/Source/queue.c **** 		{
 3355              		.loc 1 1738 3 discriminator 6 view .LVU1030
1738:Middlewares/Third_Party/FreeRTOS/Source/queue.c **** 		{
 3356              		.loc 1 1738 7 is_stmt 0 discriminator 6 view .LVU1031
 3357 0116 01A9     		add	r1, sp, #4
 3358 0118 02A8     		add	r0, sp, #8
 3359 011a FFF7FEFF 		bl	xTaskCheckForTimeOut
 3360              	.LVL299:
1738:Middlewares/Third_Party/FreeRTOS/Source/queue.c **** 		{
 3361              		.loc 1 1738 5 discriminator 6 view .LVU1032
 3362 011e 0028     		cmp	r0, #0
 3363 0120 D1D1     		bne	.L231
1742:Middlewares/Third_Party/FreeRTOS/Source/queue.c **** 			{
 3364              		.loc 1 1742 4 is_stmt 1 view .LVU1033
1742:Middlewares/Third_Party/FreeRTOS/Source/queue.c **** 			{
 3365              		.loc 1 1742 8 is_stmt 0 view .LVU1034
 3366 0122 2046     		mov	r0, r4
 3367 0124 FFF7FEFF 		bl	prvIsQueueEmpty
 3368              	.LVL300:
1742:Middlewares/Third_Party/FreeRTOS/Source/queue.c **** 			{
 3369              		.loc 1 1742 6 view .LVU1035
 3370 0128 0028     		cmp	r0, #0
 3371 012a C6D0     		beq	.L232
1744:Middlewares/Third_Party/FreeRTOS/Source/queue.c **** 				vTaskPlaceOnEventList( &( pxQueue->xTasksWaitingToReceive ), xTicksToWait );
 3372              		.loc 1 1744 43 is_stmt 1 view .LVU1036
1745:Middlewares/Third_Party/FreeRTOS/Source/queue.c **** 				prvUnlockQueue( pxQueue );
 3373              		.loc 1 1745 5 view .LVU1037
 3374 012c 0199     		ldr	r1, [sp, #4]
 3375 012e 04F12400 		add	r0, r4, #36
 3376 0132 FFF7FEFF 		bl	vTaskPlaceOnEventList
 3377              	.LVL301:
1746:Middlewares/Third_Party/FreeRTOS/Source/queue.c **** 				if( xTaskResumeAll() == pdFALSE )
 3378              		.loc 1 1746 5 view .LVU1038
 3379 0136 2046     		mov	r0, r4
ARM GAS  /tmp/ccAaDn2P.s 			page 122


 3380 0138 FFF7FEFF 		bl	prvUnlockQueue
 3381              	.LVL302:
1747:Middlewares/Third_Party/FreeRTOS/Source/queue.c **** 				{
 3382              		.loc 1 1747 5 view .LVU1039
1747:Middlewares/Third_Party/FreeRTOS/Source/queue.c **** 				{
 3383              		.loc 1 1747 9 is_stmt 0 view .LVU1040
 3384 013c FFF7FEFF 		bl	xTaskResumeAll
 3385              	.LVL303:
1747:Middlewares/Third_Party/FreeRTOS/Source/queue.c **** 				{
 3386              		.loc 1 1747 7 view .LVU1041
 3387 0140 0028     		cmp	r0, #0
 3388 0142 CAD1     		bne	.L223
1749:Middlewares/Third_Party/FreeRTOS/Source/queue.c **** 				}
 3389              		.loc 1 1749 6 is_stmt 1 view .LVU1042
 3390 0144 4FF0E023 		mov	r3, #-536813568
 3391 0148 4FF08052 		mov	r2, #268435456
 3392 014c C3F8042D 		str	r2, [r3, #3332]
1749:Middlewares/Third_Party/FreeRTOS/Source/queue.c **** 				}
 3393              		.loc 1 1749 6 view .LVU1043
 3394              		.syntax unified
 3395              	@ 1749 "Middlewares/Third_Party/FreeRTOS/Source/queue.c" 1
 3396 0150 BFF34F8F 		dsb
 3397              	@ 0 "" 2
1749:Middlewares/Third_Party/FreeRTOS/Source/queue.c **** 				}
 3398              		.loc 1 1749 6 view .LVU1044
 3399              	@ 1749 "Middlewares/Third_Party/FreeRTOS/Source/queue.c" 1
 3400 0154 BFF36F8F 		isb
 3401              	@ 0 "" 2
1749:Middlewares/Third_Party/FreeRTOS/Source/queue.c **** 				}
 3402              		.loc 1 1749 28 view .LVU1045
 3403              		.thumb
 3404              		.syntax unified
 3405 0158 BFE7     		b	.L223
 3406              	.L239:
1774:Middlewares/Third_Party/FreeRTOS/Source/queue.c **** 			}
 3407              		.loc 1 1774 12 is_stmt 0 view .LVU1046
 3408 015a 0020     		movs	r0, #0
 3409 015c 89E7     		b	.L216
 3410              		.cfi_endproc
 3411              	.LFE17:
 3413              		.section	.text.xQueueReceiveFromISR,"ax",%progbits
 3414              		.align	1
 3415              		.global	xQueueReceiveFromISR
 3416              		.syntax unified
 3417              		.thumb
 3418              		.thumb_func
 3420              	xQueueReceiveFromISR:
 3421              	.LVL304:
 3422              	.LFB18:
1786:Middlewares/Third_Party/FreeRTOS/Source/queue.c **** BaseType_t xReturn;
 3423              		.loc 1 1786 1 is_stmt 1 view -0
 3424              		.cfi_startproc
 3425              		@ args = 0, pretend = 0, frame = 0
 3426              		@ frame_needed = 0, uses_anonymous_args = 0
1786:Middlewares/Third_Party/FreeRTOS/Source/queue.c **** BaseType_t xReturn;
 3427              		.loc 1 1786 1 is_stmt 0 view .LVU1048
 3428 0000 2DE9F843 		push	{r3, r4, r5, r6, r7, r8, r9, lr}
ARM GAS  /tmp/ccAaDn2P.s 			page 123


 3429              	.LCFI39:
 3430              		.cfi_def_cfa_offset 32
 3431              		.cfi_offset 3, -32
 3432              		.cfi_offset 4, -28
 3433              		.cfi_offset 5, -24
 3434              		.cfi_offset 6, -20
 3435              		.cfi_offset 7, -16
 3436              		.cfi_offset 8, -12
 3437              		.cfi_offset 9, -8
 3438              		.cfi_offset 14, -4
1787:Middlewares/Third_Party/FreeRTOS/Source/queue.c **** UBaseType_t uxSavedInterruptStatus;
 3439              		.loc 1 1787 1 is_stmt 1 view .LVU1049
1788:Middlewares/Third_Party/FreeRTOS/Source/queue.c **** Queue_t * const pxQueue = xQueue;
 3440              		.loc 1 1788 1 view .LVU1050
1789:Middlewares/Third_Party/FreeRTOS/Source/queue.c **** 
 3441              		.loc 1 1789 1 view .LVU1051
 3442              	.LVL305:
1791:Middlewares/Third_Party/FreeRTOS/Source/queue.c **** 	configASSERT( !( ( pvBuffer == NULL ) && ( pxQueue->uxItemSize != ( UBaseType_t ) 0U ) ) );
 3443              		.loc 1 1791 2 view .LVU1052
 3444 0004 B0B1     		cbz	r0, .L257
 3445 0006 0D46     		mov	r5, r1
 3446 0008 1646     		mov	r6, r2
 3447 000a 0446     		mov	r4, r0
1791:Middlewares/Third_Party/FreeRTOS/Source/queue.c **** 	configASSERT( !( ( pvBuffer == NULL ) && ( pxQueue->uxItemSize != ( UBaseType_t ) 0U ) ) );
 3448              		.loc 1 1791 25 discriminator 2 view .LVU1053
1792:Middlewares/Third_Party/FreeRTOS/Source/queue.c **** 
 3449              		.loc 1 1792 2 discriminator 2 view .LVU1054
 3450 000c D9B1     		cbz	r1, .L258
 3451              	.L248:
1792:Middlewares/Third_Party/FreeRTOS/Source/queue.c **** 
 3452              		.loc 1 1792 92 discriminator 8 view .LVU1055
1808:Middlewares/Third_Party/FreeRTOS/Source/queue.c **** 
 3453              		.loc 1 1808 2 discriminator 8 view .LVU1056
 3454 000e FFF7FEFF 		bl	vPortValidateInterruptPriority
 3455              	.LVL306:
1810:Middlewares/Third_Party/FreeRTOS/Source/queue.c **** 	{
 3456              		.loc 1 1810 2 discriminator 8 view .LVU1057
 3457              	.LBB187:
 3458              	.LBI187:
 209:Middlewares/Third_Party/FreeRTOS/Source/portable/GCC/ARM_CM3/portmacro.h **** {
 3459              		.loc 2 209 34 discriminator 8 view .LVU1058
 3460              	.LBB188:
 211:Middlewares/Third_Party/FreeRTOS/Source/portable/GCC/ARM_CM3/portmacro.h **** 
 3461              		.loc 2 211 1 discriminator 8 view .LVU1059
 213:Middlewares/Third_Party/FreeRTOS/Source/portable/GCC/ARM_CM3/portmacro.h **** 	(
 3462              		.loc 2 213 2 discriminator 8 view .LVU1060
 3463              		.syntax unified
 3464              	@ 213 "Middlewares/Third_Party/FreeRTOS/Source/portable/GCC/ARM_CM3/portmacro.h" 1
 3465 0012 EFF31188 			mrs r8, basepri											
 3466 0016 4FF05003 		mov r3, #80												
 3467 001a 83F31188 		msr basepri, r3											
 3468 001e BFF36F8F 		isb														
 3469 0022 BFF34F8F 		dsb														
 3470              	
 3471              	@ 0 "" 2
 3472              	.LVL307:
 225:Middlewares/Third_Party/FreeRTOS/Source/portable/GCC/ARM_CM3/portmacro.h **** }
ARM GAS  /tmp/ccAaDn2P.s 			page 124


 3473              		.loc 2 225 2 discriminator 8 view .LVU1061
 225:Middlewares/Third_Party/FreeRTOS/Source/portable/GCC/ARM_CM3/portmacro.h **** }
 3474              		.loc 2 225 2 is_stmt 0 discriminator 8 view .LVU1062
 3475              		.thumb
 3476              		.syntax unified
 3477              	.LBE188:
 3478              	.LBE187:
 3479              	.LBB189:
1812:Middlewares/Third_Party/FreeRTOS/Source/queue.c **** 
 3480              		.loc 1 1812 3 is_stmt 1 discriminator 8 view .LVU1063
1812:Middlewares/Third_Party/FreeRTOS/Source/queue.c **** 
 3481              		.loc 1 1812 21 is_stmt 0 discriminator 8 view .LVU1064
 3482 0026 A76B     		ldr	r7, [r4, #56]
 3483              	.LVL308:
1815:Middlewares/Third_Party/FreeRTOS/Source/queue.c **** 		{
 3484              		.loc 1 1815 3 is_stmt 1 discriminator 8 view .LVU1065
1815:Middlewares/Third_Party/FreeRTOS/Source/queue.c **** 		{
 3485              		.loc 1 1815 5 is_stmt 0 discriminator 8 view .LVU1066
 3486 0028 CFB9     		cbnz	r7, .L259
1866:Middlewares/Third_Party/FreeRTOS/Source/queue.c **** 			traceQUEUE_RECEIVE_FROM_ISR_FAILED( pxQueue );
 3487              		.loc 1 1866 12 view .LVU1067
 3488 002a 0020     		movs	r0, #0
 3489              	.LVL309:
 3490              	.L250:
1867:Middlewares/Third_Party/FreeRTOS/Source/queue.c **** 		}
 3491              		.loc 1 1867 49 is_stmt 1 view .LVU1068
 3492              	.LBE189:
1870:Middlewares/Third_Party/FreeRTOS/Source/queue.c **** 
 3493              		.loc 1 1870 2 view .LVU1069
 3494              	.LBB191:
 3495              	.LBI191:
 229:Middlewares/Third_Party/FreeRTOS/Source/portable/GCC/ARM_CM3/portmacro.h **** {
 3496              		.loc 2 229 30 view .LVU1070
 3497              	.LBB192:
 3498              		.loc 2 231 2 view .LVU1071
 3499              		.syntax unified
 3500              	@ 231 "Middlewares/Third_Party/FreeRTOS/Source/portable/GCC/ARM_CM3/portmacro.h" 1
 3501 002c 88F31188 			msr basepri, r8	
 3502              	@ 0 "" 2
 3503              	.LVL310:
 3504              		.loc 2 231 2 is_stmt 0 view .LVU1072
 3505              		.thumb
 3506              		.syntax unified
 3507              	.LBE192:
 3508              	.LBE191:
1872:Middlewares/Third_Party/FreeRTOS/Source/queue.c **** }
 3509              		.loc 1 1872 2 is_stmt 1 view .LVU1073
1873:Middlewares/Third_Party/FreeRTOS/Source/queue.c **** /*-----------------------------------------------------------*/
 3510              		.loc 1 1873 1 is_stmt 0 view .LVU1074
 3511 0030 BDE8F883 		pop	{r3, r4, r5, r6, r7, r8, r9, pc}
 3512              	.LVL311:
 3513              	.L257:
1791:Middlewares/Third_Party/FreeRTOS/Source/queue.c **** 	configASSERT( !( ( pvBuffer == NULL ) && ( pxQueue->uxItemSize != ( UBaseType_t ) 0U ) ) );
 3514              		.loc 1 1791 2 is_stmt 1 view .LVU1075
 3515              	.LBB193:
 3516              	.LBI193:
 193:Middlewares/Third_Party/FreeRTOS/Source/portable/GCC/ARM_CM3/portmacro.h **** {
ARM GAS  /tmp/ccAaDn2P.s 			page 125


 3517              		.loc 2 193 30 view .LVU1076
 3518              	.LBB194:
 195:Middlewares/Third_Party/FreeRTOS/Source/portable/GCC/ARM_CM3/portmacro.h **** 
 3519              		.loc 2 195 1 view .LVU1077
 197:Middlewares/Third_Party/FreeRTOS/Source/portable/GCC/ARM_CM3/portmacro.h **** 	(
 3520              		.loc 2 197 2 view .LVU1078
 3521              		.syntax unified
 3522              	@ 197 "Middlewares/Third_Party/FreeRTOS/Source/portable/GCC/ARM_CM3/portmacro.h" 1
 3523 0034 4FF05003 			mov r3, #80												
 3524 0038 83F31188 		msr basepri, r3											
 3525 003c BFF36F8F 		isb														
 3526 0040 BFF34F8F 		dsb														
 3527              	
 3528              	@ 0 "" 2
 3529              	.LVL312:
 3530              		.thumb
 3531              		.syntax unified
 3532              	.L247:
 197:Middlewares/Third_Party/FreeRTOS/Source/portable/GCC/ARM_CM3/portmacro.h **** 	(
 3533              		.loc 2 197 2 is_stmt 0 view .LVU1079
 3534              	.LBE194:
 3535              	.LBE193:
1791:Middlewares/Third_Party/FreeRTOS/Source/queue.c **** 	configASSERT( !( ( pvBuffer == NULL ) && ( pxQueue->uxItemSize != ( UBaseType_t ) 0U ) ) );
 3536              		.loc 1 1791 2 is_stmt 1 discriminator 1 view .LVU1080
1791:Middlewares/Third_Party/FreeRTOS/Source/queue.c **** 	configASSERT( !( ( pvBuffer == NULL ) && ( pxQueue->uxItemSize != ( UBaseType_t ) 0U ) ) );
 3537              		.loc 1 1791 2 discriminator 1 view .LVU1081
1791:Middlewares/Third_Party/FreeRTOS/Source/queue.c **** 	configASSERT( !( ( pvBuffer == NULL ) && ( pxQueue->uxItemSize != ( UBaseType_t ) 0U ) ) );
 3538              		.loc 1 1791 2 discriminator 1 view .LVU1082
 3539 0044 FEE7     		b	.L247
 3540              	.L258:
1792:Middlewares/Third_Party/FreeRTOS/Source/queue.c **** 
 3541              		.loc 1 1792 2 is_stmt 0 discriminator 2 view .LVU1083
 3542 0046 036C     		ldr	r3, [r0, #64]
 3543 0048 002B     		cmp	r3, #0
 3544 004a E0D0     		beq	.L248
1792:Middlewares/Third_Party/FreeRTOS/Source/queue.c **** 
 3545              		.loc 1 1792 2 is_stmt 1 view .LVU1084
 3546              	.LBB195:
 3547              	.LBI195:
 193:Middlewares/Third_Party/FreeRTOS/Source/portable/GCC/ARM_CM3/portmacro.h **** {
 3548              		.loc 2 193 30 view .LVU1085
 3549              	.LBB196:
 195:Middlewares/Third_Party/FreeRTOS/Source/portable/GCC/ARM_CM3/portmacro.h **** 
 3550              		.loc 2 195 1 view .LVU1086
 197:Middlewares/Third_Party/FreeRTOS/Source/portable/GCC/ARM_CM3/portmacro.h **** 	(
 3551              		.loc 2 197 2 view .LVU1087
 3552              		.syntax unified
 3553              	@ 197 "Middlewares/Third_Party/FreeRTOS/Source/portable/GCC/ARM_CM3/portmacro.h" 1
 3554 004c 4FF05003 			mov r3, #80												
 3555 0050 83F31188 		msr basepri, r3											
 3556 0054 BFF36F8F 		isb														
 3557 0058 BFF34F8F 		dsb														
 3558              	
 3559              	@ 0 "" 2
 3560              	.LVL313:
 3561              		.thumb
 3562              		.syntax unified
ARM GAS  /tmp/ccAaDn2P.s 			page 126


 3563              	.L249:
 197:Middlewares/Third_Party/FreeRTOS/Source/portable/GCC/ARM_CM3/portmacro.h **** 	(
 3564              		.loc 2 197 2 is_stmt 0 view .LVU1088
 3565              	.LBE196:
 3566              	.LBE195:
1792:Middlewares/Third_Party/FreeRTOS/Source/queue.c **** 
 3567              		.loc 1 1792 2 is_stmt 1 discriminator 2 view .LVU1089
1792:Middlewares/Third_Party/FreeRTOS/Source/queue.c **** 
 3568              		.loc 1 1792 2 discriminator 2 view .LVU1090
1792:Middlewares/Third_Party/FreeRTOS/Source/queue.c **** 
 3569              		.loc 1 1792 2 discriminator 2 view .LVU1091
 3570 005c FEE7     		b	.L249
 3571              	.LVL314:
 3572              	.L259:
 3573              	.LBB197:
 3574              	.LBB190:
1817:Middlewares/Third_Party/FreeRTOS/Source/queue.c **** 
 3575              		.loc 1 1817 4 view .LVU1092
1817:Middlewares/Third_Party/FreeRTOS/Source/queue.c **** 
 3576              		.loc 1 1817 17 is_stmt 0 view .LVU1093
 3577 005e 94F84490 		ldrb	r9, [r4, #68]	@ zero_extendqisi2
 3578 0062 4FFA89F9 		sxtb	r9, r9
 3579              	.LVL315:
1819:Middlewares/Third_Party/FreeRTOS/Source/queue.c **** 
 3580              		.loc 1 1819 42 is_stmt 1 view .LVU1094
1821:Middlewares/Third_Party/FreeRTOS/Source/queue.c **** 			pxQueue->uxMessagesWaiting = uxMessagesWaiting - ( UBaseType_t ) 1;
 3581              		.loc 1 1821 4 view .LVU1095
 3582 0066 2946     		mov	r1, r5
 3583 0068 2046     		mov	r0, r4
 3584 006a FFF7FEFF 		bl	prvCopyDataFromQueue
 3585              	.LVL316:
1822:Middlewares/Third_Party/FreeRTOS/Source/queue.c **** 
 3586              		.loc 1 1822 4 view .LVU1096
1822:Middlewares/Third_Party/FreeRTOS/Source/queue.c **** 
 3587              		.loc 1 1822 51 is_stmt 0 view .LVU1097
 3588 006e 013F     		subs	r7, r7, #1
 3589              	.LVL317:
1822:Middlewares/Third_Party/FreeRTOS/Source/queue.c **** 
 3590              		.loc 1 1822 31 view .LVU1098
 3591 0070 A763     		str	r7, [r4, #56]
1828:Middlewares/Third_Party/FreeRTOS/Source/queue.c **** 			{
 3592              		.loc 1 1828 4 is_stmt 1 view .LVU1099
1828:Middlewares/Third_Party/FreeRTOS/Source/queue.c **** 			{
 3593              		.loc 1 1828 6 is_stmt 0 view .LVU1100
 3594 0072 B9F1FF3F 		cmp	r9, #-1
 3595 0076 06D0     		beq	.L260
1859:Middlewares/Third_Party/FreeRTOS/Source/queue.c **** 			}
 3596              		.loc 1 1859 5 is_stmt 1 view .LVU1101
1859:Middlewares/Third_Party/FreeRTOS/Source/queue.c **** 			}
 3597              		.loc 1 1859 45 is_stmt 0 view .LVU1102
 3598 0078 09F10103 		add	r3, r9, #1
1859:Middlewares/Third_Party/FreeRTOS/Source/queue.c **** 			}
 3599              		.loc 1 1859 24 view .LVU1103
 3600 007c 5BB2     		sxtb	r3, r3
1859:Middlewares/Third_Party/FreeRTOS/Source/queue.c **** 			}
 3601              		.loc 1 1859 22 view .LVU1104
 3602 007e 84F84430 		strb	r3, [r4, #68]
ARM GAS  /tmp/ccAaDn2P.s 			page 127


1862:Middlewares/Third_Party/FreeRTOS/Source/queue.c **** 		}
 3603              		.loc 1 1862 12 view .LVU1105
 3604 0082 0120     		movs	r0, #1
 3605 0084 D2E7     		b	.L250
 3606              	.L260:
1830:Middlewares/Third_Party/FreeRTOS/Source/queue.c **** 				{
 3607              		.loc 1 1830 5 is_stmt 1 view .LVU1106
1830:Middlewares/Third_Party/FreeRTOS/Source/queue.c **** 				{
 3608              		.loc 1 1830 9 is_stmt 0 view .LVU1107
 3609 0086 2369     		ldr	r3, [r4, #16]
1830:Middlewares/Third_Party/FreeRTOS/Source/queue.c **** 				{
 3610              		.loc 1 1830 7 view .LVU1108
 3611 0088 0BB9     		cbnz	r3, .L261
1862:Middlewares/Third_Party/FreeRTOS/Source/queue.c **** 		}
 3612              		.loc 1 1862 12 view .LVU1109
 3613 008a 0120     		movs	r0, #1
 3614 008c CEE7     		b	.L250
 3615              	.L261:
1832:Middlewares/Third_Party/FreeRTOS/Source/queue.c **** 					{
 3616              		.loc 1 1832 6 is_stmt 1 view .LVU1110
1832:Middlewares/Third_Party/FreeRTOS/Source/queue.c **** 					{
 3617              		.loc 1 1832 10 is_stmt 0 view .LVU1111
 3618 008e 04F11000 		add	r0, r4, #16
 3619 0092 FFF7FEFF 		bl	xTaskRemoveFromEventList
 3620              	.LVL318:
1832:Middlewares/Third_Party/FreeRTOS/Source/queue.c **** 					{
 3621              		.loc 1 1832 8 view .LVU1112
 3622 0096 18B1     		cbz	r0, .L254
1836:Middlewares/Third_Party/FreeRTOS/Source/queue.c **** 						{
 3623              		.loc 1 1836 7 is_stmt 1 view .LVU1113
1836:Middlewares/Third_Party/FreeRTOS/Source/queue.c **** 						{
 3624              		.loc 1 1836 9 is_stmt 0 view .LVU1114
 3625 0098 26B1     		cbz	r6, .L255
1838:Middlewares/Third_Party/FreeRTOS/Source/queue.c **** 						}
 3626              		.loc 1 1838 8 is_stmt 1 view .LVU1115
1838:Middlewares/Third_Party/FreeRTOS/Source/queue.c **** 						}
 3627              		.loc 1 1838 35 is_stmt 0 view .LVU1116
 3628 009a 0120     		movs	r0, #1
 3629 009c 3060     		str	r0, [r6]
 3630 009e C5E7     		b	.L250
 3631              	.L254:
1862:Middlewares/Third_Party/FreeRTOS/Source/queue.c **** 		}
 3632              		.loc 1 1862 12 view .LVU1117
 3633 00a0 0120     		movs	r0, #1
 3634 00a2 C3E7     		b	.L250
 3635              	.L255:
 3636 00a4 0120     		movs	r0, #1
 3637 00a6 C1E7     		b	.L250
 3638              	.LBE190:
 3639              	.LBE197:
 3640              		.cfi_endproc
 3641              	.LFE18:
 3643              		.section	.text.xQueuePeekFromISR,"ax",%progbits
 3644              		.align	1
 3645              		.global	xQueuePeekFromISR
 3646              		.syntax unified
 3647              		.thumb
ARM GAS  /tmp/ccAaDn2P.s 			page 128


 3648              		.thumb_func
 3650              	xQueuePeekFromISR:
 3651              	.LVL319:
 3652              	.LFB19:
1877:Middlewares/Third_Party/FreeRTOS/Source/queue.c **** BaseType_t xReturn;
 3653              		.loc 1 1877 1 is_stmt 1 view -0
 3654              		.cfi_startproc
 3655              		@ args = 0, pretend = 0, frame = 0
 3656              		@ frame_needed = 0, uses_anonymous_args = 0
1877:Middlewares/Third_Party/FreeRTOS/Source/queue.c **** BaseType_t xReturn;
 3657              		.loc 1 1877 1 is_stmt 0 view .LVU1119
 3658 0000 F8B5     		push	{r3, r4, r5, r6, r7, lr}
 3659              	.LCFI40:
 3660              		.cfi_def_cfa_offset 24
 3661              		.cfi_offset 3, -24
 3662              		.cfi_offset 4, -20
 3663              		.cfi_offset 5, -16
 3664              		.cfi_offset 6, -12
 3665              		.cfi_offset 7, -8
 3666              		.cfi_offset 14, -4
1878:Middlewares/Third_Party/FreeRTOS/Source/queue.c **** UBaseType_t uxSavedInterruptStatus;
 3667              		.loc 1 1878 1 is_stmt 1 view .LVU1120
1879:Middlewares/Third_Party/FreeRTOS/Source/queue.c **** int8_t *pcOriginalReadPosition;
 3668              		.loc 1 1879 1 view .LVU1121
1880:Middlewares/Third_Party/FreeRTOS/Source/queue.c **** Queue_t * const pxQueue = xQueue;
 3669              		.loc 1 1880 1 view .LVU1122
1881:Middlewares/Third_Party/FreeRTOS/Source/queue.c **** 
 3670              		.loc 1 1881 1 view .LVU1123
 3671              	.LVL320:
1883:Middlewares/Third_Party/FreeRTOS/Source/queue.c **** 	configASSERT( !( ( pvBuffer == NULL ) && ( pxQueue->uxItemSize != ( UBaseType_t ) 0U ) ) );
 3672              		.loc 1 1883 2 view .LVU1124
 3673 0002 68B1     		cbz	r0, .L272
 3674 0004 0D46     		mov	r5, r1
 3675 0006 0446     		mov	r4, r0
1883:Middlewares/Third_Party/FreeRTOS/Source/queue.c **** 	configASSERT( !( ( pvBuffer == NULL ) && ( pxQueue->uxItemSize != ( UBaseType_t ) 0U ) ) );
 3676              		.loc 1 1883 25 discriminator 2 view .LVU1125
1884:Middlewares/Third_Party/FreeRTOS/Source/queue.c **** 	configASSERT( pxQueue->uxItemSize != 0 ); /* Can't peek a semaphore. */
 3677              		.loc 1 1884 2 discriminator 2 view .LVU1126
 3678 0008 99B1     		cbz	r1, .L273
 3679              	.L265:
1884:Middlewares/Third_Party/FreeRTOS/Source/queue.c **** 	configASSERT( pxQueue->uxItemSize != 0 ); /* Can't peek a semaphore. */
 3680              		.loc 1 1884 92 discriminator 8 view .LVU1127
1885:Middlewares/Third_Party/FreeRTOS/Source/queue.c **** 
 3681              		.loc 1 1885 2 discriminator 8 view .LVU1128
 3682 000a 236C     		ldr	r3, [r4, #64]
 3683 000c EBB9     		cbnz	r3, .L267
1885:Middlewares/Third_Party/FreeRTOS/Source/queue.c **** 
 3684              		.loc 1 1885 2 view .LVU1129
 3685              	.LBB198:
 3686              	.LBI198:
 193:Middlewares/Third_Party/FreeRTOS/Source/portable/GCC/ARM_CM3/portmacro.h **** {
 3687              		.loc 2 193 30 view .LVU1130
 3688              	.LBB199:
 195:Middlewares/Third_Party/FreeRTOS/Source/portable/GCC/ARM_CM3/portmacro.h **** 
 3689              		.loc 2 195 1 view .LVU1131
 197:Middlewares/Third_Party/FreeRTOS/Source/portable/GCC/ARM_CM3/portmacro.h **** 	(
 3690              		.loc 2 197 2 view .LVU1132
ARM GAS  /tmp/ccAaDn2P.s 			page 129


 3691              		.syntax unified
 3692              	@ 197 "Middlewares/Third_Party/FreeRTOS/Source/portable/GCC/ARM_CM3/portmacro.h" 1
 3693 000e 4FF05003 			mov r3, #80												
 3694 0012 83F31188 		msr basepri, r3											
 3695 0016 BFF36F8F 		isb														
 3696 001a BFF34F8F 		dsb														
 3697              	
 3698              	@ 0 "" 2
 3699              	.LVL321:
 3700              		.thumb
 3701              		.syntax unified
 3702              	.L268:
 197:Middlewares/Third_Party/FreeRTOS/Source/portable/GCC/ARM_CM3/portmacro.h **** 	(
 3703              		.loc 2 197 2 is_stmt 0 view .LVU1133
 3704              	.LBE199:
 3705              	.LBE198:
1885:Middlewares/Third_Party/FreeRTOS/Source/queue.c **** 
 3706              		.loc 1 1885 2 is_stmt 1 discriminator 3 view .LVU1134
1885:Middlewares/Third_Party/FreeRTOS/Source/queue.c **** 
 3707              		.loc 1 1885 2 discriminator 3 view .LVU1135
1885:Middlewares/Third_Party/FreeRTOS/Source/queue.c **** 
 3708              		.loc 1 1885 2 discriminator 3 view .LVU1136
 3709 001e FEE7     		b	.L268
 3710              	.L272:
1883:Middlewares/Third_Party/FreeRTOS/Source/queue.c **** 	configASSERT( !( ( pvBuffer == NULL ) && ( pxQueue->uxItemSize != ( UBaseType_t ) 0U ) ) );
 3711              		.loc 1 1883 2 view .LVU1137
 3712              	.LBB200:
 3713              	.LBI200:
 193:Middlewares/Third_Party/FreeRTOS/Source/portable/GCC/ARM_CM3/portmacro.h **** {
 3714              		.loc 2 193 30 view .LVU1138
 3715              	.LBB201:
 195:Middlewares/Third_Party/FreeRTOS/Source/portable/GCC/ARM_CM3/portmacro.h **** 
 3716              		.loc 2 195 1 view .LVU1139
 197:Middlewares/Third_Party/FreeRTOS/Source/portable/GCC/ARM_CM3/portmacro.h **** 	(
 3717              		.loc 2 197 2 view .LVU1140
 3718              		.syntax unified
 3719              	@ 197 "Middlewares/Third_Party/FreeRTOS/Source/portable/GCC/ARM_CM3/portmacro.h" 1
 3720 0020 4FF05003 			mov r3, #80												
 3721 0024 83F31188 		msr basepri, r3											
 3722 0028 BFF36F8F 		isb														
 3723 002c BFF34F8F 		dsb														
 3724              	
 3725              	@ 0 "" 2
 3726              	.LVL322:
 3727              		.thumb
 3728              		.syntax unified
 3729              	.L264:
 197:Middlewares/Third_Party/FreeRTOS/Source/portable/GCC/ARM_CM3/portmacro.h **** 	(
 3730              		.loc 2 197 2 is_stmt 0 view .LVU1141
 3731              	.LBE201:
 3732              	.LBE200:
1883:Middlewares/Third_Party/FreeRTOS/Source/queue.c **** 	configASSERT( !( ( pvBuffer == NULL ) && ( pxQueue->uxItemSize != ( UBaseType_t ) 0U ) ) );
 3733              		.loc 1 1883 2 is_stmt 1 discriminator 1 view .LVU1142
1883:Middlewares/Third_Party/FreeRTOS/Source/queue.c **** 	configASSERT( !( ( pvBuffer == NULL ) && ( pxQueue->uxItemSize != ( UBaseType_t ) 0U ) ) );
 3734              		.loc 1 1883 2 discriminator 1 view .LVU1143
1883:Middlewares/Third_Party/FreeRTOS/Source/queue.c **** 	configASSERT( !( ( pvBuffer == NULL ) && ( pxQueue->uxItemSize != ( UBaseType_t ) 0U ) ) );
 3735              		.loc 1 1883 2 discriminator 1 view .LVU1144
ARM GAS  /tmp/ccAaDn2P.s 			page 130


 3736 0030 FEE7     		b	.L264
 3737              	.L273:
1884:Middlewares/Third_Party/FreeRTOS/Source/queue.c **** 	configASSERT( pxQueue->uxItemSize != 0 ); /* Can't peek a semaphore. */
 3738              		.loc 1 1884 2 is_stmt 0 discriminator 2 view .LVU1145
 3739 0032 036C     		ldr	r3, [r0, #64]
 3740 0034 002B     		cmp	r3, #0
 3741 0036 E8D0     		beq	.L265
1884:Middlewares/Third_Party/FreeRTOS/Source/queue.c **** 	configASSERT( pxQueue->uxItemSize != 0 ); /* Can't peek a semaphore. */
 3742              		.loc 1 1884 2 is_stmt 1 view .LVU1146
 3743              	.LBB202:
 3744              	.LBI202:
 193:Middlewares/Third_Party/FreeRTOS/Source/portable/GCC/ARM_CM3/portmacro.h **** {
 3745              		.loc 2 193 30 view .LVU1147
 3746              	.LBB203:
 195:Middlewares/Third_Party/FreeRTOS/Source/portable/GCC/ARM_CM3/portmacro.h **** 
 3747              		.loc 2 195 1 view .LVU1148
 197:Middlewares/Third_Party/FreeRTOS/Source/portable/GCC/ARM_CM3/portmacro.h **** 	(
 3748              		.loc 2 197 2 view .LVU1149
 3749              		.syntax unified
 3750              	@ 197 "Middlewares/Third_Party/FreeRTOS/Source/portable/GCC/ARM_CM3/portmacro.h" 1
 3751 0038 4FF05003 			mov r3, #80												
 3752 003c 83F31188 		msr basepri, r3											
 3753 0040 BFF36F8F 		isb														
 3754 0044 BFF34F8F 		dsb														
 3755              	
 3756              	@ 0 "" 2
 3757              	.LVL323:
 3758              		.thumb
 3759              		.syntax unified
 3760              	.L266:
 197:Middlewares/Third_Party/FreeRTOS/Source/portable/GCC/ARM_CM3/portmacro.h **** 	(
 3761              		.loc 2 197 2 is_stmt 0 view .LVU1150
 3762              	.LBE203:
 3763              	.LBE202:
1884:Middlewares/Third_Party/FreeRTOS/Source/queue.c **** 	configASSERT( pxQueue->uxItemSize != 0 ); /* Can't peek a semaphore. */
 3764              		.loc 1 1884 2 is_stmt 1 discriminator 2 view .LVU1151
1884:Middlewares/Third_Party/FreeRTOS/Source/queue.c **** 	configASSERT( pxQueue->uxItemSize != 0 ); /* Can't peek a semaphore. */
 3765              		.loc 1 1884 2 discriminator 2 view .LVU1152
1884:Middlewares/Third_Party/FreeRTOS/Source/queue.c **** 	configASSERT( pxQueue->uxItemSize != 0 ); /* Can't peek a semaphore. */
 3766              		.loc 1 1884 2 discriminator 2 view .LVU1153
 3767 0048 FEE7     		b	.L266
 3768              	.L267:
1885:Middlewares/Third_Party/FreeRTOS/Source/queue.c **** 
 3769              		.loc 1 1885 42 discriminator 2 view .LVU1154
1901:Middlewares/Third_Party/FreeRTOS/Source/queue.c **** 
 3770              		.loc 1 1901 2 discriminator 2 view .LVU1155
 3771 004a FFF7FEFF 		bl	vPortValidateInterruptPriority
 3772              	.LVL324:
1903:Middlewares/Third_Party/FreeRTOS/Source/queue.c **** 	{
 3773              		.loc 1 1903 2 discriminator 2 view .LVU1156
 3774              	.LBB204:
 3775              	.LBI204:
 209:Middlewares/Third_Party/FreeRTOS/Source/portable/GCC/ARM_CM3/portmacro.h **** {
 3776              		.loc 2 209 34 discriminator 2 view .LVU1157
 3777              	.LBB205:
 211:Middlewares/Third_Party/FreeRTOS/Source/portable/GCC/ARM_CM3/portmacro.h **** 
 3778              		.loc 2 211 1 discriminator 2 view .LVU1158
ARM GAS  /tmp/ccAaDn2P.s 			page 131


 213:Middlewares/Third_Party/FreeRTOS/Source/portable/GCC/ARM_CM3/portmacro.h **** 	(
 3779              		.loc 2 213 2 discriminator 2 view .LVU1159
 3780              		.syntax unified
 3781              	@ 213 "Middlewares/Third_Party/FreeRTOS/Source/portable/GCC/ARM_CM3/portmacro.h" 1
 3782 004e EFF31186 			mrs r6, basepri											
 3783 0052 4FF05003 		mov r3, #80												
 3784 0056 83F31188 		msr basepri, r3											
 3785 005a BFF36F8F 		isb														
 3786 005e BFF34F8F 		dsb														
 3787              	
 3788              	@ 0 "" 2
 3789              	.LVL325:
 225:Middlewares/Third_Party/FreeRTOS/Source/portable/GCC/ARM_CM3/portmacro.h **** }
 3790              		.loc 2 225 2 discriminator 2 view .LVU1160
 225:Middlewares/Third_Party/FreeRTOS/Source/portable/GCC/ARM_CM3/portmacro.h **** }
 3791              		.loc 2 225 2 is_stmt 0 discriminator 2 view .LVU1161
 3792              		.thumb
 3793              		.syntax unified
 3794              	.LBE205:
 3795              	.LBE204:
1906:Middlewares/Third_Party/FreeRTOS/Source/queue.c **** 		{
 3796              		.loc 1 1906 3 is_stmt 1 discriminator 2 view .LVU1162
1906:Middlewares/Third_Party/FreeRTOS/Source/queue.c **** 		{
 3797              		.loc 1 1906 14 is_stmt 0 discriminator 2 view .LVU1163
 3798 0062 A36B     		ldr	r3, [r4, #56]
1906:Middlewares/Third_Party/FreeRTOS/Source/queue.c **** 		{
 3799              		.loc 1 1906 5 discriminator 2 view .LVU1164
 3800 0064 1BB9     		cbnz	r3, .L274
1920:Middlewares/Third_Party/FreeRTOS/Source/queue.c **** 			traceQUEUE_PEEK_FROM_ISR_FAILED( pxQueue );
 3801              		.loc 1 1920 12 view .LVU1165
 3802 0066 0020     		movs	r0, #0
 3803              	.L269:
 3804              	.LVL326:
1921:Middlewares/Third_Party/FreeRTOS/Source/queue.c **** 		}
 3805              		.loc 1 1921 46 is_stmt 1 view .LVU1166
1924:Middlewares/Third_Party/FreeRTOS/Source/queue.c **** 
 3806              		.loc 1 1924 2 view .LVU1167
 3807              	.LBB206:
 3808              	.LBI206:
 229:Middlewares/Third_Party/FreeRTOS/Source/portable/GCC/ARM_CM3/portmacro.h **** {
 3809              		.loc 2 229 30 view .LVU1168
 3810              	.LBB207:
 3811              		.loc 2 231 2 view .LVU1169
 3812              		.syntax unified
 3813              	@ 231 "Middlewares/Third_Party/FreeRTOS/Source/portable/GCC/ARM_CM3/portmacro.h" 1
 3814 0068 86F31188 			msr basepri, r6	
 3815              	@ 0 "" 2
 3816              	.LVL327:
 3817              		.loc 2 231 2 is_stmt 0 view .LVU1170
 3818              		.thumb
 3819              		.syntax unified
 3820              	.LBE207:
 3821              	.LBE206:
1926:Middlewares/Third_Party/FreeRTOS/Source/queue.c **** }
 3822              		.loc 1 1926 2 is_stmt 1 view .LVU1171
1927:Middlewares/Third_Party/FreeRTOS/Source/queue.c **** /*-----------------------------------------------------------*/
 3823              		.loc 1 1927 1 is_stmt 0 view .LVU1172
ARM GAS  /tmp/ccAaDn2P.s 			page 132


 3824 006c F8BD     		pop	{r3, r4, r5, r6, r7, pc}
 3825              	.LVL328:
 3826              	.L274:
1908:Middlewares/Third_Party/FreeRTOS/Source/queue.c **** 
 3827              		.loc 1 1908 39 is_stmt 1 view .LVU1173
1912:Middlewares/Third_Party/FreeRTOS/Source/queue.c **** 			prvCopyDataFromQueue( pxQueue, pvBuffer );
 3828              		.loc 1 1912 4 view .LVU1174
1912:Middlewares/Third_Party/FreeRTOS/Source/queue.c **** 			prvCopyDataFromQueue( pxQueue, pvBuffer );
 3829              		.loc 1 1912 27 is_stmt 0 view .LVU1175
 3830 006e E768     		ldr	r7, [r4, #12]
 3831              	.LVL329:
1913:Middlewares/Third_Party/FreeRTOS/Source/queue.c **** 			pxQueue->u.xQueue.pcReadFrom = pcOriginalReadPosition;
 3832              		.loc 1 1913 4 is_stmt 1 view .LVU1176
 3833 0070 2946     		mov	r1, r5
 3834 0072 2046     		mov	r0, r4
 3835 0074 FFF7FEFF 		bl	prvCopyDataFromQueue
 3836              	.LVL330:
1914:Middlewares/Third_Party/FreeRTOS/Source/queue.c **** 
 3837              		.loc 1 1914 4 view .LVU1177
1914:Middlewares/Third_Party/FreeRTOS/Source/queue.c **** 
 3838              		.loc 1 1914 33 is_stmt 0 view .LVU1178
 3839 0078 E760     		str	r7, [r4, #12]
1916:Middlewares/Third_Party/FreeRTOS/Source/queue.c **** 		}
 3840              		.loc 1 1916 4 is_stmt 1 view .LVU1179
 3841              	.LVL331:
1916:Middlewares/Third_Party/FreeRTOS/Source/queue.c **** 		}
 3842              		.loc 1 1916 12 is_stmt 0 view .LVU1180
 3843 007a 0120     		movs	r0, #1
 3844 007c F4E7     		b	.L269
 3845              		.cfi_endproc
 3846              	.LFE19:
 3848              		.section	.text.uxQueueMessagesWaiting,"ax",%progbits
 3849              		.align	1
 3850              		.global	uxQueueMessagesWaiting
 3851              		.syntax unified
 3852              		.thumb
 3853              		.thumb_func
 3855              	uxQueueMessagesWaiting:
 3856              	.LVL332:
 3857              	.LFB20:
1931:Middlewares/Third_Party/FreeRTOS/Source/queue.c **** UBaseType_t uxReturn;
 3858              		.loc 1 1931 1 is_stmt 1 view -0
 3859              		.cfi_startproc
 3860              		@ args = 0, pretend = 0, frame = 0
 3861              		@ frame_needed = 0, uses_anonymous_args = 0
1932:Middlewares/Third_Party/FreeRTOS/Source/queue.c **** 
 3862              		.loc 1 1932 1 view .LVU1182
1934:Middlewares/Third_Party/FreeRTOS/Source/queue.c **** 
 3863              		.loc 1 1934 2 view .LVU1183
 3864 0000 40B1     		cbz	r0, .L280
1931:Middlewares/Third_Party/FreeRTOS/Source/queue.c **** UBaseType_t uxReturn;
 3865              		.loc 1 1931 1 is_stmt 0 discriminator 2 view .LVU1184
 3866 0002 10B5     		push	{r4, lr}
 3867              	.LCFI41:
 3868              		.cfi_def_cfa_offset 8
 3869              		.cfi_offset 4, -8
 3870              		.cfi_offset 14, -4
ARM GAS  /tmp/ccAaDn2P.s 			page 133


 3871 0004 0446     		mov	r4, r0
1934:Middlewares/Third_Party/FreeRTOS/Source/queue.c **** 
 3872              		.loc 1 1934 24 is_stmt 1 discriminator 2 view .LVU1185
1936:Middlewares/Third_Party/FreeRTOS/Source/queue.c **** 	{
 3873              		.loc 1 1936 2 discriminator 2 view .LVU1186
 3874 0006 FFF7FEFF 		bl	vPortEnterCritical
 3875              	.LVL333:
1938:Middlewares/Third_Party/FreeRTOS/Source/queue.c **** 	}
 3876              		.loc 1 1938 3 discriminator 2 view .LVU1187
1938:Middlewares/Third_Party/FreeRTOS/Source/queue.c **** 	}
 3877              		.loc 1 1938 12 is_stmt 0 discriminator 2 view .LVU1188
 3878 000a A46B     		ldr	r4, [r4, #56]
 3879              	.LVL334:
1940:Middlewares/Third_Party/FreeRTOS/Source/queue.c **** 
 3880              		.loc 1 1940 2 is_stmt 1 discriminator 2 view .LVU1189
 3881 000c FFF7FEFF 		bl	vPortExitCritical
 3882              	.LVL335:
1942:Middlewares/Third_Party/FreeRTOS/Source/queue.c **** } /*lint !e818 Pointer cannot be declared const as xQueue is a typedef not pointer. */
 3883              		.loc 1 1942 2 discriminator 2 view .LVU1190
1943:Middlewares/Third_Party/FreeRTOS/Source/queue.c **** /*-----------------------------------------------------------*/
 3884              		.loc 1 1943 1 is_stmt 0 discriminator 2 view .LVU1191
 3885 0010 2046     		mov	r0, r4
 3886 0012 10BD     		pop	{r4, pc}
 3887              	.LVL336:
 3888              	.L280:
 3889              	.LCFI42:
 3890              		.cfi_def_cfa_offset 0
 3891              		.cfi_restore 4
 3892              		.cfi_restore 14
1934:Middlewares/Third_Party/FreeRTOS/Source/queue.c **** 
 3893              		.loc 1 1934 2 is_stmt 1 view .LVU1192
 3894              	.LBB208:
 3895              	.LBI208:
 193:Middlewares/Third_Party/FreeRTOS/Source/portable/GCC/ARM_CM3/portmacro.h **** {
 3896              		.loc 2 193 30 view .LVU1193
 3897              	.LBB209:
 195:Middlewares/Third_Party/FreeRTOS/Source/portable/GCC/ARM_CM3/portmacro.h **** 
 3898              		.loc 2 195 1 view .LVU1194
 197:Middlewares/Third_Party/FreeRTOS/Source/portable/GCC/ARM_CM3/portmacro.h **** 	(
 3899              		.loc 2 197 2 view .LVU1195
 3900              		.syntax unified
 3901              	@ 197 "Middlewares/Third_Party/FreeRTOS/Source/portable/GCC/ARM_CM3/portmacro.h" 1
 3902 0014 4FF05003 			mov r3, #80												
 3903 0018 83F31188 		msr basepri, r3											
 3904 001c BFF36F8F 		isb														
 3905 0020 BFF34F8F 		dsb														
 3906              	
 3907              	@ 0 "" 2
 3908              	.LVL337:
 3909              		.thumb
 3910              		.syntax unified
 3911              	.L277:
 197:Middlewares/Third_Party/FreeRTOS/Source/portable/GCC/ARM_CM3/portmacro.h **** 	(
 3912              		.loc 2 197 2 is_stmt 0 view .LVU1196
 3913              	.LBE209:
 3914              	.LBE208:
1934:Middlewares/Third_Party/FreeRTOS/Source/queue.c **** 
ARM GAS  /tmp/ccAaDn2P.s 			page 134


 3915              		.loc 1 1934 2 is_stmt 1 discriminator 1 view .LVU1197
1934:Middlewares/Third_Party/FreeRTOS/Source/queue.c **** 
 3916              		.loc 1 1934 2 discriminator 1 view .LVU1198
1934:Middlewares/Third_Party/FreeRTOS/Source/queue.c **** 
 3917              		.loc 1 1934 2 discriminator 1 view .LVU1199
 3918 0024 FEE7     		b	.L277
 3919              		.cfi_endproc
 3920              	.LFE20:
 3922              		.section	.text.uxQueueSpacesAvailable,"ax",%progbits
 3923              		.align	1
 3924              		.global	uxQueueSpacesAvailable
 3925              		.syntax unified
 3926              		.thumb
 3927              		.thumb_func
 3929              	uxQueueSpacesAvailable:
 3930              	.LVL338:
 3931              	.LFB21:
1947:Middlewares/Third_Party/FreeRTOS/Source/queue.c **** UBaseType_t uxReturn;
 3932              		.loc 1 1947 1 view -0
 3933              		.cfi_startproc
 3934              		@ args = 0, pretend = 0, frame = 0
 3935              		@ frame_needed = 0, uses_anonymous_args = 0
1947:Middlewares/Third_Party/FreeRTOS/Source/queue.c **** UBaseType_t uxReturn;
 3936              		.loc 1 1947 1 is_stmt 0 view .LVU1201
 3937 0000 38B5     		push	{r3, r4, r5, lr}
 3938              	.LCFI43:
 3939              		.cfi_def_cfa_offset 16
 3940              		.cfi_offset 3, -16
 3941              		.cfi_offset 4, -12
 3942              		.cfi_offset 5, -8
 3943              		.cfi_offset 14, -4
1948:Middlewares/Third_Party/FreeRTOS/Source/queue.c **** Queue_t * const pxQueue = xQueue;
 3944              		.loc 1 1948 1 is_stmt 1 view .LVU1202
1949:Middlewares/Third_Party/FreeRTOS/Source/queue.c **** 
 3945              		.loc 1 1949 1 view .LVU1203
 3946              	.LVL339:
1951:Middlewares/Third_Party/FreeRTOS/Source/queue.c **** 
 3947              		.loc 1 1951 2 view .LVU1204
 3948 0002 48B1     		cbz	r0, .L285
 3949 0004 0546     		mov	r5, r0
1951:Middlewares/Third_Party/FreeRTOS/Source/queue.c **** 
 3950              		.loc 1 1951 25 discriminator 2 view .LVU1205
1953:Middlewares/Third_Party/FreeRTOS/Source/queue.c **** 	{
 3951              		.loc 1 1953 2 discriminator 2 view .LVU1206
 3952 0006 FFF7FEFF 		bl	vPortEnterCritical
 3953              	.LVL340:
1955:Middlewares/Third_Party/FreeRTOS/Source/queue.c **** 	}
 3954              		.loc 1 1955 3 discriminator 2 view .LVU1207
1955:Middlewares/Third_Party/FreeRTOS/Source/queue.c **** 	}
 3955              		.loc 1 1955 21 is_stmt 0 discriminator 2 view .LVU1208
 3956 000a EC6B     		ldr	r4, [r5, #60]
1955:Middlewares/Third_Party/FreeRTOS/Source/queue.c **** 	}
 3957              		.loc 1 1955 41 discriminator 2 view .LVU1209
 3958 000c AB6B     		ldr	r3, [r5, #56]
1955:Middlewares/Third_Party/FreeRTOS/Source/queue.c **** 	}
 3959              		.loc 1 1955 12 discriminator 2 view .LVU1210
 3960 000e E41A     		subs	r4, r4, r3
ARM GAS  /tmp/ccAaDn2P.s 			page 135


 3961              	.LVL341:
1957:Middlewares/Third_Party/FreeRTOS/Source/queue.c **** 
 3962              		.loc 1 1957 2 is_stmt 1 discriminator 2 view .LVU1211
 3963 0010 FFF7FEFF 		bl	vPortExitCritical
 3964              	.LVL342:
1959:Middlewares/Third_Party/FreeRTOS/Source/queue.c **** } /*lint !e818 Pointer cannot be declared const as xQueue is a typedef not pointer. */
 3965              		.loc 1 1959 2 discriminator 2 view .LVU1212
1960:Middlewares/Third_Party/FreeRTOS/Source/queue.c **** /*-----------------------------------------------------------*/
 3966              		.loc 1 1960 1 is_stmt 0 discriminator 2 view .LVU1213
 3967 0014 2046     		mov	r0, r4
 3968 0016 38BD     		pop	{r3, r4, r5, pc}
 3969              	.LVL343:
 3970              	.L285:
1951:Middlewares/Third_Party/FreeRTOS/Source/queue.c **** 
 3971              		.loc 1 1951 2 is_stmt 1 view .LVU1214
 3972              	.LBB210:
 3973              	.LBI210:
 193:Middlewares/Third_Party/FreeRTOS/Source/portable/GCC/ARM_CM3/portmacro.h **** {
 3974              		.loc 2 193 30 view .LVU1215
 3975              	.LBB211:
 195:Middlewares/Third_Party/FreeRTOS/Source/portable/GCC/ARM_CM3/portmacro.h **** 
 3976              		.loc 2 195 1 view .LVU1216
 197:Middlewares/Third_Party/FreeRTOS/Source/portable/GCC/ARM_CM3/portmacro.h **** 	(
 3977              		.loc 2 197 2 view .LVU1217
 3978              		.syntax unified
 3979              	@ 197 "Middlewares/Third_Party/FreeRTOS/Source/portable/GCC/ARM_CM3/portmacro.h" 1
 3980 0018 4FF05003 			mov r3, #80												
 3981 001c 83F31188 		msr basepri, r3											
 3982 0020 BFF36F8F 		isb														
 3983 0024 BFF34F8F 		dsb														
 3984              	
 3985              	@ 0 "" 2
 3986              	.LVL344:
 3987              		.thumb
 3988              		.syntax unified
 3989              	.L283:
 197:Middlewares/Third_Party/FreeRTOS/Source/portable/GCC/ARM_CM3/portmacro.h **** 	(
 3990              		.loc 2 197 2 is_stmt 0 view .LVU1218
 3991              	.LBE211:
 3992              	.LBE210:
1951:Middlewares/Third_Party/FreeRTOS/Source/queue.c **** 
 3993              		.loc 1 1951 2 is_stmt 1 discriminator 1 view .LVU1219
1951:Middlewares/Third_Party/FreeRTOS/Source/queue.c **** 
 3994              		.loc 1 1951 2 discriminator 1 view .LVU1220
1951:Middlewares/Third_Party/FreeRTOS/Source/queue.c **** 
 3995              		.loc 1 1951 2 discriminator 1 view .LVU1221
 3996 0028 FEE7     		b	.L283
 3997              		.cfi_endproc
 3998              	.LFE21:
 4000              		.section	.text.uxQueueMessagesWaitingFromISR,"ax",%progbits
 4001              		.align	1
 4002              		.global	uxQueueMessagesWaitingFromISR
 4003              		.syntax unified
 4004              		.thumb
 4005              		.thumb_func
 4007              	uxQueueMessagesWaitingFromISR:
 4008              	.LVL345:
ARM GAS  /tmp/ccAaDn2P.s 			page 136


 4009              	.LFB22:
1964:Middlewares/Third_Party/FreeRTOS/Source/queue.c **** UBaseType_t uxReturn;
 4010              		.loc 1 1964 1 view -0
 4011              		.cfi_startproc
 4012              		@ args = 0, pretend = 0, frame = 0
 4013              		@ frame_needed = 0, uses_anonymous_args = 0
 4014              		@ link register save eliminated.
1965:Middlewares/Third_Party/FreeRTOS/Source/queue.c **** Queue_t * const pxQueue = xQueue;
 4015              		.loc 1 1965 1 view .LVU1223
1966:Middlewares/Third_Party/FreeRTOS/Source/queue.c **** 
 4016              		.loc 1 1966 1 view .LVU1224
1968:Middlewares/Third_Party/FreeRTOS/Source/queue.c **** 	uxReturn = pxQueue->uxMessagesWaiting;
 4017              		.loc 1 1968 2 view .LVU1225
 4018 0000 08B1     		cbz	r0, .L289
1968:Middlewares/Third_Party/FreeRTOS/Source/queue.c **** 	uxReturn = pxQueue->uxMessagesWaiting;
 4019              		.loc 1 1968 25 discriminator 2 view .LVU1226
1969:Middlewares/Third_Party/FreeRTOS/Source/queue.c **** 
 4020              		.loc 1 1969 2 discriminator 2 view .LVU1227
1969:Middlewares/Third_Party/FreeRTOS/Source/queue.c **** 
 4021              		.loc 1 1969 11 is_stmt 0 discriminator 2 view .LVU1228
 4022 0002 806B     		ldr	r0, [r0, #56]
 4023              	.LVL346:
1971:Middlewares/Third_Party/FreeRTOS/Source/queue.c **** } /*lint !e818 Pointer cannot be declared const as xQueue is a typedef not pointer. */
 4024              		.loc 1 1971 2 is_stmt 1 discriminator 2 view .LVU1229
1972:Middlewares/Third_Party/FreeRTOS/Source/queue.c **** /*-----------------------------------------------------------*/
 4025              		.loc 1 1972 1 is_stmt 0 discriminator 2 view .LVU1230
 4026 0004 7047     		bx	lr
 4027              	.LVL347:
 4028              	.L289:
1968:Middlewares/Third_Party/FreeRTOS/Source/queue.c **** 	uxReturn = pxQueue->uxMessagesWaiting;
 4029              		.loc 1 1968 2 is_stmt 1 view .LVU1231
 4030              	.LBB212:
 4031              	.LBI212:
 193:Middlewares/Third_Party/FreeRTOS/Source/portable/GCC/ARM_CM3/portmacro.h **** {
 4032              		.loc 2 193 30 view .LVU1232
 4033              	.LBB213:
 195:Middlewares/Third_Party/FreeRTOS/Source/portable/GCC/ARM_CM3/portmacro.h **** 
 4034              		.loc 2 195 1 view .LVU1233
 197:Middlewares/Third_Party/FreeRTOS/Source/portable/GCC/ARM_CM3/portmacro.h **** 	(
 4035              		.loc 2 197 2 view .LVU1234
 4036              		.syntax unified
 4037              	@ 197 "Middlewares/Third_Party/FreeRTOS/Source/portable/GCC/ARM_CM3/portmacro.h" 1
 4038 0006 4FF05003 			mov r3, #80												
 4039 000a 83F31188 		msr basepri, r3											
 4040 000e BFF36F8F 		isb														
 4041 0012 BFF34F8F 		dsb														
 4042              	
 4043              	@ 0 "" 2
 4044              	.LVL348:
 4045              		.thumb
 4046              		.syntax unified
 4047              	.L288:
 197:Middlewares/Third_Party/FreeRTOS/Source/portable/GCC/ARM_CM3/portmacro.h **** 	(
 4048              		.loc 2 197 2 is_stmt 0 view .LVU1235
 4049              	.LBE213:
 4050              	.LBE212:
1968:Middlewares/Third_Party/FreeRTOS/Source/queue.c **** 	uxReturn = pxQueue->uxMessagesWaiting;
ARM GAS  /tmp/ccAaDn2P.s 			page 137


 4051              		.loc 1 1968 2 is_stmt 1 discriminator 1 view .LVU1236
1968:Middlewares/Third_Party/FreeRTOS/Source/queue.c **** 	uxReturn = pxQueue->uxMessagesWaiting;
 4052              		.loc 1 1968 2 discriminator 1 view .LVU1237
1968:Middlewares/Third_Party/FreeRTOS/Source/queue.c **** 	uxReturn = pxQueue->uxMessagesWaiting;
 4053              		.loc 1 1968 2 discriminator 1 view .LVU1238
 4054 0016 FEE7     		b	.L288
 4055              		.cfi_endproc
 4056              	.LFE22:
 4058              		.section	.text.xQueueIsQueueEmptyFromISR,"ax",%progbits
 4059              		.align	1
 4060              		.global	xQueueIsQueueEmptyFromISR
 4061              		.syntax unified
 4062              		.thumb
 4063              		.thumb_func
 4065              	xQueueIsQueueEmptyFromISR:
 4066              	.LVL349:
 4067              	.LFB29:
2313:Middlewares/Third_Party/FreeRTOS/Source/queue.c **** BaseType_t xReturn;
 4068              		.loc 1 2313 1 view -0
 4069              		.cfi_startproc
 4070              		@ args = 0, pretend = 0, frame = 0
 4071              		@ frame_needed = 0, uses_anonymous_args = 0
 4072              		@ link register save eliminated.
2314:Middlewares/Third_Party/FreeRTOS/Source/queue.c **** Queue_t * const pxQueue = xQueue;
 4073              		.loc 1 2314 1 view .LVU1240
2315:Middlewares/Third_Party/FreeRTOS/Source/queue.c **** 
 4074              		.loc 1 2315 1 view .LVU1241
2317:Middlewares/Third_Party/FreeRTOS/Source/queue.c **** 	if( pxQueue->uxMessagesWaiting == ( UBaseType_t ) 0 )
 4075              		.loc 1 2317 2 view .LVU1242
 4076 0000 18B1     		cbz	r0, .L295
2317:Middlewares/Third_Party/FreeRTOS/Source/queue.c **** 	if( pxQueue->uxMessagesWaiting == ( UBaseType_t ) 0 )
 4077              		.loc 1 2317 25 discriminator 2 view .LVU1243
2318:Middlewares/Third_Party/FreeRTOS/Source/queue.c **** 	{
 4078              		.loc 1 2318 2 discriminator 2 view .LVU1244
2318:Middlewares/Third_Party/FreeRTOS/Source/queue.c **** 	{
 4079              		.loc 1 2318 13 is_stmt 0 discriminator 2 view .LVU1245
 4080 0002 836B     		ldr	r3, [r0, #56]
2318:Middlewares/Third_Party/FreeRTOS/Source/queue.c **** 	{
 4081              		.loc 1 2318 4 discriminator 2 view .LVU1246
 4082 0004 53B9     		cbnz	r3, .L294
2320:Middlewares/Third_Party/FreeRTOS/Source/queue.c **** 	}
 4083              		.loc 1 2320 11 view .LVU1247
 4084 0006 0120     		movs	r0, #1
 4085              	.LVL350:
2320:Middlewares/Third_Party/FreeRTOS/Source/queue.c **** 	}
 4086              		.loc 1 2320 11 view .LVU1248
 4087 0008 7047     		bx	lr
 4088              	.LVL351:
 4089              	.L295:
2317:Middlewares/Third_Party/FreeRTOS/Source/queue.c **** 	if( pxQueue->uxMessagesWaiting == ( UBaseType_t ) 0 )
 4090              		.loc 1 2317 2 is_stmt 1 view .LVU1249
 4091              	.LBB214:
 4092              	.LBI214:
 193:Middlewares/Third_Party/FreeRTOS/Source/portable/GCC/ARM_CM3/portmacro.h **** {
 4093              		.loc 2 193 30 view .LVU1250
 4094              	.LBB215:
 195:Middlewares/Third_Party/FreeRTOS/Source/portable/GCC/ARM_CM3/portmacro.h **** 
ARM GAS  /tmp/ccAaDn2P.s 			page 138


 4095              		.loc 2 195 1 view .LVU1251
 197:Middlewares/Third_Party/FreeRTOS/Source/portable/GCC/ARM_CM3/portmacro.h **** 	(
 4096              		.loc 2 197 2 view .LVU1252
 4097              		.syntax unified
 4098              	@ 197 "Middlewares/Third_Party/FreeRTOS/Source/portable/GCC/ARM_CM3/portmacro.h" 1
 4099 000a 4FF05003 			mov r3, #80												
 4100 000e 83F31188 		msr basepri, r3											
 4101 0012 BFF36F8F 		isb														
 4102 0016 BFF34F8F 		dsb														
 4103              	
 4104              	@ 0 "" 2
 4105              	.LVL352:
 4106              		.thumb
 4107              		.syntax unified
 4108              	.L292:
 197:Middlewares/Third_Party/FreeRTOS/Source/portable/GCC/ARM_CM3/portmacro.h **** 	(
 4109              		.loc 2 197 2 is_stmt 0 view .LVU1253
 4110              	.LBE215:
 4111              	.LBE214:
2317:Middlewares/Third_Party/FreeRTOS/Source/queue.c **** 	if( pxQueue->uxMessagesWaiting == ( UBaseType_t ) 0 )
 4112              		.loc 1 2317 2 is_stmt 1 discriminator 1 view .LVU1254
2317:Middlewares/Third_Party/FreeRTOS/Source/queue.c **** 	if( pxQueue->uxMessagesWaiting == ( UBaseType_t ) 0 )
 4113              		.loc 1 2317 2 discriminator 1 view .LVU1255
2317:Middlewares/Third_Party/FreeRTOS/Source/queue.c **** 	if( pxQueue->uxMessagesWaiting == ( UBaseType_t ) 0 )
 4114              		.loc 1 2317 2 discriminator 1 view .LVU1256
 4115 001a FEE7     		b	.L292
 4116              	.L294:
2324:Middlewares/Third_Party/FreeRTOS/Source/queue.c **** 	}
 4117              		.loc 1 2324 11 is_stmt 0 view .LVU1257
 4118 001c 0020     		movs	r0, #0
 4119              	.LVL353:
2327:Middlewares/Third_Party/FreeRTOS/Source/queue.c **** } /*lint !e818 xQueue could not be pointer to const because it is a typedef. */
 4120              		.loc 1 2327 2 is_stmt 1 view .LVU1258
2328:Middlewares/Third_Party/FreeRTOS/Source/queue.c **** /*-----------------------------------------------------------*/
 4121              		.loc 1 2328 1 is_stmt 0 view .LVU1259
 4122 001e 7047     		bx	lr
 4123              		.cfi_endproc
 4124              	.LFE29:
 4126              		.section	.text.xQueueIsQueueFullFromISR,"ax",%progbits
 4127              		.align	1
 4128              		.global	xQueueIsQueueFullFromISR
 4129              		.syntax unified
 4130              		.thumb
 4131              		.thumb_func
 4133              	xQueueIsQueueFullFromISR:
 4134              	.LVL354:
 4135              	.LFB31:
2350:Middlewares/Third_Party/FreeRTOS/Source/queue.c **** /*-----------------------------------------------------------*/
2351:Middlewares/Third_Party/FreeRTOS/Source/queue.c **** 
2352:Middlewares/Third_Party/FreeRTOS/Source/queue.c **** BaseType_t xQueueIsQueueFullFromISR( const QueueHandle_t xQueue )
2353:Middlewares/Third_Party/FreeRTOS/Source/queue.c **** {
 4136              		.loc 1 2353 1 is_stmt 1 view -0
 4137              		.cfi_startproc
 4138              		@ args = 0, pretend = 0, frame = 0
 4139              		@ frame_needed = 0, uses_anonymous_args = 0
 4140              		@ link register save eliminated.
2354:Middlewares/Third_Party/FreeRTOS/Source/queue.c **** BaseType_t xReturn;
ARM GAS  /tmp/ccAaDn2P.s 			page 139


 4141              		.loc 1 2354 1 view .LVU1261
2355:Middlewares/Third_Party/FreeRTOS/Source/queue.c **** Queue_t * const pxQueue = xQueue;
 4142              		.loc 1 2355 1 view .LVU1262
2356:Middlewares/Third_Party/FreeRTOS/Source/queue.c **** 
2357:Middlewares/Third_Party/FreeRTOS/Source/queue.c **** 	configASSERT( pxQueue );
 4143              		.loc 1 2357 2 view .LVU1263
 4144 0000 28B1     		cbz	r0, .L301
 4145              		.loc 1 2357 25 discriminator 2 view .LVU1264
2358:Middlewares/Third_Party/FreeRTOS/Source/queue.c **** 	if( pxQueue->uxMessagesWaiting == pxQueue->uxLength )
 4146              		.loc 1 2358 2 discriminator 2 view .LVU1265
 4147              		.loc 1 2358 13 is_stmt 0 discriminator 2 view .LVU1266
 4148 0002 826B     		ldr	r2, [r0, #56]
 4149              		.loc 1 2358 43 discriminator 2 view .LVU1267
 4150 0004 C36B     		ldr	r3, [r0, #60]
 4151              		.loc 1 2358 4 discriminator 2 view .LVU1268
 4152 0006 9A42     		cmp	r2, r3
 4153 0008 0AD0     		beq	.L302
2359:Middlewares/Third_Party/FreeRTOS/Source/queue.c **** 	{
2360:Middlewares/Third_Party/FreeRTOS/Source/queue.c **** 		xReturn = pdTRUE;
2361:Middlewares/Third_Party/FreeRTOS/Source/queue.c **** 	}
2362:Middlewares/Third_Party/FreeRTOS/Source/queue.c **** 	else
2363:Middlewares/Third_Party/FreeRTOS/Source/queue.c **** 	{
2364:Middlewares/Third_Party/FreeRTOS/Source/queue.c **** 		xReturn = pdFALSE;
 4154              		.loc 1 2364 11 view .LVU1269
 4155 000a 0020     		movs	r0, #0
 4156              	.LVL355:
2365:Middlewares/Third_Party/FreeRTOS/Source/queue.c **** 	}
2366:Middlewares/Third_Party/FreeRTOS/Source/queue.c **** 
2367:Middlewares/Third_Party/FreeRTOS/Source/queue.c **** 	return xReturn;
 4157              		.loc 1 2367 2 is_stmt 1 view .LVU1270
2368:Middlewares/Third_Party/FreeRTOS/Source/queue.c **** } /*lint !e818 xQueue could not be pointer to const because it is a typedef. */
 4158              		.loc 1 2368 1 is_stmt 0 view .LVU1271
 4159 000c 7047     		bx	lr
 4160              	.LVL356:
 4161              	.L301:
2357:Middlewares/Third_Party/FreeRTOS/Source/queue.c **** 	if( pxQueue->uxMessagesWaiting == pxQueue->uxLength )
 4162              		.loc 1 2357 2 is_stmt 1 view .LVU1272
 4163              	.LBB216:
 4164              	.LBI216:
 193:Middlewares/Third_Party/FreeRTOS/Source/portable/GCC/ARM_CM3/portmacro.h **** {
 4165              		.loc 2 193 30 view .LVU1273
 4166              	.LBB217:
 195:Middlewares/Third_Party/FreeRTOS/Source/portable/GCC/ARM_CM3/portmacro.h **** 
 4167              		.loc 2 195 1 view .LVU1274
 197:Middlewares/Third_Party/FreeRTOS/Source/portable/GCC/ARM_CM3/portmacro.h **** 	(
 4168              		.loc 2 197 2 view .LVU1275
 4169              		.syntax unified
 4170              	@ 197 "Middlewares/Third_Party/FreeRTOS/Source/portable/GCC/ARM_CM3/portmacro.h" 1
 4171 000e 4FF05003 			mov r3, #80												
 4172 0012 83F31188 		msr basepri, r3											
 4173 0016 BFF36F8F 		isb														
 4174 001a BFF34F8F 		dsb														
 4175              	
 4176              	@ 0 "" 2
 4177              	.LVL357:
 4178              		.thumb
 4179              		.syntax unified
ARM GAS  /tmp/ccAaDn2P.s 			page 140


 4180              	.L298:
 197:Middlewares/Third_Party/FreeRTOS/Source/portable/GCC/ARM_CM3/portmacro.h **** 	(
 4181              		.loc 2 197 2 is_stmt 0 view .LVU1276
 4182              	.LBE217:
 4183              	.LBE216:
2357:Middlewares/Third_Party/FreeRTOS/Source/queue.c **** 	if( pxQueue->uxMessagesWaiting == pxQueue->uxLength )
 4184              		.loc 1 2357 2 is_stmt 1 discriminator 1 view .LVU1277
2357:Middlewares/Third_Party/FreeRTOS/Source/queue.c **** 	if( pxQueue->uxMessagesWaiting == pxQueue->uxLength )
 4185              		.loc 1 2357 2 discriminator 1 view .LVU1278
2357:Middlewares/Third_Party/FreeRTOS/Source/queue.c **** 	if( pxQueue->uxMessagesWaiting == pxQueue->uxLength )
 4186              		.loc 1 2357 2 discriminator 1 view .LVU1279
 4187 001e FEE7     		b	.L298
 4188              	.L302:
2360:Middlewares/Third_Party/FreeRTOS/Source/queue.c **** 	}
 4189              		.loc 1 2360 11 is_stmt 0 view .LVU1280
 4190 0020 0120     		movs	r0, #1
 4191              	.LVL358:
2360:Middlewares/Third_Party/FreeRTOS/Source/queue.c **** 	}
 4192              		.loc 1 2360 11 view .LVU1281
 4193 0022 7047     		bx	lr
 4194              		.cfi_endproc
 4195              	.LFE31:
 4197              		.section	.text.vQueueAddToRegistry,"ax",%progbits
 4198              		.align	1
 4199              		.global	vQueueAddToRegistry
 4200              		.syntax unified
 4201              		.thumb
 4202              		.thumb_func
 4204              	vQueueAddToRegistry:
 4205              	.LVL359:
 4206              	.LFB32:
2369:Middlewares/Third_Party/FreeRTOS/Source/queue.c **** /*-----------------------------------------------------------*/
2370:Middlewares/Third_Party/FreeRTOS/Source/queue.c **** 
2371:Middlewares/Third_Party/FreeRTOS/Source/queue.c **** #if ( configUSE_CO_ROUTINES == 1 )
2372:Middlewares/Third_Party/FreeRTOS/Source/queue.c **** 
2373:Middlewares/Third_Party/FreeRTOS/Source/queue.c **** 	BaseType_t xQueueCRSend( QueueHandle_t xQueue, const void *pvItemToQueue, TickType_t xTicksToWait 
2374:Middlewares/Third_Party/FreeRTOS/Source/queue.c **** 	{
2375:Middlewares/Third_Party/FreeRTOS/Source/queue.c **** 	BaseType_t xReturn;
2376:Middlewares/Third_Party/FreeRTOS/Source/queue.c **** 	Queue_t * const pxQueue = xQueue;
2377:Middlewares/Third_Party/FreeRTOS/Source/queue.c **** 
2378:Middlewares/Third_Party/FreeRTOS/Source/queue.c **** 		/* If the queue is already full we may have to block.  A critical section
2379:Middlewares/Third_Party/FreeRTOS/Source/queue.c **** 		is required to prevent an interrupt removing something from the queue
2380:Middlewares/Third_Party/FreeRTOS/Source/queue.c **** 		between the check to see if the queue is full and blocking on the queue. */
2381:Middlewares/Third_Party/FreeRTOS/Source/queue.c **** 		portDISABLE_INTERRUPTS();
2382:Middlewares/Third_Party/FreeRTOS/Source/queue.c **** 		{
2383:Middlewares/Third_Party/FreeRTOS/Source/queue.c **** 			if( prvIsQueueFull( pxQueue ) != pdFALSE )
2384:Middlewares/Third_Party/FreeRTOS/Source/queue.c **** 			{
2385:Middlewares/Third_Party/FreeRTOS/Source/queue.c **** 				/* The queue is full - do we want to block or just leave without
2386:Middlewares/Third_Party/FreeRTOS/Source/queue.c **** 				posting? */
2387:Middlewares/Third_Party/FreeRTOS/Source/queue.c **** 				if( xTicksToWait > ( TickType_t ) 0 )
2388:Middlewares/Third_Party/FreeRTOS/Source/queue.c **** 				{
2389:Middlewares/Third_Party/FreeRTOS/Source/queue.c **** 					/* As this is called from a coroutine we cannot block directly, but
2390:Middlewares/Third_Party/FreeRTOS/Source/queue.c **** 					return indicating that we need to block. */
2391:Middlewares/Third_Party/FreeRTOS/Source/queue.c **** 					vCoRoutineAddToDelayedList( xTicksToWait, &( pxQueue->xTasksWaitingToSend ) );
2392:Middlewares/Third_Party/FreeRTOS/Source/queue.c **** 					portENABLE_INTERRUPTS();
2393:Middlewares/Third_Party/FreeRTOS/Source/queue.c **** 					return errQUEUE_BLOCKED;
2394:Middlewares/Third_Party/FreeRTOS/Source/queue.c **** 				}
ARM GAS  /tmp/ccAaDn2P.s 			page 141


2395:Middlewares/Third_Party/FreeRTOS/Source/queue.c **** 				else
2396:Middlewares/Third_Party/FreeRTOS/Source/queue.c **** 				{
2397:Middlewares/Third_Party/FreeRTOS/Source/queue.c **** 					portENABLE_INTERRUPTS();
2398:Middlewares/Third_Party/FreeRTOS/Source/queue.c **** 					return errQUEUE_FULL;
2399:Middlewares/Third_Party/FreeRTOS/Source/queue.c **** 				}
2400:Middlewares/Third_Party/FreeRTOS/Source/queue.c **** 			}
2401:Middlewares/Third_Party/FreeRTOS/Source/queue.c **** 		}
2402:Middlewares/Third_Party/FreeRTOS/Source/queue.c **** 		portENABLE_INTERRUPTS();
2403:Middlewares/Third_Party/FreeRTOS/Source/queue.c **** 
2404:Middlewares/Third_Party/FreeRTOS/Source/queue.c **** 		portDISABLE_INTERRUPTS();
2405:Middlewares/Third_Party/FreeRTOS/Source/queue.c **** 		{
2406:Middlewares/Third_Party/FreeRTOS/Source/queue.c **** 			if( pxQueue->uxMessagesWaiting < pxQueue->uxLength )
2407:Middlewares/Third_Party/FreeRTOS/Source/queue.c **** 			{
2408:Middlewares/Third_Party/FreeRTOS/Source/queue.c **** 				/* There is room in the queue, copy the data into the queue. */
2409:Middlewares/Third_Party/FreeRTOS/Source/queue.c **** 				prvCopyDataToQueue( pxQueue, pvItemToQueue, queueSEND_TO_BACK );
2410:Middlewares/Third_Party/FreeRTOS/Source/queue.c **** 				xReturn = pdPASS;
2411:Middlewares/Third_Party/FreeRTOS/Source/queue.c **** 
2412:Middlewares/Third_Party/FreeRTOS/Source/queue.c **** 				/* Were any co-routines waiting for data to become available? */
2413:Middlewares/Third_Party/FreeRTOS/Source/queue.c **** 				if( listLIST_IS_EMPTY( &( pxQueue->xTasksWaitingToReceive ) ) == pdFALSE )
2414:Middlewares/Third_Party/FreeRTOS/Source/queue.c **** 				{
2415:Middlewares/Third_Party/FreeRTOS/Source/queue.c **** 					/* In this instance the co-routine could be placed directly
2416:Middlewares/Third_Party/FreeRTOS/Source/queue.c **** 					into the ready list as we are within a critical section.
2417:Middlewares/Third_Party/FreeRTOS/Source/queue.c **** 					Instead the same pending ready list mechanism is used as if
2418:Middlewares/Third_Party/FreeRTOS/Source/queue.c **** 					the event were caused from within an interrupt. */
2419:Middlewares/Third_Party/FreeRTOS/Source/queue.c **** 					if( xCoRoutineRemoveFromEventList( &( pxQueue->xTasksWaitingToReceive ) ) != pdFALSE )
2420:Middlewares/Third_Party/FreeRTOS/Source/queue.c **** 					{
2421:Middlewares/Third_Party/FreeRTOS/Source/queue.c **** 						/* The co-routine waiting has a higher priority so record
2422:Middlewares/Third_Party/FreeRTOS/Source/queue.c **** 						that a yield might be appropriate. */
2423:Middlewares/Third_Party/FreeRTOS/Source/queue.c **** 						xReturn = errQUEUE_YIELD;
2424:Middlewares/Third_Party/FreeRTOS/Source/queue.c **** 					}
2425:Middlewares/Third_Party/FreeRTOS/Source/queue.c **** 					else
2426:Middlewares/Third_Party/FreeRTOS/Source/queue.c **** 					{
2427:Middlewares/Third_Party/FreeRTOS/Source/queue.c **** 						mtCOVERAGE_TEST_MARKER();
2428:Middlewares/Third_Party/FreeRTOS/Source/queue.c **** 					}
2429:Middlewares/Third_Party/FreeRTOS/Source/queue.c **** 				}
2430:Middlewares/Third_Party/FreeRTOS/Source/queue.c **** 				else
2431:Middlewares/Third_Party/FreeRTOS/Source/queue.c **** 				{
2432:Middlewares/Third_Party/FreeRTOS/Source/queue.c **** 					mtCOVERAGE_TEST_MARKER();
2433:Middlewares/Third_Party/FreeRTOS/Source/queue.c **** 				}
2434:Middlewares/Third_Party/FreeRTOS/Source/queue.c **** 			}
2435:Middlewares/Third_Party/FreeRTOS/Source/queue.c **** 			else
2436:Middlewares/Third_Party/FreeRTOS/Source/queue.c **** 			{
2437:Middlewares/Third_Party/FreeRTOS/Source/queue.c **** 				xReturn = errQUEUE_FULL;
2438:Middlewares/Third_Party/FreeRTOS/Source/queue.c **** 			}
2439:Middlewares/Third_Party/FreeRTOS/Source/queue.c **** 		}
2440:Middlewares/Third_Party/FreeRTOS/Source/queue.c **** 		portENABLE_INTERRUPTS();
2441:Middlewares/Third_Party/FreeRTOS/Source/queue.c **** 
2442:Middlewares/Third_Party/FreeRTOS/Source/queue.c **** 		return xReturn;
2443:Middlewares/Third_Party/FreeRTOS/Source/queue.c **** 	}
2444:Middlewares/Third_Party/FreeRTOS/Source/queue.c **** 
2445:Middlewares/Third_Party/FreeRTOS/Source/queue.c **** #endif /* configUSE_CO_ROUTINES */
2446:Middlewares/Third_Party/FreeRTOS/Source/queue.c **** /*-----------------------------------------------------------*/
2447:Middlewares/Third_Party/FreeRTOS/Source/queue.c **** 
2448:Middlewares/Third_Party/FreeRTOS/Source/queue.c **** #if ( configUSE_CO_ROUTINES == 1 )
2449:Middlewares/Third_Party/FreeRTOS/Source/queue.c **** 
2450:Middlewares/Third_Party/FreeRTOS/Source/queue.c **** 	BaseType_t xQueueCRReceive( QueueHandle_t xQueue, void *pvBuffer, TickType_t xTicksToWait )
2451:Middlewares/Third_Party/FreeRTOS/Source/queue.c **** 	{
ARM GAS  /tmp/ccAaDn2P.s 			page 142


2452:Middlewares/Third_Party/FreeRTOS/Source/queue.c **** 	BaseType_t xReturn;
2453:Middlewares/Third_Party/FreeRTOS/Source/queue.c **** 	Queue_t * const pxQueue = xQueue;
2454:Middlewares/Third_Party/FreeRTOS/Source/queue.c **** 
2455:Middlewares/Third_Party/FreeRTOS/Source/queue.c **** 		/* If the queue is already empty we may have to block.  A critical section
2456:Middlewares/Third_Party/FreeRTOS/Source/queue.c **** 		is required to prevent an interrupt adding something to the queue
2457:Middlewares/Third_Party/FreeRTOS/Source/queue.c **** 		between the check to see if the queue is empty and blocking on the queue. */
2458:Middlewares/Third_Party/FreeRTOS/Source/queue.c **** 		portDISABLE_INTERRUPTS();
2459:Middlewares/Third_Party/FreeRTOS/Source/queue.c **** 		{
2460:Middlewares/Third_Party/FreeRTOS/Source/queue.c **** 			if( pxQueue->uxMessagesWaiting == ( UBaseType_t ) 0 )
2461:Middlewares/Third_Party/FreeRTOS/Source/queue.c **** 			{
2462:Middlewares/Third_Party/FreeRTOS/Source/queue.c **** 				/* There are no messages in the queue, do we want to block or just
2463:Middlewares/Third_Party/FreeRTOS/Source/queue.c **** 				leave with nothing? */
2464:Middlewares/Third_Party/FreeRTOS/Source/queue.c **** 				if( xTicksToWait > ( TickType_t ) 0 )
2465:Middlewares/Third_Party/FreeRTOS/Source/queue.c **** 				{
2466:Middlewares/Third_Party/FreeRTOS/Source/queue.c **** 					/* As this is a co-routine we cannot block directly, but return
2467:Middlewares/Third_Party/FreeRTOS/Source/queue.c **** 					indicating that we need to block. */
2468:Middlewares/Third_Party/FreeRTOS/Source/queue.c **** 					vCoRoutineAddToDelayedList( xTicksToWait, &( pxQueue->xTasksWaitingToReceive ) );
2469:Middlewares/Third_Party/FreeRTOS/Source/queue.c **** 					portENABLE_INTERRUPTS();
2470:Middlewares/Third_Party/FreeRTOS/Source/queue.c **** 					return errQUEUE_BLOCKED;
2471:Middlewares/Third_Party/FreeRTOS/Source/queue.c **** 				}
2472:Middlewares/Third_Party/FreeRTOS/Source/queue.c **** 				else
2473:Middlewares/Third_Party/FreeRTOS/Source/queue.c **** 				{
2474:Middlewares/Third_Party/FreeRTOS/Source/queue.c **** 					portENABLE_INTERRUPTS();
2475:Middlewares/Third_Party/FreeRTOS/Source/queue.c **** 					return errQUEUE_FULL;
2476:Middlewares/Third_Party/FreeRTOS/Source/queue.c **** 				}
2477:Middlewares/Third_Party/FreeRTOS/Source/queue.c **** 			}
2478:Middlewares/Third_Party/FreeRTOS/Source/queue.c **** 			else
2479:Middlewares/Third_Party/FreeRTOS/Source/queue.c **** 			{
2480:Middlewares/Third_Party/FreeRTOS/Source/queue.c **** 				mtCOVERAGE_TEST_MARKER();
2481:Middlewares/Third_Party/FreeRTOS/Source/queue.c **** 			}
2482:Middlewares/Third_Party/FreeRTOS/Source/queue.c **** 		}
2483:Middlewares/Third_Party/FreeRTOS/Source/queue.c **** 		portENABLE_INTERRUPTS();
2484:Middlewares/Third_Party/FreeRTOS/Source/queue.c **** 
2485:Middlewares/Third_Party/FreeRTOS/Source/queue.c **** 		portDISABLE_INTERRUPTS();
2486:Middlewares/Third_Party/FreeRTOS/Source/queue.c **** 		{
2487:Middlewares/Third_Party/FreeRTOS/Source/queue.c **** 			if( pxQueue->uxMessagesWaiting > ( UBaseType_t ) 0 )
2488:Middlewares/Third_Party/FreeRTOS/Source/queue.c **** 			{
2489:Middlewares/Third_Party/FreeRTOS/Source/queue.c **** 				/* Data is available from the queue. */
2490:Middlewares/Third_Party/FreeRTOS/Source/queue.c **** 				pxQueue->u.xQueue.pcReadFrom += pxQueue->uxItemSize;
2491:Middlewares/Third_Party/FreeRTOS/Source/queue.c **** 				if( pxQueue->u.xQueue.pcReadFrom >= pxQueue->u.xQueue.pcTail )
2492:Middlewares/Third_Party/FreeRTOS/Source/queue.c **** 				{
2493:Middlewares/Third_Party/FreeRTOS/Source/queue.c **** 					pxQueue->u.xQueue.pcReadFrom = pxQueue->pcHead;
2494:Middlewares/Third_Party/FreeRTOS/Source/queue.c **** 				}
2495:Middlewares/Third_Party/FreeRTOS/Source/queue.c **** 				else
2496:Middlewares/Third_Party/FreeRTOS/Source/queue.c **** 				{
2497:Middlewares/Third_Party/FreeRTOS/Source/queue.c **** 					mtCOVERAGE_TEST_MARKER();
2498:Middlewares/Third_Party/FreeRTOS/Source/queue.c **** 				}
2499:Middlewares/Third_Party/FreeRTOS/Source/queue.c **** 				--( pxQueue->uxMessagesWaiting );
2500:Middlewares/Third_Party/FreeRTOS/Source/queue.c **** 				( void ) memcpy( ( void * ) pvBuffer, ( void * ) pxQueue->u.xQueue.pcReadFrom, ( unsigned ) pxQ
2501:Middlewares/Third_Party/FreeRTOS/Source/queue.c **** 
2502:Middlewares/Third_Party/FreeRTOS/Source/queue.c **** 				xReturn = pdPASS;
2503:Middlewares/Third_Party/FreeRTOS/Source/queue.c **** 
2504:Middlewares/Third_Party/FreeRTOS/Source/queue.c **** 				/* Were any co-routines waiting for space to become available? */
2505:Middlewares/Third_Party/FreeRTOS/Source/queue.c **** 				if( listLIST_IS_EMPTY( &( pxQueue->xTasksWaitingToSend ) ) == pdFALSE )
2506:Middlewares/Third_Party/FreeRTOS/Source/queue.c **** 				{
2507:Middlewares/Third_Party/FreeRTOS/Source/queue.c **** 					/* In this instance the co-routine could be placed directly
2508:Middlewares/Third_Party/FreeRTOS/Source/queue.c **** 					into the ready list as we are within a critical section.
ARM GAS  /tmp/ccAaDn2P.s 			page 143


2509:Middlewares/Third_Party/FreeRTOS/Source/queue.c **** 					Instead the same pending ready list mechanism is used as if
2510:Middlewares/Third_Party/FreeRTOS/Source/queue.c **** 					the event were caused from within an interrupt. */
2511:Middlewares/Third_Party/FreeRTOS/Source/queue.c **** 					if( xCoRoutineRemoveFromEventList( &( pxQueue->xTasksWaitingToSend ) ) != pdFALSE )
2512:Middlewares/Third_Party/FreeRTOS/Source/queue.c **** 					{
2513:Middlewares/Third_Party/FreeRTOS/Source/queue.c **** 						xReturn = errQUEUE_YIELD;
2514:Middlewares/Third_Party/FreeRTOS/Source/queue.c **** 					}
2515:Middlewares/Third_Party/FreeRTOS/Source/queue.c **** 					else
2516:Middlewares/Third_Party/FreeRTOS/Source/queue.c **** 					{
2517:Middlewares/Third_Party/FreeRTOS/Source/queue.c **** 						mtCOVERAGE_TEST_MARKER();
2518:Middlewares/Third_Party/FreeRTOS/Source/queue.c **** 					}
2519:Middlewares/Third_Party/FreeRTOS/Source/queue.c **** 				}
2520:Middlewares/Third_Party/FreeRTOS/Source/queue.c **** 				else
2521:Middlewares/Third_Party/FreeRTOS/Source/queue.c **** 				{
2522:Middlewares/Third_Party/FreeRTOS/Source/queue.c **** 					mtCOVERAGE_TEST_MARKER();
2523:Middlewares/Third_Party/FreeRTOS/Source/queue.c **** 				}
2524:Middlewares/Third_Party/FreeRTOS/Source/queue.c **** 			}
2525:Middlewares/Third_Party/FreeRTOS/Source/queue.c **** 			else
2526:Middlewares/Third_Party/FreeRTOS/Source/queue.c **** 			{
2527:Middlewares/Third_Party/FreeRTOS/Source/queue.c **** 				xReturn = pdFAIL;
2528:Middlewares/Third_Party/FreeRTOS/Source/queue.c **** 			}
2529:Middlewares/Third_Party/FreeRTOS/Source/queue.c **** 		}
2530:Middlewares/Third_Party/FreeRTOS/Source/queue.c **** 		portENABLE_INTERRUPTS();
2531:Middlewares/Third_Party/FreeRTOS/Source/queue.c **** 
2532:Middlewares/Third_Party/FreeRTOS/Source/queue.c **** 		return xReturn;
2533:Middlewares/Third_Party/FreeRTOS/Source/queue.c **** 	}
2534:Middlewares/Third_Party/FreeRTOS/Source/queue.c **** 
2535:Middlewares/Third_Party/FreeRTOS/Source/queue.c **** #endif /* configUSE_CO_ROUTINES */
2536:Middlewares/Third_Party/FreeRTOS/Source/queue.c **** /*-----------------------------------------------------------*/
2537:Middlewares/Third_Party/FreeRTOS/Source/queue.c **** 
2538:Middlewares/Third_Party/FreeRTOS/Source/queue.c **** #if ( configUSE_CO_ROUTINES == 1 )
2539:Middlewares/Third_Party/FreeRTOS/Source/queue.c **** 
2540:Middlewares/Third_Party/FreeRTOS/Source/queue.c **** 	BaseType_t xQueueCRSendFromISR( QueueHandle_t xQueue, const void *pvItemToQueue, BaseType_t xCoRou
2541:Middlewares/Third_Party/FreeRTOS/Source/queue.c **** 	{
2542:Middlewares/Third_Party/FreeRTOS/Source/queue.c **** 	Queue_t * const pxQueue = xQueue;
2543:Middlewares/Third_Party/FreeRTOS/Source/queue.c **** 
2544:Middlewares/Third_Party/FreeRTOS/Source/queue.c **** 		/* Cannot block within an ISR so if there is no space on the queue then
2545:Middlewares/Third_Party/FreeRTOS/Source/queue.c **** 		exit without doing anything. */
2546:Middlewares/Third_Party/FreeRTOS/Source/queue.c **** 		if( pxQueue->uxMessagesWaiting < pxQueue->uxLength )
2547:Middlewares/Third_Party/FreeRTOS/Source/queue.c **** 		{
2548:Middlewares/Third_Party/FreeRTOS/Source/queue.c **** 			prvCopyDataToQueue( pxQueue, pvItemToQueue, queueSEND_TO_BACK );
2549:Middlewares/Third_Party/FreeRTOS/Source/queue.c **** 
2550:Middlewares/Third_Party/FreeRTOS/Source/queue.c **** 			/* We only want to wake one co-routine per ISR, so check that a
2551:Middlewares/Third_Party/FreeRTOS/Source/queue.c **** 			co-routine has not already been woken. */
2552:Middlewares/Third_Party/FreeRTOS/Source/queue.c **** 			if( xCoRoutinePreviouslyWoken == pdFALSE )
2553:Middlewares/Third_Party/FreeRTOS/Source/queue.c **** 			{
2554:Middlewares/Third_Party/FreeRTOS/Source/queue.c **** 				if( listLIST_IS_EMPTY( &( pxQueue->xTasksWaitingToReceive ) ) == pdFALSE )
2555:Middlewares/Third_Party/FreeRTOS/Source/queue.c **** 				{
2556:Middlewares/Third_Party/FreeRTOS/Source/queue.c **** 					if( xCoRoutineRemoveFromEventList( &( pxQueue->xTasksWaitingToReceive ) ) != pdFALSE )
2557:Middlewares/Third_Party/FreeRTOS/Source/queue.c **** 					{
2558:Middlewares/Third_Party/FreeRTOS/Source/queue.c **** 						return pdTRUE;
2559:Middlewares/Third_Party/FreeRTOS/Source/queue.c **** 					}
2560:Middlewares/Third_Party/FreeRTOS/Source/queue.c **** 					else
2561:Middlewares/Third_Party/FreeRTOS/Source/queue.c **** 					{
2562:Middlewares/Third_Party/FreeRTOS/Source/queue.c **** 						mtCOVERAGE_TEST_MARKER();
2563:Middlewares/Third_Party/FreeRTOS/Source/queue.c **** 					}
2564:Middlewares/Third_Party/FreeRTOS/Source/queue.c **** 				}
2565:Middlewares/Third_Party/FreeRTOS/Source/queue.c **** 				else
ARM GAS  /tmp/ccAaDn2P.s 			page 144


2566:Middlewares/Third_Party/FreeRTOS/Source/queue.c **** 				{
2567:Middlewares/Third_Party/FreeRTOS/Source/queue.c **** 					mtCOVERAGE_TEST_MARKER();
2568:Middlewares/Third_Party/FreeRTOS/Source/queue.c **** 				}
2569:Middlewares/Third_Party/FreeRTOS/Source/queue.c **** 			}
2570:Middlewares/Third_Party/FreeRTOS/Source/queue.c **** 			else
2571:Middlewares/Third_Party/FreeRTOS/Source/queue.c **** 			{
2572:Middlewares/Third_Party/FreeRTOS/Source/queue.c **** 				mtCOVERAGE_TEST_MARKER();
2573:Middlewares/Third_Party/FreeRTOS/Source/queue.c **** 			}
2574:Middlewares/Third_Party/FreeRTOS/Source/queue.c **** 		}
2575:Middlewares/Third_Party/FreeRTOS/Source/queue.c **** 		else
2576:Middlewares/Third_Party/FreeRTOS/Source/queue.c **** 		{
2577:Middlewares/Third_Party/FreeRTOS/Source/queue.c **** 			mtCOVERAGE_TEST_MARKER();
2578:Middlewares/Third_Party/FreeRTOS/Source/queue.c **** 		}
2579:Middlewares/Third_Party/FreeRTOS/Source/queue.c **** 
2580:Middlewares/Third_Party/FreeRTOS/Source/queue.c **** 		return xCoRoutinePreviouslyWoken;
2581:Middlewares/Third_Party/FreeRTOS/Source/queue.c **** 	}
2582:Middlewares/Third_Party/FreeRTOS/Source/queue.c **** 
2583:Middlewares/Third_Party/FreeRTOS/Source/queue.c **** #endif /* configUSE_CO_ROUTINES */
2584:Middlewares/Third_Party/FreeRTOS/Source/queue.c **** /*-----------------------------------------------------------*/
2585:Middlewares/Third_Party/FreeRTOS/Source/queue.c **** 
2586:Middlewares/Third_Party/FreeRTOS/Source/queue.c **** #if ( configUSE_CO_ROUTINES == 1 )
2587:Middlewares/Third_Party/FreeRTOS/Source/queue.c **** 
2588:Middlewares/Third_Party/FreeRTOS/Source/queue.c **** 	BaseType_t xQueueCRReceiveFromISR( QueueHandle_t xQueue, void *pvBuffer, BaseType_t *pxCoRoutineWo
2589:Middlewares/Third_Party/FreeRTOS/Source/queue.c **** 	{
2590:Middlewares/Third_Party/FreeRTOS/Source/queue.c **** 	BaseType_t xReturn;
2591:Middlewares/Third_Party/FreeRTOS/Source/queue.c **** 	Queue_t * const pxQueue = xQueue;
2592:Middlewares/Third_Party/FreeRTOS/Source/queue.c **** 
2593:Middlewares/Third_Party/FreeRTOS/Source/queue.c **** 		/* We cannot block from an ISR, so check there is data available. If
2594:Middlewares/Third_Party/FreeRTOS/Source/queue.c **** 		not then just leave without doing anything. */
2595:Middlewares/Third_Party/FreeRTOS/Source/queue.c **** 		if( pxQueue->uxMessagesWaiting > ( UBaseType_t ) 0 )
2596:Middlewares/Third_Party/FreeRTOS/Source/queue.c **** 		{
2597:Middlewares/Third_Party/FreeRTOS/Source/queue.c **** 			/* Copy the data from the queue. */
2598:Middlewares/Third_Party/FreeRTOS/Source/queue.c **** 			pxQueue->u.xQueue.pcReadFrom += pxQueue->uxItemSize;
2599:Middlewares/Third_Party/FreeRTOS/Source/queue.c **** 			if( pxQueue->u.xQueue.pcReadFrom >= pxQueue->u.xQueue.pcTail )
2600:Middlewares/Third_Party/FreeRTOS/Source/queue.c **** 			{
2601:Middlewares/Third_Party/FreeRTOS/Source/queue.c **** 				pxQueue->u.xQueue.pcReadFrom = pxQueue->pcHead;
2602:Middlewares/Third_Party/FreeRTOS/Source/queue.c **** 			}
2603:Middlewares/Third_Party/FreeRTOS/Source/queue.c **** 			else
2604:Middlewares/Third_Party/FreeRTOS/Source/queue.c **** 			{
2605:Middlewares/Third_Party/FreeRTOS/Source/queue.c **** 				mtCOVERAGE_TEST_MARKER();
2606:Middlewares/Third_Party/FreeRTOS/Source/queue.c **** 			}
2607:Middlewares/Third_Party/FreeRTOS/Source/queue.c **** 			--( pxQueue->uxMessagesWaiting );
2608:Middlewares/Third_Party/FreeRTOS/Source/queue.c **** 			( void ) memcpy( ( void * ) pvBuffer, ( void * ) pxQueue->u.xQueue.pcReadFrom, ( unsigned ) pxQu
2609:Middlewares/Third_Party/FreeRTOS/Source/queue.c **** 
2610:Middlewares/Third_Party/FreeRTOS/Source/queue.c **** 			if( ( *pxCoRoutineWoken ) == pdFALSE )
2611:Middlewares/Third_Party/FreeRTOS/Source/queue.c **** 			{
2612:Middlewares/Third_Party/FreeRTOS/Source/queue.c **** 				if( listLIST_IS_EMPTY( &( pxQueue->xTasksWaitingToSend ) ) == pdFALSE )
2613:Middlewares/Third_Party/FreeRTOS/Source/queue.c **** 				{
2614:Middlewares/Third_Party/FreeRTOS/Source/queue.c **** 					if( xCoRoutineRemoveFromEventList( &( pxQueue->xTasksWaitingToSend ) ) != pdFALSE )
2615:Middlewares/Third_Party/FreeRTOS/Source/queue.c **** 					{
2616:Middlewares/Third_Party/FreeRTOS/Source/queue.c **** 						*pxCoRoutineWoken = pdTRUE;
2617:Middlewares/Third_Party/FreeRTOS/Source/queue.c **** 					}
2618:Middlewares/Third_Party/FreeRTOS/Source/queue.c **** 					else
2619:Middlewares/Third_Party/FreeRTOS/Source/queue.c **** 					{
2620:Middlewares/Third_Party/FreeRTOS/Source/queue.c **** 						mtCOVERAGE_TEST_MARKER();
2621:Middlewares/Third_Party/FreeRTOS/Source/queue.c **** 					}
2622:Middlewares/Third_Party/FreeRTOS/Source/queue.c **** 				}
ARM GAS  /tmp/ccAaDn2P.s 			page 145


2623:Middlewares/Third_Party/FreeRTOS/Source/queue.c **** 				else
2624:Middlewares/Third_Party/FreeRTOS/Source/queue.c **** 				{
2625:Middlewares/Third_Party/FreeRTOS/Source/queue.c **** 					mtCOVERAGE_TEST_MARKER();
2626:Middlewares/Third_Party/FreeRTOS/Source/queue.c **** 				}
2627:Middlewares/Third_Party/FreeRTOS/Source/queue.c **** 			}
2628:Middlewares/Third_Party/FreeRTOS/Source/queue.c **** 			else
2629:Middlewares/Third_Party/FreeRTOS/Source/queue.c **** 			{
2630:Middlewares/Third_Party/FreeRTOS/Source/queue.c **** 				mtCOVERAGE_TEST_MARKER();
2631:Middlewares/Third_Party/FreeRTOS/Source/queue.c **** 			}
2632:Middlewares/Third_Party/FreeRTOS/Source/queue.c **** 
2633:Middlewares/Third_Party/FreeRTOS/Source/queue.c **** 			xReturn = pdPASS;
2634:Middlewares/Third_Party/FreeRTOS/Source/queue.c **** 		}
2635:Middlewares/Third_Party/FreeRTOS/Source/queue.c **** 		else
2636:Middlewares/Third_Party/FreeRTOS/Source/queue.c **** 		{
2637:Middlewares/Third_Party/FreeRTOS/Source/queue.c **** 			xReturn = pdFAIL;
2638:Middlewares/Third_Party/FreeRTOS/Source/queue.c **** 		}
2639:Middlewares/Third_Party/FreeRTOS/Source/queue.c **** 
2640:Middlewares/Third_Party/FreeRTOS/Source/queue.c **** 		return xReturn;
2641:Middlewares/Third_Party/FreeRTOS/Source/queue.c **** 	}
2642:Middlewares/Third_Party/FreeRTOS/Source/queue.c **** 
2643:Middlewares/Third_Party/FreeRTOS/Source/queue.c **** #endif /* configUSE_CO_ROUTINES */
2644:Middlewares/Third_Party/FreeRTOS/Source/queue.c **** /*-----------------------------------------------------------*/
2645:Middlewares/Third_Party/FreeRTOS/Source/queue.c **** 
2646:Middlewares/Third_Party/FreeRTOS/Source/queue.c **** #if ( configQUEUE_REGISTRY_SIZE > 0 )
2647:Middlewares/Third_Party/FreeRTOS/Source/queue.c **** 
2648:Middlewares/Third_Party/FreeRTOS/Source/queue.c **** 	void vQueueAddToRegistry( QueueHandle_t xQueue, const char *pcQueueName ) /*lint !e971 Unqualified
2649:Middlewares/Third_Party/FreeRTOS/Source/queue.c **** 	{
 4207              		.loc 1 2649 2 is_stmt 1 view -0
 4208              		.cfi_startproc
 4209              		@ args = 0, pretend = 0, frame = 0
 4210              		@ frame_needed = 0, uses_anonymous_args = 0
 4211              		@ link register save eliminated.
2650:Middlewares/Third_Party/FreeRTOS/Source/queue.c **** 	UBaseType_t ux;
 4212              		.loc 1 2650 2 view .LVU1283
2651:Middlewares/Third_Party/FreeRTOS/Source/queue.c **** 
2652:Middlewares/Third_Party/FreeRTOS/Source/queue.c **** 		/* See if there is an empty space in the registry.  A NULL name denotes
2653:Middlewares/Third_Party/FreeRTOS/Source/queue.c **** 		a free slot. */
2654:Middlewares/Third_Party/FreeRTOS/Source/queue.c **** 		for( ux = ( UBaseType_t ) 0U; ux < ( UBaseType_t ) configQUEUE_REGISTRY_SIZE; ux++ )
 4213              		.loc 1 2654 3 view .LVU1284
 4214              		.loc 1 2654 11 is_stmt 0 view .LVU1285
 4215 0000 0023     		movs	r3, #0
 4216              	.LVL360:
 4217              	.L304:
 4218              		.loc 1 2654 33 is_stmt 1 discriminator 1 view .LVU1286
 4219              		.loc 1 2654 3 is_stmt 0 discriminator 1 view .LVU1287
 4220 0002 072B     		cmp	r3, #7
 4221 0004 0CD8     		bhi	.L308
2655:Middlewares/Third_Party/FreeRTOS/Source/queue.c **** 		{
2656:Middlewares/Third_Party/FreeRTOS/Source/queue.c **** 			if( xQueueRegistry[ ux ].pcQueueName == NULL )
 4222              		.loc 1 2656 4 is_stmt 1 view .LVU1288
 4223              		.loc 1 2656 28 is_stmt 0 view .LVU1289
 4224 0006 074A     		ldr	r2, .L310
 4225 0008 52F83320 		ldr	r2, [r2, r3, lsl #3]
 4226              		.loc 1 2656 6 view .LVU1290
 4227 000c 0AB1     		cbz	r2, .L309
2657:Middlewares/Third_Party/FreeRTOS/Source/queue.c **** 			{
2658:Middlewares/Third_Party/FreeRTOS/Source/queue.c **** 				/* Store the information on this queue. */
ARM GAS  /tmp/ccAaDn2P.s 			page 146


2659:Middlewares/Third_Party/FreeRTOS/Source/queue.c **** 				xQueueRegistry[ ux ].pcQueueName = pcQueueName;
2660:Middlewares/Third_Party/FreeRTOS/Source/queue.c **** 				xQueueRegistry[ ux ].xHandle = xQueue;
2661:Middlewares/Third_Party/FreeRTOS/Source/queue.c **** 
2662:Middlewares/Third_Party/FreeRTOS/Source/queue.c **** 				traceQUEUE_REGISTRY_ADD( xQueue, pcQueueName );
2663:Middlewares/Third_Party/FreeRTOS/Source/queue.c **** 				break;
2664:Middlewares/Third_Party/FreeRTOS/Source/queue.c **** 			}
2665:Middlewares/Third_Party/FreeRTOS/Source/queue.c **** 			else
2666:Middlewares/Third_Party/FreeRTOS/Source/queue.c **** 			{
2667:Middlewares/Third_Party/FreeRTOS/Source/queue.c **** 				mtCOVERAGE_TEST_MARKER();
 4228              		.loc 1 2667 29 is_stmt 1 discriminator 2 view .LVU1291
2654:Middlewares/Third_Party/FreeRTOS/Source/queue.c **** 		{
 4229              		.loc 1 2654 81 discriminator 2 view .LVU1292
2654:Middlewares/Third_Party/FreeRTOS/Source/queue.c **** 		{
 4230              		.loc 1 2654 83 is_stmt 0 discriminator 2 view .LVU1293
 4231 000e 0133     		adds	r3, r3, #1
 4232              	.LVL361:
2654:Middlewares/Third_Party/FreeRTOS/Source/queue.c **** 		{
 4233              		.loc 1 2654 83 discriminator 2 view .LVU1294
 4234 0010 F7E7     		b	.L304
 4235              	.L309:
2659:Middlewares/Third_Party/FreeRTOS/Source/queue.c **** 				xQueueRegistry[ ux ].xHandle = xQueue;
 4236              		.loc 1 2659 5 is_stmt 1 view .LVU1295
2659:Middlewares/Third_Party/FreeRTOS/Source/queue.c **** 				xQueueRegistry[ ux ].xHandle = xQueue;
 4237              		.loc 1 2659 38 is_stmt 0 view .LVU1296
 4238 0012 044A     		ldr	r2, .L310
 4239 0014 42F83310 		str	r1, [r2, r3, lsl #3]
2660:Middlewares/Third_Party/FreeRTOS/Source/queue.c **** 
 4240              		.loc 1 2660 5 is_stmt 1 view .LVU1297
2660:Middlewares/Third_Party/FreeRTOS/Source/queue.c **** 
 4241              		.loc 1 2660 34 is_stmt 0 view .LVU1298
 4242 0018 02EBC303 		add	r3, r2, r3, lsl #3
 4243              	.LVL362:
2660:Middlewares/Third_Party/FreeRTOS/Source/queue.c **** 
 4244              		.loc 1 2660 34 view .LVU1299
 4245 001c 5860     		str	r0, [r3, #4]
2662:Middlewares/Third_Party/FreeRTOS/Source/queue.c **** 				break;
 4246              		.loc 1 2662 51 is_stmt 1 view .LVU1300
2663:Middlewares/Third_Party/FreeRTOS/Source/queue.c **** 			}
 4247              		.loc 1 2663 5 view .LVU1301
 4248 001e 7047     		bx	lr
 4249              	.LVL363:
 4250              	.L308:
2668:Middlewares/Third_Party/FreeRTOS/Source/queue.c **** 			}
2669:Middlewares/Third_Party/FreeRTOS/Source/queue.c **** 		}
2670:Middlewares/Third_Party/FreeRTOS/Source/queue.c **** 	}
 4251              		.loc 1 2670 2 is_stmt 0 view .LVU1302
 4252 0020 7047     		bx	lr
 4253              	.L311:
 4254 0022 00BF     		.align	2
 4255              	.L310:
 4256 0024 00000000 		.word	.LANCHOR0
 4257              		.cfi_endproc
 4258              	.LFE32:
 4260              		.section	.text.pcQueueGetName,"ax",%progbits
 4261              		.align	1
 4262              		.global	pcQueueGetName
 4263              		.syntax unified
ARM GAS  /tmp/ccAaDn2P.s 			page 147


 4264              		.thumb
 4265              		.thumb_func
 4267              	pcQueueGetName:
 4268              	.LVL364:
 4269              	.LFB33:
2671:Middlewares/Third_Party/FreeRTOS/Source/queue.c **** 
2672:Middlewares/Third_Party/FreeRTOS/Source/queue.c **** #endif /* configQUEUE_REGISTRY_SIZE */
2673:Middlewares/Third_Party/FreeRTOS/Source/queue.c **** /*-----------------------------------------------------------*/
2674:Middlewares/Third_Party/FreeRTOS/Source/queue.c **** 
2675:Middlewares/Third_Party/FreeRTOS/Source/queue.c **** #if ( configQUEUE_REGISTRY_SIZE > 0 )
2676:Middlewares/Third_Party/FreeRTOS/Source/queue.c **** 
2677:Middlewares/Third_Party/FreeRTOS/Source/queue.c **** 	const char *pcQueueGetName( QueueHandle_t xQueue ) /*lint !e971 Unqualified char types are allowed
2678:Middlewares/Third_Party/FreeRTOS/Source/queue.c **** 	{
 4270              		.loc 1 2678 2 is_stmt 1 view -0
 4271              		.cfi_startproc
 4272              		@ args = 0, pretend = 0, frame = 0
 4273              		@ frame_needed = 0, uses_anonymous_args = 0
 4274              		@ link register save eliminated.
2679:Middlewares/Third_Party/FreeRTOS/Source/queue.c **** 	UBaseType_t ux;
 4275              		.loc 1 2679 2 view .LVU1304
2680:Middlewares/Third_Party/FreeRTOS/Source/queue.c **** 	const char *pcReturn = NULL; /*lint !e971 Unqualified char types are allowed for strings and singl
 4276              		.loc 1 2680 2 view .LVU1305
2681:Middlewares/Third_Party/FreeRTOS/Source/queue.c **** 
2682:Middlewares/Third_Party/FreeRTOS/Source/queue.c **** 		/* Note there is nothing here to protect against another task adding or
2683:Middlewares/Third_Party/FreeRTOS/Source/queue.c **** 		removing entries from the registry while it is being searched. */
2684:Middlewares/Third_Party/FreeRTOS/Source/queue.c **** 		for( ux = ( UBaseType_t ) 0U; ux < ( UBaseType_t ) configQUEUE_REGISTRY_SIZE; ux++ )
 4277              		.loc 1 2684 3 view .LVU1306
 4278              		.loc 1 2684 11 is_stmt 0 view .LVU1307
 4279 0000 0023     		movs	r3, #0
 4280              	.LVL365:
 4281              	.L313:
 4282              		.loc 1 2684 33 is_stmt 1 discriminator 1 view .LVU1308
 4283              		.loc 1 2684 3 is_stmt 0 discriminator 1 view .LVU1309
 4284 0002 072B     		cmp	r3, #7
 4285 0004 0BD8     		bhi	.L317
2685:Middlewares/Third_Party/FreeRTOS/Source/queue.c **** 		{
2686:Middlewares/Third_Party/FreeRTOS/Source/queue.c **** 			if( xQueueRegistry[ ux ].xHandle == xQueue )
 4286              		.loc 1 2686 4 is_stmt 1 view .LVU1310
 4287              		.loc 1 2686 28 is_stmt 0 view .LVU1311
 4288 0006 074A     		ldr	r2, .L319
 4289 0008 02EBC302 		add	r2, r2, r3, lsl #3
 4290 000c 5268     		ldr	r2, [r2, #4]
 4291              		.loc 1 2686 6 view .LVU1312
 4292 000e 8242     		cmp	r2, r0
 4293 0010 01D0     		beq	.L318
2687:Middlewares/Third_Party/FreeRTOS/Source/queue.c **** 			{
2688:Middlewares/Third_Party/FreeRTOS/Source/queue.c **** 				pcReturn = xQueueRegistry[ ux ].pcQueueName;
2689:Middlewares/Third_Party/FreeRTOS/Source/queue.c **** 				break;
2690:Middlewares/Third_Party/FreeRTOS/Source/queue.c **** 			}
2691:Middlewares/Third_Party/FreeRTOS/Source/queue.c **** 			else
2692:Middlewares/Third_Party/FreeRTOS/Source/queue.c **** 			{
2693:Middlewares/Third_Party/FreeRTOS/Source/queue.c **** 				mtCOVERAGE_TEST_MARKER();
 4294              		.loc 1 2693 29 is_stmt 1 discriminator 2 view .LVU1313
2684:Middlewares/Third_Party/FreeRTOS/Source/queue.c **** 		{
 4295              		.loc 1 2684 81 discriminator 2 view .LVU1314
2684:Middlewares/Third_Party/FreeRTOS/Source/queue.c **** 		{
 4296              		.loc 1 2684 83 is_stmt 0 discriminator 2 view .LVU1315
ARM GAS  /tmp/ccAaDn2P.s 			page 148


 4297 0012 0133     		adds	r3, r3, #1
 4298              	.LVL366:
2684:Middlewares/Third_Party/FreeRTOS/Source/queue.c **** 		{
 4299              		.loc 1 2684 83 discriminator 2 view .LVU1316
 4300 0014 F5E7     		b	.L313
 4301              	.L318:
2688:Middlewares/Third_Party/FreeRTOS/Source/queue.c **** 				break;
 4302              		.loc 1 2688 5 is_stmt 1 view .LVU1317
2688:Middlewares/Third_Party/FreeRTOS/Source/queue.c **** 				break;
 4303              		.loc 1 2688 14 is_stmt 0 view .LVU1318
 4304 0016 034A     		ldr	r2, .L319
 4305 0018 52F83300 		ldr	r0, [r2, r3, lsl #3]
 4306              	.LVL367:
2689:Middlewares/Third_Party/FreeRTOS/Source/queue.c **** 			}
 4307              		.loc 1 2689 5 is_stmt 1 view .LVU1319
 4308 001c 7047     		bx	lr
 4309              	.LVL368:
 4310              	.L317:
2680:Middlewares/Third_Party/FreeRTOS/Source/queue.c **** 
 4311              		.loc 1 2680 14 is_stmt 0 view .LVU1320
 4312 001e 0020     		movs	r0, #0
 4313              	.LVL369:
2694:Middlewares/Third_Party/FreeRTOS/Source/queue.c **** 			}
2695:Middlewares/Third_Party/FreeRTOS/Source/queue.c **** 		}
2696:Middlewares/Third_Party/FreeRTOS/Source/queue.c **** 
2697:Middlewares/Third_Party/FreeRTOS/Source/queue.c **** 		return pcReturn;
 4314              		.loc 1 2697 3 is_stmt 1 view .LVU1321
2698:Middlewares/Third_Party/FreeRTOS/Source/queue.c **** 	} /*lint !e818 xQueue cannot be a pointer to const because it is a typedef. */
 4315              		.loc 1 2698 2 is_stmt 0 view .LVU1322
 4316 0020 7047     		bx	lr
 4317              	.L320:
 4318 0022 00BF     		.align	2
 4319              	.L319:
 4320 0024 00000000 		.word	.LANCHOR0
 4321              		.cfi_endproc
 4322              	.LFE33:
 4324              		.section	.text.vQueueUnregisterQueue,"ax",%progbits
 4325              		.align	1
 4326              		.global	vQueueUnregisterQueue
 4327              		.syntax unified
 4328              		.thumb
 4329              		.thumb_func
 4331              	vQueueUnregisterQueue:
 4332              	.LVL370:
 4333              	.LFB34:
2699:Middlewares/Third_Party/FreeRTOS/Source/queue.c **** 
2700:Middlewares/Third_Party/FreeRTOS/Source/queue.c **** #endif /* configQUEUE_REGISTRY_SIZE */
2701:Middlewares/Third_Party/FreeRTOS/Source/queue.c **** /*-----------------------------------------------------------*/
2702:Middlewares/Third_Party/FreeRTOS/Source/queue.c **** 
2703:Middlewares/Third_Party/FreeRTOS/Source/queue.c **** #if ( configQUEUE_REGISTRY_SIZE > 0 )
2704:Middlewares/Third_Party/FreeRTOS/Source/queue.c **** 
2705:Middlewares/Third_Party/FreeRTOS/Source/queue.c **** 	void vQueueUnregisterQueue( QueueHandle_t xQueue )
2706:Middlewares/Third_Party/FreeRTOS/Source/queue.c **** 	{
 4334              		.loc 1 2706 2 is_stmt 1 view -0
 4335              		.cfi_startproc
 4336              		@ args = 0, pretend = 0, frame = 0
 4337              		@ frame_needed = 0, uses_anonymous_args = 0
ARM GAS  /tmp/ccAaDn2P.s 			page 149


 4338              		@ link register save eliminated.
2707:Middlewares/Third_Party/FreeRTOS/Source/queue.c **** 	UBaseType_t ux;
 4339              		.loc 1 2707 2 view .LVU1324
2708:Middlewares/Third_Party/FreeRTOS/Source/queue.c **** 
2709:Middlewares/Third_Party/FreeRTOS/Source/queue.c **** 		/* See if the handle of the queue being unregistered in actually in the
2710:Middlewares/Third_Party/FreeRTOS/Source/queue.c **** 		registry. */
2711:Middlewares/Third_Party/FreeRTOS/Source/queue.c **** 		for( ux = ( UBaseType_t ) 0U; ux < ( UBaseType_t ) configQUEUE_REGISTRY_SIZE; ux++ )
 4340              		.loc 1 2711 3 view .LVU1325
 4341              		.loc 1 2711 11 is_stmt 0 view .LVU1326
 4342 0000 0023     		movs	r3, #0
 4343              	.LVL371:
 4344              	.L322:
 4345              		.loc 1 2711 33 is_stmt 1 discriminator 1 view .LVU1327
 4346              		.loc 1 2711 3 is_stmt 0 discriminator 1 view .LVU1328
 4347 0002 072B     		cmp	r3, #7
 4348 0004 0FD8     		bhi	.L326
2712:Middlewares/Third_Party/FreeRTOS/Source/queue.c **** 		{
2713:Middlewares/Third_Party/FreeRTOS/Source/queue.c **** 			if( xQueueRegistry[ ux ].xHandle == xQueue )
 4349              		.loc 1 2713 4 is_stmt 1 view .LVU1329
 4350              		.loc 1 2713 28 is_stmt 0 view .LVU1330
 4351 0006 084A     		ldr	r2, .L328
 4352 0008 02EBC302 		add	r2, r2, r3, lsl #3
 4353 000c 5268     		ldr	r2, [r2, #4]
 4354              		.loc 1 2713 6 view .LVU1331
 4355 000e 8242     		cmp	r2, r0
 4356 0010 01D0     		beq	.L327
2714:Middlewares/Third_Party/FreeRTOS/Source/queue.c **** 			{
2715:Middlewares/Third_Party/FreeRTOS/Source/queue.c **** 				/* Set the name to NULL to show that this slot if free again. */
2716:Middlewares/Third_Party/FreeRTOS/Source/queue.c **** 				xQueueRegistry[ ux ].pcQueueName = NULL;
2717:Middlewares/Third_Party/FreeRTOS/Source/queue.c **** 
2718:Middlewares/Third_Party/FreeRTOS/Source/queue.c **** 				/* Set the handle to NULL to ensure the same queue handle cannot
2719:Middlewares/Third_Party/FreeRTOS/Source/queue.c **** 				appear in the registry twice if it is added, removed, then
2720:Middlewares/Third_Party/FreeRTOS/Source/queue.c **** 				added again. */
2721:Middlewares/Third_Party/FreeRTOS/Source/queue.c **** 				xQueueRegistry[ ux ].xHandle = ( QueueHandle_t ) 0;
2722:Middlewares/Third_Party/FreeRTOS/Source/queue.c **** 				break;
2723:Middlewares/Third_Party/FreeRTOS/Source/queue.c **** 			}
2724:Middlewares/Third_Party/FreeRTOS/Source/queue.c **** 			else
2725:Middlewares/Third_Party/FreeRTOS/Source/queue.c **** 			{
2726:Middlewares/Third_Party/FreeRTOS/Source/queue.c **** 				mtCOVERAGE_TEST_MARKER();
 4357              		.loc 1 2726 29 is_stmt 1 discriminator 2 view .LVU1332
2711:Middlewares/Third_Party/FreeRTOS/Source/queue.c **** 		{
 4358              		.loc 1 2711 81 discriminator 2 view .LVU1333
2711:Middlewares/Third_Party/FreeRTOS/Source/queue.c **** 		{
 4359              		.loc 1 2711 83 is_stmt 0 discriminator 2 view .LVU1334
 4360 0012 0133     		adds	r3, r3, #1
 4361              	.LVL372:
2711:Middlewares/Third_Party/FreeRTOS/Source/queue.c **** 		{
 4362              		.loc 1 2711 83 discriminator 2 view .LVU1335
 4363 0014 F5E7     		b	.L322
 4364              	.L327:
2716:Middlewares/Third_Party/FreeRTOS/Source/queue.c **** 
 4365              		.loc 1 2716 5 is_stmt 1 view .LVU1336
2716:Middlewares/Third_Party/FreeRTOS/Source/queue.c **** 
 4366              		.loc 1 2716 38 is_stmt 0 view .LVU1337
 4367 0016 044A     		ldr	r2, .L328
 4368 0018 0021     		movs	r1, #0
 4369 001a 42F83310 		str	r1, [r2, r3, lsl #3]
ARM GAS  /tmp/ccAaDn2P.s 			page 150


2721:Middlewares/Third_Party/FreeRTOS/Source/queue.c **** 				break;
 4370              		.loc 1 2721 5 is_stmt 1 view .LVU1338
2721:Middlewares/Third_Party/FreeRTOS/Source/queue.c **** 				break;
 4371              		.loc 1 2721 34 is_stmt 0 view .LVU1339
 4372 001e 02EBC303 		add	r3, r2, r3, lsl #3
 4373              	.LVL373:
2721:Middlewares/Third_Party/FreeRTOS/Source/queue.c **** 				break;
 4374              		.loc 1 2721 34 view .LVU1340
 4375 0022 5960     		str	r1, [r3, #4]
2722:Middlewares/Third_Party/FreeRTOS/Source/queue.c **** 			}
 4376              		.loc 1 2722 5 is_stmt 1 view .LVU1341
 4377 0024 7047     		bx	lr
 4378              	.LVL374:
 4379              	.L326:
2727:Middlewares/Third_Party/FreeRTOS/Source/queue.c **** 			}
2728:Middlewares/Third_Party/FreeRTOS/Source/queue.c **** 		}
2729:Middlewares/Third_Party/FreeRTOS/Source/queue.c **** 
2730:Middlewares/Third_Party/FreeRTOS/Source/queue.c **** 	} /*lint !e818 xQueue could not be pointer to const because it is a typedef. */
 4380              		.loc 1 2730 2 is_stmt 0 view .LVU1342
 4381 0026 7047     		bx	lr
 4382              	.L329:
 4383              		.align	2
 4384              	.L328:
 4385 0028 00000000 		.word	.LANCHOR0
 4386              		.cfi_endproc
 4387              	.LFE34:
 4389              		.section	.text.vQueueDelete,"ax",%progbits
 4390              		.align	1
 4391              		.global	vQueueDelete
 4392              		.syntax unified
 4393              		.thumb
 4394              		.thumb_func
 4396              	vQueueDelete:
 4397              	.LVL375:
 4398              	.LFB23:
1976:Middlewares/Third_Party/FreeRTOS/Source/queue.c **** Queue_t * const pxQueue = xQueue;
 4399              		.loc 1 1976 1 is_stmt 1 view -0
 4400              		.cfi_startproc
 4401              		@ args = 0, pretend = 0, frame = 0
 4402              		@ frame_needed = 0, uses_anonymous_args = 0
1977:Middlewares/Third_Party/FreeRTOS/Source/queue.c **** 
 4403              		.loc 1 1977 1 view .LVU1344
1979:Middlewares/Third_Party/FreeRTOS/Source/queue.c **** 	traceQUEUE_DELETE( pxQueue );
 4404              		.loc 1 1979 2 view .LVU1345
 4405 0000 38B1     		cbz	r0, .L336
1976:Middlewares/Third_Party/FreeRTOS/Source/queue.c **** Queue_t * const pxQueue = xQueue;
 4406              		.loc 1 1976 1 is_stmt 0 discriminator 2 view .LVU1346
 4407 0002 10B5     		push	{r4, lr}
 4408              	.LCFI44:
 4409              		.cfi_def_cfa_offset 8
 4410              		.cfi_offset 4, -8
 4411              		.cfi_offset 14, -4
 4412 0004 0446     		mov	r4, r0
1979:Middlewares/Third_Party/FreeRTOS/Source/queue.c **** 	traceQUEUE_DELETE( pxQueue );
 4413              		.loc 1 1979 25 is_stmt 1 discriminator 2 view .LVU1347
1980:Middlewares/Third_Party/FreeRTOS/Source/queue.c **** 
 4414              		.loc 1 1980 30 discriminator 2 view .LVU1348
ARM GAS  /tmp/ccAaDn2P.s 			page 151


1984:Middlewares/Third_Party/FreeRTOS/Source/queue.c **** 	}
 4415              		.loc 1 1984 3 discriminator 2 view .LVU1349
 4416 0006 FFF7FEFF 		bl	vQueueUnregisterQueue
 4417              	.LVL376:
1998:Middlewares/Third_Party/FreeRTOS/Source/queue.c **** 		{
 4418              		.loc 1 1998 3 discriminator 2 view .LVU1350
1998:Middlewares/Third_Party/FreeRTOS/Source/queue.c **** 		{
 4419              		.loc 1 1998 14 is_stmt 0 discriminator 2 view .LVU1351
 4420 000a 94F84630 		ldrb	r3, [r4, #70]	@ zero_extendqisi2
1998:Middlewares/Third_Party/FreeRTOS/Source/queue.c **** 		{
 4421              		.loc 1 1998 5 discriminator 2 view .LVU1352
 4422 000e 4BB1     		cbz	r3, .L337
 4423              	.L330:
2014:Middlewares/Third_Party/FreeRTOS/Source/queue.c **** /*-----------------------------------------------------------*/
 4424              		.loc 1 2014 1 view .LVU1353
 4425 0010 10BD     		pop	{r4, pc}
 4426              	.LVL377:
 4427              	.L336:
 4428              	.LCFI45:
 4429              		.cfi_def_cfa_offset 0
 4430              		.cfi_restore 4
 4431              		.cfi_restore 14
1979:Middlewares/Third_Party/FreeRTOS/Source/queue.c **** 	traceQUEUE_DELETE( pxQueue );
 4432              		.loc 1 1979 2 is_stmt 1 view .LVU1354
 4433              	.LBB218:
 4434              	.LBI218:
 193:Middlewares/Third_Party/FreeRTOS/Source/portable/GCC/ARM_CM3/portmacro.h **** {
 4435              		.loc 2 193 30 view .LVU1355
 4436              	.LBB219:
 195:Middlewares/Third_Party/FreeRTOS/Source/portable/GCC/ARM_CM3/portmacro.h **** 
 4437              		.loc 2 195 1 view .LVU1356
 197:Middlewares/Third_Party/FreeRTOS/Source/portable/GCC/ARM_CM3/portmacro.h **** 	(
 4438              		.loc 2 197 2 view .LVU1357
 4439              		.syntax unified
 4440              	@ 197 "Middlewares/Third_Party/FreeRTOS/Source/portable/GCC/ARM_CM3/portmacro.h" 1
 4441 0012 4FF05003 			mov r3, #80												
 4442 0016 83F31188 		msr basepri, r3											
 4443 001a BFF36F8F 		isb														
 4444 001e BFF34F8F 		dsb														
 4445              	
 4446              	@ 0 "" 2
 4447              	.LVL378:
 4448              		.thumb
 4449              		.syntax unified
 4450              	.L332:
 197:Middlewares/Third_Party/FreeRTOS/Source/portable/GCC/ARM_CM3/portmacro.h **** 	(
 4451              		.loc 2 197 2 is_stmt 0 view .LVU1358
 4452              	.LBE219:
 4453              	.LBE218:
1979:Middlewares/Third_Party/FreeRTOS/Source/queue.c **** 	traceQUEUE_DELETE( pxQueue );
 4454              		.loc 1 1979 2 is_stmt 1 discriminator 1 view .LVU1359
1979:Middlewares/Third_Party/FreeRTOS/Source/queue.c **** 	traceQUEUE_DELETE( pxQueue );
 4455              		.loc 1 1979 2 discriminator 1 view .LVU1360
1979:Middlewares/Third_Party/FreeRTOS/Source/queue.c **** 	traceQUEUE_DELETE( pxQueue );
 4456              		.loc 1 1979 2 discriminator 1 view .LVU1361
 4457 0022 FEE7     		b	.L332
 4458              	.LVL379:
ARM GAS  /tmp/ccAaDn2P.s 			page 152


 4459              	.L337:
 4460              	.LCFI46:
 4461              		.cfi_def_cfa_offset 8
 4462              		.cfi_offset 4, -8
 4463              		.cfi_offset 14, -4
2000:Middlewares/Third_Party/FreeRTOS/Source/queue.c **** 		}
 4464              		.loc 1 2000 4 view .LVU1362
 4465 0024 2046     		mov	r0, r4
 4466 0026 FFF7FEFF 		bl	vPortFree
 4467              	.LVL380:
2004:Middlewares/Third_Party/FreeRTOS/Source/queue.c **** 		}
 4468              		.loc 1 2004 28 view .LVU1363
2014:Middlewares/Third_Party/FreeRTOS/Source/queue.c **** /*-----------------------------------------------------------*/
 4469              		.loc 1 2014 1 is_stmt 0 view .LVU1364
 4470 002a F1E7     		b	.L330
 4471              		.cfi_endproc
 4472              	.LFE23:
 4474              		.global	xQueueRegistry
 4475              		.section	.bss.xQueueRegistry,"aw",%nobits
 4476              		.align	2
 4477              		.set	.LANCHOR0,. + 0
 4480              	xQueueRegistry:
 4481 0000 00000000 		.space	64
 4481      00000000 
 4481      00000000 
 4481      00000000 
 4481      00000000 
 4482              		.text
 4483              	.Letext0:
 4484              		.file 3 "/home/santiago/gcc-arm-none-eabi-10.3-2021.10-x86_64-linux/gcc-arm-none-eabi-10.3-2021.10
 4485              		.file 4 "/home/santiago/gcc-arm-none-eabi-10.3-2021.10-x86_64-linux/gcc-arm-none-eabi-10.3-2021.10
 4486              		.file 5 "/home/santiago/gcc-arm-none-eabi-10.3-2021.10-x86_64-linux/gcc-arm-none-eabi-10.3-2021.10
 4487              		.file 6 "Middlewares/Third_Party/FreeRTOS/Source/include/FreeRTOS.h"
 4488              		.file 7 "Middlewares/Third_Party/FreeRTOS/Source/include/list.h"
 4489              		.file 8 "Middlewares/Third_Party/FreeRTOS/Source/include/task.h"
 4490              		.file 9 "Middlewares/Third_Party/FreeRTOS/Source/include/queue.h"
 4491              		.file 10 "Middlewares/Third_Party/FreeRTOS/Source/include/portable.h"
 4492              		.file 11 "<built-in>"
ARM GAS  /tmp/ccAaDn2P.s 			page 153


DEFINED SYMBOLS
                            *ABS*:0000000000000000 queue.c
     /tmp/ccAaDn2P.s:18     .text.prvGetDisinheritPriorityAfterTimeout:0000000000000000 $t
     /tmp/ccAaDn2P.s:23     .text.prvGetDisinheritPriorityAfterTimeout:0000000000000000 prvGetDisinheritPriorityAfterTimeout
     /tmp/ccAaDn2P.s:58     .text.prvIsQueueFull:0000000000000000 $t
     /tmp/ccAaDn2P.s:63     .text.prvIsQueueFull:0000000000000000 prvIsQueueFull
     /tmp/ccAaDn2P.s:111    .text.prvIsQueueEmpty:0000000000000000 $t
     /tmp/ccAaDn2P.s:116    .text.prvIsQueueEmpty:0000000000000000 prvIsQueueEmpty
     /tmp/ccAaDn2P.s:161    .text.prvCopyDataToQueue:0000000000000000 $t
     /tmp/ccAaDn2P.s:166    .text.prvCopyDataToQueue:0000000000000000 prvCopyDataToQueue
     /tmp/ccAaDn2P.s:323    .text.prvCopyDataFromQueue:0000000000000000 $t
     /tmp/ccAaDn2P.s:328    .text.prvCopyDataFromQueue:0000000000000000 prvCopyDataFromQueue
     /tmp/ccAaDn2P.s:380    .text.prvUnlockQueue:0000000000000000 $t
     /tmp/ccAaDn2P.s:385    .text.prvUnlockQueue:0000000000000000 prvUnlockQueue
     /tmp/ccAaDn2P.s:510    .text.xQueueGenericReset:0000000000000000 $t
     /tmp/ccAaDn2P.s:516    .text.xQueueGenericReset:0000000000000000 xQueueGenericReset
     /tmp/ccAaDn2P.s:659    .text.prvInitialiseNewQueue:0000000000000000 $t
     /tmp/ccAaDn2P.s:664    .text.prvInitialiseNewQueue:0000000000000000 prvInitialiseNewQueue
     /tmp/ccAaDn2P.s:717    .text.xQueueGenericCreateStatic:0000000000000000 $t
     /tmp/ccAaDn2P.s:723    .text.xQueueGenericCreateStatic:0000000000000000 xQueueGenericCreateStatic
     /tmp/ccAaDn2P.s:946    .text.xQueueGenericCreate:0000000000000000 $t
     /tmp/ccAaDn2P.s:952    .text.xQueueGenericCreate:0000000000000000 xQueueGenericCreate
     /tmp/ccAaDn2P.s:1057   .text.xQueueGenericSend:0000000000000000 $t
     /tmp/ccAaDn2P.s:1063   .text.xQueueGenericSend:0000000000000000 xQueueGenericSend
     /tmp/ccAaDn2P.s:1475   .text.prvInitialiseMutex:0000000000000000 $t
     /tmp/ccAaDn2P.s:1480   .text.prvInitialiseMutex:0000000000000000 prvInitialiseMutex
     /tmp/ccAaDn2P.s:1528   .text.xQueueCreateMutex:0000000000000000 $t
     /tmp/ccAaDn2P.s:1534   .text.xQueueCreateMutex:0000000000000000 xQueueCreateMutex
     /tmp/ccAaDn2P.s:1573   .text.xQueueCreateMutexStatic:0000000000000000 $t
     /tmp/ccAaDn2P.s:1579   .text.xQueueCreateMutexStatic:0000000000000000 xQueueCreateMutexStatic
     /tmp/ccAaDn2P.s:1631   .text.xQueueGenericSendFromISR:0000000000000000 $t
     /tmp/ccAaDn2P.s:1637   .text.xQueueGenericSendFromISR:0000000000000000 xQueueGenericSendFromISR
     /tmp/ccAaDn2P.s:1899   .text.xQueueGiveFromISR:0000000000000000 $t
     /tmp/ccAaDn2P.s:1905   .text.xQueueGiveFromISR:0000000000000000 xQueueGiveFromISR
     /tmp/ccAaDn2P.s:2178   .text.xQueueReceive:0000000000000000 $t
     /tmp/ccAaDn2P.s:2184   .text.xQueueReceive:0000000000000000 xQueueReceive
     /tmp/ccAaDn2P.s:2558   .text.xQueueSemaphoreTake:0000000000000000 $t
     /tmp/ccAaDn2P.s:2564   .text.xQueueSemaphoreTake:0000000000000000 xQueueSemaphoreTake
     /tmp/ccAaDn2P.s:3032   .text.xQueuePeek:0000000000000000 $t
     /tmp/ccAaDn2P.s:3038   .text.xQueuePeek:0000000000000000 xQueuePeek
     /tmp/ccAaDn2P.s:3414   .text.xQueueReceiveFromISR:0000000000000000 $t
     /tmp/ccAaDn2P.s:3420   .text.xQueueReceiveFromISR:0000000000000000 xQueueReceiveFromISR
     /tmp/ccAaDn2P.s:3644   .text.xQueuePeekFromISR:0000000000000000 $t
     /tmp/ccAaDn2P.s:3650   .text.xQueuePeekFromISR:0000000000000000 xQueuePeekFromISR
     /tmp/ccAaDn2P.s:3849   .text.uxQueueMessagesWaiting:0000000000000000 $t
     /tmp/ccAaDn2P.s:3855   .text.uxQueueMessagesWaiting:0000000000000000 uxQueueMessagesWaiting
     /tmp/ccAaDn2P.s:3923   .text.uxQueueSpacesAvailable:0000000000000000 $t
     /tmp/ccAaDn2P.s:3929   .text.uxQueueSpacesAvailable:0000000000000000 uxQueueSpacesAvailable
     /tmp/ccAaDn2P.s:4001   .text.uxQueueMessagesWaitingFromISR:0000000000000000 $t
     /tmp/ccAaDn2P.s:4007   .text.uxQueueMessagesWaitingFromISR:0000000000000000 uxQueueMessagesWaitingFromISR
     /tmp/ccAaDn2P.s:4059   .text.xQueueIsQueueEmptyFromISR:0000000000000000 $t
     /tmp/ccAaDn2P.s:4065   .text.xQueueIsQueueEmptyFromISR:0000000000000000 xQueueIsQueueEmptyFromISR
     /tmp/ccAaDn2P.s:4127   .text.xQueueIsQueueFullFromISR:0000000000000000 $t
     /tmp/ccAaDn2P.s:4133   .text.xQueueIsQueueFullFromISR:0000000000000000 xQueueIsQueueFullFromISR
     /tmp/ccAaDn2P.s:4198   .text.vQueueAddToRegistry:0000000000000000 $t
     /tmp/ccAaDn2P.s:4204   .text.vQueueAddToRegistry:0000000000000000 vQueueAddToRegistry
     /tmp/ccAaDn2P.s:4256   .text.vQueueAddToRegistry:0000000000000024 $d
ARM GAS  /tmp/ccAaDn2P.s 			page 154


     /tmp/ccAaDn2P.s:4261   .text.pcQueueGetName:0000000000000000 $t
     /tmp/ccAaDn2P.s:4267   .text.pcQueueGetName:0000000000000000 pcQueueGetName
     /tmp/ccAaDn2P.s:4320   .text.pcQueueGetName:0000000000000024 $d
     /tmp/ccAaDn2P.s:4325   .text.vQueueUnregisterQueue:0000000000000000 $t
     /tmp/ccAaDn2P.s:4331   .text.vQueueUnregisterQueue:0000000000000000 vQueueUnregisterQueue
     /tmp/ccAaDn2P.s:4385   .text.vQueueUnregisterQueue:0000000000000028 $d
     /tmp/ccAaDn2P.s:4390   .text.vQueueDelete:0000000000000000 $t
     /tmp/ccAaDn2P.s:4396   .text.vQueueDelete:0000000000000000 vQueueDelete
     /tmp/ccAaDn2P.s:4480   .bss.xQueueRegistry:0000000000000000 xQueueRegistry
     /tmp/ccAaDn2P.s:4476   .bss.xQueueRegistry:0000000000000000 $d

UNDEFINED SYMBOLS
vPortEnterCritical
vPortExitCritical
xTaskPriorityDisinherit
memcpy
xTaskRemoveFromEventList
vTaskMissedYield
vListInitialise
pvPortMalloc
xTaskGetSchedulerState
vTaskInternalSetTimeOutState
xTaskResumeAll
vTaskSuspendAll
xTaskCheckForTimeOut
vTaskPlaceOnEventList
vPortValidateInterruptPriority
pvTaskIncrementMutexHeldCount
xTaskPriorityInherit
vTaskPriorityDisinheritAfterTimeout
vPortFree
