:020000040800F2
:1000000000500020C98C0008795600087B56000873
:100010007D5600087F560008815600080000000049
:10002000000000000000000000000000B184000893
:1000300083560008000000005185000895850008DF
:10004000118D0008118D0008118D0008118D000818
:10005000118D0008118D0008118D0008118D000808
:10006000118D0008118D0008118D0008118D0008F8
:10007000118D0008118D0008118D0008118D0008E8
:10008000118D0008118D0008118D0008118D0008D8
:10009000118D0008118D0008118D0008118D0008C8
:1000A000118D0008118D0008118D0008118D0008B8
:1000B00085560008118D0008118D0008118D00086B
:1000C000118D0008118D0008118D0008118D000898
:1000D000118D0008118D0008118D0008118D000888
:1000E000118D0008118D0008118D0008000000001E
:1000F0000000000000000000000000000000000000
:0C01000000000000000000005FF808F1A3
:100110000348044B834202D0034B03B11847704796
:10012000D4010020D4010020000000000548064B47
:100130001B1AD90F01EBA301491002D0034B03B1E5
:1001400018477047D4010020D401002000000000AF
:1001500010B5064C237843B9FFF7DAFF044B13B10F
:100160000448AFF300800123237010BDD4010020A8
:1001700000000000148D000808B5044B1BB10449B1
:100180000448AFF30080BDE80840CFE7000000005E
:10019000D8010020148D000820F0030110F00300A6
:1001A000C0F1000051F8043B00F1040C4FEACC0C04
:1001B0006FF000021CBF22FA0CF213434FF0010C47
:1001C0004CEA0C2C4CEA0C4CA3EB0C0222EA030286
:1001D00012EACC1204BF51F8043B0430F4D0C2F14F
:1001E000000102EA0102B2FA82F2C2F11F0200EB40
:1001F000D200704770B50F4B0F4DAB42A3EB050615
:1002000007D00024B61055F8043B01349847A642A5
:10021000F9D808F07FFD094D094B5E1BAB424FEA50
:10022000A60606D0002455F8043B01349847A642A0
:10023000F9D870BD2C9300082C9300082C9300086B
:1002400030930008036A70B506460D468468002B9B
:1002500038D0A3891B0714D5236993B1013DA36846
:1002600015F8011F013BA360D9B1002B04DAA26984
:100270009A420FDC0A290DD023685A1C226019709B
:10028000EDE72146304601F0F7FE0028E6D04FF0BA
:10029000FF3070BD2246304602F02EFC0130DED128
:1002A000F5E7002B08DA22460A21304602F024FC4A
:1002B0000130ECD00A2070BD0A222368591C21604D
:1002C0001A70F7E700F0F4F8C3E700BF024B0146ED
:1002D0001868FFF7B7BF00BF0C0000200020704770
:1002E000024A0349034801F0A5BE00BF00000020F8
:1002F000B5060008100000200C4B416810B599426B
:10030000044601D000F0D6F9A168094B994202D009
:10031000204600F0CFF9E168064B994204D0204610
:10032000BDE8104000F0C6B910BD00BFF0010020CC
:1003300058020020C0020020002070472DE9F84339
:1003400000250423294C2A490822C4F8381104F155
:100350005C002946DFF89C90DFF89C80274F284EF0
:10036000C4E90335C4E90055C4E90555A5606566CF
:1003700000F0C6F8234B0822294604F1C400636745
:10038000C4E90849C4E90A87C4E91A55C4E91E55F5
:1003900026632567C4F8CC50C4F8805000F0B0F84C
:1003A000194B2946C4F8DC30082204F1680304F52F
:1003B0009670C4F88830C4E92398C4E92576C4E966
:1003C0003455C4E93855C4F8D850C4F83451C4F889
:1003D000E85000F095F804F1D003C4E93D98C4E971
:1003E0003F76C4F8F030BDE8F88300BFF00100208C
:1003F000E1020008D5360008FD3600083D37000848
:10040000613700080900010012000200F8B5254B11
:100410000646D3F83831002B3CD0234FD7E90134BE
:10042000013B04D51DE05A1C04F1680419D0B4F94D
:100430000C50013B002DF6D11C4B08222946C4E983
:100440000155C4E90455E36065662560A56104F1C2
:100450005C0000F055F8C4E90D55C4E9125520467A
:10046000F8BD3D680DB12F46D8E74FF4D671304640
:1004700000F008FD044680B10423056029462546A6
:100480000C304FF4D072A060636000F039F83C602B
:100490002F46C3E7FFF752FFBFE70C2338603360F6
:1004A000DDE700BFF0010020000000200100FFFF99
:1004B000036A03B17047044B044AD3F8383102622F
:1004C000002BF7D13AE700BFF0010020F902000845
:1004D000704700BF704700BF0020024A024901F088
:1004E000A9BD00BF00000020DD0200080020024A74
:1004F000024901F09FBD00BF000000203903000841
:1005000070B5860747D0541E002A3ED00346CAB2B3
:1005100001E0013C39D303F8012B9D07F9D1032CED
:100520002CD9CDB205EB05250F2C1A4605EB054558
:1005300034D9A4F1100C2CF00F0603F1100EB644C0
:100540004FEA1C1CC2E90055C2E90255103272453F
:10055000F8D10CF1010214F00C0F03EB021204F0BD
:100560000F0C13D0ACF1040323F003030433134442
:1005700042F8045B9342FBD10CF003042CB1C9B2E6
:100580001C4403F8011BA342FBD170BD6446134613
:10059000002CF4D1F9E703461446C0E7A446E1E78E
:1005A000F8B5B1F90C300C461E07074639D44A6835
:1005B000002A53DDE56A002D31D000223E683A6002
:1005C00013F48052216A55D101233846A847451CAF
:1005D000024663D0B4F90C30E56A216A580705D5A4
:1005E0006368D21A636B0BB1236CD21A00233846AE
:1005F000A847421C40D00022236962602360A3897F
:10060000DB0400D56065616B3E6041B104F14403D9
:10061000994202D0384601F0AFFC0023636300200A
:10062000F8BD0E69002EFAD09B0718BF00230D6895
:1006300008BF4B690E60AD1B8B600CE02B46324649
:10064000D4F828C03846216AE047B0F1000CA5EB89
:100650000C05664406DD002DF0DCE0E70A6C002A9C
:10066000A8DCDCE7B4F90C3043F040034FF0FF3076
:10067000A381F8BD626DB1E73968B4F90C301D296A
:10068000F2D80B4ACA40D507EED500226260226933
:100690002260DA04B7D50029B4D0B4E73B68002B58
:1006A00098D01D2B01D0162BDCD13E60B7E700BFE0
:1006B000010040200B69B3B110B5044682B008B107
:1006C000036A5BB1B1F90C3013B9002002B010BD60
:1006D000204602B0BDE81040FFF762BF0191FFF76E
:1006E000E7FE0199EEE70020704700BFB8B138B5CA
:1006F0000D4A0369044615682BB10DB12B6A53B13D
:10070000B4F90C300BB9002038BD21462846BDE8AD
:100710003840FFF745BF2846FFF7CAFEF0E7034A17
:100720000349044801F086BC0C00002000000020B2
:10073000B506000810000020014B1868704700BF84
:100740000C0000202DE9F04D002B88B014461D460A
:10075000109E1299DDF8508041DB0022B8F1650F40
:100760000A7039D040DCB8F1450F35D0B8F1460FEA
:100770005FD103230093139B2246CDE9016307ABAE
:10078000049306AB03932B4600F09CFC074628F02D
:100790002003462B07EB060805D13B78302B3CD0D5
:1007A000139B1E68B044204629460022002304F013
:1007B000E5F800283BD1079B984506D930215A1C03
:1007C00007921970079B4345F9D33846159ADB1BEE
:1007D000136008B0BDE8F08D02230136CAE703F1CB
:1007E000004B2D225D46B9E7B8F1660FC1D0139BCF
:1007F0002246CDE901630223009307AB049306ABC5
:1008000003932B4600F05EFCB8F1670F0746BED19C
:10081000119BDB0721D4079BD7E70022002320464A
:10082000294604F0ABF8D8B1139B1B6898444346A3
:10083000CBE7139B2246CDE901630223009307AB6C
:10084000049306AB03932B4600F03CFCB8F1470F32
:1008500007469CD1119BDB07DDD507EB0608A2E715
:10086000139BC6F101061E609CE700BF0029B4BFC0
:100870002D232B2330B5B8BF4942092983B002701C
:1008800043702CDD0DF107042346194D8C461A46A2
:10089000A5FB01E3DB0803EB830EA1EB4E0101F1A5
:1008A000300EBCF1630F194602F801EC02F1FF3380
:1008B000ECDC303103F8011C931EA34200F1020569
:1008C0000AD2411C13F801CBA34201F801CFF9D1A0
:1008D0000DF109039B1A1D44281A03B030BD3023C3
:1008E000051D1944C1708370281A03B030BD00BFC4
:1008F000CDCCCCCC2DE9F04F91B00C46DDF8688022
:1009000016461F46054602F031FF036818460A9353
:10091000FFF742FC00230E93D8F800300B9007330A
:1009200023F0070303F10802D4F800A094F818B0EC
:10093000C8F80020D3E9008929F000430993CDF8D5
:1009400020804FF0FF32DDE90801C4E91289A04B95
:1009500004F046F840B9DDE908014FF0FF329C4B46
:1009600004F020F8002877D042464B4640464946DE
:1009700004F036F8002840F03B8263684AF4806156
:100980005A1C0BF0DF0A35D0BAF1470F00F028816E
:10099000009321600191002106910EA905910DA9F6
:1009A00003910DF1330142464B462846CDF810B075
:1009B0000291FFF7C7FE8046BBF1650F0D993AD94A
:1009C000BBF1660F00F02E810E9B8B4240F3358108
:1009D0000029CCBF0122C1F10202134423614FF070
:1009E000000AA1659DF83330002B4DD02D2384F8EB
:1009F000433049E0216001910021062006910EA9B3
:100A0000CDF810B0606005910DA903910DF133018F
:100A1000424600904B4628460291FFF793FEBAF1FA
:100A2000470F8046C8D10D99C81C80F2F480ABF105
:100A3000020B5FFA8BFB5A46013904F150000D910D
:100A4000FFF714FF0E9A82461318012A236140F320
:100A5000428101332361C5E7404649460022002315
:100A600003F096FF10B12D2384F843302AF00403DD
:100A700023600323574A2361574B4FF0000ABBF111
:100A8000470F8CBF9046984633462146284600972C
:100A90000FAA01F0D9FB013023D0236858052BD4CD
:100AA0004246314628462369B847013019D02268AA
:100AB0009207E0680F9B19D5984217DD4FF00008A8
:100AC00004F1190904E0E0680F9BC21A42450DDDEC
:100AD00001234A4631462846B847013008F101084B
:100AE000F1D14FF0FF3011B0BDE8F08F9842B8BFA0
:100AF000184611B0BDE8F08FBBF1650F33D9D4E9CA
:100B000012010022002303F039FF002800F09D802D
:100B1000012331462846314AB8470130E1D0DDE9AA
:100B20000D3A534502DB2268D107C1D5DDE90A231E
:100B300031462846B8470130D3D0BAF1010FB6DDAF
:100B40004FF000080AF1FF3A04F11A0901E0D0451C
:100B5000ADD001234A4631462846B847013008F156
:100B60000108F4D1BDE7DDF83890B9F1010F40F389
:100B70009D800123424631462846B8470130B0D017
:100B8000DDE90A2331462846B8470130A9D0D4E927
:100B900012010022002309F1FF3B03F0EFFE0028C1
:100BA00000F09E80B9F1010F40F38B804FF00008F8
:100BB00004F11A0902E0D84500F0838001234A4677
:100BC00031462846B847013008F10108F3D188E7DB
:100BD000FFFFEF7FC4910008C0910008D09100088A
:100BE0000BB90123636000932160019100210691FC
:100BF0000EA905910DA903910DF133014246029111
:100C00004B462846CDF810B0FFF79CFD0D99804665
:100C1000C81CFFF60CAF636899423FF708AF4FF06E
:100C2000670BD1E6002963685EDD2161002B00F0CF
:100C30008D8001330B442361D1E623682161DB07FA
:100C40007FF5CDAE4B1C2361C9E60D9B002B52DD19
:100C50000E9BD4F858B099465B45A8BFD946B9F168
:100C6000000F089309DD4B46424631462846B847F7
:100C700001303FF436AFD4F858B029EAE972934511
:100C800071DD4FF0000A934604F11A0904E0A36DE8
:100C9000A3EB0B02524565DD01234A463146284647
:100CA000B84701300AF1010AF1D11AE7D9073FF537
:100CB00060AF4246012331462846B84701303FF431
:100CC00010AF53463146284604F15002B847013070
:100CD0007FF4EDAE05E72268D2077FF583AEB8E674
:100CE0005B4608F10102E6E7002B34D12268D20707
:100CF00031D4012372E60123314628464B4AB847D6
:100D000001303FF4EEAEDDE90D3A5AEA030324D098
:100D1000DDE90A2331462846B84701303FF4E1AE09
:100D20000D9B002B79DA4FF0000B04F11A0903E058
:100D30000D9B5B425B4570DD01234A4631462846E8
:100D4000B84701300BF1010BF2D1CAE62268D00797
:100D50007FF545AE6DE7023340E62268D3077FF5A5
:100D6000A7AED5E79B460D9B089A9A4202DC226803
:100D7000D00708D5DDE90A2331462846B8470130B7
:100D80003FF4AFAE0D9B089AA2EB0B0AD31A9A451B
:100D9000A8BF9A46BAF1000F91460BDD5346314683
:100DA000284608EB0B02B84701303FF49AAE4A469A
:100DB0000D9BD31A2AEAEA7A53457FF778AE4FF0B3
:100DC0000008DDF820B004F11A0907E00D9BABEB39
:100DD0000303A3EB0A0343457FF769AE01234A46A9
:100DE00031462846B847013008F10108EED178E6CF
:100DF0004B46002BBCBF2D2384F843302AF004035C
:100E0000236003230A4A23610A4B4FF0000ABBF117
:100E1000470F8CBF9046984636E6534642463146C9
:100E20002846B84701307FF442AE5AE6D091000818
:100E3000CC910008C891000870B5114E0546336882
:100E40000C46BBB12146284602F032FC431C014649
:100E50000CD0C41C24F00304A04205D02846611A1B
:100E600002F026FC013001D0204670BD4FF0FF3467
:100E7000204670BD194602F01BFC3060E2E700BF5F
:100E80002C0300202DE9F843CD1C25F0030508357F
:100E90000C2D38BF0C25002D064618DBA94216D8AC
:100EA000DFF8DC8001F0A4FBD8F80420A2B11446DE
:100EB00003E0636822467BB11C4623685B1BF8D4C1
:100EC0000B2B1FD89442636854D053600CE00C2362
:100ED00033600020BDE8F88329463046FFF7ACFFB9
:100EE000431C044619D00560304601F083FB04F131
:100EF0000B00231D20F00700C21A1CBF1B1AA350B1
:100F0000BDE8F88361199442256014BF5160C8F8A8
:100F10000410635163684B60E6E7D8F804701FB3B0
:100F20003C467F68002FFBD123683946304604EBEE
:100F3000030902F0BDFB814516D123683046ED1A46
:100F40002946FFF779FF01300ED02368D8F8042036
:100F50002B442360536883B1A34203D01A465B68D5
:100F60009C42FBD10023B0E70C233046336001F0F4
:100F700041FBAEE7C8F80430B6E7C8F80470B3E741
:100F80002C030020000000002DE9F04F03690C69DC
:100F900085B0A342C0F291808146013C01F1140565
:100FA00009F1140855F8243058F824C001339C4541
:100FB000BCFBF3F64FEA840005EB840708EB8402E0
:100FC00043D34FF0000CAA46CDE90105C64663465F
:100FD00065469346CDF80C805AF8040BDEF80020E5
:100FE0001FFA80FC06FB0C554FEA10484FEA154CDF
:100FF00006FB08CCADB290B2401B18441FFA8CF32C
:10100000C3EB204303EB124380B240EA0340574551
:101010004EF8040B4FEA1C454FEA2343DCD2DDE9CE
:101020000105DDF80C8058F8003073B9ABF104020B
:10103000904504D307E0904504F1FF3403D252F801
:101040000439002BF7D0C9F81040484602F0CEF81A
:1010500000282EDB4146002255F8040BD1F800C0D1
:101060001FFA80FE1FFA8CF3A3EB0E031344020C4D
:10107000C2EB234202EB1C429BB243EA0243AF4263
:1010800041F8043B4FEA2242E6D258F8242008EB0C
:1010900084036AB9043B434504D807E0984504F14A
:1010A000FF3403D253F80429002AF7D0C9F81040BE
:1010B0000136304605B0BDE8F08F002005B0BDE830
:1010C000F08F00BF2DE9F04F16461F46C5699DB051
:1010D000CDE90667299C0390002D00F0B2832968B2
:1010E00051B101236A6893404A608B6001F0B8FDFA
:1010F0000022039BDB691A60B7F10009B4BF01232A
:1011000000232360784BBCBF29F00049CDF81C9028
:1011100033EA090300F0AE80DDE9063418462146C3
:1011200000220023CDE9040103F028FC804668B1C9
:101130000123289A13602A9B13B16C4B2A9A1360DF
:101140006B4B089308981DB0BDE8F08F1AAB019364
:101150001BAB00930398DDE9042302F0A5F95FEAD5
:101160001955824640F09C80DDE91A85454405F218
:101170003243202B40F39983C3F1400309FA03F96A
:1011800005F2124326FA03F349EA030003F014F9C7
:101190000123013D1193A1F1F8710022554B02F09A
:1011A000CDFF4BA3D3E9002303F080F94AA3D3E991
:1011B000002302F0C5FF064628460F4603F00CF94F
:1011C00047A3D3E9002303F071F902460B463046EA
:1011D000394602F0B5FF06460F4603F017FC002221
:1011E0000446099000233046394603F0D1FB00281D
:1011F00040F03483099CA8EB0508162C08F1FF3B4E
:1012000000F21383DDE904013B4B03EBC403D3E994
:10121000002303F0BDFB002874D0631E0993002354
:10122000BBF1000F1093C0F2068300230B93099BC0
:10123000002B6DDA099B0B9A0E93D21A5B420F9327
:1012400000230993269B0B92092B69D8052BC4BF59
:10125000043B2693269BC8BF0025A3F10203D8BFF9
:101260000125032B00F24C86DFE813F07A047704A3
:101270006E04500442F20F73289AC9F3130959EA15
:10128000060913601CD12A9B002B00F02F861B4BF4
:10129000089308332A9A089813601DB0BDE8F08FB0
:1012A000DDE90412C2F31303084643F07F51CDF881
:1012B0004480A5F2FF35DDF8688041F440116CE709
:1012C0002A9B002B40F0FE830D4B08933AE700BFAA
:1012D00061436F63A787D23FB3C8608B288AC63F3C
:1012E000FB799F501344D33F0000F07FD191000859
:1012F000D09100080000F83F988D0008D4910008B4
:10130000E0910008B8F1000F40F3AF8410900B900B
:10131000099B9B440E9300230F93269B092B95D981
:10132000002326934FF0FF3301250A9300230C95E9
:1013300027930021039BDB6959600A9B189303984C
:1013400001F04EFC0890002800F0E385039B089A0A
:10135000DB691A600A9B0E2B00F20D81002D00F054
:101360000A810E99002940F34E84AE4B01F00F0222
:1013700003EBC2030A46D3E90067D2054FEA211501
:1013800040F11084DDE90401A74B4FF00309D3E9D4
:10139000082303F0B5F9CDE9120105F00F058DB171
:1013A000DFF88482EB0709D5D8E9002330463946B7
:1013B00003F07CF806460F4609F101096D1008F1AB
:1013C0000808EFD1DDE912013B46324603F098F9F7
:1013D00007468846109B43B1002238464146934B4E
:1013E00003F0D6FA002840F01285484602F0F4FFD8
:1013F0003A46434603F05AF88D4B002202F0A0FE15
:101400000A9B0446A1F15075002B00F09D800E9BB5
:1014100019930A9B12934146384603F0F7FA129942
:10142000804BCDE9144503EBC10353E90234054673
:10143000CDE9163402F0D0FF0B460246414638464D
:1014400002F07CFE089F0C9B30357E1CECB280467F
:1014500089463546002B00F06B84DDE91623002019
:10146000744903F04DF9DDE9142302F067FE3C7086
:1014700042464B4604460D4603F0A8FA002840F0C9
:10148000B984CDF858B0CDF850A0AB460027A2469D
:10149000129D2AE00137AF4280F20185504659463D
:1014A0000022654B03F002F80022634B82468B4614
:1014B0004046494602F0FAFF8946804603F0A6FA04
:1014C000044602F089FF02460B464046494602F0B8
:1014D00035FE303452465B4606F8014B804689465D
:1014E00003F056FA002840F0D78442464B460020CD
:1014F0004E4902F023FE52465B4603F049FA0028AB
:10150000C8D0199B3746DDF850A0089A03F10108AE
:1015100002E0974200F0A1843E4617F8013D392BC6
:10152000F7D00133DBB245463B706DE1484602F02F
:1015300053FF3A46434602F0B9FF00223C4B02F00B
:10154000FFFD0446A1F15075384600223B4B414651
:1015500002F0F4FD22462B4606460F4603F036FA0B
:10156000002840F0898430463946224605F1004380
:1015700003F00EFA28BB1B9B002BC0F291800E9A41
:101580000E2A00F38D80274B0E9A03EBC203D3E99A
:101590000034CDE90634279B002B19DA0A9B002B77
:1015A00016DC0ED1DDE906010022244B02F07EFF9D
:1015B00002460B46DDE9040103F0F4F9002800F0CF
:1015C0005B8400231F46089E0493279BDD4340E273
:1015D000089B5D1CDDE90678DDE904013A464346D7
:1015E00003F08EF803F012FA064602F0F5FE3A46D2
:1015F000434602F05BFF02460B46DDE9040102F0C0
:101600009DFD089A06F1300313700A9B2F46012BAB
:1016100000F036830125CDF810A0A846DDE906AB21
:1016200099462BE0988D0008888E00080000F03F56
:1016300000001C400000E03F000024400000144077
:1016400052465B462046294603F05AF803F0DEF97D
:10165000064602F0C1FE52465B4602F027FF08F143
:1016600001080B4602462946204602F067FD06F1B6
:101670003003C84507F8013B00F0008300228D4B82
:1016800002F014FF0022002304460D4603F076F911
:101690000028D5D00E9D3E46DDF810A00135B3E000
:1016A0000C9A002A40F0EE8000231F460F9E0B9DEF
:1016B0000C9365B1BBF1000F09DD5D452B46A8BF5A
:1016C0005B460B9AED1AD21A0B92ABEB030B0F9BF6
:1016D00053B10C9B13B1002E40F00B8351460F9A6F
:1016E000039801F09FFC82460121039801F0D2FB90
:1016F000099B0490002B40F0D081269B012B40F3E6
:10170000E6810120584410F01F0000F0B480C0F1C1
:101710002003042B40F3F5810B9BC0F11C00034414
:101720000B93054483440B9B002B05DD51461A4661
:10173000039801F0E7FC8246BBF1000F05DDDDE90F
:1017400003015A4601F0DEFC0490109B002B40F090
:1017500089810A9B002B40F361810C9B002B40F098
:10176000B8800E9D01350126DDF82080049CDDF84F
:1017700028B0DDF80C9007E0514600230A224846C5
:1017800001F092FA8246013621465046FFF7FCFBF3
:10179000B34500F1300008F8010BEDDC0A9B8146EF
:1017A000002BCCBF1E4601260024089B03EB060B32
:1017B00051460122039801F0A5FC0499824601F0EC
:1017C00015FD002840F30282089A02E0934500F0DC
:1017D00015821BF8013C5E46392B0BF1FF3BF5D01F
:1017E00001338BF80030DDE90381404601F038FA1F
:1017F00057B12CB1BC4203D02146404601F030FA2B
:101800003946039801F02CFA5146039801F028FA62
:1018100000233370289B1D602A9B002B3FF492AC61
:1018200008981E601DB0BDE8F08F0123BBF1000FCA
:101830001093BFF6FAACC8F101034FF0000B0B9305
:10184000F5E4102000F0F0FC039BD861002800F0C4
:101850005183C0E90055C0E902554DE4204602F02D
:10186000BBFD32463B4603F089F800287FF4C2AC4A
:10187000631E0993BEE41C230B9A1D441A440B9269
:101880009B4450E7269A012A40F3AB810A9A0F9BAA
:10189000561EB342C0F26781002AA3EB060680F20F
:1018A000EF82DDE90A239D1A6AE1C3F1200306FAFB
:1018B00003F06BE400002440394600230A22039819
:1018C00001F0F2F9189B0746002B40F302830E96B5
:1018D0000A93002D05DD39462A46039801F012FCD3
:1018E0000746099B002B40F0E881B846089B0A9CFC
:1018F0001E46013B1C44069B03F00103CDE90A434D
:10190000039C04995046FFF73FFB394683465046F7
:1019100001F06CFC049905464246204601F086FC25
:10192000C36801460BF13009ABBB0990504601F08A
:101930005DFC09990990204601F092F9099A002A64
:1019400054D1269B1BB90B9B002B00F0AE82002DBF
:101950003FDBB3460A9B0BF8019BB34200F0C48106
:10196000514600230A22204601F09EF9474582464F
:1019700039464FF000034FF00A02204630D001F004
:1019800093F9414600230A220746204601F08CF9CC
:101990005E468046B5E7039801F062F9002D06DB4C
:1019A000069B03F00102269B1D432A4329D1514681
:1019B0000122039801F0A6FB0499824601F016FC6F
:1019C000002840F3F780B9F1390F00F04B820BF19A
:1019D00031090E9D3C460135474606F8019B02E75A
:1019E00001F062F95E46074680468AE7002DC0F2A4
:1019F000A282269B1D430B9B1D4300F09C82002A64
:101A0000A7DDB9F1390F00F02D820E9D09F1010318
:101A10003C460135474606F8013BE4E6269B022B8F
:101A20007FF79BAE0A9B002B40F02681052204998C
:101A3000039801F039F901460490504601F0D6FBB5
:101A4000002840F3198131230E9D089E013506F8C8
:101A5000013BDDE9030101F003F90135002F7FF4BB
:101A6000CFAED1E65046049901F0C0FB0028BFF686
:101A700070AE514600230A2203980E9C01F014F91F
:101A80000C9B8246661E002B7FF416AF189B002B22
:101A900040F312820E9D0A9365E601461A460398AA
:101AA00001F0C0FA269B0490012B6FDD00230993FF
:101AB000049A136902EB8303186901F09BF9C0F1E2
:101AC00020001FE6964B08930333FFF7E3BB069B0A
:101AD000002B7FF416AEDDE90612C2F31303002BD0
:101AE0007FF40FAE8F4B13402BB10B9B0BF1010B0F
:101AF00001330B930123099A0993002A3FF401AEA5
:101B0000D6E73FF410AEC0F13C03B5E601230C93D9
:101B1000279B0E9A134418930133012B1F46B8BF1D
:101B200001270A93039B172FDE6940F200820122EE
:101B300004235B0003F11400B842114602F10102D4
:101B4000F7D97160FFF7FBBB01230C93279B002B98
:101B500037DD1F4618930A93E4E700230C93D7E779
:101B600000230C93F2E70F9B0F96F31A0026099AB5
:101B70001A4409920B9B0A9A1D46134493440B93F3
:101B80000121039801F086F9074692E5069B002B98
:101B90008CD1DDE90601C1F313030A46002BA1D065
:101BA000099085E7DDE904344FF00209CDE91234EC
:101BB000FFF7F5BB7FF40DAF19F0010F7FF403AF12
:101BC00007E7012327930A93FFF7B3BB03D119F06B
:101BD000010F7FF4F9AD5E461BF8013D302BFAD0C2
:101BE00001E6119A002A00F0088103F233430B9AB0
:101BF0000F9E15461A449B440B92C1E73123089A65
:101C000001351370EFE500F0FC80DDE904010E9A68
:101C1000454B554205F00F0203EBC203D3E9002305
:101C200002F044FC2D11CDE9120100F0598100238E
:101C30004FF00209074688463C4EEC070AD5D6E924
:101C400000233846414602F031FC0123074688460E
:101C500009F101096D1006F10806EED1002B7FF4A1
:101C6000B9ABDDE91278FFF7B5BBC8F101038346D4
:101C70000B931090FFF74CBB089EA6E4DDF810A074
:101C800002460B4602F05CFA02460B460E9DCDE979
:101C90000423DDE906230135A84602F097FE40B98A
:101CA000DDE90623DDE9040102F068FE18B1F00762
:101CB00001D5089A30E43E46A6E50398796800F01D
:101CC0008FFF0546002800F02B813B6907F10C01CE
:101CD00002339A000C3000F031FA012229460398B1
:101CE00001F010FA804601E60E9D3C46013547465C
:101CF0005EE5039C39463246204601F093F90746DB
:101D000052463946204601F0DBF8514682462046CD
:101D100000F0A6FF0F9B9B1B0F933FF4E5ACDDE4A7
:101D2000E09100080000F07F988D0008888E000880
:101D3000DDE91623DDE9140102F0B8FB089BCDE9CB
:101D40000C011C70129B012B00F0C180129F089B9C
:101D500011961F440022804B4046494602F0A6FBE4
:101D60000D46044602F052FE814602F035FB024663
:101D70000B462046294602F0E1F909F1300906F840
:101D8000019BB74280468946E4D1119D0022DDE9DE
:101D90000C01724B02F0D4F902460B46404649460C
:101DA00002F014FE002871D1DDE90C2300206B49FC
:101DB00002F0C4F902460B464046494602F0E8FDEF
:101DC00088B91B9B002BFFF66FAC0E9B0E2B3FF7C9
:101DD0006BAC634B0E9A03EBC203D3E90034CDE93D
:101DE0000634FFF7F7BB17F8013C3E46302B07F1EE
:101DF000FF37F8D0199D013506E51A9BC3F136036C
:101E0000F5E64FF00209DDE90478FFF7E3BA0A9B33
:101E1000002B3FF48BAB189C002C7FF7ACAB0E9BD8
:101E20003846013B4146002219934B4B02F03EFBE2
:101E300002468846174609F1010002F0CDFA3A46FB
:101E4000434602F033FB0022464B02F079F912942C
:101E5000A1F150750446FFF7DEBA312308F10108FD
:101E6000FFF761BBB34639230E9D3C46089A4746AF
:101E700001350BF8013BACE400231F460493E2E577
:101E80000B9B93441D4613440B9379E6199B089AC8
:101E900003F10108FFF740BBDDF850A0AAE7DDF829
:101EA00058B0DDF850A0FFF766BBB9F1390FD9D0B3
:101EB000002D3FF78CAD8CE5269B022B03DC189B95
:101EC0000E9D0A934FE4189B0E960A93AAE5374697
:101ED0005CE7269B022BF6DC189B0E960A93F8E42F
:101EE0004FF00209DDE91278FFF774BA1E4B089330
:101EF000FFF728B90246EF211C4B1D4800F04AFEAF
:101F0000002503982946C3695D6000F069FE0890CA
:101F1000A8B9002240F2AF11164B154800F03AFE66
:101F2000024640F2EF21134B114800F033FE00212E
:101F30007160FFF704BA002A3FF739AD49E5039B0A
:101F40000899DB694FF0FF32196001232795189239
:101F50000C930A92FFF70FBB000024400000E03F03
:101F6000988D000800001C40D4910008E4910008FE
:101F7000FC91000828920008002950D038B551F88B
:101F8000043C0C1F002BB8BFE418054600F030FBE2
:101F9000274A13682BB1A3420CD9216860188342E9
:101FA0002CD0284663601460BDE8384000F022BBA6
:101FB000A3420FD81A465B68002BF9D1116850185C
:101FC000844217D02CD3636054602846BDE8384063
:101FD00000F010BB11685018A04214D020D821681E
:101FE00060188342EFD118685B680844C4E90003B5
:101FF0005460EAE723680B441360E6E718685B68FF
:1020000008442060CDE720680144501883421160E5
:10201000DBD1D3E900040144C2E90014D5E77047DD
:102020000C2328462B60BDE8384000F0E3BA00BF1F
:10203000300300202DE9F8434FF0000980460F4699
:102040001646D6E90154013D10D4A389012B08D9C5
:10205000B4F90E30013304D021464046B84749EA6E
:102060000009013D6B1C04F16804EED13668002EB6
:10207000E7D14846BDE8F88338B52F4B05461B68C5
:102080000C4613B11A6A002A4BD0B4F90C30180769
:102090001CD5226922B313F0010107D00020616929
:1020A000A0604942A1613AB1002038BD980758BFED
:1020B0006169A160002AF7D1190658BF1046F4D50E
:1020C00043F04003A3814FF0FF3038BDD9062CD533
:1020D0005A0712D4226943F00803A381002ADAD1F7
:1020E00003F42071B1F5007FD5D02146284600F0D9
:1020F00083FAB4F90C302269CDE7616B51B104F178
:102100004402914204D02846FFF736FFB4F90C3060
:10211000002262630021226923F02403C4E9002124
:10212000D9E71846FEF7C4F9AFE7092243F04003A8
:102130002A60A381C7E700BF0C000020844641EA63
:10214000000313F0030349D1403A23D30B68036023
:102150004B6843608B688360CB68C3600B69036125
:102160004B6943618B698361CB69C3610B6A03620D
:102170004B6A43628B6A8362CB6AC3620B6B0363F5
:102180004B6B43638B6B8363CB6BC36340304031DA
:10219000403ADBD230320BD30B6803604B684360AC
:1021A0008B688360CB68C36010301031103AF3D273
:1021B0000C3205D351F8043B40F8043B043AF9D201
:1021C000043208D0D2071CBF11F8013B00F8013BD4
:1021D00001D30B8803806046704700BF082A13D3E1
:1021E0008B07B1D010F00303AED0C3F10403D21AB1
:1021F000DB071CBF11F8013B00F8013BA4D331F809
:10220000023B20F8023B9FE7043AD9D3013A11F888
:10221000013B00F8013BF9D20B7803704B78437017
:102220008B78837060467047024B01461868FEF752
:1022300029BE00BF0C000020024B01461868FFF7C2
:102240009BBE00BF0C0000202DE9F84F92461F46B0
:102250000A698B680C469A42B8BF1A46CAF8002031
:1022600091F843300646DDF8289013B10132CAF8E0
:102270000020226891065FD5DAF800300233CAF8F0
:102280000030226812F0060F11461DD1E168994214
:10229000D8BF114618DD4FF0000804F1190B05E016
:1022A000E568DAF80030ED1A45450CDD01235A46A1
:1022B00039463046C847013008F10108F0D14FF0E7
:1022C000FF30BDE8F88F216894F84330003B18BF19
:1022D00001238A060AD53021E21882F8431094F8C7
:1022E00045105A1C2244023382F8431039463046C6
:1022F00004F14302C8470130E1D0D4E90220236849
:10230000DAF8005003F00603042B21691BD08A423F
:1023100020DD4FF00008521A904400251A3401E0E5
:10232000454517DA0123224639463046C847013071
:1023300005F10105F4D1C2E712F0060F0DD0003B04
:1023400018BF0123D2E7401B8A4220EAE078E2DC92
:102350000028E2DC0020BDE8F88FE168DAF8003000
:102360009942D8BF114696DCAEE700BF2DE9F04791
:1023700017460A7E84B00C46064698460C9D01F12D
:10238000430C002A35D0A2F15803D9B2202969D8CC
:10239000202B67D8DFE813F0E600660066006600D1
:1023A0006600660066006600660066006600AC00B7
:1023B00070006600660066006600700066006600D9
:1023C0006600660021008300C60066006600B60055
:1023D0006600830066006600EC002B682268181D0A
:1023E0006169286010061B6802D4520600F1E08083
:1023F00019600023E14623613B4621463046CDF873
:10240000008003AAFFF720FF013020D04A4639465A
:1024100030462369C047013019D02368E0689B0724
:10242000DDF80C9018D5484516DD002504F1190A91
:1024300004E0E068A0EB0903AB420DDD0123524646
:1024400039463046C047013005F10105F1D14FF062
:10245000FF3004B0BDE8F0874845B8BF484604B037
:10246000BDE8F087012084F8422004F142090023EE
:10247000206184F84330BFE72A682368111D1806DD
:10248000296002D4590600F19580106801460028A1
:102490006268C0F293804FF00A0E534815E020683E
:1024A0002B6810F0800F53F8041B02D1400648BF80
:1024B00089B26F2A14BF4FF00A0E4FF0080E4A4837
:1024C0002B600023626884F84330002AA26051DB4D
:1024D000236823F00403236000294BD1002A7BD119
:1024E000E146BEF1080F56D0ACEB0903236183E748
:1024F0002A680120116804322A6004F1420984F834
:102500004210B4E72B6800211A1D2A60D3F800900E
:102510006268484600F0F8F8002863D0A0EB090094
:102520006060A4E7236843F02003236078222F48EB
:1025300084F845202A6813F0800F52F8041B03D159
:1025400013F0400F18BF89B22A60DA0744BF43F086
:102550002003236019B9236823F0200323604FF080
:10256000100EAEE75823204884F845302368E1E791
:102570002368DBE77546E146B1FBF5F30A4605FB48
:10258000131A194610F80A30AA4209F8013DF3D28D
:10259000BEF1080FA8D12368DD07A5D562682369BD
:1025A0009A42A1DC302309F1FF3989F800309BE71A
:1025B00019801EE7B2F90010084668E72D20002AAE
:1025C000A26084F8430002DB23F0040323600A25A1
:1025D0000548AE464942CEE7037804F1420984F843
:1025E00042307EE7606842E73C9200085092000863
:1025F000704700BF704700BF70B5B1F90C300C4692
:10260000990796B007D5012204F14703C4E90432C3
:10261000236016B070BDB4F90E100546002929DB01
:102620006A4601F04FFB002822DB4FF48061284608
:10263000019EFEF727FC88B3A38906F4704643F099
:102640008003A3814FF48063B6F5005FC4E90403FF
:102650002060DED12846B4F90E1000F0C5F800283D
:10266000D7D0A38923F0030343F00103A381D0E76C
:10267000B4F90C3013F0800F14BF40264FF480667D
:1026800028463146FEF7FEFB40B1A389C4E90406A3
:1026900043F080032060A38116B070BDB4F90C3004
:1026A0009A05B6D4012123F0030304F1470243F055
:1026B0000203C4E90421A3812260AAE770B50C4695
:1026C000B1F90E10154600291E4696B00FDB6A467A
:1026D00001F0F8FA00280ADB019B4FF4806203F452
:1026E0007043A3F50053B3FA83F35B0907E0A289B3
:1026F000002312F0800F14BF40224FF480620020AC
:1027000033602A6016B070BD5FFA81FC810744D047
:102710000346511E22B909E09A0709D0013905D3B1
:102720001846027801336245F6D1704700207047A1
:10273000184603290CD80029F8D00346014401E0CB
:102740008B42F3D0184613F8012B6245F8D170473D
:1027500010B50CEB0C24024604EB044402E00439EF
:10276000032915D9104652F8043B6340A3F1013EFA
:102770002EEA030313F0803FF1D00346014401E049
:102780008B4208D0184613F8012B6245F8D110BDD2
:1027900010460029F1D1002010BD1146C9E700BF45
:1027A0000EB400B582B003AB53F8042B81680193DB
:1027B00000F068F802B05DF804EB03B0704700BFAA
:1027C0000FB400B5074A83B004AB106853F8042B6C
:1027D0008168019300F056F803B05DF804EB04B093
:1027E000704700BF0C000020002238B5064D04469B
:1027F00008462A6005F0A4FF431C00D038BD2B68B2
:10280000002BFBD0236038BD340300209368013BCC
:10281000002B936005DAD2F818C0634507DB0A295C
:1028200005D01368581C106008461970704700F0F6
:1028300063B900BF9BB1F8B5134406460F46541E5A
:102840005D1E01E0AC4208D03A46304614F8011F44
:10285000FFF7DCFF431CF5D1F8BD0020F8BD0020D8
:10286000704700BF936810B514461BB91846002383
:10287000636010BD00F082FF0023A360002363604B
:1028800010BD00BF2DE9F04FA1B08B4691461C460C
:10289000049018B1036A002B00F01381BBF80C30D0
:1028A000180740F18E80DBF81030002B00F0898093
:1028B000002343F220020D9399F800300127824E45
:1028C0000794ADF83920002B73D04D4603E015F87E
:1028D000013F002B7FD0252BF9D1B5EB090A7DD123
:1028E0002B78002B65D000234FF0FF320135CDE966
:1028F000092308930B938DF863301E9306E0254659
:10290000089B801B07FA00F0034308932C4605221E
:1029100014F8011B3046FFF7F7FEA1460028EED160
:10292000089BD90644BF20228DF863201A0748BFB0
:102930002B22297848BF8DF863202A2964D1079A71
:102940001168043200290792C0F296800B916978D1
:102950002E296FD05D4C03222046FFF7D5FE38B1FB
:102960004022089B001B8240134309F10109089390
:1029700019F8011B062256488DF83810FFF7C4FEDF
:1029800000287FD0534B002B69D007A900915A46ED
:102990000498514B08A9FDF7ADFF0390039B013349
:1029A00007D00D9B039A13440D9399F80030002B28
:1029B0008BD1BBF80C305B060AD40D9821B0BDE872
:1029C000F08F59460498FFF757FB00283FF470AF8B
:1029D0004FF0FF30F2E7B5EB090AEAD009F1FF3812
:1029E00005954546DDF8108001E0A2453ED92C460C
:1029F0005A46404615F8011FFFF708FF0234013020
:102A0000A4EB0904F1D1D4E7A1F13002092A88BF6F
:102A1000A9469DD80B9B00E00134217803EB83038A
:102A200002EB4303A1F13002092AF5D92E29A14670
:102A30000B938FD199F801102A292DD1079B09F109
:102A400002001A680433002A0793B8BF4FF0FF331F
:102A500099F8021009928146B8BF09937AE7079B5B
:102A6000073323F00703083307939AE70D99059D71
:102A700051442B780D9134E7494243F002030B9106
:102A8000089364E707A900915A460498124B08A9D5
:102A9000FFF76CFC039081E70023A1F13002092AC3
:102AA00009F1010909933FF655AF19F8011F03EB2E
:102AB000830302EB4303A1F13002092AF5D90993FC
:102AC00048E7FDF7F5FCE9E6649200086C9200081F
:102AD00070920008F5080008352800088C4600B5FB
:102AE00086461346034A714610685DF804EB624659
:102AF000FFF7C8BE0C000020F8B506460D46144688
:102B000010B1036A002B37D0A269A389A2601A070B
:102B100019D52369BBB122686169D31AEDB2994214
:102B20002F4620DD0133A1680139A160511C2160CD
:102B3000157062699A420DD0A389DB0701D50A2D71
:102B400008D03846F8BD21463046FFF795FA38B927
:102B50002369E0E721463046FDF7ACFD0028F0D0C0
:102B60004FF0FF37EDE721463046FDF7A3FD002883
:102B7000F6D101232268D6E7FDF79AFCC4E700BF2F
:102B800003460A46024908681946FFF7B5BF00BF69
:102B90000C000020144600B51A460A4B0D461B686F
:102BA00085B0DE6803464CB10749019130460749BC
:102BB0000294009501F040F800F056FF04490C46DD
:102BC000F3E700BF0C00002078920008889200080C
:102BD0001891000808B513460022FFF7DBFF00BF7D
:102BE00070B5C66905460C465EB1F368A3B153F8EB
:102BF0002400E8B1026843F824200023C0E903332D
:102C000070BD1020FFF710FB0646E861E8B1002315
:102C1000C0E90033C0E9023321220421284600F034
:102C20003DFFEB69F060DB68002BE0D1002070BD58
:102C30000121284601FA04F56A1D920000F02EFFDA
:102C40000028F3D0C0E90145D7E702466B21024BCB
:102C50000248FFF79FFF00BFE4910008B892000808
:102C600070B5C66905460C464EB13CB1EB69626869
:102C7000DB6853F82210216043F8224070BD102019
:102C8000FFF7D2FAE86120B1C0E90066C0E9026648
:102C9000EBE702468F21024B0248FFF77BFF00BFA4
:102CA000E4910008B89200082DE9F0414FF0000EC1
:102CB0000E461C460D69074601F1140001680EF12D
:102CC000010E8BB202FB0343090C4FEA134C02FBCB
:102CD00001CC9BB203EB0C43754540F8043B4FEA33
:102CE0001C44EBDC3CB1B368AB4207DD06EB85036B
:102CF00001355C6135613046BDE8F0817168384668
:102D00000131FFF76DFF804690B1326906F10C0189
:102D1000023292000C30FFF711FA3146464638462F
:102D2000FFF79EFF06EB850301355C613561E2E745
:102D30000246BA21014B0248FFF72CFF28920008F7
:102D4000B89200082DE9F8431E460C462649083380
:102D5000174681FB032C092E4FEAE3730546C3EBAC
:102D60006C0339DD4FF0010C00214FEA4C0C634538
:102D700001F10101F9DC2846FFF732FF014668B393
:102D8000089B092F43614FF00103036112DC0927FF
:102D90000A34BE420BDDF61B264414F8013B0A221E
:102DA0002846303BFFF780FFB4420146F5D1084684
:102DB000BDE8F88304F10909C8463C4418F8013B12
:102DC0000A222846303BFFF76FFFA0450146F5D1A8
:102DD000A7F108044C44DCE70021CCE70246D321EC
:102DE000024B0348FFF7D6FE398EE33828920008DD
:102DF000B8920008B0F5803F03463ABF10208340E8
:102E00000020B3F1807F3CBF1B020830B3F1805F2C
:102E10003CBF1B010430B3F1804F03D3002B06DB12
:102E2000013070479B0003D45B0003D4202070471F
:102E300002307047033070470368014613F0070201
:102E400009D0DA0721D498074BBF5B089B08012003
:102E500002200B60704798B2A0B11046DAB20AB9EE
:102E600008301B0A1A0704BF1B0904309A0704BF65
:102E70009B080230DA0703D45B0800F1010006D09A
:102E80000B6070471020C340E8E700207047202007
:102E9000704700BF10B50C460121FFF7A1FE0246A6
:102EA00018B10123C0E9043410BD40F24511024BB2
:102EB0000248FFF76FFE00BF28920008B892000892
:102EC0002DE9F04FD1F8108015690E46A8459246BD
:102ED00085B005DB2A46534645468A4690461E463F
:102EE000DAF80830DAF8041005EB0804A342B8BF9A
:102EF0000131FFF775FE002800F0898000F114070A
:102F000007EB840E774505D23B46002243F8042B9D
:102F10009E45FBD8143606EB88080AF1140946458D
:102F200009EB850566D2A5EB0A03153B23F00303E5
:102F30000AF1150A043355452CBF9B464FF0040B8C
:102F4000CDF808E08246AE46039405E0090C2AD18C
:102F5000B04507F104074AD956F8041B8DB2002D7D
:102F6000F4D0CC463C46002301965CF8040B216863
:102F700086B28AB205FB0622000C090C05FB001183
:102F80001A4401EB124192B242EA0142E64544F88A
:102F9000042B4FEA1143E8D8019E47F80B3056F84E
:102FA000041C090CD4D000223B6848461D463C4610
:102FB000944602889BB201FB02C202EB154243EA2F
:102FC000024344F8043B50F8043B25684FEA134C95
:102FD000ABB201FB0C33704503EB12434FEA134CC9
:102FE000E7D3B04547F80B3007F10407B4D8DDE963
:102FF00002E45046002C02DC05E0013C03D05EF800
:10300000043D002BF9D0046105B0BDE8F08F024605
:103010004FF4B171014B0248FFF7BCFD2892000844
:10302000B89200082DE9F04112F003031446074658
:1030300082B02DD10E46A4101CD0FA698AB39568CF
:10304000002D39D0E3074FF0000806D4641011D0EA
:10305000286898B10546E307F8D531462A46384630
:10306000FFF72EFF0346314638461E46FFF7F8FDB0
:103070006410EDD1304602B0BDE8F0812A46294601
:103080003846FFF71DFF28600546C0F80080E2E7DC
:10309000184A013B52F823200023FFF705FE06469D
:1030A000C9E71020FFF7C0F80246F861E0B100233D
:1030B000C0E90033C0E90233012138460192FFF72D
:1030C0008FFD019A054640B1012340F27121C0E90C
:1030D0000431002390600360B4E7024640F24511DA
:1030E000054B0648FFF756FD40F2B311044B034869
:1030F000FFF750FD888D000828920008B89200085C
:10310000E49100082DE9F0470D462F69AB6807EB05
:1031100062177C1C9C429146064649684FEA621A37
:1031200004DD5B009C4201F10101FADC3046FFF74F
:1031300057FD804600284ED0BAF1000F00F1140070
:103140000EDD034600210AF105024FEA820C08EB6E
:10315000820243F8041B9342FBD1ACF114031844E0
:10316000296905F1140319F01F0903EB81012AD025
:1031700084464FF0000AC9F1200E1A6802FA09F2DB
:1031800042EA0A024CF8042B53F8042B994222FA23
:103190000EFAF2D84B1B153B23F00303043305F161
:1031A0001502914238BF042340F803A0BAF1000F82
:1031B00000D13C4630462946C8F81040FFF750FD84
:1031C0004046BDE8F087043853F8042B994240F894
:1031D000042FF9D8EDE702464FF4EF71014B024896
:1031E000FFF7D8FC28920008B892000884460B69C3
:1031F0000069C01A15D10CF1140C14310CEB8302C8
:1032000010B401EB830301E0944508D252F8044D59
:1032100053F8041D8C42F7D004D24FF0FF3010BC9D
:1032200070477047012010BC704700BF2DE9F04F78
:1032300014460A6923698846D21A002A83B040F0EE
:10324000888001F1140604F1140202EB830206EBFC
:10325000830301E09E427FD253F8045D52F8041DBF
:103260008D42F7D076D323460025444698466168C0
:10327000FFF7B6FC002800F0898000F114094946E8
:103280004FF0000C2769D8F8106004F1140B08F116
:10329000140EC56004F110020EEB86060BEB870AD4
:1032A000CDF804B05EF8044B52F8045F1FFA84FBBB
:1032B000ABB2A3EB0B03240C6344C4EB154404EB47
:1032C00023449BB243EA0443764541F8043B4FEA6A
:1032D000244CE7D808F115018E4234BF00210121AA
:1032E000A6EB0806153EB608002906F101024FEAD2
:1032F000820208BF0422DDF804B00BEB0204A245F1
:103300004A4434D915462146E04651F8046BB3B21D
:1033100063444FEA164E0EEB234E06EB08039BB2B6
:1033200043EA0E438A454FEA2E4C45F8043BEBD85E
:103330000AF1FF3AAAEB040A2AF0030A524423B91D
:1033400052F8043D013F002BFAD0076103B0BDE8FD
:10335000F08F88DA01258AE70021FFF741FC70B180
:1033600001220023C0E9042303B0BDE8F08F002947
:103370004FEA860608BF002609EB0602DFE7024691
:1033800040F23721054B0648FFF704FC024640F2A5
:103390004521024B0248FFF7FDFB00BF28920008C1
:1033A000B8920008124B0A460B40A3F15073002B51
:1033B00003DD00221946104670475B42B3F1A07F3F
:1033C0004FEA235106DA4FF4002300220B4119463D
:1033D0001046704714391E29D4BF4FF00042012215
:1033E0004FF00003D8BFCA4010461946704700BFCF
:1033F0000000F07FF8B5046900F1140202EB8404C8
:1034000054F8045C261F2846FFF7F4FC0346C0F17D
:1034100020000A2B086030DDB242A3F10B071AD25C
:1034200054F8083C1FB3C7F1200C23FA0CF1BD403F
:1034300045EA0106A4F1080546F07F51AA4203FAC5
:1034400007F341F4401116D254F80C2C22FA0CF276
:1034500013431846F8BD0B2B08D0002305FA07F7D5
:1034600047F07F51184641F44011F8BD002345F064
:103470007F5141F440111846F8BDB2422CBF0022E2
:1034800054F8082CC3F10B0703F1150325FA07FCC8
:1034900038BFFA4005FA03F34CF07F511343184646
:1034A00041F44011F8BD00BFF0B5012183B01646CC
:1034B0001F46FFF795FB0546002847D0C7F30A547F
:1034C000C7F313030CB143F48013002E019314D1FE
:1034D00001A8FFF7B1FC0122019B20306B612A613A
:1034E00014B3089BA4F2334404441C60099BC0F14C
:1034F00035001860284603B0F0BD68460096FFF717
:103500009BFC019B00B30099C0F1200203FA02F278
:10351000C34001930A43002B6A610CBF01220222BF
:10352000AB612A61002CDCD105EB8201A0F23243B1
:10353000086908990B60FFF75DFC099BC0EB42101E
:103540001860284603B0F0BD009AE4E7024640F256
:103550000F31024B0248FFF71DFB00BF2892000805
:10356000B89200082DE9F04383B088466946814649
:10357000FFF740FF04460D46404601A9FFF73AFF1A
:10358000D9F81030D8F81020A3EB020CDDE9003296
:103590009B1A03EB4C13002B0BDD05EB03573D4649
:1035A00002460B462046294601F0AAF803B0BDE8C2
:1035B000F083C3EB033301EB03594946F0E700BF47
:1035C000172870B506460ADD002000240749084D7B
:1035D00022462B4600F06AFF013EF9D170BD054B33
:1035E00003EBC003D3E9040170BD00BF0000F03F4E
:1035F00000002440888D000801F1FF3C116902F1B0
:1036000014034FEA6C1C03EB81010CF1010C8B429B
:1036100000EB8C0C16D210B5A0F1040E53F8044B3D
:1036200099424EF8044FF9D88B1A153B23F0030347
:1036300004331844844504D9002340F8043B8445EE
:10364000FBD810BD844505D9002340F8043B8445D0
:10365000FBD87047704700BF03694A11934200F1DD
:10366000140009DA00EB830302E053F8042DA2B939
:103670008342FAD80020704700EB8203F8DD11F096
:103680001F01F5D010B450F8224024FA01F28A400C
:10369000944208D0012010BC70470120704753F8B5
:1036A000042D002AF6D18342F9D8002010BC7047BF
:1036B000002238B5064D044608462A6004F0F4FF9F
:1036C000431C00D038BD2B68002BFBD0236038BDD5
:1036D0003403002010B50C46B1F90E1000F088FA42
:1036E000002803DB636D0344636510BDA38923F4E5
:1036F0008053A38110BD00BF002070472DE9F04129
:103700000C46B1F90C101F46CB05054616460BD4E6
:1037100021F48051A1813B4632462846B4F90E106F
:10372000BDE8F04100F0F8BAB4F90E10022300220F
:1037300000F0DCFAB4F90C10EAE700BF10B50C4653
:10374000B1F90E1000F0D2FAB4F90C30421C0EBFE1
:1037500023F4805343F480536065A38110BD00BF00
:10376000B1F90E1000F088B9F0307047004870478A
:103770004C010020004870474C0100209368002B4A
:1037800000F0F0802DE9F04FB1F90CC090461CF02C
:10379000080F81460C4683B02BD00B694BB31CF04D
:1037A0000207D8F8006032D04FF0000A5546D4F82E
:1037B00028B0216AAB4FC5B1BD422B46524628BF47
:1037C0003B464846D847002840F3C280D8F8083026
:1037D00082441B1A2D1AC8F80830002B00F0AE8066
:1037E000D4F828B0216A002DE6D1D6E900A5083624
:1037F000E1E721464846FEF73FFC002840F0AD8057
:10380000B4F90CC0D8F800601CF00207CCD11CF051
:10381000010A63D157462368A16818468B46002FDA
:1038200058D01CF4007F00F0B180B9420A4600F283
:10383000DD801CF4906F2FD0216962695D1A02EB64
:10384000420202EBD2726B1C52103B44934292BF75
:1038500093469B461A461CF4806F00F0E6801146A2
:103860004846FDF70FFB002800F0F5802A46216945
:103870000190FEF763FCA289019B22F4906242F062
:103880008002A2815819C4F814B0ABEB05053A4682
:10389000BB462361A56020603D460027514601924A
:1038A00000F010F9A1682368019AA1EB0B011A44FA
:1038B000A1602260D8F80830AA445B1BC8F8083021
:1038C000002B3BD02368A16818468B46B4F90CC086
:1038D000002FA6D1D6E900A708369EE73846BB469A
:1038E0003D46002D40D0002845D03A46D4E904C3D7
:1038F0002068AA4228BF2A466045A16804D901EB86
:10390000030A524500F38280934272DC5A464846CD
:10391000216AD4F828C0E047B0F1000A18DDB7EBFF
:103920000A070FD00120D8F80830D344A3EB0A03CC
:10393000A5EB0A05C8F80830002BD2D1002003B04F
:10394000BDE8F08F21464846FCF7B4FE0028EAD0D7
:10395000B4F90C3043F04003A3814FF0FF3003B0C3
:10396000BDE8F08F00207047756833460836002D9B
:10397000FAD0D3F800B02A460A215846FEF7C4FE12
:10398000002865D00130A0EB0B07AEE722699A4210
:1039900014D36569BD4211D86FF00043BB4228BF04
:1039A0003B4693FBF5F3524605FB03F34846A56AF5
:1039B000216AA847051ECBDD7F1B7BE7B94228BFE4
:1039C00039460D46184651462A4600F07BF8A16854
:1039D0002368491B2B44A16023600029ECD12146B8
:1039E0004846FCF767FE0028E6D0B1E7BB463A46FA
:1039F00052E75946019200F065F8019AA368924691
:103A00009B1AA36023681344236088E759465246F3
:103A100000F058F823682146534448462360FCF7D9
:103A200049FE00283FF47BAF92E7484600F018F9C2
:103A3000034600287FF426AF48462169FEF79CFA2A
:103A40000C22B4F90C30C9F8002023F0800381E780
:103A50006A1C17464AE70C22B4F90C30C9F800205A
:103A600078E700BF00FCFF7F062008B500F028FAC9
:103A7000012004F047FE00BF002238B5064D044681
:103A800008462A6004F054FE431C00D038BD2B6861
:103A9000002BFBD0236038BD3403002070B5A1FBA0
:103AA000025454B92946FDF7EDF9064618B12A46E5
:103AB0002146FCF725FD304670BD0C220026026031
:103AC000F9E700BF88420ED98B1883420BD900EB6F
:103AD000020C002A6DD0624613F801CD994202F81B
:103AE00001CDF9D170470F2A0FD8034602F1FF3CF0
:103AF000002A5ED00CF1010C013B8C4411F8012B23
:103B0000614503F8012FF9D1704740EA01039B0793
:103B100050D1A2F1100370B501F1200C23F00F0574
:103B200001F1100E00F11004AC441B095EF8105CAA
:103B30000EF1100E44F8105C5EF81C5C103444F872
:103B40001C5C5EF8185C44F8185C5EF8145CE64592
:103B500044F8145CEAD1013312F00C0F01EB0311AD
:103B600002F00F0400EB031328D08E46043C24F02F
:103B700003064FEA940C1E441C1F5EF8045B44F8D5
:103B8000045FB442F9D10CF1010402F0030203EB2B
:103B9000840301EB840102F1FF3C4AB10CF1010CFA
:103BA000013B8C4411F8012B614503F8012FF9D139
:103BB00070BD7047034602F1FF3C9BE72246EAE7EF
:103BC00010B4034CD4F8E040A44610BC604700BFDA
:103BD0005C000020034649B1FF2A02D801200A7088
:103BE00070478A224FF0FF301A60704708467047CE
:103BF00038B50C46114600228446074D20462A60FF
:103C00001A46644604F084FD431C00D038BD2B687E
:103C1000002BFBD0236038BD340300200CB400B56A
:103C200083B004AB53F8042B0193FEF72BFE03B0D3
:103C30005DF804EB02B070470EB400B5074A82B0DD
:103C400003AB0146106853F8042B0193FEF71AFEEC
:103C500002B05DF804EB03B0704700BF0C00002019
:103C60002DE9F041144641B30AB306460D4600F073
:103C700069F88442074602D8B4EB500F13D82146A6
:103C80003046FDF7FFF8804650B1BC422246294637
:103C900028BF3A46FEF752FA29463046FEF76CF93D
:103CA0004046BDE8F081A8464046BDE8F081A04608
:103CB000FEF762F94046BDE8F0811146BDE8F041EB
:103CC000FDF7E0B870B50026074D044608461146DA
:103CD0002E6004F030FD431C00D070BD2B68002B1B
:103CE000FBD0236070BD00BF3403002038B50C4604
:103CF000114600228446074D20462A601A46644633
:103D000004F020FD431C00D038BD2B68002BFBD0F5
:103D1000236038BD3403002038B50C46114600221C
:103D20008446074D20462A601A46644601F080F911
:103D3000431C00D038BD2B68002BFBD0236038BD5E
:103D40003403002051F8043C181F002BBCBF0B5853
:103D5000C018704710B4034CD4F8E440A44610BC1B
:103D6000604700BF5C00002082B049B15AB16BB11E
:103D700013780B601278101E18BF012002B0704734
:103D800001A9002AF3D1104602B070476FF001007C
:103D9000F4E700BF38B5C46B0CB1002038BD8021FA
:103DA0000546FDF76FF80246E86330B1031F7C3229
:103DB00043F8044F9342FBD1EFE74FF0FF3038BD9B
:103DC00030B51F29054683B008D8C36B0C4653B1E4
:103DD00053F8240043F8242003B030BD16230360B9
:103DE0004FF0FF30F8E780210192FDF74BF8019A80
:103DF0000346E8630028F3D0011F00F17C05002092
:103E000041F8040FA942FBD1E2E700BF1F2938B5F2
:103E100005461ED8C26B0C466AB152F8213053B128
:103E2000012B06D0591C10D00021204642F8241046
:103E30009847002038BD284600F0F2F82246014697
:103E40002846BDE8384000F0D7B8162301202B6083
:103E500038BD16234FF0FF302B6038BD1F292BD8FB
:103E600038B5C36B0C460546A3B153F8242003EBC9
:103E700084034AB1511C0BD0012A07D000252046EB
:103E80001D609047284638BD012038BD032038BD4D
:103E9000022038BD8021FCF7F5FF0346E86340B1FE
:103EA00000201A1F03F17C0142F8040F8A42FBD163
:103EB000DBE74FF0FF3038BD4FF0FF30704700BFF9
:103EC00038B5134B1F281D681DD8EA6B044662B134
:103ED00052F820304BB1012B05D0591C0FD00021D6
:103EE00042F820109847002038BD284600F098F886
:103EF000224601462846BDE8384000F07DB816232A
:103F000001202B6038BD16234FF0FF302B6038BDE9
:103F10000C000020114B1F2870B51E6808D8F36BE9
:103F200004460D464BB153F8240043F8245070BDAD
:103F3000162333604FF0FF3070BD80213046FCF710
:103F4000A1FF0346F0630028F4D00021021F7C305B
:103F500042F8041F8242FBD1E5E700BF0C000020BD
:103F600038B50B4B1D68EC6B0CB1002038BD8021BF
:103F70002846FCF787FFE86338B1031F00F17C0295
:103F800043F8044F9342FBD1EFE74FF0FF3038BDC9
:103F90000C00002038B5174B1F281D6826D8044692
:103FA000E86BA0B150F8242000EB84034AB1511C07
:103FB0000BD0012A07D0002520461D6090472846D7
:103FC00038BD012038BD032038BD022038BD802116
:103FD0002846FCF757FFE86340B10021031F00F1BA
:103FE0007C0243F8041F9342FBD1DBE74FF0FF3024
:103FF00038BD00BF0C00002070B50026074D0446F8
:10400000084611462E6004F075FB431C00D070BDBD
:104010002B68002BFBD0236070BD00BF3403002051
:1040200004F066BB38B5044600F01AF82146054690
:10403000204600F0E7FF20B92046002100F0BAFF3B
:1040400008B9284638BDFCF777FB2122034600213A
:104050001A60084600F0C4FE0546284638BD00BF79
:1040600020F00042B2F1FF4FF8B504464ED2002ACC
:1040700043D00028034650DB10F0FF423ED0C1156C
:104080000024C3F31602A1F17F05CB074FF0190EF0
:104090004FF0807C214642F4000258BF52006D1060
:1040A000520001EB0C039342CFBF134603EB0C010C
:1040B0006444D31ABEF1010E4FEA43024FEA5C0C8E
:1040C000EFD1ABB11A4E3068716800F0CBFC3768A5
:1040D0000146384600F078FF50B13068716800F052
:1040E000C3FC36680146304600F064FFE0B102349C
:1040F000601000F17C5000EBC550F8BD5B00180269
:10410000114602F10102F9D54942B9E7014600F032
:10411000B3FD214600F0A8FCF8BD014600F0A2FC6A
:10412000014600F05DFEF8BD013424F00104DFE734
:10413000B48F000881F0004102E000BF83F000432B
:1041400030B54FEA41044FEA430594EA050F08BF32
:1041500090EA020F1FBF54EA000C55EA020C7FEAF6
:10416000645C7FEA655C00F0E2804FEA5454D4EB73
:104170005555B8BF6D420CDD2C4480EA020281EA3D
:10418000030382EA000083EA010180EA020281EA75
:104190000303362D88BF30BD11F0004F4FEA0131C7
:1041A0004FF4801C4CEA113102D0404261EB4101D6
:1041B00013F0004F4FEA03334CEA133302D052425C
:1041C00063EB430394EA050F00F0A780A4F1010418
:1041D000D5F1200E0DDB02FA0EFC22FA05F2801852
:1041E00041F1000103FA0EF2801843FA05F3594138
:1041F0000EE0A5F120050EF1200E012A03FA0EFCB7
:1042000028BF4CF0020C43FA05F3C01851EBE371E0
:1042100001F0004507D54FF0000EDCF1000C7EEBFD
:1042200000006EEB0101B1F5801F1BD3B1F5001F3B
:104230000CD349085FEA30004FEA3C0C04F101045A
:104240004FEA445212F5800F80F09A80BCF1004F83
:1042500008BF5FEA500C50F1000041EB045141EA05
:10426000050130BD5FEA4C0C404141EB0101013CCE
:1042700028BFB1F5801FE9D291F0000F04BF0146BD
:104280000020B1FA81F308BF2033A3F10B03B3F18F
:1042900020020CDA0C3208DD02F1140CC2F10C021F
:1042A00001FA0CF021FA02F10CE002F11402D8BF7D
:1042B000C2F1200C01FA02F120FA0CFCDCBF41EA49
:1042C0000C019040E41AA2BF01EB0451294330BD18
:1042D0006FEA04041F3C1CDA0C340EDC04F11404F5
:1042E000C4F1200220FA04F001FA02F340EA0300CC
:1042F00021FA04F345EA030130BDC4F10C04C4F112
:10430000200220FA02F001FA04F340EA03002946F1
:1043100030BD21FA04F0294630BD94F0000F83F43B
:10432000801306BF81F480110134013D4EE77FEA1E
:10433000645C18BF7FEA655C29D094EA050F08BF6A
:1043400090EA020F05D054EA000C04BF194610464B
:1043500030BD91EA030F1EBF0021002030BD5FEA8F
:10436000545C05D14000494128BF41F0004130BDB7
:1043700014F580043CBF01F5801130BD01F000450B
:1043800045F0FE4141F470014FF0000030BD7FEA7E
:10439000645C1ABF194610467FEA655C1CBF0B4679
:1043A000024650EA013406BF52EA033591EA030F90
:1043B00041F4002130BD00BF90F0000F04BF002188
:1043C000704730B54FF4806404F132044FF00005BB
:1043D0004FF0000150E700BF90F0000F04BF002134
:1043E000704730B54FF4806404F1320410F000459A
:1043F00048BF40424FF000013EE700BF42004FEA95
:10440000E2014FEA31014FEA02701FBF12F07F4311
:1044100093F07F4F81F06051704732F07F4208BFC8
:10442000704793F07F4F04BF41F40021704730B5CF
:104430004FF4607401F0004521F000411CE700BF1B
:1044400050EA010208BF704730B54FF000050AE09E
:1044500050EA010208BF704730B511F0004502D59F
:10446000404261EB41014FF4806404F132045FEAA1
:10447000915C3FF4D8AE4FF003025FEADC0C18BF4A
:1044800003325FEADC0C18BF033202EBDC02C2F13C
:10449000200300FA03FC20FA02F001FA03FE40EACE
:1044A0000E0021FA02F11444BDE600BF70B54FF0D2
:1044B000FF0C4CF4E06C1CEA11541DBF1CEA1355B0
:1044C00094EA0C0F95EA0C0F00F0DEF82C4481EA18
:1044D000030621EA4C5123EA4C5350EA013518BF38
:1044E00052EA033541F4801143F4801338D0A0FB25
:1044F00002CE4FF00005E1FB02E506F00042E0FBD2
:1045000003E54FF00006E1FB03569CF0000F18BFD7
:104510004EF0010EA4F1FF04B6F5007F64F540747F
:1045200004D25FEA4E0E6D4146EB060642EAC62112
:1045300041EA55514FEAC52040EA5E504FEACE2E7F
:10454000B4F1FD0C88BFBCF5E06F1ED8BEF1004F82
:1045500008BF5FEA500E50F1000041EB045170BDFE
:1045600006F0004646EA010140EA020081EA030142
:10457000B4EB5C04C2BFD4EB0C0541EA045170BD3E
:1045800041F480114FF0000E013C00F3AB8014F1B8
:10459000360FDEBF002001F0004170BDC4F1000401
:1045A000203C35DA0C341BDC04F11404C4F1200582
:1045B00000FA05F320FA04F001FA05F240EA0200DD
:1045C00001F0004221F0004110EBD37021FA04F613
:1045D00042EB06015EEA430E08BF20EAD37070BDCD
:1045E000C4F10C04C4F1200500FA04F320FA05F02C
:1045F00001FA04F240EA020001F0004110EBD3702E
:1046000041F100015EEA430E08BF20EAD37070BD9D
:10461000C4F1200500FA05F24EEA020E20FA04F376
:1046200001FA05F243EA020321FA04F001F0004125
:1046300021FA04F220EA020000EBD3705EEA430E96
:1046400008BF20EAD37070BD94F0000F0FD101F0C5
:104650000046400041EB010111F4801F08BF013CFE
:10466000F7D041EA060195F0000F18BF704703F03C
:104670000046520043EB030313F4801F08BF013DC3
:10468000F7D043EA0603704794EA0C0F0CEA13557F
:1046900018BF95EA0C0F0CD050EA410618BF52EA39
:1046A0004306D1D181EA030101F000414FF000003F
:1046B00070BD50EA410606BF1046194652EA43064D
:1046C00019D094EA0C0F02D150EA013613D195EAC1
:1046D0000C0F05D152EA03361CBF104619460AD109
:1046E00081EA030101F0004141F0FE4141F4700113
:1046F0004FF0000070BD41F0FE4141F4780170BD03
:1047000070B54FF0FF0C4CF4E06C1CEA11541DBF67
:104710001CEA135594EA0C0F95EA0C0F00F0A7F869
:10472000A4EB050481EA030E52EA03354FEA013196
:1047300000F088804FEA03334FF0805545EA1313A9
:1047400043EA12634FEA022245EA111545EA106571
:104750004FEA00260EF000419D4208BF964244F108
:10476000FD0404F5407402D25B084FEA3202B61A27
:1047700065EB03055B084FEA32024FF480104FF4FB
:10478000002CB6EB020E75EB030E22BFB61A75466F
:1047900040EA0C005B084FEA3202B6EB020E75EB02
:1047A000030E22BFB61A754640EA5C005B084FEA6A
:1047B0003202B6EB020E75EB030E22BFB61A754637
:1047C00040EA9C005B084FEA3202B6EB020E75EB42
:1047D000030E22BFB61A754640EADC0055EA060E03
:1047E00018D04FEA051545EA16754FEA06164FEA46
:1047F000C30343EA52734FEAC2025FEA1C1CC0D1F2
:1048000011F4801F0BD141EA00014FF000004FF07E
:10481000004CB6E711F4801F04BF01430020B4F13F
:10482000FD0C88BFBCF5E06F3FF6AFAEB5EB030CF7
:1048300004BFB6EB020C5FEA500C50F1000041EBF4
:10484000045170BD0EF0004E4EEA113114EB5C04C1
:10485000C2BFD4EB0C0541EA045170BD41F4801194
:104860004FF0000E013C90E645EA060E8DE60CEA9C
:10487000135594EA0C0F08BF95EA0C0F3FF43BAFB9
:1048800094EA0C0F0AD150EA01347FF434AF95EA70
:104890000C0F7FF425AF104619462CE795EA0C0F54
:1048A00006D152EA03353FF4FDAE1046194622E721
:1048B00050EA410618BF52EA43067FF4C5AE50EAFB
:1048C00041047FF40DAF52EA43057FF4EBAE12E7EB
:1048D0004FF0FF3C06E000BF4FF0010C02E000BFCC
:1048E0004FF0010C4DF804CD4FEA410C7FEA6C5CAF
:1048F0004FEA430C18BF7FEA6C5C1BD001B050EA52
:10490000410C0CBF52EA430C91EA030F02BF90EA3C
:10491000020F0020704710F1000F91EA030F58BFFB
:10492000994208BF90422CBFD8176FEAE37040F05D
:10493000010070474FEA410C7FEA6C5C02D150EAFB
:10494000013C07D14FEA430C7FEA6C5CD6D152EAB6
:10495000033CD3D05DF8040B704700BF844610467B
:1049600062468C461946634600E000BF01B5FFF77A
:10497000B7FF002848BF10F1000F01BD4DF808ED4A
:10498000FFF7F4FF0CBF012000205DF808FB00BF1B
:104990004DF808EDFFF7EAFF34BF012000205DF875
:1049A00008FB00BF4DF808EDFFF7E0FF94BF0120C2
:1049B00000205DF808FB00BF4DF808EDFFF7CEFFC3
:1049C00094BF012000205DF808FB00BF4DF808ED02
:1049D000FFF7C4FF34BF012000205DF808FB00BFD3
:1049E0004FEA410C7FEA6C5C02D150EA013C0AD1EB
:1049F0004FEA430C7FEA6C5C02D152EA033C02D1DD
:104A00004FF0000070474FF0010070474FEA41023D
:104A100012F5001215D211D56FF47873B3EB625210
:104A200012D94FEAC12343F0004343EA505311F037
:104A3000004F23FA02F018BF404270474FF00000C9
:104A4000704750EA013005D111F0004008BF6FF007
:104A5000004070474FF00000704700BF80F00040FA
:104A600002E000BF81F0004142001FBF5FEA410346
:104A700092EA030F7FEA226C7FEA236C6AD04FEA46
:104A80001262D2EB1363C1BFD2184140484041408B
:104A9000B8BF5B42192B88BF704710F0004F40F43D
:104AA000000020F07F4018BF404211F0004F41F459
:104AB000000121F07F4118BF494292EA030F3FD025
:104AC000A2F1010241FA03FC10EB0C00C3F1200338
:104AD00001FA03F100F0004302D5494260EB4000C7
:104AE000B0F5000F13D3B0F1807F06D340084FEA32
:104AF000310102F10102FE2A51D2B1F1004F40EB27
:104B0000C25008BF20F0010040EA0300704749008E
:104B100040EB0000013A28BFB0F5000FEDD2B0FA2B
:104B200080FCACF1080CB2EB0C0200FA0CF0AABF4E
:104B300000EBC25052421843BCBFD04018437047EC
:104B400092F0000F81F4000106BF80F400000132F2
:104B5000013BB5E74FEA41037FEA226C18BF7FEAC9
:104B6000236C21D092EA030F04D092F0000F08BF0B
:104B70000846704790EA010F1CBF0020704712F0F2
:104B80007F4F04D1400028BF40F00040704712F131
:104B900000723CBF00F50000704700F0004343F096
:104BA000FE4040F4000070477FEA226216BF0846CC
:104BB0007FEA23630146420206BF5FEA412390EA8F
:104BC000010F40F4800070474FF0000304E000BF85
:104BD00010F0004348BF40425FEA000C08BF704736
:104BE00043F0964301464FF000001CE050EA0102FA
:104BF00008BF70474FF000030AE000BF50EA01020F
:104C000008BF704711F0004302D5404261EB4101FB
:104C10005FEA010C02BF84460146002043F0B64320
:104C200008BFA3F18053A3F50003BCFA8CF2083A45
:104C3000A3EBC25310DB01FA02FC634400FA02FC4E
:104C4000C2F12002BCF1004F20FA02F243EB020055
:104C500008BF20F00100704702F1200201FA02FCB7
:104C6000C2F1200250EA4C0021FA02F243EB0200AA
:104C700008BF20EADC7070474FF0FF0C1CEAD052EE
:104C80001EBF1CEAD15392EA0C0F93EA0C0F6FD0AF
:104C90001A4480EA010C400218BF5FEA41211ED08D
:104CA0004FF0006343EA501043EA5111A0FB013179
:104CB0000CF00040B1F5000F3EBF490041EAD3714E
:104CC0005B0040EA010062F17F02FD2A1DD8B3F1CA
:104CD000004F40EBC25008BF20F00100704790F039
:104CE000000F0CF0004C08BF49024CEA502040EA8B
:104CF00051207F3AC2BFD2F1FF0340EAC250704751
:104D000040F400004FF00003013A5DDC12F1190F8E
:104D1000DCBF00F000407047C2F10002410021FA00
:104D200002F1C2F1200200FA02FC5FEA310040F118
:104D3000000053EA4C0308BF20EADC70704792F091
:104D4000000F00F0004C02BF400010F4000F013AC9
:104D5000F9D040EA0C0093F0000F01F0004C02BFC4
:104D6000490011F4000F013BF9D041EA0C018FE733
:104D70000CEAD15392EA0C0F18BF93EA0C0F0AD039
:104D800030F0004C18BF31F0004CD8D180EA01005F
:104D900000F00040704790F0000F17BF90F0004FF8
:104DA000084691F0000F91F0004F14D092EA0C0FDA
:104DB00001D142020FD193EA0C0F03D14B0218BF6D
:104DC000084608D180EA010000F0004040F0FE40B3
:104DD00040F40000704740F0FE4040F4400070474F
:104DE0004FF0FF0C1CEAD0521EBF1CEAD15392EACE
:104DF0000C0F93EA0C0F69D0A2EB030280EA010CBE
:104E000049024FEA402037D04FF0805343EA111156
:104E100043EA10130CF000408B4238BF5B0042F1B4
:104E20007D024FF4000C8B4224BF5B1A40EA0C0059
:104E3000B3EB510F24BFA3EB510340EA5C00B3EB8B
:104E4000910F24BFA3EB910340EA9C00B3EBD10F79
:104E500024BFA3EBD10340EADC001B0118BF5FEACB
:104E60001C1CE0D1FD2A3FF650AF8B4240EBC250F4
:104E700008BF20F0010070470CF0004C4CEA5020B5
:104E80007F32C2BFD2F1FF0340EAC250704740F404
:104E900000004FF00003013A37E792F0000F00F0F6
:104EA000004C02BF400010F4000F013AF9D040EA74
:104EB0000C0093F0000F01F0004C02BF490011F408
:104EC000000F013BF9D041EA0C0195E70CEAD15300
:104ED00092EA0C0F08D142027FF47DAF93EA0C0FE7
:104EE0007FF470AF084676E793EA0C0F04D14B02CB
:104EF0003FF44CAF08466EE730F0004C18BF31F07D
:104F0000004CCAD130F000427FF45CAF31F0004376
:104F10007FF43CAF5FE700BF4FF0FF3C06E000BF0F
:104F20004FF0010C02E000BF4FF0010C4DF804CD32
:104F30004FEA40024FEA41037FEA226C18BF7FEA42
:104F4000236C11D001B052EA530C18BF90EA010F44
:104F500058BFB2EB030088BFC81738BF6FEAE170D3
:104F600018BF40F0010070477FEA226C02D15FEA6F
:104F7000402C05D17FEA236CE4D15FEA412CE1D0DB
:104F80005DF8040B704700BF844608466146FFE7A2
:104F90000FB5FFF7C9FF002848BF10F1000F0FBD84
:104FA0004DF808EDFFF7F4FF0CBF012000205DF87D
:104FB00008FB00BF4DF808EDFFF7EAFF34BF012002
:104FC00000205DF808FB00BF4DF808EDFFF7E0FF9B
:104FD00094BF012000205DF808FB00BF4DF808EDEC
:104FE000FFF7D2FF94BF012000205DF808FB00BF4F
:104FF0004DF808EDFFF7C8FF34BF012000205DF831
:1050000008FB00BF4FEA40024FEA41037FEA226CEF
:1050100002D15FEA402C08D17FEA236C02D15FEA1B
:10502000412C02D14FF0000070474FF00100704753
:1050300010B514464FF0FF3392B2024802F083F8E5
:10504000204610BD6C06002072B6FEE700B591B098
:105050002822002106A8FBF753FA002301930293AC
:10506000039304930593012206924FF48033079330
:105070000A9202220D920E934FF400230F9306A87A
:1050800000F00AFD78B90F23019302230293002355
:10509000039304930593012101A800F02FFF20B989
:1050A00011B05DF804FBFFF7CFFFFFF7CDFF000065
:1050B00008B500F0C3FCFFF7C9FF00F02BF800F0C3
:1050C000EFF900F067F90D4800F080FA0C48FBF7A3
:1050D000FDF803F039FB0B4803F03AFD50B90A48DC
:1050E000FBF7F4F800F0EAF80848FBF7EFF803F0F4
:1050F00035F8FEE70648FBF7E9F8F3E71806002065
:10510000BC8F00085C440020D88F0008FC8F00088A
:10511000E88F000830B589B0002404940594069403
:105120000794184B9A6942F010029A619A6902F04A
:1051300010020192019A9A6942F004029A619A69F6
:1051400002F004020292029A9A6942F008029A61FD
:105150009B6903F008030393039B0B4D01224FF45B
:105160000051284601F0D2F84FF400530493012374
:10517000059306940223079304A9284600F0B8FF7C
:1051800009B030BD001002400010014010B51248B7
:10519000FBF79CF800240BE000234FF0FF320F498F
:1051A0000F48006802F08FF90024022003F00EF887
:1051B00004F11402094804F1080100EB410100EB7D
:1051C0004202043100EB440000F028FA0134A4B29A
:1051D000092CE1D8E9E700BF109000087403002013
:1051E0000806002000B585B00B48FBF76FF80B4CA4
:1051F0004FF0FF3221460A4B186802F028FA01A945
:10520000204600F017F900234FF0FF3201A90548AE
:10521000006802F058F9EAE72890000838030020F7
:10522000080600200406002000B585B01848FBF7EA
:105230004DF84FF0FF3201A9164B186802F007FA3B
:105240000198FFF7DBF802460B461348FDF7B8FA62
:10525000019940F2011000F079F90398FFF7CEF8B8
:1052600002460B460D48FDF7ABFA03994FF48170E7
:1052700000F06CF90298FFF7C1F802460B460848A7
:10528000FDF79EFA029940F2031000F05FF9D0E7B3
:105290004090000804060020549000087890000810
:1052A0009C900008034B0360034B0B60802313604A
:1052B000704700BFB0050020B003002010B596B0C5
:1052C00000223C21022002F0DAF82C4C206000225F
:1052D0000C21052002F0D3F8294B18602368002B1D
:1052E00039D0002840D0274C0DF13C0CA646BEE832
:1052F0000F00ACE80F009EE807008CE807000021D3
:105300000FA802F030FF204B18600DF1200C04F1C3
:105310001C0EBEE80F00ACE80F009EE807008CE80A
:105320000700002108A802F01EFF184B18600DF1BD
:10533000040E04F1380CBCE80F00AEE80F009CE846
:1053400007008EE80700002101A802F00CFF104BB7
:10535000186016B010BD4FF0500383F31188BFF3EF
:105360006F8FBFF34F8FFEE74FF0500383F3118829
:10537000BFF36F8FBFF34F8FFEE700BF080600201B
:1053800004060020308D00081406002010060020BE
:105390000C06002008B50B480B4B03600B4B436019
:1053A00000238360C3604FF48042026143618361E4
:1053B000C361036201F09EFA00B908BDFFF744FE25
:1053C000FBE700BF1806002000540040A086010043
:1053D00010B586B0002302930393049305930268EB
:1053E000114B9A4201D006B010BD104CA36943F096
:1053F0000803A361A36903F008030093009BC02383
:105400000293122303930323059302A9084800F093
:105410006FFEE36943F40013E361E36903F40013EF
:105420000193019BDFE700BF0054004000100240E1
:10543000000C01402DE9F8438046894600250027ED
:105440003E4600E00135092D16DC38F91500FFF75E
:10545000BFFB04460146FFF70FFC01463046FFF74D
:1054600003FB064624F0004439462046FFF7C0FD02
:105470000028E7D02746E5E708493046FFF7B0FCAB
:10548000FEF7D0FD0146C9F80000C9F8047038469F
:10549000FFF7A6FCC9F80800BDE8F883000020412A
:1054A00008B50A480A4B03604FF4E1334360002318
:1054B0008360C36003610C2242618361C36101F0B8
:1054C00012FE00B908BDFFF7BFFDFBE76C06002028
:1054D0000038014010B586B0002302930393049373
:1054E00005930268174B9A4201D006B010BD03F530
:1054F00058439A6942F480429A619A6902F4804260
:105500000092009A9A6942F004029A619B6903F042
:1055100004030193019B4FF400730293022303934E
:1055200003230593084C02A9204600F0E1FD4FF447
:105530008063029300230393049302A9204600F0A2
:10554000D7FDD2E700380140000801402DE9F043C3
:105550008FB004460D460691089000230B930A93E2
:1055600004220C928DF83430154803F094FB002887
:10557000FAD007AB06AA08A9114803F017FBD0B967
:105580009DF818609DF819709DF81A809DF81B9081
:105590002846FEF733FFCDE90401CDF80890CDF899
:1055A0000480009733460C9A21460648FDF708F917
:1055B0000FB0BDE8F08321460348FDF701F9F7E796
:1055C0005C440020D89000081C9100082DE9F041AF
:1055D00086B0114D28604FF008088DF817804FF005
:1055E000FF370297012401940DF117060096234618
:1055F0002D22A62101F05CFA8DF817800297019404
:10560000009623463122A621286801F051FA002095
:1056100006B0BDE8F08100BFB406002070B586B0CA
:1056200006460D4614464FF0FF33029306230193BE
:1056300004AB009301233222A6210E48006801F03A
:10564000E9FA9DF811209DF8103043EA02233380D7
:105650009DF813209DF8123043EA02232B809DF819
:1056600015209DF8143043EA02232380002006B061
:1056700070BD00BFB4060020FEE7FEE7FEE7FEE7D0
:10568000FEE7704708B5024800F0B9F808BD00BF52
:10569000B806002000B583B0114B9A6942F00102B0
:1056A0009A619A6902F001020092009ADA6942F066
:1056B0008052DA61DB6903F080530193019B002281
:1056C0000F216FF0010000F06DFE064A536823F0D1
:1056D000E06343F00073536003B05DF804FB00BF68
:1056E000001002400000014030B589B00446224B52
:1056F000DA6942F00102DA61DB6903F00103019328
:10570000019B02A903A800F0D5FC069BD3B900F0C9
:10571000B1FC0346194AA2FB03239B0C013B18482A
:105720004FF08042026040F2E732C26043600023E3
:1057300003618360836100F053F9054630B1284668
:1057400009B030BD00F096FC4300E3E70C4800F0E0
:105750001DF805460028F2D11C2000F033FE0F2C66
:1057600001D90125EBE7002221461C2000F01AFE9A
:10577000044B1C60E3E700BF0010024083DE1B43C4
:10578000B8060020C80100207047000090F83D30A6
:10579000DBB2012B27D1022380F83D300268D368A9
:1057A00043F00103D3600368114A934210D0B3F170
:1057B000804F0DD0A2F59432934209D002F5806259
:1057C000934205D01A6842F001021A600020704727
:1057D0009A6802F00702062A07D01A6842F001020E
:1057E0001A6000207047012070470020704700BFFA
:1057F000002C01407047704770477047704770B584
:1058000004460368DE681D6915F0020F10D016F01B
:10581000020F0DD06FF002021A61012303770368B3
:105820009B6913F0030F5ED0FFF7E6FF0023237799
:1058300015F0040F12D016F0040F0FD023686FF08C
:1058400004021A610223237723689B6913F4407FC3
:105850004FD02046FFF7D0FF0023237715F0080F25
:1058600012D016F0080F0FD023686FF008021A61EB
:10587000042323772368DB6913F0030F40D020460D
:10588000FFF7BAFF0023237715F0100F12D016F0A0
:10589000100F0FD023686FF010021A6108232377CE
:1058A0002368DB6913F4407F31D02046FFF7A4FF63
:1058B0000023237715F0010F02D016F0010F2DD130
:1058C00015F0800F02D016F0800F2FD115F0400F89
:1058D00002D016F0400F31D115F0200F02D016F093
:1058E000200F33D170BDFFF786FF2046FFF785FFFD
:1058F0009CE72046FFF77FFF2046FFF77EFFABE7E0
:105900002046FFF778FF2046FFF777FFBAE72046EB
:10591000FFF771FF2046FFF770FFC9E723686FF0BC
:1059200001021A612046FFF765FFC9E723686FF09F
:1059300080021A61204600F080F8C7E723686FF004
:1059400040021A612046FFF759FFC5E723686FF050
:1059500020021A61204600F06FF8C3E703681F4A6F
:1059600090420AD0B0F1804F07D0A2F59432904215
:1059700003D002F58062904203D123F070034A689D
:105980001343164A90420AD0B0F1804F07D0A2F5D7
:105990009432904203D002F58062904203D123F406
:1059A0004073CA68134323F080034A6913430360BA
:1059B0008B68C3620B688362084B98420AD001234C
:1059C0004361036913F0010F03D0036923F001035E
:1059D000036170470B690363F1E700BF002C0140CE
:1059E00040B310B5044690F83D30F3B1022384F87B
:1059F0003D30214651F8040BFFF7B0FF012384F836
:105A0000463084F83E3084F83F3084F8403084F8E3
:105A1000413084F8423084F8433084F8443084F8CC
:105A2000453084F83D30002010BD80F83C30FFF751
:105A3000ABFEDBE7012070477047704708B5074AA7
:105A4000136843F010031360032000F099FC0F204B
:105A5000FFF74AFEFFF71EFE002008BD00200240AF
:105A6000014B1868704700BF0007002082B0084B48
:105A70001B68084AA2FB03235B0A00FB03F30193A4
:105A800000BF019B5A1E0192002BF9D102B0704752
:105A9000CC010020D34D6210002800F0F18170B5D8
:105AA00082B00446036813F0010F2CD0994B5B6859
:105AB00003F00C03042B1DD0964B5B6803F00C0322
:105AC000082B12D06368B3F5803F41D0002B55D12D
:105AD00003F1804303F504331A6822F480321A601C
:105AE0001A6822F480221A6037E08A4B5B6813F44C
:105AF000803FE7D0874B1B6813F4003F03D06368F7
:105B0000002B00F0BF81236813F0020F75D0814B8A
:105B10005B6813F00C0F5FD07E4B5B6803F00C03E7
:105B2000082B54D02369002B00F08A807A4B012285
:105B30001A60FFF795FF0546764B1B6813F0020FBE
:105B400075D1FFF78DFF401B0228F5D903209EE198
:105B5000704A136843F480331360636843B3FFF7FC
:105B60007FFF05466B4B1B6813F4003FCBD1FFF75B
:105B700077FF401B6428F5D9032088E1B3F5A02FF7
:105B800009D0644B1A6822F480321A601A6822F431
:105B900080221A60E1E703F18043A3F53C331A68E1
:105BA00042F480221A601A6842F480321A60D4E704
:105BB000FFF756FF0546574B1B6813F4003FA2D072
:105BC000FFF74EFF401B6428F5D903205FE1514BDE
:105BD0005B6813F4803FA5D14E4B1B6813F0020F96
:105BE00003D02369012B40F04F814A4A136823F008
:105BF000F803616943EAC1031360236813F0080FD7
:105C000033D0A369002B5CD0434B0122C3F880241E
:105C1000FFF726FF05463F4B5B6A13F0020F21D1C9
:105C2000FFF71EFF401B0228F5D903202FE1394A58
:105C3000136823F0F803616943EAC1031360DCE7EA
:105C4000354B00221A60FFF70BFF0546314B1B68EE
:105C500013F0020FD1D0FFF703FF401B0228F5D944
:105C6000032014E10120FFF701FF236813F0040F64
:105C700000F09680274BDB6913F0805F34D1254B11
:105C8000DA6942F08052DA61DB6903F080530193F4
:105C9000019B0125214B1B6813F4807F26D0E3680C
:105CA000012B3DD0002B53D103F1804303F5043386
:105CB0001A6A22F001021A621A6A22F004021A62B7
:105CC00033E0154B0022C3F88024FFF7C9FE0546D8
:105CD000104B5B6A13F0020FC7D0FFF7C1FE401BE9
:105CE0000228F5D90320D2E00025D3E70B4A136838
:105CF00043F480731360FFF7B3FE0646074B1B683F
:105D000013F4807FCBD1FFF7ABFE801B6428F5D95D
:105D10000320BCE00010024000004242007000403E
:105D20005F4A136A43F001031362E36833B3FFF77A
:105D300097FE06465A4B1B6A13F0020F2FD1FFF74E
:105D40008FFE801B41F288339842F3D903209EE0F6
:105D5000052B09D0524B1A6A22F001021A621A6A04
:105D600022F004021A62E0E74D4B1A6A42F0040284
:105D70001A621A6A42F001021A62D6E7FFF770FE51
:105D80000646474B1B6A13F0020F08D0FFF768FE68
:105D9000801B41F288339842F3D9032077E0E5B9BC
:105DA000E369002B72D03E4A526802F00C02082AC6
:105DB00056D0022B17D03B4B00221A66FFF750FE3D
:105DC0000446374B1B6813F0007F47D0FFF748FEAF
:105DD000001B0228F5D9032059E0314AD36923F08A
:105DE0008053D361DCE72F4B00221A66FFF738FEA1
:105DF00005462B4B1B6813F0007F06D0FFF730FEE3
:105E0000401B0228F5D9032041E0236AB3F5803F07
:105E10001AD023494B6823F47413226A606A024340
:105E200013434B601F4B01221A66FFF719FE04460D
:105E30001B4B1B6813F0007F0ED1FFF711FE001BF8
:105E40000228F5D9032022E0154A536823F40033D1
:105E5000A1680B435360DCE7002018E0002016E047
:105E6000012B16D00E4B5B6803F48031226A9142FD
:105E700011D103F47013626A93420ED1002006E040
:105E800001207047012002E0012000E0002002B064
:105E900070BD0120FBE70120F9E70120F7E700BF13
:105EA00000100240000042420F4B5B6803F00C02FE
:105EB000082A01D00D487047C3F383420C49885C1F
:105EC00013F4803F0BD0084B5B68C3F34043094A8F
:105ED000D35C064A02FB00F0B0FBF3F07047064BC0
:105EE00003FB00F0704700BF0010024000127A0070
:105EF000FC920008F892000800093D00002800F01C
:105F0000A08070B50D460446524B1B6803F0070392
:105F10008B420BD24F4A136823F007030B431360E5
:105F2000136803F007038B4240F08D80236813F061
:105F3000020F17D013F0040F04D0474A536843F4FC
:105F4000E0635360236813F0080F04D0424A53689B
:105F500043F460535360404A536823F0F003A16850
:105F60000B435360236813F0010F31D06368012B9A
:105F700020D0022B25D0384A126812F0020F64D0CC
:105F800035494A6822F0030213434B60FFF768FD6E
:105F90000646314B5B6803F00C036268B3EB820F7B
:105FA00016D0FFF75DFD801B41F288339842F0D98F
:105FB000032045E0284A126812F4003FE0D1012096
:105FC0003EE0254A126812F0007FD9D1012037E067
:105FD000204B1B6803F00703AB420AD91D4A136824
:105FE00023F007032B431360136803F00703AB424E
:105FF0002DD1236813F0040F06D0174A536823F4F9
:10600000E063E1680B435360236813F0080F07D087
:10601000114A536823F46053216943EAC103536072
:10602000FFF742FF0C4B5B68C3F303130B4AD35CCF
:10603000D8400B4B18600B4B1868FFF755FB00203E
:1060400070BD012070470120FAE70120F8E7012028
:10605000F6E700BF00200240001002401493000841
:10606000CC010020C8010020014B1868704700BF18
:10607000CC01002008B5FFF7F7FF044B5B68C3F3C2
:106080000223034AD35CD84008BD00BF0010024081
:106090000C93000808B5FFF7E7FF044B5B68C3F3F8
:1060A000C223034AD35CD84008BD00BF00100240A1
:1060B0000C9300080F2303600B4B5A6802F0030295
:1060C00042605A6802F0F00282605A6802F4E062AC
:1060D000C2605B68DB0803F4E0630361034B1B6889
:1060E00003F007030B6070470010024000200240DD
:1060F00070B582B00024A446A1E07E4DAB4214D01E
:106100000CD8A5F58015AB420FD005F57025AB4234
:106110000BD0A5F58015AB4210D106E0764DAB4211
:1061200003D005F58035AB4208D18B68002B50D0E9
:10613000012B49D04261082400E0CC68BEF1FF0F7A
:1061400049D806464FEA8C0233680F25954023EA6A
:10615000050304FA02F2134333604B6813F0805FC7
:106160006BD0664B9A6942F001029A619B6903F019
:1061700001030193019B4FEA9C02951C604B53F86D
:1061800025600CF00305AD000F23AB4026EA0306A3
:106190005C4B984226D003F58063984200F08C80D7
:1061A00003F58063984200F0898003F5806398428C
:1061B00016D0042317E0CC680434BFE7CC68083459
:1061C000BCE7CC680C34B9E702610824B6E70024C8
:1061D000B4E70424B2E7061DACF108029200B3E76D
:1061E000032300E00023AB4033430232444D45F823
:1061F00022304B6813F4801F62D0434A936843EA0D
:106200000E0393604B6813F4001F5FD03E4AD368BF
:1062100043EA0E03D3604B6813F4003F5CD03A4A64
:10622000536843EA0E0353604B6813F4803F59D020
:10623000354A136843EA0E0313600CF1010C0B6836
:1062400033FA0CF254D0012202FA0CF203EA020EE5
:1062500032EA0303F1D14B68122B3FF64EAF122BFB
:106260003FF66CAF01A555F823F000BF2B61000885
:106270003B610008BD610008CF6100083D61000876
:106280003D6100083D6100083D6100083D61000876
:106290003D6100083D6100083D6100083D61000866
:1062A0003D6100083D6100083D6100083D61000856
:1062B000B7610008C3610008012394E7022392E755
:1062C000114A936823EA0E0393609BE70E4AD36852
:1062D00023EA0E03D3609EE70B4A536823EA0E03BA
:1062E0005360A1E7084A136823EA0E031360A4E78A
:1062F00002B070BD000022100000311000100240FA
:106300000000014000080140000401400AB10161A1
:106310007047090401617047002808DB0901C9B210
:1063200000F1604000F5614080F80013704700F014
:106330000F000901C9B2014B1954704714ED00E078
:1063400000B500F00700C0F1070CBCF1040F28BF36
:106350004FF0040C031D062B0FD9C31E4FF0FF3E58
:106360000EFA0CF021EA000199400EFA03FE22EA2F
:106370000E0241EA02005DF804FB0023EEE7000094
:10638000074AD36823F4E0631B041B0C000200F4EB
:10639000E060034343F0BF6343F40033D3607047CE
:1063A00000ED00E010B50446054BD868C0F30220AC
:1063B000FFF7C6FF01462046FFF7AEFF10BD00BF46
:1063C00000ED00E0002807DB00F01F024009012378
:1063D0009340024A42F82030704700BF00E100E0DD
:1063E00003685A6912F4806F01D1002070476FF47E
:1063F00080625A6100230363202280F83D2080F8E8
:106400003E30026C42F00402026480F83C3001200D
:1064100070472DE9F04106460C46174698463BE08A
:10642000FFF71EFB069BC01A404502D8B8F1000FCB
:1064300032D1012D18D033689B6924EA03039BB243
:10644000B3FA83F35B099F4226D1002333632022F2
:1064500086F83D2086F83E30326C42F020023264ED
:1064600086F83C30012027E033685B6924EA0303A7
:106470009BB2B3FA83F35B09E5E733685B6924EA0F
:10648000030C1FFA8CFCBCFA8CFC4FEA5C1C6745C1
:1064900011D1B8F1FF3FC3D1C4F30745012DECD0B2
:1064A00033689B6924EA030C1FFA8CFCBCFA8CFC51
:1064B0004FEA5C1CEBE70020BDE8F0812DE9F843D2
:1064C00005460E469046994653E01A6842F400721B
:1064D0001A602B686FF480625A6100232B632022BC
:1064E00085F83D2085F83E302A6C42F004022A648B
:1064F00085F83C3001204AE0FFF7B2FAA0EB090032
:10650000404502D8B8F1000F33D1012F17D02B68C6
:106510009B6926EA03039BB2003B18BF012343B3E8
:1065200000232B63202285F83D2085F83E302A6C1D
:1065300042F020022A6485F83C30012027E02B68D5
:106540005B6926EA03039BB2003B18BF0123E6E721
:106550002B689C6926EA0404A4B2003C18BF0124FD
:10656000A4B12B685A6912F4806FAED1B8F1FF3F25
:10657000C2D1C6F30747012FEAD12B685C6926EA2E
:106580000404A4B2003C18BF0124E9E70020BDE8E0
:10659000F88370B504460D46164623685B6913F010
:1065A000800F21D12046FFF71BFFF8B9B5F1FF3F5F
:1065B000F3D0FFF755FA801BA84201D8002DECD18B
:1065C00023685B6913F0800FE7D100232363202247
:1065D00084F83D2084F83E30226C42F02002226490
:1065E00084F83C30012000E0002070BD0120FCE771
:1065F0002DE9F04385B004460D4691461F46DDF86F
:1066000030800D9E0368196841F48071196000960E
:10661000434600224FF00111FFF7FBFE60B92368EB
:1066200005F0FE051D613346424626492046FFF728
:1066300045FF68B1012008E023681B6813F4807FE0
:1066400002D04FF400732364032005B0BDE8F0834B
:106650000023039323685A6903929B690393039B66
:10666000324641462046FFF794FF30B9012F0FD143
:1066700023685FFA89F61E61E7E7236C042B01D0DB
:106680000120E2E72268136843F400731360F7E720
:1066900023684FEA19221A61324641462046FFF725
:1066A00078FF20B923685FFA89F61E61CDE7236C75
:1066B000042B01D00120C8E72268136843F400735B
:1066C0001360F7E7020001002DE9F04784B00446AB
:1066D0000D46164699460C9FDDF834800268136813
:1066E00043F4806313600368196841F48071196092
:1066F000CDF800803B4600224FF00111FFF789FEE4
:1067000070B95FFA85FA236805F0FE051D614346FE
:106710003A4641492046FFF7D1FE68B1012008E022
:1067200023681B6813F4807F02D04FF40073236446
:10673000032004B0BDE8F0870023039323685A695F
:1067400003929B690393039B424639462046FFF719
:1067500020FF80B9B9F1010F18D12368F6B21E618C
:10676000424639462046FFF714FF68B3236C042BDA
:1067700024D00120DDE7236C042B01D00120D8E7D1
:106780002268136843F400731360F7E72368320A42
:106790001A61424639462046FFF7FBFE18B92368C6
:1067A000F6B21E61DCE7236C042B01D00120C0E7A8
:1067B0002268136843F400731360F7E722681368D4
:1067C00043F400731360D4E72268136843F48073C2
:1067D0001360CDF800803B4600224FF001112046A7
:1067E000FFF717FE68B922684AF0010313614346B8
:1067F0003A4609492046FFF761FE002899D001205A
:1068000097E723681B6813F4807F02D04FF400736E
:10681000236403208DE700BF0200010070B5044629
:106820000D46164623685B6913F0040F21D12046FC
:10683000FFF7D6FDF8B9B5F1FF3FF3D0FFF710F938
:10684000801BA84201D8002DECD123685B6913F0AE
:10685000040FE7D100232363202284F83D2084F82D
:106860003E30226C42F02002226484F83C30012049
:1068700000E0002070BD0120FCE770B504460D4625
:10688000164614E06FF010025A61002323632022A1
:1068900084F83D2084F83E30226C226484F83C3039
:1068A000012025E023685B6913F0400F10D02368B6
:1068B000586910F0400F1AD1586910F0100FE1D14B
:1068C000FFF7CEF8801BA842ECD8002DEFD1E9E706
:1068D00000232363202284F83D2084F83E30226C7C
:1068E00042F02002226484F83C30012000E00020C5
:1068F00070BD0000002800F0CC8070B5044690F810
:106900003D30002B77D0242384F83D302268136873
:1069100023F0010313602268136843F400431360FB
:106920002268136823F400431360FFF7A3FB626837
:106930005A4B9A4264D85A4B98428CBF0023012389
:10694000002B40F0A8805749A1FB00318B0C256833
:106950006A6822F03F0242EA91426A6021680A6A4C
:1069600022F03F0266684D4DAE424FD801331343CB
:106970000B622168CA6922F44F4222F0FF02656867
:10698000464B9D424CD8431E6D00B3FBF5F30133DB
:1069900040F6FC70034278D0C3F30B031A43CA617C
:1069A00021680B6823F0C003E269206A02431343A5
:1069B0000B6021688B6823F4034323F0FF032269F3
:1069C000E068024313438B602168CB6823F0FF0328
:1069D0006269A06902431343CB602268136843F0E5
:1069E0000103136000202064202384F83D302063DD
:1069F00084F83E0070BD80F83C30FEF7E9FC82E789
:106A0000294B98428CBF0023012399E74FF49675D8
:106A100005FB03F3254DA5FB03539B090133A6E7B3
:106A2000A668BEB9431E05EB450CB3FBFCF301336E
:106A3000C3F30B03B3FA83F35B0943BBC6B9431E2D
:106A400005EB4505B3FBF5F30133C3F30B0343F447
:106A50000043A3E7431E05EB850C0CEB8C0CB3FB4A
:106A6000FCF30133C3F30B03B3FA83F35B09E4E7ED
:106A7000431E05EB850505EB8505B3FBF5F30133F7
:106A8000C3F30B0343F4404388E7042386E7012361
:106A900084E7012070470120ACE700BFA086010019
:106AA0007F841E0083DE1B43FF083D00D34D621030
:106AB0002DE9F04383B004460F46904699460C9E5C
:106AC000FEF7CEFF054694F83D00C0B2202803D063
:106AD000022003B0BDE8F0830095192301224B4941
:106AE0002046FFF796FC002840F0898094F83C305F
:106AF000012B00F08680012384F83C3023681A685B
:106B000012F0010F03D11A6842F001021A602268E4
:106B1000136823F400631360212384F83D3040237D
:106B200084F83E30002323640A9B6362BDF82C3056
:106B30006385638D2385364BE362019500964B4652
:106B4000424639462046FFF753FD00285BD1238D8E
:106B5000002B35D02A4631462046FFF71AFD20BBD0
:106B6000626A236812781A61626A531C6362218D1B
:106B7000013989B22185638D9BB2013B9BB263854C
:106B80002368586910F0040FE1D00029DFD0527853
:106B90001A61636A01336362238D013B2385638D30
:106BA0009BB2013B9BB26385D1E7236C042B01D0E0
:106BB00001208EE72268136843F400731360F7E73F
:106BC0002A4631462046FFF729FE50B1236C042B9C
:106BD00001D001207DE72268136843F4007313603D
:106BE000F7E72268136843F400731360202384F8E6
:106BF0003D30002384F83E3084F83C3069E70220C1
:106C000067E7022065E7012063E700BF020010008C
:106C10000000FFFF2DE9F04389B004460F4690467F
:106C20009946129E00230793FEF71AFF054694F833
:106C30003D00C0B2202804D00227384609B0BDE884
:106C4000F08300951923012281492046FFF7E1FBDB
:106C5000002840F07C8194F83C30012B00F07981D1
:106C6000012384F83C3023681A6812F0010F03D125
:106C70001A6842F001021A602268136823F4006364
:106C80001360222384F83D30402384F83E300023F3
:106C90002364109B6362BDF844306385638D238554
:106CA0006C4BE362019500964B46424639462046BE
:106CB000FFF70AFD0746002840F04D81238D5BB9A0
:106CC000039323685A6903929A690392039A1A6894
:106CD00042F400721A60F2E0012B0FD0022B21D097
:106CE0002268136843F480631360002306932368CB
:106CF0005A6906929B690693069BE0E02268136836
:106D000023F48063136072B60023049323685A69E6
:106D100004929A690492049A1A6842F400721A6002
:106D200062B6CCE02268136843F40063136072B665
:106D30000023059323685A6905929A690592059A7A
:106D40001A6822F480621A6062B6B8E02A463146B8
:106D50002046FFF792FD002840F0FF8023681A6963
:106D6000636A1A70636A01336362238D013B238572
:106D7000638D9BB2013B9BB26385A0E000953346D7
:106D8000002235492046FFF744FB002840F0E98007
:106D90002268136823F48063136072B623681A694B
:106DA000636A1A70636A01336362238D013B238532
:106DB000638D9BB2013B9BB26385284B1B68DB084C
:106DC000274AA2FB03231B0A03EB8303C3EBC30382
:106DD0000793079B013B0793079B002B28D0236851
:106DE0005A6912F0040FF4D01A6842F400721A6063
:106DF00023681A69636A1A70636A01336362238DB8
:106E0000013B2385638D9BB2013B9BB2638562B6D8
:106E100023681A69636A1A70636A01336362238D97
:106E2000013B2385638D9BB2013B9BB2638546E0AA
:106E30002363202284F83D2084F83E30226C42F007
:106E40002002226462B684F83C300127F5E600BFD8
:106E5000020010000000FFFF04000100CC01002030
:106E600089B5F8142A4631462046FFF706FD00286A
:106E700079D123681A69636A1A70636A013363629D
:106E8000228D013A92B22285638D9BB2013B9BB267
:106E900063852368596911F0040F10D0032A48D084
:106EA00023681A69636A1A70636A01336362238D07
:106EB000013B2385638D9BB2013B9BB26385238D90
:106EC000002B3BD0032BCDD8012B3FF43FAF022B3F
:106ED0007FF454AF00953346002224492046FFF743
:106EE00098FA00283BD172B62268136843F4007305
:106EF000136023681A69636A1A70636A01336362F4
:106F0000238D013B2385638D9BB2013B9BB263853F
:106F100062B623681A69636A1A70636A013363622E
:106F2000238D013B2385638D9BB2013B9BB263851F
:106F3000C5E71A6822F480621A60B1E7202384F85A
:106F40003D30002384F83E3084F83C3075E602275B
:106F500073E6022771E601276FE601276DE6012738
:106F60006BE6012769E6012767E600BF0400010020
:106F7000026802F10C0353E8003F23F490730C32D3
:106F800042E800310029F3D1026802F1140353E80A
:106F9000003F23F00103143242E800310029F3D10D
:106FA000036B012B05D0202380F8423000230363BC
:106FB0007047026802F10C0353E8003F23F010030E
:106FC0000C3242E800310029F3D1ECE710B5044659
:106FD0000268136923F44053C1680B43136183684B
:106FE0000269134342691A430168CB6823F4B05322
:106FF00023F00C031343CB600268536923F44073FE
:1070000081690B4353610268134B9A4220D0FFF70A
:1070100031F8024602EB820202EB820263689B00B7
:10702000B2FBF3F20D48A0FB02314909642303FBD4
:1070300011231B013233A0FB03035B0903F0F002B1
:1070400002EB011203F00F03216813448B6010BDA3
:10705000FFF720F80246DDE7003801401F85EB51BD
:107060002DE9F04383B005460E4617469946DDF8F4
:1070700028802B681C6836EA04040CBF0124002415
:10708000BC4228D1B8F1FF3FF3D0FEF7E9FCA0EBFA
:107090000900404523D8B8F1000F22D02B68DA68E8
:1070A00012F0040FE5D0802EE3D0402EE1D01A6814
:1070B00012F0080FDDD0002401941A6801925B6879
:1070C0000193019B2846FFF753FF08236B6485F863
:1070D0004040012000E0002003B0BDE8F083032021
:1070E000FAE70320F8E760B310B5044690F84130A2
:1070F00013B3242384F841302268D36823F4005367
:10710000D3602046FFF762FF2268136923F490439F
:1071100013612268536923F02A0353612268D368FC
:1071200043F40053D36000206064202384F841308E
:1071300084F84230606310BD80F84030FEF7CAF931
:10714000D7E7012070472DE9F04182B01E4690F844
:107150004130DBB2202B56D104460D469046002923
:1071600055D00AB901204FE000234364212380F861
:107170004130FEF775FC0746A4F82480A4F8268069
:10718000A368B3F5805F02D04FF0000814E02369D4
:107190002BB34FF000080FE0202384F84130032088
:1071A00032E038F8023B2268C3F308035360E28CF4
:1071B00092B2013A92B2E284E38C9BB293B1009610
:1071C0003B46002280212046FFF74AFF0028E3D1FA
:1071D000002DE6D015F8012B23685A60E7E7A84692
:1071E0000025E9E700963B46002240212046FFF7B4
:1071F00037FF18B9202384F8413005E0202384F8B4
:107200004130032000E0022002B0BDE8F0810120FF
:10721000FAE7704700F1080343604FF0FF328260E5
:10722000C36003610023036070470023036170475C
:1072300043684B609A688A6051609960086103688E
:1072400001330360704730B40D68B5F1FF3F11D0D2
:1072500000F108031C465B681A68AA42FAD9636801
:107260004B6099608C606160086103680133036062
:1072700030BC70470469F2E70369416882688A603C
:10728000416851605A68824206D0002202611A6841
:10729000013A1A601868704782685A60F5E710B5BD
:1072A000044601F017F9A26BE36B9A4204D0002464
:1072B00001F032F9204610BD0124F9E710B504466B
:1072C00001F008F9A36B23B9012401F025F9204648
:1072D00010BD0024F9E770B504461546866B026CB4
:1072E0005AB903681BB100200136A66370BD8068DF
:1072F00000F0D6FE0023A360F6E76DB94068FAF708
:107300001DFF6368226C13446360A268934219D323
:10731000236863602846E7E7C068FAF70FFFE36871
:10732000226C51429B1AE3602268934202D2A36806
:107330000B44E360022D01D00020D5E726B1013EC9
:107340000020D1E72846CFE70020CDE708B5034667
:10735000026C62B10846D9681144D960D3F808C0FC
:10736000614501D31968D960D968FAF7E7FE08BD0D
:1073700038B5054601F0AEF895F8454064B201E035
:10738000013C64B2002C0ADD6B6A43B105F12400B4
:1073900000F0DCFD0028F3D000F06CFEF0E7FF23E6
:1073A00085F8453001F0B8F801F094F895F84440BC
:1073B00064B201E0013C64B2002C0ADD2B6943B1E8
:1073C00005F1100000F0C2FD0028F3D000F052FEDD
:1073D000F0E7FF2385F8443001F09EF838BD38B55A
:1073E000E0B10D46044601F075F82368E26B216CAC
:1073F00001FB0230A0600020A0636360013A02FB41
:107400000133E360FF2384F8443084F84530FDB94C
:10741000236963B901F080F8012038BD4FF05003B3
:1074200083F31188BFF36F8FBFF34F8FFEE704F133
:10743000100000F08BFD0028ECD04FF0E0234FF05F
:107440008052C3F8042DBFF34F8FBFF36F8FE1E776
:1074500004F11000FFF7DEFE04F12400FFF7DAFE6E
:10746000D8E710B5034602980C4631B90060C363F3
:1074700004640121FFF7B3FF10BD0260F7E740B9D4
:107480004FF0500383F31188BFF36F8FBFF34F8F1B
:10749000FEE7F0B583B00D461446064601FB00F04A
:1074A000483000F0FDFE074650B1002380F846301A
:1074B0000090234600F1480229463046FFF7D1FFED
:1074C000384603B0F0BDF0B585B0019288B10F46E3
:1074D0001D460446B1B1022D20D1E36B012B1DD016
:1074E0004FF0500383F31188BFF36F8FBFF34F8FBB
:1074F000FEE74FF0500383F31188BFF36F8FBFF3A4
:107500004F8FFEE7036C002BE5D04FF0500383F361
:107510001188BFF36F8FBFF34F8FFEE700F0B0FD10
:10752000064658B9019B002B48D04FF0500383F317
:107530001188BFF36F8FBFF34F8FFEE700263DE04A
:107540002A4639462046FFF7C6FE636A7BB948B132
:107550004FF0E0234FF08052C3F8042DBFF34F8F5C
:10756000BFF36F8F00F0D8FF012005B0F0BD04F12C
:10757000240000F0EBFC0028F4D04FF0E0234FF0A3
:107580008052C3F8042DBFF34F8FBFF36F8FE9E72D
:1075900000F0C2FF0020E8E702A800F01DFD012670
:1075A00019E0002384F8443021E0002384F84530BA
:1075B00023E02046FFF7DCFE00F0C2FB00F08AFF6C
:1075C000A26BE36B9A42BBD3022DB9D0019B002B77
:1075D000DED0002EE0D000F09FFF00F01DFB00F099
:1075E00079FF94F8442052B2B2F1FF3FD9D094F819
:1075F000452052B2B2F1FF3FD7D000F08DFF01A974
:1076000002A800F0F5FCD8B92046FFF748FE002894
:10761000CFD0019904F1100000F080FC2046FFF764
:10762000A7FE00F08DFB0028C8D14FF0E0234FF0FB
:107630008052C3F8042DBFF34F8FBFF36F8FBDE7A8
:107640002046FFF795FE00F07BFB00208DE7F0B5AC
:1076500085B0019290B10F460446C1B100F010FD13
:10766000064600BB019B002B5ED04FF0500383F316
:107670001188BFF36F8FBFF34F8FFEE74FF05003BA
:1076800083F31188BFF36F8FBFF34F8FFEE7036C57
:10769000002BE3D04FF0500383F31188BFF36F8FBB
:1076A000BFF34F8FFEE700263EE039462046FFF746
:1076B0004DFE013DA563236923B900F02DFF012094
:1076C00005B0F0BD04F1100000F040FC0028F4D03B
:1076D0004FF0E0234FF08052C3F8042DBFF34F8FDB
:1076E000BFF36F8FE9E700F017FF0020E8E702A87B
:1076F00000F072FC012621E0002384F8443029E0E8
:10770000002384F845302BE02046FFF731FE00F0DF
:1077100017FB09E02046FFF72BFE00F011FB204687
:10772000FFF7CCFD00283FD100F0D4FEA56B002D63
:10773000BBD1019B002BD6D0002ED8D000F0ECFEA0
:1077400000F06AFA00F0C6FE94F844305BB2B3F180
:10775000FF3FD1D094F845305BB2B3F1FF3FCFD0BB
:1077600000F0DAFE01A902A800F042FC0028D1D105
:107770002046FFF7A3FD0028C6D0019904F124009C
:1077800000F0CCFB2046FFF7F3FD00F0D9FA00280B
:10779000CAD14FF0E0234FF08052C3F8042DBFF35D
:1077A0004F8FBFF36F8FBFE7002089E7084B1B683F
:1077B0001B6823B9074B4FF0FF321A607047044B28
:1077C0001B68DB68DB685A68024B1A60704700BFB1
:1077D000740700200C0700202DE9F0470746984663
:1077E000089DDDF824900A9C266B02F18042013A44
:1077F00006EB820626F00706C1B308464FF0000CE0
:10780000BCF10F0F09D810F80C2004EB0C0383F81F
:10781000342012B10CF1010CF2E7002384F843305C
:10782000062D00D90625E56265644FF0000AC4F80C
:1078300048A0201DFFF7F9FC04F11800FFF7F5FC44
:107840002461C5F10705A5616462C4F84CA084F801
:1078500050A042463946304600F012FE2060B9F191
:10786000000F01D0C9F80040BDE8F087002384F87C
:107870003430D5E738B5002407E004EB84029300E8
:107880000E481844FFF7C6FC0134062CF5D90C4D00
:107890002846FFF7BFFC0B4C2046FFF7BBFC0A480D
:1078A000FFF7B8FC0948FFF7B5FC0948FFF7B2FC41
:1078B000084B1D60084B1C6038BD00BFA0070020AE
:1078C0008C070020780700205C0700204807002074
:1078D00030070020740700207007002010B5044610
:1078E00000F0F8FD214A136801331360204B1B6838
:1078F0005BB1204B1B686BB91D4B1B68DA6AE36AEE
:107900009A4207D81A4B1C6004E0194B1C6013689C
:10791000012B28D0184A136801331360E06A012351
:107920008340164A11680B43136000EB8000211D51
:10793000134B03EB8000FFF77BFC00F0EDFD0D4BDC
:107940001B687BB10A4B1B68DA6AE36A9A4209D268
:107950004FF0E0234FF08052C3F8042DBFF34F8F58
:10796000BFF36F8F10BDFFF785FFD3E72C07002013
:107970002C080020200700201007002024070020EA
:10798000A007002010B5044690F8513063B1012BD8
:1079900011D0022B0ED04FF0500383F31188BFF3A8
:1079A0006F8FBFF34F8FFEE7006B00F0FBFC2046AC
:1079B00000F0F8FC10BD00F0F5FCFBE70F4B1B6876
:1079C000D3B110B500F086FD0D4BDB68DC68201DDF
:1079D000FFF752FC0B4A1368013B1360074A136818
:1079E000013B136000F098FD2046FFF7CBFF034BEF
:1079F0001B68002BE6D110BD704700BF4407002074
:107A0000480700202C07002008B5FFF7D7FF074BD9
:107A10001B68012BF9D94FF0E0234FF08052C3F8D7
:107A2000042DBFF34F8FBFF36F8FEEE7A007002049
:107A300070B504460D461D4B1E681D4B186804307A
:107A4000FFF71AFC48B91A4B1B68DB6A01229A40FF
:107A500018490B6823EA02030B60B4F1FF3F0DD015
:107A60003444134B1B685C60A64210D9124B186853
:107A70000F4B19680431FFF7E6FB70BD002DEFD006
:107A80000B4B196804310D48FFF7D2FBF5E70C4B9F
:107A90001868074B19680431FFF7D5FB094B1B68C1
:107AA000A342EAD9074B1C60E7E700BF2807002084
:107AB0002C08002024070020700700203007002039
:107AC000740700200C07002030B587B00B9C7CB1F8
:107AD0000C9DB5B154250495049D542D1AD04FF03A
:107AE000500383F31188BFF36F8FBFF34F8FFEE70F
:107AF0004FF0500383F31188BFF36F8FBFF34F8FA5
:107B0000FEE74FF0500383F31188BFF36F8FBFF38D
:107B10004F8FFEE7049D0C9D2C63022485F8514095
:107B200000240394029505AC01940A9C0094FFF78D
:107B300053FE0C98FFF7D2FE059807B030BD2DE933
:107B4000F04385B00746884614461E46900000F074
:107B5000A7FB08B38146542000F0A2FB0546A8B15C
:107B6000C0F83090002380F85130039302900D9BB1
:107B700001930C9B00933346224641463846FFF75B
:107B80002BFE2846FFF7AAFE012007E0484600F03A
:107B900009FC4FF0FF3001E04FF0FF3005B0BDE8C9
:107BA000F083000010B588B000240594069407AA5D
:107BB00006A905A8FDF776FB059B0293069B01939A
:107BC00000942346079A0E490E48FFF77DFF0E4B9F
:107BD000186090B14FF0500383F31188BFF36F8F9B
:107BE000BFF34F8F094B4FF0FF321A60084B012251
:107BF0001A60084B1C6000F0F7FC08B010BD00BF15
:107C000044910008097A0008080700200C070020AA
:107C10002007002028070020024A13680133136060
:107C2000704700BF04070020F8B53A4B1B68002BD3
:107C300069D1394B1D6801351D60C5B9374B1B68CB
:107C40001B6843B14FF0500383F31188BFF36F8F6C
:107C5000BFF34F8FFEE7314A1168314B186810604F
:107C60001960304A136801331360FFF79FFD2E4BF4
:107C70001B68AB423DD900272C4B1B68DB6A03EB2A
:107C800083039A002A4B9B58012B00D90127294BCB
:107C90001B68002B3CD001273AE001271F4B1B68D3
:107CA0001B6843B31D4B1B68DB68DC6863689D423F
:107CB00026D3261D3046FFF7DFFAA36A1BB104F175
:107CC0001800FFF7D9FAE36A01229A401A490868B6
:107CD00002430A6003EB83039A00314614481044C0
:107CE000FFF7A6FAE26A114B1B68DB6A9A42D4D20C
:107CF000D4E70027D2E70C4B4FF0FF321A60BBE706
:107D0000094A1360B8E70D4A13680133136000276E
:107D10003846F8BD0407002028070020740700201B
:107D200070070020140700200C0700202C080020FA
:107D3000A007002018070020240700201C070020AF
:107D400038B5354B1B6843B94FF0500383F31188A6
:107D5000BFF36F8FBFF34F8FFEE700F0BBFB2E4BDF
:107D60001A68013A1A601B68002B4FD12B4B1B6815
:107D70000BB900244BE00024294B1B681BB3284B94
:107D8000DB68DC6804F11800FFF776FA251D284649
:107D9000FFF772FAE06A01238340224A11680B431D
:107DA000136000EB800029461F4B03EB8000FFF7B8
:107DB0003FFAE26A1D4B1B68DB6A9A42DCD31C4B1C
:107DC00001221A60D8E70CB1FFF7F0FC194B1C68D0
:107DD00084B9174B1C68D4B14FF0E0234FF08052A8
:107DE000C3F8042DBFF34F8FBFF36F8F01240EE054
:107DF000013C07D0FFF718FF0028F9D00C4B0122F7
:107E00001A60F5E70B4B00221A60E2E7002400F04D
:107E100083FB204638BD00BF040700202C0700204C
:107E20005C07002024070020A00700202C08002069
:107E3000180700201C07002010B5A8B10446104BFD
:107E40001B6843B14FF0500383F31188BFF36F8F6A
:107E5000BFF34F8FFEE7FFF7DFFE00212046FFF75D
:107E6000E7FDFFF76DFF48B94FF0E0234FF0805278
:107E7000C3F8042DBFF34F8FBFF36F8F10BD00BF4A
:107E800004070020204B1B681BB1204B01221A6005
:107E900070471E4B00221A601D4B1B68B3FA83F318
:107EA000DBB2C3F11F0303EB83018A0019498A582F
:107EB00042B94FF0500383F31188BFF36F8FBFF3C4
:107EC0004F8FFEE7134803EB83018A000244516899
:107ED0004968516003EB830C4FEA8C02083202447C
:107EE000914209D003EB83039A000A4B13445B6869
:107EF000DA68094B1A607047486862469100054A83
:107F00000A445060EEE700BF040700201807002075
:107F100024070020A00700202C08002058B110B52D
:107F20000C46094A11681831FFF78DF901212046E6
:107F3000FFF77EFD10BD4FF0500383F31188BFF3B0
:107F40006F8FBFF34F8FFEE72C08002038B5C36852
:107F5000DC6824B304F118052846FFF78DF9184BA7
:107F60001B682BBB251D2846FFF786F9E06A012315
:107F70008340144A11680B43136000EB80002946CC
:107F8000114B03EB8000FFF753F9E26A0F4B1B68BC
:107F9000DB6A9A4211D901200D4B186038BD4FF0B1
:107FA000500383F31188BFF36F8FBFF34F8FFEE74A
:107FB00029460848FFF73CF9E7E70020EEE700BF55
:107FC0000407002024070020A00700202C08002020
:107FD000180700205C070020034B1B680360034B5D
:107FE0001B684360704700BF14070020280700206B
:107FF000D8B170B50C46054601B300F06BFA1B4BC7
:1080000019686B68C81A2268B2F1FF3F27D0184E72
:108010003668D5F800C0B44501D08B4224D98242DD
:1080200015D80023236001241AE04FF0500383F396
:108030001188BFF36F8FBFF34F8FFEE74FF05003F0
:1080400083F31188BFF36F8FBFF34F8FFEE75B1A87
:10805000134423602846FFF7BFFF002400E00024FC
:1080600000F05AFA204670BD0124F9E728070020E5
:1080700014070020014B01221A60704718070020E6
:10808000054B1B6833B1054B1B680BB100207047D3
:1080900002207047012070472007002004070020BD
:1080A00000284BD038B50446264B1B68834208D0C5
:1080B0004FF0500383F31188BFF36F8FBFF34F8FDF
:1080C000FEE7836C43B94FF0500383F31188BFF38D
:1080D0006F8FBFF34F8FFEE7013B8364C16A426C31
:1080E00091422DD00BB1002038BD051D2846FFF769
:1080F000C3F868B9E36A03EB8302920012498A5815
:1081000032B901229A4011490B6823EA02030B603D
:10811000606CE062C0F10703A361012404FA00F37C
:108120000A4A11680B43136000EB80002946064B96
:1081300003EB8000FFF77CF82046D5E7002070476E
:108140000020D1E72C080020A007002024070020F1
:10815000842801D0033070470020704708B5FFF72E
:1081600021FD002008BD2DE9F04387B00E4644698B
:10817000C4B18569B5B14768D0F80080D0F81090D7
:10818000B0F90800FFF7E4FF029501940090334630
:108190004A4641463846FFF797FC0590059807B0D8
:1081A000BDE8F083446805680769B0F90800FFF787
:1081B000CFFF05AB019300903346BAB22946204663
:1081C000FFF7BDFC0128E9D00020E8E708B500B9B9
:1081D0000120FFF731FE002008BD0000124A12F016
:1081E000070F1ED0D11D21F00701C1F570531344B4
:1081F0000A460E480260002141601344083B23F008
:1082000007030B48036059601960991A51601360A5
:10821000084B1960084B1960084B4FF000421A6078
:1082200070474FF47053E4E75008002048080020DE
:10823000440800203C0800204008002030080020AE
:10824000154B1A461B688342FBD3516802EB010CA5
:10825000844509D0416800EB010C634509D00360F7
:10826000904218D010607047406801445160104639
:10827000F0E710B4094C2468A3420AD05B681944A3
:10828000416013681B680360904200D0106010BC0E
:1082900070470460F8E77047480800204408002051
:1082A00038B50446FFF7B8FC384B1B68B3B1384B00
:1082B0001B681C4250D1002C50D004F1080214F06D
:1082C000070F02D022F007020832002A55D0314BA6
:1082D0001B68934253D330490C6804E0FFF77EFFDC
:1082E000E5E721461C466368934202D22368002BCF
:1082F000F7D1264B1B68A34243D00D68083523688D
:108300000B6063689B1A102B10D9A01810F0070F90
:1083100008D04FF0500383F31188BFF36F8FBFF382
:108320004F8FFEE743606260FFF78AFF626819497A
:108330000B689B1A0B60194909688B4201D21749D7
:108340000B60134B1B681343636000232360144AC4
:1083500013680133136002E0002500E00025FFF7F9
:10836000EFFC15F0070F0ED04FF0500383F3118888
:10837000BFF36F8FBFF34F8FFEE70025EFE70025B8
:10838000EDE70025EBE7284638BD00BF4408002094
:108390003008002040080020480800203C08002049
:1083A00038080020002834D038B50446A0F108056C
:1083B00050F8043C174A1268134208D14FF050039A
:1083C00083F31188BFF36F8FBFF34F8FFEE750F831
:1083D000081C41B14FF0500383F31188BFF36F8F36
:1083E000BFF34F8FFEE723EA020340F8043CFFF798
:1083F00013FC54F8041C084A13680B441360284605
:10840000FFF71EFF054A136801331360FFF798FC5E
:1084100038BD704730080020400800203408002094
:1084200082B0002301930D4B1B68B3F1FF3F08D0CE
:108430004FF0500383F31188BFF36F8FBFF34F8F5B
:10844000FEE74FF0500383F31188BFF36F8FBFF344
:108450004F8F019B002BFCD002B07047D001002051
:1084600006480068006880F3088862B661B6BFF30A
:108470004F8FBFF36F8F00DF00BF000008ED00E0FB
:108480004FF0807340F8043C21F0010140F8081CD3
:10849000034B40F80C3C40F8202C4038704700BF9C
:1084A000218400080000000000000000000000001F
:1084B000074B19680868B0E8F00F80F30988BFF32C
:1084C0006F8F4FF0000080F311884EF00D0E704753
:1084D0002C0800204FF0500383F31188BFF36F8FF7
:1084E000BFF34F8F0B4A136801331360012B00D089
:1084F00070474FF0E023D3F8043D13F0FF0FF7D09F
:108500004FF0500383F31188BFF36F8FBFF34F8F8A
:10851000FEE700BFD0010020094B1B6843B94FF0B4
:10852000500383F31188BFF36F8FBFF34F8FFEE7C4
:10853000013B034A13600BB983F31188704700BFF6
:10854000D00100200000000000000000000000003A
:10855000EFF30980BFF36F8F0D4B1A6820E9F00F1E
:1085600010602DE908404FF0500080F31188FFF7AC
:1085700089FC4FF0000080F31188BDE808401968BD
:108580000868B0E8F00F80F30988BFF36F8F704779
:108590002C08002008B54FF0500383F31188BFF377
:1085A0006F8FBFF34F8FFFF73FFB28B14FF0E023F2
:1085B0004FF08052C3F8042D002383F3118808BDC7
:1085C0004FF0E022002313619361054B1B680549BE
:1085D000A1FB03139B09013B536107231361704700
:1085E000CC010020D34D621010B582B02A4B1A780E
:1085F000D2B20192FF221A701B78DBB28DF80330E1
:108600009DF8033003F05003244A1370244B0722D3
:108610001A6009E0224A1368013B13609DF8033099
:108620005B00DBB28DF803309DF8033013F0800F50
:10863000F0D11B4B1B68032B08D04FF0500383F382
:108640001188BFF36F8FBFF34F8FFEE71B02144AF1
:10865000136003F4E0631360019BDBB20E4A1370F6
:108660004FF0E023D3F8202D42F47002C3F8202D00
:10867000D3F8202D42F07042C3F8202DFFF7A0FF61
:108680000024084B1C60FFF7EBFEFFF7FBFBFFF736
:10869000C7FE204602B010BD00E400E054440020B4
:1086A00050440020D001002010B503460C4A0D496B
:1086B0000D48006840B10C4800680344521A9342C8
:1086C00006D8094A136010BD0748084C0460F2E759
:1086D000F8F732F80C2303604FF0FF30F3E700BFE8
:1086E000005000200004000058440020884400206E
:1086F0000120704708B5F8F71FF8162303604FF004
:10870000FF3008BD08B54FF0FF31FFF7F3FFFEE77C
:1087100070B50C461646002506E0AFF300802146F2
:1087200001F8010B01350C46B542F6DB304670BD51
:108730004FF0FF3070474FF400534B6000207047FC
:10874000012070470020704710B58CB0374B384C73
:108750001C6004225A6000229A60DA604FF44021C3
:1087600019614FF4801159611A765A769A76DA7641
:108770001A7701225A772F48F7F7A8FD2E4BDA69AE
:1087800042F00072DA61DB6903F000730193019B30
:10879000236823F0020323604FF6FF7300E01346C3
:1087A000234A526812F0020F02D05A1E002BF6D153
:1087B0001F4B5B6813F0020F23D020492048F9F7C4
:1087C000FFFF1A4800F098F8E8B91E48F7F77EFD59
:1087D000164800F091F8E0B9144800F08DF8F0B9AF
:1087E00000230793089301220992029303930493B1
:1087F000059306930A9202A90C4800F023F90CB0E5
:1088000010BD1149DAE71148F7F760FDFCF71CFCD1
:10881000DBE70E48F7F75AFDFCF716FCDCE70B48E0
:10882000F7F754FDFCF710FCDAE700BF5C440020CA
:108830000064004058910008001002404C9100086C
:1088400084910008AC910008549100089C910008A4
:1088500010B588B00023049305930693079302682C
:10886000224B9A4201D008B010BD03F5D633DA6925
:1088700022F40002DA619A6942F008029A619A6968
:1088800002F008020192019ADA6942F00072DA619C
:10889000DA6902F000720292029A9A6942F00102C9
:1088A0009A619B6903F001030393039B104A536889
:1088B00023F4C04343F0E06343F4804353604FF438
:1088C000807304930023059306930A4C04A9204661
:1088D000FDF70EFC4FF4007304930223059303236A
:1088E000079304A92046FDF703FCBCE700640040A1
:1088F00000000140000C0140002800F0A18038B5C4
:10890000044690F82030D3B12268136843F0010385
:108910001360FDF7A5F8054623685A6812F0010FA9
:1089200010D1FDF79DF8401B0A28F5D9636A43F47E
:1089300000336362052384F82030012038BDFFF73F
:1089400087FFE1E71A6822F002021A60FDF788F853
:10895000054623685A6812F0020F0DD0FDF780F823
:10896000401B0A28F5D9636A43F400336362052388
:1089700084F820300120E1E7227E012A3DD01A68E8
:1089800022F080021A60637E012B3BD022681368BC
:1089900023F040031360A37E012B39D022681368B3
:1089A00023F020031360E37E012B37D02268136885
:1089B00043F010031360237F012B35D02268136826
:1089C00023F008031360637F012B33D02268136800
:1089D00023F004031360A368E2681343226913437E
:1089E000626913436268013A21681343CB61002036
:1089F0006062012384F82030A0E71A6842F0800208
:108A00001A60C0E72268136843F040031360C2E7AE
:108A10002268136843F020031360C4E722681368D8
:108A200023F010031360C6E72268136843F00803BD
:108A30001360C8E72268136843F004031360CAE7B1
:108A400001207047026890F82030013BDBB2012B17
:108A500005D9436A43F4802343620120704710B56F
:108A6000D2F8003243F00103C2F800324B6903F040
:108A70001F03012000FA03F3D2F81C026FEA030C73
:108A800020EA0300C2F81C02C869C0B9D2F80C027F
:108A90000CEA0000C2F80C028C884869D1F80CE09E
:108AA00044EA0E44483042F830400C884869D1F816
:108AB00008E044EA0E44483002EBC0004460C86954
:108AC00001281AD0886988BBD2F804020CEA000099
:108AD000C2F80402086978BBD2F814020CEA00005C
:108AE000C2F81402096A01292CD0D2F8003223F00E
:108AF0000103C2F80032002010BDD2F80C02184366
:108B0000C2F80C028C884869D1F800E044EA0E44AF
:108B1000483042F830408C894869D1F808E044EA8E
:108B20000E44483002EBC0004460CBE7D2F80402A8
:108B30001843C2F80402CDE7D2F814021843C2F871
:108B40001402CFE7D2F81C120B43C2F81C32CCE758
:108B500070B5044690F82050EDB2012D06D0436A5E
:108B600043F4002343620125284670BD022380F8A8
:108B700020300268136823F001031360FCF770FFD4
:108B8000064623685B6813F0010F0CD0FCF768FF02
:108B9000831B0A2BF5D9636A43F400336362052310
:108BA00084F82030E0E700256562DDE730B590F815
:108BB00020C00468A4680CF1FF3C5FFA8CFCBCF197
:108BC000010F62D814F0E05F59D0C4F3016C0124A6
:108BD00004FA0CF41C608B68002B3DD10D68CB6847
:108BE000046843EA45550CF118031B01E55003687E
:108BF0000C690CF1180E03EB0E135C600B7D012B5E
:108C000035D0D17993791B0443EA0163517943EA62
:108C1000012314790168234301EB0C11C1F88C3155
:108C2000D17893781B0443EA0163517843EA012326
:108C3000117802680B4302EB0C12C2F8883102680B
:108C40000CF1180C4FEA0C1C52F80C3043F00103E5
:108C500042F80C3000201DE04C6843EAC403CC68A5
:108C600023430CF11804240105682B51BFE7036866
:108C700003EB0E13596841F480715960C1E7436AF0
:108C800043F400134362012004E0436A43F4802369
:108C90004362012030BD90F82030013BDBB2012B54
:108CA00001D9002070470368986810F0806000D0F8
:108CB00001209A6812F0006F00D001309B6813F019
:108CC000805FEFD001307047FEF7A3FA0B480C49E4
:108CD0000C4A002302E0D458C4500433C4188C4218
:108CE000F9D3094A094C002301E013600432A2427F
:108CF000FBD3F7F77FFAFCF7DBF9704700000020A1
:108D0000D401002034930008D401002084440020C2
:108D1000FEE70000F8B500BFF8BC08BC9E467047EF
:0C8D2000F8B500BFF8BC08BC9E467047C8
:108D3000D09000088D5100080000000000000000E5
:108D4000000100000000000000000000C8900008C2
:108D5000E5510008000000000000000000010000D4
:108D60000000000000000000C09000082952000828
:108D700000000000000000000002000000000000F1
:108D800000000000000000000500000019000000C5
:108D90007D00000000000000000000000000F03F27
:108DA00000000000000024400000000000005940C6
:108DB0000000000000408F40000000000088C34019
:108DC00000000000006AF8400000000080842E418E
:108DD00000000000D01263410000000084D79741DA
:108DE0000000000065CDCD41000000205FA00242E0
:108DF000000000E876483742000000A2941A6D4255
:108E0000000040E59C30A2420000901EC4BCD64247
:108E100000003426F56B0C430080E03779C34143F2
:108E200000A0D8855734764300C84E676DC1AB4368
:108E3000003D9160E458E143408CB5781DAF154486
:108E400050EFE2D6E41A4B4492D54D06CFF0804461
:108E5000F64AE1C7022DB544B49DD9794378EA4476
:108E6000BC89D897B2D29C3C33A7A8D523F6493900
:108E70003DA7F444FD0FA5329D978CCF08BA5B2522
:108E8000436FAC642806C80A0080E03779C34143C9
:108E9000176E05B5B5B89346F5F93FE9034F384D60
:108EA000321D30F94877825A3CBF737FDD4F15750C
:108EB00000202020202020202020282828282820AA
:108EC00020202020202020202020202020202020A2
:108ED000208810101010101010101010101010100A
:108EE00010040404040404040404041010101010FA
:108EF00010104141414141410101010101010101C4
:108F00000101010101010101010101011010101015
:108F10001010424242424242020202020202020295
:108F200002020202020202020202020210101010E9
:108F30002000000000000000000000000000000011
:108F40000000000000000000000000000000000021
:108F50000000000000000000000000000000000011
:108F60000000000000000000000000000000000001
:108F700000000000000000000000000000000000F1
:108F800000000000000000000000000000000000E1
:108F900000000000000000000000000000000000D1
:108FA00000000000000000000000000000000000C1
:108FB000000000000000803F6042A20D0D0A3D3D10
:108FC0003D2053495354454D4120494E4943494161
:108FD000444F203D3D3D0D0043414E20737461726E
:108FE000746564204F4B0D0043414E2073746172D1
:108FF00074204552524F520D0000000046726565C4
:1090000052544F5320696E6974204F4B0D0000007D
:1090100041637175697265207461736B207374614B
:10902000727465640D0000005061636B61676520B8
:109030007461736B20737461727465640D00000059
:10904000547843414E207461736B20737461727461
:1090500065640D005B43414E2054585D20524D53D2
:1090600020202049443D3078313031202056616C39
:109070003D252E32660D0A005B43414E2054585D5B
:109080002043524553542049443D307831303220FA
:109090002056616C3D252E32660D0A005B43414E21
:1090A0002054585D205045414B202049443D3078A4
:1090B000313033202056616C3D252E32660D0A007A
:1090C000747843414E0000007061636B6167650016
:1090D00061637175697265005B43414E2053454E73
:1090E000445D2049443D3078253033582020444C9D
:1090F000433D25642020444154413D2530325820D1
:109100002530325820253032582025303258202042
:1091100028252E3366290D0A000000005B43414ECE
:109120002054585D204552524F5220616C20656E8C
:10913000766961722049443D3078253033580D0AF4
:109140000000000049444C450000000046414C4CE2
:10915000C39300004F4B0000496E696369616E6400
:109160006F2073656375656E636961206465206453
:1091700065737065727461722043414E2E2E2E0D00
:109180000000000053616C69646120646520536CC9
:109190006565703A2025730D0A0000004552524F54
:1091A000522043414E20494E49540D0043414E2028
:1091B000494E495420657869746F736F210D000022
:1091C000494E4600696E66004E414E006E616E006B
:1091D00030000000496E66696E6974790000000015
:1091E0004E614E005245454E54206D616C6C6F636C
:1091F0002073756363656564656400002E2E2F2EF1
:109200002E2F2E2E2F2E2E2F2E2E2F2E2E2F6E6502
:10921000776C69622F6C6962632F7374646C696226
:109220002F64746F612E630042616C6C6F632073F6
:109230007563636565646564000000003031323336
:109240003435363738394142434445460000000042
:1092500030313233343536373839616263646566AC
:1092600000000000232D302B20000000686C4C0013
:1092700065666745464700002C2066756E63746915
:109280006F6E3A2000000000617373657274696F3D
:109290006E2022257322206661696C65643A20661F
:1092A000696C6520222573222C206C696E6520254F
:1092B00064257325730A00002E2E2F2E2E2F2E2E9E
:1092C0002F2E2E2F2E2E2F2E2E2F6E65776C69624D
:1092D0002F6C6962632F7374646C69622F6D707296
:1092E00065632E630000000043000000504F5349A7
:1092F000580000002E0000000102000002030405D7
:10930000060708090A0B0C0D0E0F101000000000D4
:109310000102030400000000000000000102030439
:04932000060708092B
:08932400188EFF7F010000001C
:04932C0079010008BB
:0493300051010008DF
:109334000000000003000000F001002010000020E5
:1093440000000000F001002058020020C0020020AC
:109354000000000000000000000000000000000009
:1093640000000000000000000000000000000000F9
:1093740000000000000000000000000000000000E9
:109384000000000000000000000000004300000096
:1093940000000000000000000000000000000000C9
:1093A4000000000000000000000000004300000076
:1093B40000000000000000000000000000000000A9
:1093C4000000000000000000000000004300000056
:1093D4000000000000000000000000000000000089
:1093E4000000000000000000000000004300000036
:1093F4000000000000000000000000000000000069
:109404000000000000000000000000004300000015
:109414000000000000000000000000000000000048
:1094240000000000000000000000000043000000F5
:109434000000000000000000000000000000000028
:1094440000000000000000000000000043000000D5
:109454000000000000000000000000000000000008
:10946400000000000000000000000000D53B0008E0
:10947400693D000800000000B08E0008F492000866
:109484001891000818910008189100081891000814
:109494001891000818910008189100081891000804
:1094A40018910008FFFFFFFFFFFFFFFFFFFFFFFF13
:1094B400FFFF000001004153434949000000000040
:1094C4000000000000000000000000000000000098
:1094D400000000000000415343494900000000001F
:1094E4000000000000000000000000000000000078
:1094F40000000000000000001000000000127A00CC
:04950400AAAAAAAABB
:0400000508008CC99A
:00000001FF
